set_key,year,brand,product,player_name_key,player_name_display,card_count,section_count,sections,affiliation_count,affiliations
2024_topps_series1,2024,Topps,Series 1,(rc),(RC),1,1,Base,1,Milwaukee Brewers	RC
2024_topps_series1,2024,Topps,Series 1,aaron civale,Aaron Civale,1,2,Base|Team Color Border Variations,1,Tampa Bay Rays
2024_topps_series1,2024,Topps,Series 1,aaron judge,Aaron Judge,23,24,1989 Topps Baseball|1989 Topps Baseball Autographs|1989 Topps Baseball Chrome Silver Packs|1989 Topps Baseball Chrome Silver Packs Autographs|1989 Topps Baseball Foil Mega Box|1989 Topps Baseball Relics|2023 Greatest Hits|Base|Baseball Stars Dual Autographs|Companion Cards|Heavy Lumber|Heavy Lumber Autograph Relics|Home Run Challenge Code|Home Sweet Home Stadium Medallions|Home Sweet Home Stadium Medallions Autographs|Major League Material|Oversized 2024 Topps Baseball|Stars of MLB|Stars of MLB Chrome|Superstar Blueprint|Superstar Blueprint Autographs|Team Color Border Variations|Topps Mega Star|Topps Reverence Autograph Patch,2,New York Yankees|New York Yankees	- Checklist
2024_topps_series1,2024,Topps,Series 1,aaron nola,Aaron Nola,6,6,1989 Topps Baseball Relics|Major League Material|Major League Material Autographs|Postseason Performance Autograph Relics|Postseason Performance Autographs|Postseason Performance Relics,1,Philadelphia Phillies
2024_topps_series1,2024,Topps,Series 1,abner uribe,Abner Uribe,2,3,1989 Topps Baseball Autographs|Base|Team Color Border Variations,2,Milwaukee Brewers|Milwaukee Brewers	RC
2024_topps_series1,2024,Topps,Series 1,adbert alzolay,Adbert Alzolay,1,2,Base|Team Color Border Variations,1,Chicago Cubs
2024_topps_series1,2024,Topps,Series 1,adley rutschman,Adley Rutschman,24,26,1989 Topps Baseball|1989 Topps Baseball Autographs|1989 Topps Baseball Chrome Silver Packs|1989 Topps Baseball Foil Mega Box|1989 Topps Baseball Relics|2023 All-Topps Team|2023 All-Topps Team Autographs|Base|Companion Cards|Heavy Lumber|Home Run Challenge Code|Home Sweet Home Stadium Medallions|Home Sweet Home Stadium Medallions Autographs|In the Name Relics|Major League Material Autographs|Oversized 2024 Topps Baseball|Postseason Performance Autograph Relics|Postseason Performance Autographs|Postseason Performance Relics|Stars of MLB|Stars of MLB Chrome|Superstar Blueprint|Superstar Blueprint Autographs|Team Color Border Variations|Topps Mega Star|Topps Reverence Autograph Patch,1,Baltimore Orioles
2024_topps_series1,2024,Topps,Series 1,adolis garcía,Adolis García,14,15,1989 Topps Baseball|1989 Topps Baseball Chrome Silver Packs|1989 Topps Baseball Chrome Silver Packs Autographs|1989 Topps Baseball Foil Mega Box|2023 Greatest Hits|Base|In the Name Relics|Major League Material Autographs|Postseason Performance Autograph Relics|Postseason Performance Autographs|Postseason Performance Relics|Team Color Border Variations|World Champion Autographs|World Champion Relics|World Series Champion Autograph Relics,6,Chicago White Sox	- League Leaders|Houston Astros	- League Leaders|Los Angeles Angels	- League Leaders|Seattle Mariners	- League Leaders|Texas Rangers|Texas Rangers	- League Leaders
2024_topps_series1,2024,Topps,Series 1,adrián beltré,Adrián Beltré,2,2,1989 Topps Baseball Relics|Topps Reverence Autograph Patch,1,Texas Rangers
2024_topps_series1,2024,Topps,Series 1,aj smith-shawver,AJ Smith-Shawver,5,8,1989 Topps Baseball|1989 Topps Baseball Autographs|1989 Topps Baseball Chrome Silver Packs|1989 Topps Baseball Chrome Silver Packs Autographs|1989 Topps Baseball Foil Mega Box|Base|Baseball Stars Autographs|Team Color Border Variations,2,Atlanta Braves|Atlanta Braves	RC
2024_topps_series1,2024,Topps,Series 1,al kaline,Al Kaline,1,1,Cut Signatures,1,Detroit Tigers	1/1
2024_topps_series1,2024,Topps,Series 1,albert pujols,Albert Pujols,3,5,1989 Topps Baseball|1989 Topps Baseball Chrome Silver Packs|1989 Topps Baseball Chrome Silver Packs Autographs|1989 Topps Baseball Foil Mega Box|1989 Topps Baseball Relics,1,St. Louis Cardinals
2024_topps_series1,2024,Topps,Series 1,alec bohm,Alec Bohm,1,2,Base|Team Color Border Variations,1,Philadelphia Phillies
2024_topps_series1,2024,Topps,Series 1,alec marsh,Alec Marsh,2,3,1989 Topps Baseball Autographs|Base|Team Color Border Variations,2,Kansas City Royals|Kansas City Royals	RC
2024_topps_series1,2024,Topps,Series 1,alek thomas,Alek Thomas,5,6,Base|Baseball Stars Autographs|Postseason Performance Autograph Relics|Postseason Performance Autographs|Postseason Performance Relics|Team Color Border Variations,1,Arizona Diamondbacks
2024_topps_series1,2024,Topps,Series 1,alex bregman,Alex Bregman,9,10,1989 Topps Baseball Relics|Base|City Connection Swatch Collection|Home Sweet Home Stadium Medallions|Home Sweet Home Stadium Medallions Autographs|Major League Material|Postseason Performance Autograph Relics|Postseason Performance Autographs|Postseason Performance Relics|Team Color Border Variations,1,Houston Astros
2024_topps_series1,2024,Topps,Series 1,alex cobb,Alex Cobb,1,1,In the Name Relics,1,San Francisco Giants
2024_topps_series1,2024,Topps,Series 1,alex kirilloff,Alex Kirilloff,2,3,Base|Baseball Stars Autographs|Team Color Border Variations,1,Minnesota Twins
2024_topps_series1,2024,Topps,Series 1,alex rodriguez,Alex Rodriguez,1,1,1989 Topps Baseball Relics,1,New York Yankees
2024_topps_series1,2024,Topps,Series 1,alex verdugo,Alex Verdugo,1,2,Base|Team Color Border Variations,1,Boston Red Sox
2024_topps_series1,2024,Topps,Series 1,alexis díaz,Alexis Díaz,2,3,Base|In the Name Relics|Team Color Border Variations,1,Cincinnati Reds
2024_topps_series1,2024,Topps,Series 1,alika williams,Alika Williams,1,2,Base|Team Color Border Variations,2,Pittsburgh Pirates|Pittsburgh Pirates	RC
2024_topps_series1,2024,Topps,Series 1,andre dawson,Andre Dawson,1,1,1989 Topps Baseball Autographs,1,Chicago Cubs
2024_topps_series1,2024,Topps,Series 1,andrew abbott,Andrew Abbott,5,8,1989 Topps Baseball|1989 Topps Baseball Autographs|1989 Topps Baseball Chrome Silver Packs|1989 Topps Baseball Chrome Silver Packs Autographs|1989 Topps Baseball Foil Mega Box|Base|Baseball Stars Autographs|Team Color Border Variations,2,Cincinnati Reds|Cincinnati Reds	RC
2024_topps_series1,2024,Topps,Series 1,andrew benintendi,Andrew Benintendi,1,2,Base|Team Color Border Variations,1,Chicago White Sox
2024_topps_series1,2024,Topps,Series 1,andrew mccutchen,Andrew McCutchen,6,7,1989 Topps Baseball|1989 Topps Baseball Chrome Silver Packs|1989 Topps Baseball Foil Mega Box|1989 Topps Baseball Relics|Home Sweet Home Stadium Medallions|Homefield Advantage|Superstar Blueprint,1,Pittsburgh Pirates
2024_topps_series1,2024,Topps,Series 1,andrew vaughn,Andrew Vaughn,1,2,Base|Team Color Border Variations,1,Chicago White Sox
2024_topps_series1,2024,Topps,Series 1,andruw jones,Andruw Jones,1,1,1989 Topps Baseball Autographs,1,Atlanta Braves
2024_topps_series1,2024,Topps,Series 1,andruw monasterio,Andruw Monasterio,1,2,Base|Team Color Border Variations,1,Milwaukee Brewers
2024_topps_series1,2024,Topps,Series 1,andrés giménez,Andrés Giménez,1,2,Base|Team Color Border Variations,1,Cleveland Guardians
2024_topps_series1,2024,Topps,Series 1,andy ibáñez,Andy Ibáñez,1,2,Base|Team Color Border Variations,1,Detroit Tigers
2024_topps_series1,2024,Topps,Series 1,andy pettitte,Andy Pettitte,1,1,1989 Topps Baseball Relics,1,New York Yankees
2024_topps_series1,2024,Topps,Series 1,anthony rizzo,Anthony Rizzo,9,12,1989 Topps Baseball|1989 Topps Baseball Autographs|1989 Topps Baseball Chrome Silver Packs|1989 Topps Baseball Chrome Silver Packs Autographs|1989 Topps Baseball Foil Mega Box|1989 Topps Baseball Relics|Base|Baseball Stars Dual Autographs|Major League Material|Major League Material Autographs|Team Color Border Variations|Topps Reverence Autograph Patch,1,New York Yankees
2024_topps_series1,2024,Topps,Series 1,anthony santander,Anthony Santander,1,1,City Connection Swatch Collection,1,Baltimore Orioles
2024_topps_series1,2024,Topps,Series 1,anthony volpe,Anthony Volpe,5,6,1989 Topps Baseball Autographs|Base|Major League Material|Social Media Follow Back Redemptions|Team Color Border Variations|Topps Reverence Autograph Patch,2,New York Yankees|New York Yankees	- Future Stars
2024_topps_series1,2024,Topps,Series 1,aroldis chapman,Aroldis Chapman,5,5,Postseason Performance Autograph Relics|Postseason Performance Autographs|World Champion Autographs|World Champion Relics|World Series Champion Autograph Relics,1,Texas Rangers
2024_topps_series1,2024,Topps,Series 1,atlanta braves,Atlanta Braves,1,1,Base,1,Atlanta Braves	- Team Card
2024_topps_series1,2024,Topps,Series 1,austin gomber,Austin Gomber,1,1,Base,1,Colorado Rockies
2024_topps_series1,2024,Topps,Series 1,austin hays,Austin Hays,2,3,Base|In the Name Relics|Team Color Border Variations,1,Baltimore Orioles
2024_topps_series1,2024,Topps,Series 1,austin riley,Austin Riley,4,4,In the Name Relics|Major League Material|Postseason Performance Relics|Topps Reverence Autograph Patch,1,Atlanta Braves
2024_topps_series1,2024,Topps,Series 1,austin wells,Austin Wells,2,2,1989 Topps Baseball Autographs|Baseball Stars Autographs,1,New York Yankees
2024_topps_series1,2024,Topps,Series 1,babe ruth,Babe Ruth,1,1,Cut Signatures,1,New York Yankees	1/1
2024_topps_series1,2024,Topps,Series 1,bailey ober,Bailey Ober,1,2,Base|Team Color Border Variations,1,Minnesota Twins
2024_topps_series1,2024,Topps,Series 1,baltimore orioles,Baltimore Orioles,1,1,Base,1,Baltimore Orioles	- Team Card
2024_topps_series1,2024,Topps,Series 1,barry larkin,Barry Larkin,5,7,1989 Topps Baseball|1989 Topps Baseball Autographs|1989 Topps Baseball Chrome Silver Packs|1989 Topps Baseball Chrome Silver Packs Autographs|1989 Topps Baseball Foil Mega Box|1989 Topps Baseball Relics|Baseball Stars Dual Autographs,1,Cincinnati Reds
2024_topps_series1,2024,Topps,Series 1,bernie williams,Bernie Williams,1,1,1989 Topps Baseball Autographs,1,New York Yankees
2024_topps_series1,2024,Topps,Series 1,bill dickey,Bill Dickey,1,1,Cut Signatures,1,New York Yankees	1/1
2024_topps_series1,2024,Topps,Series 1,billy herman,Billy Herman,1,1,Cut Signatures,1,Chicago Cubs	1/1
2024_topps_series1,2024,Topps,Series 1,blake snell,Blake Snell,4,4,2023 All-Topps Team|2023 All-Topps Team Autographs|Base|Major League Material Autographs,4,Chicago Cubs	- League Leaders|New York Mets	- League Leaders|San Diego Padres|San Diego Padres	- League Leaders
2024_topps_series1,2024,Topps,Series 1,bo bichette,Bo Bichette,9,10,1989 Topps Baseball|1989 Topps Baseball Chrome Silver Packs|1989 Topps Baseball Foil Mega Box|1989 Topps Baseball Relics|Base|Home Run Challenge Code|Home Sweet Home Stadium Medallions|In the Name Relics|Postseason Performance Relics|Superstar Blueprint,4,Tampa Bay Rays	- League Leaders|Texas Rangers	- League Leaders|Toronto Blue Jays|Toronto Blue Jays	- League Leaders
2024_topps_series1,2024,Topps,Series 1,bo jackson,Bo Jackson,5,6,1989 Topps Baseball|1989 Topps Baseball Autographs|1989 Topps Baseball Chrome Silver Packs|1989 Topps Baseball Chrome Silver Packs Autographs|1989 Topps Baseball Foil Mega Box|Baseball Stars Dual Autographs,1,Kansas City Royals
2024_topps_series1,2024,Topps,Series 1,bo naylor,Bo Naylor,2,3,1989 Topps Baseball Relics|Base|Team Color Border Variations,2,Cleveland Guardians|Cleveland Guardians	- Future Stars
2024_topps_series1,2024,Topps,Series 1,bob feller,Bob Feller,2,2,Cut Signatures|Grand Gamers,2,Cleveland|Cleveland	1/1
2024_topps_series1,2024,Topps,Series 1,bob gibson,Bob Gibson,2,2,Cut Signatures|Legendary Homefield Advantage,2,St. Louis Cardinals|St. Louis Cardinals	1/1
2024_topps_series1,2024,Topps,Series 1,bobby miller,Bobby Miller,1,2,Base|Team Color Border Variations,1,Los Angeles Dodgers	- Future Stars
2024_topps_series1,2024,Topps,Series 1,bobby witt jr.,Bobby Witt Jr.,23,23,1989 Topps Baseball|1989 Topps Baseball Chrome Silver Packs|1989 Topps Baseball Chrome Silver Packs Autographs|1989 Topps Baseball Foil Mega Box|1989 Topps Baseball Relics|2023 Greatest Hits|2023 Greatest Hits Autographs|Base|Baseball Stars Dual Autographs|Companion Cards|Heavy Lumber|Home Run Challenge Code|Home Sweet Home Stadium Medallions|Home Sweet Home Stadium Medallions Autographs|Homefield Advantage|Major League Material|Major League Material Autographs|Oversized 2024 Topps Baseball|Stars of MLB|Stars of MLB Chrome|Superstar Blueprint|Superstar Blueprint Autographs|Team Color Border Variations,1,Kansas City Royals
2024_topps_series1,2024,Topps,Series 1,boston red sox,Boston Red Sox,1,1,Base,1,Boston Red Sox	- Team Card
2024_topps_series1,2024,Topps,Series 1,brad keller,Brad Keller,1,1,Base,1,Kansas City Royals
2024_topps_series1,2024,Topps,Series 1,brady singer,Brady Singer,1,2,Base|Team Color Border Variations,1,Kansas City Royals
2024_topps_series1,2024,Topps,Series 1,brandon crawford,Brandon Crawford,3,3,1989 Topps Baseball Relics|City Connection Swatch Collection|Major League Material,1,San Francisco Giants
2024_topps_series1,2024,Topps,Series 1,brandon marsh,Brandon Marsh,4,5,Base|Postseason Performance Autograph Relics|Postseason Performance Autographs|Postseason Performance Relics|Team Color Border Variations,1,Philadelphia Phillies
2024_topps_series1,2024,Topps,Series 1,brandon nimmo,Brandon Nimmo,1,2,Base|Team Color Border Variations,1,New York Mets
2024_topps_series1,2024,Topps,Series 1,brandon pfaadt,Brandon Pfaadt,1,1,Postseason Performance Autographs,1,Arizona Diamondbacks
2024_topps_series1,2024,Topps,Series 1,brandon walter,Brandon Walter,2,3,1989 Topps Baseball Autographs|Base|Team Color Border Variations,2,Boston Red Sox|Boston Red Sox	RC
2024_topps_series1,2024,Topps,Series 1,brandon woodruff,Brandon Woodruff,2,3,1989 Topps Baseball Autographs|Base|Team Color Border Variations,1,Milwaukee Brewers
2024_topps_series1,2024,Topps,Series 1,braxton garrett,Braxton Garrett,1,2,Base|Team Color Border Variations,1,Miami Marlins
2024_topps_series1,2024,Topps,Series 1,brendan donovan,Brendan Donovan,2,3,Base|Baseball Stars Autographs|Team Color Border Variations,1,St. Louis Cardinals
2024_topps_series1,2024,Topps,Series 1,brendan rodgers,Brendan Rodgers,1,2,Base|Team Color Border Variations,1,Colorado Rockies
2024_topps_series1,2024,Topps,Series 1,brendan white,Brendan White,1,2,Base|Team Color Border Variations,2,Detroit Tigers|Detroit Tigers	RC
2024_topps_series1,2024,Topps,Series 1,brent rooker,Brent Rooker,1,2,Base|Team Color Border Variations,1,Oakland Athletics
2024_topps_series1,2024,Topps,Series 1,brenton doyle,Brenton Doyle,1,1,Baseball Stars Autographs,1,Colorado Rockies
2024_topps_series1,2024,Topps,Series 1,brooks robinson,Brooks Robinson,1,1,Baseball Stars Dual Autographs,1,Baltimore Orioles
2024_topps_series1,2024,Topps,Series 1,brusdar graterol,Brusdar Graterol,1,2,Base|Team Color Border Variations,1,Los Angeles Dodgers
2024_topps_series1,2024,Topps,Series 1,bryan abreu,Bryan Abreu,2,2,Baseball Stars Autographs|Postseason Performance Autographs,1,Houston Astros
2024_topps_series1,2024,Topps,Series 1,bryan de la cruz,Bryan De La Cruz,1,2,Base|Team Color Border Variations,1,Miami Marlins
2024_topps_series1,2024,Topps,Series 1,bryan reynolds,Bryan Reynolds,1,1,Major League Material,1,Pittsburgh Pirates
2024_topps_series1,2024,Topps,Series 1,bryan woo,Bryan Woo,5,8,1989 Topps Baseball|1989 Topps Baseball Autographs|1989 Topps Baseball Chrome Silver Packs|1989 Topps Baseball Chrome Silver Packs Autographs|1989 Topps Baseball Foil Mega Box|Base|Baseball Stars Autographs|Team Color Border Variations,2,Seattle Mariners|Seattle Mariners	RC
2024_topps_series1,2024,Topps,Series 1,bryce elder,Bryce Elder,2,3,Base|Baseball Stars Autographs|Team Color Border Variations,1,Atlanta Braves
2024_topps_series1,2024,Topps,Series 1,bryce harper,Bryce Harper,24,25,1989 Topps Baseball|1989 Topps Baseball Autographs|1989 Topps Baseball Chrome Silver Packs|1989 Topps Baseball Chrome Silver Packs Autographs|1989 Topps Baseball Foil Mega Box|1989 Topps Baseball Relics|Base|Baseball Stars Dual Autographs|Companion Cards|Heavy Lumber|Home Run Challenge Code|Home Sweet Home Stadium Medallions|Home Sweet Home Stadium Medallions Autographs|Major League Material|Oversized 2024 Topps Baseball|Postseason Performance Autograph Relics|Postseason Performance Autographs|Postseason Performance Relics|Stars of MLB|Stars of MLB Chrome|Superstar Blueprint|Superstar Blueprint Autographs|Team Color Border Variations|Topps Mega Star|Topps Reverence Autograph Patch,2,Philadelphia Phillies|Philadelphia Phillies	- Checklist
2024_topps_series1,2024,Topps,Series 1,bryson stott,Bryson Stott,4,5,Base|Postseason Performance Autograph Relics|Postseason Performance Autographs|Postseason Performance Relics|Team Color Border Variations,1,Philadelphia Phillies
2024_topps_series1,2024,Topps,Series 1,bsa-ct,BSA-CT,1,0,,1,Chris Taylor
2024_topps_series1,2024,Topps,Series 1,burleigh grimes,Burleigh Grimes,1,1,Cut Signatures,1,Brooklyn Dodgers	1/1
2024_topps_series1,2024,Topps,Series 1,buster posey,Buster Posey,6,7,1989 Topps Baseball|1989 Topps Baseball Chrome Silver Packs|1989 Topps Baseball Foil Mega Box|1989 Topps Baseball Relics|Baseball Stars Dual Autographs|Grand Gamers|Grand Gamers Autographs,1,San Francisco Giants
2024_topps_series1,2024,Topps,Series 1,byron buxton,Byron Buxton,15,18,1989 Topps Baseball|1989 Topps Baseball Autographs|1989 Topps Baseball Chrome Silver Packs|1989 Topps Baseball Chrome Silver Packs Autographs|1989 Topps Baseball Foil Mega Box|1989 Topps Baseball Relics|Base|Baseball Stars Autographs|Companion Cards|Heavy Lumber|Heavy Lumber Autograph Relics|Home Run Challenge Code|Home Sweet Home Stadium Medallions|Home Sweet Home Stadium Medallions Autographs|Major League Material Autographs|Oversized 2024 Topps Baseball|Team Color Border Variations|Topps Reverence Autograph Patch,1,Minnesota Twins
2024_topps_series1,2024,Topps,Series 1,cade marlowe,Cade Marlowe,2,3,1989 Topps Baseball Autographs|Base|Team Color Border Variations,2,Seattle Mariners|Seattle Mariners	RC
2024_topps_series1,2024,Topps,Series 1,cal raleigh,Cal Raleigh,1,2,Base|Team Color Border Variations,1,Seattle Mariners
2024_topps_series1,2024,Topps,Series 1,cal ripken jr.,Cal Ripken Jr.,9,9,1989 Topps Baseball|1989 Topps Baseball Autographs|1989 Topps Baseball Chrome Silver Packs|1989 Topps Baseball Foil Mega Box|1989 Topps Baseball Relics|Baseball Stars Dual Autographs|Grand Gamers|Grand Gamers Autographs|Topps Reverence Autograph Patch,1,Baltimore Orioles
2024_topps_series1,2024,Topps,Series 1,camilo doval,Camilo Doval,2,3,Base|In the Name Relics|Team Color Border Variations,1,San Francisco Giants
2024_topps_series1,2024,Topps,Series 1,carl yastrzemski,Carl Yastrzemski,2,2,Grand Gamers|Grand Gamers Autographs,1,Boston Red Sox
2024_topps_series1,2024,Topps,Series 1,carlos correa,Carlos Correa,6,7,1989 Topps Baseball|1989 Topps Baseball Foil Mega Box|1989 Topps Baseball Relics|Base|Major League Material|Postseason Performance Relics|Social Media Follow Back Redemptions,2,Minnesota Twins|Minnesota Twins	- Checklist
2024_topps_series1,2024,Topps,Series 1,carlos estévez,Carlos Estévez,1,1,In the Name Relics,1,Los Angeles Angels
2024_topps_series1,2024,Topps,Series 1,carlton fisk,Carlton Fisk,1,1,1989 Topps Baseball Autographs,1,Chicago White Sox
2024_topps_series1,2024,Topps,Series 1,carmen mlodzinski,Carmen Mlodzinski,1,2,Base|Team Color Border Variations,2,Pittsburgh Pirates|Pittsburgh Pirates	RC
2024_topps_series1,2024,Topps,Series 1,casey schmitt,Casey Schmitt,1,1,Baseball Stars Autographs,1,San Francisco Giants
2024_topps_series1,2024,Topps,Series 1,cavan biggio,Cavan Biggio,1,2,Base|Team Color Border Variations,1,Toronto Blue Jays
2024_topps_series1,2024,Topps,Series 1,cc sabathia,CC Sabathia,2,2,1989 Topps Baseball Relics|Topps Reverence Autograph Patch,1,New York Yankees
2024_topps_series1,2024,Topps,Series 1,ceddanne rafaela,Ceddanne Rafaela,4,7,1989 Topps Baseball|1989 Topps Baseball Chrome Silver Packs|1989 Topps Baseball Chrome Silver Packs Autographs|1989 Topps Baseball Foil Mega Box|Base|Baseball Stars Autographs|Team Color Border Variations,2,Boston Red Sox|Boston Red Sox	RC
2024_topps_series1,2024,Topps,Series 1,cedric mullins,Cedric Mullins,1,1,1989 Topps Baseball Autographs,1,Baltimore Orioles
2024_topps_series1,2024,Topps,Series 1,charlie blackmon,Charlie Blackmon,1,1,City Connection Swatch Collection,1,Colorado Rockies
2024_topps_series1,2024,Topps,Series 1,charlie gehringer,Charlie Gehringer,1,1,Cut Signatures,1,Detroit Tigers	1/1
2024_topps_series1,2024,Topps,Series 1,charlie morton,Charlie Morton,1,2,Base|Team Color Border Variations,1,Atlanta Braves
2024_topps_series1,2024,Topps,Series 1,chas mccormick,Chas McCormick,6,7,2023 Greatest Hits|2023 Greatest Hits Autographs|Base|Postseason Performance Autograph Relics|Postseason Performance Autographs|Postseason Performance Relics|Team Color Border Variations,1,Houston Astros
2024_topps_series1,2024,Topps,Series 1,chicago cubs,Chicago Cubs,1,1,Base,1,Chicago Cubs	- Team Card
2024_topps_series1,2024,Topps,Series 1,chipper jones,Chipper Jones,7,8,1989 Topps Baseball|1989 Topps Baseball Autographs|1989 Topps Baseball Chrome Silver Packs|1989 Topps Baseball Chrome Silver Packs Autographs|1989 Topps Baseball Foil Mega Box|1989 Topps Baseball Relics|Baseball Stars Dual Autographs|Topps Reverence Autograph Patch,1,Atlanta Braves
2024_topps_series1,2024,Topps,Series 1,chris bassitt,Chris Bassitt,1,1,Base,3,New York Yankees	- League Leaders|Tampa Bay Rays	- League Leaders|Toronto Blue Jays	- League Leaders
2024_topps_series1,2024,Topps,Series 1,chris murphy,Chris Murphy,1,2,Base|Team Color Border Variations,2,Boston Red Sox|Boston Red Sox	RC
2024_topps_series1,2024,Topps,Series 1,chris taylor,Chris Taylor,1,2,Base|Team Color Border Variations,1,Los Angeles Dodgers
2024_topps_series1,2024,Topps,Series 1,christian bethancourt,Christian Bethancourt,1,1,Base,1,Tampa Bay Rays
2024_topps_series1,2024,Topps,Series 1,christian encarnacion-stra,Christian Encarnacion-Stra,6,9,1989 Topps Baseball|1989 Topps Baseball Chrome Silver Packs|1989 Topps Baseball Chrome Silver Packs Autographs|1989 Topps Baseball Foil Mega Box|Base|Baseball Stars Autographs|Stars of MLB|Stars of MLB Chrome|Team Color Border Variations,2,Cincinnati Reds|Cincinnati Reds	RC
2024_topps_series1,2024,Topps,Series 1,christian walker,Christian Walker,4,5,Base|Postseason Performance Autograph Relics|Postseason Performance Autographs|Postseason Performance Relics|Team Color Border Variations,1,Arizona Diamondbacks
2024_topps_series1,2024,Topps,Series 1,christian yelich,Christian Yelich,16,19,1989 Topps Baseball|1989 Topps Baseball Autographs|1989 Topps Baseball Chrome Silver Packs|1989 Topps Baseball Chrome Silver Packs Autographs|1989 Topps Baseball Foil Mega Box|1989 Topps Baseball Relics|Base|City Connection Swatch Collection|Companion Cards|Home Sweet Home Stadium Medallions|Home Sweet Home Stadium Medallions Autographs|Major League Material|Major League Material Autographs|Oversized 2024 Topps Baseball|Postseason Performance Autograph Relics|Postseason Performance Autographs|Postseason Performance Relics|Team Color Border Variations|Topps Reverence Autograph Patch,1,Milwaukee Brewers
2024_topps_series1,2024,Topps,Series 1,christopher morel,Christopher Morel,10,13,1989 Topps Baseball|1989 Topps Baseball Chrome Silver Packs|1989 Topps Baseball Chrome Silver Packs Autographs|1989 Topps Baseball Foil Mega Box|1989 Topps Baseball Relics|2023 Greatest Hits|2023 Greatest Hits Autographs|Base|Heavy Lumber|Home Sweet Home Stadium Medallions|Home Sweet Home Stadium Medallions Autographs|Major League Material Autographs|Team Color Border Variations,2,Chicago Cubs|Chicago Cubs	- Future Stars
2024_topps_series1,2024,Topps,Series 1,christy mathewson,Christy Mathewson,1,1,Grand Gamers,1,New York Giants
2024_topps_series1,2024,Topps,Series 1,cincinnati reds,Cincinnati Reds,1,1,Base,1,Cincinnati Reds	- Team Card
2024_topps_series1,2024,Topps,Series 1,cj abrams,CJ Abrams,1,2,Base|Team Color Border Variations,1,Washington Nationals
2024_topps_series1,2024,Topps,Series 1,clarke schmidt,Clarke Schmidt,2,3,Base|Baseball Stars Autographs|Team Color Border Variations,1,New York Yankees
2024_topps_series1,2024,Topps,Series 1,clay holmes,Clay Holmes,1,2,Base|Team Color Border Variations,1,New York Yankees
2024_topps_series1,2024,Topps,Series 1,clayton kershaw,Clayton Kershaw,8,9,1989 Topps Baseball|1989 Topps Baseball Chrome Silver Packs|1989 Topps Baseball Foil Mega Box|Grand Gamers|Home Sweet Home Stadium Medallions|Homefield Advantage|Major League Material|Postseason Performance Relics|Superstar Blueprint,1,Los Angeles Dodgers
2024_topps_series1,2024,Topps,Series 1,coco montes,Coco Montes,2,3,1989 Topps Baseball Autographs|Base|Team Color Border Variations,2,Colorado Rockies|Colorado Rockies	RC
2024_topps_series1,2024,Topps,Series 1,cody bellinger,Cody Bellinger,1,1,Major League Material,1,Chicago Cubs
2024_topps_series1,2024,Topps,Series 1,cole ragans,Cole Ragans,1,2,Base|Team Color Border Variations,1,Kansas City Royals
2024_topps_series1,2024,Topps,Series 1,colton cowser,Colton Cowser,8,11,1989 Topps Baseball|1989 Topps Baseball Autographs|1989 Topps Baseball Chrome Silver Packs|1989 Topps Baseball Chrome Silver Packs Autographs|1989 Topps Baseball Foil Mega Box|Base|Baseball Stars Autographs|Home Sweet Home Stadium Medallions|Home Sweet Home Stadium Medallions Autographs|Team Color Border Variations|Topps Mega Star,2,Baltimore Orioles|Baltimore Orioles	(RC)
2024_topps_series1,2024,Topps,Series 1,connie mack,Connie Mack,1,1,Cut Signatures,1,Philadelphia Athletics	1/1
2024_topps_series1,2024,Topps,Series 1,connor joe,Connor Joe,1,2,Base|Team Color Border Variations,1,Pittsburgh Pirates
2024_topps_series1,2024,Topps,Series 1,connor phillips,Connor Phillips,1,1,Baseball Stars Autographs,1,Cincinnati Reds
2024_topps_series1,2024,Topps,Series 1,connor wong,Connor Wong,1,2,Base|Team Color Border Variations,1,Boston Red Sox
2024_topps_series1,2024,Topps,Series 1,corbin burnes,Corbin Burnes,8,8,1989 Topps Baseball Autographs|In the Name Relics|Major League Material|Major League Material Autographs|Postseason Performance Autograph Relics|Postseason Performance Autographs|Postseason Performance Relics|Topps Reverence Autograph Patch,1,Milwaukee Brewers
2024_topps_series1,2024,Topps,Series 1,corbin carroll,Corbin Carroll,16,19,1989 Topps Baseball|1989 Topps Baseball Autographs|1989 Topps Baseball Chrome Silver Packs|1989 Topps Baseball Chrome Silver Packs Autographs|1989 Topps Baseball Foil Mega Box|Base|Home Run Challenge Code|Home Sweet Home Stadium Medallions|Home Sweet Home Stadium Medallions Autographs|In the Name Relics|Major League Material|Postseason Performance Autograph Relics|Postseason Performance Autographs|Postseason Performance Relics|Stars of MLB|Stars of MLB Chrome|Superstar Blueprint|Team Color Border Variations|Topps Reverence Autograph Patch,1,Arizona Diamondbacks
2024_topps_series1,2024,Topps,Series 1,corey seager,Corey Seager,17,19,1989 Topps Baseball|1989 Topps Baseball Chrome Silver Packs|1989 Topps Baseball Chrome Silver Packs Autographs|1989 Topps Baseball Foil Mega Box|2023 All-Topps Team|Base|Home Sweet Home Stadium Medallions|Home Sweet Home Stadium Medallions Autographs|In the Name Relics|Major League Material Autographs|Postseason Performance Autograph Relics|Postseason Performance Autographs|Postseason Performance Relics|Social Media Follow Back Redemptions|Stars of MLB|Stars of MLB Chrome|Team Color Border Variations|World Champion Autographs|World Champion Relics,4,Tampa Bay Rays	- League Leaders|Texas Rangers|Texas Rangers	- League Leaders|Toronto Blue Jays	- League Leaders
2024_topps_series1,2024,Topps,Series 1,craig biggio,Craig Biggio,4,4,1989 Topps Baseball Autographs|1989 Topps Baseball Relics|Baseball Stars Dual Autographs|Topps Reverence Autograph Patch,1,Houston Astros
2024_topps_series1,2024,Topps,Series 1,craig kimbrel,Craig Kimbrel,1,1,In the Name Relics,1,Philadelphia Phillies
2024_topps_series1,2024,Topps,Series 1,cristian javier,Cristian Javier,3,4,Base|Postseason Performance Autograph Relics|Postseason Performance Autographs|Team Color Border Variations,1,Houston Astros
2024_topps_series1,2024,Topps,Series 1,curtis mead,Curtis Mead,5,8,1989 Topps Baseball|1989 Topps Baseball Autographs|1989 Topps Baseball Chrome Silver Packs|1989 Topps Baseball Chrome Silver Packs Autographs|1989 Topps Baseball Foil Mega Box|Base|Baseball Stars Autographs|Team Color Border Variations,2,Tampa Bay Rays|Tampa Bay Rays	RC
2024_topps_series1,2024,Topps,Series 1,cy young,Cy Young,1,1,Cut Signatures,1,Boston Red Sox	1/1
2024_topps_series1,2024,Topps,Series 1,dale murphy,Dale Murphy,1,1,1989 Topps Baseball Autographs,1,Atlanta Braves
2024_topps_series1,2024,Topps,Series 1,dane dunning,Dane Dunning,2,3,Base|Postseason Performance Autographs|Team Color Border Variations,1,Texas Rangers
2024_topps_series1,2024,Topps,Series 1,dane myers,Dane Myers,2,3,1989 Topps Baseball Autographs|Base|Team Color Border Variations,2,Miami Marlins|Miami Marlins	RC
2024_topps_series1,2024,Topps,Series 1,daniel bard,Daniel Bard,1,1,Base,1,Colorado Rockies
2024_topps_series1,2024,Topps,Series 1,daniel palencia,Daniel Palencia,2,3,Base|Baseball Stars Autographs|Team Color Border Variations,2,Chicago Cubs|Chicago Cubs	RC
2024_topps_series1,2024,Topps,Series 1,daniel vogelbach,Daniel Vogelbach,1,2,Base|Team Color Border Variations,1,New York Mets
2024_topps_series1,2024,Topps,Series 1,danny jansen,Danny Jansen,1,2,Base|Team Color Border Variations,1,Toronto Blue Jays
2024_topps_series1,2024,Topps,Series 1,dansby swanson,Dansby Swanson,6,7,1989 Topps Baseball Relics|Base|Home Sweet Home Stadium Medallions|Home Sweet Home Stadium Medallions Autographs|Major League Material|Major League Material Autographs|Team Color Border Variations,1,Chicago Cubs
2024_topps_series1,2024,Topps,Series 1,darius vines,Darius Vines,1,1,Baseball Stars Autographs,1,Atlanta Braves
2024_topps_series1,2024,Topps,Series 1,darryl strawberry,Darryl Strawberry,2,2,1989 Topps Baseball Autographs|Baseball Stars Autographs,1,New York Mets
2024_topps_series1,2024,Topps,Series 1,daulton varsho,Daulton Varsho,2,3,Base|Baseball Stars Autographs|Team Color Border Variations,1,Toronto Blue Jays
2024_topps_series1,2024,Topps,Series 1,dave stewart,Dave Stewart,1,1,1989 Topps Baseball Autographs,1,Oakland Athletics
2024_topps_series1,2024,Topps,Series 1,david bednar,David Bednar,3,4,Base|Baseball Stars Autographs|In the Name Relics|Team Color Border Variations,1,Pittsburgh Pirates
2024_topps_series1,2024,Topps,Series 1,david hamilton,David Hamilton,2,3,1989 Topps Baseball Autographs|Base|Team Color Border Variations,2,Boston Red Sox|Boston Red Sox	RC
2024_topps_series1,2024,Topps,Series 1,david ortiz,David Ortiz,4,4,1989 Topps Baseball Autographs|1989 Topps Baseball Relics|Baseball Stars Dual Autographs|Topps Reverence Autograph Patch,1,Boston Red Sox
2024_topps_series1,2024,Topps,Series 1,david wright,David Wright,3,3,1989 Topps Baseball Autographs|Baseball Stars Dual Autographs|Topps Reverence Autograph Patch,1,New York Mets
2024_topps_series1,2024,Topps,Series 1,davis schneider,Davis Schneider,4,6,1989 Topps Baseball Autographs|1989 Topps Baseball Chrome Silver Packs|1989 Topps Baseball Chrome Silver Packs Autographs|Base|Baseball Stars Autographs|Team Color Border Variations,2,Toronto Blue Jays|Toronto Blue Jays	RC
2024_topps_series1,2024,Topps,Series 1,dean kremer,Dean Kremer,1,2,Base|Team Color Border Variations,1,Baltimore Orioles
2024_topps_series1,2024,Topps,Series 1,dennis eckersley,Dennis Eckersley,1,1,1989 Topps Baseball Autographs,1,Oakland Athletics
2024_topps_series1,2024,Topps,Series 1,derek jeter,Derek Jeter,8,8,1989 Topps Baseball Autographs|1989 Topps Baseball Relics|Baseball Stars Dual Autographs|Grand Gamers|Grand Gamers Autographs|Superstar Blueprint|Superstar Blueprint Autographs|Topps Reverence Autograph Patch,1,New York Yankees
2024_topps_series1,2024,Topps,Series 1,detroit tigers,Detroit Tigers,1,1,Base,1,Detroit Tigers	- Team Card
2024_topps_series1,2024,Topps,Series 1,devin williams,Devin Williams,2,3,Base|In the Name Relics|Team Color Border Variations,1,Milwaukee Brewers
2024_topps_series1,2024,Topps,Series 1,dizzy dean,Dizzy Dean,1,1,Cut Signatures,1,St. Louis Cardinals	1/1
2024_topps_series1,2024,Topps,Series 1,dominic canzone,Dominic Canzone,2,3,1989 Topps Baseball Autographs|Base|Team Color Border Variations,2,Seattle Mariners|Seattle Mariners	RC
2024_topps_series1,2024,Topps,Series 1,don mattingly,Don Mattingly,4,6,1989 Topps Baseball|1989 Topps Baseball Autographs|1989 Topps Baseball Chrome Silver Packs|1989 Topps Baseball Chrome Silver Packs Autographs|1989 Topps Baseball Foil Mega Box|Baseball Stars Dual Autographs,1,New York Yankees
2024_topps_series1,2024,Topps,Series 1,dontrelle willis,Dontrelle Willis,1,1,1989 Topps Baseball Autographs,1,Florida Marlins
2024_topps_series1,2024,Topps,Series 1,duke snider,Duke Snider,1,1,Cut Signatures,1,Brooklyn Dodgers	1/1
2024_topps_series1,2024,Topps,Series 1,dustin may,Dustin May,1,1,Baseball Stars Autographs,1,Los Angeles Dodgers
2024_topps_series1,2024,Topps,Series 1,dustin pedroia,Dustin Pedroia,2,2,1989 Topps Baseball Relics|Topps Reverence Autograph Patch,1,Boston Red Sox
2024_topps_series1,2024,Topps,Series 1,dylan carlson,Dylan Carlson,1,1,Baseball Stars Autographs,1,St. Louis Cardinals
2024_topps_series1,2024,Topps,Series 1,dylan cease,Dylan Cease,1,2,Base|Team Color Border Variations,1,Chicago White Sox
2024_topps_series1,2024,Topps,Series 1,eddie mathews,Eddie Mathews,1,1,Cut Signatures,1,Milwaukee Braves	1/1
2024_topps_series1,2024,Topps,Series 1,eddie murray,Eddie Murray,3,3,1989 Topps Baseball Autographs|1989 Topps Baseball Relics|Baseball Stars Dual Autographs,1,Baltimore Orioles
2024_topps_series1,2024,Topps,Series 1,edgar martinez,Edgar Martinez,1,1,1989 Topps Baseball Autographs,1,Seattle Mariners
2024_topps_series1,2024,Topps,Series 1,edouard julien,Edouard Julien,1,1,Postseason Performance Autographs,1,Minnesota Twins
2024_topps_series1,2024,Topps,Series 1,eduardo rodriguez,Eduardo Rodriguez,1,2,Base|Team Color Border Variations,1,Detroit Tigers
2024_topps_series1,2024,Topps,Series 1,edwin díaz,Edwin Díaz,1,2,Base|Team Color Border Variations,1,New York Mets
2024_topps_series1,2024,Topps,Series 1,elehuris montero,Elehuris Montero,2,3,Base|City Connection Swatch Collection|Team Color Border Variations,1,Colorado Rockies
2024_topps_series1,2024,Topps,Series 1,elias díaz,Elias Díaz,2,3,Base|In the Name Relics|Team Color Border Variations,1,Colorado Rockies
2024_topps_series1,2024,Topps,Series 1,elly de la cruz,Elly De La Cruz,24,26,1989 Topps Baseball|1989 Topps Baseball Autographs|1989 Topps Baseball Chrome Silver Packs|1989 Topps Baseball Chrome Silver Packs Autographs|1989 Topps Baseball Foil Mega Box|1989 Topps Baseball Relics|2023 Greatest Hits|2023 Greatest Hits Autographs|Base|Baseball Stars Autographs|Baseball Stars Dual Autographs|Companion Cards|Heavy Lumber|Home Run Challenge Code|Home Sweet Home Stadium Medallions|Home Sweet Home Stadium Medallions Autographs|Homefield Advantage|Major League Material|Oversized 2024 Topps Baseball|Stars of MLB|Stars of MLB Chrome|Superstar Blueprint|Superstar Blueprint Autographs|Team Color Border Variations|Topps Mega Star|Topps Reverence Autograph Patch,3,Cincinnati Reds|Cincinnati Reds	- Checklist|Cincinnati Reds	RC
2024_topps_series1,2024,Topps,Series 1,eloy jiménez,Eloy Jiménez,1,1,Major League Material,1,Chicago White Sox
2024_topps_series1,2024,Topps,Series 1,emerson hancock,Emerson Hancock,3,4,1989 Topps Baseball Autographs|Base|Baseball Stars Autographs|Team Color Border Variations,2,Seattle Mariners|Seattle Mariners	RC
2024_topps_series1,2024,Topps,Series 1,emmanuel clase,Emmanuel Clase,1,2,Base|Team Color Border Variations,1,Cleveland Guardians
2024_topps_series1,2024,Topps,Series 1,emmet sheehan,Emmet Sheehan,4,6,1989 Topps Baseball|1989 Topps Baseball Autographs|1989 Topps Baseball Chrome Silver Packs|1989 Topps Baseball Foil Mega Box|Base|Team Color Border Variations,2,Los Angeles Dodgers|Los Angeles Dodgers	RC
2024_topps_series1,2024,Topps,Series 1,endy rodríguez,Endy Rodríguez,4,6,1989 Topps Baseball|1989 Topps Baseball Autographs|1989 Topps Baseball Foil Mega Box|Base|Baseball Stars Autographs|Team Color Border Variations,2,Pittsburgh Pirates|Pittsburgh Pirates	RC
2024_topps_series1,2024,Topps,Series 1,enmanuel valdez,Enmanuel Valdez,1,2,Base|Team Color Border Variations,1,Boston Red Sox
2024_topps_series1,2024,Topps,Series 1,ernie banks,Ernie Banks,1,1,Cut Signatures,1,Chicago Cubs	1/1
2024_topps_series1,2024,Topps,Series 1,esteury ruiz,Esteury Ruiz,1,2,Base|Team Color Border Variations,1,Oakland Athletics
2024_topps_series1,2024,Topps,Series 1,eugenio suárez,Eugenio Suárez,1,2,Base|Team Color Border Variations,1,Seattle Mariners
2024_topps_series1,2024,Topps,Series 1,eury pérez,Eury Pérez,2,3,Base|City Connection Swatch Collection|Team Color Border Variations,2,Miami Marlins|Miami Marlins	- Future Stars
2024_topps_series1,2024,Topps,Series 1,evan carter,Evan Carter,5,7,1989 Topps Baseball Autographs|1989 Topps Baseball Chrome Silver Packs|1989 Topps Baseball Chrome Silver Packs Autographs|Base|Postseason Performance Autographs|Team Color Border Variations|World Champion Autographs,2,Texas Rangers|Texas Rangers	RC
2024_topps_series1,2024,Topps,Series 1,evan longoria,Evan Longoria,2,3,Base|Postseason Performance Relics|Team Color Border Variations,1,Arizona Diamondbacks
2024_topps_series1,2024,Topps,Series 1,evan phillips,Evan Phillips,1,1,1989 Topps Baseball Autographs,1,Los Angeles Dodgers
2024_topps_series1,2024,Topps,Series 1,everson pereira,Everson Pereira,2,3,1989 Topps Baseball Chrome Silver Packs|1989 Topps Baseball Chrome Silver Packs Autographs|Baseball Stars Autographs,1,New York Yankees
2024_topps_series1,2024,Topps,Series 1,ezequiel tovar,Ezequiel Tovar,1,1,City Connection Swatch Collection,1,Colorado Rockies
2024_topps_series1,2024,Topps,Series 1,fernando tatis jr.,Fernando Tatis Jr.,20,23,1989 Topps Baseball|1989 Topps Baseball Autographs|1989 Topps Baseball Chrome Silver Packs|1989 Topps Baseball Chrome Silver Packs Autographs|1989 Topps Baseball Foil Mega Box|1989 Topps Baseball Relics|Base|Baseball Stars Dual Autographs|Companion Cards|Home Run Challenge Code|Home Sweet Home Stadium Medallions|Home Sweet Home Stadium Medallions Autographs|Homefield Advantage|Major League Material|Major League Material Autographs|Oversized 2024 Topps Baseball|Stars of MLB|Stars of MLB Chrome|Superstar Blueprint|Superstar Blueprint Autographs|Team Color Border Variations|Topps Mega Star|Topps Reverence Autograph Patch,1,San Diego Padres
2024_topps_series1,2024,Topps,Series 1,framber valdez,Framber Valdez,2,2,Base|Team Color Border Variations,2,Houston Astros|Houston Astros	- Checklist
2024_topps_series1,2024,Topps,Series 1,francisco alvarez,Francisco Alvarez,1,1,Major League Material,1,New York Mets
2024_topps_series1,2024,Topps,Series 1,francisco lindor,Francisco Lindor,5,6,1989 Topps Baseball|1989 Topps Baseball Chrome Silver Packs|1989 Topps Baseball Foil Mega Box|Home Run Challenge Code|Home Sweet Home Stadium Medallions|Major League Material,1,New York Mets
2024_topps_series1,2024,Topps,Series 1,frank thomas,Frank Thomas,7,9,1989 Topps Baseball|1989 Topps Baseball Autographs|1989 Topps Baseball Chrome Silver Packs|1989 Topps Baseball Chrome Silver Packs Autographs|1989 Topps Baseball Foil Mega Box|1989 Topps Baseball Relics|Grand Gamers|Grand Gamers Autographs|Topps Reverence Autograph Patch,1,Chicago White Sox
2024_topps_series1,2024,Topps,Series 1,freddie freeman,Freddie Freeman,20,21,1989 Topps Baseball|1989 Topps Baseball Chrome Silver Packs|1989 Topps Baseball Foil Mega Box|Base|Companion Cards|Heavy Lumber|Home Run Challenge Code|Home Sweet Home Stadium Medallions|Home Sweet Home Stadium Medallions Autographs|In the Name Relics|Major League Material|Oversized 2024 Topps Baseball|Postseason Performance Autograph Relics|Postseason Performance Autographs|Postseason Performance Relics|Stars of MLB|Stars of MLB Chrome|Superstar Blueprint|Superstar Blueprint Autographs|Team Color Border Variations|Topps Mega Star,4,Atlanta Braves	- League Leaders|Los Angeles Dodgers|Los Angeles Dodgers	- League Leaders|Miami Marlins	- League Leaders
2024_topps_series1,2024,Topps,Series 1,freddy peralta,Freddy Peralta,4,5,Base|Postseason Performance Autograph Relics|Postseason Performance Autographs|Postseason Performance Relics|Team Color Border Variations,1,Milwaukee Brewers
2024_topps_series1,2024,Topps,Series 1,félix bautista,Félix Bautista,3,4,2023 All-Topps Team|Base|In the Name Relics|Team Color Border Variations,1,Baltimore Orioles
2024_topps_series1,2024,Topps,Series 1,gabriel moreno,Gabriel Moreno,5,6,1989 Topps Baseball Relics|Base|Postseason Performance Autograph Relics|Postseason Performance Autographs|Postseason Performance Relics|Team Color Border Variations,2,Arizona Diamondbacks|Arizona Diamondbacks	- Future Stars
2024_topps_series1,2024,Topps,Series 1,garrett mitchell,Garrett Mitchell,2,2,1989 Topps Baseball Relics|City Connection Swatch Collection,1,Milwaukee Brewers
2024_topps_series1,2024,Topps,Series 1,gavin williams,Gavin Williams,5,8,1989 Topps Baseball|1989 Topps Baseball Autographs|1989 Topps Baseball Chrome Silver Packs|1989 Topps Baseball Chrome Silver Packs Autographs|1989 Topps Baseball Foil Mega Box|Base|Baseball Stars Autographs|Team Color Border Variations,2,Cleveland Guardians|Cleveland Guardians	RC
2024_topps_series1,2024,Topps,Series 1,george brett,George Brett,6,7,1989 Topps Baseball|1989 Topps Baseball Chrome Silver Packs|1989 Topps Baseball Chrome Silver Packs Autographs|1989 Topps Baseball Foil Mega Box|Baseball Stars Dual Autographs|Grand Gamers|Grand Gamers Autographs,1,Kansas City Royals
2024_topps_series1,2024,Topps,Series 1,george kell,George Kell,1,1,Cut Signatures,1,Detroit Tigers	1/1
2024_topps_series1,2024,Topps,Series 1,george kirby,George Kirby,5,6,1989 Topps Baseball Autographs|Base|In the Name Relics|Major League Material|Major League Material Autographs|Team Color Border Variations,1,Seattle Mariners
2024_topps_series1,2024,Topps,Series 1,george springer,George Springer,9,9,1989 Topps Baseball Relics|Base|Major League Material|Major League Material Autographs|Postseason Performance Autograph Relics|Postseason Performance Autographs|Postseason Performance Relics|Team Color Border Variations|Topps Reverence Autograph Patch,2,Toronto Blue Jays|Toronto Blue Jays	- Checklist
2024_topps_series1,2024,Topps,Series 1,geraldo perdomo,Geraldo Perdomo,6,6,Base|In the Name Relics|Postseason Performance Autograph Relics|Postseason Performance Autographs|Postseason Performance Relics|Team Color Border Variations,2,Arizona Diamondbacks|Arizona Diamondbacks	- Checklist
2024_topps_series1,2024,Topps,Series 1,gerrit cole,Gerrit Cole,14,15,1989 Topps Baseball|1989 Topps Baseball Chrome Silver Packs|1989 Topps Baseball Chrome Silver Packs Autographs|1989 Topps Baseball Foil Mega Box|1989 Topps Baseball Relics|2023 All-Topps Team|2023 All-Topps Team Autographs|Base|Home Sweet Home Stadium Medallions|Home Sweet Home Stadium Medallions Autographs|Major League Material|Superstar Blueprint|Superstar Blueprint Autographs|Team Color Border Variations|Topps Reverence Autograph Patch,6,Baltimore Orioles	- League Leaders|Minnesota Twins	- League Leaders|New York Yankees|New York Yankees	- League Leaders|Tampa Bay Rays	- League Leaders|Toronto Blue Jays	- League Leaders
2024_topps_series1,2024,Topps,Series 1,giancarlo stanton,Giancarlo Stanton,2,2,1989 Topps Baseball Relics|Major League Material,1,New York Yankees
2024_topps_series1,2024,Topps,Series 1,gil hodges,Gil Hodges,1,1,Cut Signatures,1,Brooklyn Dodgers	1/1
2024_topps_series1,2024,Topps,Series 1,gleyber torres,Gleyber Torres,3,4,1989 Topps Baseball Relics|Base|Major League Material|Team Color Border Variations,1,New York Yankees
2024_topps_series1,2024,Topps,Series 1,grae kessinger,Grae Kessinger,2,3,1989 Topps Baseball Autographs|Base|Team Color Border Variations,2,Houston Astros|Houston Astros	RC
2024_topps_series1,2024,Topps,Series 1,grant hartwig,Grant Hartwig,1,2,Base|Team Color Border Variations,2,New York Mets|New York Mets	RC
2024_topps_series1,2024,Topps,Series 1,grayson rodriguez,Grayson Rodriguez,2,3,Base|Postseason Performance Relics|Team Color Border Variations,2,Baltimore Orioles|Baltimore Orioles	- Future Stars
2024_topps_series1,2024,Topps,Series 1,greg maddux,Greg Maddux,5,5,1989 Topps Baseball|1989 Topps Baseball Foil Mega Box|Baseball Stars Dual Autographs|Grand Gamers|Grand Gamers Autographs,2,Atlanta Braves|Chicago Cubs
2024_topps_series1,2024,Topps,Series 1,gregory santos,Gregory Santos,1,1,Base,1,Chicago White Sox
2024_topps_series1,2024,Topps,Series 1,griffin canning,Griffin Canning,1,2,Base|Team Color Border Variations,1,Los Angeles Angels
2024_topps_series1,2024,Topps,Series 1,gunnar henderson,Gunnar Henderson,6,6,2023 Greatest Hits|City Connection Swatch Collection|Major League Material|Postseason Performance Autograph Relics|Postseason Performance Autographs|Postseason Performance Relics,1,Baltimore Orioles
2024_topps_series1,2024,Topps,Series 1,ha-seong kim,Ha-Seong Kim,2,3,2023 Greatest Hits|Base|Team Color Border Variations,1,San Diego Padres
2024_topps_series1,2024,Topps,Series 1,hank aaron,Hank Aaron,1,1,Cut Signatures,1,Milwaukee Braves	1/1
2024_topps_series1,2024,Topps,Series 1,hank greenberg,Hank Greenberg,1,1,Cut Signatures,1,Detroit Tigers	1/1
2024_topps_series1,2024,Topps,Series 1,hanley ramirez,Hanley Ramirez,2,2,1989 Topps Baseball Autographs|Baseball Stars Autographs,1,Florida Marlins
2024_topps_series1,2024,Topps,Series 1,harmon killebrew,Harmon Killebrew,1,1,Cut Signatures,1,Minnesota Twins	1/1
2024_topps_series1,2024,Topps,Series 1,harold ramírez,Harold Ramírez,1,2,Base|Team Color Border Variations,1,Tampa Bay Rays
2024_topps_series1,2024,Topps,Series 1,hayden wesneski,Hayden Wesneski,1,2,Base|Team Color Border Variations,1,Chicago Cubs
2024_topps_series1,2024,Topps,Series 1,henry davis,Henry Davis,16,19,1989 Topps Baseball|1989 Topps Baseball Chrome Silver Packs|1989 Topps Baseball Chrome Silver Packs Autographs|1989 Topps Baseball Foil Mega Box|1989 Topps Baseball Relics|Base|Baseball Stars Autographs|Companion Cards|Heavy Lumber|Home Run Challenge Code|Home Sweet Home Stadium Medallions|Home Sweet Home Stadium Medallions Autographs|Major League Material|Major League Material Autographs|Oversized 2024 Topps Baseball|Stars of MLB|Stars of MLB Chrome|Team Color Border Variations|Topps Mega Star,2,Pittsburgh Pirates|Pittsburgh Pirates	(RC)
2024_topps_series1,2024,Topps,Series 1,heston kjerstad,Heston Kjerstad,2,3,1989 Topps Baseball Autographs|1989 Topps Baseball Chrome Silver Packs|1989 Topps Baseball Chrome Silver Packs Autographs,1,Baltimore Orioles
2024_topps_series1,2024,Topps,Series 1,honus wagner,Honus Wagner,1,1,Cut Signatures,1,Pittsburgh Pirates	1/1
2024_topps_series1,2024,Topps,Series 1,houston astros,Houston Astros,1,1,Base,1,Houston Astros	- Team Card
2024_topps_series1,2024,Topps,Series 1,hunter brown,Hunter Brown,5,6,1989 Topps Baseball Relics|Base|City Connection Swatch Collection|Postseason Performance Autograph Relics|Postseason Performance Autographs|Team Color Border Variations,2,Houston Astros|Houston Astros	- Future Stars
2024_topps_series1,2024,Topps,Series 1,hunter greene,Hunter Greene,5,6,1989 Topps Baseball Autographs|1989 Topps Baseball Relics|Base|Major League Material|Team Color Border Variations|Topps Reverence Autograph Patch,1,Cincinnati Reds
2024_topps_series1,2024,Topps,Series 1,ichiro,Ichiro,6,8,1989 Topps Baseball|1989 Topps Baseball Autographs|1989 Topps Baseball Chrome Silver Packs|1989 Topps Baseball Chrome Silver Packs Autographs|1989 Topps Baseball Foil Mega Box|Baseball Stars Dual Autographs|Grand Gamers|Grand Gamers Autographs,1,Seattle Mariners
2024_topps_series1,2024,Topps,Series 1,isaiah campbell,Isaiah Campbell,2,3,1989 Topps Baseball Autographs|Base|Team Color Border Variations,2,Seattle Mariners|Seattle Mariners	RC
2024_topps_series1,2024,Topps,Series 1,ivan rodriguez,Ivan Rodriguez,1,1,1989 Topps Baseball Relics,1,Texas Rangers
2024_topps_series1,2024,Topps,Series 1,j.d. davis,J.D. Davis,1,2,Base|Team Color Border Variations,1,San Francisco Giants
2024_topps_series1,2024,Topps,Series 1,j.d. martinez,J.D. Martinez,1,1,In the Name Relics,1,Los Angeles Dodgers
2024_topps_series1,2024,Topps,Series 1,j.p. crawford,J.P. Crawford,1,2,Base|Team Color Border Variations,1,Seattle Mariners
2024_topps_series1,2024,Topps,Series 1,j.t. realmuto,J.T. Realmuto,2,3,Base|Postseason Performance Relics|Team Color Border Variations,1,Philadelphia Phillies
2024_topps_series1,2024,Topps,Series 1,jack flaherty,Jack Flaherty,1,1,Postseason Performance Autographs,1,Baltimore Orioles
2024_topps_series1,2024,Topps,Series 1,jackie robinson,Jackie Robinson,3,4,1989 Topps Baseball|1989 Topps Baseball Foil Mega Box|Cut Signatures|Grand Gamers,2,Brooklyn Dodgers|Brooklyn Dodgers	1/1
2024_topps_series1,2024,Topps,Series 1,jackson wolf,Jackson Wolf,2,2,1989 Topps Baseball Autographs|Baseball Stars Autographs,1,Pittsburgh Pirates
2024_topps_series1,2024,Topps,Series 1,jacob amaya,Jacob Amaya,2,3,1989 Topps Baseball Autographs|Base|Team Color Border Variations,2,Miami Marlins|Miami Marlins	RC
2024_topps_series1,2024,Topps,Series 1,jacob degrom,Jacob deGrom,1,2,Base|Team Color Border Variations,1,Texas Rangers
2024_topps_series1,2024,Topps,Series 1,jake burger,Jake Burger,2,3,Base|Baseball Stars Autographs|Team Color Border Variations,1,Miami Marlins
2024_topps_series1,2024,Topps,Series 1,jake cronenworth,Jake Cronenworth,1,2,Base|Team Color Border Variations,1,San Diego Padres
2024_topps_series1,2024,Topps,Series 1,jake fraley,Jake Fraley,1,2,Base|Team Color Border Variations,1,Cincinnati Reds
2024_topps_series1,2024,Topps,Series 1,jake rogers,Jake Rogers,1,1,Base,1,Detroit Tigers
2024_topps_series1,2024,Topps,Series 1,james outman,James Outman,3,3,2023 Greatest Hits|2023 Greatest Hits Autographs|Postseason Performance Autographs,1,Los Angeles Dodgers
2024_topps_series1,2024,Topps,Series 1,jameson taillon,Jameson Taillon,1,2,Base|Team Color Border Variations,1,Chicago Cubs
2024_topps_series1,2024,Topps,Series 1,jared triolo,Jared Triolo,2,3,1989 Topps Baseball Autographs|Base|Team Color Border Variations,2,Pittsburgh Pirates|Pittsburgh Pirates	RC
2024_topps_series1,2024,Topps,Series 1,jarred kelenic,Jarred Kelenic,1,1,Baseball Stars Autographs,1,Seattle Mariners
2024_topps_series1,2024,Topps,Series 1,jarren duran,Jarren Duran,2,3,1989 Topps Baseball Relics|Base|Team Color Border Variations,1,Boston Red Sox
2024_topps_series1,2024,Topps,Series 1,jason varitek,Jason Varitek,1,1,1989 Topps Baseball Autographs,1,Boston Red Sox
2024_topps_series1,2024,Topps,Series 1,jasson domínguez,Jasson Domínguez,7,9,1989 Topps Baseball Autographs|1989 Topps Baseball Chrome Silver Packs|1989 Topps Baseball Chrome Silver Packs Autographs|2023 Greatest Hits|2023 Greatest Hits Autographs|Base|Baseball Stars Autographs|Team Color Border Variations|Topps Reverence Autograph Patch,2,New York Yankees|New York Yankees	(RC)
2024_topps_series1,2024,Topps,Series 1,javier báez,Javier Báez,1,1,Major League Material,1,Detroit Tigers
2024_topps_series1,2024,Topps,Series 1,jazz chisholm jr.,Jazz Chisholm Jr.,19,22,1989 Topps Baseball|1989 Topps Baseball Autographs|1989 Topps Baseball Chrome Silver Packs|1989 Topps Baseball Chrome Silver Packs Autographs|1989 Topps Baseball Foil Mega Box|1989 Topps Baseball Relics|Base|City Connection Swatch Collection|Companion Cards|Heavy Lumber|Heavy Lumber Autograph Relics|Home Run Challenge Code|Home Sweet Home Stadium Medallions|Home Sweet Home Stadium Medallions Autographs|Major League Material|Oversized 2024 Topps Baseball|Postseason Performance Autograph Relics|Postseason Performance Relics|Stars of MLB|Stars of MLB Chrome|Team Color Border Variations|Topps Reverence Autograph Patch,1,Miami Marlins
2024_topps_series1,2024,Topps,Series 1,jeff bagwell,Jeff Bagwell,4,6,1989 Topps Baseball|1989 Topps Baseball Chrome Silver Packs|1989 Topps Baseball Chrome Silver Packs Autographs|1989 Topps Baseball Foil Mega Box|1989 Topps Baseball Relics|Baseball Stars Dual Autographs,1,Houston Astros
2024_topps_series1,2024,Topps,Series 1,jeremy peña,Jeremy Peña,5,5,1989 Topps Baseball Relics|City Connection Swatch Collection|Postseason Performance Autograph Relics|Postseason Performance Autographs|Postseason Performance Relics,1,Houston Astros
2024_topps_series1,2024,Topps,Series 1,jesús luzardo,Jesús Luzardo,1,2,Base|Team Color Border Variations,1,Miami Marlins
2024_topps_series1,2024,Topps,Series 1,jhoan duran,Jhoan Duran,1,2,Base|Team Color Border Variations,1,Minnesota Twins
2024_topps_series1,2024,Topps,Series 1,ji hwan bae,Ji Hwan Bae,1,2,Base|Team Color Border Variations,1,Pittsburgh Pirates
2024_topps_series1,2024,Topps,Series 1,"jim ""catfish"" hunter","Jim ""Catfish"" Hunter",1,1,Cut Signatures,1,Oakland Athletics	1/1
2024_topps_series1,2024,Topps,Series 1,jim edmonds,Jim Edmonds,1,1,1989 Topps Baseball Autographs,1,St. Louis Cardinals
2024_topps_series1,2024,Topps,Series 1,jimmy rollins,Jimmy Rollins,2,2,Baseball Stars Autographs|Baseball Stars Dual Autographs,1,Philadelphia Phillies
2024_topps_series1,2024,Topps,Series 1,jj bleday,JJ Bleday,1,1,Base,1,Oakland Athletics
2024_topps_series1,2024,Topps,Series 1,jo adell,Jo Adell,1,2,Base|Team Color Border Variations,1,Los Angeles Angels
2024_topps_series1,2024,Topps,Series 1,joe jacques,Joe Jacques,1,2,Base|Team Color Border Variations,2,Boston Red Sox|Boston Red Sox	RC
2024_topps_series1,2024,Topps,Series 1,joe musgrove,Joe Musgrove,3,4,1989 Topps Baseball Autographs|Base|Major League Material|Team Color Border Variations,1,San Diego Padres
2024_topps_series1,2024,Topps,Series 1,joe ryan,Joe Ryan,2,3,Base|Major League Material|Team Color Border Variations,1,Minnesota Twins
2024_topps_series1,2024,Topps,Series 1,joey meneses,Joey Meneses,1,2,Base|Team Color Border Variations,1,Washington Nationals
2024_topps_series1,2024,Topps,Series 1,joey votto,Joey Votto,15,16,1989 Topps Baseball|1989 Topps Baseball Autographs|1989 Topps Baseball Chrome Silver Packs|1989 Topps Baseball Chrome Silver Packs Autographs|1989 Topps Baseball Foil Mega Box|1989 Topps Baseball Relics|Base|Baseball Stars Dual Autographs|Home Sweet Home Stadium Medallions|Home Sweet Home Stadium Medallions Autographs|Major League Material|Major League Material Autographs|Superstar Blueprint|Superstar Blueprint Autographs|Team Color Border Variations|Topps Reverence Autograph Patch,1,Cincinnati Reds
2024_topps_series1,2024,Topps,Series 1,joey wiemer,Joey Wiemer,2,3,Base|Baseball Stars Autographs|Team Color Border Variations,1,Milwaukee Brewers
2024_topps_series1,2024,Topps,Series 1,johan oviedo,Johan Oviedo,1,1,Base,1,Pittsburgh Pirates
2024_topps_series1,2024,Topps,Series 1,johan rojas,Johan Rojas,2,3,1989 Topps Baseball Autographs|Base|Team Color Border Variations,2,Philadelphia Phillies|Philadelphia Phillies	RC
2024_topps_series1,2024,Topps,Series 1,john kruk,John Kruk,1,1,1989 Topps Baseball Autographs,1,Philadelphia Phillies
2024_topps_series1,2024,Topps,Series 1,john smoltz,John Smoltz,3,3,1989 Topps Baseball Autographs|1989 Topps Baseball Relics|Topps Reverence Autograph Patch,1,Atlanta Braves
2024_topps_series1,2024,Topps,Series 1,johnny bench,Johnny Bench,4,4,Baseball Stars Dual Autographs|Grand Gamers|Grand Gamers Autographs|Legendary Homefield Advantage,1,Cincinnati Reds
2024_topps_series1,2024,Topps,Series 1,johnny mize,Johnny Mize,1,1,Cut Signatures,1,St. Louis Cardinals	1/1
2024_topps_series1,2024,Topps,Series 1,jon gray,Jon Gray,1,2,Base|Team Color Border Variations,1,Texas Rangers
2024_topps_series1,2024,Topps,Series 1,jonah heim,Jonah Heim,8,9,Base|In the Name Relics|Postseason Performance Autograph Relics|Postseason Performance Autographs|Postseason Performance Relics|Team Color Border Variations|World Champion Autographs|World Champion Relics|World Series Champion Autograph Relics,1,Texas Rangers
2024_topps_series1,2024,Topps,Series 1,jonathan india,Jonathan India,6,7,1989 Topps Baseball Relics|Base|Baseball Stars Autographs|Major League Material|Major League Material Autographs|Social Media Follow Back Redemptions|Team Color Border Variations,1,Cincinnati Reds
2024_topps_series1,2024,Topps,Series 1,jonathan ornelas,Jonathan Ornelas,1,1,1989 Topps Baseball Autographs,1,Texas Rangers
2024_topps_series1,2024,Topps,Series 1,jonny deluca,Jonny Deluca,1,2,Base|Team Color Border Variations,2,Los Angeles Dodgers|Los Angeles Dodgers	RC
2024_topps_series1,2024,Topps,Series 1,jordan balazovic,Jordan Balazovic,2,3,1989 Topps Baseball Autographs|Base|Team Color Border Variations,2,Minnesota Twins|Minnesota Twins	RC
2024_topps_series1,2024,Topps,Series 1,jordan lawlar,Jordan Lawlar,7,9,1989 Topps Baseball|1989 Topps Baseball Autographs|1989 Topps Baseball Chrome Silver Packs|1989 Topps Baseball Chrome Silver Packs Autographs|1989 Topps Baseball Foil Mega Box|Baseball Stars Autographs|Stars of MLB|Stars of MLB Chrome|Topps Reverence Autograph Patch,1,Arizona Diamondbacks
2024_topps_series1,2024,Topps,Series 1,jordan romano,Jordan Romano,2,3,Base|In the Name Relics|Team Color Border Variations,1,Toronto Blue Jays
2024_topps_series1,2024,Topps,Series 1,jordan walker,Jordan Walker,2,2,1989 Topps Baseball Relics|Social Media Follow Back Redemptions,1,St. Louis Cardinals
2024_topps_series1,2024,Topps,Series 1,jordan westburg,Jordan Westburg,7,10,1989 Topps Baseball|1989 Topps Baseball Autographs|1989 Topps Baseball Chrome Silver Packs|1989 Topps Baseball Chrome Silver Packs Autographs|1989 Topps Baseball Foil Mega Box|Base|Baseball Stars Autographs|Home Sweet Home Stadium Medallions|Home Sweet Home Stadium Medallions Autographs|Team Color Border Variations,2,Baltimore Orioles|Baltimore Orioles	RC
2024_topps_series1,2024,Topps,Series 1,jordan wicks,Jordan Wicks,1,1,Baseball Stars Autographs,1,Chicago Cubs
2024_topps_series1,2024,Topps,Series 1,jordyn adams,Jordyn Adams,1,1,1989 Topps Baseball Autographs,1,Los Angeles Angels
2024_topps_series1,2024,Topps,Series 1,jorge lópez,Jorge López,1,1,In the Name Relics,1,Minnesota Twins
2024_topps_series1,2024,Topps,Series 1,jorge mateo,Jorge Mateo,4,5,Base|City Connection Swatch Collection|Postseason Performance Autograph Relics|Postseason Performance Autographs|Team Color Border Variations,1,Baltimore Orioles
2024_topps_series1,2024,Topps,Series 1,jorge polanco,Jorge Polanco,1,2,Base|Team Color Border Variations,1,Minnesota Twins
2024_topps_series1,2024,Topps,Series 1,jorge soler,Jorge Soler,2,2,Baseball Stars Autographs|In the Name Relics,1,Miami Marlins
2024_topps_series1,2024,Topps,Series 1,jose altuve,Jose Altuve,15,15,1989 Topps Baseball|1989 Topps Baseball Autographs|1989 Topps Baseball Chrome Silver Packs|1989 Topps Baseball Chrome Silver Packs Autographs|1989 Topps Baseball Foil Mega Box|1989 Topps Baseball Relics|2023 Greatest Hits|2023 Greatest Hits Autographs|Home Sweet Home Stadium Medallions|Home Sweet Home Stadium Medallions Autographs|Major League Material Autographs|Postseason Performance Autograph Relics|Postseason Performance Autographs|Postseason Performance Relics|Topps Reverence Autograph Patch,1,Houston Astros
2024_topps_series1,2024,Topps,Series 1,jose canseco,Jose Canseco,3,4,1989 Topps Baseball|1989 Topps Baseball Autographs|1989 Topps Baseball Foil Mega Box|Baseball Stars Autographs,1,Oakland Athletics
2024_topps_series1,2024,Topps,Series 1,jose ferrer,Jose Ferrer,1,2,Base|Team Color Border Variations,2,Washington Nationals|Washington Nationals	RC
2024_topps_series1,2024,Topps,Series 1,jose urquidy,Jose Urquidy,2,2,Postseason Performance Autograph Relics|Postseason Performance Autographs,1,Houston Astros
2024_topps_series1,2024,Topps,Series 1,josh hader,Josh Hader,1,1,In the Name Relics,1,San Diego Padres
2024_topps_series1,2024,Topps,Series 1,josh jung,Josh Jung,8,10,1989 Topps Baseball|1989 Topps Baseball Chrome Silver Packs|1989 Topps Baseball Chrome Silver Packs Autographs|1989 Topps Baseball Foil Mega Box|1989 Topps Baseball Relics|Home Run Challenge Code|In the Name Relics|Major League Material|Postseason Performance Autographs|World Champion Autographs,1,Texas Rangers
2024_topps_series1,2024,Topps,Series 1,josh lowe,Josh Lowe,2,3,Base|Baseball Stars Autographs|Team Color Border Variations,1,Tampa Bay Rays
2024_topps_series1,2024,Topps,Series 1,josh naylor,Josh Naylor,2,3,Base|Baseball Stars Autographs|Team Color Border Variations,1,Cleveland Guardians
2024_topps_series1,2024,Topps,Series 1,josh smith,Josh Smith,1,1,World Champion Autographs,1,Texas Rangers
2024_topps_series1,2024,Topps,Series 1,josiah gray,Josiah Gray,1,1,City Connection Swatch Collection,1,Washington Nationals
2024_topps_series1,2024,Topps,Series 1,josé abreu,José Abreu,2,2,Postseason Performance Autograph Relics|Postseason Performance Autographs,1,Houston Astros
2024_topps_series1,2024,Topps,Series 1,josé berríos,José Berríos,2,3,Base|Postseason Performance Relics|Team Color Border Variations,1,Toronto Blue Jays
2024_topps_series1,2024,Topps,Series 1,josé fermín,José Fermín,2,3,Base|Baseball Stars Autographs|Team Color Border Variations,2,St. Louis Cardinals|St. Louis Cardinals	RC
2024_topps_series1,2024,Topps,Series 1,josé quintana,José Quintana,1,2,Base|Team Color Border Variations,1,New York Mets
2024_topps_series1,2024,Topps,Series 1,josé ramírez,José Ramírez,15,18,1989 Topps Baseball|1989 Topps Baseball Autographs|1989 Topps Baseball Chrome Silver Packs|1989 Topps Baseball Chrome Silver Packs Autographs|1989 Topps Baseball Foil Mega Box|1989 Topps Baseball Relics|2023 All-Topps Team|2023 All-Topps Team Autographs|2023 Greatest Hits|2023 Greatest Hits Autographs|Base|Home Sweet Home Stadium Medallions|Home Sweet Home Stadium Medallions Autographs|In the Name Relics|Major League Material|Major League Material Autographs|Team Color Border Variations|Topps Reverence Autograph Patch,1,Cleveland Guardians
2024_topps_series1,2024,Topps,Series 1,josé rodríguez,José Rodríguez,2,3,1989 Topps Baseball Autographs|Base|Team Color Border Variations,2,Chicago White Sox|Chicago White Sox	RC
2024_topps_series1,2024,Topps,Series 1,josé soriano,José Soriano,1,2,Base|Team Color Border Variations,2,Los Angeles Angels|Los Angeles Angels	RC
2024_topps_series1,2024,Topps,Series 1,josé tena,José Tena,1,1,1989 Topps Baseball Autographs,1,Cleveland Guardians
2024_topps_series1,2024,Topps,Series 1,jp sears,JP Sears,1,1,Base,1,Oakland Athletics
2024_topps_series1,2024,Topps,Series 1,juan soto,Juan Soto,24,27,1989 Topps Baseball|1989 Topps Baseball Autographs|1989 Topps Baseball Chrome Silver Packs|1989 Topps Baseball Chrome Silver Packs Autographs|1989 Topps Baseball Foil Mega Box|1989 Topps Baseball Relics|Base|Baseball Stars Dual Autographs|City Connection Swatch Collection|Companion Cards|Heavy Lumber|Heavy Lumber Autograph Relics|Home Run Challenge Code|Home Sweet Home Stadium Medallions|Home Sweet Home Stadium Medallions Autographs|In the Name Relics|Major League Material|Major League Material Autographs|Oversized 2024 Topps Baseball|Social Media Follow Back Redemptions|Stars of MLB|Stars of MLB Chrome|Superstar Blueprint|Superstar Blueprint Autographs|Team Color Border Variations|Topps Mega Star|Topps Reverence Autograph Patch,1,San Diego Padres
2024_topps_series1,2024,Topps,Series 1,julio rodríguez,Julio Rodríguez,29,31,1989 Topps Baseball|1989 Topps Baseball Autographs|1989 Topps Baseball Chrome Silver Packs|1989 Topps Baseball Chrome Silver Packs Autographs|1989 Topps Baseball Foil Mega Box|1989 Topps Baseball Relics|2023 All-Topps Team|2023 All-Topps Team Autographs|2023 Greatest Hits|2023 Greatest Hits Autographs|Base|Baseball Stars Dual Autographs|City Connection Swatch Collection|Companion Cards|Heavy Lumber|Home Run Challenge Code|Home Sweet Home Stadium Medallions|Home Sweet Home Stadium Medallions Autographs|Homefield Advantage|In the Name Relics|Major League Material|Major League Material Autographs|Oversized 2024 Topps Baseball|Social Media Follow Back Redemptions|Stars of MLB|Stars of MLB Chrome|Superstar Blueprint|Superstar Blueprint Autographs|Team Color Border Variations|Topps Mega Star|Topps Reverence Autograph Patch,4,Houston Astros	- League Leaders|Seattle Mariners|Seattle Mariners	- League Leaders|Texas Rangers	- League Leaders
2024_topps_series1,2024,Topps,Series 1,junior caminero,Junior Caminero,4,6,1989 Topps Baseball|1989 Topps Baseball Chrome Silver Packs|1989 Topps Baseball Chrome Silver Packs Autographs|1989 Topps Baseball Foil Mega Box|Baseball Stars Autographs|Postseason Performance Autographs,1,Tampa Bay Rays
2024_topps_series1,2024,Topps,Series 1,justin lawrence,Justin Lawrence,1,2,Base|Team Color Border Variations,1,Colorado Rockies
2024_topps_series1,2024,Topps,Series 1,justin martinez,Justin Martinez,2,3,1989 Topps Baseball Autographs|Base|Team Color Border Variations,2,Arizona Diamondbacks|Arizona Diamondbacks	RC
2024_topps_series1,2024,Topps,Series 1,justin morneau,Justin Morneau,2,2,1989 Topps Baseball Autographs|Baseball Stars Autographs,1,Minnesota Twins
2024_topps_series1,2024,Topps,Series 1,justin steele,Justin Steele,4,3,Base|In the Name Relics|Team Color Border Variations,6,Arizona Diamondbacks	- League Leaders|Atlanta Braves	- League Leaders|Chicago Cubs|Chicago Cubs	- League Leaders|New York Mets	- League Leaders|San Diego Padres	- League Leaders
2024_topps_series1,2024,Topps,Series 1,justin verlander,Justin Verlander,4,6,1989 Topps Baseball|1989 Topps Baseball Chrome Silver Packs|1989 Topps Baseball Foil Mega Box|Base|Postseason Performance Relics|Team Color Border Variations,1,Houston Astros
2024_topps_series1,2024,Topps,Series 1,ke'bryan hayes,Ke'Bryan Hayes,4,5,1989 Topps Baseball Autographs|Base|Baseball Stars Autographs|Major League Material|Team Color Border Variations,1,Pittsburgh Pirates
2024_topps_series1,2024,Topps,Series 1,keaton winn,Keaton Winn,1,2,Base|Team Color Border Variations,2,San Francisco Giants|San Francisco Giants	RC
2024_topps_series1,2024,Topps,Series 1,keibert ruiz,Keibert Ruiz,1,2,Base|Team Color Border Variations,1,Washington Nationals
2024_topps_series1,2024,Topps,Series 1,ken griffey jr.,Ken Griffey Jr.,56,10,1989 Topps Baseball|1989 Topps Baseball Chrome Silver Packs|1989 Topps Baseball Foil Mega Box|1989 Topps Baseball Relics|Baseball Stars Dual Autographs|Celebration of the Kid|Celebration of the Kid Autographs|Grand Gamers|Superstar Blueprint|Superstar Blueprint Autographs,3,Chicago White Sox|Cincinnati Reds|Seattle Mariners
2024_topps_series1,2024,Topps,Series 1,kenley jansen,Kenley Jansen,2,3,Base|In the Name Relics|Team Color Border Variations,1,Boston Red Sox
2024_topps_series1,2024,Topps,Series 1,ketel marte,Ketel Marte,1,1,Postseason Performance Relics,1,Arizona Diamondbacks
2024_topps_series1,2024,Topps,Series 1,kevin gausman,Kevin Gausman,2,3,Base|Postseason Performance Relics|Team Color Border Variations,1,Toronto Blue Jays
2024_topps_series1,2024,Topps,Series 1,kirby puckett,Kirby Puckett,2,2,1989 Topps Baseball Relics|Cut Signatures,2,Minnesota Twins|Minnesota Twins	1/1
2024_topps_series1,2024,Topps,Series 1,kodai senga,Kodai Senga,3,3,Base|In the Name Relics|Team Color Border Variations,4,Chicago Cubs	- League Leaders|New York Mets|New York Mets	- League Leaders|San Diego Padres	- League Leaders
2024_topps_series1,2024,Topps,Series 1,kris bryant,Kris Bryant,9,12,1989 Topps Baseball|1989 Topps Baseball Chrome Silver Packs|1989 Topps Baseball Chrome Silver Packs Autographs|1989 Topps Baseball Foil Mega Box|1989 Topps Baseball Relics|Base|City Connection Swatch Collection|Home Sweet Home Stadium Medallions|Home Sweet Home Stadium Medallions Autographs|Major League Material|Social Media Follow Back Redemptions|Team Color Border Variations,1,Colorado Rockies
2024_topps_series1,2024,Topps,Series 1,kutter crawford,Kutter Crawford,1,1,Base,1,Boston Red Sox
2024_topps_series1,2024,Topps,Series 1,kyle bradish,Kyle Bradish,3,3,Base|Postseason Performance Autographs|Team Color Border Variations,4,Baltimore Orioles|Baltimore Orioles	- League Leaders|Minnesota Twins	- League Leaders|New York Yankees	- League Leaders
2024_topps_series1,2024,Topps,Series 1,kyle finnegan,Kyle Finnegan,1,2,Base|Team Color Border Variations,1,Washington Nationals
2024_topps_series1,2024,Topps,Series 1,kyle freeland,Kyle Freeland,1,2,Base|Team Color Border Variations,1,Colorado Rockies
2024_topps_series1,2024,Topps,Series 1,kyle gibson,Kyle Gibson,2,2,Postseason Performance Autograph Relics|Postseason Performance Autographs,1,Baltimore Orioles
2024_topps_series1,2024,Topps,Series 1,kyle harrison,Kyle Harrison,4,6,1989 Topps Baseball|1989 Topps Baseball Autographs|1989 Topps Baseball Chrome Silver Packs|1989 Topps Baseball Chrome Silver Packs Autographs|1989 Topps Baseball Foil Mega Box|Baseball Stars Autographs,1,San Francisco Giants
2024_topps_series1,2024,Topps,Series 1,kyle schwarber,Kyle Schwarber,8,8,1989 Topps Baseball Relics|Base|Major League Material|Major League Material Autographs|Postseason Performance Autograph Relics|Postseason Performance Autographs|Postseason Performance Relics|Team Color Border Variations,4,Atlanta Braves	- League Leaders|New York Mets	- League Leaders|Philadelphia Phillies|Philadelphia Phillies	- League Leaders
2024_topps_series1,2024,Topps,Series 1,kyle tucker,Kyle Tucker,6,6,2023 Greatest Hits|Base|City Connection Swatch Collection|In the Name Relics|Major League Material|Postseason Performance Relics,4,Houston Astros|Houston Astros	- League Leaders|Seattle Mariners	- League Leaders|Texas Rangers	- League Leaders
2024_topps_series1,2024,Topps,Series 1,lane thomas,Lane Thomas,1,2,Base|Team Color Border Variations,1,Washington Nationals
2024_topps_series1,2024,Topps,Series 1,larry walker,Larry Walker,2,2,1989 Topps Baseball Autographs|Topps Reverence Autograph Patch,1,Colorado Rockies
2024_topps_series1,2024,Topps,Series 1,lars nootbaar,Lars Nootbaar,3,4,1989 Topps Baseball Relics|Base|Baseball Stars Autographs|Team Color Border Variations,1,St. Louis Cardinals
2024_topps_series1,2024,Topps,Series 1,lawrence butler,Lawrence Butler,1,1,1989 Topps Baseball Chrome Silver Packs,1,Oakland Athletics
2024_topps_series1,2024,Topps,Series 1,leody taveras,Leody Taveras,3,4,Base|Postseason Performance Autographs|Team Color Border Variations|World Champion Autographs,1,Texas Rangers
2024_topps_series1,2024,Topps,Series 1,logan allen,Logan Allen,1,2,Base|Team Color Border Variations,1,Cleveland Guardians
2024_topps_series1,2024,Topps,Series 1,logan o'hoppe,Logan O'Hoppe,1,2,Base|Team Color Border Variations,1,Los Angeles Angels	- Future Stars
2024_topps_series1,2024,Topps,Series 1,logan webb,Logan Webb,5,6,1989 Topps Baseball Autographs|Base|City Connection Swatch Collection|Major League Material|Major League Material Autographs|Team Color Border Variations,1,San Francisco Giants
2024_topps_series1,2024,Topps,Series 1,los angeles angels,Los Angeles Angels,1,1,Base,1,Los Angeles Angels	- Team Card
2024_topps_series1,2024,Topps,Series 1,los angeles dodgers,Los Angeles Dodgers,1,1,Base,1,Los Angeles Dodgers	- Team Card
2024_topps_series1,2024,Topps,Series 1,lou boudreau,Lou Boudreau,1,1,Cut Signatures,1,Cleveland	1/1
2024_topps_series1,2024,Topps,Series 1,lourdes gurriel jr.,Lourdes Gurriel Jr.,2,2,In the Name Relics|Postseason Performance Relics,1,Arizona Diamondbacks
2024_topps_series1,2024,Topps,Series 1,luis arraez,Luis Arraez,7,8,1989 Topps Baseball|1989 Topps Baseball Chrome Silver Packs|1989 Topps Baseball Foil Mega Box|2023 Greatest Hits|2023 Greatest Hits Autographs|Base|Postseason Performance Relics|Team Color Border Variations,4,Atlanta Braves	- League Leaders|Los Angeles Dodgers	- League Leaders|Miami Marlins|Miami Marlins	- League Leaders
2024_topps_series1,2024,Topps,Series 1,luis campusano,Luis Campusano,1,2,Base|Team Color Border Variations,1,San Diego Padres
2024_topps_series1,2024,Topps,Series 1,luis castillo,Luis Castillo,3,4,Base|City Connection Swatch Collection|In the Name Relics|Team Color Border Variations,1,Seattle Mariners
2024_topps_series1,2024,Topps,Series 1,luis matos,Luis Matos,5,8,1989 Topps Baseball|1989 Topps Baseball Chrome Silver Packs|1989 Topps Baseball Chrome Silver Packs Autographs|1989 Topps Baseball Foil Mega Box|1989 Topps Baseball Relics|Base|Baseball Stars Autographs|Team Color Border Variations,2,San Francisco Giants|San Francisco Giants	RC
2024_topps_series1,2024,Topps,Series 1,luis rengifo,Luis Rengifo,1,1,Base,1,Los Angeles Angels
2024_topps_series1,2024,Topps,Series 1,luis robert jr.,Luis Robert Jr.,13,14,1989 Topps Baseball|1989 Topps Baseball Autographs|1989 Topps Baseball Chrome Silver Packs|1989 Topps Baseball Foil Mega Box|Base|Companion Cards|Home Run Challenge Code|Home Sweet Home Stadium Medallions|Home Sweet Home Stadium Medallions Autographs|Major League Material|Oversized 2024 Topps Baseball|Stars of MLB|Stars of MLB Chrome|Team Color Border Variations,4,Chicago White Sox|Chicago White Sox	- League Leaders|Los Angeles Angels	- League Leaders|Texas Rangers	- League Leaders
2024_topps_series1,2024,Topps,Series 1,luis severino,Luis Severino,1,1,Major League Material,1,New York Yankees
2024_topps_series1,2024,Topps,Series 1,luke raley,Luke Raley,1,1,Base,1,Tampa Bay Rays
2024_topps_series1,2024,Topps,Series 1,luken baker,Luken Baker,1,2,Base|Team Color Border Variations,2,St. Louis Cardinals|St. Louis Cardinals	RC
2024_topps_series1,2024,Topps,Series 1,mackenzie gore,MacKenzie Gore,2,3,Base|Baseball Stars Autographs|Team Color Border Variations,1,Washington Nationals
2024_topps_series1,2024,Topps,Series 1,maikel garcia,Maikel Garcia,1,1,Base,1,Kansas City Royals
2024_topps_series1,2024,Topps,Series 1,manny machado,Manny Machado,6,7,1989 Topps Baseball|1989 Topps Baseball Chrome Silver Packs|1989 Topps Baseball Foil Mega Box|1989 Topps Baseball Relics|City Connection Swatch Collection|Home Sweet Home Stadium Medallions|Major League Material,1,San Diego Padres
2024_topps_series1,2024,Topps,Series 1,manuel margot,Manuel Margot,1,2,Base|Team Color Border Variations,1,Tampa Bay Rays
2024_topps_series1,2024,Topps,Series 1,marco luciano,Marco Luciano,11,12,1989 Topps Baseball|1989 Topps Baseball Chrome Silver Packs|1989 Topps Baseball Foil Mega Box|1989 Topps Baseball Relics|Base|Companion Cards|Home Sweet Home Stadium Medallions|Oversized 2024 Topps Baseball|Stars of MLB|Stars of MLB Chrome|Team Color Border Variations|Topps Mega Star,2,San Francisco Giants|San Francisco Giants	(RC)
2024_topps_series1,2024,Topps,Series 1,marcus semien,Marcus Semien,10,10,2023 All-Topps Team|2023 All-Topps Team Autographs|In the Name Relics|Major League Material|Postseason Performance Autograph Relics|Postseason Performance Autographs|Postseason Performance Relics|World Champion Autographs|World Champion Relics|World Series Champion Autograph Relics,1,Texas Rangers
2024_topps_series1,2024,Topps,Series 1,mark mcgwire,Mark McGwire,3,5,1989 Topps Baseball|1989 Topps Baseball Autographs|1989 Topps Baseball Chrome Silver Packs|1989 Topps Baseball Chrome Silver Packs Autographs|1989 Topps Baseball Foil Mega Box,1,Oakland Athletics
2024_topps_series1,2024,Topps,Series 1,mark teixeira,Mark Teixeira,1,1,Baseball Stars Autographs,1,New York Yankees
2024_topps_series1,2024,Topps,Series 1,mark vientos,Mark Vientos,1,2,Base|Team Color Border Variations,1,New York Mets
2024_topps_series1,2024,Topps,Series 1,masataka yoshida,Masataka Yoshida,5,8,1989 Topps Baseball|1989 Topps Baseball Chrome Silver Packs|1989 Topps Baseball Chrome Silver Packs Autographs|1989 Topps Baseball Foil Mega Box|Base|Major League Material|Major League Material Autographs|Team Color Border Variations,1,Boston Red Sox
2024_topps_series1,2024,Topps,Series 1,masyn winn,Masyn Winn,3,4,1989 Topps Baseball|1989 Topps Baseball Autographs|1989 Topps Baseball Chrome Silver Packs|1989 Topps Baseball Foil Mega Box,1,St. Louis Cardinals
2024_topps_series1,2024,Topps,Series 1,matt chapman,Matt Chapman,4,4,Postseason Performance Autograph Relics|Postseason Performance Autographs|Postseason Performance Relics|Topps Reverence Autograph Patch,1,Toronto Blue Jays
2024_topps_series1,2024,Topps,Series 1,matt holliday,Matt Holliday,1,1,Baseball Stars Autographs,1,St. Louis Cardinals
2024_topps_series1,2024,Topps,Series 1,matt manning,Matt Manning,1,2,Base|Team Color Border Variations,1,Detroit Tigers
2024_topps_series1,2024,Topps,Series 1,matt mclain,Matt McLain,2,3,Base|Baseball Stars Autographs|Team Color Border Variations,1,Cincinnati Reds
2024_topps_series1,2024,Topps,Series 1,matt olson,Matt Olson,16,17,1989 Topps Baseball|1989 Topps Baseball Autographs|1989 Topps Baseball Chrome Silver Packs|1989 Topps Baseball Chrome Silver Packs Autographs|1989 Topps Baseball Foil Mega Box|2023 All-Topps Team|2023 All-Topps Team Autographs|2023 Greatest Hits|2023 Greatest Hits Autographs|Base|Home Run Challenge Code|Home Sweet Home Stadium Medallions|Home Sweet Home Stadium Medallions Autographs|In the Name Relics|Postseason Performance Autographs|Social Media Follow Back Redemptions|Team Color Border Variations,4,Atlanta Braves|Atlanta Braves	- League Leaders|New York Mets	- League Leaders|Philadelphia Phillies	- League Leaders
2024_topps_series1,2024,Topps,Series 1,matt waldron,Matt Waldron,1,2,Base|Team Color Border Variations,2,San Diego Padres|San Diego Padres	RC
2024_topps_series1,2024,Topps,Series 1,matt wallner,Matt Wallner,1,2,Base|Team Color Border Variations,1,Minnesota Twins
2024_topps_series1,2024,Topps,Series 1,matt williams,Matt Williams,1,1,1989 Topps Baseball Autographs,1,San Francisco Giants
2024_topps_series1,2024,Topps,Series 1,mauricio dubón,Mauricio Dubón,1,2,Base|Team Color Border Variations,1,Houston Astros
2024_topps_series1,2024,Topps,Series 1,max fried,Max Fried,2,3,1989 Topps Baseball Autographs|Base|Team Color Border Variations,1,Atlanta Braves
2024_topps_series1,2024,Topps,Series 1,max muncy,Max Muncy,7,8,1989 Topps Baseball Autographs|Base|City Connection Swatch Collection|Major League Material|Major League Material Autographs|Postseason Performance Relics|Team Color Border Variations|Topps Reverence Autograph Patch,1,Los Angeles Dodgers
2024_topps_series1,2024,Topps,Series 1,max scherzer,Max Scherzer,4,5,1989 Topps Baseball|1989 Topps Baseball Foil Mega Box|World Champion Autographs|World Champion Relics|World Series Champion Autograph Relics,1,Texas Rangers
2024_topps_series1,2024,Topps,Series 1,mel ott,Mel Ott,1,1,Cut Signatures,1,New York Giants	1/1
2024_topps_series1,2024,Topps,Series 1,merrill kelly,Merrill Kelly,2,3,Base|Postseason Performance Relics|Team Color Border Variations,1,Arizona Diamondbacks
2024_topps_series1,2024,Topps,Series 1,miami marlins,Miami Marlins,1,1,Base,1,Miami Marlins	- Team Card
2024_topps_series1,2024,Topps,Series 1,michael brantley,Michael Brantley,3,3,Postseason Performance Autograph Relics|Postseason Performance Autographs|Postseason Performance Relics,1,Houston Astros
2024_topps_series1,2024,Topps,Series 1,michael conforto,Michael Conforto,1,1,Baseball Stars Autographs,1,San Francisco Giants
2024_topps_series1,2024,Topps,Series 1,michael harris ii,Michael Harris II,6,7,1989 Topps Baseball Autographs|1989 Topps Baseball Relics|Base|Major League Material|Major League Material Autographs|Postseason Performance Relics|Team Color Border Variations,1,Atlanta Braves
2024_topps_series1,2024,Topps,Series 1,michael kopech,Michael Kopech,1,1,Base,1,Chicago White Sox
2024_topps_series1,2024,Topps,Series 1,michael lorenzen,Michael Lorenzen,1,1,In the Name Relics,1,Detroit Tigers
2024_topps_series1,2024,Topps,Series 1,michael massey,Michael Massey,1,2,Base|Team Color Border Variations,1,Kansas City Royals
2024_topps_series1,2024,Topps,Series 1,michael wacha,Michael Wacha,1,2,Base|Team Color Border Variations,1,San Diego Padres
2024_topps_series1,2024,Topps,Series 1,mickey moniak,Mickey Moniak,2,3,Base|Baseball Stars Autographs|Team Color Border Variations,1,Los Angeles Angels
2024_topps_series1,2024,Topps,Series 1,miguel amaya,Miguel Amaya,1,2,Base|Team Color Border Variations,1,Chicago Cubs
2024_topps_series1,2024,Topps,Series 1,miguel cabrera,Miguel Cabrera,7,9,1989 Topps Baseball|1989 Topps Baseball Chrome Silver Packs|1989 Topps Baseball Foil Mega Box|1989 Topps Baseball Relics|2023 Greatest Hits|Base|Home Sweet Home Stadium Medallions|Major League Material|Team Color Border Variations,1,Detroit Tigers
2024_topps_series1,2024,Topps,Series 1,mike piazza,Mike Piazza,3,3,1989 Topps Baseball Relics|Baseball Stars Dual Autographs|Topps Reverence Autograph Patch,1,New York Mets
2024_topps_series1,2024,Topps,Series 1,mike schmidt,Mike Schmidt,7,9,1989 Topps Baseball|1989 Topps Baseball Chrome Silver Packs|1989 Topps Baseball Chrome Silver Packs Autographs|1989 Topps Baseball Foil Mega Box|Baseball Stars Dual Autographs|Grand Gamers|Grand Gamers Autographs|Legendary Homefield Advantage|Topps Reverence Autograph Patch,1,Philadelphia Phillies
2024_topps_series1,2024,Topps,Series 1,mike trout,Mike Trout,25,28,1989 Topps Baseball|1989 Topps Baseball Autographs|1989 Topps Baseball Chrome Silver Packs|1989 Topps Baseball Chrome Silver Packs Autographs|1989 Topps Baseball Foil Mega Box|1989 Topps Baseball Relics|Base|Baseball Stars Dual Autographs|City Connection Swatch Collection|Companion Cards|Grand Gamers|Grand Gamers Autographs|Heavy Lumber|Heavy Lumber Autograph Relics|Home Run Challenge Code|Home Sweet Home Stadium Medallions|Home Sweet Home Stadium Medallions Autographs|Homefield Advantage|Major League Material|Major League Material Autographs|Oversized 2024 Topps Baseball|Stars of MLB|Stars of MLB Chrome|Superstar Blueprint|Superstar Blueprint Autographs|Team Color Border Variations|Topps Mega Star|Topps Reverence Autograph Patch,1,Los Angeles Angels
2024_topps_series1,2024,Topps,Series 1,mike yastrzemski,Mike Yastrzemski,3,4,Base|City Connection Swatch Collection|Major League Material|Team Color Border Variations,1,San Francisco Giants
2024_topps_series1,2024,Topps,Series 1,miles mikolas,Miles Mikolas,2,3,Base|Baseball Stars Autographs|Team Color Border Variations,1,St. Louis Cardinals
2024_topps_series1,2024,Topps,Series 1,mitch keller,Mitch Keller,2,3,Base|In the Name Relics|Team Color Border Variations,1,Pittsburgh Pirates
2024_topps_series1,2024,Topps,Series 1,mj melendez,MJ Melendez,1,1,City Connection Swatch Collection,1,Kansas City Royals
2024_topps_series1,2024,Topps,Series 1,monte irvin,Monte Irvin,1,1,Cut Signatures,1,New York Giants	1/1
2024_topps_series1,2024,Topps,Series 1,mookie betts,Mookie Betts,18,18,1989 Topps Baseball|1989 Topps Baseball Chrome Silver Packs|1989 Topps Baseball Foil Mega Box|2023 All-Topps Team|2023 Greatest Hits|Base|Companion Cards|Home Run Challenge Code|Home Sweet Home Stadium Medallions|In the Name Relics|Major League Material|Oversized 2024 Topps Baseball|Postseason Performance Relics|Stars of MLB|Stars of MLB Chrome|Superstar Blueprint|Team Color Border Variations|Topps Mega Star,2,Los Angeles Dodgers|Major League Baseball	- Checklist
2024_topps_series1,2024,Topps,Series 1,nathan eovaldi,Nathan Eovaldi,9,10,1989 Topps Baseball Autographs|Base|In the Name Relics|Postseason Performance Autograph Relics|Postseason Performance Autographs|Postseason Performance Relics|Team Color Border Variations|World Champion Autographs|World Champion Relics|World Series Champion Autograph Relics,1,Texas Rangers
2024_topps_series1,2024,Topps,Series 1,nathaniel lowe,Nathaniel Lowe,1,2,Base|Team Color Border Variations,1,Texas Rangers
2024_topps_series1,2024,Topps,Series 1,nelson cruz,Nelson Cruz,1,1,City Connection Swatch Collection,1,San Diego Padres
2024_topps_series1,2024,Topps,Series 1,nestor cortes,Nestor Cortes,1,1,1989 Topps Baseball Autographs,1,New York Yankees
2024_topps_series1,2024,Topps,Series 1,nestor cortes jr.,Nestor Cortes Jr.,2,3,1989 Topps Baseball Relics|Base|Team Color Border Variations,1,New York Yankees
2024_topps_series1,2024,Topps,Series 1,new york yankees,New York Yankees,1,1,Base,1,New York Yankees	- Team Card
2024_topps_series1,2024,Topps,Series 1,nick castellanos,Nick Castellanos,2,2,Postseason Performance Autograph Relics|Postseason Performance Relics,1,Philadelphia Phillies
2024_topps_series1,2024,Topps,Series 1,nick fortes,Nick Fortes,1,2,Base|Team Color Border Variations,1,Miami Marlins
2024_topps_series1,2024,Topps,Series 1,nick gonzales,Nick Gonzales,3,4,1989 Topps Baseball Autographs|Base|Baseball Stars Autographs|Team Color Border Variations,2,Pittsburgh Pirates|Pittsburgh Pirates	RC
2024_topps_series1,2024,Topps,Series 1,nick loftin,Nick Loftin,1,1,Baseball Stars Autographs,1,Kansas City Royals
2024_topps_series1,2024,Topps,Series 1,nick pivetta,Nick Pivetta,1,2,Base|Team Color Border Variations,1,Boston Red Sox
2024_topps_series1,2024,Topps,Series 1,nick pratto,Nick Pratto,1,1,1989 Topps Baseball Relics,1,Kansas City Royals
2024_topps_series1,2024,Topps,Series 1,nick robertson,Nick Robertson,1,2,Base|Team Color Border Variations,2,Boston Red Sox|Boston Red Sox	RC
2024_topps_series1,2024,Topps,Series 1,nick senzel,Nick Senzel,1,2,Base|Team Color Border Variations,1,Cincinnati Reds
2024_topps_series1,2024,Topps,Series 1,nico hoerner,Nico Hoerner,2,3,Base|Baseball Stars Autographs|Team Color Border Variations,1,Chicago Cubs
2024_topps_series1,2024,Topps,Series 1,noelvi marte,Noelvi Marte,4,5,1989 Topps Baseball Chrome Silver Packs|1989 Topps Baseball Chrome Silver Packs Autographs|2023 Greatest Hits|2023 Greatest Hits Autographs|Baseball Stars Autographs,1,Cincinnati Reds
2024_topps_series1,2024,Topps,Series 1,nolan arenado,Nolan Arenado,13,15,1989 Topps Baseball|1989 Topps Baseball Chrome Silver Packs|1989 Topps Baseball Foil Mega Box|1989 Topps Baseball Relics|Base|Companion Cards|Home Run Challenge Code|Home Sweet Home Stadium Medallions|Homefield Advantage|In the Name Relics|Major League Material|Oversized 2024 Topps Baseball|Superstar Blueprint|Team Color Border Variations|Topps Mega Star,1,St. Louis Cardinals
2024_topps_series1,2024,Topps,Series 1,nolan jones,Nolan Jones,1,1,1989 Topps Baseball Relics,1,Colorado Rockies
2024_topps_series1,2024,Topps,Series 1,nolan ryan,Nolan Ryan,6,8,1989 Topps Baseball|1989 Topps Baseball Autographs|1989 Topps Baseball Chrome Silver Packs|1989 Topps Baseball Chrome Silver Packs Autographs|1989 Topps Baseball Foil Mega Box|Baseball Stars Dual Autographs|Grand Gamers|Grand Gamers Autographs,2,Houston Astros|Seattle Mariners
2024_topps_series1,2024,Topps,Series 1,nolan schanuel,Nolan Schanuel,3,6,1989 Topps Baseball|1989 Topps Baseball Chrome Silver Packs|1989 Topps Baseball Chrome Silver Packs Autographs|1989 Topps Baseball Foil Mega Box|Base|Team Color Border Variations,2,Los Angeles Angels|Los Angeles Angels	RC
2024_topps_series1,2024,Topps,Series 1,nomar garciaparra,Nomar Garciaparra,1,1,1989 Topps Baseball Autographs,1,Boston Red Sox
2024_topps_series1,2024,Topps,Series 1,oneil cruz,Oneil Cruz,4,6,1989 Topps Baseball|1989 Topps Baseball Foil Mega Box|1989 Topps Baseball Relics|Base|Major League Material|Team Color Border Variations,1,Pittsburgh Pirates
2024_topps_series1,2024,Topps,Series 1,orlando arcia,Orlando Arcia,2,3,Base|In the Name Relics|Team Color Border Variations,1,Atlanta Braves
2024_topps_series1,2024,Topps,Series 1,oscar colás,Oscar Colás,1,2,Base|Team Color Border Variations,1,Chicago White Sox
2024_topps_series1,2024,Topps,Series 1,osleivis basabe,Osleivis Basabe,1,1,Baseball Stars Autographs,1,Tampa Bay Rays
2024_topps_series1,2024,Topps,Series 1,owen white,Owen White,4,6,1989 Topps Baseball Autographs|1989 Topps Baseball Chrome Silver Packs|1989 Topps Baseball Chrome Silver Packs Autographs|Base|Baseball Stars Autographs|Team Color Border Variations,2,Texas Rangers|Texas Rangers	RC
2024_topps_series1,2024,Topps,Series 1,ozzie albies,Ozzie Albies,8,8,1989 Topps Baseball Relics|Base|Home Run Challenge Code|In the Name Relics|Major League Material|Major League Material Autographs|Postseason Performance Relics|Topps Reverence Autograph Patch,3,Atlanta Braves|Atlanta Braves	- League Leaders|New York Mets	- League Leaders
2024_topps_series1,2024,Topps,Series 1,ozzie smith,Ozzie Smith,6,7,1989 Topps Baseball|1989 Topps Baseball Autographs|1989 Topps Baseball Foil Mega Box|1989 Topps Baseball Relics|Grand Gamers|Grand Gamers Autographs|Topps Reverence Autograph Patch,1,St. Louis Cardinals
2024_topps_series1,2024,Topps,Series 1,parker meadows,Parker Meadows,1,1,Baseball Stars Autographs,1,Detroit Tigers
2024_topps_series1,2024,Topps,Series 1,patrick bailey,Patrick Bailey,1,2,Base|Team Color Border Variations,1,San Francisco Giants
2024_topps_series1,2024,Topps,Series 1,patrick corbin,Patrick Corbin,1,2,Base|Team Color Border Variations,1,Washington Nationals
2024_topps_series1,2024,Topps,Series 1,patrick wisdom,Patrick Wisdom,1,2,Base|Team Color Border Variations,1,Chicago Cubs
2024_topps_series1,2024,Topps,Series 1,paul goldschmidt,Paul Goldschmidt,17,20,1989 Topps Baseball|1989 Topps Baseball Chrome Silver Packs|1989 Topps Baseball Chrome Silver Packs Autographs|1989 Topps Baseball Foil Mega Box|1989 Topps Baseball Relics|Base|Heavy Lumber|Heavy Lumber Autograph Relics|Home Run Challenge Code|Home Sweet Home Stadium Medallions|Home Sweet Home Stadium Medallions Autographs|Major League Material|Major League Material Autographs|Stars of MLB|Stars of MLB Chrome|Superstar Blueprint|Superstar Blueprint Autographs|Team Color Border Variations|Topps Mega Star|Topps Reverence Autograph Patch,1,St. Louis Cardinals
2024_topps_series1,2024,Topps,Series 1,paul o'neill,Paul O'Neill,1,1,Baseball Stars Autographs,1,New York Yankees
2024_topps_series1,2024,Topps,Series 1,paul sewald,Paul Sewald,1,2,Base|Team Color Border Variations,1,Arizona Diamondbacks
2024_topps_series1,2024,Topps,Series 1,pedro martinez,Pedro Martinez,1,1,Baseball Stars Dual Autographs,1,Boston Red Sox
2024_topps_series1,2024,Topps,Series 1,pee wee reese,Pee Wee Reese,2,1,Cut Signatures,1,Brooklyn Dodgers	1/1
2024_topps_series1,2024,Topps,Series 1,pete alonso,Pete Alonso,25,24,1989 Topps Baseball|1989 Topps Baseball Chrome Silver Packs|1989 Topps Baseball Chrome Silver Packs Autographs|1989 Topps Baseball Foil Mega Box|1989 Topps Baseball Relics|2023 Greatest Hits|2023 Greatest Hits Autographs|Base|Baseball Stars Dual Autographs|Companion Cards|Heavy Lumber|Home Run Challenge Code|Home Sweet Home Stadium Medallions|Home Sweet Home Stadium Medallions Autographs|In the Name Relics|Major League Material|Major League Material Autographs|Oversized 2024 Topps Baseball|Stars of MLB|Stars of MLB Chrome|Superstar Blueprint|Superstar Blueprint Autographs|Team Color Border Variations|Topps Mega Star,5,Atlanta Braves	- League Leaders|New York Mets|New York Mets	- Checklist|New York Mets	- League Leaders|Philadelphia Phillies	- League Leaders
2024_topps_series1,2024,Topps,Series 1,pete crow-armstrong,Pete Crow-Armstrong,4,5,1989 Topps Baseball Autographs|1989 Topps Baseball Chrome Silver Packs|1989 Topps Baseball Chrome Silver Packs Autographs|Stars of MLB|Stars of MLB Chrome,1,Chicago Cubs
2024_topps_series1,2024,Topps,Series 1,phil rizzuto,Phil Rizzuto,1,1,Cut Signatures,1,New York Yankees	1/1
2024_topps_series1,2024,Topps,Series 1,philadelphia phillies,Philadelphia Phillies,1,1,Base,1,Philadelphia Phillies	- Team Card
2024_topps_series1,2024,Topps,Series 1,prelander berroa,Prelander Berroa,2,3,Base|Baseball Stars Autographs|Team Color Border Variations,2,Seattle Mariners|Seattle Mariners	RC
2024_topps_series1,2024,Topps,Series 1,prince fielder,Prince Fielder,2,2,Baseball Stars Autographs|Baseball Stars Dual Autographs,1,Milwaukee Brewers
2024_topps_series1,2024,Topps,Series 1,quinn priester,Quinn Priester,3,4,1989 Topps Baseball Autographs|Base|Baseball Stars Autographs|Team Color Border Variations,2,Pittsburgh Pirates|Pittsburgh Pirates	RC
2024_topps_series1,2024,Topps,Series 1,rafael devers,Rafael Devers,12,15,1989 Topps Baseball|1989 Topps Baseball Chrome Silver Packs|1989 Topps Baseball Chrome Silver Packs Autographs|1989 Topps Baseball Foil Mega Box|1989 Topps Baseball Relics|Base|Companion Cards|Heavy Lumber|Home Run Challenge Code|Home Sweet Home Stadium Medallions|Home Sweet Home Stadium Medallions Autographs|Major League Material|Major League Material Autographs|Oversized 2024 Topps Baseball|Team Color Border Variations,1,Boston Red Sox
2024_topps_series1,2024,Topps,Series 1,ralph kiner,Ralph Kiner,1,1,Cut Signatures,1,Pittsburgh Pirates	1/1
2024_topps_series1,2024,Topps,Series 1,randy arozarena,Randy Arozarena,14,17,1989 Topps Baseball|1989 Topps Baseball Chrome Silver Packs|1989 Topps Baseball Chrome Silver Packs Autographs|1989 Topps Baseball Foil Mega Box|1989 Topps Baseball Relics|Base|Home Run Challenge Code|Home Sweet Home Stadium Medallions|Home Sweet Home Stadium Medallions Autographs|Homefield Advantage|In the Name Relics|Major League Material|Major League Material Autographs|Postseason Performance Autograph Relics|Postseason Performance Autographs|Postseason Performance Relics|Team Color Border Variations,1,Tampa Bay Rays
2024_topps_series1,2024,Topps,Series 1,randy johnson,Randy Johnson,3,3,1989 Topps Baseball Autographs|Baseball Stars Dual Autographs|Legendary Homefield Advantage,3,Arizona Diamondbacks|Houston Astros|Seattle Mariners
2024_topps_series1,2024,Topps,Series 1,ranger suárez,Ranger Suárez,1,2,Base|Team Color Border Variations,1,Philadelphia Phillies
2024_topps_series1,2024,Topps,Series 1,red schoendienst,Red Schoendienst,1,1,Cut Signatures,1,St. Louis Cardinals	1/1
2024_topps_series1,2024,Topps,Series 1,reese olson,Reese Olson,2,3,1989 Topps Baseball Autographs|Base|Team Color Border Variations,2,Detroit Tigers|Detroit Tigers	RC
2024_topps_series1,2024,Topps,Series 1,reid detmers,Reid Detmers,2,3,Base|Baseball Stars Autographs|Team Color Border Variations,1,Los Angeles Angels
2024_topps_series1,2024,Topps,Series 1,rick ankiel,Rick Ankiel,1,1,Baseball Stars Autographs,1,St. Louis Cardinals
2024_topps_series1,2024,Topps,Series 1,rick ferrell,Rick Ferrell,1,1,Cut Signatures,1,St. Louis Browns	1/1
2024_topps_series1,2024,Topps,Series 1,riley greene,Riley Greene,9,11,1989 Topps Baseball|1989 Topps Baseball Foil Mega Box|1989 Topps Baseball Relics|Base|Home Sweet Home Stadium Medallions|Home Sweet Home Stadium Medallions Autographs|Major League Material|Major League Material Autographs|Stars of MLB|Stars of MLB Chrome|Team Color Border Variations,2,Detroit Tigers|Detroit Tigers	- Future Stars
2024_topps_series1,2024,Topps,Series 1,roberto clemente,Roberto Clemente,2,2,Cut Signatures|Grand Gamers,2,Pittsburgh Pirates|Pittsburgh Pirates	1/1
2024_topps_series1,2024,Topps,Series 1,robin yount,Robin Yount,4,6,1989 Topps Baseball|1989 Topps Baseball Autographs|1989 Topps Baseball Chrome Silver Packs|1989 Topps Baseball Chrome Silver Packs Autographs|1989 Topps Baseball Foil Mega Box|Baseball Stars Dual Autographs,1,Milwaukee Brewers
2024_topps_series1,2024,Topps,Series 1,rod carew,Rod Carew,1,1,Grand Gamers,1,Minnesota Twins
2024_topps_series1,2024,Topps,Series 1,roger clemens,Roger Clemens,1,1,Baseball Stars Dual Autographs,1,Boston Red Sox
2024_topps_series1,2024,Topps,Series 1,roger maris,Roger Maris,1,1,Cut Signatures,1,New York Yankees	1/1
2024_topps_series1,2024,Topps,Series 1,rogers hornsby,Rogers Hornsby,1,1,Cut Signatures,1,St. Louis Cardinals	1/1
2024_topps_series1,2024,Topps,Series 1,ron santo,Ron Santo,1,1,Cut Signatures,1,Chicago Cubs	1/1
2024_topps_series1,2024,Topps,Series 1,ronald acuña jr.,Ronald Acuña Jr.,30,29,1989 Topps Baseball|1989 Topps Baseball Autographs|1989 Topps Baseball Chrome Silver Packs|1989 Topps Baseball Chrome Silver Packs Autographs|1989 Topps Baseball Foil Mega Box|1989 Topps Baseball Relics|2023 All-Topps Team|2023 All-Topps Team Autographs|2023 Greatest Hits|2023 Greatest Hits Autographs|Base|Baseball Stars Dual Autographs|Companion Cards|Heavy Lumber|Heavy Lumber Autograph Relics|Home Run Challenge Code|Home Sweet Home Stadium Medallions|Home Sweet Home Stadium Medallions Autographs|In the Name Relics|Major League Material|Oversized 2024 Topps Baseball|Postseason Performance Autograph Relics|Postseason Performance Relics|Stars of MLB|Stars of MLB Chrome|Superstar Blueprint|Team Color Border Variations|Topps Mega Star|Topps Reverence Autograph Patch,5,Atlanta Braves|Atlanta Braves	- Checklist|Atlanta Braves	- League Leaders|Los Angeles Dodgers	- League Leaders|Miami Marlins	- League Leaders
2024_topps_series1,2024,Topps,Series 1,ronny mauricio,Ronny Mauricio,10,13,1989 Topps Baseball|1989 Topps Baseball Chrome Silver Packs|1989 Topps Baseball Chrome Silver Packs Autographs|1989 Topps Baseball Foil Mega Box|Base|Companion Cards|Home Sweet Home Stadium Medallions|Home Sweet Home Stadium Medallions Autographs|Major League Material Autographs|Oversized 2024 Topps Baseball|Stars of MLB|Stars of MLB Chrome|Team Color Border Variations,2,New York Mets|New York Mets	RC
2024_topps_series1,2024,Topps,Series 1,rowdy tellez,Rowdy Tellez,1,2,Base|Team Color Border Variations,1,Milwaukee Brewers
2024_topps_series1,2024,Topps,Series 1,roy campanella,Roy Campanella,1,1,Cut Signatures,1,Brooklyn Dodgers	1/1
2024_topps_series1,2024,Topps,Series 1,royce lewis,Royce Lewis,6,7,2023 Greatest Hits|2023 Greatest Hits Autographs|Base|Postseason Performance Autograph Relics|Postseason Performance Autographs|Postseason Performance Relics|Team Color Border Variations,1,Minnesota Twins
2024_topps_series1,2024,Topps,Series 1,ryan howard,Ryan Howard,3,3,1989 Topps Baseball Autographs|Baseball Stars Autographs|Baseball Stars Dual Autographs,1,Philadelphia Phillies
2024_topps_series1,2024,Topps,Series 1,ryan jeffers,Ryan Jeffers,1,2,Base|Team Color Border Variations,1,Minnesota Twins
2024_topps_series1,2024,Topps,Series 1,ryan mountcastle,Ryan Mountcastle,8,9,1989 Topps Baseball Autographs|1989 Topps Baseball Relics|Base|City Connection Swatch Collection|Major League Material|Major League Material Autographs|Postseason Performance Relics|Team Color Border Variations|Topps Reverence Autograph Patch,1,Baltimore Orioles
2024_topps_series1,2024,Topps,Series 1,ryan o'hearn,Ryan O'Hearn,1,2,Base|Team Color Border Variations,1,Baltimore Orioles
2024_topps_series1,2024,Topps,Series 1,ryan pressly,Ryan Pressly,3,4,Base|Postseason Performance Autograph Relics|Postseason Performance Autographs|Team Color Border Variations,1,Houston Astros
2024_topps_series1,2024,Topps,Series 1,ryne nelson,Ryne Nelson,1,1,Base,1,Arizona Diamondbacks
2024_topps_series1,2024,Topps,Series 1,ryne sandberg,Ryne Sandberg,6,8,1989 Topps Baseball|1989 Topps Baseball Chrome Silver Packs|1989 Topps Baseball Chrome Silver Packs Autographs|1989 Topps Baseball Foil Mega Box|1989 Topps Baseball Relics|Baseball Stars Dual Autographs|Grand Gamers|Grand Gamers Autographs,1,Chicago Cubs
2024_topps_series1,2024,Topps,Series 1,sal frelick,Sal Frelick,10,12,1989 Topps Baseball|1989 Topps Baseball Autographs|1989 Topps Baseball Chrome Silver Packs|1989 Topps Baseball Chrome Silver Packs Autographs|1989 Topps Baseball Foil Mega Box|2023 Greatest Hits|2023 Greatest Hits Autographs|Baseball Stars Autographs|Postseason Performance Relics|Stars of MLB|Stars of MLB Chrome|Team Color Border Variations,1,Milwaukee Brewers
2024_topps_series1,2024,Topps,Series 1,salvador perez,Salvador Perez,4,5,Base|City Connection Swatch Collection|In the Name Relics|Major League Material|Team Color Border Variations,1,Kansas City Royals
2024_topps_series1,2024,Topps,Series 1,samad taylor,Samad Taylor,2,3,1989 Topps Baseball Autographs|Base|Team Color Border Variations,2,Kansas City Royals|Kansas City Royals	RC
2024_topps_series1,2024,Topps,Series 1,sammy sosa,Sammy Sosa,1,1,1989 Topps Baseball Relics,1,Chicago Cubs
2024_topps_series1,2024,Topps,Series 1,san diego padres,San Diego Padres,1,1,Base,1,San Diego Padres	- Team Card
2024_topps_series1,2024,Topps,Series 1,sandy alcantara,Sandy Alcantara,1,1,Major League Material,1,Miami Marlins
2024_topps_series1,2024,Topps,Series 1,satchel paige,Satchel Paige,1,1,Cut Signatures,1,St. Louis Browns	1/1
2024_topps_series1,2024,Topps,Series 1,scott rolen,Scott Rolen,1,1,Topps Reverence Autograph Patch,1,Cincinnati Reds
2024_topps_series1,2024,Topps,Series 1,sean murphy,Sean Murphy,2,3,Base|In the Name Relics|Team Color Border Variations,1,Atlanta Braves
2024_topps_series1,2024,Topps,Series 1,seattle mariners,Seattle Mariners,1,1,Base,1,Seattle Mariners	- Team Card
2024_topps_series1,2024,Topps,Series 1,seiya suzuki,Seiya Suzuki,3,4,1989 Topps Baseball Relics|Base|Major League Material|Team Color Border Variations,1,Chicago Cubs
2024_topps_series1,2024,Topps,Series 1,seth brown,Seth Brown,1,2,Base|Team Color Border Variations,1,Oakland Athletics
2024_topps_series1,2024,Topps,Series 1,seth lugo,Seth Lugo,1,2,Base|Team Color Border Variations,1,San Diego Padres
2024_topps_series1,2024,Topps,Series 1,shane baz,Shane Baz,1,1,Baseball Stars Autographs,1,Tampa Bay Rays
2024_topps_series1,2024,Topps,Series 1,shane bieber,Shane Bieber,3,4,1989 Topps Baseball Autographs|Base|Major League Material Autographs|Team Color Border Variations,1,Cleveland Guardians
2024_topps_series1,2024,Topps,Series 1,shane mcclanahan,Shane McClanahan,3,3,Baseball Stars Autographs|In the Name Relics|Major League Material,1,Tampa Bay Rays
2024_topps_series1,2024,Topps,Series 1,shea langeliers,Shea Langeliers,1,2,Base|Team Color Border Variations,1,Oakland Athletics
2024_topps_series1,2024,Topps,Series 1,shohei ohtani,Shohei Ohtani,29,27,1989 Topps Baseball|1989 Topps Baseball Autographs|1989 Topps Baseball Chrome Silver Packs|1989 Topps Baseball Chrome Silver Packs Autographs|1989 Topps Baseball Foil Mega Box|1989 Topps Baseball Relics|2023 All-Topps Team|2023 All-Topps Team Autographs|2023 Greatest Hits|2023 Greatest Hits Autographs|Base|Baseball Stars Dual Autographs|Companion Cards|Heavy Lumber|Heavy Lumber Autograph Relics|Home Run Challenge Code|Home Sweet Home Stadium Medallions|Home Sweet Home Stadium Medallions Autographs|In the Name Relics|Major League Material|Oversized 2024 Topps Baseball|Stars of MLB|Stars of MLB Chrome|Superstar Blueprint|Superstar Blueprint Autographs|Topps Mega Star|Topps Reverence Autograph Patch,4,Chicago White Sox	- League Leaders|Los Angeles Angels|Los Angeles Angels	- League Leaders|Texas Rangers	- League Leaders
2024_topps_series1,2024,Topps,Series 1,slade cecconi,Slade Cecconi,1,1,1989 Topps Baseball Autographs,1,Arizona Diamondbacks
2024_topps_series1,2024,Topps,Series 1,sonny gray,Sonny Gray,8,10,1989 Topps Baseball|1989 Topps Baseball Autographs|1989 Topps Baseball Chrome Silver Packs|1989 Topps Baseball Chrome Silver Packs Autographs|1989 Topps Baseball Foil Mega Box|1989 Topps Baseball Relics|Base|In the Name Relics|Major League Material Autographs|Postseason Performance Autographs,4,Baltimore Orioles	- League Leaders|Minnesota Twins|Minnesota Twins	- League Leaders|New York Yankees	- League Leaders
2024_topps_series1,2024,Topps,Series 1,spencer horwitz,Spencer Horwitz,2,3,1989 Topps Baseball Autographs|Base|Team Color Border Variations,2,Toronto Blue Jays|Toronto Blue Jays	RC
2024_topps_series1,2024,Topps,Series 1,spencer strider,Spencer Strider,7,7,Base|Home Sweet Home Stadium Medallions|Home Sweet Home Stadium Medallions Autographs|Postseason Performance Autograph Relics|Postseason Performance Autographs|Postseason Performance Relics|Team Color Border Variations,4,Arizona Diamondbacks	- League Leaders|Atlanta Braves|Atlanta Braves	- League Leaders|Chicago Cubs	- League Leaders
2024_topps_series1,2024,Topps,Series 1,spencer torkelson,Spencer Torkelson,2,3,Base|Major League Material|Team Color Border Variations,1,Detroit Tigers
2024_topps_series1,2024,Topps,Series 1,stan musial,Stan Musial,1,1,Cut Signatures,1,St. Louis Cardinals	1/1
2024_topps_series1,2024,Topps,Series 1,starling marte,Starling Marte,2,3,Base|Baseball Stars Autographs|Team Color Border Variations,1,New York Mets
2024_topps_series1,2024,Topps,Series 1,steve carlton,Steve Carlton,1,1,1989 Topps Baseball Autographs,1,Philadelphia Phillies
2024_topps_series1,2024,Topps,Series 1,steven kwan,Steven Kwan,1,2,Base|Team Color Border Variations,1,Cleveland Guardians
2024_topps_series1,2024,Topps,Series 1,stone garrett,Stone Garrett,1,2,Base|Team Color Border Variations,1,Washington Nationals
2024_topps_series1,2024,Topps,Series 1,taj bradley,Taj Bradley,1,1,1989 Topps Baseball Autographs,1,Tampa Bay Rays
2024_topps_series1,2024,Topps,Series 1,tampa bay rays,Tampa Bay Rays,1,1,Base,1,Tampa Bay Rays	- Team Card
2024_topps_series1,2024,Topps,Series 1,tarik skubal,Tarik Skubal,1,2,Base|Team Color Border Variations,1,Detroit Tigers
2024_topps_series1,2024,Topps,Series 1,taylor rogers,Taylor Rogers,1,2,Base|Team Color Border Variations,1,San Francisco Giants
2024_topps_series1,2024,Topps,Series 1,taylor ward,Taylor Ward,1,2,Base|Team Color Border Variations,1,Los Angeles Angels
2024_topps_series1,2024,Topps,Series 1,ted williams,Ted Williams,2,2,Cut Signatures|Grand Gamers,2,Boston Red Sox|Boston Red Sox	1/1
2024_topps_series1,2024,Topps,Series 1,teoscar hernández,Teoscar Hernández,1,1,City Connection Swatch Collection,1,Seattle Mariners
2024_topps_series1,2024,Topps,Series 1,thairo estrada,Thairo Estrada,1,2,Base|Team Color Border Variations,1,San Francisco Giants
2024_topps_series1,2024,Topps,Series 1,tom glavine,Tom Glavine,3,2,1989 Topps Baseball Autographs|Topps Reverence Autograph Patch,2,Atlanta Braves|New York Mets
2024_topps_series1,2024,Topps,Series 1,tom seaver,Tom Seaver,2,2,Cut Signatures|Grand Gamers,2,New York Mets|New York Mets	1/1
2024_topps_series1,2024,Topps,Series 1,tony gonsolin,Tony Gonsolin,2,3,Base|Baseball Stars Autographs|Team Color Border Variations,1,Los Angeles Dodgers
2024_topps_series1,2024,Topps,Series 1,tony gwynn,Tony Gwynn,4,5,1989 Topps Baseball|1989 Topps Baseball Chrome Silver Packs|1989 Topps Baseball Foil Mega Box|1989 Topps Baseball Relics|Grand Gamers,1,San Diego Padres
2024_topps_series1,2024,Topps,Series 1,trea turner,Trea Turner,11,13,1989 Topps Baseball|1989 Topps Baseball Autographs|1989 Topps Baseball Chrome Silver Packs|1989 Topps Baseball Chrome Silver Packs Autographs|1989 Topps Baseball Foil Mega Box|1989 Topps Baseball Relics|Baseball Stars Dual Autographs|Home Sweet Home Stadium Medallions|Home Sweet Home Stadium Medallions Autographs|Major League Material|Postseason Performance Autograph Relics|Postseason Performance Autographs|Postseason Performance Relics,1,Philadelphia Phillies
2024_topps_series1,2024,Topps,Series 1,trent grisham,Trent Grisham,1,2,Base|Team Color Border Variations,1,San Diego Padres
2024_topps_series1,2024,Topps,Series 1,trey cabbage,Trey Cabbage,2,3,1989 Topps Baseball Autographs|Base|Team Color Border Variations,2,Los Angeles Angels|Los Angeles Angels	RC
2024_topps_series1,2024,Topps,Series 1,triston mckenzie,Triston McKenzie,2,2,Baseball Stars Autographs|Major League Material,1,Cleveland Guardians
2024_topps_series1,2024,Topps,Series 1,ty cobb,Ty Cobb,2,2,Cut Signatures|Grand Gamers,2,Detroit Tigers|Detroit Tigers	1/1
2024_topps_series1,2024,Topps,Series 1,tyler anderson,Tyler Anderson,1,2,Base|Team Color Border Variations,1,Los Angeles Angels
2024_topps_series1,2024,Topps,Series 1,tyler glasnow,Tyler Glasnow,3,4,Base|Postseason Performance Autographs|Postseason Performance Relics|Team Color Border Variations,1,Tampa Bay Rays
2024_topps_series1,2024,Topps,Series 1,tyler o'neill,Tyler O'Neill,1,2,Base|Team Color Border Variations,1,St. Louis Cardinals
2024_topps_series1,2024,Topps,Series 1,tyler soderstrom,Tyler Soderstrom,7,10,1989 Topps Baseball|1989 Topps Baseball Autographs|1989 Topps Baseball Chrome Silver Packs|1989 Topps Baseball Chrome Silver Packs Autographs|1989 Topps Baseball Foil Mega Box|Base|Baseball Stars Autographs|Stars of MLB|Stars of MLB Chrome|Team Color Border Variations,2,Oakland Athletics|Oakland Athletics	RC
2024_topps_series1,2024,Topps,Series 1,tyler wells,Tyler Wells,1,2,Base|Team Color Border Variations,1,Baltimore Orioles
2024_topps_series1,2024,Topps,Series 1,victor mederos,Victor Mederos,2,3,1989 Topps Baseball Autographs|Base|Team Color Border Variations,2,Los Angeles Angels|Los Angeles Angels	RC
2024_topps_series1,2024,Topps,Series 1,vinnie pasquantino,Vinnie Pasquantino,1,1,1989 Topps Baseball Relics,1,Kansas City Royals
2024_topps_series1,2024,Topps,Series 1,vladimir guerrero,Vladimir Guerrero,2,4,1989 Topps Baseball|1989 Topps Baseball Chrome Silver Packs|1989 Topps Baseball Chrome Silver Packs Autographs|1989 Topps Baseball Foil Mega Box,1,Montréal Expos
2024_topps_series1,2024,Topps,Series 1,vladimir guerrero jr.,Vladimir Guerrero Jr.,24,27,1989 Topps Baseball|1989 Topps Baseball Autographs|1989 Topps Baseball Chrome Silver Packs|1989 Topps Baseball Chrome Silver Packs Autographs|1989 Topps Baseball Foil Mega Box|1989 Topps Baseball Relics|Base|Baseball Stars Autographs|Companion Cards|Heavy Lumber|Home Run Challenge Code|Home Sweet Home Stadium Medallions|Home Sweet Home Stadium Medallions Autographs|In the Name Relics|Major League Material|Major League Material Autographs|Oversized 2024 Topps Baseball|Postseason Performance Autograph Relics|Postseason Performance Autographs|Postseason Performance Relics|Stars of MLB|Stars of MLB Chrome|Superstar Blueprint|Superstar Blueprint Autographs|Team Color Border Variations|Topps Mega Star|Topps Reverence Autograph Patch,1,Toronto Blue Jays
2024_topps_series1,2024,Topps,Series 1,wade boggs,Wade Boggs,5,7,1989 Topps Baseball|1989 Topps Baseball Autographs|1989 Topps Baseball Chrome Silver Packs|1989 Topps Baseball Chrome Silver Packs Autographs|1989 Topps Baseball Foil Mega Box|1989 Topps Baseball Relics|Baseball Stars Dual Autographs,1,Boston Red Sox
2024_topps_series1,2024,Topps,Series 1,wade meckler,Wade Meckler,1,1,Baseball Stars Autographs,1,San Francisco Giants
2024_topps_series1,2024,Topps,Series 1,waite hoyt,Waite Hoyt,1,1,Cut Signatures,1,New York Yankees	1/1
2024_topps_series1,2024,Topps,Series 1,walker buehler,Walker Buehler,1,2,Base|Team Color Border Variations,1,Los Angeles Dodgers
2024_topps_series1,2024,Topps,Series 1,warren spahn,Warren Spahn,1,1,Cut Signatures,1,Milwaukee Braves	1/1
2024_topps_series1,2024,Topps,Series 1,whit merrifield,Whit Merrifield,3,3,In the Name Relics|Postseason Performance Autograph Relics|Postseason Performance Autographs,1,Toronto Blue Jays
2024_topps_series1,2024,Topps,Series 1,whitey ford,Whitey Ford,1,1,Cut Signatures,1,New York Yankees	1/1
2024_topps_series1,2024,Topps,Series 1,will brennan,Will Brennan,1,2,Base|Team Color Border Variations,1,Cleveland Guardians
2024_topps_series1,2024,Topps,Series 1,will clark,Will Clark,4,6,1989 Topps Baseball|1989 Topps Baseball Autographs|1989 Topps Baseball Chrome Silver Packs|1989 Topps Baseball Chrome Silver Packs Autographs|1989 Topps Baseball Foil Mega Box|Baseball Stars Dual Autographs,1,San Francisco Giants
2024_topps_series1,2024,Topps,Series 1,will smith,Will Smith,2,2,1989 Topps Baseball Autographs|In the Name Relics,1,Los Angeles Dodgers
2024_topps_series1,2024,Topps,Series 1,willi castro,Willi Castro,1,2,Base|Team Color Border Variations,1,Minnesota Twins
2024_topps_series1,2024,Topps,Series 1,william contreras,William Contreras,4,5,Base|City Connection Swatch Collection|Postseason Performance Autograph Relics|Postseason Performance Autographs|Team Color Border Variations,1,Milwaukee Brewers
2024_topps_series1,2024,Topps,Series 1,willie mays,Willie Mays,3,4,1989 Topps Baseball|1989 Topps Baseball Chrome Silver Packs|1989 Topps Baseball Foil Mega Box|Grand Gamers,2,New York Giants|San Francisco Giants
2024_topps_series1,2024,Topps,Series 1,willson contreras,Willson Contreras,3,4,1989 Topps Baseball Relics|Base|Major League Material|Team Color Border Variations,1,St. Louis Cardinals
2024_topps_series1,2024,Topps,Series 1,willy adames,Willy Adames,1,2,Base|Team Color Border Variations,1,Milwaukee Brewers
2024_topps_series1,2024,Topps,Series 1,wilmer flores,Wilmer Flores,1,2,Base|Team Color Border Variations,1,San Francisco Giants
2024_topps_series1,2024,Topps,Series 1,wilyer abreu,Wilyer Abreu,1,1,Baseball Stars Autographs,1,Boston Red Sox
2024_topps_series1,2024,Topps,Series 1,xander bogaerts,Xander Bogaerts,5,5,1989 Topps Baseball Relics|City Connection Swatch Collection|Major League Material|Major League Material Autographs|Social Media Follow Back Redemptions,1,San Diego Padres
2024_topps_series1,2024,Topps,Series 1,yainer díaz,Yainer Díaz,1,2,Base|Team Color Border Variations,1,Houston Astros
2024_topps_series1,2024,Topps,Series 1,yandy díaz,Yandy Díaz,3,3,Base|In the Name Relics|Team Color Border Variations,4,Tampa Bay Rays|Tampa Bay Rays	- League Leaders|Texas Rangers	- League Leaders|Toronto Blue Jays	- League Leaders
2024_topps_series1,2024,Topps,Series 1,yennier cano,Yennier Cano,2,3,Base|In the Name Relics|Team Color Border Variations,1,Baltimore Orioles
2024_topps_series1,2024,Topps,Series 1,yogi berra,Yogi Berra,1,1,Legendary Homefield Advantage,1,New York Yankees
2024_topps_series1,2024,Topps,Series 1,yordan alvarez,Yordan Alvarez,23,26,1989 Topps Baseball|1989 Topps Baseball Autographs|1989 Topps Baseball Chrome Silver Packs|1989 Topps Baseball Chrome Silver Packs Autographs|1989 Topps Baseball Foil Mega Box|1989 Topps Baseball Relics|Base|Companion Cards|Heavy Lumber|Heavy Lumber Autograph Relics|Home Run Challenge Code|Home Sweet Home Stadium Medallions|Home Sweet Home Stadium Medallions Autographs|Homefield Advantage|In the Name Relics|Major League Material|Major League Material Autographs|Oversized 2024 Topps Baseball|Postseason Performance Autograph Relics|Postseason Performance Autographs|Postseason Performance Relics|Stars of MLB|Stars of MLB Chrome|Team Color Border Variations|Topps Mega Star|Topps Reverence Autograph Patch,1,Houston Astros
2024_topps_series1,2024,Topps,Series 1,zac gallen,Zac Gallen,6,6,Base|In the Name Relics|Postseason Performance Autograph Relics|Postseason Performance Autographs|Postseason Performance Relics|Team Color Border Variations,4,Arizona Diamondbacks|Arizona Diamondbacks	- League Leaders|Atlanta Braves	- League Leaders|Chicago Cubs	- League Leaders
2024_topps_series1,2024,Topps,Series 1,zach eflin,Zach Eflin,1,1,Base,3,New York Yankees	- League Leaders|Tampa Bay Rays	- League Leaders|Toronto Blue Jays	- League Leaders
2024_topps_series1,2024,Topps,Series 1,zach neto,Zach Neto,1,1,Baseball Stars Autographs,1,Los Angeles Angels
2024_topps_series1,2024,Topps,Series 1,zach remillard,Zach Remillard,2,3,1989 Topps Baseball Autographs|Base|Team Color Border Variations,2,Chicago White Sox|Chicago White Sox	RC
2024_topps_series1,2024,Topps,Series 1,zack gelof,Zack Gelof,7,10,1989 Topps Baseball|1989 Topps Baseball Autographs|1989 Topps Baseball Chrome Silver Packs|1989 Topps Baseball Chrome Silver Packs Autographs|1989 Topps Baseball Foil Mega Box|Base|Baseball Stars Autographs|Home Sweet Home Stadium Medallions|Home Sweet Home Stadium Medallions Autographs|Team Color Border Variations,2,Oakland Athletics|Oakland Athletics	RC
2024_topps_series1,2024,Topps,Series 1,zack wheeler,Zack Wheeler,2,3,Base|Postseason Performance Relics|Team Color Border Variations,1,Philadelphia Phillies
