set_key,year,brand,product,player_name_key,player_name_display,card_count,section_count,sections,affiliation_count,affiliations
2025_topps_update,2025,Topps,Update,aaron judge,Aaron Judge,23,20,1990 TOPPS BASEBALL|1990 TOPPS BASEBALL AUTOGRAPH CARDS|1990 TOPPS BASEBALL CHROME CARDS|1990 TOPPS BASEBALL CHROME CARDS AUTOGRAPH PARALLEL|1990 TOPPS BASEBALL JAPAN|1990 TOPPS BASEBALL RELIC CARDS|2025 ALL STAR GAME|ALL STAR STITCHES AUTOGRAPH CARDS|ALL STAR STITCHES CARDS|BASE SET|BLEACHER REACHERS|GOLDEN MIRROR IMAGE VARIATION|HOBBY/HOBBY JUMBO EXCLUSIVE|KEEGAN HALL ART CARDS|MAJOR LEAGUE MATERIAL CARDS|MOST VALUABLE|MYSTICAL|NIGHT TERRORS|REAL ONE GOLDEN MIRROR AUTOGRAPHS|TOPPS BLACK GOLD,3,New York Yankees|New York Yankees	Season Highlights/Checklist|New York Yankees	Veteran Combos
2025_topps_update,2025,Topps,Update,aaron nola,Aaron Nola,2,2,OWN THE NAME RELICS|REAL ONE GOLDEN MIRROR AUTOGRAPHS,1,Philadelphia Phillies
2025_topps_update,2025,Topps,Update,acuña jr.,Acuña Jr.,1,1,José Ramírez	Cleveland Guardians,1,Atlanta Braves
2025_topps_update,2025,Topps,Update,adael amador,Adael Amador,2,3,BASE SET|GOLDEN MIRROR IMAGE VARIATION|MAJOR LEAGUE MATERIAL AUTOGRAPH CARDS,2,Colorado Rockies	Rookie|Colorado Rockies	Rookie Debut
2025_topps_update,2025,Topps,Update,adam frazier,Adam Frazier,1,2,BASE SET|GOLDEN MIRROR IMAGE VARIATION,1,Pittsburgh Pirates
2025_topps_update,2025,Topps,Update,adam mazur,Adam Mazur,1,1,1990 TOPPS BASEBALL AUTOGRAPH CARDS,1,San Diego Padres	Rookie
2025_topps_update,2025,Topps,Update,adley rutschman,Adley Rutschman,5,5,1990 TOPPS BASEBALL AUTOGRAPH CARDS|HEAVY LUMBER AUTOGRAPH RELIC|MAJOR LEAGUE MATERIAL CARDS|OWN THE NAME RELICS|REAL ONE GOLDEN MIRROR AUTOGRAPHS,1,Baltimore Orioles
2025_topps_update,2025,Topps,Update,adolis garcía,Adolis García,1,1,HOBBY/HOBBY JUMBO EXCLUSIVE,1,Texas Rangers
2025_topps_update,2025,Topps,Update,adrian beltré,Adrian Beltré,6,6,1990 TOPPS BASEBALL CHROME CARDS|1990 TOPPS BASEBALL CHROME CARDS AUTOGRAPH PARALLEL|BASEBALL STARS AUTOGRAPH CARDS|HEAVY LUMBER|HEAVY LUMBER AUTOGRAPH RELIC|MAJOR LEAGUE MATERIAL AUTOGRAPH CARDS,1,Texas Rangers
2025_topps_update,2025,Topps,Update,adrian del castillo,Adrian Del Castillo,2,3,1990 TOPPS BASEBALL AUTOGRAPH CARDS|BASE SET|GOLDEN MIRROR IMAGE VARIATION,2,Arizona Diamondbacks	Rookie|Arizona Diamondbacks	Rookie Debut
2025_topps_update,2025,Topps,Update,adrián beltré,Adrián Beltré,1,1,1990 TOPPS BASEBALL ALL STAR AUTOGRAPH CARDS,1,Texas Rangers
2025_topps_update,2025,Topps,Update,adrían gonzález,Adrían González,2,1,BASEBALL STARS TRIPLE AUTOGRAPHS,2,Los Angeles Dodgers|San Diego Padres
2025_topps_update,2025,Topps,Update,agustín ramírez,Agustín Ramírez,9,11,1990 TOPPS BASEBALL|1990 TOPPS BASEBALL AUTOGRAPH CARDS|1990 TOPPS BASEBALL CHROME CARDS|1990 TOPPS BASEBALL CHROME CARDS AUTOGRAPH PARALLEL|BASE SET|BASEBALL STARS AUTOGRAPH CARDS|GOLDEN MIRROR IMAGE VARIATION|MAJOR LEAGUE MATERIAL AUTOGRAPH CARDS|REAL ONE AUTOGRAPHS|REAL ONE GOLDEN MIRROR AUTOGRAPHS|RISING ROOKIE RELIC CARDS,2,Miami Marlins	Rookie|Miami Marlins	Rookie Debut
2025_topps_update,2025,Topps,Update,aj blubaugh,AJ Blubaugh,3,5,1990 TOPPS BASEBALL CHROME CARDS|1990 TOPPS BASEBALL CHROME CARDS AUTOGRAPH PARALLEL|BASE SET|GOLDEN MIRROR IMAGE VARIATION|REAL ONE AUTOGRAPHS,1,Houston Astros	Rookie
2025_topps_update,2025,Topps,Update,alan roden,Alan Roden,3,4,1990 TOPPS BASEBALL AUTOGRAPH CARDS|1990 TOPPS BASEBALL CHROME CARDS|BASE SET|GOLDEN MIRROR IMAGE VARIATION,1,Toronto Blue Jays	Rookie
2025_topps_update,2025,Topps,Update,alan trammell,Alan Trammell,1,1,HEAVY LUMBER AUTOGRAPH RELIC,1,Detroit Tigers
2025_topps_update,2025,Topps,Update,albert pujols,Albert Pujols,4,4,BLEACHER REACHERS|HEAVY LUMBER|HEAVY LUMBER AUTOGRAPH RELIC|MOST VALUABLE,1,St. Louis Cardinals
2025_topps_update,2025,Topps,Update,alec bohm,Alec Bohm,4,4,1990 TOPPS BASEBALL ALL STAR AUTOGRAPH CARDS|HEAVY LUMBER AUTOGRAPH RELIC|HOBBY/HOBBY JUMBO EXCLUSIVE|OWN THE NAME RELICS,1,Philadelphia Phillies
2025_topps_update,2025,Topps,Update,alec burleson,Alec Burleson,2,2,HOBBY/HOBBY JUMBO EXCLUSIVE|MAJOR LEAGUE MATERIAL AUTOGRAPH CARDS,1,St. Louis Cardinals
2025_topps_update,2025,Topps,Update,alejandro kirk,Alejandro Kirk,2,2,ALL STAR STITCHES AUTOGRAPH CARDS|ALL STAR STITCHES CARDS,1,Toronto Blue Jays
2025_topps_update,2025,Topps,Update,alejandro osuna,Alejandro Osuna,1,2,BASE SET|GOLDEN MIRROR IMAGE VARIATION,1,Texas Rangers	Rookie
2025_topps_update,2025,Topps,Update,alex bregman,Alex Bregman,5,5,1990 TOPPS BASEBALL RELIC CARDS|2025 ALL STAR GAME|MAJOR LEAGUE MATERIAL CARDS|OWN THE NAME RELICS|STARS OF MLB,1,Boston Red Sox
2025_topps_update,2025,Topps,Update,alex gordon,Alex Gordon,1,1,HOBBY/HOBBY JUMBO EXCLUSIVE,1,Kansas City Royals
2025_topps_update,2025,Topps,Update,alex rodriguez,Alex Rodriguez,2,2,BLEACHER REACHERS|MOST VALUABLE,1,New York Yankees
2025_topps_update,2025,Topps,Update,alex verdugo,Alex Verdugo,1,2,BASE SET|GOLDEN MIRROR IMAGE VARIATION,1,Atlanta Braves
2025_topps_update,2025,Topps,Update,alex vesia,Alex Vesia,1,2,BASE SET|GOLDEN MIRROR IMAGE VARIATION,1,Los Angeles Dodgers
2025_topps_update,2025,Topps,Update,alexander canario,Alexander Canario,1,2,BASE SET|GOLDEN MIRROR IMAGE VARIATION,1,Pittsburgh Pirates
2025_topps_update,2025,Topps,Update,amed rosario,Amed Rosario,1,2,BASE SET|GOLDEN MIRROR IMAGE VARIATION,1,Washington Nationals
2025_topps_update,2025,Topps,Update,andre dawson,Andre Dawson,3,3,1990 TOPPS BASEBALL CHROME CARDS|1990 TOPPS BASEBALL CHROME CARDS AUTOGRAPH PARALLEL|BASEBALL STARS DUAL AUTOGRAPHS,1,Chicago Cubs
2025_topps_update,2025,Topps,Update,andrew abbott,Andrew Abbott,2,2,ALL STAR STITCHES CARDS|OWN THE NAME RELICS,1,Cincinnati Reds
2025_topps_update,2025,Topps,Update,andrew benintendi,Andrew Benintendi,1,1,OWN THE NAME RELICS,1,Chicago White Sox
2025_topps_update,2025,Topps,Update,andrew heaney,Andrew Heaney,1,2,BASE SET|GOLDEN MIRROR IMAGE VARIATION,1,Pittsburgh Pirates
2025_topps_update,2025,Topps,Update,andrew mccutchen,Andrew McCutchen,8,8,1990 TOPPS BASEBALL AUTOGRAPH CARDS|1990 TOPPS BASEBALL RELIC CARDS|HEAVY LUMBER AUTOGRAPH RELIC|MAJOR LEAGUE MATERIAL AUTOGRAPH CARDS|MAJOR LEAGUE MATERIAL CARDS|MOST VALUABLE|OWN THE NAME RELICS|STARS OF MLB,1,Pittsburgh Pirates
2025_topps_update,2025,Topps,Update,andruw jones,Andruw Jones,1,1,MAJOR LEAGUE MATERIAL AUTOGRAPH CARDS,1,Atlanta Braves
2025_topps_update,2025,Topps,Update,andrés giménez,Andrés Giménez,1,2,BASE SET|GOLDEN MIRROR IMAGE VARIATION,1,Toronto Blue Jays
2025_topps_update,2025,Topps,Update,andrés muñoz,Andrés Muñoz,1,2,BASE SET|GOLDEN MIRROR IMAGE VARIATION,1,Seattle Mariners
2025_topps_update,2025,Topps,Update,andy pettitte,Andy Pettitte,2,2,1990 TOPPS BASEBALL ALL STAR AUTOGRAPH CARDS|FIRST PITCH,1,New York Yankees
2025_topps_update,2025,Topps,Update,angel martínez,Angel Martínez,1,1,RISING ROOKIE RELIC CARDS,1,Cleveland Guardians	Rookie
2025_topps_update,2025,Topps,Update,anthony banda,Anthony Banda,1,2,BASE SET|GOLDEN MIRROR IMAGE VARIATION,1,Los Angeles Dodgers
2025_topps_update,2025,Topps,Update,anthony volpe,Anthony Volpe,2,2,1990 TOPPS BASEBALL RELIC CARDS|HOBBY/HOBBY JUMBO EXCLUSIVE,1,New York Yankees
2025_topps_update,2025,Topps,Update,antonio senzatela,Antonio Senzatela,1,2,BASE SET|GOLDEN MIRROR IMAGE VARIATION,1,Colorado Rockies
2025_topps_update,2025,Topps,Update,aramis ramirez,Aramis Ramirez,2,2,1990 TOPPS BASEBALL AUTOGRAPH CARDS|BASEBALL STARS TRIPLE AUTOGRAPHS,1,Chicago Cubs
2025_topps_update,2025,Topps,Update,armando alvarez,Armando Alvarez,1,2,BASE SET|GOLDEN MIRROR IMAGE VARIATION,1,Minnesota Twins	Rookie
2025_topps_update,2025,Topps,Update,aroldis chapman,Aroldis Chapman,2,3,ALL STAR STITCHES CARDS|BASE SET|GOLDEN MIRROR IMAGE VARIATION,1,Boston Red Sox
2025_topps_update,2025,Topps,Update,austin hays,Austin Hays,1,1,MAJOR LEAGUE MATERIAL AUTOGRAPH CARDS,1,Cincinnati Reds
2025_topps_update,2025,Topps,Update,austin kitchen,Austin Kitchen,1,2,BASE SET|GOLDEN MIRROR IMAGE VARIATION,1,Seattle Mariners	Rookie
2025_topps_update,2025,Topps,Update,austin riley,Austin Riley,5,5,1990 TOPPS BASEBALL CHROME CARDS|1990 TOPPS BASEBALL CHROME CARDS AUTOGRAPH PARALLEL|HOBBY/HOBBY JUMBO EXCLUSIVE|MAJOR LEAGUE MATERIAL DUAL AUTOGRAPH CARDS|OWN THE NAME RELICS,1,Atlanta Braves
2025_topps_update,2025,Topps,Update,austin wells,Austin Wells,1,1,HEAVY LUMBER AUTOGRAPH RELIC,1,New York Yankees
2025_topps_update,2025,Topps,Update,austin wynns,Austin Wynns,1,2,BASE SET|GOLDEN MIRROR IMAGE VARIATION,1,Athletics
2025_topps_update,2025,Topps,Update,babe ruth,Babe Ruth,1,1,BLEACHER REACHERS,1,New York Yankees
2025_topps_update,2025,Topps,Update,bailey horn,Bailey Horn,1,2,BASE SET|GOLDEN MIRROR IMAGE VARIATION,1,Detroit Tigers	Rookie
2025_topps_update,2025,Topps,Update,baldwin,Baldwin,1,1,TRADING CARD ENAMEL PINS,1,Atlanta Braves	Rookie
2025_topps_update,2025,Topps,Update,barry larkin,Barry Larkin,1,1,HEAVY LUMBER AUTOGRAPH RELIC,1,Cincinnati Reds
2025_topps_update,2025,Topps,Update,barry zito,Barry Zito,2,2,BASEBALL STARS TRIPLE AUTOGRAPHS|HOBBY/HOBBY JUMBO EXCLUSIVE,2,Athletics|Oakland Athletics
2025_topps_update,2025,Topps,Update,bellinger,Bellinger,1,1,TRADING CARD ENAMEL PINS,1,New York Yankees
2025_topps_update,2025,Topps,Update,ben rice,Ben Rice,9,10,1990 TOPPS BASEBALL JAPAN|1990 TOPPS BASEBALL JAPAN AUTOGRAPH PARALLEL|1990 TOPPS BASEBALL RELIC CARDS|BASE SET|BASEBALL STARS AUTOGRAPH CARDS|GOLDEN MIRROR IMAGE VARIATION|MAJOR LEAGUE MATERIAL AUTOGRAPH CARDS|MAJOR LEAGUE MATERIAL CARDS|REAL ONE GOLDEN MIRROR AUTOGRAPHS|RISING ROOKIE RELIC CARDS,3,New York Yankees|New York Yankees	Rookie|New York Yankees	Rookie Debut
2025_topps_update,2025,Topps,Update,ben williamson,Ben Williamson,5,7,1990 TOPPS BASEBALL CHROME CARDS|1990 TOPPS BASEBALL CHROME CARDS AUTOGRAPH PARALLEL|BASE SET|BASEBALL STARS AUTOGRAPH CARDS|GOLDEN MIRROR IMAGE VARIATION|MAJOR LEAGUE MATERIAL AUTOGRAPH CARDS|REAL ONE AUTOGRAPHS,1,Seattle Mariners	Rookie
2025_topps_update,2025,Topps,Update,bench,Bench,1,1,José Ramírez	Cleveland Guardians,1,Cincinnati Reds
2025_topps_update,2025,Topps,Update,bernie williams,Bernie Williams,2,2,1990 TOPPS BASEBALL ALL STAR AUTOGRAPH CARDS|HEAVY LUMBER AUTOGRAPH RELIC,1,New York Yankees
2025_topps_update,2025,Topps,Update,big sean,Big Sean,3,3,1990 TOPPS BASEBALL ALL STAR AUTOGRAPH CARDS|FIRST PITCH|SIGNATURE TUNES DUAL AUTOGRAPHS,2,Detroit Tigers|Musician
2025_topps_update,2025,Topps,Update,billy cook,Billy Cook,1,1,1990 TOPPS BASEBALL AUTOGRAPH CARDS,1,Pittsburgh Pirates	Rookie
2025_topps_update,2025,Topps,Update,blade tidwell,Blade Tidwell,1,2,BASE SET|GOLDEN MIRROR IMAGE VARIATION,1,New York Mets	Rookie
2025_topps_update,2025,Topps,Update,blaine crim,Blaine Crim,1,2,BASE SET|GOLDEN MIRROR IMAGE VARIATION,1,Texas Rangers	Rookie
2025_topps_update,2025,Topps,Update,blake dunn,Blake Dunn,1,1,1990 TOPPS BASEBALL AUTOGRAPH CARDS,1,Cincinnati Reds	Rookie
2025_topps_update,2025,Topps,Update,blake snell,Blake Snell,4,5,1990 TOPPS BASEBALL|1990 TOPPS BASEBALL CHROME CARDS|BASE SET|GOLDEN MIRROR IMAGE VARIATION|STRIKE ZONE HEROES,2,Los Angeles Dodgers|Los Angeles Dodgers	Veteran Combos
2025_topps_update,2025,Topps,Update,blake treinen,Blake Treinen,1,2,BASE SET|GOLDEN MIRROR IMAGE VARIATION,1,Los Angeles Dodgers
2025_topps_update,2025,Topps,Update,bo bichette,Bo Bichette,1,1,OWN THE NAME RELICS,1,Toronto Blue Jays
2025_topps_update,2025,Topps,Update,bobby miller,Bobby Miller,1,1,HOBBY/HOBBY JUMBO EXCLUSIVE,1,Los Angeles Dodgers
2025_topps_update,2025,Topps,Update,bobby witt jr.,Bobby Witt Jr.,15,16,1990 TOPPS BASEBALL|1990 TOPPS BASEBALL CHROME CARDS|1990 TOPPS BASEBALL JAPAN|1990 TOPPS BASEBALL RELIC CARDS|2025 ALL STAR GAME|ALL STAR STITCHES AUTOGRAPH CARDS|ALL STAR STITCHES CARDS|BASE SET|BLEACHER REACHERS|GOLDEN MIRROR IMAGE VARIATION|HEAVY LUMBER AUTOGRAPH RELIC|HOBBY/HOBBY JUMBO EXCLUSIVE|MYSTICAL|NIGHT TERRORS|REAL ONE GOLDEN MIRROR AUTOGRAPHS|TOPPS BLACK GOLD,2,Kansas City Royals|Kansas City Royals	Veteran Combos
2025_topps_update,2025,Topps,Update,brad lord,Brad Lord,1,2,BASE SET|GOLDEN MIRROR IMAGE VARIATION,1,Washington Nationals	Rookie
2025_topps_update,2025,Topps,Update,bradley blalock,Bradley Blalock,1,1,1990 TOPPS BASEBALL AUTOGRAPH CARDS,1,Colorado Rockies	Rookie
2025_topps_update,2025,Topps,Update,brady feigl,Brady Feigl,1,2,BASE SET|GOLDEN MIRROR IMAGE VARIATION,1,Minnesota Twins	Rookie
2025_topps_update,2025,Topps,Update,brady singer,Brady Singer,3,4,BASE SET|BASEBALL STARS DUAL AUTOGRAPHS|GOLDEN MIRROR IMAGE VARIATION|MAJOR LEAGUE MATERIAL AUTOGRAPH CARDS,1,Cincinnati Reds
2025_topps_update,2025,Topps,Update,brandon lowe,Brandon Lowe,1,1,ALL STAR STITCHES CARDS,1,Tampa Bay Rays
2025_topps_update,2025,Topps,Update,brandon nimmo,Brandon Nimmo,3,3,BASEBALL STARS TRIPLE AUTOGRAPHS|HEAVY LUMBER AUTOGRAPH RELIC|OWN THE NAME RELICS,1,New York Mets
2025_topps_update,2025,Topps,Update,brandon pfaadt,Brandon Pfaadt,1,1,MAJOR LEAGUE MATERIAL AUTOGRAPH CARDS,1,Arizona Diamondbacks
2025_topps_update,2025,Topps,Update,brandon webb,Brandon Webb,1,1,1990 TOPPS BASEBALL AUTOGRAPH CARDS,1,Arizona Diamondbacks
2025_topps_update,2025,Topps,Update,brandon young,Brandon Young,1,2,BASE SET|GOLDEN MIRROR IMAGE VARIATION,1,Baltimore Orioles	Rookie
2025_topps_update,2025,Topps,Update,brant hurter,Brant Hurter,1,1,1990 TOPPS BASEBALL AUTOGRAPH CARDS,1,Detroit Tigers	Rookie
2025_topps_update,2025,Topps,Update,braxton ashcraft,Braxton Ashcraft,1,2,BASE SET|GOLDEN MIRROR IMAGE VARIATION,1,Pittsburgh Pirates	Rookie
2025_topps_update,2025,Topps,Update,braxton fulford,Braxton Fulford,1,2,BASE SET|GOLDEN MIRROR IMAGE VARIATION,1,Colorado Rockies	Rookie
2025_topps_update,2025,Topps,Update,braydon fisher,Braydon Fisher,1,2,BASE SET|GOLDEN MIRROR IMAGE VARIATION,1,Toronto Blue Jays	Rookie
2025_topps_update,2025,Topps,Update,brendan donovan,Brendan Donovan,2,2,ALL STAR STITCHES AUTOGRAPH CARDS|ALL STAR STITCHES CARDS,1,St. Louis Cardinals
2025_topps_update,2025,Topps,Update,brent rooker,Brent Rooker,7,8,2025 ALL STAR GAME|ALL STAR STITCHES AUTOGRAPH CARDS|ALL STAR STITCHES CARDS|BASE SET|BASEBALL STARS AUTOGRAPH CARDS|GOLDEN MIRROR IMAGE VARIATION|HEAVY LUMBER AUTOGRAPH RELIC|MAJOR LEAGUE MATERIAL AUTOGRAPH CARDS,2,Athletics|Athletics	Veteran Combos
2025_topps_update,2025,Topps,Update,brenton doyle,Brenton Doyle,1,1,MAJOR LEAGUE MATERIAL DUAL AUTOGRAPH CARDS,1,Colorado Rockies
2025_topps_update,2025,Topps,Update,brett baty,Brett Baty,1,2,BASE SET|GOLDEN MIRROR IMAGE VARIATION,1,New York Mets
2025_topps_update,2025,Topps,Update,brice turang,Brice Turang,1,1,MAJOR LEAGUE MATERIAL AUTOGRAPH CARDS,1,Milwaukee Brewers
2025_topps_update,2025,Topps,Update,brooks lee,Brooks Lee,11,12,1990 TOPPS BASEBALL JAPAN|1990 TOPPS BASEBALL JAPAN AUTOGRAPH PARALLEL|1990 TOPPS BASEBALL RELIC CARDS|BASE SET|GOLDEN MIRROR IMAGE VARIATION|HEAVY LUMBER|HEAVY LUMBER AUTOGRAPH RELIC|HOBBY/HOBBY JUMBO EXCLUSIVE|MAJOR LEAGUE MATERIAL AUTOGRAPH CARDS|OWN THE NAME RELICS|REAL ONE GOLDEN MIRROR AUTOGRAPHS|RISING ROOKIE RELIC CARDS,3,Minnesota Twins|Minnesota Twins	Rookie|Minnesota Twins	Rookie Debut
2025_topps_update,2025,Topps,Update,bryan de la cruz,Bryan De La Cruz,1,2,BASE SET|GOLDEN MIRROR IMAGE VARIATION,1,New York Yankees
2025_topps_update,2025,Topps,Update,bryan king,Bryan King,1,2,BASE SET|GOLDEN MIRROR IMAGE VARIATION,1,Houston Astros	Rookie
2025_topps_update,2025,Topps,Update,bryan reynolds,Bryan Reynolds,4,4,HEAVY LUMBER AUTOGRAPH RELIC|HOBBY/HOBBY JUMBO EXCLUSIVE|OWN THE NAME RELICS|REAL ONE AUTOGRAPHS,1,Pittsburgh Pirates
2025_topps_update,2025,Topps,Update,bryan sammons,Bryan Sammons,1,2,BASE SET|GOLDEN MIRROR IMAGE VARIATION,1,Detroit Tigers	Rookie
2025_topps_update,2025,Topps,Update,bryan woo,Bryan Woo,1,1,2025 ALL STAR GAME,1,Seattle Mariners
2025_topps_update,2025,Topps,Update,bryce harper,Bryce Harper,16,13,1990 TOPPS BASEBALL|1990 TOPPS BASEBALL CHROME CARDS|1990 TOPPS BASEBALL JAPAN|1990 TOPPS BASEBALL RELIC CARDS|BASE SET|BLEACHER REACHERS|GOLDEN MIRROR IMAGE VARIATION|KEEGAN HALL ART CARDS|MOST VALUABLE|MYSTICAL|NIGHT TERRORS|OWN THE NAME RELICS|TOPPS BLACK GOLD,3,Philadelphia Phillies|Philadelphia Phillies	Season Highlights/Checklist|Philadelphia Phillies	Veteran Combos
2025_topps_update,2025,Topps,Update,bryce miller,Bryce Miller,2,2,1990 TOPPS BASEBALL AUTOGRAPH CARDS|MAJOR LEAGUE MATERIAL AUTOGRAPH CARDS,1,Seattle Mariners
2025_topps_update,2025,Topps,Update,bryson stott,Bryson Stott,2,2,MAJOR LEAGUE MATERIAL DUAL AUTOGRAPH CARDS|OWN THE NAME RELICS,1,Philadelphia Phillies
2025_topps_update,2025,Topps,Update,buster posey,Buster Posey,3,3,1990 TOPPS BASEBALL CHROME CARDS|1990 TOPPS BASEBALL CHROME CARDS AUTOGRAPH PARALLEL|MOST VALUABLE,1,San Francisco Giants
2025_topps_update,2025,Topps,Update,byron buxton,Byron Buxton,11,11,1990 TOPPS BASEBALL|1990 TOPPS BASEBALL AUTOGRAPH CARDS|1990 TOPPS BASEBALL RELIC CARDS|2025 ALL STAR GAME|ALL STAR STITCHES AUTOGRAPH CARDS|ALL STAR STITCHES CARDS|HEAVY LUMBER AUTOGRAPH RELIC|HOBBY/HOBBY JUMBO EXCLUSIVE|MAJOR LEAGUE MATERIAL AUTOGRAPH CARDS|OWN THE NAME RELICS|REAL ONE GOLDEN MIRROR AUTOGRAPHS,1,Minnesota Twins
2025_topps_update,2025,Topps,Update,cabrera,Cabrera,1,1,José Ramírez	Cleveland Guardians,1,Florida Marlins
2025_topps_update,2025,Topps,Update,cade gibson,Cade Gibson,1,2,BASE SET|GOLDEN MIRROR IMAGE VARIATION,1,Miami Marlins	Rookie
2025_topps_update,2025,Topps,Update,cade horton,Cade Horton,10,12,1990 TOPPS BASEBALL|1990 TOPPS BASEBALL AUTOGRAPH CARDS|1990 TOPPS BASEBALL CHROME CARDS|1990 TOPPS BASEBALL CHROME CARDS AUTOGRAPH PARALLEL|BASE SET|BASEBALL STARS AUTOGRAPH CARDS|COMPANION CARD|GOLDEN MIRROR IMAGE VARIATION|OVERSIZED 2025 BASE CARDS|REAL ONE AUTOGRAPHS|STRIKE ZONE HEROES|STRIKE ZONE HEROES AUTOGRAPH PARALLEL,2,Chicago Cubs	Rookie|Chicago Cubs	Rookie Debut
2025_topps_update,2025,Topps,Update,cade povich,Cade Povich,2,2,1990 TOPPS BASEBALL AUTOGRAPH CARDS|MAJOR LEAGUE MATERIAL AUTOGRAPH CARDS,1,Baltimore Orioles	Rookie
2025_topps_update,2025,Topps,Update,caden dana,Caden Dana,5,6,1990 TOPPS BASEBALL AUTOGRAPH CARDS|BASE SET|GOLDEN MIRROR IMAGE VARIATION|MAJOR LEAGUE MATERIAL AUTOGRAPH CARDS|REAL ONE GOLDEN MIRROR AUTOGRAPHS|RISING ROOKIE RELIC CARDS,3,Angels|Angels	Rookie|Angels	Rookie Debut
2025_topps_update,2025,Topps,Update,cal quantrill,Cal Quantrill,1,2,BASE SET|GOLDEN MIRROR IMAGE VARIATION,1,Miami Marlins
2025_topps_update,2025,Topps,Update,cal raleigh,Cal Raleigh,7,7,1990 TOPPS BASEBALL RELIC CARDS|2025 ALL STAR GAME|ALL STAR STITCHES AUTOGRAPH CARDS|ALL STAR STITCHES CARDS|HEAVY LUMBER AUTOGRAPH RELIC|OWN THE NAME RELICS|REAL ONE GOLDEN MIRROR AUTOGRAPHS,1,Seattle Mariners
2025_topps_update,2025,Topps,Update,cal ripken jr.,Cal Ripken Jr.,3,3,1990 TOPPS BASEBALL AUTOGRAPH CARDS|HEAVY LUMBER AUTOGRAPH RELIC|MOST VALUABLE,1,Baltimore Orioles
2025_topps_update,2025,Topps,Update,caleb durbin,Caleb Durbin,4,5,1990 TOPPS BASEBALL CHROME CARDS|1990 TOPPS BASEBALL CHROME CARDS AUTOGRAPH PARALLEL|BASE SET|GOLDEN MIRROR IMAGE VARIATION|REAL ONE AUTOGRAPHS,2,Milwaukee Brewers	Rookie|Milwaukee Brewers	Rookie Debut
2025_topps_update,2025,Topps,Update,caleb freeman,Caleb Freeman,1,2,BASE SET|GOLDEN MIRROR IMAGE VARIATION,1,Chicago White Sox	Rookie
2025_topps_update,2025,Topps,Update,cam smith,Cam Smith,19,22,1990 TOPPS BASEBALL|1990 TOPPS BASEBALL AUTOGRAPH CARDS|1990 TOPPS BASEBALL CHROME CARDS|1990 TOPPS BASEBALL CHROME CARDS AUTOGRAPH PARALLEL|1990 TOPPS BASEBALL JAPAN|1990 TOPPS BASEBALL JAPAN AUTOGRAPH PARALLEL|1990 TOPPS BASEBALL RELIC CARDS|BASE SET|BASEBALL STARS AUTOGRAPH CARDS|COMPANION CARD|GOLDEN MIRROR IMAGE VARIATION|HOMEFIELD ADVANTAGE|MAJOR LEAGUE MATERIAL AUTOGRAPH CARDS|MYSTICAL|NIGHT TERRORS|OVERSIZED 2025 BASE CARDS|OWN THE NAME RELICS|REAL ONE AUTOGRAPHS|REAL ONE GOLDEN MIRROR AUTOGRAPHS|RISING ROOKIE RELIC CARDS|STARS OF MLB|TOPPS BLACK GOLD,2,Houston Astros	Rookie|Houston Astros	Rookie Debut
2025_topps_update,2025,Topps,Update,camilo doval,Camilo Doval,1,2,BASE SET|GOLDEN MIRROR IMAGE VARIATION,1,San Francisco Giants
2025_topps_update,2025,Topps,Update,caminero,Caminero,1,1,FANATICS AUTHENTIC REDEMPTIONS,1,Tampa Bay Rays
2025_topps_update,2025,Topps,Update,campbell,Campbell,1,1,TRADING CARD ENAMEL PINS,1,Boston Red Sox	Rookie
2025_topps_update,2025,Topps,Update,carlos beltran,Carlos Beltran,2,1,HEAVY LUMBER AUTOGRAPH RELIC,2,Houston Astros|Kansas City Royals
2025_topps_update,2025,Topps,Update,carlos correa,Carlos Correa,1,1,OWN THE NAME RELICS,1,Minnesota Twins
2025_topps_update,2025,Topps,Update,carlos duran,Carlos Duran,1,2,BASE SET|GOLDEN MIRROR IMAGE VARIATION,1,Athletics	Rookie
2025_topps_update,2025,Topps,Update,carlos estévez,Carlos Estévez,1,2,BASE SET|GOLDEN MIRROR IMAGE VARIATION,1,Kansas City Royals
2025_topps_update,2025,Topps,Update,carlos narvaez,Carlos Narvaez,1,1,1990 TOPPS BASEBALL AUTOGRAPH CARDS,1,Boston Red Sox	Rookie
2025_topps_update,2025,Topps,Update,carlos rodriguez,Carlos Rodriguez,1,1,1990 TOPPS BASEBALL AUTOGRAPH CARDS,1,Milwaukee Brewers	Rookie
2025_topps_update,2025,Topps,Update,carlos rodón,Carlos Rodón,4,4,2025 ALL STAR GAME|ALL STAR STITCHES AUTOGRAPH CARDS|ALL STAR STITCHES CARDS|MAJOR LEAGUE MATERIAL AUTOGRAPH CARDS,1,New York Yankees
2025_topps_update,2025,Topps,Update,carlos santana,Carlos Santana,1,2,BASE SET|GOLDEN MIRROR IMAGE VARIATION,1,Cleveland Guardians
2025_topps_update,2025,Topps,Update,carroll,Carroll,1,1,José Ramírez	Cleveland Guardians,1,Arizona Diamondbacks
2025_topps_update,2025,Topps,Update,carson kelly,Carson Kelly,1,2,BASE SET|GOLDEN MIRROR IMAGE VARIATION,1,Chicago Cubs
2025_topps_update,2025,Topps,Update,carson mccusker,Carson McCusker,1,2,BASE SET|GOLDEN MIRROR IMAGE VARIATION,1,Minnesota Twins	Rookie
2025_topps_update,2025,Topps,Update,carson palmquist,Carson Palmquist,1,2,BASE SET|GOLDEN MIRROR IMAGE VARIATION,1,Colorado Rockies	Rookie
2025_topps_update,2025,Topps,Update,carter,Carter,1,1,José Ramírez	Cleveland Guardians,1,Toronto Blue Jays
2025_topps_update,2025,Topps,Update,casey mize,Casey Mize,3,3,2025 ALL STAR GAME|ALL STAR STITCHES AUTOGRAPH CARDS|ALL STAR STITCHES CARDS,1,Detroit Tigers
2025_topps_update,2025,Topps,Update,cc sabathia,CC Sabathia,1,1,HOBBY/HOBBY JUMBO EXCLUSIVE,1,New York Yankees
2025_topps_update,2025,Topps,Update,ceddanne rafaela,Ceddanne Rafaela,1,1,MAJOR LEAGUE MATERIAL DUAL AUTOGRAPH CARDS,1,Boston Red Sox
2025_topps_update,2025,Topps,Update,cedric mullins,Cedric Mullins,1,1,OWN THE NAME RELICS,1,Baltimore Orioles
2025_topps_update,2025,Topps,Update,chad patrick,Chad Patrick,2,4,1990 TOPPS BASEBALL AUTOGRAPH CARDS|BASE SET|GOLDEN MIRROR IMAGE VARIATION|REAL ONE AUTOGRAPHS,1,Milwaukee Brewers	Rookie
2025_topps_update,2025,Topps,Update,chandler simpson,Chandler Simpson,14,16,1990 TOPPS BASEBALL|1990 TOPPS BASEBALL AUTOGRAPH CARDS|1990 TOPPS BASEBALL CHROME CARDS|1990 TOPPS BASEBALL CHROME CARDS AUTOGRAPH PARALLEL|1990 TOPPS BASEBALL RELIC CARDS|BASE SET|BASEBALL STARS AUTOGRAPH CARDS|COMPANION CARD|GOLDEN MIRROR IMAGE VARIATION|HOMEFIELD ADVANTAGE|MAJOR LEAGUE MATERIAL AUTOGRAPH CARDS|MAJOR LEAGUE MATERIAL CARDS|OVERSIZED 2025 BASE CARDS|REAL ONE AUTOGRAPHS|RISING ROOKIE RELIC CARDS|STARS OF MLB,2,Tampa Bay Rays	Rookie|Tampa Bay Rays	Rookie Debut
2025_topps_update,2025,Topps,Update,charlie blackmon,Charlie Blackmon,1,1,HOBBY/HOBBY JUMBO EXCLUSIVE,1,Colorado Rockies
2025_topps_update,2025,Topps,Update,charlie morton,Charlie Morton,1,2,BASE SET|GOLDEN MIRROR IMAGE VARIATION,1,Baltimore Orioles
2025_topps_update,2025,Topps,Update,chase dollander,Chase Dollander,11,13,1990 TOPPS BASEBALL|1990 TOPPS BASEBALL AUTOGRAPH CARDS|1990 TOPPS BASEBALL CHROME CARDS|1990 TOPPS BASEBALL CHROME CARDS AUTOGRAPH PARALLEL|BASE SET|BASEBALL STARS AUTOGRAPH CARDS|GOLDEN MIRROR IMAGE VARIATION|MAJOR LEAGUE MATERIAL AUTOGRAPH CARDS|MAJOR LEAGUE MATERIAL CARDS|REAL ONE AUTOGRAPHS|REAL ONE GOLDEN MIRROR AUTOGRAPHS|RISING ROOKIE RELIC CARDS|STARS OF MLB,2,Colorado Rockies	Rookie|Colorado Rockies	Rookie Debut
2025_topps_update,2025,Topps,Update,chase lee,Chase Lee,1,2,BASE SET|GOLDEN MIRROR IMAGE VARIATION,1,Detroit Tigers	Rookie
2025_topps_update,2025,Topps,Update,chase meidroth,Chase Meidroth,4,5,1990 TOPPS BASEBALL CHROME CARDS|1990 TOPPS BASEBALL CHROME CARDS AUTOGRAPH PARALLEL|BASE SET|BASEBALL STARS AUTOGRAPH CARDS|GOLDEN MIRROR IMAGE VARIATION,1,Chicago White Sox	Rookie
2025_topps_update,2025,Topps,Update,chase petty,Chase Petty,3,5,1990 TOPPS BASEBALL CHROME CARDS|1990 TOPPS BASEBALL CHROME CARDS AUTOGRAPH PARALLEL|BASE SET|GOLDEN MIRROR IMAGE VARIATION|REAL ONE AUTOGRAPHS,1,Cincinnati Reds	Rookie
2025_topps_update,2025,Topps,Update,chase shugart,Chase Shugart,1,2,BASE SET|GOLDEN MIRROR IMAGE VARIATION,1,Pittsburgh Pirates	Rookie
2025_topps_update,2025,Topps,Update,chase utley,Chase Utley,1,1,HEAVY LUMBER AUTOGRAPH RELIC,1,Philadelphia Phillies
2025_topps_update,2025,Topps,Update,chipper jones,Chipper Jones,3,3,1990 TOPPS BASEBALL AUTOGRAPH CARDS|BLEACHER REACHERS|HEAVY LUMBER,1,Atlanta Braves
2025_topps_update,2025,Topps,Update,chris paddack,Chris Paddack,1,2,BASE SET|GOLDEN MIRROR IMAGE VARIATION,1,Minnesota Twins
2025_topps_update,2025,Topps,Update,chris sale,Chris Sale,2,2,2025 ALL STAR GAME|ALL STAR STITCHES AUTOGRAPH CARDS,1,Atlanta Braves
2025_topps_update,2025,Topps,Update,christian koss,Christian Koss,2,3,BASE SET|GOLDEN MIRROR IMAGE VARIATION|REAL ONE AUTOGRAPHS,1,San Francisco Giants	Rookie
2025_topps_update,2025,Topps,Update,christian vázquez,Christian Vázquez,1,2,BASE SET|GOLDEN MIRROR IMAGE VARIATION,1,Minnesota Twins
2025_topps_update,2025,Topps,Update,christian yelich,Christian Yelich,5,6,1990 TOPPS BASEBALL RELIC CARDS|BASE SET|GOLDEN MIRROR IMAGE VARIATION|MOST VALUABLE|OWN THE NAME RELICS|REAL ONE GOLDEN MIRROR AUTOGRAPHS,2,Milwaukee Brewers|Milwaukee Brewers	Veteran Combos
2025_topps_update,2025,Topps,Update,cj abrams,CJ Abrams,2,2,MAJOR LEAGUE MATERIAL AUTOGRAPH CARDS|OWN THE NAME RELICS,1,Washington Nationals
2025_topps_update,2025,Topps,Update,cj alexander,CJ Alexander,2,3,1990 TOPPS BASEBALL AUTOGRAPH CARDS|BASE SET|GOLDEN MIRROR IMAGE VARIATION,2,Athletics	Rookie|Kansas City Royals	Rookie
2025_topps_update,2025,Topps,Update,clay holmes,Clay Holmes,1,2,BASE SET|GOLDEN MIRROR IMAGE VARIATION,1,New York Mets
2025_topps_update,2025,Topps,Update,clayton kershaw,Clayton Kershaw,7,7,2025 ALL STAR GAME|ALL STAR STITCHES AUTOGRAPH CARDS|ALL STAR STITCHES CARDS|MOST VALUABLE|REAL ONE GOLDEN MIRROR AUTOGRAPHS|STRIKE ZONE HEROES|STRIKE ZONE HEROES AUTOGRAPH PARALLEL,1,Los Angeles Dodgers
2025_topps_update,2025,Topps,Update,coby mayo,Coby Mayo,10,11,1990 TOPPS BASEBALL CHROME CARDS|1990 TOPPS BASEBALL CHROME CARDS AUTOGRAPH PARALLEL|1990 TOPPS BASEBALL RELIC CARDS|BASE SET|BASEBALL STARS AUTOGRAPH CARDS|GOLDEN MIRROR IMAGE VARIATION|MAJOR LEAGUE MATERIAL AUTOGRAPH CARDS|MAJOR LEAGUE MATERIAL CARDS|MYSTICAL|REAL ONE GOLDEN MIRROR AUTOGRAPHS|RISING ROOKIE RELIC CARDS,3,Baltimore Orioles|Baltimore Orioles	Rookie|Baltimore Orioles	Rookie Debut
2025_topps_update,2025,Topps,Update,cody bellinger,Cody Bellinger,3,4,BASE SET|GOLDEN MIRROR IMAGE VARIATION|MAJOR LEAGUE MATERIAL CARDS|MOST VALUABLE,2,Los Angeles Dodgers|New York Yankees
2025_topps_update,2025,Topps,Update,cole henry,Cole Henry,1,2,BASE SET|GOLDEN MIRROR IMAGE VARIATION,1,Washington Nationals	Rookie
2025_topps_update,2025,Topps,Update,colin rea,Colin Rea,1,2,BASE SET|GOLDEN MIRROR IMAGE VARIATION,1,Chicago Cubs
2025_topps_update,2025,Topps,Update,colt keith,Colt Keith,1,1,HOBBY/HOBBY JUMBO EXCLUSIVE,1,Detroit Tigers
2025_topps_update,2025,Topps,Update,colton cowser,Colton Cowser,5,5,1990 TOPPS BASEBALL CHROME CARDS|1990 TOPPS BASEBALL CHROME CARDS AUTOGRAPH PARALLEL|HEAVY LUMBER AUTOGRAPH RELIC|MAJOR LEAGUE MATERIAL AUTOGRAPH CARDS|OWN THE NAME RELICS,1,Baltimore Orioles
2025_topps_update,2025,Topps,Update,colton gordon,Colton Gordon,1,2,BASE SET|GOLDEN MIRROR IMAGE VARIATION,1,Houston Astros	Rookie
2025_topps_update,2025,Topps,Update,connect swatch collection,CONNECT SWATCH COLLECTION,1,1,MAJOR LEAGUE MATERIAL DUAL AUTOGRAPH CARDS,1,AUTOGRAPH RELIC
2025_topps_update,2025,Topps,Update,connor joe,Connor Joe,1,2,BASE SET|GOLDEN MIRROR IMAGE VARIATION,1,Cincinnati Reds
2025_topps_update,2025,Topps,Update,connor norby,Connor Norby,1,1,MAJOR LEAGUE MATERIAL AUTOGRAPH CARDS,1,Miami Marlins	Rookie
2025_topps_update,2025,Topps,Update,connor thomas,Connor Thomas,1,2,BASE SET|GOLDEN MIRROR IMAGE VARIATION,1,Milwaukee Brewers	Rookie
2025_topps_update,2025,Topps,Update,contreras,Contreras,1,1,FANATICS AUTHENTIC REDEMPTIONS,1,St. Louis Cardinals
2025_topps_update,2025,Topps,Update,corbin burnes,Corbin Burnes,2,2,1990 TOPPS BASEBALL|BASEBALL STARS AUTOGRAPH CARDS,1,Arizona Diamondbacks
2025_topps_update,2025,Topps,Update,corbin carroll,Corbin Carroll,8,8,1990 TOPPS BASEBALL AUTOGRAPH CARDS|1990 TOPPS BASEBALL JAPAN|1990 TOPPS BASEBALL JAPAN AUTOGRAPH PARALLEL|1990 TOPPS BASEBALL RELIC CARDS|ALL STAR STITCHES AUTOGRAPH CARDS|HEAVY LUMBER AUTOGRAPH RELIC|OWN THE NAME RELICS|REAL ONE GOLDEN MIRROR AUTOGRAPHS,1,Arizona Diamondbacks
2025_topps_update,2025,Topps,Update,craig biggio,Craig Biggio,4,4,1990 TOPPS BASEBALL CHROME CARDS|1990 TOPPS BASEBALL CHROME CARDS AUTOGRAPH PARALLEL|BASEBALL STARS DUAL AUTOGRAPHS|HEAVY LUMBER AUTOGRAPH RELIC,1,Houston Astros
2025_topps_update,2025,Topps,Update,craig yoho,Craig Yoho,2,3,BASE SET|BASEBALL STARS AUTOGRAPH CARDS|GOLDEN MIRROR IMAGE VARIATION,1,Milwaukee Brewers	Rookie
2025_topps_update,2025,Topps,Update,crews,Crews,1,1,FANATICS AUTHENTIC REDEMPTIONS,1,Washington Nationals	Rookie
2025_topps_update,2025,Topps,Update,curtis mead,Curtis Mead,1,2,BASE SET|GOLDEN MIRROR IMAGE VARIATION,1,Tampa Bay Rays
2025_topps_update,2025,Topps,Update,dairon blanco,Dairon Blanco,1,2,BASE SET|GOLDEN MIRROR IMAGE VARIATION,1,Kansas City Royals
2025_topps_update,2025,Topps,Update,dalton rushing,Dalton Rushing,19,21,1990 TOPPS BASEBALL|1990 TOPPS BASEBALL AUTOGRAPH CARDS|1990 TOPPS BASEBALL CHROME CARDS|1990 TOPPS BASEBALL CHROME CARDS AUTOGRAPH PARALLEL|1990 TOPPS BASEBALL JAPAN|1990 TOPPS BASEBALL JAPAN AUTOGRAPH PARALLEL|1990 TOPPS BASEBALL RELIC CARDS|BASE SET|BASEBALL STARS AUTOGRAPH CARDS|COMPANION CARD|GOLDEN MIRROR IMAGE VARIATION|HOMEFIELD ADVANTAGE|MAJOR LEAGUE MATERIAL AUTOGRAPH CARDS|MAJOR LEAGUE MATERIAL CARDS|MYSTICAL|NIGHT TERRORS|OVERSIZED 2025 BASE CARDS|REAL ONE AUTOGRAPHS|RISING ROOKIE RELIC CARDS|STARS OF MLB|TOPPS BLACK GOLD,2,Los Angeles Dodgers	Rookie|Los Angeles Dodgers	Rookie Debut
2025_topps_update,2025,Topps,Update,dane myers,Dane Myers,1,2,BASE SET|GOLDEN MIRROR IMAGE VARIATION,1,Miami Marlins
2025_topps_update,2025,Topps,Update,daniel robert,Daniel Robert,1,2,BASE SET|GOLDEN MIRROR IMAGE VARIATION,1,Texas Rangers	Rookie
2025_topps_update,2025,Topps,Update,danny jansen,Danny Jansen,1,2,BASE SET|GOLDEN MIRROR IMAGE VARIATION,1,Tampa Bay Rays
2025_topps_update,2025,Topps,Update,dansby swanson,Dansby Swanson,5,6,1990 TOPPS BASEBALL CHROME CARDS|1990 TOPPS BASEBALL CHROME CARDS AUTOGRAPH PARALLEL|BASE SET|GOLDEN MIRROR IMAGE VARIATION|TOKYO SERIES HIGHLIGHTS|TOKYO SERIES HIGHLIGHTS AUTOGRAPH PARALLEL,2,Chicago Cubs|Chicago Cubs	Veteran Combos
2025_topps_update,2025,Topps,Update,darren baker,Darren Baker,1,1,1990 TOPPS BASEBALL AUTOGRAPH CARDS,1,Washington Nationals	Rookie
2025_topps_update,2025,Topps,Update,darryl strawberry,Darryl Strawberry,2,2,1990 TOPPS BASEBALL CHROME CARDS|1990 TOPPS BASEBALL CHROME CARDS AUTOGRAPH PARALLEL,1,New York Mets
2025_topps_update,2025,Topps,Update,dashawn keirsey,DaShawn Keirsey,1,1,1990 TOPPS BASEBALL AUTOGRAPH CARDS,1,Minnesota Twins	Rookie
2025_topps_update,2025,Topps,Update,dave stewart,Dave Stewart,1,1,BASEBALL STARS TRIPLE AUTOGRAPHS,1,Athletics
2025_topps_update,2025,Topps,Update,dave winfield,Dave Winfield,3,2,BASEBALL STARS TRIPLE AUTOGRAPHS|HEAVY LUMBER AUTOGRAPH RELIC,2,Minnesota Twins|San Diego Padres
2025_topps_update,2025,Topps,Update,david festa,David Festa,3,3,1990 TOPPS BASEBALL AUTOGRAPH CARDS|MAJOR LEAGUE MATERIAL AUTOGRAPH CARDS|REAL ONE GOLDEN MIRROR AUTOGRAPHS,2,Minnesota Twins|Minnesota Twins	Rookie
2025_topps_update,2025,Topps,Update,david justice,David Justice,1,1,HOBBY/HOBBY JUMBO EXCLUSIVE,1,Atlanta Braves
2025_topps_update,2025,Topps,Update,david morgan,David Morgan,1,2,BASE SET|GOLDEN MIRROR IMAGE VARIATION,1,San Diego Padres	Rookie
2025_topps_update,2025,Topps,Update,david ortiz,David Ortiz,2,2,BLEACHER REACHERS|SIGNATURE TUNES DUAL AUTOGRAPHS,1,Boston Red Sox
2025_topps_update,2025,Topps,Update,david peterson,David Peterson,1,1,ALL STAR STITCHES CARDS,1,New York Mets
2025_topps_update,2025,Topps,Update,david wright,David Wright,3,3,1990 TOPPS BASEBALL CHROME CARDS|1990 TOPPS BASEBALL CHROME CARDS AUTOGRAPH PARALLEL|HEAVY LUMBER AUTOGRAPH RELIC,1,New York Mets
2025_topps_update,2025,Topps,Update,davis martin,Davis Martin,1,2,BASE SET|GOLDEN MIRROR IMAGE VARIATION,1,Chicago White Sox
2025_topps_update,2025,Topps,Update,daylen lile,Daylen Lile,1,2,BASE SET|GOLDEN MIRROR IMAGE VARIATION,1,Washington Nationals	Rookie
2025_topps_update,2025,Topps,Update,degrom,deGrom,1,1,FANATICS AUTHENTIC REDEMPTIONS,1,Texas Rangers
2025_topps_update,2025,Topps,Update,dennis eckersley,Dennis Eckersley,1,1,BASEBALL STARS TRIPLE AUTOGRAPHS,1,Athletics
2025_topps_update,2025,Topps,Update,denzel clarke,Denzel Clarke,4,5,1990 TOPPS BASEBALL CHROME CARDS|1990 TOPPS BASEBALL CHROME CARDS AUTOGRAPH PARALLEL|BASE SET|BASEBALL STARS AUTOGRAPH CARDS|GOLDEN MIRROR IMAGE VARIATION,1,Athletics	Rookie
2025_topps_update,2025,Topps,Update,derek hill,Derek Hill,1,2,BASE SET|GOLDEN MIRROR IMAGE VARIATION,1,Miami Marlins
2025_topps_update,2025,Topps,Update,derek jeter,Derek Jeter,4,4,1990 TOPPS BASEBALL JAPAN|1990 TOPPS BASEBALL JAPAN AUTOGRAPH PARALLEL|FIRST PITCH|HEAVY LUMBER AUTOGRAPH RELIC,1,New York Yankees
2025_topps_update,2025,Topps,Update,derrek lee,Derrek Lee,3,2,BASEBALL STARS DUAL AUTOGRAPHS|BASEBALL STARS TRIPLE AUTOGRAPHS,2,Chicago Cubs|Florida Marlins
2025_topps_update,2025,Topps,Update,devin williams,Devin Williams,2,3,BASE SET|BASEBALL STARS AUTOGRAPH CARDS|GOLDEN MIRROR IMAGE VARIATION,1,New York Yankees
2025_topps_update,2025,Topps,Update,dillon dingler,Dillon Dingler,2,2,1990 TOPPS BASEBALL CHROME CARDS|1990 TOPPS BASEBALL CHROME CARDS AUTOGRAPH PARALLEL,1,Detroit Tigers	Rookie
2025_topps_update,2025,Topps,Update,dollander,Dollander,1,1,TRADING CARD ENAMEL PINS,1,Colorado Rockies	Rookie
2025_topps_update,2025,Topps,Update,dominic canzone,Dominic Canzone,1,2,BASE SET|GOLDEN MIRROR IMAGE VARIATION,1,Seattle Mariners
2025_topps_update,2025,Topps,Update,don mattingly,Don Mattingly,5,5,1990 TOPPS BASEBALL ALL STAR AUTOGRAPH CARDS|1990 TOPPS BASEBALL AUTOGRAPH CARDS|BASEBALL STARS TRIPLE AUTOGRAPHS|HEAVY LUMBER|HEAVY LUMBER AUTOGRAPH RELIC,1,New York Yankees
2025_topps_update,2025,Topps,Update,donovan solano,Donovan Solano,1,2,BASE SET|GOLDEN MIRROR IMAGE VARIATION,1,Seattle Mariners
2025_topps_update,2025,Topps,Update,doug nikhazy,Doug Nikhazy,1,2,BASE SET|GOLDEN MIRROR IMAGE VARIATION,1,Cleveland Guardians	Rookie
2025_topps_update,2025,Topps,Update,drake baldwin,Drake Baldwin,12,15,1990 TOPPS BASEBALL|1990 TOPPS BASEBALL AUTOGRAPH CARDS|1990 TOPPS BASEBALL CHROME CARDS|1990 TOPPS BASEBALL CHROME CARDS AUTOGRAPH PARALLEL|1990 TOPPS BASEBALL RELIC CARDS|BASE SET|BASEBALL STARS AUTOGRAPH CARDS|COMPANION CARD|GOLDEN MIRROR IMAGE VARIATION|MAJOR LEAGUE MATERIAL AUTOGRAPH CARDS|MAJOR LEAGUE MATERIAL CARDS|OVERSIZED 2025 BASE CARDS|REAL ONE AUTOGRAPHS|REAL ONE GOLDEN MIRROR AUTOGRAPHS|RISING ROOKIE RELIC CARDS,2,Atlanta Braves	Rookie|Atlanta Braves	Rookie Debut
2025_topps_update,2025,Topps,Update,drew avans,Drew Avans,1,2,BASE SET|GOLDEN MIRROR IMAGE VARIATION,1,Milwaukee Brewers	Rookie
2025_topps_update,2025,Topps,Update,drew rasmussen,Drew Rasmussen,1,2,BASE SET|GOLDEN MIRROR IMAGE VARIATION,1,Tampa Bay Rays
2025_topps_update,2025,Topps,Update,drew romo,Drew Romo,2,2,1990 TOPPS BASEBALL AUTOGRAPH CARDS|MAJOR LEAGUE MATERIAL AUTOGRAPH CARDS,1,Colorado Rockies	Rookie
2025_topps_update,2025,Topps,Update,drew thorpe,Drew Thorpe,1,1,MAJOR LEAGUE MATERIAL AUTOGRAPH CARDS,1,Chicago White Sox	Rookie
2025_topps_update,2025,Topps,Update,duran,Duran,1,1,José Ramírez	Cleveland Guardians,1,Boston Red Sox
2025_topps_update,2025,Topps,Update,dustin harris,Dustin Harris,2,2,1990 TOPPS BASEBALL AUTOGRAPH CARDS|REAL ONE AUTOGRAPHS,1,Texas Rangers	Rookie
2025_topps_update,2025,Topps,Update,dustin may,Dustin May,1,2,BASE SET|GOLDEN MIRROR IMAGE VARIATION,1,Los Angeles Dodgers
2025_topps_update,2025,Topps,Update,dylan carlson,Dylan Carlson,1,2,BASE SET|GOLDEN MIRROR IMAGE VARIATION,1,Baltimore Orioles
2025_topps_update,2025,Topps,Update,dylan cease,Dylan Cease,1,1,OWN THE NAME RELICS,1,San Diego Padres
2025_topps_update,2025,Topps,Update,dylan crews,Dylan Crews,20,19,1990 TOPPS BASEBALL|1990 TOPPS BASEBALL AUTOGRAPH CARDS|1990 TOPPS BASEBALL CHROME CARDS|1990 TOPPS BASEBALL CHROME CARDS AUTOGRAPH PARALLEL|1990 TOPPS BASEBALL JAPAN|1990 TOPPS BASEBALL RELIC CARDS|BASE SET|COMPANION CARD|GOLDEN MIRROR IMAGE VARIATION|KEEGAN HALL ART CARDS|MAJOR LEAGUE MATERIAL AUTOGRAPH CARDS|MAJOR LEAGUE MATERIAL CARDS|MYSTICAL|NIGHT TERRORS|OVERSIZED 2025 BASE CARDS|OWN THE NAME RELICS|REAL ONE GOLDEN MIRROR AUTOGRAPHS|RISING ROOKIE RELIC CARDS|TOPPS BLACK GOLD,3,Washington Nationals|Washington Nationals	Rookie|Washington Nationals	Rookie Debut
2025_topps_update,2025,Topps,Update,eddie murray,Eddie Murray,3,3,1990 TOPPS BASEBALL CHROME CARDS|1990 TOPPS BASEBALL CHROME CARDS AUTOGRAPH PARALLEL|HEAVY LUMBER,1,Baltimore Orioles
2025_topps_update,2025,Topps,Update,edgar quero,Edgar Quero,7,9,1990 TOPPS BASEBALL AUTOGRAPH CARDS|1990 TOPPS BASEBALL CHROME CARDS|1990 TOPPS BASEBALL CHROME CARDS AUTOGRAPH PARALLEL|BASE SET|BASEBALL STARS AUTOGRAPH CARDS|GOLDEN MIRROR IMAGE VARIATION|MAJOR LEAGUE MATERIAL AUTOGRAPH CARDS|REAL ONE AUTOGRAPHS|REAL ONE GOLDEN MIRROR AUTOGRAPHS,2,Chicago White Sox	Rookie|Chicago White Sox	Rookie Debut
2025_topps_update,2025,Topps,Update,edgardo henriquez,Edgardo Henriquez,1,1,1990 TOPPS BASEBALL AUTOGRAPH CARDS,1,Los Angeles Dodgers	Rookie
2025_topps_update,2025,Topps,Update,edwin díaz,Edwin Díaz,1,1,ALL STAR STITCHES CARDS,1,New York Mets
2025_topps_update,2025,Topps,Update,eitan levine,Eitan Levine,2,2,1990 TOPPS BASEBALL ALL STAR AUTOGRAPH CARDS|FIRST PITCH,1,New York Mets
2025_topps_update,2025,Topps,Update,eli white,Eli White,1,2,BASE SET|GOLDEN MIRROR IMAGE VARIATION,1,Atlanta Braves
2025_topps_update,2025,Topps,Update,elly de la cruz,Elly De La Cruz,17,17,1990 TOPPS BASEBALL CHROME CARDS|1990 TOPPS BASEBALL CHROME CARDS AUTOGRAPH PARALLEL|1990 TOPPS BASEBALL JAPAN|1990 TOPPS BASEBALL JAPAN AUTOGRAPH PARALLEL|1990 TOPPS BASEBALL RELIC CARDS|2025 ALL STAR GAME|ALL STAR STITCHES AUTOGRAPH CARDS|ALL STAR STITCHES CARDS|BASE SET|BASEBALL STARS TRIPLE AUTOGRAPHS|GOLDEN MIRROR IMAGE VARIATION|HEAVY LUMBER AUTOGRAPH RELIC|MAJOR LEAGUE MATERIAL CARDS|MYSTICAL|NIGHT TERRORS|REAL ONE GOLDEN MIRROR AUTOGRAPHS|TOPPS BLACK GOLD,3,Cincinnati Reds|Cincinnati Reds	Season Highlights/Checklist|Cincinnati Reds	Veteran Combos
2025_topps_update,2025,Topps,Update,elvis alvarado,Elvis Alvarado,1,2,BASE SET|GOLDEN MIRROR IMAGE VARIATION,1,Athletics	Rookie
2025_topps_update,2025,Topps,Update,enrique hernández,Enrique Hernández,1,1,TOKYO SERIES HIGHLIGHTS,1,Los Angeles Dodgers
2025_topps_update,2025,Topps,Update,eric davis,Eric Davis,1,1,HEAVY LUMBER AUTOGRAPH RELIC,1,Cincinnati Reds
2025_topps_update,2025,Topps,Update,eric haase,Eric Haase,1,2,BASE SET|GOLDEN MIRROR IMAGE VARIATION,1,Milwaukee Brewers
2025_topps_update,2025,Topps,Update,eric orze,Eric Orze,1,2,BASE SET|GOLDEN MIRROR IMAGE VARIATION,1,Tampa Bay Rays	Rookie
2025_topps_update,2025,Topps,Update,eric wagaman,Eric Wagaman,2,3,1990 TOPPS BASEBALL AUTOGRAPH CARDS|BASE SET|GOLDEN MIRROR IMAGE VARIATION,2,Angels	Rookie|Miami Marlins	Rookie
2025_topps_update,2025,Topps,Update,eric yang,Eric Yang,1,2,BASE SET|GOLDEN MIRROR IMAGE VARIATION,1,Cincinnati Reds	Rookie
2025_topps_update,2025,Topps,Update,erik sabrowski,Erik Sabrowski,1,2,BASE SET|GOLDEN MIRROR IMAGE VARIATION,1,Cleveland Guardians	Rookie
2025_topps_update,2025,Topps,Update,ernie banks,Ernie Banks,2,2,1990 TOPPS BASEBALL|MOST VALUABLE,1,Chicago Cubs
2025_topps_update,2025,Topps,Update,eugenio suárez,Eugenio Suárez,3,3,2025 ALL STAR GAME|ALL STAR STITCHES AUTOGRAPH CARDS|ALL STAR STITCHES CARDS,1,Arizona Diamondbacks
2025_topps_update,2025,Topps,Update,eury pérez,Eury Pérez,2,2,HOBBY/HOBBY JUMBO EXCLUSIVE|OWN THE NAME RELICS,1,Miami Marlins
2025_topps_update,2025,Topps,Update,evan kravetz,Evan Kravetz,1,2,BASE SET|GOLDEN MIRROR IMAGE VARIATION,1,Cincinnati Reds	Rookie
2025_topps_update,2025,Topps,Update,evan longoria,Evan Longoria,1,1,HEAVY LUMBER AUTOGRAPH RELIC,1,Tampa Bay Rays
2025_topps_update,2025,Topps,Update,evan phillips,Evan Phillips,1,2,BASE SET|GOLDEN MIRROR IMAGE VARIATION,1,Los Angeles Dodgers
2025_topps_update,2025,Topps,Update,evan sisk,Evan Sisk,1,2,BASE SET|GOLDEN MIRROR IMAGE VARIATION,1,Kansas City Royals	Rookie
2025_topps_update,2025,Topps,Update,ezequiel tovar,Ezequiel Tovar,4,3,MAJOR LEAGUE MATERIAL DUAL AUTOGRAPH CARDS|OWN THE NAME RELICS|ROUNDING THE BASES AUTOGRAPH RELIC,1,Colorado Rockies
2025_topps_update,2025,Topps,Update,fernando cruz,Fernando Cruz,1,2,BASE SET|GOLDEN MIRROR IMAGE VARIATION,1,New York Yankees
2025_topps_update,2025,Topps,Update,fernando tatis jr.,Fernando Tatis Jr.,17,17,1990 TOPPS BASEBALL|1990 TOPPS BASEBALL CHROME CARDS|1990 TOPPS BASEBALL CHROME CARDS AUTOGRAPH PARALLEL|1990 TOPPS BASEBALL JAPAN|1990 TOPPS BASEBALL JAPAN AUTOGRAPH PARALLEL|1990 TOPPS BASEBALL RELIC CARDS|2025 ALL STAR GAME|ALL STAR STITCHES AUTOGRAPH CARDS|ALL STAR STITCHES CARDS|BASE SET|BASEBALL STARS AUTOGRAPH CARDS|BLEACHER REACHERS|GOLDEN MIRROR IMAGE VARIATION|MAJOR LEAGUE MATERIAL CARDS|MYSTICAL|NIGHT TERRORS|OWN THE NAME RELICS,3,San Diego Padres|San Diego Padres	Season Highlights/Checklist|San Diego Padres	Veteran Combos
2025_topps_update,2025,Topps,Update,fernando valenzuela,Fernando Valenzuela,4,4,1990 TOPPS BASEBALL CHROME CARDS|1990 TOPPS BASEBALL CHROME CARDS AUTOGRAPH PARALLEL|BASEBALL STARS DUAL AUTOGRAPHS|BASEBALL STARS TRIPLE AUTOGRAPHS,1,Los Angeles Dodgers
2025_topps_update,2025,Topps,Update,flagship autograph patch,FLAGSHIP AUTOGRAPH PATCH,1,1,HOBBY/HOBBY JUMBO EXCLUSIVE,1,CARDS
2025_topps_update,2025,Topps,Update,francisco alvarez,Francisco Alvarez,1,1,OWN THE NAME RELICS,1,New York Mets
2025_topps_update,2025,Topps,Update,francisco lindor,Francisco Lindor,19,15,1990 TOPPS BASEBALL AUTOGRAPH CARDS|1990 TOPPS BASEBALL JAPAN|1990 TOPPS BASEBALL RELIC CARDS|2025 ALL STAR GAME|ALL STAR STITCHES AUTOGRAPH CARDS|ALL STAR STITCHES CARDS|BASE SET|GOLDEN MIRROR IMAGE VARIATION|HOBBY/HOBBY JUMBO EXCLUSIVE|KEEGAN HALL ART CARDS|MAJOR LEAGUE MATERIAL DUAL AUTOGRAPH CARDS|MYSTICAL|NIGHT TERRORS|OWN THE NAME RELICS|ROUNDING THE BASES AUTOGRAPH RELIC,3,New York Mets|New York Mets	Season Highlights/Checklist|New York Mets	Veteran Combos
2025_topps_update,2025,Topps,Update,frank thomas,Frank Thomas,2,2,HEAVY LUMBER AUTOGRAPH RELIC|MOST VALUABLE,1,Chicago White Sox
2025_topps_update,2025,Topps,Update,fraser ellard,Fraser Ellard,1,2,BASE SET|GOLDEN MIRROR IMAGE VARIATION,1,Chicago White Sox	Rookie
2025_topps_update,2025,Topps,Update,fred mcgriff,Fred McGriff,3,1,HEAVY LUMBER AUTOGRAPH RELIC,3,Chicago Cubs|Tampa Bay Devil Rays|Toronto Blue Jays
2025_topps_update,2025,Topps,Update,freddie freeman,Freddie Freeman,11,11,1990 TOPPS BASEBALL AUTOGRAPH CARDS|1990 TOPPS BASEBALL JAPAN|1990 TOPPS BASEBALL RELIC CARDS|2025 ALL STAR GAME|ALL STAR STITCHES AUTOGRAPH CARDS|ALL STAR STITCHES CARDS|BLEACHER REACHERS|HEAVY LUMBER AUTOGRAPH RELIC|MAJOR LEAGUE MATERIAL AUTOGRAPH CARDS|MOST VALUABLE|REAL ONE GOLDEN MIRROR AUTOGRAPHS,2,Atlanta Braves|Los Angeles Dodgers
2025_topps_update,2025,Topps,Update,freddy peralta,Freddy Peralta,4,3,ALL STAR STITCHES AUTOGRAPH CARDS|HOBBY/HOBBY JUMBO EXCLUSIVE|OWN THE NAME RELICS,1,Milwaukee Brewers
2025_topps_update,2025,Topps,Update,félix hernández,Félix Hernández,2,2,BASEBALL STARS TRIPLE AUTOGRAPHS|HOBBY/HOBBY JUMBO EXCLUSIVE,1,Seattle Mariners
2025_topps_update,2025,Topps,Update,gabriel arias,Gabriel Arias,1,2,BASE SET|GOLDEN MIRROR IMAGE VARIATION,1,Cleveland Guardians
2025_topps_update,2025,Topps,Update,gage workman,Gage Workman,1,3,BASE SET|GOLDEN MIRROR IMAGE VARIATION|REAL ONE AUTOGRAPHS,1,Detroit Tigers	Rookie
2025_topps_update,2025,Topps,Update,garrett crochet,Garrett Crochet,6,6,1990 TOPPS BASEBALL|2025 ALL STAR GAME|ALL STAR STITCHES AUTOGRAPH CARDS|ALL STAR STITCHES CARDS|STRIKE ZONE HEROES|STRIKE ZONE HEROES AUTOGRAPH PARALLEL,1,Boston Red Sox
2025_topps_update,2025,Topps,Update,garrett mcdaniels,Garrett McDaniels,1,2,BASE SET|GOLDEN MIRROR IMAGE VARIATION,1,Angels	Rookie
2025_topps_update,2025,Topps,Update,gary sheffield,Gary Sheffield,1,1,BASEBALL STARS TRIPLE AUTOGRAPHS,1,Florida Marlins
2025_topps_update,2025,Topps,Update,gavin sheets,Gavin Sheets,1,2,BASE SET|GOLDEN MIRROR IMAGE VARIATION,1,San Diego Padres
2025_topps_update,2025,Topps,Update,gaylord perry,Gaylord Perry,1,1,BASEBALL STARS TRIPLE AUTOGRAPHS,1,Seattle Mariners
2025_topps_update,2025,Topps,Update,george brett,George Brett,1,1,HEAVY LUMBER,1,Kansas City Royals
2025_topps_update,2025,Topps,Update,george kirby,George Kirby,1,2,REAL ONE AUTOGRAPHS|REAL ONE GOLDEN MIRROR AUTOGRAPHS,1,Seattle Mariners
2025_topps_update,2025,Topps,Update,george springer,George Springer,3,3,1990 TOPPS BASEBALL CHROME CARDS|1990 TOPPS BASEBALL CHROME CARDS AUTOGRAPH PARALLEL|OWN THE NAME RELICS,1,Toronto Blue Jays
2025_topps_update,2025,Topps,Update,gerrit cole,Gerrit Cole,2,2,BASEBALL STARS TRIPLE AUTOGRAPHS|HOBBY/HOBBY JUMBO EXCLUSIVE,1,New York Yankees
2025_topps_update,2025,Topps,Update,gerson garabito,Gerson Garabito,1,2,BASE SET|GOLDEN MIRROR IMAGE VARIATION,1,Texas Rangers	Rookie
2025_topps_update,2025,Topps,Update,giancarlo stanton,Giancarlo Stanton,1,1,MOST VALUABLE,1,Miami Marlins
2025_topps_update,2025,Topps,Update,gio urshela,Gio Urshela,1,2,BASE SET|GOLDEN MIRROR IMAGE VARIATION,1,Athletics
2025_topps_update,2025,Topps,Update,gleyber torres,Gleyber Torres,2,2,2025 ALL STAR GAME|ALL STAR STITCHES CARDS,1,Detroit Tigers
2025_topps_update,2025,Topps,Update,gordon graceffo,Gordon Graceffo,1,1,REAL ONE AUTOGRAPHS,1,St. Louis Cardinals	Rookie
2025_topps_update,2025,Topps,Update,graham pauley,Graham Pauley,1,2,BASE SET|GOLDEN MIRROR IMAGE VARIATION,1,Miami Marlins
2025_topps_update,2025,Topps,Update,grant koch,Grant Koch,1,2,BASE SET|GOLDEN MIRROR IMAGE VARIATION,1,Pittsburgh Pirates	Rookie
2025_topps_update,2025,Topps,Update,grant mccray,Grant McCray,1,1,BASEBALL STARS AUTOGRAPH CARDS,1,San Francisco Giants	Rookie
2025_topps_update,2025,Topps,Update,grant wolfram,Grant Wolfram,1,2,BASE SET|GOLDEN MIRROR IMAGE VARIATION,1,Baltimore Orioles	Rookie
2025_topps_update,2025,Topps,Update,greene,Greene,1,1,FANATICS AUTHENTIC REDEMPTIONS,1,Detroit Tigers
2025_topps_update,2025,Topps,Update,greg maddux,Greg Maddux,5,3,1990 TOPPS BASEBALL ALL STAR AUTOGRAPH CARDS|1990 TOPPS BASEBALL CHROME CARDS|1990 TOPPS BASEBALL CHROME CARDS AUTOGRAPH PARALLEL,2,Atlanta Braves|Chicago Cubs
2025_topps_update,2025,Topps,Update,griffin canning,Griffin Canning,1,2,BASE SET|GOLDEN MIRROR IMAGE VARIATION,1,New York Mets
2025_topps_update,2025,Topps,Update,gunnar henderson,Gunnar Henderson,10,7,1990 TOPPS BASEBALL JAPAN|1990 TOPPS BASEBALL JAPAN AUTOGRAPH PARALLEL|KEEGAN HALL ART CARDS|MAJOR LEAGUE MATERIAL AUTOGRAPH CARDS|MYSTICAL|NIGHT TERRORS|OWN THE NAME RELICS,1,Baltimore Orioles
2025_topps_update,2025,Topps,Update,gunnar hoglund,Gunnar Hoglund,1,2,BASE SET|GOLDEN MIRROR IMAGE VARIATION,1,Athletics	Rookie
2025_topps_update,2025,Topps,Update,gustavo campero,Gustavo Campero,1,1,1990 TOPPS BASEBALL AUTOGRAPH CARDS,1,Angels	Rookie
2025_topps_update,2025,Topps,Update,hank aaron,Hank Aaron,2,2,1990 TOPPS BASEBALL CHROME CARDS|BLEACHER REACHERS,2,Atlanta Braves|Milwaukee Braves
2025_topps_update,2025,Topps,Update,hanley ramirez,Hanley Ramirez,2,2,BASEBALL STARS TRIPLE AUTOGRAPHS|HOBBY/HOBBY JUMBO EXCLUSIVE,2,Florida Marlins|Los Angeles Dodgers
2025_topps_update,2025,Topps,Update,harmon killebrew,Harmon Killebrew,1,1,MOST VALUABLE,1,Minnesota Twins
2025_topps_update,2025,Topps,Update,hayden birdsong,Hayden Birdsong,4,5,BASE SET|GOLDEN MIRROR IMAGE VARIATION|REAL ONE GOLDEN MIRROR AUTOGRAPHS|RISING ROOKIE RELIC CARDS|STRIKE ZONE HEROES,2,San Francisco Giants	Rookie|San Francisco Giants	Rookie Debut
2025_topps_update,2025,Topps,Update,hayden senger,Hayden Senger,2,3,BASE SET|GOLDEN MIRROR IMAGE VARIATION|REAL ONE AUTOGRAPHS,1,New York Mets	Rookie
2025_topps_update,2025,Topps,Update,hideki matsui,Hideki Matsui,10,9,1990 TOPPS BASEBALL ALL STAR AUTOGRAPH CARDS|1990 TOPPS BASEBALL AUTOGRAPH CARDS|1990 TOPPS BASEBALL CHROME CARDS|1990 TOPPS BASEBALL CHROME CARDS AUTOGRAPH PARALLEL|1990 TOPPS BASEBALL JAPAN|1990 TOPPS BASEBALL JAPAN AUTOGRAPH PARALLEL|FIRST PITCH|STARS OF JAPAN|STARS OF JAPAN AUTOGRAPH PARALLEL,1,New York Yankees
2025_topps_update,2025,Topps,Update,hideo nomo,Hideo Nomo,4,4,1990 TOPPS BASEBALL JAPAN|LEGENDARY HOMEFIELD ADVANTAGE|STARS OF JAPAN|STRIKE ZONE HEROES,1,Los Angeles Dodgers
2025_topps_update,2025,Topps,Update,hiroki kuroda,Hiroki Kuroda,1,1,STRIKE ZONE HEROES,1,New York Yankees
2025_topps_update,2025,Topps,Update,hunter bigge,Hunter Bigge,1,2,BASE SET|GOLDEN MIRROR IMAGE VARIATION,1,Tampa Bay Rays	Rookie
2025_topps_update,2025,Topps,Update,hunter brown,Hunter Brown,3,3,ALL STAR STITCHES AUTOGRAPH CARDS|ALL STAR STITCHES CARDS|OWN THE NAME RELICS,1,Houston Astros
2025_topps_update,2025,Topps,Update,hunter dobbins,Hunter Dobbins,3,4,1990 TOPPS BASEBALL AUTOGRAPH CARDS|BASE SET|GOLDEN MIRROR IMAGE VARIATION|REAL ONE AUTOGRAPHS,1,Boston Red Sox	Rookie
2025_topps_update,2025,Topps,Update,hunter goodman,Hunter Goodman,2,2,ALL STAR STITCHES AUTOGRAPH CARDS|ALL STAR STITCHES CARDS,1,Colorado Rockies
2025_topps_update,2025,Topps,Update,hunter greene,Hunter Greene,3,3,BASEBALL STARS DUAL AUTOGRAPHS|OWN THE NAME RELICS|STRIKE ZONE HEROES,1,Cincinnati Reds
2025_topps_update,2025,Topps,Update,hyeseong kim,Hyeseong Kim,17,19,1990 TOPPS BASEBALL|1990 TOPPS BASEBALL AUTOGRAPH CARDS|1990 TOPPS BASEBALL CHROME CARDS|1990 TOPPS BASEBALL CHROME CARDS AUTOGRAPH PARALLEL|1990 TOPPS BASEBALL JAPAN|1990 TOPPS BASEBALL JAPAN AUTOGRAPH PARALLEL|1990 TOPPS BASEBALL RELIC CARDS|BASE SET|COMPANION CARD|GOLDEN MIRROR IMAGE VARIATION|HEAVY LUMBER|MAJOR LEAGUE MATERIAL AUTOGRAPH CARDS|MAJOR LEAGUE MATERIAL CARDS|MYSTICAL|OVERSIZED 2025 BASE CARDS|REAL ONE GOLDEN MIRROR AUTOGRAPHS|RISING ROOKIE RELIC CARDS|STARS OF MLB|TOPPS BLACK GOLD,2,Los Angeles Dodgers	Rookie|Los Angeles Dodgers	Rookie Debut
2025_topps_update,2025,Topps,Update,ian happ,Ian Happ,5,5,HOBBY/HOBBY JUMBO EXCLUSIVE|MAJOR LEAGUE MATERIAL AUTOGRAPH CARDS|OWN THE NAME RELICS|TOKYO SERIES HIGHLIGHTS|TOKYO SERIES HIGHLIGHTS AUTOGRAPH PARALLEL,1,Chicago Cubs
2025_topps_update,2025,Topps,Update,ichiro,Ichiro,6,6,1990 TOPPS BASEBALL JAPAN|1990 TOPPS BASEBALL JAPAN AUTOGRAPH PARALLEL|HEAVY LUMBER|MOST VALUABLE|STARS OF JAPAN|STARS OF JAPAN AUTOGRAPH PARALLEL,1,Seattle Mariners
2025_topps_update,2025,Topps,Update,imanaga,Imanaga,1,1,FANATICS AUTHENTIC REDEMPTIONS,1,Chicago Cubs
2025_topps_update,2025,Topps,Update,isaac paredes,Isaac Paredes,1,3,BASE SET|GOLDEN MIRROR IMAGE VARIATION|REAL ONE AUTOGRAPHS,1,Houston Astros
2025_topps_update,2025,Topps,Update,ivan rodriguez,Ivan Rodriguez,8,4,1990 TOPPS BASEBALL ALL STAR AUTOGRAPH CARDS|BASEBALL STARS TRIPLE AUTOGRAPHS|HEAVY LUMBER AUTOGRAPH RELIC|HOBBY/HOBBY JUMBO EXCLUSIVE,5,Detroit Tigers|Florida Marlins|Houston Astros|Texas Rangers|Washington Nationals
2025_topps_update,2025,Topps,Update,iván herrera,Iván Herrera,1,2,BASE SET|GOLDEN MIRROR IMAGE VARIATION,1,St. Louis Cardinals
2025_topps_update,2025,Topps,Update,j.c. escarra,J.C. Escarra,1,2,BASE SET|GOLDEN MIRROR IMAGE VARIATION,1,New York Yankees	Rookie
2025_topps_update,2025,Topps,Update,j.t. realmuto,J.T. Realmuto,6,6,HEAVY LUMBER AUTOGRAPH RELIC|HOBBY/HOBBY JUMBO EXCLUSIVE|MAJOR LEAGUE MATERIAL AUTOGRAPH CARDS|MAJOR LEAGUE MATERIAL DUAL AUTOGRAPH CARDS|OWN THE NAME RELICS|REAL ONE AUTOGRAPHS,1,Philadelphia Phillies
2025_topps_update,2025,Topps,Update,jace jung,Jace Jung,6,7,BASE SET|GOLDEN MIRROR IMAGE VARIATION|HEAVY LUMBER|HEAVY LUMBER AUTOGRAPH RELIC|MAJOR LEAGUE MATERIAL CARDS|REAL ONE GOLDEN MIRROR AUTOGRAPHS|RISING ROOKIE RELIC CARDS,3,Detroit Tigers|Detroit Tigers	Rookie|Detroit Tigers	Rookie Debut
2025_topps_update,2025,Topps,Update,jack dreyer,Jack Dreyer,2,3,BASE SET|BASEBALL STARS AUTOGRAPH CARDS|GOLDEN MIRROR IMAGE VARIATION,1,Los Angeles Dodgers	Rookie
2025_topps_update,2025,Topps,Update,jack flaherty,Jack Flaherty,2,2,1990 TOPPS BASEBALL CHROME CARDS|1990 TOPPS BASEBALL CHROME CARDS AUTOGRAPH PARALLEL,1,Detroit Tigers
2025_topps_update,2025,Topps,Update,jack leiter,Jack Leiter,1,2,BASE SET|GOLDEN MIRROR IMAGE VARIATION,1,Texas Rangers
2025_topps_update,2025,Topps,Update,jack o'loughlin,Jack O'Loughlin,1,2,BASE SET|GOLDEN MIRROR IMAGE VARIATION,1,Colorado Rockies	Rookie
2025_topps_update,2025,Topps,Update,jackson chourio,Jackson Chourio,15,16,1990 TOPPS BASEBALL|1990 TOPPS BASEBALL AUTOGRAPH CARDS|1990 TOPPS BASEBALL CHROME CARDS|1990 TOPPS BASEBALL CHROME CARDS AUTOGRAPH PARALLEL|1990 TOPPS BASEBALL JAPAN|1990 TOPPS BASEBALL JAPAN AUTOGRAPH PARALLEL|1990 TOPPS BASEBALL RELIC CARDS|BASE SET|GOLDEN MIRROR IMAGE VARIATION|HEAVY LUMBER AUTOGRAPH RELIC|HOBBY/HOBBY JUMBO EXCLUSIVE|MAJOR LEAGUE MATERIAL AUTOGRAPH CARDS|MAJOR LEAGUE MATERIAL CARDS|MAJOR LEAGUE MATERIAL DUAL AUTOGRAPH CARDS|OWN THE NAME RELICS|REAL ONE GOLDEN MIRROR AUTOGRAPHS,2,Milwaukee Brewers|Milwaukee Brewers	Veteran Combos
2025_topps_update,2025,Topps,Update,jackson holliday,Jackson Holliday,2,2,OWN THE NAME RELICS|REAL ONE GOLDEN MIRROR AUTOGRAPHS,1,Baltimore Orioles
2025_topps_update,2025,Topps,Update,jackson jobe,Jackson Jobe,8,9,1990 TOPPS BASEBALL AUTOGRAPH CARDS|1990 TOPPS BASEBALL RELIC CARDS|BASE SET|GOLDEN MIRROR IMAGE VARIATION|MAJOR LEAGUE MATERIAL CARDS|REAL ONE GOLDEN MIRROR AUTOGRAPHS|RISING ROOKIE RELIC CARDS|STRIKE ZONE HEROES|TOPPS BLACK GOLD,2,Detroit Tigers	Rookie|Detroit Tigers	Rookie Debut
2025_topps_update,2025,Topps,Update,jackson merrill,Jackson Merrill,7,8,1990 TOPPS BASEBALL AUTOGRAPH CARDS|BASE SET|GOLDEN MIRROR IMAGE VARIATION|HEAVY LUMBER|HOBBY/HOBBY JUMBO EXCLUSIVE|MAJOR LEAGUE MATERIAL AUTOGRAPH CARDS|OWN THE NAME RELICS|STARS OF MLB,2,San Diego Padres|San Diego Padres	Veteran Combos
2025_topps_update,2025,Topps,Update,jacob degrom,Jacob deGrom,3,3,2025 ALL STAR GAME|ALL STAR STITCHES AUTOGRAPH CARDS|ALL STAR STITCHES CARDS,1,Texas Rangers
2025_topps_update,2025,Topps,Update,jacob wilson,Jacob Wilson,20,22,1990 TOPPS BASEBALL CHROME CARDS|1990 TOPPS BASEBALL CHROME CARDS AUTOGRAPH PARALLEL|1990 TOPPS BASEBALL JAPAN|1990 TOPPS BASEBALL JAPAN AUTOGRAPH PARALLEL|1990 TOPPS BASEBALL RELIC CARDS|2025 ALL STAR GAME|ALL STAR STITCHES AUTOGRAPH CARDS|ALL STAR STITCHES CARDS|BASE SET|COMPANION CARD|GOLDEN MIRROR IMAGE VARIATION|HEAVY LUMBER|HEAVY LUMBER AUTOGRAPH RELIC|MAJOR LEAGUE MATERIAL AUTOGRAPH CARDS|MAJOR LEAGUE MATERIAL CARDS|MYSTICAL|NIGHT TERRORS|OVERSIZED 2025 BASE CARDS|OWN THE NAME RELICS|REAL ONE GOLDEN MIRROR AUTOGRAPHS|RISING ROOKIE RELIC CARDS|TOPPS BLACK GOLD,3,Athletics|Athletics	Rookie|Athletics	Rookie Debut
2025_topps_update,2025,Topps,Update,jairo iriarte,Jairo Iriarte,1,1,1990 TOPPS BASEBALL AUTOGRAPH CARDS,1,Chicago White Sox	Rookie
2025_topps_update,2025,Topps,Update,jake burger,Jake Burger,1,2,BASE SET|GOLDEN MIRROR IMAGE VARIATION,1,Texas Rangers
2025_topps_update,2025,Topps,Update,jake mangum,Jake Mangum,2,3,1990 TOPPS BASEBALL AUTOGRAPH CARDS|BASE SET|GOLDEN MIRROR IMAGE VARIATION,1,Tampa Bay Rays	Rookie
2025_topps_update,2025,Topps,Update,jake mccarthy,Jake McCarthy,2,2,MAJOR LEAGUE MATERIAL AUTOGRAPH CARDS|OWN THE NAME RELICS,1,Arizona Diamondbacks
2025_topps_update,2025,Topps,Update,james meeker,James Meeker,1,2,BASE SET|GOLDEN MIRROR IMAGE VARIATION,1,Milwaukee Brewers	Rookie
2025_topps_update,2025,Topps,Update,james wood,James Wood,27,26,1990 TOPPS BASEBALL|1990 TOPPS BASEBALL AUTOGRAPH CARDS|1990 TOPPS BASEBALL CHROME CARDS|1990 TOPPS BASEBALL CHROME CARDS AUTOGRAPH PARALLEL|1990 TOPPS BASEBALL JAPAN|1990 TOPPS BASEBALL JAPAN AUTOGRAPH PARALLEL|1990 TOPPS BASEBALL RELIC CARDS|2025 ALL STAR GAME|ALL STAR STITCHES AUTOGRAPH CARDS|ALL STAR STITCHES CARDS|BASE SET|BLEACHER REACHERS|COMPANION CARD|GOLDEN MIRROR IMAGE VARIATION|HEAVY LUMBER AUTOGRAPH RELIC|HOBBY/HOBBY JUMBO EXCLUSIVE|KEEGAN HALL ART CARDS|MAJOR LEAGUE MATERIAL AUTOGRAPH CARDS|MAJOR LEAGUE MATERIAL CARDS|MYSTICAL|NIGHT TERRORS|OVERSIZED 2025 BASE CARDS|OWN THE NAME RELICS|REAL ONE GOLDEN MIRROR AUTOGRAPHS|RISING ROOKIE RELIC CARDS|TOPPS BLACK GOLD,3,Washington Nationals|Washington Nationals	Rookie|Washington Nationals	Rookie Debut
2025_topps_update,2025,Topps,Update,jamie westbrook,Jamie Westbrook,1,2,BASE SET|GOLDEN MIRROR IMAGE VARIATION,1,Tampa Bay Rays	Rookie
2025_topps_update,2025,Topps,Update,jared triolo,Jared Triolo,1,2,BASE SET|GOLDEN MIRROR IMAGE VARIATION,1,Pittsburgh Pirates
2025_topps_update,2025,Topps,Update,jarren duran,Jarren Duran,2,2,1990 TOPPS BASEBALL AUTOGRAPH CARDS|REAL ONE GOLDEN MIRROR AUTOGRAPHS,1,Boston Red Sox
2025_topps_update,2025,Topps,Update,jason heyward,Jason Heyward,1,2,BASE SET|GOLDEN MIRROR IMAGE VARIATION,1,San Diego Padres
2025_topps_update,2025,Topps,Update,jason varitek,Jason Varitek,2,2,1990 TOPPS BASEBALL ALL STAR AUTOGRAPH CARDS|HEAVY LUMBER AUTOGRAPH RELIC,1,Boston Red Sox
2025_topps_update,2025,Topps,Update,jasson domínguez,Jasson Domínguez,5,5,1990 TOPPS BASEBALL CHROME CARDS|1990 TOPPS BASEBALL CHROME CARDS AUTOGRAPH PARALLEL|1990 TOPPS BASEBALL RELIC CARDS|HOBBY/HOBBY JUMBO EXCLUSIVE|REAL ONE GOLDEN MIRROR AUTOGRAPHS,1,New York Yankees
2025_topps_update,2025,Topps,Update,javier báez,Javier Báez,2,2,2025 ALL STAR GAME|ALL STAR STITCHES CARDS,1,Detroit Tigers
2025_topps_update,2025,Topps,Update,jazz chisholm jr.,Jazz Chisholm Jr.,6,7,1990 TOPPS BASEBALL RELIC CARDS|2025 ALL STAR GAME|ALL STAR STITCHES AUTOGRAPH CARDS|ALL STAR STITCHES CARDS|BASE SET|GOLDEN MIRROR IMAGE VARIATION|STARS OF MLB,2,New York Yankees|New York Yankees	Veteran Combos
2025_topps_update,2025,Topps,Update,jeff bagwell,Jeff Bagwell,2,2,1990 TOPPS BASEBALL|HEAVY LUMBER,1,Houston Astros
2025_topps_update,2025,Topps,Update,jeff criswell,Jeff Criswell,1,2,BASE SET|GOLDEN MIRROR IMAGE VARIATION,1,Colorado Rockies	Rookie
2025_topps_update,2025,Topps,Update,jeff hoffman,Jeff Hoffman,1,2,BASE SET|GOLDEN MIRROR IMAGE VARIATION,1,Toronto Blue Jays
2025_topps_update,2025,Topps,Update,jeffrey springs,Jeffrey Springs,1,2,BASE SET|GOLDEN MIRROR IMAGE VARIATION,1,Athletics
2025_topps_update,2025,Topps,Update,jeremiah estrada,Jeremiah Estrada,1,2,BASE SET|GOLDEN MIRROR IMAGE VARIATION,1,San Diego Padres
2025_topps_update,2025,Topps,Update,jeremy peña,Jeremy Peña,4,4,2025 ALL STAR GAME|ALL STAR STITCHES AUTOGRAPH CARDS|ALL STAR STITCHES CARDS|OWN THE NAME RELICS,1,Houston Astros
2025_topps_update,2025,Topps,Update,jerome walton,Jerome Walton,2,2,1990 TOPPS BASEBALL CHROME CARDS|1990 TOPPS BASEBALL CHROME CARDS AUTOGRAPH PARALLEL,1,Chicago Cubs
2025_topps_update,2025,Topps,Update,jesse winker,Jesse Winker,1,1,MAJOR LEAGUE MATERIAL AUTOGRAPH CARDS,1,New York Mets
2025_topps_update,2025,Topps,Update,jhonkensy noel,Jhonkensy Noel,1,1,RISING ROOKIE RELIC CARDS,1,Cleveland Guardians	Rookie
2025_topps_update,2025,Topps,Update,ji hwan bae,Ji Hwan Bae,1,2,BASE SET|GOLDEN MIRROR IMAGE VARIATION,1,Pittsburgh Pirates
2025_topps_update,2025,Topps,Update,jim edmonds,Jim Edmonds,1,1,HEAVY LUMBER AUTOGRAPH RELIC,1,St. Louis Cardinals
2025_topps_update,2025,Topps,Update,jim thome,Jim Thome,1,1,BLEACHER REACHERS,1,Philadelphia Phillies
2025_topps_update,2025,Topps,Update,jimmy rollins,Jimmy Rollins,1,1,HEAVY LUMBER AUTOGRAPH RELIC,1,Philadelphia Phillies
2025_topps_update,2025,Topps,Update,joc pederson,Joc Pederson,1,2,BASE SET|GOLDEN MIRROR IMAGE VARIATION,1,Texas Rangers
2025_topps_update,2025,Topps,Update,joe boyle,Joe Boyle,1,2,BASE SET|GOLDEN MIRROR IMAGE VARIATION,1,Tampa Bay Rays
2025_topps_update,2025,Topps,Update,joe dimaggio,Joe DiMaggio,3,3,1990 TOPPS BASEBALL|1990 TOPPS BASEBALL CHROME CARDS|LEGENDARY HOMEFIELD ADVANTAGE,1,New York Yankees
2025_topps_update,2025,Topps,Update,joe mauer,Joe Mauer,3,3,1990 TOPPS BASEBALL AUTOGRAPH CARDS|1990 TOPPS BASEBALL CHROME CARDS|1990 TOPPS BASEBALL CHROME CARDS AUTOGRAPH PARALLEL,1,Minnesota Twins
2025_topps_update,2025,Topps,Update,joe ryan,Joe Ryan,1,1,ALL STAR STITCHES CARDS,1,Minnesota Twins
2025_topps_update,2025,Topps,Update,joey cantillo,Joey Cantillo,1,1,1990 TOPPS BASEBALL AUTOGRAPH CARDS,1,Cleveland Guardians	Rookie
2025_topps_update,2025,Topps,Update,joey votto,Joey Votto,6,6,1990 TOPPS BASEBALL|1990 TOPPS BASEBALL ALL STAR AUTOGRAPH CARDS|1990 TOPPS BASEBALL CHROME CARDS|1990 TOPPS BASEBALL CHROME CARDS AUTOGRAPH PARALLEL|HEAVY LUMBER AUTOGRAPH RELIC|MOST VALUABLE,1,Cincinnati Reds
2025_topps_update,2025,Topps,Update,johan santana,Johan Santana,2,2,1990 TOPPS BASEBALL ALL STAR AUTOGRAPH CARDS|1990 TOPPS BASEBALL AUTOGRAPH CARDS,2,Minnesota Twins|New York Mets
2025_topps_update,2025,Topps,Update,john rave,John Rave,1,2,BASE SET|GOLDEN MIRROR IMAGE VARIATION,1,Kansas City Royals	Rookie
2025_topps_update,2025,Topps,Update,john smoltz,John Smoltz,5,4,1990 TOPPS BASEBALL ALL STAR AUTOGRAPH CARDS|1990 TOPPS BASEBALL AUTOGRAPH CARDS|FIRST PITCH|HOBBY/HOBBY JUMBO EXCLUSIVE,1,Atlanta Braves
2025_topps_update,2025,Topps,Update,johnathan rodríguez,Johnathan Rodríguez,1,2,BASE SET|GOLDEN MIRROR IMAGE VARIATION,1,Cleveland Guardians
2025_topps_update,2025,Topps,Update,johnny bench,Johnny Bench,3,3,1990 TOPPS BASEBALL CHROME CARDS|1990 TOPPS BASEBALL CHROME CARDS AUTOGRAPH PARALLEL|MOST VALUABLE,1,Cincinnati Reds
2025_topps_update,2025,Topps,Update,jojo romero,JoJo Romero,1,2,BASE SET|GOLDEN MIRROR IMAGE VARIATION,1,St. Louis Cardinals
2025_topps_update,2025,Topps,Update,jon berti,Jon Berti,1,2,BASE SET|GOLDEN MIRROR IMAGE VARIATION,1,Chicago Cubs
2025_topps_update,2025,Topps,Update,jonathan aranda,Jonathan Aranda,2,2,ALL STAR STITCHES AUTOGRAPH CARDS|ALL STAR STITCHES CARDS,1,Tampa Bay Rays
2025_topps_update,2025,Topps,Update,jonathan bermúdez,Jonathan Bermúdez,1,2,BASE SET|GOLDEN MIRROR IMAGE VARIATION,1,Miami Marlins	Rookie
2025_topps_update,2025,Topps,Update,jonathan india,Jonathan India,1,2,BASE SET|GOLDEN MIRROR IMAGE VARIATION,1,Kansas City Royals
2025_topps_update,2025,Topps,Update,jorbit vivas,Jorbit Vivas,4,5,1990 TOPPS BASEBALL CHROME CARDS|1990 TOPPS BASEBALL CHROME CARDS AUTOGRAPH PARALLEL|BASE SET|BASEBALL STARS AUTOGRAPH CARDS|GOLDEN MIRROR IMAGE VARIATION,1,New York Yankees	Rookie
2025_topps_update,2025,Topps,Update,jordan lawlar,Jordan Lawlar,2,2,1990 TOPPS BASEBALL AUTOGRAPH CARDS|MAJOR LEAGUE MATERIAL AUTOGRAPH CARDS,1,Arizona Diamondbacks
2025_topps_update,2025,Topps,Update,jordan westburg,Jordan Westburg,1,1,OWN THE NAME RELICS,1,Baltimore Orioles
2025_topps_update,2025,Topps,Update,jorge soler,Jorge Soler,1,2,BASE SET|GOLDEN MIRROR IMAGE VARIATION,1,Angels
2025_topps_update,2025,Topps,Update,jose altuve,Jose Altuve,9,8,1990 TOPPS BASEBALL RELIC CARDS|BASEBALL STARS DUAL AUTOGRAPHS|HEAVY LUMBER AUTOGRAPH RELIC|HOBBY/HOBBY JUMBO EXCLUSIVE|MOST VALUABLE|OWN THE NAME RELICS|REAL ONE GOLDEN MIRROR AUTOGRAPHS|ROUNDING THE BASES AUTOGRAPH RELIC,1,Houston Astros
2025_topps_update,2025,Topps,Update,jose canseco,Jose Canseco,1,1,HEAVY LUMBER AUTOGRAPH RELIC,1,Oakland Athletics
2025_topps_update,2025,Topps,Update,jose herrera,Jose Herrera,1,2,BASE SET|GOLDEN MIRROR IMAGE VARIATION,1,Arizona Diamondbacks
2025_topps_update,2025,Topps,Update,jose iglesias,Jose Iglesias,1,2,BASE SET|GOLDEN MIRROR IMAGE VARIATION,1,San Diego Padres
2025_topps_update,2025,Topps,Update,jose trevino,Jose Trevino,1,2,BASE SET|GOLDEN MIRROR IMAGE VARIATION,1,Cincinnati Reds
2025_topps_update,2025,Topps,Update,josh gibson,Josh Gibson,2,2,HEAVY LUMBER|LEGENDARY HOMEFIELD ADVANTAGE,2,Homestead|Homestead Grays
2025_topps_update,2025,Topps,Update,josh hader,Josh Hader,1,1,ALL STAR STITCHES CARDS,1,Houston Astros
2025_topps_update,2025,Topps,Update,josh jung,Josh Jung,1,1,HEAVY LUMBER AUTOGRAPH RELIC,1,Texas Rangers
2025_topps_update,2025,Topps,Update,josh naylor,Josh Naylor,1,2,BASE SET|GOLDEN MIRROR IMAGE VARIATION,1,Arizona Diamondbacks
2025_topps_update,2025,Topps,Update,josh smith,Josh Smith,1,1,MAJOR LEAGUE MATERIAL AUTOGRAPH CARDS,1,Texas Rangers
2025_topps_update,2025,Topps,Update,josé abreu,José Abreu,1,1,MOST VALUABLE,1,Chicago White Sox
2025_topps_update,2025,Topps,Update,josé fermin,José Fermin,1,2,BASE SET|GOLDEN MIRROR IMAGE VARIATION,1,Angels	Rookie
2025_topps_update,2025,Topps,Update,josé ramírez,José Ramírez,4,5,BASE SET|GOLDEN MIRROR IMAGE VARIATION|HEAVY LUMBER AUTOGRAPH RELIC|OWN THE NAME RELICS|REAL ONE GOLDEN MIRROR AUTOGRAPHS,2,Cleveland Guardians|Cleveland Guardians	Veteran Combos
2025_topps_update,2025,Topps,Update,josé soriano,José Soriano,1,1,MAJOR LEAGUE MATERIAL AUTOGRAPH CARDS,1,Angels
2025_topps_update,2025,Topps,Update,juan gonzalez,Juan Gonzalez,1,1,HEAVY LUMBER AUTOGRAPH RELIC,1,Texas Rangers
2025_topps_update,2025,Topps,Update,juan mejia,Juan Mejia,1,2,BASE SET|GOLDEN MIRROR IMAGE VARIATION,1,Colorado Rockies	Rookie
2025_topps_update,2025,Topps,Update,juan morillo,Juan Morillo,1,2,BASE SET|GOLDEN MIRROR IMAGE VARIATION,1,Arizona Diamondbacks	Rookie
2025_topps_update,2025,Topps,Update,juan soto,Juan Soto,19,20,1990 TOPPS BASEBALL|1990 TOPPS BASEBALL AUTOGRAPH CARDS|1990 TOPPS BASEBALL CHROME CARDS|1990 TOPPS BASEBALL CHROME CARDS AUTOGRAPH PARALLEL|1990 TOPPS BASEBALL JAPAN|1990 TOPPS BASEBALL JAPAN AUTOGRAPH PARALLEL|1990 TOPPS BASEBALL RELIC CARDS|BASE SET|BLEACHER REACHERS|GOLDEN MIRROR IMAGE VARIATION|HEAVY LUMBER|HEAVY LUMBER AUTOGRAPH RELIC|MAJOR LEAGUE MATERIAL CARDS|MYSTICAL|NIGHT TERRORS|OWN THE NAME RELICS|REAL ONE GOLDEN MIRROR AUTOGRAPHS|ROUNDING THE BASES AUTOGRAPH RELIC|STARS OF MLB|TOPPS BLACK GOLD,3,New York Mets|New York Mets	Veteran Combos|New York Yankees
2025_topps_update,2025,Topps,Update,judge,Judge,1,1,FANATICS AUTHENTIC REDEMPTIONS,1,New York Yankees
2025_topps_update,2025,Topps,Update,julian aguiar,Julian Aguiar,1,1,REAL ONE AUTOGRAPHS,1,Cincinnati Reds	Rookie
2025_topps_update,2025,Topps,Update,julio rodríguez,Julio Rodríguez,18,16,1990 TOPPS BASEBALL|1990 TOPPS BASEBALL CHROME CARDS|1990 TOPPS BASEBALL CHROME CARDS AUTOGRAPH PARALLEL|1990 TOPPS BASEBALL JAPAN|1990 TOPPS BASEBALL JAPAN AUTOGRAPH PARALLEL|1990 TOPPS BASEBALL RELIC CARDS|2025 ALL STAR GAME|BASE SET|GOLDEN MIRROR IMAGE VARIATION|HOBBY/HOBBY JUMBO EXCLUSIVE|KEEGAN HALL ART CARDS|MAJOR LEAGUE MATERIAL AUTOGRAPH CARDS|MAJOR LEAGUE MATERIAL CARDS|NIGHT TERRORS|OWN THE NAME RELICS|REAL ONE GOLDEN MIRROR AUTOGRAPHS,2,Seattle Mariners|Seattle Mariners	Veteran Combos
2025_topps_update,2025,Topps,Update,jung hoo lee,Jung Hoo Lee,6,6,1990 TOPPS BASEBALL|1990 TOPPS BASEBALL CHROME CARDS|1990 TOPPS BASEBALL CHROME CARDS AUTOGRAPH PARALLEL|1990 TOPPS BASEBALL JAPAN|1990 TOPPS BASEBALL JAPAN AUTOGRAPH PARALLEL|1990 TOPPS BASEBALL RELIC CARDS,1,San Francisco Giants
2025_topps_update,2025,Topps,Update,junior caminero,Junior Caminero,4,4,1990 TOPPS BASEBALL RELIC CARDS|2025 ALL STAR GAME|ALL STAR STITCHES AUTOGRAPH CARDS|ALL STAR STITCHES CARDS,1,Tampa Bay Rays
2025_topps_update,2025,Topps,Update,justin hagenman,Justin Hagenman,1,2,BASE SET|GOLDEN MIRROR IMAGE VARIATION,1,New York Mets	Rookie
2025_topps_update,2025,Topps,Update,justin morneau,Justin Morneau,2,2,HEAVY LUMBER AUTOGRAPH RELIC|MOST VALUABLE,1,Minnesota Twins
2025_topps_update,2025,Topps,Update,justin steele,Justin Steele,1,2,BASE SET|GOLDEN MIRROR IMAGE VARIATION,1,Chicago Cubs
2025_topps_update,2025,Topps,Update,justin sterner,Justin Sterner,1,2,BASE SET|GOLDEN MIRROR IMAGE VARIATION,1,Athletics	Rookie
2025_topps_update,2025,Topps,Update,justin turner,Justin Turner,1,2,BASE SET|GOLDEN MIRROR IMAGE VARIATION,1,Chicago Cubs
2025_topps_update,2025,Topps,Update,justin verlander,Justin Verlander,4,5,1990 TOPPS BASEBALL|1990 TOPPS BASEBALL CHROME CARDS|BASE SET|GOLDEN MIRROR IMAGE VARIATION|MOST VALUABLE,2,Detroit Tigers|San Francisco Giants
2025_topps_update,2025,Topps,Update,justin wrobleski,Justin Wrobleski,1,1,RISING ROOKIE RELIC CARDS,1,Los Angeles Dodgers	Rookie
2025_topps_update,2025,Topps,Update,kade strowd,Kade Strowd,1,2,BASE SET|GOLDEN MIRROR IMAGE VARIATION,1,Baltimore Orioles	Rookie
2025_topps_update,2025,Topps,Update,ke'bryan hayes,Ke'Bryan Hayes,2,2,HOBBY/HOBBY JUMBO EXCLUSIVE|OWN THE NAME RELICS,1,Pittsburgh Pirates
2025_topps_update,2025,Topps,Update,ken griffey jr.,Ken Griffey Jr.,11,11,1990 TOPPS BASEBALL|1990 TOPPS BASEBALL CHROME CARDS|1990 TOPPS BASEBALL CHROME CARDS AUTOGRAPH PARALLEL|1990 TOPPS BASEBALL JAPAN|1990 TOPPS BASEBALL JAPAN AUTOGRAPH PARALLEL|1990 TOPPS BASEBALL RELIC CARDS|BLEACHER REACHERS|HEAVY LUMBER|HEAVY LUMBER AUTOGRAPH RELIC|NIGHT TERRORS|TOPPS BLACK GOLD,2,Cincinnati Reds|Seattle Mariners
2025_topps_update,2025,Topps,Update,kenny lofton,Kenny Lofton,1,1,BASEBALL STARS TRIPLE AUTOGRAPHS,1,Chicago Cubs
2025_topps_update,2025,Topps,Update,kerry carpenter,Kerry Carpenter,1,1,MAJOR LEAGUE MATERIAL AUTOGRAPH CARDS,1,Detroit Tigers
2025_topps_update,2025,Topps,Update,ketel marte,Ketel Marte,3,3,2025 ALL STAR GAME|ALL STAR STITCHES CARDS|OWN THE NAME RELICS,1,Arizona Diamondbacks
2025_topps_update,2025,Topps,Update,kevin alcántara,Kevin Alcántara,8,9,1990 TOPPS BASEBALL RELIC CARDS|BASE SET|BASEBALL STARS AUTOGRAPH CARDS|GOLDEN MIRROR IMAGE VARIATION|HEAVY LUMBER|MAJOR LEAGUE MATERIAL AUTOGRAPH CARDS|MAJOR LEAGUE MATERIAL CARDS|REAL ONE GOLDEN MIRROR AUTOGRAPHS|RISING ROOKIE RELIC CARDS,2,Chicago Cubs	Rookie|Chicago Cubs	Rookie Debut
2025_topps_update,2025,Topps,Update,kevin pillar,Kevin Pillar,1,2,BASE SET|GOLDEN MIRROR IMAGE VARIATION,1,Texas Rangers
2025_topps_update,2025,Topps,Update,kirby puckett,Kirby Puckett,1,1,BLEACHER REACHERS,1,Minnesota Twins
2025_topps_update,2025,Topps,Update,kirk gibson,Kirk Gibson,3,3,1990 TOPPS BASEBALL ALL STAR AUTOGRAPH CARDS|BASEBALL STARS TRIPLE AUTOGRAPHS|FIRST PITCH,2,Detroit Tigers|Los Angeles Dodgers
2025_topps_update,2025,Topps,Update,kodai senga,Kodai Senga,2,2,OWN THE NAME RELICS|STRIKE ZONE HEROES,1,New York Mets
2025_topps_update,2025,Topps,Update,kody clemens,Kody Clemens,1,2,BASE SET|GOLDEN MIRROR IMAGE VARIATION,1,Minnesota Twins
2025_topps_update,2025,Topps,Update,kris bryant,Kris Bryant,2,2,MOST VALUABLE|OWN THE NAME RELICS,2,Chicago Cubs|Colorado Rockies
2025_topps_update,2025,Topps,Update,kris bubic,Kris Bubic,3,4,2025 ALL STAR GAME|ALL STAR STITCHES CARDS|BASE SET|GOLDEN MIRROR IMAGE VARIATION,1,Kansas City Royals
2025_topps_update,2025,Topps,Update,kristian campbell,Kristian Campbell,17,19,1990 TOPPS BASEBALL|1990 TOPPS BASEBALL AUTOGRAPH CARDS|1990 TOPPS BASEBALL CHROME CARDS|1990 TOPPS BASEBALL CHROME CARDS AUTOGRAPH PARALLEL|1990 TOPPS BASEBALL JAPAN|1990 TOPPS BASEBALL RELIC CARDS|BASE SET|COMPANION CARD|GOLDEN MIRROR IMAGE VARIATION|HOMEFIELD ADVANTAGE|MAJOR LEAGUE MATERIAL AUTOGRAPH CARDS|MAJOR LEAGUE MATERIAL CARDS|MYSTICAL|OVERSIZED 2025 BASE CARDS|REAL ONE AUTOGRAPHS|REAL ONE GOLDEN MIRROR AUTOGRAPHS|RISING ROOKIE RELIC CARDS|STARS OF MLB|TOPPS BLACK GOLD,3,Boston Red Sox	Rookie|Boston Red Sox	Rookie Debut|Boston Red Sox	Veteran Combos
2025_topps_update,2025,Topps,Update,kumar rocker,Kumar Rocker,6,7,BASE SET|BASEBALL STARS AUTOGRAPH CARDS|GOLDEN MIRROR IMAGE VARIATION|MAJOR LEAGUE MATERIAL AUTOGRAPH CARDS|RISING ROOKIE RELIC CARDS|STRIKE ZONE HEROES|STRIKE ZONE HEROES AUTOGRAPH PARALLEL,2,Texas Rangers	Rookie|Texas Rangers	Rookie Debut
2025_topps_update,2025,Topps,Update,kurtz,Kurtz,1,1,TRADING CARD ENAMEL PINS,1,Athletics	Rookie
2025_topps_update,2025,Topps,Update,ky bush,Ky Bush,1,1,1990 TOPPS BASEBALL AUTOGRAPH CARDS,1,Chicago White Sox	Rookie
2025_topps_update,2025,Topps,Update,kyle hart,Kyle Hart,1,2,BASE SET|GOLDEN MIRROR IMAGE VARIATION,1,San Diego Padres	Rookie
2025_topps_update,2025,Topps,Update,kyle hendricks,Kyle Hendricks,1,2,BASE SET|GOLDEN MIRROR IMAGE VARIATION,1,Angels
2025_topps_update,2025,Topps,Update,kyle higashioka,Kyle Higashioka,1,2,BASE SET|GOLDEN MIRROR IMAGE VARIATION,1,Texas Rangers
2025_topps_update,2025,Topps,Update,kyle manzardo,Kyle Manzardo,1,1,MAJOR LEAGUE MATERIAL AUTOGRAPH CARDS,1,Cleveland Guardians
2025_topps_update,2025,Topps,Update,kyle schwarber,Kyle Schwarber,8,8,1990 TOPPS BASEBALL ALL STAR AUTOGRAPH CARDS|1990 TOPPS BASEBALL CHROME CARDS|1990 TOPPS BASEBALL CHROME CARDS AUTOGRAPH PARALLEL|2025 ALL STAR GAME|ALL STAR STITCHES AUTOGRAPH CARDS|ALL STAR STITCHES CARDS|HEAVY LUMBER AUTOGRAPH RELIC|STARS OF MLB,1,Philadelphia Phillies
2025_topps_update,2025,Topps,Update,kyle stowers,Kyle Stowers,3,3,ALL STAR STITCHES AUTOGRAPH CARDS|ALL STAR STITCHES CARDS|MAJOR LEAGUE MATERIAL AUTOGRAPH CARDS,1,Miami Marlins
2025_topps_update,2025,Topps,Update,kyle tucker,Kyle Tucker,18,18,1990 TOPPS BASEBALL CHROME CARDS|1990 TOPPS BASEBALL CHROME CARDS AUTOGRAPH PARALLEL|1990 TOPPS BASEBALL JAPAN|1990 TOPPS BASEBALL JAPAN AUTOGRAPH PARALLEL|1990 TOPPS BASEBALL RELIC CARDS|2025 ALL STAR GAME|ALL STAR STITCHES AUTOGRAPH CARDS|ALL STAR STITCHES CARDS|BLEACHER REACHERS|HEAVY LUMBER AUTOGRAPH RELIC|HOBBY/HOBBY JUMBO EXCLUSIVE|HOMEFIELD ADVANTAGE|MAJOR LEAGUE MATERIAL CARDS|MYSTICAL|NIGHT TERRORS|STARS OF MLB|TOKYO SERIES HIGHLIGHTS|TOKYO SERIES HIGHLIGHTS AUTOGRAPH PARALLEL,2,Chicago Cubs|Houston Astros
2025_topps_update,2025,Topps,Update,kyren paris,Kyren Paris,3,4,BASE SET|BASEBALL STARS AUTOGRAPH CARDS|GOLDEN MIRROR IMAGE VARIATION|MAJOR LEAGUE MATERIAL AUTOGRAPH CARDS,1,Angels
2025_topps_update,2025,Topps,Update,lake bachar,Lake Bachar,1,2,BASE SET|GOLDEN MIRROR IMAGE VARIATION,1,Miami Marlins	Rookie
2025_topps_update,2025,Topps,Update,landen roupp,Landen Roupp,1,2,BASE SET|GOLDEN MIRROR IMAGE VARIATION,1,San Francisco Giants
2025_topps_update,2025,Topps,Update,larry walker,Larry Walker,4,3,1990 TOPPS BASEBALL AUTOGRAPH CARDS|HEAVY LUMBER AUTOGRAPH RELIC|HOBBY/HOBBY JUMBO EXCLUSIVE,2,Colorado Rockies|Montréal Expos
2025_topps_update,2025,Topps,Update,lawrence butler,Lawrence Butler,6,7,1990 TOPPS BASEBALL CHROME CARDS|1990 TOPPS BASEBALL JAPAN|1990 TOPPS BASEBALL RELIC CARDS|BASE SET|GOLDEN MIRROR IMAGE VARIATION|OWN THE NAME RELICS|STARS OF MLB,2,Athletics|Athletics	Veteran Combos
2025_topps_update,2025,Topps,Update,lee,Lee,1,1,FANATICS AUTHENTIC REDEMPTIONS,1,Minnesota Twins	Rookie
2025_topps_update,2025,Topps,Update,leo jiménez,Leo Jiménez,1,1,REAL ONE AUTOGRAPHS,1,Toronto Blue Jays	Rookie
2025_topps_update,2025,Topps,Update,levi jordan,Levi Jordan,1,2,BASE SET|GOLDEN MIRROR IMAGE VARIATION,1,Cincinnati Reds	Rookie
2025_topps_update,2025,Topps,Update,liam hicks,Liam Hicks,1,2,BASE SET|GOLDEN MIRROR IMAGE VARIATION,1,Miami Marlins	Rookie
2025_topps_update,2025,Topps,Update,logan allen,Logan Allen,1,2,BASE SET|GOLDEN MIRROR IMAGE VARIATION,1,Cleveland Guardians
2025_topps_update,2025,Topps,Update,logan davidson,Logan Davidson,1,2,BASE SET|GOLDEN MIRROR IMAGE VARIATION,1,Athletics	Rookie
2025_topps_update,2025,Topps,Update,logan evans,Logan Evans,2,4,BASE SET|BASEBALL STARS AUTOGRAPH CARDS|GOLDEN MIRROR IMAGE VARIATION|REAL ONE AUTOGRAPHS,1,Seattle Mariners	Rookie
2025_topps_update,2025,Topps,Update,logan gilbert,Logan Gilbert,1,1,OWN THE NAME RELICS,1,Seattle Mariners
2025_topps_update,2025,Topps,Update,logan henderson,Logan Henderson,5,8,1990 TOPPS BASEBALL AUTOGRAPH CARDS|1990 TOPPS BASEBALL CHROME CARDS|1990 TOPPS BASEBALL CHROME CARDS AUTOGRAPH PARALLEL|BASE SET|BASEBALL STARS AUTOGRAPH CARDS|GOLDEN MIRROR IMAGE VARIATION|REAL ONE AUTOGRAPHS|REAL ONE GOLDEN MIRROR AUTOGRAPHS,1,Milwaukee Brewers	Rookie
2025_topps_update,2025,Topps,Update,logan vanwey,Logan VanWey,1,2,BASE SET|GOLDEN MIRROR IMAGE VARIATION,1,Houston Astros	Rookie
2025_topps_update,2025,Topps,Update,logan webb,Logan Webb,5,5,2025 ALL STAR GAME|ALL STAR STITCHES AUTOGRAPH CARDS|ALL STAR STITCHES CARDS|MAJOR LEAGUE MATERIAL AUTOGRAPH CARDS|OWN THE NAME RELICS,2,San Francisco Giants|San Francsico Giants
2025_topps_update,2025,Topps,Update,lou brock,Lou Brock,1,1,BASEBALL STARS TRIPLE AUTOGRAPHS,1,St. Louis Cardinals
2025_topps_update,2025,Topps,Update,lou gehrig,Lou Gehrig,2,2,1990 TOPPS BASEBALL|1990 TOPPS BASEBALL CHROME CARDS,1,New York Yankees
2025_topps_update,2025,Topps,Update,luarbert arias,Luarbert Arias,1,2,BASE SET|GOLDEN MIRROR IMAGE VARIATION,1,Miami Marlins	Rookie
2025_topps_update,2025,Topps,Update,luis arraez,Luis Arraez,4,4,1990 TOPPS BASEBALL AUTOGRAPH CARDS|HOBBY/HOBBY JUMBO EXCLUSIVE|MAJOR LEAGUE MATERIAL AUTOGRAPH CARDS|OWN THE NAME RELICS,1,San Diego Padres
2025_topps_update,2025,Topps,Update,luis castillo,Luis Castillo,1,1,OWN THE NAME RELICS,1,Seattle Mariners
2025_topps_update,2025,Topps,Update,luis contreras,Luis Contreras,1,2,BASE SET|GOLDEN MIRROR IMAGE VARIATION,1,Houston Astros	Rookie
2025_topps_update,2025,Topps,Update,luis gil,Luis Gil,2,2,BASEBALL STARS TRIPLE AUTOGRAPHS|MAJOR LEAGUE MATERIAL AUTOGRAPH CARDS,1,New York Yankees
2025_topps_update,2025,Topps,Update,luis guerrero,Luis Guerrero,1,2,BASE SET|GOLDEN MIRROR IMAGE VARIATION,1,Boston Red Sox	Rookie
2025_topps_update,2025,Topps,Update,luis matos,Luis Matos,1,2,BASE SET|GOLDEN MIRROR IMAGE VARIATION,1,San Francisco Giants
2025_topps_update,2025,Topps,Update,luis mey,Luis Mey,1,2,BASE SET|GOLDEN MIRROR IMAGE VARIATION,1,Cincinnati Reds	Rookie
2025_topps_update,2025,Topps,Update,luis robert jr.,Luis Robert Jr.,3,2,HOBBY/HOBBY JUMBO EXCLUSIVE|OWN THE NAME RELICS,1,Chicago White Sox
2025_topps_update,2025,Topps,Update,luis torrens,Luis Torrens,1,2,BASE SET|GOLDEN MIRROR IMAGE VARIATION,1,New York Mets
2025_topps_update,2025,Topps,Update,luis urías,Luis Urías,1,2,BASE SET|GOLDEN MIRROR IMAGE VARIATION,1,Athletics
2025_topps_update,2025,Topps,Update,luisangel acuña,Luisangel Acuña,10,11,1990 TOPPS BASEBALL AUTOGRAPH CARDS|1990 TOPPS BASEBALL JAPAN|1990 TOPPS BASEBALL RELIC CARDS|BASE SET|GOLDEN MIRROR IMAGE VARIATION|HEAVY LUMBER|MAJOR LEAGUE MATERIAL CARDS|MYSTICAL|REAL ONE GOLDEN MIRROR AUTOGRAPHS|RISING ROOKIE RELIC CARDS|TOPPS BLACK GOLD,2,New York Mets	Rookie|New York Mets	Rookie Debut
2025_topps_update,2025,Topps,Update,luke keaschall,Luke Keaschall,15,18,1990 TOPPS BASEBALL|1990 TOPPS BASEBALL AUTOGRAPH CARDS|1990 TOPPS BASEBALL CHROME CARDS|1990 TOPPS BASEBALL CHROME CARDS AUTOGRAPH PARALLEL|1990 TOPPS BASEBALL RELIC CARDS|BASE SET|BASEBALL STARS AUTOGRAPH CARDS|COMPANION CARD|GOLDEN MIRROR IMAGE VARIATION|MAJOR LEAGUE MATERIAL AUTOGRAPH CARDS|MAJOR LEAGUE MATERIAL CARDS|MYSTICAL|OVERSIZED 2025 BASE CARDS|REAL ONE AUTOGRAPHS|REAL ONE GOLDEN MIRROR AUTOGRAPHS|RISING ROOKIE RELIC CARDS|STARS OF MLB|TOPPS BLACK GOLD,2,Minnesota Twins	Rookie|Minnesota Twins	Rookie Debut
2025_topps_update,2025,Topps,Update,luken baker,Luken Baker,1,2,BASE SET|GOLDEN MIRROR IMAGE VARIATION,1,St. Louis Cardinals
2025_topps_update,2025,Topps,Update,mackenzie gore,MacKenzie Gore,6,6,1990 TOPPS BASEBALL|1990 TOPPS BASEBALL CHROME CARDS|1990 TOPPS BASEBALL CHROME CARDS AUTOGRAPH PARALLEL|2025 ALL STAR GAME|ALL STAR STITCHES AUTOGRAPH CARDS|ALL STAR STITCHES CARDS,1,Washington Nationals
2025_topps_update,2025,Topps,Update,magglio ordonez,Magglio Ordonez,1,1,BASEBALL STARS TRIPLE AUTOGRAPHS,1,Detroit Tigers
2025_topps_update,2025,Topps,Update,maikel garcia,Maikel Garcia,2,2,ALL STAR STITCHES AUTOGRAPH CARDS|ALL STAR STITCHES CARDS,1,Kansas City Royals
2025_topps_update,2025,Topps,Update,manny machado,Manny Machado,6,6,1990 TOPPS BASEBALL JAPAN|2025 ALL STAR GAME|ALL STAR STITCHES AUTOGRAPH CARDS|ALL STAR STITCHES CARDS|BASEBALL STARS TRIPLE AUTOGRAPHS|OWN THE NAME RELICS,1,San Diego Padres
2025_topps_update,2025,Topps,Update,manny ramirez,Manny Ramirez,3,3,1990 TOPPS BASEBALL CHROME CARDS|1990 TOPPS BASEBALL CHROME CARDS AUTOGRAPH PARALLEL|LEGENDARY HOMEFIELD ADVANTAGE,1,Boston Red Sox
2025_topps_update,2025,Topps,Update,manuel margot,Manuel Margot,1,2,BASE SET|GOLDEN MIRROR IMAGE VARIATION,1,Detroit Tigers
2025_topps_update,2025,Topps,Update,manuel selman,Manuel Selman,2,2,1990 TOPPS BASEBALL ALL STAR AUTOGRAPH CARDS|FIRST PITCH,1,Seattle Mariners
2025_topps_update,2025,Topps,Update,marc church,Marc Church,1,2,BASE SET|GOLDEN MIRROR IMAGE VARIATION,1,Texas Rangers	Rookie
2025_topps_update,2025,Topps,Update,marcell ozuna,Marcell Ozuna,2,3,BASE SET|GOLDEN MIRROR IMAGE VARIATION|HEAVY LUMBER AUTOGRAPH RELIC,2,Atlanta Braves|Atlanta Braves	Veteran Combos
2025_topps_update,2025,Topps,Update,marcelo mayer,Marcelo Mayer,18,20,1990 TOPPS BASEBALL|1990 TOPPS BASEBALL AUTOGRAPH CARDS|1990 TOPPS BASEBALL CHROME CARDS|1990 TOPPS BASEBALL CHROME CARDS AUTOGRAPH PARALLEL|1990 TOPPS BASEBALL JAPAN|1990 TOPPS BASEBALL JAPAN AUTOGRAPH PARALLEL|1990 TOPPS BASEBALL RELIC CARDS|BASE SET|BASEBALL STARS AUTOGRAPH CARDS|COMPANION CARD|GOLDEN MIRROR IMAGE VARIATION|HOMEFIELD ADVANTAGE|MAJOR LEAGUE MATERIAL AUTOGRAPH CARDS|MAJOR LEAGUE MATERIAL CARDS|OVERSIZED 2025 BASE CARDS|REAL ONE AUTOGRAPHS|REAL ONE GOLDEN MIRROR AUTOGRAPHS|RISING ROOKIE RELIC CARDS|STARS OF MLB|TOPPS BLACK GOLD,3,Boston Red Sox	Rookie|Boston Red Sox	Rookie Debut|Boston Red Sox	Veteran Combos
2025_topps_update,2025,Topps,Update,marcus semien,Marcus Semien,1,1,REAL ONE AUTOGRAPHS,1,Texas Rangers
2025_topps_update,2025,Topps,Update,mark grace,Mark Grace,2,2,HEAVY LUMBER AUTOGRAPH RELIC|HOBBY/HOBBY JUMBO EXCLUSIVE,2,Arizona Diamondbacks|Chicago Cubs
2025_topps_update,2025,Topps,Update,mark leiter jr.,Mark Leiter Jr.,1,2,BASE SET|GOLDEN MIRROR IMAGE VARIATION,1,New York Yankees
2025_topps_update,2025,Topps,Update,mark mcgwire,Mark McGwire,7,7,1990 TOPPS BASEBALL|1990 TOPPS BASEBALL AUTOGRAPH CARDS|1990 TOPPS BASEBALL CHROME CARDS|1990 TOPPS BASEBALL CHROME CARDS AUTOGRAPH PARALLEL|BASEBALL STARS TRIPLE AUTOGRAPHS|BLEACHER REACHERS|HEAVY LUMBER,3,Athletics|Oakland Athletics|St. Louis Cardinals
2025_topps_update,2025,Topps,Update,mark teixeira,Mark Teixeira,1,1,BASEBALL STARS TRIPLE AUTOGRAPHS,1,New York Yankees
2025_topps_update,2025,Topps,Update,mark vientos,Mark Vientos,1,1,BASEBALL STARS TRIPLE AUTOGRAPHS,1,New York Mets
2025_topps_update,2025,Topps,Update,martinez,Martinez,1,1,FANATICS AUTHENTIC REDEMPTIONS,1,Seattle Mariners
2025_topps_update,2025,Topps,Update,martín maldonado,Martín Maldonado,1,2,BASE SET|GOLDEN MIRROR IMAGE VARIATION,1,San Diego Padres
2025_topps_update,2025,Topps,Update,masataka yoshida,Masataka Yoshida,5,5,1990 TOPPS BASEBALL JAPAN|1990 TOPPS BASEBALL JAPAN AUTOGRAPH PARALLEL|HOBBY/HOBBY JUMBO EXCLUSIVE|OWN THE NAME RELICS|STARS OF JAPAN AUTOGRAPH PARALLEL,1,Boston Red Sox
2025_topps_update,2025,Topps,Update,mason fluharty,Mason Fluharty,2,3,BASE SET|GOLDEN MIRROR IMAGE VARIATION|REAL ONE AUTOGRAPHS,1,Toronto Blue Jays	Rookie
2025_topps_update,2025,Topps,Update,matt boyd,Matt Boyd,3,3,2025 ALL STAR GAME|ALL STAR STITCHES AUTOGRAPH CARDS|ALL STAR STITCHES CARDS,1,Chicago Cubs
2025_topps_update,2025,Topps,Update,matt chapman,Matt Chapman,7,6,1990 TOPPS BASEBALL AUTOGRAPH CARDS|HOBBY/HOBBY JUMBO EXCLUSIVE|MAJOR LEAGUE MATERIAL AUTOGRAPH CARDS|OWN THE NAME RELICS|RICKWOOD AUTOGRAPH RELIC COLLECTION|STARS OF MLB,2,San Francisco Giants|San Francsico Giants
2025_topps_update,2025,Topps,Update,matt gorski,Matt Gorski,1,2,BASE SET|GOLDEN MIRROR IMAGE VARIATION,1,Pittsburgh Pirates	Rookie
2025_topps_update,2025,Topps,Update,matt holliday,Matt Holliday,1,1,FIRST PITCH,1,Colorado Rockies
2025_topps_update,2025,Topps,Update,matt kemp,Matt Kemp,1,1,BASEBALL STARS TRIPLE AUTOGRAPHS,1,Los Angeles Dodgers
2025_topps_update,2025,Topps,Update,matt mclain,Matt McLain,1,2,BASE SET|GOLDEN MIRROR IMAGE VARIATION,1,Cincinnati Reds	Veteran Combos
2025_topps_update,2025,Topps,Update,matt mervis,Matt Mervis,1,2,BASE SET|GOLDEN MIRROR IMAGE VARIATION,1,Miami Marlins
2025_topps_update,2025,Topps,Update,matt olson,Matt Olson,7,7,1990 TOPPS BASEBALL RELIC CARDS|2025 ALL STAR GAME|ALL STAR STITCHES AUTOGRAPH CARDS|ALL STAR STITCHES CARDS|MAJOR LEAGUE MATERIAL DUAL AUTOGRAPH CARDS|OWN THE NAME RELICS|REAL ONE GOLDEN MIRROR AUTOGRAPHS,1,Atlanta Braves
2025_topps_update,2025,Topps,Update,matt shaw,Matt Shaw,21,23,1990 TOPPS BASEBALL|1990 TOPPS BASEBALL AUTOGRAPH CARDS|1990 TOPPS BASEBALL CHROME CARDS|1990 TOPPS BASEBALL CHROME CARDS AUTOGRAPH PARALLEL|1990 TOPPS BASEBALL JAPAN|1990 TOPPS BASEBALL RELIC CARDS|BASE SET|BASEBALL STARS AUTOGRAPH CARDS|COMPANION CARD|GOLDEN MIRROR IMAGE VARIATION|HOMEFIELD ADVANTAGE|MAJOR LEAGUE MATERIAL AUTOGRAPH CARDS|MAJOR LEAGUE MATERIAL CARDS|MYSTICAL|NIGHT TERRORS|OVERSIZED 2025 BASE CARDS|REAL ONE AUTOGRAPHS|REAL ONE GOLDEN MIRROR AUTOGRAPHS|RISING ROOKIE RELIC CARDS|STARS OF MLB|TOKYO SERIES HIGHLIGHTS|TOKYO SERIES HIGHLIGHTS AUTOGRAPH PARALLEL|TOPPS BLACK GOLD,3,Chicago Cubs	Rookie|Chicago Cubs	Rookie Debut|Chicago Cubs	Veteran Combos
2025_topps_update,2025,Topps,Update,matt svanson,Matt Svanson,1,2,BASE SET|GOLDEN MIRROR IMAGE VARIATION,1,St. Louis Cardinals	Rookie
2025_topps_update,2025,Topps,Update,matt thaiss,Matt Thaiss,1,2,BASE SET|GOLDEN MIRROR IMAGE VARIATION,1,Tampa Bay Rays
2025_topps_update,2025,Topps,Update,matthew liberatore,Matthew Liberatore,1,2,BASE SET|GOLDEN MIRROR IMAGE VARIATION,1,St. Louis Cardinals
2025_topps_update,2025,Topps,Update,matthew lugo,Matthew Lugo,1,2,BASE SET|GOLDEN MIRROR IMAGE VARIATION,1,Angels	Rookie
2025_topps_update,2025,Topps,Update,maverick handley,Maverick Handley,1,2,BASE SET|GOLDEN MIRROR IMAGE VARIATION,1,Baltimore Orioles	Rookie
2025_topps_update,2025,Topps,Update,max fried,Max Fried,7,7,1990 TOPPS BASEBALL AUTOGRAPH CARDS|1990 TOPPS BASEBALL CHROME CARDS|1990 TOPPS BASEBALL CHROME CARDS AUTOGRAPH PARALLEL|2025 ALL STAR GAME|ALL STAR STITCHES AUTOGRAPH CARDS|ALL STAR STITCHES CARDS|BASEBALL STARS TRIPLE AUTOGRAPHS,1,New York Yankees
2025_topps_update,2025,Topps,Update,max kepler,Max Kepler,1,2,BASE SET|GOLDEN MIRROR IMAGE VARIATION,1,Philadelphia Phillies
2025_topps_update,2025,Topps,Update,max lazar,Max Lazar,1,2,BASE SET|GOLDEN MIRROR IMAGE VARIATION,1,Philadelphia Phillies	Rookie
2025_topps_update,2025,Topps,Update,max meyer,Max Meyer,2,3,BASE SET|GOLDEN MIRROR IMAGE VARIATION|MAJOR LEAGUE MATERIAL AUTOGRAPH CARDS,1,Miami Marlins
2025_topps_update,2025,Topps,Update,max muncy,Max Muncy,8,9,1990 TOPPS BASEBALL|1990 TOPPS BASEBALL AUTOGRAPH CARDS|1990 TOPPS BASEBALL CHROME CARDS|1990 TOPPS BASEBALL CHROME CARDS AUTOGRAPH PARALLEL|BASE SET|BASEBALL STARS AUTOGRAPH CARDS|GOLDEN MIRROR IMAGE VARIATION|OWN THE NAME RELICS|STARS OF MLB,2,Athletics	Rookie|Los Angeles Dodgers
2025_topps_update,2025,Topps,Update,max scherzer,Max Scherzer,3,3,1990 TOPPS BASEBALL CHROME CARDS|1990 TOPPS BASEBALL CHROME CARDS AUTOGRAPH PARALLEL|MAJOR LEAGUE MATERIAL CARDS,1,Toronto Blue Jays
2025_topps_update,2025,Topps,Update,michael darrell-hicks,Michael Darrell-Hicks,1,2,BASE SET|GOLDEN MIRROR IMAGE VARIATION,1,Angels	Rookie
2025_topps_update,2025,Topps,Update,michael harris ii,Michael Harris Ii,2,2,HOBBY/HOBBY JUMBO EXCLUSIVE|OWN THE NAME RELICS,1,Atlanta Braves
2025_topps_update,2025,Topps,Update,michael lorenzen,Michael Lorenzen,1,2,BASE SET|GOLDEN MIRROR IMAGE VARIATION,1,Kansas City Royals
2025_topps_update,2025,Topps,Update,michael mcgreevy,Michael McGreevy,3,4,BASE SET|GOLDEN MIRROR IMAGE VARIATION|MAJOR LEAGUE MATERIAL AUTOGRAPH CARDS|RISING ROOKIE RELIC CARDS,2,St. Louis Cardinals	Rookie|St. Louis Cardinals	Rookie Debut
2025_topps_update,2025,Topps,Update,michael mercado,Michael Mercado,1,1,1990 TOPPS BASEBALL AUTOGRAPH CARDS,1,Philadelphia Phillies	Rookie
2025_topps_update,2025,Topps,Update,michael petersen,Michael Petersen,1,2,BASE SET|GOLDEN MIRROR IMAGE VARIATION,1,Miami Marlins	Rookie
2025_topps_update,2025,Topps,Update,michael soroka,Michael Soroka,1,2,BASE SET|GOLDEN MIRROR IMAGE VARIATION,1,Washington Nationals
2025_topps_update,2025,Topps,Update,michael taylor,Michael Taylor,1,2,BASE SET|GOLDEN MIRROR IMAGE VARIATION,1,Chicago White Sox
2025_topps_update,2025,Topps,Update,michel otañez,Michel Otañez,1,2,BASE SET|GOLDEN MIRROR IMAGE VARIATION,1,Athletics	Rookie
2025_topps_update,2025,Topps,Update,mick abel,Mick Abel,12,12,1990 TOPPS BASEBALL|1990 TOPPS BASEBALL AUTOGRAPH CARDS|1990 TOPPS BASEBALL CHROME CARDS|1990 TOPPS BASEBALL CHROME CARDS AUTOGRAPH PARALLEL|1990 TOPPS BASEBALL RELIC CARDS|BASE SET|BASEBALL STARS AUTOGRAPH CARDS|GOLDEN MIRROR IMAGE VARIATION|MAJOR LEAGUE MATERIAL AUTOGRAPH CARDS|RISING ROOKIE RELIC CARDS|STRIKE ZONE HEROES|STRIKE ZONE HEROES AUTOGRAPH PARALLEL,2,Philadelphia Phillies	Rookie|Philadelphia Phillies	Rookie Debut
2025_topps_update,2025,Topps,Update,mickey gasper,Mickey Gasper,1,2,BASE SET|GOLDEN MIRROR IMAGE VARIATION,1,Minnesota Twins	Rookie
2025_topps_update,2025,Topps,Update,mickey mantle,Mickey Mantle,4,4,1990 TOPPS BASEBALL|1990 TOPPS BASEBALL CHROME CARDS|BLEACHER REACHERS|MOST VALUABLE,1,New York Yankees
2025_topps_update,2025,Topps,Update,mickey moniak,Mickey Moniak,1,2,BASE SET|GOLDEN MIRROR IMAGE VARIATION,1,Colorado Rockies
2025_topps_update,2025,Topps,Update,miguel cabrera,Miguel Cabrera,8,7,1990 TOPPS BASEBALL AUTOGRAPH CARDS|1990 TOPPS BASEBALL CHROME CARDS|1990 TOPPS BASEBALL CHROME CARDS AUTOGRAPH PARALLEL|HEAVY LUMBER|HEAVY LUMBER AUTOGRAPH RELIC|MAJOR LEAGUE MATERIAL AUTOGRAPH CARDS|MOST VALUABLE,2,Detroit Tigers|Florida Marlins
2025_topps_update,2025,Topps,Update,miguel rojas,Miguel Rojas,1,2,BASE SET|GOLDEN MIRROR IMAGE VARIATION,1,Los Angeles Dodgers
2025_topps_update,2025,Topps,Update,mike piazza,Mike Piazza,1,1,HEAVY LUMBER AUTOGRAPH RELIC,1,Los Angeles Dodgers
2025_topps_update,2025,Topps,Update,mike schmidt,Mike Schmidt,3,3,BASEBALL STARS DUAL AUTOGRAPHS|HEAVY LUMBER|MOST VALUABLE,1,Philadelphia Phillies
2025_topps_update,2025,Topps,Update,mike tauchman,Mike Tauchman,1,2,BASE SET|GOLDEN MIRROR IMAGE VARIATION,1,Chicago White Sox
2025_topps_update,2025,Topps,Update,mike trout,Mike Trout,15,15,1990 TOPPS BASEBALL|1990 TOPPS BASEBALL AUTOGRAPH CARDS|1990 TOPPS BASEBALL CHROME CARDS|1990 TOPPS BASEBALL CHROME CARDS AUTOGRAPH PARALLEL|1990 TOPPS BASEBALL JAPAN|1990 TOPPS BASEBALL JAPAN AUTOGRAPH PARALLEL|1990 TOPPS BASEBALL RELIC CARDS|BLEACHER REACHERS|HOBBY/HOBBY JUMBO EXCLUSIVE|MOST VALUABLE|MYSTICAL|NIGHT TERRORS|OWN THE NAME RELICS|REAL ONE GOLDEN MIRROR AUTOGRAPHS|TOPPS BLACK GOLD,1,Angels
2025_topps_update,2025,Topps,Update,mike vasil,Mike Vasil,1,2,BASE SET|GOLDEN MIRROR IMAGE VARIATION,1,Chicago White Sox	Rookie
2025_topps_update,2025,Topps,Update,mike yastrzemski,Mike Yastrzemski,2,2,HOBBY/HOBBY JUMBO EXCLUSIVE|OWN THE NAME RELICS,1,San Francisco Giants
2025_topps_update,2025,Topps,Update,miles mastrobuoni,Miles Mastrobuoni,1,2,BASE SET|GOLDEN MIRROR IMAGE VARIATION,1,Seattle Mariners
2025_topps_update,2025,Topps,Update,mitch spence,Mitch Spence,1,2,BASE SET|GOLDEN MIRROR IMAGE VARIATION,1,Athletics
2025_topps_update,2025,Topps,Update,miyavi,MIYAVI,2,2,1990 TOPPS BASEBALL ALL STAR AUTOGRAPH CARDS|FIRST PITCH,1,Los Angeles Dodgers
2025_topps_update,2025,Topps,Update,mj melendez,MJ Melendez,1,2,BASE SET|GOLDEN MIRROR IMAGE VARIATION,1,Kansas City Royals	Veteran Combos
2025_topps_update,2025,Topps,Update,moises ballesteros,Moises Ballesteros,1,1,1990 TOPPS BASEBALL AUTOGRAPH CARDS,1,Chicago Cubs	Rookie
2025_topps_update,2025,Topps,Update,moisés ballesteros,Moisés Ballesteros,10,11,1990 TOPPS BASEBALL|1990 TOPPS BASEBALL CHROME CARDS|1990 TOPPS BASEBALL CHROME CARDS AUTOGRAPH PARALLEL|1990 TOPPS BASEBALL RELIC CARDS|BASE SET|BASEBALL STARS AUTOGRAPH CARDS|COMPANION CARD|GOLDEN MIRROR IMAGE VARIATION|MAJOR LEAGUE MATERIAL CARDS|OVERSIZED 2025 BASE CARDS|RISING ROOKIE RELIC CARDS,2,Chicago Cubs	Rookie|Chicago Cubs	Rookie Debut
2025_topps_update,2025,Topps,Update,mookie betts,Mookie Betts,5,5,1990 TOPPS BASEBALL JAPAN|MOST VALUABLE|NIGHT TERRORS|OWN THE NAME RELICS|TOPPS BLACK GOLD,2,Boston Red Sox|Los Angeles Dodgers
2025_topps_update,2025,Topps,Update,muncy,Muncy,1,1,TRADING CARD ENAMEL PINS,1,Athletics	Rookie
2025_topps_update,2025,Topps,Update,myles straw,Myles Straw,1,2,BASE SET|GOLDEN MIRROR IMAGE VARIATION,1,Toronto Blue Jays
2025_topps_update,2025,Topps,Update,nacho alvarez jr.,Nacho Alvarez Jr.,2,2,REAL ONE GOLDEN MIRROR AUTOGRAPHS|RISING ROOKIE RELIC CARDS,2,Atlanta Braves|Atlanta Braves	Rookie
2025_topps_update,2025,Topps,Update,nathan wiles,Nathan Wiles,1,2,BASE SET|GOLDEN MIRROR IMAGE VARIATION,1,Atlanta Braves	Rookie
2025_topps_update,2025,Topps,Update,nathaniel lowe,Nathaniel Lowe,1,2,BASE SET|GOLDEN MIRROR IMAGE VARIATION,1,Washington Nationals
2025_topps_update,2025,Topps,Update,nestor cortes,Nestor Cortes,3,3,HOBBY/HOBBY JUMBO EXCLUSIVE|MAJOR LEAGUE MATERIAL AUTOGRAPH CARDS|REAL ONE AUTOGRAPHS,2,Milwaukee Brewers|New York Yankees
2025_topps_update,2025,Topps,Update,nic enright,Nic Enright,1,2,BASE SET|GOLDEN MIRROR IMAGE VARIATION,1,Cleveland Guardians	Rookie
2025_topps_update,2025,Topps,Update,nick allen,Nick Allen,1,2,BASE SET|GOLDEN MIRROR IMAGE VARIATION,1,Atlanta Braves
2025_topps_update,2025,Topps,Update,nick castellanos,Nick Castellanos,2,3,BASE SET|GOLDEN MIRROR IMAGE VARIATION|OWN THE NAME RELICS,2,Philadelphia Phillies|Philadelphia Phillies	Veteran Combos
2025_topps_update,2025,Topps,Update,nick kurtz,Nick Kurtz,19,22,1990 TOPPS BASEBALL|1990 TOPPS BASEBALL AUTOGRAPH CARDS|1990 TOPPS BASEBALL CHROME CARDS|1990 TOPPS BASEBALL CHROME CARDS AUTOGRAPH PARALLEL|1990 TOPPS BASEBALL JAPAN|1990 TOPPS BASEBALL JAPAN AUTOGRAPH PARALLEL|1990 TOPPS BASEBALL RELIC CARDS|BASE SET|BASEBALL STARS AUTOGRAPH CARDS|COMPANION CARD|GOLDEN MIRROR IMAGE VARIATION|HOMEFIELD ADVANTAGE|MAJOR LEAGUE MATERIAL AUTOGRAPH CARDS|MAJOR LEAGUE MATERIAL CARDS|MYSTICAL|NIGHT TERRORS|OVERSIZED 2025 BASE CARDS|REAL ONE AUTOGRAPHS|REAL ONE GOLDEN MIRROR AUTOGRAPHS|RISING ROOKIE RELIC CARDS|STARS OF MLB|TOPPS BLACK GOLD,2,Athletics	Rookie|Athletics	Rookie Debut
2025_topps_update,2025,Topps,Update,nick lodolo,Nick Lodolo,1,1,MAJOR LEAGUE MATERIAL AUTOGRAPH CARDS,1,Cincinnati Reds
2025_topps_update,2025,Topps,Update,nick pivetta,Nick Pivetta,1,2,BASE SET|GOLDEN MIRROR IMAGE VARIATION,1,San Diego Padres
2025_topps_update,2025,Topps,Update,nico hoerner,Nico Hoerner,4,4,1990 TOPPS BASEBALL AUTOGRAPH CARDS|HEAVY LUMBER AUTOGRAPH RELIC|OWN THE NAME RELICS|REAL ONE GOLDEN MIRROR AUTOGRAPHS,1,Chicago Cubs
2025_topps_update,2025,Topps,Update,niko kavadas,Niko Kavadas,1,1,1990 TOPPS BASEBALL AUTOGRAPH CARDS,1,Angels	Rookie
2025_topps_update,2025,Topps,Update,noah cameron,Noah Cameron,3,5,1990 TOPPS BASEBALL CHROME CARDS|1990 TOPPS BASEBALL CHROME CARDS AUTOGRAPH PARALLEL|BASE SET|GOLDEN MIRROR IMAGE VARIATION|REAL ONE AUTOGRAPHS,1,Kansas City Royals	Rookie
2025_topps_update,2025,Topps,Update,noah murdock,Noah Murdock,1,2,BASE SET|GOLDEN MIRROR IMAGE VARIATION,1,Kansas City Royals	Rookie
2025_topps_update,2025,Topps,Update,nolan arenado,Nolan Arenado,3,3,OWN THE NAME RELICS|REAL ONE GOLDEN MIRROR AUTOGRAPHS|RICKWOOD AUTOGRAPH RELIC COLLECTION,1,St. Louis Cardinals
2025_topps_update,2025,Topps,Update,nolan jones,Nolan Jones,1,2,BASE SET|GOLDEN MIRROR IMAGE VARIATION,1,Cleveland Guardians
2025_topps_update,2025,Topps,Update,nolan ryan,Nolan Ryan,5,5,1990 TOPPS BASEBALL AUTOGRAPH CARDS|1990 TOPPS BASEBALL CHROME CARDS|1990 TOPPS BASEBALL CHROME CARDS AUTOGRAPH PARALLEL|STRIKE ZONE HEROES|STRIKE ZONE HEROES AUTOGRAPH PARALLEL,2,California Angels|Houston Astros
2025_topps_update,2025,Topps,Update,nolan schanuel,Nolan Schanuel,3,3,HEAVY LUMBER AUTOGRAPH RELIC|HOBBY/HOBBY JUMBO EXCLUSIVE|MAJOR LEAGUE MATERIAL AUTOGRAPH CARDS,1,Angels
2025_topps_update,2025,Topps,Update,nomar garciaparra,Nomar Garciaparra,3,3,1990 TOPPS BASEBALL CHROME CARDS|1990 TOPPS BASEBALL CHROME CARDS AUTOGRAPH PARALLEL|HEAVY LUMBER AUTOGRAPH RELIC,1,Boston Red Sox
2025_topps_update,2025,Topps,Update,ohtani,Ohtani,1,1,FANATICS AUTHENTIC REDEMPTIONS,1,Angels
2025_topps_update,2025,Topps,Update,oliver dunn,Oliver Dunn,1,2,BASE SET|GOLDEN MIRROR IMAGE VARIATION,1,Milwaukee Brewers
2025_topps_update,2025,Topps,Update,omar cruz,Omar Cruz,2,3,BASE SET|GOLDEN MIRROR IMAGE VARIATION|REAL ONE AUTOGRAPHS,1,San Diego Padres	Rookie
2025_topps_update,2025,Topps,Update,oneil cruz,Oneil Cruz,1,1,OWN THE NAME RELICS,1,Pittsburgh Pirates
2025_topps_update,2025,Topps,Update,orel hershiser,Orel Hershiser,2,2,BASEBALL STARS DUAL AUTOGRAPHS|BASEBALL STARS TRIPLE AUTOGRAPHS,1,Los Angeles Dodgers
2025_topps_update,2025,Topps,Update,orlando ribalta,Orlando Ribalta,1,2,BASE SET|GOLDEN MIRROR IMAGE VARIATION,1,Washington Nationals	Rookie
2025_topps_update,2025,Topps,Update,ozzie albies,Ozzie Albies,3,4,BASE SET|GOLDEN MIRROR IMAGE VARIATION|HOBBY/HOBBY JUMBO EXCLUSIVE|MAJOR LEAGUE MATERIAL AUTOGRAPH CARDS,2,Atlanta Braves|Atlanta Braves	Veteran Combos
2025_topps_update,2025,Topps,Update,ozzie smith,Ozzie Smith,2,2,1990 TOPPS BASEBALL CHROME CARDS|1990 TOPPS BASEBALL CHROME CARDS AUTOGRAPH PARALLEL,1,St. Louis Cardinals
2025_topps_update,2025,Topps,Update,pablo lópez,Pablo López,1,1,OWN THE NAME RELICS,1,Minnesota Twins
2025_topps_update,2025,Topps,Update,parker dunshee,Parker Dunshee,1,2,BASE SET|GOLDEN MIRROR IMAGE VARIATION,1,Atlanta Braves	Rookie
2025_topps_update,2025,Topps,Update,patrick monteverde,Patrick Monteverde,1,2,BASE SET|GOLDEN MIRROR IMAGE VARIATION,1,Miami Marlins	Rookie
2025_topps_update,2025,Topps,Update,paul dejong,Paul DeJong,1,2,BASE SET|GOLDEN MIRROR IMAGE VARIATION,1,Washington Nationals
2025_topps_update,2025,Topps,Update,paul goldschmidt,Paul Goldschmidt,6,6,1990 TOPPS BASEBALL AUTOGRAPH CARDS|1990 TOPPS BASEBALL CHROME CARDS|1990 TOPPS BASEBALL CHROME CARDS AUTOGRAPH PARALLEL|HEAVY LUMBER AUTOGRAPH RELIC|MOST VALUABLE|REAL ONE GOLDEN MIRROR AUTOGRAPHS,2,New York Yankees|St. Louis Cardinals
2025_topps_update,2025,Topps,Update,paul konerko,Paul Konerko,1,1,HEAVY LUMBER AUTOGRAPH RELIC,1,Chicago White Sox
2025_topps_update,2025,Topps,Update,paul molitor,Paul Molitor,2,1,HEAVY LUMBER AUTOGRAPH RELIC,2,Milwaukee Brewers|Minnesota Twins
2025_topps_update,2025,Topps,Update,paul o'neill,Paul O'Neill,2,2,BASEBALL STARS TRIPLE AUTOGRAPHS|HEAVY LUMBER AUTOGRAPH RELIC,1,New York Yankees
2025_topps_update,2025,Topps,Update,paul skenes,Paul Skenes,13,13,1990 TOPPS BASEBALL CHROME CARDS|1990 TOPPS BASEBALL CHROME CARDS AUTOGRAPH PARALLEL|1990 TOPPS BASEBALL JAPAN|1990 TOPPS BASEBALL JAPAN AUTOGRAPH PARALLEL|1990 TOPPS BASEBALL RELIC CARDS|2025 ALL STAR GAME|ALL STAR STITCHES AUTOGRAPH CARDS|ALL STAR STITCHES CARDS|MYSTICAL|REAL ONE GOLDEN MIRROR AUTOGRAPHS|STRIKE ZONE HEROES|STRIKE ZONE HEROES AUTOGRAPH PARALLEL|TOPPS BLACK GOLD,1,Pittsburgh Pirates
2025_topps_update,2025,Topps,Update,paxton schultz,Paxton Schultz,1,2,BASE SET|GOLDEN MIRROR IMAGE VARIATION,1,Toronto Blue Jays	Rookie
2025_topps_update,2025,Topps,Update,pedro martinez,Pedro Martinez,1,1,1990 TOPPS BASEBALL CHROME CARDS,1,Boston Red Sox
2025_topps_update,2025,Topps,Update,pete alonso,Pete Alonso,10,10,1990 TOPPS BASEBALL JAPAN|1990 TOPPS BASEBALL JAPAN AUTOGRAPH PARALLEL|1990 TOPPS BASEBALL RELIC CARDS|2025 ALL STAR GAME|ALL STAR STITCHES AUTOGRAPH CARDS|ALL STAR STITCHES CARDS|BLEACHER REACHERS|MAJOR LEAGUE MATERIAL AUTOGRAPH CARDS|OWN THE NAME RELICS|REAL ONE GOLDEN MIRROR AUTOGRAPHS,1,New York Mets
2025_topps_update,2025,Topps,Update,pete crow-armstrong,Pete Crow-Armstrong,15,16,1990 TOPPS BASEBALL|1990 TOPPS BASEBALL CHROME CARDS|1990 TOPPS BASEBALL CHROME CARDS AUTOGRAPH PARALLEL|1990 TOPPS BASEBALL JAPAN|1990 TOPPS BASEBALL JAPAN AUTOGRAPH PARALLEL|1990 TOPPS BASEBALL RELIC CARDS|2025 ALL STAR GAME|ALL STAR STITCHES AUTOGRAPH CARDS|ALL STAR STITCHES CARDS|BASE SET|GOLDEN MIRROR IMAGE VARIATION|HEAVY LUMBER AUTOGRAPH RELIC|MAJOR LEAGUE MATERIAL AUTOGRAPH CARDS|NIGHT TERRORS|OWN THE NAME RELICS|STARS OF MLB,2,Chicago Cubs|Chicago Cubs	Season Highlights/Checklist
2025_topps_update,2025,Topps,Update,peña,Peña,1,1,FANATICS AUTHENTIC REDEMPTIONS,1,Houston Astros
2025_topps_update,2025,Topps,Update,pitch,PITCH,1,1,1990 TOPPS BASEBALL ALL STAR AUTOGRAPH CARDS,1,AUTOGRAPHS
2025_topps_update,2025,Topps,Update,porter hodge,Porter Hodge,1,1,1990 TOPPS BASEBALL AUTOGRAPH CARDS,1,Chicago Cubs
2025_topps_update,2025,Topps,Update,posey,Posey,1,1,FANATICS AUTHENTIC REDEMPTIONS,1,San Francisco Giants
2025_topps_update,2025,Topps,Update,prince fielder,Prince Fielder,5,3,1990 TOPPS BASEBALL ALL STAR AUTOGRAPH CARDS|HEAVY LUMBER AUTOGRAPH RELIC|HOBBY/HOBBY JUMBO EXCLUSIVE,3,Detroit Tigers|Milwaukee Brewers|Texas Rangers
2025_topps_update,2025,Topps,Update,rafael devers,Rafael Devers,3,4,BASE SET|GOLDEN MIRROR IMAGE VARIATION|NIGHT TERRORS|OWN THE NAME RELICS,2,Boston Red Sox|San Francisco Giants
2025_topps_update,2025,Topps,Update,rafael marchán,Rafael Marchán,1,2,BASE SET|GOLDEN MIRROR IMAGE VARIATION,1,Philadelphia Phillies
2025_topps_update,2025,Topps,Update,ramón laureano,Ramón Laureano,1,2,BASE SET|GOLDEN MIRROR IMAGE VARIATION,1,Baltimore Orioles
2025_topps_update,2025,Topps,Update,randy arozarena,Randy Arozarena,4,5,2025 ALL STAR GAME|ALL STAR STITCHES AUTOGRAPH CARDS|ALL STAR STITCHES CARDS|BASE SET|GOLDEN MIRROR IMAGE VARIATION,2,Seattle Mariners|Seattle Mariners	Veteran Combos
2025_topps_update,2025,Topps,Update,randy johnson,Randy Johnson,1,1,BASEBALL STARS TRIPLE AUTOGRAPHS,1,Seattle Mariners
2025_topps_update,2025,Topps,Update,randy rodríguez,Randy Rodríguez,1,2,BASE SET|GOLDEN MIRROR IMAGE VARIATION,1,San Francisco Giants
2025_topps_update,2025,Topps,Update,raymond burgos,Raymond Burgos,1,2,BASE SET|GOLDEN MIRROR IMAGE VARIATION,1,San Francisco Giants	Rookie
2025_topps_update,2025,Topps,Update,reese olson,Reese Olson,1,1,MAJOR LEAGUE MATERIAL AUTOGRAPH CARDS,1,Detroit Tigers
2025_topps_update,2025,Topps,Update,reggie jackson,Reggie Jackson,3,3,BASEBALL STARS TRIPLE AUTOGRAPHS|HEAVY LUMBER AUTOGRAPH RELIC|MOST VALUABLE,3,Athletics|California Angels|Oakland Athletics
2025_topps_update,2025,Topps,Update,reid detmers,Reid Detmers,1,1,HOBBY/HOBBY JUMBO EXCLUSIVE,1,Angels
2025_topps_update,2025,Topps,Update,rhett lowder,Rhett Lowder,6,7,BASE SET|GOLDEN MIRROR IMAGE VARIATION|MAJOR LEAGUE MATERIAL AUTOGRAPH CARDS|REAL ONE GOLDEN MIRROR AUTOGRAPHS|RISING ROOKIE RELIC CARDS|STRIKE ZONE HEROES|STRIKE ZONE HEROES AUTOGRAPH PARALLEL,3,Cincinnati Reds|Cincinnati Reds	Rookie|Cincinnati Reds	Rookie Debut
2025_topps_update,2025,Topps,Update,rhylan thomas,Rhylan Thomas,1,2,BASE SET|GOLDEN MIRROR IMAGE VARIATION,1,Seattle Mariners	Rookie
2025_topps_update,2025,Topps,Update,richard fitts,Richard Fitts,1,1,1990 TOPPS BASEBALL AUTOGRAPH CARDS,1,Boston Red Sox	Rookie
2025_topps_update,2025,Topps,Update,rickey henderson,Rickey Henderson,2,1,BASEBALL STARS TRIPLE AUTOGRAPHS,2,Athletics|Oakland Athletics
2025_topps_update,2025,Topps,Update,riley greene,Riley Greene,10,9,1990 TOPPS BASEBALL ALL STAR AUTOGRAPH CARDS|1990 TOPPS BASEBALL AUTOGRAPH CARDS|2025 ALL STAR GAME|ALL STAR STITCHES AUTOGRAPH CARDS|ALL STAR STITCHES CARDS|HEAVY LUMBER AUTOGRAPH RELIC|HOBBY/HOBBY JUMBO EXCLUSIVE|MAJOR LEAGUE MATERIAL AUTOGRAPH CARDS|OWN THE NAME RELICS,1,Detroit Tigers
2025_topps_update,2025,Topps,Update,ripken jr.,Ripken Jr.,1,1,José Ramírez	Cleveland Guardians,1,Baltimore Orioles
2025_topps_update,2025,Topps,Update,river ryan,River Ryan,1,1,1990 TOPPS BASEBALL AUTOGRAPH CARDS,1,Los Angeles Dodgers	Rookie
2025_topps_update,2025,Topps,Update,robbie ray,Robbie Ray,3,3,2025 ALL STAR GAME|ALL STAR STITCHES AUTOGRAPH CARDS|MAJOR LEAGUE MATERIAL AUTOGRAPH CARDS,2,San Francisco Giants|San Francsico Giants
2025_topps_update,2025,Topps,Update,robert garcia,Robert Garcia,1,2,BASE SET|GOLDEN MIRROR IMAGE VARIATION,1,Texas Rangers
2025_topps_update,2025,Topps,Update,robert hassell iii,Robert Hassell III,5,6,1990 TOPPS BASEBALL|1990 TOPPS BASEBALL CHROME CARDS|1990 TOPPS BASEBALL CHROME CARDS AUTOGRAPH PARALLEL|BASE SET|BASEBALL STARS AUTOGRAPH CARDS|GOLDEN MIRROR IMAGE VARIATION,1,Washington Nationals	Rookie
2025_topps_update,2025,Topps,Update,roberto clemente,Roberto Clemente,1,1,MOST VALUABLE,1,Pittsburgh Pirates
2025_topps_update,2025,Topps,Update,robin ventura,Robin Ventura,1,1,1990 TOPPS BASEBALL AUTOGRAPH CARDS,1,Chicago White Sox
2025_topps_update,2025,Topps,Update,robin yount,Robin Yount,1,1,HEAVY LUMBER,1,Milwaukee Brewers
2025_topps_update,2025,Topps,Update,rod carew,Rod Carew,1,1,MOST VALUABLE,1,Minnesota Twins
2025_topps_update,2025,Topps,Update,roger clemens,Roger Clemens,2,2,1990 TOPPS BASEBALL CHROME CARDS|1990 TOPPS BASEBALL CHROME CARDS AUTOGRAPH PARALLEL,1,Boston Red Sox
2025_topps_update,2025,Topps,Update,roger maris,Roger Maris,1,1,MOST VALUABLE,1,New York Yankees
2025_topps_update,2025,Topps,Update,rogers hornsby,Rogers Hornsby,1,1,LEGENDARY HOMEFIELD ADVANTAGE,1,St. Louis Cardinals
2025_topps_update,2025,Topps,Update,roki sasaki,Roki Sasaki,22,23,1990 TOPPS BASEBALL|1990 TOPPS BASEBALL AUTOGRAPH CARDS|1990 TOPPS BASEBALL CHROME CARDS|1990 TOPPS BASEBALL CHROME CARDS AUTOGRAPH PARALLEL|1990 TOPPS BASEBALL JAPAN|1990 TOPPS BASEBALL JAPAN AUTOGRAPH PARALLEL|1990 TOPPS BASEBALL RELIC CARDS|BASE SET|COMPANION CARD|GOLDEN MIRROR IMAGE VARIATION|HOMEFIELD ADVANTAGE|MAJOR LEAGUE MATERIAL AUTOGRAPH CARDS|MAJOR LEAGUE MATERIAL CARDS|OVERSIZED 2025 BASE CARDS|REAL ONE GOLDEN MIRROR AUTOGRAPHS|RISING ROOKIE RELIC CARDS|STARS OF JAPAN|STARS OF JAPAN AUTOGRAPH PARALLEL|STRIKE ZONE HEROES|STRIKE ZONE HEROES AUTOGRAPH PARALLEL|TOKYO SERIES HIGHLIGHTS|TOKYO SERIES HIGHLIGHTS AUTOGRAPH PARALLEL|TOPPS BLACK GOLD,3,Los Angeles Dodgers	Rookie|Los Angeles Dodgers	Rookie Debut|Los Angeles Dodgers	Veteran Combos
2025_topps_update,2025,Topps,Update,romy gonzalez,Romy Gonzalez,1,2,BASE SET|GOLDEN MIRROR IMAGE VARIATION,1,Boston Red Sox
2025_topps_update,2025,Topps,Update,ronald acuña jr.,Ronald Acuña Jr.,23,20,1990 TOPPS BASEBALL|1990 TOPPS BASEBALL AUTOGRAPH CARDS|1990 TOPPS BASEBALL CHROME CARDS|1990 TOPPS BASEBALL CHROME CARDS AUTOGRAPH PARALLEL|1990 TOPPS BASEBALL JAPAN|1990 TOPPS BASEBALL JAPAN AUTOGRAPH PARALLEL|1990 TOPPS BASEBALL RELIC CARDS|2025 ALL STAR GAME|ALL STAR STITCHES AUTOGRAPH CARDS|ALL STAR STITCHES CARDS|BLEACHER REACHERS|HEAVY LUMBER AUTOGRAPH RELIC|KEEGAN HALL ART CARDS|MAJOR LEAGUE MATERIAL CARDS|MOST VALUABLE|MYSTICAL|NIGHT TERRORS|OWN THE NAME RELICS|REAL ONE GOLDEN MIRROR AUTOGRAPHS|TOPPS BLACK GOLD,1,Atlanta Braves
2025_topps_update,2025,Topps,Update,ronel blanco,Ronel Blanco,1,1,1990 TOPPS BASEBALL AUTOGRAPH CARDS,1,Houston Astros
2025_topps_update,2025,Topps,Update,ronny simon,Ronny Simon,1,2,BASE SET|GOLDEN MIRROR IMAGE VARIATION,1,Pittsburgh Pirates	Rookie
2025_topps_update,2025,Topps,Update,rowdy tellez,Rowdy Tellez,1,2,BASE SET|GOLDEN MIRROR IMAGE VARIATION,1,Seattle Mariners
2025_topps_update,2025,Topps,Update,roy campanella,Roy Campanella,1,1,MOST VALUABLE,1,Brooklyn Dodgers
2025_topps_update,2025,Topps,Update,royce lewis,Royce Lewis,2,2,HEAVY LUMBER AUTOGRAPH RELIC|OWN THE NAME RELICS,1,Minnesota Twins
2025_topps_update,2025,Topps,Update,ryan bergert,Ryan Bergert,1,2,BASE SET|GOLDEN MIRROR IMAGE VARIATION,1,San Diego Padres	Rookie
2025_topps_update,2025,Topps,Update,ryan fitzgerald,Ryan Fitzgerald,1,2,BASE SET|GOLDEN MIRROR IMAGE VARIATION,1,Minnesota Twins	Rookie
2025_topps_update,2025,Topps,Update,ryan gusto,Ryan Gusto,2,4,1990 TOPPS BASEBALL AUTOGRAPH CARDS|BASE SET|GOLDEN MIRROR IMAGE VARIATION|REAL ONE AUTOGRAPHS,1,Houston Astros	Rookie
2025_topps_update,2025,Topps,Update,ryan howard,Ryan Howard,1,1,HEAVY LUMBER AUTOGRAPH RELIC,1,Philadelphia Phillies
2025_topps_update,2025,Topps,Update,ryan johnson,Ryan Johnson,2,3,1990 TOPPS BASEBALL AUTOGRAPH CARDS|BASE SET|GOLDEN MIRROR IMAGE VARIATION,1,Angels	Rookie
2025_topps_update,2025,Topps,Update,ryan loutos,Ryan Loutos,1,2,BASE SET|GOLDEN MIRROR IMAGE VARIATION,1,Washington Nationals	Rookie
2025_topps_update,2025,Topps,Update,ryan miller,Ryan Miller,1,2,BASE SET|GOLDEN MIRROR IMAGE VARIATION,1,Detroit Tigers	Rookie
2025_topps_update,2025,Topps,Update,ryan mountcastle,Ryan Mountcastle,2,2,HEAVY LUMBER AUTOGRAPH RELIC|OWN THE NAME RELICS,1,Baltimore Orioles
2025_topps_update,2025,Topps,Update,ryan o'hearn,Ryan O'Hearn,2,2,2025 ALL STAR GAME|ALL STAR STITCHES CARDS,1,Baltimore Orioles
2025_topps_update,2025,Topps,Update,ryan pressly,Ryan Pressly,1,2,BASE SET|GOLDEN MIRROR IMAGE VARIATION,1,Chicago Cubs
2025_topps_update,2025,Topps,Update,ryan rolison,Ryan Rolison,1,2,BASE SET|GOLDEN MIRROR IMAGE VARIATION,1,Colorado Rockies	Rookie
2025_topps_update,2025,Topps,Update,ryan walker,Ryan Walker,1,2,BASE SET|GOLDEN MIRROR IMAGE VARIATION,1,San Francisco Giants
2025_topps_update,2025,Topps,Update,ryan zeferjahn,Ryan Zeferjahn,1,2,BASE SET|GOLDEN MIRROR IMAGE VARIATION,1,Angels	Rookie
2025_topps_update,2025,Topps,Update,ryne sandberg,Ryne Sandberg,1,1,HEAVY LUMBER,1,Chicago Cubs
2025_topps_update,2025,Topps,Update,sal frelick,Sal Frelick,3,3,HOBBY/HOBBY JUMBO EXCLUSIVE|MAJOR LEAGUE MATERIAL DUAL AUTOGRAPH CARDS|OWN THE NAME RELICS,1,Milwaukee Brewers
2025_topps_update,2025,Topps,Update,salvador perez,Salvador Perez,3,3,1990 TOPPS BASEBALL RELIC CARDS|OWN THE NAME RELICS|STARS OF MLB,1,Kansas City Royals
2025_topps_update,2025,Topps,Update,sammy sosa,Sammy Sosa,5,5,1990 TOPPS BASEBALL AUTOGRAPH CARDS|1990 TOPPS BASEBALL CHROME CARDS|1990 TOPPS BASEBALL CHROME CARDS AUTOGRAPH PARALLEL|BLEACHER REACHERS|MOST VALUABLE,1,Chicago Cubs
2025_topps_update,2025,Topps,Update,sandy alcantara,Sandy Alcantara,1,1,OWN THE NAME RELICS,1,Miami Marlins
2025_topps_update,2025,Topps,Update,sandy koufax,Sandy Koufax,1,1,BASEBALL STARS AUTOGRAPH CARDS,1,Los Angeles Dodgers
2025_topps_update,2025,Topps,Update,santiago espinal,Santiago Espinal,1,2,BASE SET|GOLDEN MIRROR IMAGE VARIATION,1,Cincinnati Reds
2025_topps_update,2025,Topps,Update,sasaki,Sasaki,1,1,José Ramírez	Cleveland Guardians,1,Los Angeles Dodgers	Rookie
2025_topps_update,2025,Topps,Update,sauryn lao,Sauryn Lao,1,2,BASE SET|GOLDEN MIRROR IMAGE VARIATION,1,Seattle Mariners	Rookie
2025_topps_update,2025,Topps,Update,seiya suzuki,Seiya Suzuki,3,3,1990 TOPPS BASEBALL JAPAN|STARS OF JAPAN|TOKYO SERIES HIGHLIGHTS,1,Chicago Cubs
2025_topps_update,2025,Topps,Update,seth johnson,Seth Johnson,1,1,1990 TOPPS BASEBALL AUTOGRAPH CARDS,1,Philadelphia Phillies	Rookie
2025_topps_update,2025,Topps,Update,shane bieber,Shane Bieber,1,1,OWN THE NAME RELICS,1,Cleveland Guardians
2025_topps_update,2025,Topps,Update,shane mcclanahan,Shane McClanahan,1,1,HOBBY/HOBBY JUMBO EXCLUSIVE,1,Tampa Bay Rays
2025_topps_update,2025,Topps,Update,shane smith,Shane Smith,4,6,1990 TOPPS BASEBALL AUTOGRAPH CARDS|1990 TOPPS BASEBALL CHROME CARDS|ALL STAR STITCHES CARDS|BASE SET|GOLDEN MIRROR IMAGE VARIATION|REAL ONE AUTOGRAPHS,1,Chicago White Sox	Rookie
2025_topps_update,2025,Topps,Update,shaw,Shaw,1,1,TRADING CARD ENAMEL PINS,1,Chicago Cubs	Rookie
2025_topps_update,2025,Topps,Update,shay whitcomb,Shay Whitcomb,1,1,RISING ROOKIE RELIC CARDS,1,Houston Astros	Rookie
2025_topps_update,2025,Topps,Update,shea langeliers,Shea Langeliers,2,2,MAJOR LEAGUE MATERIAL AUTOGRAPH CARDS|OWN THE NAME RELICS,1,Athletics
2025_topps_update,2025,Topps,Update,shohei ohtani,Shohei Ohtani,26,21,1990 TOPPS BASEBALL|1990 TOPPS BASEBALL CHROME CARDS|1990 TOPPS BASEBALL JAPAN|1990 TOPPS BASEBALL RELIC CARDS|2025 ALL STAR GAME|ALL STAR STITCHES AUTOGRAPH CARDS|ALL STAR STITCHES CARDS|BASE SET|BLEACHER REACHERS|GOLDEN MIRROR IMAGE VARIATION|KEEGAN HALL ART CARDS|MAJOR LEAGUE MATERIAL CARDS|MOST VALUABLE|MYSTICAL|NIGHT TERRORS|REAL ONE GOLDEN MIRROR AUTOGRAPHS|STARS OF JAPAN|STARS OF MLB|STRIKE ZONE HEROES|TOKYO SERIES HIGHLIGHTS|TOPPS BLACK GOLD,3,Los Angeles Dodgers|Los Angeles Dodgers	Season Highlights/Checklist|Los Angeles Dodgers	Veteran Combos
2025_topps_update,2025,Topps,Update,shota imanaga,Shota Imanaga,11,11,1990 TOPPS BASEBALL JAPAN|1990 TOPPS BASEBALL JAPAN AUTOGRAPH PARALLEL|MAJOR LEAGUE MATERIAL CARDS|REAL ONE AUTOGRAPHS|REAL ONE GOLDEN MIRROR AUTOGRAPHS|STARS OF JAPAN|STARS OF JAPAN AUTOGRAPH PARALLEL|STRIKE ZONE HEROES|STRIKE ZONE HEROES AUTOGRAPH PARALLEL|TOKYO SERIES HIGHLIGHTS|TOKYO SERIES HIGHLIGHTS AUTOGRAPH PARALLEL,1,Chicago Cubs
2025_topps_update,2025,Topps,Update,skenes,Skenes,1,1,José Ramírez	Cleveland Guardians,1,Pittsburgh Pirates
2025_topps_update,2025,Topps,Update,smith,Smith,1,1,TRADING CARD ENAMEL PINS,1,Houston Astros	Rookie
2025_topps_update,2025,Topps,Update,soto,Soto,1,1,FANATICS AUTHENTIC REDEMPTIONS,1,New York Mets
2025_topps_update,2025,Topps,Update,spencer schwellenbach,Spencer Schwellenbach,6,7,1990 TOPPS BASEBALL AUTOGRAPH CARDS|BASE SET|GOLDEN MIRROR IMAGE VARIATION|REAL ONE GOLDEN MIRROR AUTOGRAPHS|RISING ROOKIE RELIC CARDS|STRIKE ZONE HEROES|STRIKE ZONE HEROES AUTOGRAPH PARALLEL,3,Atlanta Braves|Atlanta Braves	Rookie|Atlanta Braves	Rookie Debut
2025_topps_update,2025,Topps,Update,spencer steer,Spencer Steer,1,1,HEAVY LUMBER AUTOGRAPH RELIC,1,Cincinnati Reds
2025_topps_update,2025,Topps,Update,spencer strider,Spencer Strider,2,2,1990 TOPPS BASEBALL RELIC CARDS|OWN THE NAME RELICS,1,Atlanta Braves
2025_topps_update,2025,Topps,Update,spencer torkelson,Spencer Torkelson,3,3,1990 TOPPS BASEBALL|OWN THE NAME RELICS|STARS OF MLB,1,Detroit Tigers
2025_topps_update,2025,Topps,Update,starling marte,Starling Marte,1,1,BASEBALL STARS TRIPLE AUTOGRAPHS,1,New York Mets
2025_topps_update,2025,Topps,Update,steve garvey,Steve Garvey,2,2,1990 TOPPS BASEBALL ALL STAR AUTOGRAPH CARDS|HEAVY LUMBER AUTOGRAPH RELIC,1,Los Angeles Dodgers
2025_topps_update,2025,Topps,Update,steven kwan,Steven Kwan,7,8,2025 ALL STAR GAME|ALL STAR STITCHES AUTOGRAPH CARDS|ALL STAR STITCHES CARDS|BASE SET|BASEBALL STARS AUTOGRAPH CARDS|GOLDEN MIRROR IMAGE VARIATION|HOBBY/HOBBY JUMBO EXCLUSIVE|MAJOR LEAGUE MATERIAL AUTOGRAPH CARDS,2,Cleveland Guardians|Cleveland Guardians	Veteran Combos
2025_topps_update,2025,Topps,Update,steven matz,Steven Matz,1,2,BASE SET|GOLDEN MIRROR IMAGE VARIATION,1,St. Louis Cardinals
2025_topps_update,2025,Topps,Update,tanner gordon,Tanner Gordon,1,2,BASE SET|GOLDEN MIRROR IMAGE VARIATION,1,Colorado Rockies	Rookie
2025_topps_update,2025,Topps,Update,tarik skubal,Tarik Skubal,11,10,1990 TOPPS BASEBALL JAPAN|1990 TOPPS BASEBALL JAPAN AUTOGRAPH PARALLEL|2025 ALL STAR GAME|ALL STAR STITCHES AUTOGRAPH CARDS|ALL STAR STITCHES CARDS|HOMEFIELD ADVANTAGE|MAJOR LEAGUE MATERIAL AUTOGRAPH CARDS|MAJOR LEAGUE MATERIAL CARDS|STRIKE ZONE HEROES|STRIKE ZONE HEROES AUTOGRAPH PARALLEL,1,Detroit Tigers
2025_topps_update,2025,Topps,Update,tatis jr.,Tatis Jr.,1,1,FANATICS AUTHENTIC REDEMPTIONS,1,San Diego Padres
2025_topps_update,2025,Topps,Update,tayler saucedo,Tayler Saucedo,1,2,BASE SET|GOLDEN MIRROR IMAGE VARIATION,1,Seattle Mariners
2025_topps_update,2025,Topps,Update,ted williams,Ted Williams,2,2,HEAVY LUMBER|MOST VALUABLE,1,Boston Red Sox
2025_topps_update,2025,Topps,Update,teoscar hernández,Teoscar Hernández,2,2,TOKYO SERIES HIGHLIGHTS|TOKYO SERIES HIGHLIGHTS AUTOGRAPH PARALLEL,1,Los Angeles Dodgers
2025_topps_update,2025,Topps,Update,thairo estrada,Thairo Estrada,1,2,BASE SET|GOLDEN MIRROR IMAGE VARIATION,1,Colorado Rockies
2025_topps_update,2025,Topps,Update,thomas,Thomas,1,1,FANATICS AUTHENTIC REDEMPTIONS,1,Chicago White Sox
2025_topps_update,2025,Topps,Update,thomas harrington,Thomas Harrington,5,8,1990 TOPPS BASEBALL AUTOGRAPH CARDS|1990 TOPPS BASEBALL CHROME CARDS|1990 TOPPS BASEBALL CHROME CARDS AUTOGRAPH PARALLEL|BASE SET|BASEBALL STARS AUTOGRAPH CARDS|GOLDEN MIRROR IMAGE VARIATION|REAL ONE AUTOGRAPHS|REAL ONE GOLDEN MIRROR AUTOGRAPHS,1,Pittsburgh Pirates	Rookie
2025_topps_update,2025,Topps,Update,thomas saggese,Thomas Saggese,2,3,BASE SET|GOLDEN MIRROR IMAGE VARIATION|RISING ROOKIE RELIC CARDS,2,St. Louis Cardinals	Rookie|St. Louis Cardinals	Rookie Debut
2025_topps_update,2025,Topps,Update,tim elko,Tim Elko,2,3,BASE SET|BASEBALL STARS AUTOGRAPH CARDS|GOLDEN MIRROR IMAGE VARIATION,1,Chicago White Sox	Rookie
2025_topps_update,2025,Topps,Update,tim tawa,Tim Tawa,2,3,BASE SET|GOLDEN MIRROR IMAGE VARIATION|REAL ONE AUTOGRAPHS,1,Arizona Diamondbacks	Rookie
2025_topps_update,2025,Topps,Update,tirso ornelas,Tirso Ornelas,2,3,BASE SET|BASEBALL STARS AUTOGRAPH CARDS|GOLDEN MIRROR IMAGE VARIATION,1,San Diego Padres	Rookie
2025_topps_update,2025,Topps,Update,tommy edman,Tommy Edman,1,1,TOKYO SERIES HIGHLIGHTS,1,Los Angeles Dodgers
2025_topps_update,2025,Topps,Update,tommy pham,Tommy Pham,1,2,BASE SET|GOLDEN MIRROR IMAGE VARIATION,1,Pittsburgh Pirates
2025_topps_update,2025,Topps,Update,tomoyuki sugano,Tomoyuki Sugano,6,7,1990 TOPPS BASEBALL|1990 TOPPS BASEBALL CHROME CARDS|1990 TOPPS BASEBALL JAPAN|BASE SET|GOLDEN MIRROR IMAGE VARIATION|STARS OF JAPAN|STRIKE ZONE HEROES,2,Baltimore Orioles	Rookie|Baltimore Orioles	Rookie Debut
2025_topps_update,2025,Topps,Update,tony oliva,Tony Oliva,3,3,BASEBALL STARS DUAL AUTOGRAPHS|BASEBALL STARS TRIPLE AUTOGRAPHS|HEAVY LUMBER AUTOGRAPH RELIC,1,Minnesota Twins
2025_topps_update,2025,Topps,Update,torii hunter,Torii Hunter,6,5,1990 TOPPS BASEBALL ALL STAR AUTOGRAPH CARDS|BASEBALL STARS DUAL AUTOGRAPHS|BASEBALL STARS TRIPLE AUTOGRAPHS|HEAVY LUMBER AUTOGRAPH RELIC|HOBBY/HOBBY JUMBO EXCLUSIVE,2,Detroit Tigers|Minnesota Twins
2025_topps_update,2025,Topps,Update,travis d'arnaud,Travis d'Arnaud,1,2,BASE SET|GOLDEN MIRROR IMAGE VARIATION,1,Angels
2025_topps_update,2025,Topps,Update,travis jankowski,Travis Jankowski,1,2,BASE SET|GOLDEN MIRROR IMAGE VARIATION,1,New York Mets
2025_topps_update,2025,Topps,Update,trea turner,Trea Turner,8,5,1990 TOPPS BASEBALL ALL STAR AUTOGRAPH CARDS|BASEBALL STARS DUAL AUTOGRAPHS|MAJOR LEAGUE MATERIAL DUAL AUTOGRAPH CARDS|REAL ONE GOLDEN MIRROR AUTOGRAPHS|ROUNDING THE BASES AUTOGRAPH RELIC,1,Philadelphia Phillies
2025_topps_update,2025,Topps,Update,trenton brooks,Trenton Brooks,1,2,BASE SET|GOLDEN MIRROR IMAGE VARIATION,1,San Diego Padres	Rookie
2025_topps_update,2025,Topps,Update,trevor mcdonald,Trevor McDonald,1,1,1990 TOPPS BASEBALL AUTOGRAPH CARDS,1,San Francisco Giants	Rookie
2025_topps_update,2025,Topps,Update,trevor megill,Trevor Megill,1,1,ALL STAR STITCHES CARDS,1,Milwaukee Brewers
2025_topps_update,2025,Topps,Update,trevor story,Trevor Story,2,2,1990 TOPPS BASEBALL RELIC CARDS|OWN THE NAME RELICS,1,Boston Red Sox
2025_topps_update,2025,Topps,Update,triston casas,Triston Casas,4,4,HOBBY/HOBBY JUMBO EXCLUSIVE|MAJOR LEAGUE MATERIAL AUTOGRAPH CARDS|MAJOR LEAGUE MATERIAL DUAL AUTOGRAPH CARDS|OWN THE NAME RELICS,1,Boston Red Sox
2025_topps_update,2025,Topps,Update,troy taylor,Troy Taylor,1,1,1990 TOPPS BASEBALL AUTOGRAPH CARDS,1,Seattle Mariners	Rookie
2025_topps_update,2025,Topps,Update,tsung-che cheng,Tsung-Che Cheng,2,3,BASE SET|BASEBALL STARS AUTOGRAPH CARDS|GOLDEN MIRROR IMAGE VARIATION,1,Pittsburgh Pirates	Rookie
2025_topps_update,2025,Topps,Update,turner,Turner,1,1,FANATICS AUTHENTIC REDEMPTIONS,1,Philadelphia Phillies
2025_topps_update,2025,Topps,Update,ty france,Ty France,1,2,BASE SET|GOLDEN MIRROR IMAGE VARIATION,1,Minnesota Twins
2025_topps_update,2025,Topps,Update,ty madden,Ty Madden,1,1,1990 TOPPS BASEBALL AUTOGRAPH CARDS,1,Detroit Tigers	Rookie
2025_topps_update,2025,Topps,Update,tyler callihan,Tyler Callihan,1,2,BASE SET|GOLDEN MIRROR IMAGE VARIATION,1,Cincinnati Reds	Rookie
2025_topps_update,2025,Topps,Update,tyler freeman,Tyler Freeman,1,2,BASE SET|GOLDEN MIRROR IMAGE VARIATION,1,Colorado Rockies
2025_topps_update,2025,Topps,Update,tyler gentry,Tyler Gentry,1,1,1990 TOPPS BASEBALL AUTOGRAPH CARDS,1,Kansas City Royals	Rookie
2025_topps_update,2025,Topps,Update,tyler glasnow,Tyler Glasnow,1,2,BASE SET|GOLDEN MIRROR IMAGE VARIATION,1,Los Angeles Dodgers	Veteran Combos
2025_topps_update,2025,Topps,Update,tyler heineman,Tyler Heineman,1,2,BASE SET|GOLDEN MIRROR IMAGE VARIATION,1,Toronto Blue Jays
2025_topps_update,2025,Topps,Update,tyler locklear,Tyler Locklear,2,2,1990 TOPPS BASEBALL AUTOGRAPH CARDS|BASEBALL STARS AUTOGRAPH CARDS,1,Seattle Mariners	Rookie
2025_topps_update,2025,Topps,Update,tyler mahle,Tyler Mahle,1,2,BASE SET|GOLDEN MIRROR IMAGE VARIATION,1,Texas Rangers
2025_topps_update,2025,Topps,Update,tyler owens,Tyler Owens,1,2,BASE SET|GOLDEN MIRROR IMAGE VARIATION,1,Detroit Tigers	Rookie
2025_topps_update,2025,Topps,Update,tyler soderstrom,Tyler Soderstrom,6,6,1990 TOPPS BASEBALL|1990 TOPPS BASEBALL CHROME CARDS|1990 TOPPS BASEBALL CHROME CARDS AUTOGRAPH PARALLEL|1990 TOPPS BASEBALL RELIC CARDS|MAJOR LEAGUE MATERIAL AUTOGRAPH CARDS|OWN THE NAME RELICS,1,Athletics
2025_topps_update,2025,Topps,Update,tyler tolbert,Tyler Tolbert,2,3,BASE SET|GOLDEN MIRROR IMAGE VARIATION|REAL ONE AUTOGRAPHS,1,Kansas City Royals	Rookie
2025_topps_update,2025,Topps,Update,tylor megill,Tylor Megill,1,2,BASE SET|GOLDEN MIRROR IMAGE VARIATION,1,New York Mets
2025_topps_update,2025,Topps,Update,veen,Veen,1,2,FANATICS AUTHENTIC REDEMPTIONS|TRADING CARD ENAMEL PINS,1,Colorado Rockies	Rookie
2025_topps_update,2025,Topps,Update,verlander,Verlander,1,1,TRADING CARD ENAMEL PINS,1,San Francisco Giants
2025_topps_update,2025,Topps,Update,victor caratini,Victor Caratini,1,2,BASE SET|GOLDEN MIRROR IMAGE VARIATION,1,Houston Astros
2025_topps_update,2025,Topps,Update,victor mesa jr.,Victor MESA JR.,1,2,BASE SET|GOLDEN MIRROR IMAGE VARIATION,1,Miami Marlins	Rookie
2025_topps_update,2025,Topps,Update,victor scott ii,Victor Scott II,1,1,MAJOR LEAGUE MATERIAL AUTOGRAPH CARDS,1,St. Louis Cardinals
2025_topps_update,2025,Topps,Update,vinnie pasquantino,Vinnie Pasquantino,1,1,MAJOR LEAGUE MATERIAL AUTOGRAPH CARDS,1,Kansas City Royals
2025_topps_update,2025,Topps,Update,vladimir guerrero,Vladimir Guerrero,2,1,HEAVY LUMBER AUTOGRAPH RELIC,2,Angels|Montréal Expos
2025_topps_update,2025,Topps,Update,vladimir guerrero jr.,Vladimir Guerrero Jr.,15,12,1990 TOPPS BASEBALL JAPAN|1990 TOPPS BASEBALL JAPAN AUTOGRAPH PARALLEL|1990 TOPPS BASEBALL RELIC CARDS|2025 ALL STAR GAME|BASEBALL STARS AUTOGRAPH CARDS|BLEACHER REACHERS|KEEGAN HALL ART CARDS|MAJOR LEAGUE MATERIAL AUTOGRAPH CARDS|MAJOR LEAGUE MATERIAL CARDS|NIGHT TERRORS|OWN THE NAME RELICS|REAL ONE GOLDEN MIRROR AUTOGRAPHS,1,Toronto Blue Jays
2025_topps_update,2025,Topps,Update,wade boggs,Wade Boggs,1,1,HEAVY LUMBER AUTOGRAPH RELIC,1,Tampa Bay Devil Rays
2025_topps_update,2025,Topps,Update,walker buehler,Walker Buehler,1,2,BASE SET|GOLDEN MIRROR IMAGE VARIATION,1,Boston Red Sox
2025_topps_update,2025,Topps,Update,will clark,Will Clark,2,2,1990 TOPPS BASEBALL AUTOGRAPH CARDS|HEAVY LUMBER,1,San Francisco Giants
2025_topps_update,2025,Topps,Update,will smith,Will Smith,11,9,1990 TOPPS BASEBALL CHROME CARDS|1990 TOPPS BASEBALL CHROME CARDS AUTOGRAPH PARALLEL|2025 ALL STAR GAME|ALL STAR STITCHES AUTOGRAPH CARDS|ALL STAR STITCHES CARDS|HOBBY/HOBBY JUMBO EXCLUSIVE|OWN THE NAME RELICS|TOKYO SERIES HIGHLIGHTS|TOKYO SERIES HIGHLIGHTS AUTOGRAPH PARALLEL,1,Los Angeles Dodgers
2025_topps_update,2025,Topps,Update,will warren,Will Warren,1,1,MAJOR LEAGUE MATERIAL AUTOGRAPH CARDS,1,New York Yankees	Rookie
2025_topps_update,2025,Topps,Update,will wilson,Will Wilson,1,2,BASE SET|GOLDEN MIRROR IMAGE VARIATION,1,Cleveland Guardians	Rookie
2025_topps_update,2025,Topps,Update,william contreras,William Contreras,4,4,HEAVY LUMBER AUTOGRAPH RELIC|HOBBY/HOBBY JUMBO EXCLUSIVE|OWN THE NAME RELICS|REAL ONE AUTOGRAPHS,1,Milwaukee Brewers
2025_topps_update,2025,Topps,Update,willie maciver,Willie MacIver,1,2,BASE SET|GOLDEN MIRROR IMAGE VARIATION,1,Athletics	Rookie
2025_topps_update,2025,Topps,Update,willie mays,Willie Mays,2,2,1990 TOPPS BASEBALL CHROME CARDS|MOST VALUABLE,2,New York Giants|San Francisco Giants
2025_topps_update,2025,Topps,Update,wilmer flores,Wilmer Flores,1,2,BASE SET|GOLDEN MIRROR IMAGE VARIATION,1,San Francisco Giants
2025_topps_update,2025,Topps,Update,wilson,Wilson,1,1,José Ramírez	Cleveland Guardians,1,Athletics	Rookie
2025_topps_update,2025,Topps,Update,witt jr.,Witt Jr.,1,1,José Ramírez	Cleveland Guardians,1,Kansas City Royals
2025_topps_update,2025,Topps,Update,wyatt langford,Wyatt Langford,3,3,1990 TOPPS BASEBALL AUTOGRAPH CARDS|BASEBALL STARS AUTOGRAPH CARDS|REAL ONE GOLDEN MIRROR AUTOGRAPHS,1,Texas Rangers
2025_topps_update,2025,Topps,Update,xander bogaerts,Xander Bogaerts,1,1,OWN THE NAME RELICS,1,San Diego Padres
2025_topps_update,2025,Topps,Update,yadier molina,Yadier Molina,1,1,1990 TOPPS BASEBALL AUTOGRAPH CARDS,1,St. Louis Cardinals
2025_topps_update,2025,Topps,Update,yaramil hiraldo,Yaramil Hiraldo,1,2,BASE SET|GOLDEN MIRROR IMAGE VARIATION,1,Baltimore Orioles	Rookie
2025_topps_update,2025,Topps,Update,yelich,Yelich,1,1,FANATICS AUTHENTIC REDEMPTIONS,1,Milwaukee Brewers
2025_topps_update,2025,Topps,Update,yogi berra,Yogi Berra,1,1,MOST VALUABLE,1,New York Yankees
2025_topps_update,2025,Topps,Update,yohel pozo,Yohel Pozo,1,2,BASE SET|GOLDEN MIRROR IMAGE VARIATION,1,St. Louis Cardinals
2025_topps_update,2025,Topps,Update,yordan alvarez,Yordan Alvarez,5,5,1990 TOPPS BASEBALL RELIC CARDS|HEAVY LUMBER AUTOGRAPH RELIC|HOBBY/HOBBY JUMBO EXCLUSIVE|MAJOR LEAGUE MATERIAL CARDS|OWN THE NAME RELICS,1,Houston Astros
2025_topps_update,2025,Topps,Update,yoshinobu yamamoto,Yoshinobu Yamamoto,11,11,1990 TOPPS BASEBALL JAPAN|1990 TOPPS BASEBALL JAPAN AUTOGRAPH PARALLEL|2025 ALL STAR GAME|MAJOR LEAGUE MATERIAL CARDS|REAL ONE GOLDEN MIRROR AUTOGRAPHS|STARS OF JAPAN|STARS OF JAPAN AUTOGRAPH PARALLEL|STRIKE ZONE HEROES|STRIKE ZONE HEROES AUTOGRAPH PARALLEL|TOKYO SERIES HIGHLIGHTS|TOKYO SERIES HIGHLIGHTS AUTOGRAPH PARALLEL,1,Los Angeles Dodgers
2025_topps_update,2025,Topps,Update,yoán moncada,Yoán Moncada,1,2,BASE SET|GOLDEN MIRROR IMAGE VARIATION,1,Angels
2025_topps_update,2025,Topps,Update,yu darvish,Yu Darvish,11,11,1990 TOPPS BASEBALL CHROME CARDS|1990 TOPPS BASEBALL CHROME CARDS AUTOGRAPH PARALLEL|1990 TOPPS BASEBALL JAPAN|1990 TOPPS BASEBALL JAPAN AUTOGRAPH PARALLEL|BASEBALL STARS AUTOGRAPH CARDS|MAJOR LEAGUE MATERIAL AUTOGRAPH CARDS|OWN THE NAME RELICS|STARS OF JAPAN|STARS OF JAPAN AUTOGRAPH PARALLEL|STRIKE ZONE HEROES|STRIKE ZONE HEROES AUTOGRAPH PARALLEL,1,San Diego Padres
2025_topps_update,2025,Topps,Update,yusei kikuchi,Yusei Kikuchi,2,2,ALL STAR STITCHES CARDS|STRIKE ZONE HEROES,1,Angels
2025_topps_update,2025,Topps,Update,zac veen,Zac Veen,8,10,1990 TOPPS BASEBALL|1990 TOPPS BASEBALL CHROME CARDS|1990 TOPPS BASEBALL CHROME CARDS AUTOGRAPH PARALLEL|BASE SET|BASEBALL STARS AUTOGRAPH CARDS|GOLDEN MIRROR IMAGE VARIATION|MAJOR LEAGUE MATERIAL AUTOGRAPH CARDS|REAL ONE AUTOGRAPHS|REAL ONE GOLDEN MIRROR AUTOGRAPHS|STARS OF MLB,2,Colorado Rockies	Rookie|Colorado Rockies	Rookie Debut
2025_topps_update,2025,Topps,Update,zach agnos,Zach Agnos,1,2,BASE SET|GOLDEN MIRROR IMAGE VARIATION,1,Colorado Rockies	Rookie
2025_topps_update,2025,Topps,Update,zach dezenzo,Zach Dezenzo,1,1,RISING ROOKIE RELIC CARDS,1,Houston Astros	Rookie
2025_topps_update,2025,Topps,Update,zach mckinstry,Zach McKinstry,1,1,ALL STAR STITCHES CARDS,1,Detroit Tigers
2025_topps_update,2025,Topps,Update,zach neto,Zach Neto,2,2,HEAVY LUMBER AUTOGRAPH RELIC|MAJOR LEAGUE MATERIAL AUTOGRAPH CARDS,1,Angels
2025_topps_update,2025,Topps,Update,zack gelof,Zack Gelof,2,2,1990 TOPPS BASEBALL AUTOGRAPH CARDS|HOBBY/HOBBY JUMBO EXCLUSIVE,1,Athletics
2025_topps_update,2025,Topps,Update,zack littell,Zack Littell,1,2,BASE SET|GOLDEN MIRROR IMAGE VARIATION,1,Tampa Bay Rays
2025_topps_update,2025,Topps,Update,zack wheeler,Zack Wheeler,1,1,OWN THE NAME RELICS,1,Philadelphia Phillies
2025_topps_update,2025,Topps,Update,zak kent,Zak Kent,1,2,BASE SET|GOLDEN MIRROR IMAGE VARIATION,1,Cleveland Guardians	Rookie
2025_topps_update,2025,Topps,Update,zebby matthews,Zebby Matthews,5,6,BASE SET|GOLDEN MIRROR IMAGE VARIATION|REAL ONE GOLDEN MIRROR AUTOGRAPHS|RISING ROOKIE RELIC CARDS|STRIKE ZONE HEROES|STRIKE ZONE HEROES AUTOGRAPH PARALLEL,3,Minnesota Twins|Minnesota Twins	Rookie|Minnesota Twins	Rookie Debut
