set_key,year,brand,product,player_name_key,player_name_display,card_count,section_count,sections,affiliation_count,affiliations
2025_topps_series2,2025,Topps,Series 2,aaron civale,Aaron Civale,1,2,BASE SET|GOLDEN MIRROR IMAGE VARIATION,1,Milwaukee Brewers
2025_topps_series2,2025,Topps,Series 2,aaron judge,Aaron Judge,18,15,1990 TOPPS ALL STAR BASEBALL|1990 TOPPS BASEBALL ALL STAR AUTOGRAPH CARDS|1990 TOPPS BASEBALL ALL STAR RELICS|1990 TOPPS BASEBALL CHROME ALL STARS|ALL KINGS|DYNAMIC DUOS|HEAVY LUMBER AUTOGRAPH RELICS|MAJOR LEAGUE MATERIAL CARDS|MAJOR LEAGUE MATERIAL DUAL RELIC CARDS|OPS BESTS|PLAKATA|ROUNDING THE BASES DUAL RELICS|ROUNDING THE BASES RELICS|SUMMER SUPERSTARS|SWINGING WITH THE STARS,1,New York Yankees
2025_topps_series2,2025,Topps,Series 2,aaron nola,Aaron Nola,6,10,BASE SET|BASEBALL STARS TRIPLE AUTOGRAPHS|BIG APPLE|FLAGSHIP REAL ONE AUTOGRAPH CARDS|GOLDEN MIRROR IMAGE VARIATION|IN THE NAME RELICS|K ZONE|K ZONE SHORT PRINTS|MAJOR LEAGUE MATERIAL CARDS|REAL ONE RELICS,1,Philadelphia Phillies
2025_topps_series2,2025,Topps,Series 2,aaron schunk,Aaron Schunk,1,1,BASEBALL STARS AUTOGRAPHS,1,Colorado Rockies
2025_topps_series2,2025,Topps,Series 2,acuña,Acuña,1,1,SOCIAL MEDIA FOLLOW BACK REDEMPTION,1,New York Mets	RC
2025_topps_series2,2025,Topps,Series 2,acuña jr.,Acuña Jr.,1,1,FANATICS AUTHENTIC REDEMPTION CARDS,1,Atlanta Braves
2025_topps_series2,2025,Topps,Series 2,acuñajr.,AcuñaJr.,1,1,SOCIAL MEDIA FOLLOW BACK REDEMPTION,1,Atlanta Braves
2025_topps_series2,2025,Topps,Series 2,adam duvall,Adam Duvall,1,2,BASE SET|GOLDEN MIRROR IMAGE VARIATION,1,Atlanta Braves
2025_topps_series2,2025,Topps,Series 2,adam kloffenstein,Adam Kloffenstein,1,2,BASE SET|GOLDEN MIRROR IMAGE VARIATION,1,Toronto Blue Jays	RC
2025_topps_series2,2025,Topps,Series 2,adley rutschman,Adley Rutschman,16,21,1990 TOPPS BASEBALL ALL STAR AUTOGRAPH CARDS|BASE CARDS PLAYER NUMBER VARIATION|BASE SET|BASEBALL STARS DUAL AUTOGRAPHS|BIG APPLE|CITY CONNECT SWATCH COLLECTION|COMPANION CARDS|FLAGSHIP REAL ONE AUTOGRAPH CARDS|GOLDEN MIRROR IMAGE VARIATION|HEAVY LUMBER|HEAVY LUMBER AUTOGRAPH RELICS|IN THE NAME RELICS|MAJOR LEAGUE MATERIAL DUAL AUTOGRAPH CARDS|MAJOR LEAGUE MATERIAL DUAL RELIC CARDS|OVERSIZED 2025 TOPPS BASEBALL|REAL ONE RELICS|ROUNDING THE BASES AUTOGRAPH RELIC|STARS OF MLB|SUMMER SUPERSTARS|TOPPS MEGA STARS|TRADING CARD ENAMEL PINS,1,Baltimore Orioles
2025_topps_series2,2025,Topps,Series 2,adolis garcía,Adolis García,2,1,ROUNDING THE BASES AUTOGRAPH RELIC,1,Texas Rangers
2025_topps_series2,2025,Topps,Series 2,adrian beltré,Adrian Beltré,4,3,2025 TOPPS FLAGSHIP AUTOGRAPH PATCH CARDS|DYNAMIC DUOS|HEAVY LUMBER AUTOGRAPH RELICS,2,Los Angeles Dodgers|Texas Rangers
2025_topps_series2,2025,Topps,Series 2,adrian del castillo,Adrian Del Castillo,1,1,MAJOR LEAGUE MATERIAL CARDS,1,Arizona Diamondbacks
2025_topps_series2,2025,Topps,Series 2,adrían beltré,Adrían Beltré,1,1,2025 TOPPS FLAGSHIP AUTOGRAPH PATCH CARDS,1,Texas Rangers
2025_topps_series2,2025,Topps,Series 2,aj smith-shawver,AJ Smith-Shawver,3,4,BASE SET|CITY CONNECT SWATCH COLLECTION|GOLDEN MIRROR IMAGE VARIATION|HEAVY LUMBER AUTOGRAPH RELICS,2,Atlanta Braves|Atlanta Braves	(Future Stars)
2025_topps_series2,2025,Topps,Series 2,albert pujols,Albert Pujols,8,8,1990 TOPPS ALL STAR BASEBALL|1990 TOPPS BASEBALL ALL STAR AUTOGRAPH CARDS|1990 TOPPS BASEBALL ALL STAR RELICS|1990 TOPPS BASEBALL CHROME ALL STARS|1990 TOPPS BASEBALL CHROME ALL STARS AUTOGRAPHS|2025 TOPPS FLAGSHIP AUTOGRAPH PATCH CARDS|BASEBALL STARS DUAL AUTOGRAPHS|HEAVY LUMBER,3,Angels|Los Angeles Dodgers|St. Louis Cardinals
2025_topps_series2,2025,Topps,Series 2,alec bohm,Alec Bohm,7,7,1990 TOPPS BASEBALL|1990 TOPPS BASEBALL ALL STAR RELICS|1990 TOPPS BASEBALL CHROME AUTOGRAPH CARDS|1990 TOPPS BASEBALL CHROME BASE CARDS|BASEBALL STARS DUAL AUTOGRAPHS|IN THE NAME RELICS|MAJOR LEAGUE MATERIAL AUTOGRAPH CARDS,1,Philadelphia Phillies
2025_topps_series2,2025,Topps,Series 2,alec burleson,Alec Burleson,3,3,CARDINALS BASE CARD VARIATION AUTOGRAPH|MAJOR LEAGUE MATERIAL AUTOGRAPH CARDS|ROUNDING THE BASES AUTOGRAPH RELIC,1,St. Louis Cardinals
2025_topps_series2,2025,Topps,Series 2,alec marsh,Alec Marsh,1,2,BASE SET|GOLDEN MIRROR IMAGE VARIATION,1,Kansas City Royals
2025_topps_series2,2025,Topps,Series 2,alejandro kirk,Alejandro Kirk,2,3,BASE SET|GOLDEN MIRROR IMAGE VARIATION|ROUNDING THE BASES RELICS,1,Toronto Blue Jays
2025_topps_series2,2025,Topps,Series 2,alek thomas,Alek Thomas,1,2,BASE SET|GOLDEN MIRROR IMAGE VARIATION,1,Arizona Diamondbacks
2025_topps_series2,2025,Topps,Series 2,alex bregman,Alex Bregman,10,13,1990 TOPPS BASEBALL|1990 TOPPS BASEBALL CHROME AUTOGRAPH CARDS|1990 TOPPS BASEBALL CHROME BASE CARDS|BASE CARDS PLAYER NUMBER VARIATION|BASE SET|BIG APPLE|COMPANION CARDS|GOLDEN MIRROR IMAGE VARIATION|HEAVY LUMBER AUTOGRAPH RELICS|IN THE NAME RELICS|OVERSIZED 2025 TOPPS BASEBALL|POSTSEASON	PERFORMANCE AUTOGRAPH CARDS|REAL ONE RELICS,2,Boston Red Sox|Houston Astros
2025_topps_series2,2025,Topps,Series 2,alex call,Alex Call,1,2,BASE SET|GOLDEN MIRROR IMAGE VARIATION,1,Washington Nationals
2025_topps_series2,2025,Topps,Series 2,alex cobb,Alex Cobb,1,2,BASE SET|GOLDEN MIRROR IMAGE VARIATION,1,Detroit Tigers
2025_topps_series2,2025,Topps,Series 2,alex rodriguez,Alex Rodriguez,6,5,1990 TOPPS BASEBALL AUTOGRAPH CARDS|2025 TOPPS FLAGSHIP AUTOGRAPH PATCH CARDS|BASEBALL STARS TRIPLE AUTOGRAPHS|HEAVY LUMBER|HEAVY LUMBER AUTOGRAPH RELICS,2,New York Yankees|Seattle Mariners
2025_topps_series2,2025,Topps,Series 2,alex verdugo,Alex Verdugo,3,4,BASE SET|BASEBALL STARS AUTOGRAPHS|GOLDEN MIRROR IMAGE VARIATION|POSTSEASON	PERFORMANCE AUTOGRAPH CARDS,1,New York Yankees
2025_topps_series2,2025,Topps,Series 2,alexander canario,Alexander Canario,1,2,BASE SET|GOLDEN MIRROR IMAGE VARIATION,1,Chicago Cubs
2025_topps_series2,2025,Topps,Series 2,alexis díaz,Alexis Díaz,1,2,BASE SET|GOLDEN MIRROR IMAGE VARIATION,1,Cincinnati Reds
2025_topps_series2,2025,Topps,Series 2,alfonso soriano,Alfonso Soriano,1,1,BASEBALL STARS AUTOGRAPHS,1,New York Yankees
2025_topps_series2,2025,Topps,Series 2,andre dawson,Andre Dawson,4,4,1990 TOPPS BASEBALL ALL STAR AUTOGRAPH CARDS|1990 TOPPS BASEBALL AUTOGRAPH CARDS|BASEBALL STARS TRIPLE AUTOGRAPHS|HEAVY LUMBER AUTOGRAPH RELICS,2,Chicago Cubs|Montréal Expos
2025_topps_series2,2025,Topps,Series 2,andre pallante,Andre Pallante,1,2,BASE SET|GOLDEN MIRROR IMAGE VARIATION,1,St. Louis Cardinals
2025_topps_series2,2025,Topps,Series 2,andrew benintendi,Andrew Benintendi,2,2,CITY CONNECT SWATCH COLLECTION|IN THE NAME RELICS,1,Chicago White Sox
2025_topps_series2,2025,Topps,Series 2,andrew mccutchen,Andrew McCutchen,4,4,CITY CONNECT SWATCH COLLECTION|HEAVY LUMBER|MAJOR LEAGUE MATERIAL CARDS|ROUNDING THE BASES RELICS,1,Pittsburgh Pirates
2025_topps_series2,2025,Topps,Series 2,andrew romine,Andrew Romine,2,2,BASE CARD ALL POSITIONS AUTOGRAPH BOOK CARD|BASE CARDS ALL POSITIONS VARIATIONS,1,Detroit Tigers
2025_topps_series2,2025,Topps,Series 2,andrew walters,Andrew Walters,1,2,BASE SET|GOLDEN MIRROR IMAGE VARIATION,1,Cleveland Guardians	RC
2025_topps_series2,2025,Topps,Series 2,andruw jones,Andruw Jones,5,5,1990 TOPPS BASEBALL ALL STAR AUTOGRAPH CARDS|1990 TOPPS BASEBALL AUTOGRAPH CARDS|2025 TOPPS FLAGSHIP AUTOGRAPH PATCH CARDS|BASEBALL STARS DUAL AUTOGRAPHS|HEAVY LUMBER AUTOGRAPH RELICS,1,Atlanta Braves
2025_topps_series2,2025,Topps,Series 2,andruw monasterio,Andruw Monasterio,1,2,BASE SET|GOLDEN MIRROR IMAGE VARIATION,1,Milwaukee Brewers
2025_topps_series2,2025,Topps,Series 2,andrés giménez,Andrés Giménez,5,5,2025 TOPPS FLAGSHIP AUTOGRAPH PATCH CARDS|BASEBALL STARS AUTOGRAPHS|BASEBALL STARS TRIPLE AUTOGRAPHS|POSTSEASON	PERFORMANCE AUTOGRAPH CARDS|ROUNDING THE BASES AUTOGRAPH RELIC,2,Cleveland Guardians|Toronto Blue Jays
2025_topps_series2,2025,Topps,Series 2,andy ibáñez,Andy Ibáñez,1,2,BASE SET|GOLDEN MIRROR IMAGE VARIATION,1,Detroit Tigers
2025_topps_series2,2025,Topps,Series 2,andy pages,Andy Pages,7,9,BASE SET|BASEBALL STARS AUTOGRAPHS|BIG APPLE|CITY CONNECT SWATCH COLLECTION|GOLDEN MIRROR IMAGE VARIATION|HEAVY LUMBER AUTOGRAPH RELICS|MAJOR LEAGUE MATERIAL AUTOGRAPH CARDS|WORLD CHAMPION AUTOGRAPH CARDS|WORLD CHAMPION DUAL AUTOGRAPH CARDS,2,Los Angeles Dodgers|Los Angeles Dodgers	(Future Stars)
2025_topps_series2,2025,Topps,Series 2,andy pettitte,Andy Pettitte,2,2,2025 TOPPS FLAGSHIP AUTOGRAPH PATCH CARDS|BASEBALL STARS DUAL AUTOGRAPHS,2,Houston Astros|New York Yankees
2025_topps_series2,2025,Topps,Series 2,andy van slyke,Andy Van Slyke,1,1,1990 TOPPS BASEBALL AUTOGRAPH CARDS,1,Pittsburgh Pirates
2025_topps_series2,2025,Topps,Series 2,angel chivilli,Angel Chivilli,1,2,BASE SET|GOLDEN MIRROR IMAGE VARIATION,1,Colorado Rockies	RC
2025_topps_series2,2025,Topps,Series 2,angel martínez,Angel Martínez,4,4,1990 TOPPS BASEBALL RELICS|BASEBALL STARS AUTOGRAPHS|MAJOR LEAGUE MATERIAL AUTOGRAPH CARDS|MAJOR LEAGUE MATERIAL CARDS,1,Cleveland Guardians
2025_topps_series2,2025,Topps,Series 2,anthony rizzo,Anthony Rizzo,3,3,1990 TOPPS BASEBALL RELICS|MAJOR LEAGUE MATERIAL CARDS|POSTSEASON	PERFORMANCE AUTOGRAPH CARDS,1,New York Yankees
2025_topps_series2,2025,Topps,Series 2,anthony santander,Anthony Santander,1,2,BASE SET|GOLDEN MIRROR IMAGE VARIATION,1,Toronto Blue Jays
2025_topps_series2,2025,Topps,Series 2,anthony volpe,Anthony Volpe,9,8,1990 TOPPS BASEBALL|1990 TOPPS BASEBALL CHROME AUTOGRAPH CARDS|1990 TOPPS BASEBALL CHROME BASE CARDS|BASEBALL STARS DUAL AUTOGRAPHS|DYNAMIC DUOS|MAJOR LEAGUE MATERIAL DUAL AUTOGRAPH CARDS|MAJOR LEAGUE MATERIAL DUAL RELIC CARDS|POSTSEASON	PERFORMANCE AUTOGRAPH CARDS,1,New York Yankees
2025_topps_series2,2025,Topps,Series 2,arizona diamondbacks,Arizona Diamondbacks,1,2,BASE SET|GOLDEN MIRROR IMAGE VARIATION,1,Arizona Diamondbacks	(Team Card)
2025_topps_series2,2025,Topps,Series 2,athletics,Athletics,1,2,BASE SET|GOLDEN MIRROR IMAGE VARIATION,1,Athletics	(Team Card)
2025_topps_series2,2025,Topps,Series 2,austin barnes,Austin Barnes,1,2,BASE SET|GOLDEN MIRROR IMAGE VARIATION,1,Los Angeles Dodgers
2025_topps_series2,2025,Topps,Series 2,austin gomber,Austin Gomber,1,2,BASE SET|GOLDEN MIRROR IMAGE VARIATION,1,Colorado Rockies
2025_topps_series2,2025,Topps,Series 2,austin hays,Austin Hays,1,2,BASE SET|GOLDEN MIRROR IMAGE VARIATION,1,Cincinnati Reds
2025_topps_series2,2025,Topps,Series 2,austin hedges,Austin Hedges,1,2,BASE SET|GOLDEN MIRROR IMAGE VARIATION,1,Cleveland Guardians
2025_topps_series2,2025,Topps,Series 2,austin martin,Austin Martin,1,2,BASE SET|GOLDEN MIRROR IMAGE VARIATION,1,Minnesota Twins
2025_topps_series2,2025,Topps,Series 2,austin riley,Austin Riley,9,9,1990 TOPPS BASEBALL ALL STAR AUTOGRAPH CARDS|1990 TOPPS BASEBALL ALL STAR RELICS|1990 TOPPS BASEBALL AUTOGRAPH CARDS|2025 TOPPS FLAGSHIP AUTOGRAPH PATCH CARDS|DYNAMIC DUOS|HEAVY LUMBER AUTOGRAPH RELICS|IN THE NAME RELICS|MAJOR LEAGUE MATERIAL CARDS|MAJOR LEAGUE MATERIAL DUAL RELIC CARDS,1,Atlanta Braves
2025_topps_series2,2025,Topps,Series 2,austin wells,Austin Wells,8,11,1990 TOPPS BASEBALL AUTOGRAPH CARDS|2025 TOPPS FLAGSHIP AUTOGRAPH PATCH CARDS|BASE SET|BASEBALL STARS DUAL AUTOGRAPHS|BIG APPLE|GOLDEN MIRROR IMAGE VARIATION|MAJOR LEAGUE MATERIAL DUAL AUTOGRAPH CARDS|MAJOR LEAGUE MATERIAL DUAL RELIC CARDS|POSTSEASON	PERFORMANCE AUTOGRAPH CARDS|REAL ONE RELICS|ROUNDING THE BASES AUTOGRAPH RELIC,1,New York Yankees
2025_topps_series2,2025,Topps,Series 2,babe ruth,Babe Ruth,4,4,1990 TOPPS ALL STAR BASEBALL|1990 TOPPS BASEBALL CHROME ALL STARS|DYNAMIC DUOS|HEAVY LUMBER,1,New York Yankees
2025_topps_series2,2025,Topps,Series 2,bailey falter,Bailey Falter,1,2,BASE SET|GOLDEN MIRROR IMAGE VARIATION,1,Pittsburgh Pirates
2025_topps_series2,2025,Topps,Series 2,barry bonds,Barry Bonds,3,2,1990 TOPPS BASEBALL ALL STAR AUTOGRAPH CARDS|1990 TOPPS BASEBALL CHROME ALL STARS AUTOGRAPHS,2,Pittsburgh Pirates|San Francisco Giants
2025_topps_series2,2025,Topps,Series 2,barry larkin,Barry Larkin,2,2,1990 TOPPS BASEBALL ALL STAR AUTOGRAPH CARDS|BASEBALL STARS DUAL AUTOGRAPHS,1,Cincinnati Reds
2025_topps_series2,2025,Topps,Series 2,ben brown,Ben Brown,2,4,BASE SET|BASEBALL STARS AUTOGRAPHS|BIG APPLE|GOLDEN MIRROR IMAGE VARIATION,2,Chicago Cubs|Chicago Cubs	(Future Stars)
2025_topps_series2,2025,Topps,Series 2,ben casparius,Ben Casparius,3,6,1990 TOPPS BASEBALL AUTOGRAPH CARDS|BASE SET|BIG APPLE|FLAGSHIP REAL ONE AUTOGRAPH CARDS|GOLDEN MIRROR IMAGE VARIATION|WORLD CHAMPION AUTOGRAPH CARDS,2,Los Angeles Dodgers|Los Angeles Dodgers	RC
2025_topps_series2,2025,Topps,Series 2,ben joyce,Ben Joyce,1,2,BASE SET|GOLDEN MIRROR IMAGE VARIATION,1,Angels
2025_topps_series2,2025,Topps,Series 2,ben lively,Ben Lively,1,2,BASE SET|GOLDEN MIRROR IMAGE VARIATION,1,Cleveland Guardians
2025_topps_series2,2025,Topps,Series 2,ben rice,Ben Rice,5,5,1990 TOPPS BASEBALL AUTOGRAPH CARDS|1990 TOPPS BASEBALL RELICS|BASEBALL STARS AUTOGRAPHS|MAJOR LEAGUE MATERIAL AUTOGRAPH CARDS|MAJOR LEAGUE MATERIAL CARDS,1,New York Yankees
2025_topps_series2,2025,Topps,Series 2,bernie williams,Bernie Williams,2,2,BASEBALL STARS DUAL AUTOGRAPHS|BASEBALL STARS TRIPLE AUTOGRAPHS,1,New York Yankees
2025_topps_series2,2025,Topps,Series 2,bert blyleven,Bert Blyleven,1,1,BASEBALL STARS TRIPLE AUTOGRAPHS,1,Minnesota Twins
2025_topps_series2,2025,Topps,Series 2,bert campaneris,Bert Campaneris,2,2,BASE CARD ALL POSITIONS AUTOGRAPH BOOK CARD|BASE CARDS ALL POSITIONS VARIATIONS,1,Kansas City Athletics
2025_topps_series2,2025,Topps,Series 2,bibee,Bibee,1,1,FANATICS AUTHENTIC REDEMPTION CARDS,1,Cleveland Guardians
2025_topps_series2,2025,Topps,Series 2,billy cook,Billy Cook,1,4,BASE SET|BIG APPLE|FLAGSHIP REAL ONE AUTOGRAPH CARDS|GOLDEN MIRROR IMAGE VARIATION,2,Pittsburgh Pirates|Pittsburgh Pirates	RC
2025_topps_series2,2025,Topps,Series 2,billy ripken,Billy Ripken,1,1,BASEBALL STARS AUTOGRAPHS,1,Baltimore Orioles
2025_topps_series2,2025,Topps,Series 2,billy williams,Billy Williams,2,2,1990 TOPPS BASEBALL AUTOGRAPH CARDS|BASEBALL STARS TRIPLE AUTOGRAPHS,1,Chicago Cubs
2025_topps_series2,2025,Topps,Series 2,blake snell,Blake Snell,5,8,BASE CARDS PLAYER NUMBER VARIATION|BASE SET|BIG APPLE|GOLDEN MIRROR IMAGE VARIATION|K ZONE|K ZONE SHORT PRINTS|STARS OF MLB|SUMMER SUPERSTARS,1,Los Angeles Dodgers
2025_topps_series2,2025,Topps,Series 2,blaze alexander,Blaze Alexander,1,2,BASE SET|GOLDEN MIRROR IMAGE VARIATION,1,Arizona Diamondbacks
2025_topps_series2,2025,Topps,Series 2,bo bichette,Bo Bichette,5,9,BASE CARDS PLAYER NUMBER VARIATION|BASE SET|BIG APPLE|CITY CONNECT SWATCH COLLECTION|COMPANION CARDS|DYNAMIC DUOS|GOLDEN MIRROR IMAGE VARIATION|OVERSIZED 2025 TOPPS BASEBALL|REAL ONE RELICS,1,Toronto Blue Jays
2025_topps_series2,2025,Topps,Series 2,bo jackson,Bo Jackson,4,4,1990 TOPPS ALL STAR BASEBALL|1990 TOPPS BASEBALL ALL STAR AUTOGRAPH CARDS|1990 TOPPS BASEBALL CHROME ALL STARS|1990 TOPPS BASEBALL CHROME ALL STARS AUTOGRAPHS,1,Kansas City Royals
2025_topps_series2,2025,Topps,Series 2,bo naylor,Bo Naylor,3,4,BASE SET|BASEBALL STARS AUTOGRAPHS|GOLDEN MIRROR IMAGE VARIATION|POSTSEASON	PERFORMANCE AUTOGRAPH CARDS,1,Cleveland Guardians
2025_topps_series2,2025,Topps,Series 2,bob gibson,Bob Gibson,1,1,BASEBALL STARS DUAL AUTOGRAPHS,1,St. Louis Cardinals
2025_topps_series2,2025,Topps,Series 2,bobby abreu,Bobby Abreu,1,1,BASEBALL STARS DUAL AUTOGRAPHS,1,Philadelphia Phillies
2025_topps_series2,2025,Topps,Series 2,bobby miller,Bobby Miller,1,2,BASE SET|GOLDEN MIRROR IMAGE VARIATION,1,Los Angeles Dodgers
2025_topps_series2,2025,Topps,Series 2,bobby witt jr.,Bobby Witt Jr.,15,16,1990 TOPPS ALL STAR BASEBALL|1990 TOPPS BASEBALL ALL STAR AUTOGRAPH CARDS|1990 TOPPS BASEBALL ALL STAR RELICS|1990 TOPPS BASEBALL CHROME ALL STARS|1990 TOPPS BASEBALL CHROME ALL STARS AUTOGRAPHS|ALL KINGS|BASE SET|BASEBALL STARS DUAL AUTOGRAPHS|DYNAMIC DUOS|GOLDEN MIRROR IMAGE VARIATION|OPS BESTS|PLAKATA|POSTSEASON	PERFORMANCE AUTOGRAPH CARDS|ROUNDING THE BASES RELICS|SUMMER SUPERSTARS|SWINGING WITH THE STARS,2,Kansas City Royals|Major League Baseball	(Combo Card/Checklist)
2025_topps_series2,2025,Topps,Series 2,boggs,Boggs,1,1,FANATICS AUTHENTIC REDEMPTION CARDS,1,Tampa Bay Rays
2025_topps_series2,2025,Topps,Series 2,bowden francis,Bowden Francis,1,2,BASE SET|GOLDEN MIRROR IMAGE VARIATION,1,Toronto Blue Jays
2025_topps_series2,2025,Topps,Series 2,bradley blalock,Bradley Blalock,1,1,BASEBALL STARS AUTOGRAPHS,1,Colorado Rockies
2025_topps_series2,2025,Topps,Series 2,brady basso,Brady Basso,2,4,BASE SET|BASEBALL STARS AUTOGRAPHS|BIG APPLE|GOLDEN MIRROR IMAGE VARIATION,2,Athletics|Athletics	RC
2025_topps_series2,2025,Topps,Series 2,brady singer,Brady Singer,1,1,BASEBALL STARS TRIPLE AUTOGRAPHS,1,Cincinnati Reds
2025_topps_series2,2025,Topps,Series 2,brandon eisert,Brandon Eisert,1,2,BASE SET|GOLDEN MIRROR IMAGE VARIATION,1,Toronto Blue Jays	RC
2025_topps_series2,2025,Topps,Series 2,brandon lockridge,Brandon Lockridge,1,3,BASE SET|BIG APPLE|GOLDEN MIRROR IMAGE VARIATION,2,San Diego Padres|San Diego Padres	RC
2025_topps_series2,2025,Topps,Series 2,brandon lowe,Brandon Lowe,3,3,BASEBALL STARS TRIPLE AUTOGRAPHS|CITY CONNECT SWATCH COLLECTION|HEAVY LUMBER AUTOGRAPH RELICS,1,Tampa Bay Rays
2025_topps_series2,2025,Topps,Series 2,brandon nimmo,Brandon Nimmo,5,6,BASE SET|GOLDEN MIRROR IMAGE VARIATION|IN THE NAME RELICS|MAJOR LEAGUE MATERIAL CARDS|MAJOR LEAGUE MATERIAL DUAL RELIC CARDS|ROUNDING THE BASES RELICS,2,New York Mets|New York Mets	(Combo Card/Checklist)
2025_topps_series2,2025,Topps,Series 2,brandon woodruff,Brandon Woodruff,1,2,BASE SET|GOLDEN MIRROR IMAGE VARIATION,1,Milwaukee Brewers
2025_topps_series2,2025,Topps,Series 2,brayan bello,Brayan Bello,1,2,BASE SET|GOLDEN MIRROR IMAGE VARIATION,1,Boston Red Sox
2025_topps_series2,2025,Topps,Series 2,brendan donovan,Brendan Donovan,1,3,BASE SET|CARDINALS BASE CARD VARIATION AUTOGRAPH|GOLDEN MIRROR IMAGE VARIATION,1,St. Louis Cardinals
2025_topps_series2,2025,Topps,Series 2,brendan rodgers,Brendan Rodgers,1,2,BASE SET|GOLDEN MIRROR IMAGE VARIATION,1,Houston Astros
2025_topps_series2,2025,Topps,Series 2,brent rooker,Brent Rooker,7,7,1990 TOPPS BASEBALL|1990 TOPPS BASEBALL AUTOGRAPH CARDS|1990 TOPPS BASEBALL CHROME AUTOGRAPH CARDS|1990 TOPPS BASEBALL CHROME BASE CARDS|OPS BESTS|ROUNDING THE BASES AUTOGRAPH RELIC|ROUNDING THE BASES DUAL RELICS,1,Athletics
2025_topps_series2,2025,Topps,Series 2,brenton doyle,Brenton Doyle,2,2,ROUNDING THE BASES AUTOGRAPH RELIC|ROUNDING THE BASES DUAL RELICS,1,Colorado Rockies
2025_topps_series2,2025,Topps,Series 2,brett gardner,Brett Gardner,1,1,BASEBALL STARS AUTOGRAPHS,1,New York Yankees
2025_topps_series2,2025,Topps,Series 2,brian roberts,Brian Roberts,1,1,BASEBALL STARS AUTOGRAPHS,1,Baltimore Orioles
2025_topps_series2,2025,Topps,Series 2,brice turang,Brice Turang,1,1,POSTSEASON	PERFORMANCE AUTOGRAPH CARDS,1,Milwaukee Brewers
2025_topps_series2,2025,Topps,Series 2,brooks baldwin,Brooks Baldwin,1,1,BASEBALL STARS AUTOGRAPHS,1,Chicago White Sox
2025_topps_series2,2025,Topps,Series 2,brooks lee,Brooks Lee,11,11,1990 TOPPS BASEBALL AUTOGRAPH CARDS|1990 TOPPS BASEBALL RELICS|BASEBALL STARS AUTOGRAPHS|CITY CONNECT SWATCH COLLECTION|HEAVY LUMBER AUTOGRAPH RELICS|MAJOR LEAGUE MATERIAL CARDS|MAJOR LEAGUE MATERIAL DUAL AUTOGRAPH CARDS|MAJOR LEAGUE MATERIAL DUAL RELIC CARDS|ROUNDING THE BASES AUTOGRAPH RELIC|ROUNDING THE BASES DUAL RELICS|SWINGING WITH THE STARS,1,Minnesota Twins
2025_topps_series2,2025,Topps,Series 2,bryan ramos,Bryan Ramos,1,2,BASE SET|GOLDEN MIRROR IMAGE VARIATION,1,Chicago White Sox
2025_topps_series2,2025,Topps,Series 2,bryan reynolds,Bryan Reynolds,4,7,BASE SET|BIG APPLE|GOLDEN MIRROR IMAGE VARIATION|IN THE NAME RELICS|MAJOR LEAGUE MATERIAL CARDS|MAJOR LEAGUE MATERIAL DUAL AUTOGRAPH CARDS|REAL ONE RELICS,1,Pittsburgh Pirates
2025_topps_series2,2025,Topps,Series 2,bryce harper,Bryce Harper,15,13,1990 TOPPS ALL STAR BASEBALL|1990 TOPPS BASEBALL ALL STAR RELICS|1990 TOPPS BASEBALL CHROME ALL STARS|ALL KINGS|CITY CONNECT SWATCH COLLECTION|IN THE NAME RELICS|MAJOR LEAGUE MATERIAL DUAL RELIC CARDS|OPS BESTS|PLAKATA|ROUNDING THE BASES DUAL RELICS|ROUNDING THE BASES RELICS|SUMMER SUPERSTARS|SWINGING WITH THE STARS,1,Philadelphia Phillies
2025_topps_series2,2025,Topps,Series 2,bryce miller,Bryce Miller,2,3,2025 TOPPS FLAGSHIP AUTOGRAPH PATCH CARDS|BASE SET|GOLDEN MIRROR IMAGE VARIATION,1,Seattle Mariners
2025_topps_series2,2025,Topps,Series 2,bryce teodosio,Bryce Teodosio,2,4,BASE SET|BASEBALL STARS AUTOGRAPHS|BIG APPLE|GOLDEN MIRROR IMAGE VARIATION,2,Angels|Angels	RC
2025_topps_series2,2025,Topps,Series 2,bryson stott,Bryson Stott,7,6,1990 TOPPS BASEBALL AUTOGRAPH CARDS|2025 TOPPS FLAGSHIP AUTOGRAPH PATCH CARDS|CITY CONNECT SWATCH COLLECTION|HEAVY LUMBER AUTOGRAPH RELICS|IN THE NAME RELICS|ROUNDING THE BASES DUAL RELICS,1,Philadelphia Phillies
2025_topps_series2,2025,Topps,Series 2,buster posey,Buster Posey,2,2,1990 TOPPS BASEBALL ALL STAR AUTOGRAPH CARDS|BASEBALL STARS TRIPLE AUTOGRAPHS,1,San Francisco Giants
2025_topps_series2,2025,Topps,Series 2,butler,Butler,1,1,SOCIAL MEDIA FOLLOW BACK REDEMPTION,1,Athletics
2025_topps_series2,2025,Topps,Series 2,byron buxton,Byron Buxton,10,14,BASE CARDS PLAYER NUMBER VARIATION|BASE SET|BASEBALL STARS DUAL AUTOGRAPHS|BIG APPLE|CITY CONNECT SWATCH COLLECTION|COMPANION CARDS|FLAGSHIP REAL ONE AUTOGRAPH CARDS|GOLDEN MIRROR IMAGE VARIATION|HEAVY LUMBER AUTOGRAPH RELICS|IN THE NAME RELICS|MAJOR LEAGUE MATERIAL DUAL AUTOGRAPH CARDS|OVERSIZED 2025 TOPPS BASEBALL|ROUNDING THE BASES AUTOGRAPH RELIC|ROUNDING THE BASES DUAL RELICS,1,Minnesota Twins
2025_topps_series2,2025,Topps,Series 2,cade povich,Cade Povich,3,3,1990 TOPPS BASEBALL AUTOGRAPH CARDS|1990 TOPPS BASEBALL RELICS|MAJOR LEAGUE MATERIAL AUTOGRAPH CARDS,1,Baltimore Orioles
2025_topps_series2,2025,Topps,Series 2,caden dana,Caden Dana,5,8,1990 TOPPS BASEBALL|1990 TOPPS BASEBALL AUTOGRAPH CARDS|1990 TOPPS BASEBALL CHROME AUTOGRAPH CARDS|1990 TOPPS BASEBALL CHROME BASE CARDS|BASE SET|BIG APPLE|FLAGSHIP REAL ONE AUTOGRAPH CARDS|GOLDEN MIRROR IMAGE VARIATION,2,Angels|Angels	RC
2025_topps_series2,2025,Topps,Series 2,cal raleigh,Cal Raleigh,9,13,1990 TOPPS BASEBALL|1990 TOPPS BASEBALL CHROME AUTOGRAPH CARDS|1990 TOPPS BASEBALL CHROME BASE CARDS|2025 TOPPS FLAGSHIP AUTOGRAPH PATCH CARDS|BASE SET|BIG APPLE|FLAGSHIP REAL ONE AUTOGRAPH CARDS|GOLDEN MIRROR IMAGE VARIATION|IN THE NAME RELICS|MAJOR LEAGUE MATERIAL AUTOGRAPH CARDS|MAJOR LEAGUE MATERIAL DUAL AUTOGRAPH CARDS|MAJOR LEAGUE MATERIAL DUAL RELIC CARDS|REAL ONE RELICS,1,Seattle Mariners
2025_topps_series2,2025,Topps,Series 2,cal ripken jr.,Cal Ripken Jr.,10,9,1990 TOPPS ALL STAR BASEBALL|1990 TOPPS BASEBALL ALL STAR AUTOGRAPH CARDS|1990 TOPPS BASEBALL ALL STAR RELICS|1990 TOPPS BASEBALL CHROME ALL STARS|1990 TOPPS BASEBALL CHROME ALL STARS AUTOGRAPHS|2025 TOPPS FLAGSHIP AUTOGRAPH PATCH CARDS|BASEBALL STARS DUAL AUTOGRAPHS|HEAVY LUMBER|HEAVY LUMBER AUTOGRAPH RELICS,1,Baltimore Orioles
2025_topps_series2,2025,Topps,Series 2,cam smith,Cam Smith,1,1,BASE CARD RC SHORT PRINT,1,Houston Astros	RC
2025_topps_series2,2025,Topps,Series 2,candelita,Candelita,1,1,SIGNATURE TUNES DUAL AUTOGRAPHS,1,Musician
2025_topps_series2,2025,Topps,Series 2,carl yastrzemski,Carl Yastrzemski,2,2,1990 TOPPS BASEBALL AUTOGRAPH CARDS|BASEBALL STARS TRIPLE AUTOGRAPHS,1,Boston Red Sox
2025_topps_series2,2025,Topps,Series 2,carlos beltran,Carlos Beltran,1,1,BASEBALL STARS AUTOGRAPHS,1,New York Mets
2025_topps_series2,2025,Topps,Series 2,carlos correa,Carlos Correa,12,13,1990 TOPPS ALL STAR BASEBALL|1990 TOPPS BASEBALL ALL STAR RELICS|1990 TOPPS BASEBALL CHROME ALL STARS|1990 TOPPS BASEBALL CHROME ALL STARS AUTOGRAPHS|BASE SET|BASEBALL STARS DUAL AUTOGRAPHS|DYNAMIC DUOS|GOLDEN MIRROR IMAGE VARIATION|HEAVY LUMBER|IN THE NAME RELICS|MAJOR LEAGUE MATERIAL CARDS|MAJOR LEAGUE MATERIAL DUAL RELIC CARDS|SUMMER SUPERSTARS,2,Minnesota Twins|Minnesota Twins	(Combo Card/Checklist)
2025_topps_series2,2025,Topps,Series 2,carlos rodón,Carlos Rodón,1,3,BASE SET|BIG APPLE|GOLDEN MIRROR IMAGE VARIATION,1,New York Yankees
2025_topps_series2,2025,Topps,Series 2,carlton fisk,Carlton Fisk,6,5,1990 TOPPS BASEBALL ALL STAR AUTOGRAPH CARDS|BASEBALL STARS AUTOGRAPHS|BASEBALL STARS DUAL AUTOGRAPHS|BASEBALL STARS TRIPLE AUTOGRAPHS|HEAVY LUMBER AUTOGRAPH RELICS,2,Boston Red Sox|Chicago White Sox
2025_topps_series2,2025,Topps,Series 2,carroll,Carroll,1,1,Ichiro	Miami Marlins,1,Arizona Diamondbacks
2025_topps_series2,2025,Topps,Series 2,casey schmitt,Casey Schmitt,1,2,BASE SET|GOLDEN MIRROR IMAGE VARIATION,1,San Francisco Giants
2025_topps_series2,2025,Topps,Series 2,cc sabathia,CC Sabathia,1,1,2025 TOPPS FLAGSHIP AUTOGRAPH PATCH CARDS,1,New York Yankees
2025_topps_series2,2025,Topps,Series 2,cecil fielder,Cecil Fielder,1,1,BASEBALL STARS TRIPLE AUTOGRAPHS,1,Detroit Tigers
2025_topps_series2,2025,Topps,Series 2,ceddanne rafaela,Ceddanne Rafaela,6,6,CITY CONNECT SWATCH COLLECTION|HEAVY LUMBER AUTOGRAPH RELICS|IN THE NAME RELICS|MAJOR LEAGUE MATERIAL DUAL RELIC CARDS|ROUNDING THE BASES AUTOGRAPH RELIC|ROUNDING THE BASES RELICS,1,Boston Red Sox
2025_topps_series2,2025,Topps,Series 2,cedric mullins,Cedric Mullins,3,3,2025 TOPPS FLAGSHIP AUTOGRAPH PATCH CARDS|IN THE NAME RELICS|POSTSEASON	PERFORMANCE AUTOGRAPH CARDS,1,Baltimore Orioles
2025_topps_series2,2025,Topps,Series 2,cesar tovar,Cesar Tovar,2,2,BASE CARD ALL POSITIONS AUTOGRAPH BOOK CARD|BASE CARDS ALL POSITIONS VARIATIONS,1,Minnesota Twins
2025_topps_series2,2025,Topps,Series 2,chan ho park,Chan Ho Park,1,1,1990 TOPPS BASEBALL AUTOGRAPH CARDS,1,Los Angeles Dodgers
2025_topps_series2,2025,Topps,Series 2,chas mccormick,Chas McCormick,1,2,BASE SET|GOLDEN MIRROR IMAGE VARIATION,1,Houston Astros
2025_topps_series2,2025,Topps,Series 2,chase utley,Chase Utley,3,3,1990 TOPPS BASEBALL ALL STAR AUTOGRAPH CARDS|2025 TOPPS FLAGSHIP AUTOGRAPH PATCH CARDS|BASEBALL STARS TRIPLE AUTOGRAPHS,2,Los Angeles Dodgers|Philadelphia Phillies
2025_topps_series2,2025,Topps,Series 2,chicago white sox,Chicago White Sox,1,2,BASE SET|GOLDEN MIRROR IMAGE VARIATION,1,Chicago White Sox	(Team Card)
2025_topps_series2,2025,Topps,Series 2,chipper jones,Chipper Jones,9,8,1990 TOPPS ALL STAR BASEBALL|1990 TOPPS BASEBALL ALL STAR AUTOGRAPH CARDS|1990 TOPPS BASEBALL ALL STAR RELICS|1990 TOPPS BASEBALL CHROME ALL STARS|1990 TOPPS BASEBALL CHROME ALL STARS AUTOGRAPHS|2025 TOPPS FLAGSHIP AUTOGRAPH PATCH CARDS|BASEBALL STARS TRIPLE AUTOGRAPHS|HEAVY LUMBER AUTOGRAPH RELICS,1,Atlanta Braves
2025_topps_series2,2025,Topps,Series 2,chris sale,Chris Sale,8,8,1990 TOPPS BASEBALL|1990 TOPPS BASEBALL AUTOGRAPH CARDS|1990 TOPPS BASEBALL CHROME AUTOGRAPH CARDS|1990 TOPPS BASEBALL CHROME BASE CARDS|CITY CONNECT SWATCH COLLECTION|HEAVY LUMBER AUTOGRAPH RELICS|K ZONE|K ZONE SHORT PRINTS,1,Atlanta Braves
2025_topps_series2,2025,Topps,Series 2,christian walker,Christian Walker,1,3,BASE SET|BIG APPLE|GOLDEN MIRROR IMAGE VARIATION,1,Houston Astros
2025_topps_series2,2025,Topps,Series 2,christian yelich,Christian Yelich,10,10,1990 TOPPS BASEBALL ALL STAR AUTOGRAPH CARDS|1990 TOPPS BASEBALL ALL STAR RELICS|2025 TOPPS FLAGSHIP AUTOGRAPH PATCH CARDS|BASEBALL STARS DUAL AUTOGRAPHS|DYNAMIC DUOS|HEAVY LUMBER AUTOGRAPH RELICS|IN THE NAME RELICS|MAJOR LEAGUE MATERIAL CARDS|ROUNDING THE BASES RELICS|SUMMER SUPERSTARS,1,Milwaukee Brewers
2025_topps_series2,2025,Topps,Series 2,christoper morel,Christoper Morel,1,1,IN THE NAME RELICS,1,Chicago Cubs
2025_topps_series2,2025,Topps,Series 2,christopher morel,Christopher Morel,5,4,BASEBALL STARS DUAL AUTOGRAPHS|BASEBALL STARS TRIPLE AUTOGRAPHS|CITY CONNECT SWATCH COLLECTION|HEAVY LUMBER AUTOGRAPH RELICS,1,Tampa Bay Rays
2025_topps_series2,2025,Topps,Series 2,cj abrams,CJ Abrams,3,3,MAJOR LEAGUE MATERIAL AUTOGRAPH CARDS|MAJOR LEAGUE MATERIAL DUAL AUTOGRAPH CARDS|MAJOR LEAGUE MATERIAL DUAL RELIC CARDS,1,Washington Nationals
2025_topps_series2,2025,Topps,Series 2,clarke schmidt,Clarke Schmidt,1,2,BASE SET|GOLDEN MIRROR IMAGE VARIATION,1,New York Yankees
2025_topps_series2,2025,Topps,Series 2,clayton kershaw,Clayton Kershaw,12,11,1990 TOPPS ALL STAR BASEBALL|1990 TOPPS BASEBALL ALL STAR AUTOGRAPH CARDS|1990 TOPPS BASEBALL CHROME ALL STARS|1990 TOPPS BASEBALL CHROME ALL STARS AUTOGRAPHS|BASEBALL STARS TRIPLE AUTOGRAPHS|DYNAMIC DUOS|K ZONE|K ZONE SHORT PRINTS|MAJOR LEAGUE MATERIAL DUAL RELIC CARDS|WORLD CHAMPION AUTOGRAPH CARDS|WORLD CHAMPION DUAL AUTOGRAPH CARDS,1,Los Angeles Dodgers
2025_topps_series2,2025,Topps,Series 2,cleveland guardians,Cleveland Guardians,1,2,BASE SET|GOLDEN MIRROR IMAGE VARIATION,1,Cleveland Guardians	(Team Card)
2025_topps_series2,2025,Topps,Series 2,coby mayo,Coby Mayo,9,9,1990 TOPPS BASEBALL AUTOGRAPH CARDS|1990 TOPPS BASEBALL RELICS|BASEBALL STARS AUTOGRAPHS|HEAVY LUMBER AUTOGRAPH RELICS|MAJOR LEAGUE MATERIAL AUTOGRAPH CARDS|MAJOR LEAGUE MATERIAL CARDS|STARS OF MLB|SWINGING WITH THE STARS|TOPPS MEGA STARS,1,Baltimore Orioles
2025_topps_series2,2025,Topps,Series 2,cody bellinger,Cody Bellinger,8,7,1990 TOPPS BASEBALL|1990 TOPPS BASEBALL CHROME AUTOGRAPH CARDS|1990 TOPPS BASEBALL CHROME BASE CARDS|BASEBALL STARS AUTOGRAPHS|ROUNDING THE BASES AUTOGRAPH RELIC|ROUNDING THE BASES DUAL RELICS|STARS OF MLB,2,Chicago Cubs|New York Yankees
2025_topps_series2,2025,Topps,Series 2,cole ragans,Cole Ragans,2,2,BASEBALL STARS AUTOGRAPHS|POSTSEASON	PERFORMANCE AUTOGRAPH CARDS,1,Kansas City Royals
2025_topps_series2,2025,Topps,Series 2,colorado rockies,Colorado Rockies,1,2,BASE SET|GOLDEN MIRROR IMAGE VARIATION,1,Colorado Rockies	(Team Card)
2025_topps_series2,2025,Topps,Series 2,colt keith,Colt Keith,5,4,BASEBALL STARS AUTOGRAPHS|IN THE NAME RELICS|MAJOR LEAGUE MATERIAL DUAL AUTOGRAPH CARDS|POSTSEASON	PERFORMANCE AUTOGRAPH CARDS,1,Detroit Tigers
2025_topps_series2,2025,Topps,Series 2,colton cowser,Colton Cowser,4,3,2025 TOPPS FLAGSHIP AUTOGRAPH PATCH CARDS|MAJOR LEAGUE MATERIAL DUAL AUTOGRAPH CARDS|MAJOR LEAGUE MATERIAL DUAL RELIC CARDS,1,Baltimore Orioles
2025_topps_series2,2025,Topps,Series 2,connect swatch collection,CONNECT SWATCH COLLECTION,1,1,HEAVY LUMBER AUTOGRAPH RELICS,1,AUTOGRAPH RELIC
2025_topps_series2,2025,Topps,Series 2,connor gillispie,Connor Gillispie,1,2,BASE SET|GOLDEN MIRROR IMAGE VARIATION,1,Cleveland Guardians	RC
2025_topps_series2,2025,Topps,Series 2,connor norby,Connor Norby,2,2,MAJOR LEAGUE MATERIAL AUTOGRAPH CARDS|MAJOR LEAGUE MATERIAL CARDS,1,Miami Marlins
2025_topps_series2,2025,Topps,Series 2,corbin burnes,Corbin Burnes,1,3,BASE SET|BIG APPLE|GOLDEN MIRROR IMAGE VARIATION,1,Arizona Diamondbacks
2025_topps_series2,2025,Topps,Series 2,corbin carroll,Corbin Carroll,15,15,1990 TOPPS ALL STAR BASEBALL|1990 TOPPS BASEBALL ALL STAR AUTOGRAPH CARDS|1990 TOPPS BASEBALL ALL STAR RELICS|1990 TOPPS BASEBALL CHROME ALL STARS|1990 TOPPS BASEBALL CHROME ALL STARS AUTOGRAPHS|2025 TOPPS FLAGSHIP AUTOGRAPH PATCH CARDS|HEAVY LUMBER|HOMEFIELD ADVANTAGE|IN THE NAME RELICS|MAJOR LEAGUE MATERIAL AUTOGRAPH CARDS|MAJOR LEAGUE MATERIAL CARDS|ROUNDING THE BASES AUTOGRAPH RELIC|ROUNDING THE BASES DUAL RELICS|SUMMER SUPERSTARS|SWINGING WITH THE STARS,1,Arizona Diamondbacks
2025_topps_series2,2025,Topps,Series 2,corey seager,Corey Seager,10,10,1990 TOPPS BASEBALL AUTOGRAPH CARDS|CITY CONNECT SWATCH COLLECTION|DYNAMIC DUOS|HEAVY LUMBER|HEAVY LUMBER AUTOGRAPH RELICS|OPS BESTS|ROUNDING THE BASES DUAL RELICS|SUMMER SUPERSTARS|SWINGING WITH THE STARS|TOPPS MEGA STARS,1,Texas Rangers
2025_topps_series2,2025,Topps,Series 2,craig biggio,Craig Biggio,1,1,1990 TOPPS BASEBALL ALL STAR AUTOGRAPH CARDS,1,Houston Astros
2025_topps_series2,2025,Topps,Series 2,crews,Crews,1,1,FANATICS AUTHENTIC REDEMPTION CARDS,1,Washington Nationals
2025_topps_series2,2025,Topps,Series 2,cristian javier,Cristian Javier,1,2,BASE SET|GOLDEN MIRROR IMAGE VARIATION,1,Houston Astros
2025_topps_series2,2025,Topps,Series 2,cristian mena,Cristian Mena,1,1,BASEBALL STARS AUTOGRAPHS,1,Arizona Diamondbacks
2025_topps_series2,2025,Topps,Series 2,crow-armstrong,Crow-Armstrong,1,1,FANATICS AUTHENTIC REDEMPTION CARDS,1,Chicago Cubs
2025_topps_series2,2025,Topps,Series 2,dale murphy,Dale Murphy,2,2,1990 TOPPS BASEBALL ALL STAR AUTOGRAPH CARDS|HEAVY LUMBER AUTOGRAPH RELICS,1,Atlanta Braves
2025_topps_series2,2025,Topps,Series 2,daniel schneemann,Daniel Schneemann,2,4,BASE SET|BASEBALL STARS AUTOGRAPHS|BIG APPLE|GOLDEN MIRROR IMAGE VARIATION,2,Cleveland Guardians|Cleveland Guardians	RC
2025_topps_series2,2025,Topps,Series 2,dansby swanson,Dansby Swanson,8,8,BASEBALL STARS TRIPLE AUTOGRAPHS|CITY CONNECT SWATCH COLLECTION|HEAVY LUMBER AUTOGRAPH RELICS|IN THE NAME RELICS|MAJOR LEAGUE MATERIAL DUAL AUTOGRAPH CARDS|MAJOR LEAGUE MATERIAL DUAL RELIC CARDS|ROUNDING THE BASES AUTOGRAPH RELIC|ROUNDING THE BASES DUAL RELICS,1,Chicago Cubs
2025_topps_series2,2025,Topps,Series 2,darell hernaiz,Darell Hernaiz,1,2,BASE SET|GOLDEN MIRROR IMAGE VARIATION,1,Athletics
2025_topps_series2,2025,Topps,Series 2,darren baker,Darren Baker,1,3,BASE SET|BIG APPLE|GOLDEN MIRROR IMAGE VARIATION,2,Washington Nationals|Washington Nationals	RC
2025_topps_series2,2025,Topps,Series 2,darryl strawberry,Darryl Strawberry,4,4,1990 TOPPS BASEBALL ALL STAR AUTOGRAPH CARDS|2025 TOPPS FLAGSHIP AUTOGRAPH PATCH CARDS|BASEBALL STARS DUAL AUTOGRAPHS|HEAVY LUMBER AUTOGRAPH RELICS,1,New York Mets
2025_topps_series2,2025,Topps,Series 2,dashawn keirsey,DaShawn Keirsey,1,2,BASE SET|GOLDEN MIRROR IMAGE VARIATION,1,Minnesota Twins	RC
2025_topps_series2,2025,Topps,Series 2,daulton varsho,Daulton Varsho,2,2,BASEBALL STARS AUTOGRAPHS|MAJOR LEAGUE MATERIAL DUAL AUTOGRAPH CARDS,1,Toronto Blue Jays
2025_topps_series2,2025,Topps,Series 2,dave parker,Dave Parker,1,1,BASEBALL STARS TRIPLE AUTOGRAPHS,1,Pittsburgh Pirates
2025_topps_series2,2025,Topps,Series 2,dave winfield,Dave Winfield,1,1,1990 TOPPS BASEBALL ALL STAR AUTOGRAPH CARDS,1,New York Yankees
2025_topps_series2,2025,Topps,Series 2,david bednar,David Bednar,1,2,BASE SET|GOLDEN MIRROR IMAGE VARIATION,1,Pittsburgh Pirates
2025_topps_series2,2025,Topps,Series 2,david cone,David Cone,1,1,BASEBALL STARS DUAL AUTOGRAPHS,1,New York Mets
2025_topps_series2,2025,Topps,Series 2,david festa,David Festa,4,4,1990 TOPPS BASEBALL AUTOGRAPH CARDS|1990 TOPPS BASEBALL RELICS|MAJOR LEAGUE MATERIAL AUTOGRAPH CARDS|MAJOR LEAGUE MATERIAL CARDS,1,Minnesota Twins
2025_topps_series2,2025,Topps,Series 2,david fry,David Fry,1,2,BASE SET|GOLDEN MIRROR IMAGE VARIATION,1,Cleveland Guardians
2025_topps_series2,2025,Topps,Series 2,david ortiz,David Ortiz,9,9,1990 TOPPS ALL STAR BASEBALL|1990 TOPPS BASEBALL ALL STAR AUTOGRAPH CARDS|1990 TOPPS BASEBALL ALL STAR RELICS|1990 TOPPS BASEBALL CHROME ALL STARS|1990 TOPPS BASEBALL CHROME ALL STARS AUTOGRAPHS|2025 TOPPS FLAGSHIP AUTOGRAPH PATCH CARDS|BASEBALL STARS DUAL AUTOGRAPHS|HEAVY LUMBER|HEAVY LUMBER AUTOGRAPH RELICS,2,Boston Red Sox|Minnesota Twins
2025_topps_series2,2025,Topps,Series 2,david wright,David Wright,3,3,1990 TOPPS BASEBALL ALL STAR AUTOGRAPH CARDS|BASEBALL STARS DUAL AUTOGRAPHS|BASEBALL STARS TRIPLE AUTOGRAPHS,1,New York Mets
2025_topps_series2,2025,Topps,Series 2,davis schneider,Davis Schneider,2,2,CITY CONNECT SWATCH COLLECTION|HEAVY LUMBER AUTOGRAPH RELICS,1,Toronto Blue Jays
2025_topps_series2,2025,Topps,Series 2,dean kremer,Dean Kremer,1,2,BASE SET|GOLDEN MIRROR IMAGE VARIATION,1,Baltimore Orioles
2025_topps_series2,2025,Topps,Series 2,dennis eckersley,Dennis Eckersley,2,2,1990 TOPPS BASEBALL ALL STAR AUTOGRAPH CARDS|1990 TOPPS BASEBALL AUTOGRAPH CARDS,1,Oakland Athletics
2025_topps_series2,2025,Topps,Series 2,derek jeter,Derek Jeter,10,10,1990 TOPPS ALL STAR BASEBALL|1990 TOPPS BASEBALL ALL STAR AUTOGRAPH CARDS|1990 TOPPS BASEBALL ALL STAR RELICS|1990 TOPPS BASEBALL CHROME ALL STARS|1990 TOPPS BASEBALL CHROME ALL STARS AUTOGRAPHS|2025 TOPPS FLAGSHIP AUTOGRAPH PATCH CARDS|ALL KINGS|BASEBALL STARS DUAL AUTOGRAPHS|BASEBALL STARS TRIPLE AUTOGRAPHS|HEAVY LUMBER AUTOGRAPH RELICS,1,New York Yankees
2025_topps_series2,2025,Topps,Series 2,devin williams,Devin Williams,1,1,IN THE NAME RELICS,1,Milwaukee Brewers
2025_topps_series2,2025,Topps,Series 2,dillon dingler,Dillon Dingler,2,2,1990 TOPPS BASEBALL AUTOGRAPH CARDS|MAJOR LEAGUE MATERIAL CARDS,1,Detroit Tigers
2025_topps_series2,2025,Topps,Series 2,dj herz,DJ Herz,1,1,BASEBALL STARS AUTOGRAPHS,1,Washington Nationals
2025_topps_series2,2025,Topps,Series 2,dj lemahieu,DJ LeMahieu,1,2,BASE SET|GOLDEN MIRROR IMAGE VARIATION,1,New York Yankees
2025_topps_series2,2025,Topps,Series 2,dominic fletcher,Dominic Fletcher,1,2,BASE SET|GOLDEN MIRROR IMAGE VARIATION,1,Chicago White Sox
2025_topps_series2,2025,Topps,Series 2,domínguez,Domínguez,1,1,SOCIAL MEDIA FOLLOW BACK REDEMPTION,1,New York Yankees
2025_topps_series2,2025,Topps,Series 2,don mattingly,Don Mattingly,1,1,BASEBALL STARS DUAL AUTOGRAPHS,1,New York Yankees
2025_topps_series2,2025,Topps,Series 2,dontrelle willis,Dontrelle Willis,1,1,2025 TOPPS FLAGSHIP AUTOGRAPH PATCH CARDS,1,Florida Marlins
2025_topps_series2,2025,Topps,Series 2,drew thorpe,Drew Thorpe,3,3,1990 TOPPS BASEBALL RELICS|MAJOR LEAGUE MATERIAL AUTOGRAPH CARDS|MAJOR LEAGUE MATERIAL CARDS,1,Chicago White Sox
2025_topps_series2,2025,Topps,Series 2,drew waters,Drew Waters,1,2,BASE SET|GOLDEN MIRROR IMAGE VARIATION,1,Kansas City Royals
2025_topps_series2,2025,Topps,Series 2,duke ellis,Duke Ellis,1,3,BASE SET|BIG APPLE|GOLDEN MIRROR IMAGE VARIATION,2,New York Yankees|New York Yankees	RC
2025_topps_series2,2025,Topps,Series 2,duke snider,Duke Snider,1,1,DYNAMIC DUOS,1,Brooklyn Dodgers
2025_topps_series2,2025,Topps,Series 2,duran,Duran,1,1,FANATICS AUTHENTIC REDEMPTION CARDS,1,Boston Red Sox
2025_topps_series2,2025,Topps,Series 2,dustin harris,Dustin Harris,3,5,1990 TOPPS BASEBALL CHROME AUTOGRAPH CARDS|BASE SET|BASEBALL STARS AUTOGRAPHS|BIG APPLE|GOLDEN MIRROR IMAGE VARIATION,2,Texas Rangers|Texas Rangers	RC
2025_topps_series2,2025,Topps,Series 2,dustin pedroia,Dustin Pedroia,1,1,1990 TOPPS BASEBALL ALL STAR AUTOGRAPH CARDS,1,Boston Red Sox
2025_topps_series2,2025,Topps,Series 2,dusty baker,Dusty Baker,1,1,BASEBALL STARS TRIPLE AUTOGRAPHS,1,Atlanta Braves
2025_topps_series2,2025,Topps,Series 2,dwight gooden,Dwight Gooden,1,1,1990 TOPPS BASEBALL AUTOGRAPH CARDS,1,New York Mets
2025_topps_series2,2025,Topps,Series 2,dylan cease,Dylan Cease,6,6,1990 TOPPS BASEBALL AUTOGRAPH CARDS|2025 TOPPS FLAGSHIP AUTOGRAPH PATCH CARDS|BASEBALL STARS TRIPLE AUTOGRAPHS|IN THE NAME RELICS|MAJOR LEAGUE MATERIAL AUTOGRAPH CARDS|MAJOR LEAGUE MATERIAL DUAL AUTOGRAPH CARDS,1,San Diego Padres
2025_topps_series2,2025,Topps,Series 2,dylan crews,Dylan Crews,15,15,1990 TOPPS BASEBALL|1990 TOPPS BASEBALL AUTOGRAPH CARDS|1990 TOPPS BASEBALL CHROME AUTOGRAPH CARDS|1990 TOPPS BASEBALL CHROME BASE CARDS|1990 TOPPS BASEBALL RELICS|2025 TOPPS FLAGSHIP AUTOGRAPH PATCH CARDS|BASEBALL STARS AUTOGRAPHS|DYNAMIC DUOS|HEAVY LUMBER|HOMEFIELD ADVANTAGE|MAJOR LEAGUE MATERIAL AUTOGRAPH CARDS|MAJOR LEAGUE MATERIAL CARDS|PLAKATA|SUMMER SUPERSTARS|SWINGING WITH THE STARS,2,Washington Nationals|Washington Nationals	RC
2025_topps_series2,2025,Topps,Series 2,eddie murray,Eddie Murray,2,2,1990 TOPPS BASEBALL ALL STAR AUTOGRAPH CARDS|2025 TOPPS FLAGSHIP AUTOGRAPH PATCH CARDS,2,Baltimore Orioles|New York Mets
2025_topps_series2,2025,Topps,Series 2,edgar martinez,Edgar Martinez,2,2,1990 TOPPS BASEBALL ALL STAR AUTOGRAPH CARDS|HEAVY LUMBER AUTOGRAPH RELICS,1,Seattle Mariners
2025_topps_series2,2025,Topps,Series 2,edgardo henriquez,Edgardo Henriquez,3,4,BASE SET|BASEBALL STARS AUTOGRAPHS|GOLDEN MIRROR IMAGE VARIATION|WORLD CHAMPION AUTOGRAPH CARDS,3,Los	Los Angeles Dodgers|Los Angeles Dodgers|Los Angeles Dodgers	RC
2025_topps_series2,2025,Topps,Series 2,edmundo sosa,Edmundo Sosa,1,2,BASE SET|GOLDEN MIRROR IMAGE VARIATION,1,Philadelphia Phillies
2025_topps_series2,2025,Topps,Series 2,edouard julien,Edouard Julien,1,2,BASE SET|GOLDEN MIRROR IMAGE VARIATION,1,Minnesota Twins
2025_topps_series2,2025,Topps,Series 2,eduardo rodriguez,Eduardo Rodriguez,1,2,BASE SET|GOLDEN MIRROR IMAGE VARIATION,1,Arizona Diamondbacks
2025_topps_series2,2025,Topps,Series 2,edward cabrera,Edward Cabrera,1,2,BASE SET|GOLDEN MIRROR IMAGE VARIATION,1,Miami Marlins
2025_topps_series2,2025,Topps,Series 2,eguy rosario,Eguy Rosario,1,2,BASE SET|GOLDEN MIRROR IMAGE VARIATION,1,San Diego Padres
2025_topps_series2,2025,Topps,Series 2,elias díaz,Elias Díaz,1,2,BASE SET|GOLDEN MIRROR IMAGE VARIATION,1,San Diego Padres
2025_topps_series2,2025,Topps,Series 2,elly de la cruz,Elly De La Cruz,13,14,1990 TOPPS ALL STAR BASEBALL|1990 TOPPS BASEBALL ALL STAR AUTOGRAPH CARDS|1990 TOPPS BASEBALL ALL STAR RELICS|1990 TOPPS BASEBALL CHROME ALL STARS|1990 TOPPS BASEBALL CHROME ALL STARS AUTOGRAPHS|ALL KINGS|BASE SET|BASEBALL STARS DUAL AUTOGRAPHS|GOLDEN MIRROR IMAGE VARIATION|IN THE NAME RELICS|MAJOR LEAGUE MATERIAL CARDS|ROUNDING THE BASES AUTOGRAPH RELIC|SUMMER SUPERSTARS|SWINGING WITH THE STARS,2,Cincinnati Reds|National League	(Combo Card/Checklist)
2025_topps_series2,2025,Topps,Series 2,endy rodríguez,Endy Rodríguez,1,2,BASE SET|GOLDEN MIRROR IMAGE VARIATION,1,Pittsburgh Pirates
2025_topps_series2,2025,Topps,Series 2,eric chavez,Eric Chavez,1,1,BASEBALL STARS AUTOGRAPHS,1,Oakland Athletics
2025_topps_series2,2025,Topps,Series 2,eric davis,Eric Davis,1,1,BASEBALL STARS DUAL AUTOGRAPHS,1,Cincinnati Reds
2025_topps_series2,2025,Topps,Series 2,eric gagne,Eric Gagne,1,1,BASEBALL STARS AUTOGRAPHS,1,Los Angeles Dodgers
2025_topps_series2,2025,Topps,Series 2,esteury ruiz,Esteury Ruiz,1,2,BASE SET|GOLDEN MIRROR IMAGE VARIATION,1,Athletics
2025_topps_series2,2025,Topps,Series 2,eury pérez,Eury Pérez,1,2,BASE SET|GOLDEN MIRROR IMAGE VARIATION,1,Miami Marlins
2025_topps_series2,2025,Topps,Series 2,evan carter,Evan Carter,2,2,BASEBALL STARS TRIPLE AUTOGRAPHS|MAJOR LEAGUE MATERIAL CARDS,1,Texas Rangers
2025_topps_series2,2025,Topps,Series 2,evan longoria,Evan Longoria,2,1,2025 TOPPS FLAGSHIP AUTOGRAPH PATCH CARDS,2,Arizona Diamondbacks|San Francisco Giants
2025_topps_series2,2025,Topps,Series 2,evan phillips,Evan Phillips,1,1,WORLD CHAMPION AUTOGRAPH CARDS,1,Los Angeles Dodgers
2025_topps_series2,2025,Topps,Series 2,ezequiel duran,Ezequiel Duran,1,2,BASE SET|GOLDEN MIRROR IMAGE VARIATION,1,Texas Rangers
2025_topps_series2,2025,Topps,Series 2,ezequiel tovar,Ezequiel Tovar,5,5,1990 TOPPS BASEBALL|1990 TOPPS BASEBALL CHROME BASE CARDS|CITY CONNECT SWATCH COLLECTION|IN THE NAME RELICS|ROUNDING THE BASES DUAL RELICS,1,Colorado Rockies
2025_topps_series2,2025,Topps,Series 2,felix bautista,Felix Bautista,1,2,BASE SET|GOLDEN MIRROR IMAGE VARIATION,1,Baltimore Orioles
2025_topps_series2,2025,Topps,Series 2,fergie jenkins,Fergie Jenkins,2,2,BASEBALL STARS DUAL AUTOGRAPHS|BASEBALL STARS TRIPLE AUTOGRAPHS,1,Chicago Cubs
2025_topps_series2,2025,Topps,Series 2,fernando tatis jr.,Fernando Tatis Jr.,20,26,1990 TOPPS ALL STAR BASEBALL|1990 TOPPS BASEBALL ALL STAR RELICS|1990 TOPPS BASEBALL AUTOGRAPH CARDS|1990 TOPPS BASEBALL CHROME ALL STARS|1990 TOPPS BASEBALL CHROME ALL STARS AUTOGRAPHS|ALL KINGS|BASE CARDS PLAYER NUMBER VARIATION|BASE SET|BASEBALL STARS TRIPLE AUTOGRAPHS|BIG APPLE|COMPANION CARDS|DYNAMIC DUOS|FLAGSHIP REAL ONE AUTOGRAPH CARDS|GOLDEN MIRROR IMAGE VARIATION|HEAVY LUMBER AUTOGRAPH RELICS|IN THE NAME RELICS|MAJOR LEAGUE MATERIAL CARDS|MAJOR LEAGUE MATERIAL DUAL RELIC CARDS|OVERSIZED 2025 TOPPS BASEBALL|POSTSEASON	PERFORMANCE AUTOGRAPH CARDS|REAL ONE RELICS|ROUNDING THE BASES AUTOGRAPH RELIC|ROUNDING THE BASES DUAL RELICS|SUMMER SUPERSTARS|SWINGING WITH THE STARS|TRADING CARD ENAMEL PINS,1,San Diego Padres
2025_topps_series2,2025,Topps,Series 2,fernando valenzuela,Fernando Valenzuela,1,1,BASEBALL STARS TRIPLE AUTOGRAPHS,1,Los Angeles Dodgers
2025_topps_series2,2025,Topps,Series 2,framber valdez,Framber Valdez,1,2,BASE SET|GOLDEN MIRROR IMAGE VARIATION,1,Houston Astros
2025_topps_series2,2025,Topps,Series 2,francisco alvarez,Francisco Alvarez,8,8,CITY CONNECT SWATCH COLLECTION|HEAVY LUMBER AUTOGRAPH RELICS|IN THE NAME RELICS|MAJOR LEAGUE MATERIAL AUTOGRAPH CARDS|MAJOR LEAGUE MATERIAL CARDS|MAJOR LEAGUE MATERIAL DUAL AUTOGRAPH CARDS|MAJOR LEAGUE MATERIAL DUAL RELIC CARDS|POSTSEASON	PERFORMANCE AUTOGRAPH CARDS,1,New York Mets
2025_topps_series2,2025,Topps,Series 2,francisco lindor,Francisco Lindor,17,16,1990 TOPPS ALL STAR BASEBALL|1990 TOPPS BASEBALL ALL STAR RELICS|1990 TOPPS BASEBALL CHROME ALL STARS|ALL KINGS|BASEBALL STARS TRIPLE AUTOGRAPHS|CITY CONNECT SWATCH COLLECTION|DYNAMIC DUOS|HEAVY LUMBER|HEAVY LUMBER AUTOGRAPH RELICS|IN THE NAME RELICS|MAJOR LEAGUE MATERIAL DUAL RELIC CARDS|OPS BESTS|POSTSEASON	PERFORMANCE AUTOGRAPH CARDS|ROUNDING THE BASES DUAL RELICS|SUMMER SUPERSTARS|TOPPS MEGA STARS,1,New York Mets
2025_topps_series2,2025,Topps,Series 2,frank thomas,Frank Thomas,9,9,1990 TOPPS ALL STAR BASEBALL|1990 TOPPS BASEBALL ALL STAR AUTOGRAPH CARDS|1990 TOPPS BASEBALL ALL STAR RELICS|1990 TOPPS BASEBALL CHROME ALL STARS|1990 TOPPS BASEBALL CHROME ALL STARS AUTOGRAPHS|BASEBALL STARS DUAL AUTOGRAPHS|BASEBALL STARS TRIPLE AUTOGRAPHS|HEAVY LUMBER|HEAVY LUMBER AUTOGRAPH RELICS,1,Chicago White Sox
2025_topps_series2,2025,Topps,Series 2,frankie montas,Frankie Montas,1,2,BASE SET|GOLDEN MIRROR IMAGE VARIATION,1,New York Mets
2025_topps_series2,2025,Topps,Series 2,fred mcgriff,Fred McGriff,3,3,1990 TOPPS BASEBALL ALL STAR AUTOGRAPH CARDS|BASEBALL STARS AUTOGRAPHS|BASEBALL STARS DUAL AUTOGRAPHS,2,Atlanta Braves|Toronto Blue Jays
2025_topps_series2,2025,Topps,Series 2,freddie freeman,Freddie Freeman,19,17,1990 TOPPS ALL STAR BASEBALL|1990 TOPPS BASEBALL|1990 TOPPS BASEBALL ALL STAR RELICS|1990 TOPPS BASEBALL CHROME ALL STARS|1990 TOPPS BASEBALL CHROME BASE CARDS|ALL KINGS|CITY CONNECT SWATCH COLLECTION|HEAVY LUMBER|MAJOR LEAGUE MATERIAL CARDS|MAJOR LEAGUE MATERIAL DUAL RELIC CARDS|OPS BESTS|PLAKATA|STARS OF MLB|SUMMER SUPERSTARS|TOPPS MEGA STARS|WORLD CHAMPION AUTOGRAPH CARDS|WORLD CHAMPION DUAL AUTOGRAPH CARDS,1,Los Angeles Dodgers
2025_topps_series2,2025,Topps,Series 2,freddy peralta,Freddy Peralta,3,3,BASEBALL STARS AUTOGRAPHS|IN THE NAME RELICS|POSTSEASON	PERFORMANCE AUTOGRAPH CARDS,1,Milwaukee Brewers
2025_topps_series2,2025,Topps,Series 2,gabriel moreno,Gabriel Moreno,2,2,IN THE NAME RELICS|MAJOR LEAGUE MATERIAL AUTOGRAPH CARDS,1,Arizona Diamondbacks
2025_topps_series2,2025,Topps,Series 2,garrett crochet,Garrett Crochet,2,3,BASE SET|BASEBALL STARS AUTOGRAPHS|GOLDEN MIRROR IMAGE VARIATION,1,Boston Red Sox
2025_topps_series2,2025,Topps,Series 2,garrett mitchell,Garrett Mitchell,3,5,BASE SET|BIG APPLE|CITY CONNECT SWATCH COLLECTION|GOLDEN MIRROR IMAGE VARIATION|IN THE NAME RELICS,1,Milwaukee Brewers
2025_topps_series2,2025,Topps,Series 2,garrett whitlock,Garrett Whitlock,1,2,BASE SET|GOLDEN MIRROR IMAGE VARIATION,1,Boston Red Sox
2025_topps_series2,2025,Topps,Series 2,gary sheffield,Gary Sheffield,2,2,BASEBALL STARS DUAL AUTOGRAPHS|HEAVY LUMBER AUTOGRAPH RELICS,2,Florida Marlins|New York Yankees
2025_topps_series2,2025,Topps,Series 2,gary sánchez,Gary Sánchez,1,2,BASE SET|GOLDEN MIRROR IMAGE VARIATION,1,Baltimore Orioles
2025_topps_series2,2025,Topps,Series 2,gavin lux,Gavin Lux,1,2,BASE SET|GOLDEN MIRROR IMAGE VARIATION,1,Cincinnati Reds
2025_topps_series2,2025,Topps,Series 2,gavin sheets,Gavin Sheets,2,2,CITY CONNECT SWATCH COLLECTION|HEAVY LUMBER AUTOGRAPH RELICS,1,Chicago White Sox
2025_topps_series2,2025,Topps,Series 2,gavin stone,Gavin Stone,1,1,WORLD CHAMPION AUTOGRAPH CARDS,1,Los Angeles Dodgers
2025_topps_series2,2025,Topps,Series 2,gavin williams,Gavin Williams,1,2,BASE SET|GOLDEN MIRROR IMAGE VARIATION,1,Cleveland Guardians	(Future Stars)
2025_topps_series2,2025,Topps,Series 2,george brett,George Brett,6,6,1990 TOPPS ALL STAR BASEBALL|1990 TOPPS BASEBALL ALL STAR AUTOGRAPH CARDS|1990 TOPPS BASEBALL CHROME ALL STARS|1990 TOPPS BASEBALL CHROME ALL STARS AUTOGRAPHS|BASEBALL STARS TRIPLE AUTOGRAPHS|DYNAMIC DUOS,1,Kansas City Royals
2025_topps_series2,2025,Topps,Series 2,george foster,George Foster,1,1,BASEBALL STARS DUAL AUTOGRAPHS,1,Cincinnati Reds
2025_topps_series2,2025,Topps,Series 2,george kirby,George Kirby,2,4,BASE SET|BASEBALL STARS AUTOGRAPHS|GOLDEN MIRROR IMAGE VARIATION|REAL ONE RELICS,1,Seattle Mariners
2025_topps_series2,2025,Topps,Series 2,george springer,George Springer,14,13,1990 TOPPS BASEBALL CHROME AUTOGRAPH CARDS|2025 TOPPS FLAGSHIP AUTOGRAPH PATCH CARDS|BASEBALL STARS TRIPLE AUTOGRAPHS|CITY CONNECT SWATCH COLLECTION|HEAVY LUMBER AUTOGRAPH RELICS|IN THE NAME RELICS|MAJOR LEAGUE MATERIAL AUTOGRAPH CARDS|MAJOR LEAGUE MATERIAL CARDS|MAJOR LEAGUE MATERIAL DUAL AUTOGRAPH CARDS|MAJOR LEAGUE MATERIAL DUAL RELIC CARDS|ROUNDING THE BASES AUTOGRAPH RELIC|ROUNDING THE BASES DUAL RELICS|STARS OF MLB,1,Toronto Blue Jays
2025_topps_series2,2025,Topps,Series 2,gerrit cole,Gerrit Cole,11,11,1990 TOPPS BASEBALL|1990 TOPPS BASEBALL ALL STAR RELICS|BASEBALL STARS TRIPLE AUTOGRAPHS|HOMEFIELD ADVANTAGE|K ZONE|K ZONE SHORT PRINTS|MAJOR LEAGUE MATERIAL DUAL RELIC CARDS|POSTSEASON	PERFORMANCE AUTOGRAPH CARDS|STARS OF MLB|SUMMER SUPERSTARS|TOPPS MEGA STARS,1,New York Yankees
2025_topps_series2,2025,Topps,Series 2,giancarlo stanton,Giancarlo Stanton,1,1,MAJOR LEAGUE MATERIAL CARDS,1,New York Yankees
2025_topps_series2,2025,Topps,Series 2,gleyber torres,Gleyber Torres,1,2,BASE SET|GOLDEN MIRROR IMAGE VARIATION,1,Detroit Tigers
2025_topps_series2,2025,Topps,Series 2,gordon graceffo,Gordon Graceffo,1,3,BASE SET|BIG APPLE|GOLDEN MIRROR IMAGE VARIATION,2,St. Louis Cardinals|St. Louis Cardinals	RC
2025_topps_series2,2025,Topps,Series 2,graham ashcraft,Graham Ashcraft,1,2,BASE SET|GOLDEN MIRROR IMAGE VARIATION,1,Cincinnati Reds
2025_topps_series2,2025,Topps,Series 2,grant holman,Grant Holman,1,2,BASE SET|GOLDEN MIRROR IMAGE VARIATION,1,Athletics	RC
2025_topps_series2,2025,Topps,Series 2,grant holmes,Grant Holmes,2,3,BASE SET|BASEBALL STARS AUTOGRAPHS|GOLDEN MIRROR IMAGE VARIATION,2,Atlanta Braves|Atlanta Braves	RC
2025_topps_series2,2025,Topps,Series 2,grant mccray,Grant McCray,2,2,1990 TOPPS BASEBALL AUTOGRAPH CARDS|1990 TOPPS BASEBALL RELICS,1,San Francisco Giants
2025_topps_series2,2025,Topps,Series 2,grayson rodriguez,Grayson Rodriguez,1,2,BASE SET|GOLDEN MIRROR IMAGE VARIATION,1,Baltimore Orioles
2025_topps_series2,2025,Topps,Series 2,greene,Greene,1,1,FANATICS AUTHENTIC REDEMPTION CARDS,1,Cincinnati Reds
2025_topps_series2,2025,Topps,Series 2,greg jones,Greg Jones,1,1,BASEBALL STARS AUTOGRAPHS,1,Colorado Rockies
2025_topps_series2,2025,Topps,Series 2,greg maddux,Greg Maddux,3,3,1990 TOPPS BASEBALL CHROME ALL STARS AUTOGRAPHS|K ZONE|K ZONE SHORT PRINTS,1,Atlanta Braves
2025_topps_series2,2025,Topps,Series 2,griffey jr.,Griffey Jr.,1,1,FANATICS AUTHENTIC REDEMPTION CARDS,1,Seattle Mariners
2025_topps_series2,2025,Topps,Series 2,griffin conine,Griffin Conine,3,5,1990 TOPPS BASEBALL AUTOGRAPH CARDS|BASE SET|BASEBALL STARS AUTOGRAPHS|BIG APPLE|GOLDEN MIRROR IMAGE VARIATION,2,Miami Marlins|Miami Marlins	RC
2025_topps_series2,2025,Topps,Series 2,gunnar henderson,Gunnar Henderson,20,19,1990 TOPPS ALL STAR BASEBALL|1990 TOPPS BASEBALL ALL STAR AUTOGRAPH CARDS|1990 TOPPS BASEBALL ALL STAR RELICS|1990 TOPPS BASEBALL CHROME ALL STARS|1990 TOPPS BASEBALL CHROME ALL STARS AUTOGRAPHS|2025 TOPPS FLAGSHIP AUTOGRAPH PATCH CARDS|ALL KINGS|BASE SET|BASEBALL STARS DUAL AUTOGRAPHS|CITY CONNECT SWATCH COLLECTION|GOLDEN MIRROR IMAGE VARIATION|HEAVY LUMBER AUTOGRAPH RELICS|MAJOR LEAGUE MATERIAL CARDS|MAJOR LEAGUE MATERIAL DUAL AUTOGRAPH CARDS|MAJOR LEAGUE MATERIAL DUAL RELIC CARDS|OPS BESTS|PLAKATA|ROUNDING THE BASES AUTOGRAPH RELIC|SUMMER SUPERSTARS,2,Baltimore Orioles|Major League Baseball	(Combo Card/Checklist)
2025_topps_series2,2025,Topps,Series 2,gustavo campero,Gustavo Campero,1,3,BASE SET|BIG APPLE|GOLDEN MIRROR IMAGE VARIATION,2,Angels|Angels	RC
2025_topps_series2,2025,Topps,Series 2,hank aaron,Hank Aaron,4,4,1990 TOPPS ALL STAR BASEBALL|1990 TOPPS BASEBALL CHROME ALL STARS|DYNAMIC DUOS|HEAVY LUMBER,1,Atlanta Braves
2025_topps_series2,2025,Topps,Series 2,harold baines,Harold Baines,1,1,BASEBALL STARS TRIPLE AUTOGRAPHS,1,Chicago White Sox
2025_topps_series2,2025,Topps,Series 2,harrison bader,Harrison Bader,2,3,BASE SET|BASEBALL STARS AUTOGRAPHS|GOLDEN MIRROR IMAGE VARIATION,1,Minnesota Twins
2025_topps_series2,2025,Topps,Series 2,hayden birdsong,Hayden Birdsong,3,7,1990 TOPPS BASEBALL AUTOGRAPH CARDS|1990 TOPPS BASEBALL RELICS|BASE SET|BIG APPLE|FLAGSHIP REAL ONE AUTOGRAPH CARDS|GOLDEN MIRROR IMAGE VARIATION|REAL ONE RELICS,2,San Francisco Giants|San Francisco Giants	RC
2025_topps_series2,2025,Topps,Series 2,heliot ramos,Heliot Ramos,1,2,BASE SET|GOLDEN MIRROR IMAGE VARIATION,1,San Francisco Giants
2025_topps_series2,2025,Topps,Series 2,helton,Helton,1,1,FANATICS AUTHENTIC REDEMPTION CARDS,1,Colorado Rockies
2025_topps_series2,2025,Topps,Series 2,heston kjerstad,Heston Kjerstad,1,3,BASE SET|BIG APPLE|GOLDEN MIRROR IMAGE VARIATION,2,Baltimore Orioles|Baltimore Orioles	(Future Stars)
2025_topps_series2,2025,Topps,Series 2,hideki matsui,Hideki Matsui,2,2,BASEBALL STARS DUAL AUTOGRAPHS|BASEBALL STARS TRIPLE AUTOGRAPHS,2,Angels|New York Yankees
2025_topps_series2,2025,Topps,Series 2,hideo nomo,Hideo Nomo,2,2,1990 TOPPS ALL STAR BASEBALL|1990 TOPPS BASEBALL CHROME ALL STARS,1,Los Angeles Dodgers
2025_topps_series2,2025,Topps,Series 2,howard johnson,Howard Johnson,1,1,1990 TOPPS BASEBALL AUTOGRAPH CARDS,1,New York Mets
2025_topps_series2,2025,Topps,Series 2,hunter brown,Hunter Brown,1,2,BASE SET|GOLDEN MIRROR IMAGE VARIATION,1,Houston Astros
2025_topps_series2,2025,Topps,Series 2,hunter feduccia,Hunter Feduccia,1,1,BASEBALL STARS AUTOGRAPHS,1,Los Angeles Dodgers
2025_topps_series2,2025,Topps,Series 2,hunter goodman,Hunter Goodman,1,2,BASE SET|GOLDEN MIRROR IMAGE VARIATION,1,Colorado Rockies
2025_topps_series2,2025,Topps,Series 2,hunter greene,Hunter Greene,4,4,1990 TOPPS BASEBALL|1990 TOPPS BASEBALL CHROME BASE CARDS|BASEBALL STARS TRIPLE AUTOGRAPHS|IN THE NAME RELICS,1,Cincinnati Reds
2025_topps_series2,2025,Topps,Series 2,hunter renfroe,Hunter Renfroe,1,2,BASE SET|GOLDEN MIRROR IMAGE VARIATION,1,Kansas City Royals
2025_topps_series2,2025,Topps,Series 2,hurston waldrep,Hurston Waldrep,3,3,1990 TOPPS BASEBALL RELICS|BASEBALL STARS AUTOGRAPHS|MAJOR LEAGUE MATERIAL AUTOGRAPH CARDS,1,Atlanta Braves
2025_topps_series2,2025,Topps,Series 2,hyeseong kim,Hyeseong Kim,4,7,1990 TOPPS BASEBALL CHROME AUTOGRAPH CARDS|1990 TOPPS BASEBALL CHROME BASE CARDS|BASE SET|BASEBALL STARS AUTOGRAPHS|BIG APPLE|FLAGSHIP REAL ONE AUTOGRAPH CARDS|GOLDEN MIRROR IMAGE VARIATION,2,Los Angeles Dodgers|Los Angeles Dodgers	RC
2025_topps_series2,2025,Topps,Series 2,ian happ,Ian Happ,1,1,IN THE NAME RELICS,1,Chicago Cubs
2025_topps_series2,2025,Topps,Series 2,ian kinsler,Ian Kinsler,1,1,BASEBALL STARS AUTOGRAPHS,1,Texas Rangers
2025_topps_series2,2025,Topps,Series 2,ichiro,Ichiro,7,6,1990 TOPPS ALL STAR BASEBALL|1990 TOPPS BASEBALL ALL STAR AUTOGRAPH CARDS|1990 TOPPS BASEBALL ALL STAR RELICS|1990 TOPPS BASEBALL CHROME ALL STARS|1990 TOPPS BASEBALL CHROME ALL STARS AUTOGRAPHS|2025 TOPPS FLAGSHIP AUTOGRAPH PATCH CARDS,2,Miami Marlins|Seattle Mariners
2025_topps_series2,2025,Topps,Series 2,isaac collins,Isaac Collins,1,2,BASE SET|GOLDEN MIRROR IMAGE VARIATION,1,Milwaukee Brewers	RC
2025_topps_series2,2025,Topps,Series 2,isiah kiner-falefa,Isiah Kiner-Falefa,1,2,BASE SET|GOLDEN MIRROR IMAGE VARIATION,1,Pittsburgh Pirates
2025_topps_series2,2025,Topps,Series 2,j.d. martinez,J.D. Martinez,1,2,BASE SET|GOLDEN MIRROR IMAGE VARIATION,1,New York Mets
2025_topps_series2,2025,Topps,Series 2,j.p. crawford,J.P. Crawford,2,2,IN THE NAME RELICS|MAJOR LEAGUE MATERIAL DUAL RELIC CARDS,1,Seattle Mariners
2025_topps_series2,2025,Topps,Series 2,j.t. ginn,J.T. Ginn,1,3,BASE SET|BIG APPLE|GOLDEN MIRROR IMAGE VARIATION,2,Athletics|Athletics	RC
2025_topps_series2,2025,Topps,Series 2,j.t. realmuto,J.T. Realmuto,11,14,1990 TOPPS BASEBALL|1990 TOPPS BASEBALL AUTOGRAPH CARDS|1990 TOPPS BASEBALL CHROME AUTOGRAPH CARDS|BASE SET|BASEBALL STARS TRIPLE AUTOGRAPHS|BIG APPLE|GOLDEN MIRROR IMAGE VARIATION|IN THE NAME RELICS|MAJOR LEAGUE MATERIAL CARDS|MAJOR LEAGUE MATERIAL DUAL RELIC CARDS|REAL ONE RELICS|ROUNDING THE BASES AUTOGRAPH RELIC|ROUNDING THE BASES DUAL RELICS|ROUNDING THE BASES RELICS,1,Philadelphia Phillies
2025_topps_series2,2025,Topps,Series 2,jace jung,Jace Jung,8,8,1990 TOPPS BASEBALL AUTOGRAPH CARDS|1990 TOPPS BASEBALL CHROME AUTOGRAPH CARDS|1990 TOPPS BASEBALL CHROME BASE CARDS|1990 TOPPS BASEBALL RELICS|MAJOR LEAGUE MATERIAL AUTOGRAPH CARDS|MAJOR LEAGUE MATERIAL CARDS|MAJOR LEAGUE MATERIAL DUAL AUTOGRAPH CARDS|TOPPS MEGA STARS,2,Detroit Tigers|Detroit Tigers	RC
2025_topps_series2,2025,Topps,Series 2,jack flaherty,Jack Flaherty,6,6,BASE SET|BASEBALL STARS AUTOGRAPHS|BIG APPLE|GOLDEN MIRROR IMAGE VARIATION|WORLD CHAMPION AUTOGRAPH CARDS|WORLD CHAMPION DUAL AUTOGRAPH CARDS,2,Detroit Tigers|Los Angeles Dodgers
2025_topps_series2,2025,Topps,Series 2,jack kochanowicz,Jack Kochanowicz,1,1,1990 TOPPS BASEBALL AUTOGRAPH CARDS,1,Angels
2025_topps_series2,2025,Topps,Series 2,jack neely,Jack Neely,2,3,BASE SET|BASEBALL STARS AUTOGRAPHS|GOLDEN MIRROR IMAGE VARIATION,2,Chicago Cubs|Chicago Cubs	RC
2025_topps_series2,2025,Topps,Series 2,jack suwinski,Jack Suwinski,1,2,BASE SET|GOLDEN MIRROR IMAGE VARIATION,1,Pittsburgh Pirates
2025_topps_series2,2025,Topps,Series 2,jackie robinson,Jackie Robinson,3,3,1990 TOPPS ALL STAR BASEBALL|1990 TOPPS BASEBALL CHROME ALL STARS|ALL KINGS,1,Brooklyn Dodgers
2025_topps_series2,2025,Topps,Series 2,jackson chourio,Jackson Chourio,14,16,1990 TOPPS BASEBALL AUTOGRAPH CARDS|1990 TOPPS BASEBALL RELICS|2025 TOPPS FLAGSHIP AUTOGRAPH PATCH CARDS|BASE SET|BIG APPLE|COMPANION CARDS|DYNAMIC DUOS|GOLDEN MIRROR IMAGE VARIATION|HEAVY LUMBER AUTOGRAPH RELICS|IN THE NAME RELICS|MAJOR LEAGUE MATERIAL CARDS|MAJOR LEAGUE MATERIAL DUAL RELIC CARDS|OVERSIZED 2025 TOPPS BASEBALL|POSTSEASON	PERFORMANCE AUTOGRAPH CARDS|STARS OF MLB|SUMMER SUPERSTARS,1,Milwaukee Brewers
2025_topps_series2,2025,Topps,Series 2,jackson holliday,Jackson Holliday,9,8,1990 TOPPS BASEBALL|1990 TOPPS BASEBALL CHROME AUTOGRAPH CARDS|1990 TOPPS BASEBALL CHROME BASE CARDS|1990 TOPPS BASEBALL RELICS|HEAVY LUMBER AUTOGRAPH RELICS|MAJOR LEAGUE MATERIAL CARDS|MAJOR LEAGUE MATERIAL DUAL AUTOGRAPH CARDS|MAJOR LEAGUE MATERIAL DUAL RELIC CARDS,1,Baltimore Orioles
2025_topps_series2,2025,Topps,Series 2,jackson jobe,Jackson Jobe,14,19,1990 TOPPS BASEBALL|1990 TOPPS BASEBALL CHROME AUTOGRAPH CARDS|1990 TOPPS BASEBALL CHROME BASE CARDS|1990 TOPPS BASEBALL RELICS|BASE CARDS PLAYER NUMBER VARIATION|BASE SET|BIG APPLE|COMPANION CARDS|FLAGSHIP REAL ONE AUTOGRAPH CARDS|GOLDEN MIRROR IMAGE VARIATION|HOMEFIELD ADVANTAGE|K ZONE|K ZONE SHORT PRINTS|MAJOR LEAGUE MATERIAL AUTOGRAPH CARDS|MAJOR LEAGUE MATERIAL CARDS|OVERSIZED 2025 TOPPS BASEBALL|REAL ONE RELICS|STARS OF MLB|TOPPS MEGA STARS,2,Detroit Tigers|Detroit Tigers	RC
2025_topps_series2,2025,Topps,Series 2,jackson merrill,Jackson Merrill,18,17,1990 TOPPS ALL STAR BASEBALL|1990 TOPPS BASEBALL ALL STAR AUTOGRAPH CARDS|1990 TOPPS BASEBALL CHROME ALL STARS|1990 TOPPS BASEBALL CHROME ALL STARS AUTOGRAPHS|2025 TOPPS FLAGSHIP AUTOGRAPH PATCH CARDS|BASEBALL STARS TRIPLE AUTOGRAPHS|HEAVY LUMBER AUTOGRAPH RELICS|IN THE NAME RELICS|MAJOR LEAGUE MATERIAL CARDS|MAJOR LEAGUE MATERIAL DUAL AUTOGRAPH CARDS|OPS BESTS|PLAKATA|POSTSEASON	PERFORMANCE AUTOGRAPH CARDS|ROUNDING THE BASES AUTOGRAPH RELIC|ROUNDING THE BASES DUAL RELICS|SUMMER SUPERSTARS|TOPPS MEGA STARS,1,San Diego Padres
2025_topps_series2,2025,Topps,Series 2,jacob degrom,Jacob deGrom,5,5,1990 TOPPS BASEBALL|1990 TOPPS BASEBALL CHROME BASE CARDS|K ZONE|K ZONE SHORT PRINTS|SUMMER SUPERSTARS,1,Texas Rangers
2025_topps_series2,2025,Topps,Series 2,jacob wilson,Jacob Wilson,7,7,1990 TOPPS BASEBALL RELICS|BASEBALL STARS AUTOGRAPHS|HOMEFIELD ADVANTAGE|MAJOR LEAGUE MATERIAL AUTOGRAPH CARDS|MAJOR LEAGUE MATERIAL CARDS|STARS OF MLB|TOPPS MEGA STARS,2,Athletics|Athletics	RC
2025_topps_series2,2025,Topps,Series 2,jacob young,Jacob Young,1,2,BASE SET|GOLDEN MIRROR IMAGE VARIATION,1,Washington Nationals
2025_topps_series2,2025,Topps,Series 2,jaden hill,Jaden Hill,1,2,BASE SET|GOLDEN MIRROR IMAGE VARIATION,1,Colorado Rockies	RC
2025_topps_series2,2025,Topps,Series 2,jairo iriarte,Jairo Iriarte,2,5,BASE SET|BASEBALL STARS AUTOGRAPHS|BIG APPLE|FLAGSHIP REAL ONE AUTOGRAPH CARDS|GOLDEN MIRROR IMAGE VARIATION,2,Chicago White Sox|Chicago White Sox	RC
2025_topps_series2,2025,Topps,Series 2,jake bauers,Jake Bauers,1,2,BASE SET|GOLDEN MIRROR IMAGE VARIATION,1,Milwaukee Brewers
2025_topps_series2,2025,Topps,Series 2,jake burger,Jake Burger,1,1,BASEBALL STARS AUTOGRAPHS,1,Texas Rangers
2025_topps_series2,2025,Topps,Series 2,jake eder,Jake Eder,1,2,BASE SET|GOLDEN MIRROR IMAGE VARIATION,1,Chicago White Sox	RC
2025_topps_series2,2025,Topps,Series 2,jake fraley,Jake Fraley,1,2,BASE SET|GOLDEN MIRROR IMAGE VARIATION,1,Cincinnati Reds
2025_topps_series2,2025,Topps,Series 2,jake mccarthy,Jake McCarthy,1,1,ROUNDING THE BASES AUTOGRAPH RELIC,1,Arizona Diamondbacks
2025_topps_series2,2025,Topps,Series 2,jake meyers,Jake Meyers,1,2,BASE SET|GOLDEN MIRROR IMAGE VARIATION,1,Houston Astros
2025_topps_series2,2025,Topps,Series 2,james outman,James Outman,2,3,BASE SET|GOLDEN MIRROR IMAGE VARIATION|WORLD CHAMPION AUTOGRAPH CARDS,1,Los Angeles Dodgers
2025_topps_series2,2025,Topps,Series 2,james wood,James Wood,15,15,1990 TOPPS BASEBALL|1990 TOPPS BASEBALL AUTOGRAPH CARDS|1990 TOPPS BASEBALL CHROME AUTOGRAPH CARDS|1990 TOPPS BASEBALL CHROME BASE CARDS|1990 TOPPS BASEBALL RELICS|ALL KINGS|BASEBALL STARS AUTOGRAPHS|DYNAMIC DUOS|MAJOR LEAGUE MATERIAL AUTOGRAPH CARDS|MAJOR LEAGUE MATERIAL CARDS|MAJOR LEAGUE MATERIAL DUAL RELIC CARDS|PLAKATA|ROUNDING THE BASES RELICS|SUMMER SUPERSTARS|SWINGING WITH THE STARS,2,Washington Nationals|Washington Nationals	RC
2025_topps_series2,2025,Topps,Series 2,jared jones,Jared Jones,2,5,BASE SET|BIG APPLE|FLAGSHIP REAL ONE AUTOGRAPH CARDS|GOLDEN MIRROR IMAGE VARIATION|MAJOR LEAGUE MATERIAL DUAL AUTOGRAPH CARDS,2,Pittsburgh Pirates|Pittsburgh Pirates	(Future Stars)
2025_topps_series2,2025,Topps,Series 2,jarren duran,Jarren Duran,15,20,1990 TOPPS ALL STAR BASEBALL|1990 TOPPS BASEBALL ALL STAR AUTOGRAPH CARDS|1990 TOPPS BASEBALL ALL STAR RELICS|1990 TOPPS BASEBALL CHROME ALL STARS|1990 TOPPS BASEBALL CHROME ALL STARS AUTOGRAPHS|2025 TOPPS FLAGSHIP AUTOGRAPH PATCH CARDS|BASE CARDS PLAYER NUMBER VARIATION|BASE SET|BIG APPLE|COMPANION CARDS|FLAGSHIP REAL ONE AUTOGRAPH CARDS|GOLDEN MIRROR IMAGE VARIATION|HOMEFIELD ADVANTAGE|IN THE NAME RELICS|OPS BESTS|OVERSIZED 2025 TOPPS BASEBALL|REAL ONE RELICS|ROUNDING THE BASES AUTOGRAPH RELIC|STARS OF MLB|SUMMER SUPERSTARS,1,Boston Red Sox
2025_topps_series2,2025,Topps,Series 2,jason foley,Jason Foley,1,2,BASE SET|GOLDEN MIRROR IMAGE VARIATION,1,Detroit Tigers
2025_topps_series2,2025,Topps,Series 2,jason kendall,Jason Kendall,1,1,1990 TOPPS BASEBALL AUTOGRAPH CARDS,1,Pittsburgh Pirates
2025_topps_series2,2025,Topps,Series 2,jason varitek,Jason Varitek,1,1,BASEBALL STARS DUAL AUTOGRAPHS,1,Boston Red Sox
2025_topps_series2,2025,Topps,Series 2,jasson domínguez,Jasson Domínguez,5,9,1990 TOPPS BASEBALL RELICS|BASE SET|BIG APPLE|FLAGSHIP REAL ONE AUTOGRAPH CARDS|GOLDEN MIRROR IMAGE VARIATION|MAJOR LEAGUE MATERIAL AUTOGRAPH CARDS|MAJOR LEAGUE MATERIAL CARDS|PLAKATA|REAL ONE RELICS,2,New York Yankees|New York Yankees	(Future Stars)
2025_topps_series2,2025,Topps,Series 2,javier assad,Javier Assad,2,3,BASE SET|BASEBALL STARS AUTOGRAPHS|GOLDEN MIRROR IMAGE VARIATION,1,Chicago Cubs
2025_topps_series2,2025,Topps,Series 2,javier báez,Javier Báez,2,3,BASE SET|CITY CONNECT SWATCH COLLECTION|GOLDEN MIRROR IMAGE VARIATION,1,Detroit Tigers
2025_topps_series2,2025,Topps,Series 2,javier sanoja,Javier Sanoja,5,8,1990 TOPPS BASEBALL|1990 TOPPS BASEBALL AUTOGRAPH CARDS|1990 TOPPS BASEBALL CHROME AUTOGRAPH CARDS|1990 TOPPS BASEBALL CHROME BASE CARDS|BASE SET|BIG APPLE|FLAGSHIP REAL ONE AUTOGRAPH CARDS|GOLDEN MIRROR IMAGE VARIATION,2,Miami Marlins|Miami Marlins	RC
2025_topps_series2,2025,Topps,Series 2,jay buhner,Jay Buhner,1,1,1990 TOPPS BASEBALL AUTOGRAPH CARDS,1,Seattle Mariners
2025_topps_series2,2025,Topps,Series 2,jazz chisholm jr.,Jazz Chisholm Jr.,4,4,1990 TOPPS BASEBALL|1990 TOPPS BASEBALL ALL STAR AUTOGRAPH CARDS|1990 TOPPS BASEBALL RELICS|POSTSEASON	PERFORMANCE AUTOGRAPH CARDS,1,New York Yankees
2025_topps_series2,2025,Topps,Series 2,jeff bagwell,Jeff Bagwell,2,2,1990 TOPPS BASEBALL ALL STAR AUTOGRAPH CARDS|LEGENDARY HOMEFIELD ADVANTAGE,1,Houston Astros
2025_topps_series2,2025,Topps,Series 2,jeff mcneil,Jeff McNeil,2,2,ROUNDING THE BASES AUTOGRAPH RELIC|ROUNDING THE BASES DUAL RELICS,1,New York Mets
2025_topps_series2,2025,Topps,Series 2,jeimer candelario,Jeimer Candelario,1,2,BASE SET|GOLDEN MIRROR IMAGE VARIATION,1,Cincinnati Reds
2025_topps_series2,2025,Topps,Series 2,jenn tran,Jenn Tran,2,2,2024 FIRST PITCH|2024 FIRST PITCH AUTOGRAPH VARIATION,1,Boston Red Sox
2025_topps_series2,2025,Topps,Series 2,jeremy peña,Jeremy Peña,3,3,BASEBALL STARS DUAL AUTOGRAPHS|IN THE NAME RELICS|MAJOR LEAGUE MATERIAL CARDS,1,Houston Astros
2025_topps_series2,2025,Topps,Series 2,jesse winker,Jesse Winker,2,4,BASE SET|BIG APPLE|GOLDEN MIRROR IMAGE VARIATION|POSTSEASON	PERFORMANCE AUTOGRAPH CARDS,1,New York Mets
2025_topps_series2,2025,Topps,Series 2,jesús luzardo,Jesús Luzardo,1,2,BASE SET|GOLDEN MIRROR IMAGE VARIATION,1,Philadelphia Phillies
2025_topps_series2,2025,Topps,Series 2,jhoan duran,Jhoan Duran,2,3,1990 TOPPS BASEBALL AUTOGRAPH CARDS|BASE SET|GOLDEN MIRROR IMAGE VARIATION,1,Minnesota Twins
2025_topps_series2,2025,Topps,Series 2,jhonkensy noel,Jhonkensy Noel,7,7,1990 TOPPS BASEBALL|1990 TOPPS BASEBALL CHROME AUTOGRAPH CARDS|1990 TOPPS BASEBALL CHROME BASE CARDS|1990 TOPPS BASEBALL RELICS|MAJOR LEAGUE MATERIAL AUTOGRAPH CARDS|MAJOR LEAGUE MATERIAL CARDS|POSTSEASON	PERFORMANCE AUTOGRAPH CARDS,1,Cleveland Guardians
2025_topps_series2,2025,Topps,Series 2,jim kaat,Jim Kaat,1,1,BASEBALL STARS TRIPLE AUTOGRAPHS,1,Minnesota Twins
2025_topps_series2,2025,Topps,Series 2,jim rice,Jim Rice,3,2,BASEBALL STARS AUTOGRAPHS|BASEBALL STARS TRIPLE AUTOGRAPHS,1,Boston Red Sox
2025_topps_series2,2025,Topps,Series 2,jim thome,Jim Thome,3,3,1990 TOPPS BASEBALL AUTOGRAPH CARDS|2025 TOPPS FLAGSHIP AUTOGRAPH PATCH CARDS|HEAVY LUMBER,2,Chicago White Sox|Philadelphia Phillies
2025_topps_series2,2025,Topps,Series 2,jimmy rollins,Jimmy Rollins,2,2,2025 TOPPS FLAGSHIP AUTOGRAPH PATCH CARDS|BASEBALL STARS TRIPLE AUTOGRAPHS,1,Philadelphia Phillies
2025_topps_series2,2025,Topps,Series 2,joe carter,Joe Carter,3,3,1990 TOPPS BASEBALL AUTOGRAPH CARDS|BASEBALL STARS AUTOGRAPHS|BASEBALL STARS DUAL AUTOGRAPHS,1,Toronto Blue Jays
2025_topps_series2,2025,Topps,Series 2,joe kelly,Joe Kelly,1,2,BASE SET|GOLDEN MIRROR IMAGE VARIATION,1,Los Angeles Dodgers
2025_topps_series2,2025,Topps,Series 2,joe mauer,Joe Mauer,1,1,BASEBALL STARS TRIPLE AUTOGRAPHS,1,Minnesota Twins
2025_topps_series2,2025,Topps,Series 2,joe musgrove,Joe Musgrove,2,4,BASE SET|GOLDEN MIRROR IMAGE VARIATION|IN THE NAME RELICS|REAL ONE RELICS,1,San Diego Padres
2025_topps_series2,2025,Topps,Series 2,joe ryan,Joe Ryan,1,1,IN THE NAME RELICS,1,Minnesota Twins
2025_topps_series2,2025,Topps,Series 2,joe torre,Joe Torre,1,1,1990 TOPPS BASEBALL AUTOGRAPH CARDS,1,New York Yankees
2025_topps_series2,2025,Topps,Series 2,joey bart,Joey Bart,2,3,BASE SET|BASEBALL STARS AUTOGRAPHS|GOLDEN MIRROR IMAGE VARIATION,1,Pittsburgh Pirates
2025_topps_series2,2025,Topps,Series 2,joey estes,Joey Estes,1,2,BASE SET|GOLDEN MIRROR IMAGE VARIATION,1,Athletics
2025_topps_series2,2025,Topps,Series 2,joey graziadei,Joey Graziadei,2,2,2024 FIRST PITCH|2024 FIRST PITCH AUTOGRAPH VARIATION,1,Philadelphia Phillies
2025_topps_series2,2025,Topps,Series 2,joey loperfido,Joey Loperfido,1,2,BASE SET|GOLDEN MIRROR IMAGE VARIATION,1,Toronto Blue Jays
2025_topps_series2,2025,Topps,Series 2,joey ortiz,Joey Ortiz,1,1,1990 TOPPS BASEBALL AUTOGRAPH CARDS,1,Milwaukee Brewers
2025_topps_series2,2025,Topps,Series 2,joey votto,Joey Votto,1,1,2025 TOPPS FLAGSHIP AUTOGRAPH PATCH CARDS,1,Cincinnati Reds
2025_topps_series2,2025,Topps,Series 2,johan rojas,Johan Rojas,1,2,BASE SET|GOLDEN MIRROR IMAGE VARIATION,1,Philadelphia Phillies
2025_topps_series2,2025,Topps,Series 2,john smoltz,John Smoltz,1,1,BASEBALL STARS DUAL AUTOGRAPHS,1,Atlanta Braves
2025_topps_series2,2025,Topps,Series 2,johnny bench,Johnny Bench,3,3,1990 TOPPS BASEBALL ALL STAR AUTOGRAPH CARDS|BASEBALL STARS DUAL AUTOGRAPHS|HEAVY LUMBER AUTOGRAPH RELICS,1,Cincinnati Reds
2025_topps_series2,2025,Topps,Series 2,jon singleton,Jon Singleton,1,2,BASE SET|GOLDEN MIRROR IMAGE VARIATION,1,Houston Astros
2025_topps_series2,2025,Topps,Series 2,jonah bride,Jonah Bride,1,2,BASE SET|GOLDEN MIRROR IMAGE VARIATION,1,Miami Marlins
2025_topps_series2,2025,Topps,Series 2,jonathan aranda,Jonathan Aranda,1,2,BASE SET|GOLDEN MIRROR IMAGE VARIATION,1,Tampa Bay Rays
2025_topps_series2,2025,Topps,Series 2,jonathan cannon,Jonathan Cannon,1,2,BASE SET|GOLDEN MIRROR IMAGE VARIATION,1,Chicago White Sox
2025_topps_series2,2025,Topps,Series 2,jonathan india,Jonathan India,1,1,BASEBALL STARS DUAL AUTOGRAPHS,1,Kansas City Royals
2025_topps_series2,2025,Topps,Series 2,jonny deluca,Jonny DeLuca,1,2,BASE SET|GOLDEN MIRROR IMAGE VARIATION,1,Tampa Bay Rays
2025_topps_series2,2025,Topps,Series 2,jordan hicks,Jordan Hicks,1,2,BASE SET|GOLDEN MIRROR IMAGE VARIATION,1,San Francisco Giants
2025_topps_series2,2025,Topps,Series 2,jordan lawlar,Jordan Lawlar,1,3,BASE SET|BIG APPLE|GOLDEN MIRROR IMAGE VARIATION,2,Arizona Diamondbacks|Arizona Diamondbacks	(Future Stars)
2025_topps_series2,2025,Topps,Series 2,jordan romano,Jordan Romano,1,2,BASE SET|GOLDEN MIRROR IMAGE VARIATION,1,Philadelphia Phillies
2025_topps_series2,2025,Topps,Series 2,jordan walker,Jordan Walker,1,2,BASE SET|GOLDEN MIRROR IMAGE VARIATION,1,St. Louis Cardinals
2025_topps_series2,2025,Topps,Series 2,jordan westburg,Jordan Westburg,7,7,1990 TOPPS BASEBALL AUTOGRAPH CARDS|2025 TOPPS FLAGSHIP AUTOGRAPH PATCH CARDS|BASEBALL STARS AUTOGRAPHS|IN THE NAME RELICS|MAJOR LEAGUE MATERIAL AUTOGRAPH CARDS|MAJOR LEAGUE MATERIAL DUAL AUTOGRAPH CARDS|MAJOR LEAGUE MATERIAL DUAL RELIC CARDS,1,Baltimore Orioles
2025_topps_series2,2025,Topps,Series 2,jorge mateo,Jorge Mateo,1,2,BASE SET|GOLDEN MIRROR IMAGE VARIATION,1,Baltimore Orioles
2025_topps_series2,2025,Topps,Series 2,jorge polanco,Jorge Polanco,1,2,BASE SET|GOLDEN MIRROR IMAGE VARIATION,1,Seattle Mariners
2025_topps_series2,2025,Topps,Series 2,jorge posada,Jorge Posada,4,4,2025 TOPPS FLAGSHIP AUTOGRAPH PATCH CARDS|BASEBALL STARS DUAL AUTOGRAPHS|BASEBALL STARS TRIPLE AUTOGRAPHS|HEAVY LUMBER AUTOGRAPH RELICS,1,New York Yankees
2025_topps_series2,2025,Topps,Series 2,jorge soler,Jorge Soler,1,1,BASEBALL STARS TRIPLE AUTOGRAPHS,1,Angels
2025_topps_series2,2025,Topps,Series 2,jose altuve,Jose Altuve,6,6,HOMEFIELD ADVANTAGE|IN THE NAME RELICS|MAJOR LEAGUE MATERIAL CARDS|ROUNDING THE BASES DUAL RELICS|STARS OF MLB|SUMMER SUPERSTARS,1,Houston Astros
2025_topps_series2,2025,Topps,Series 2,jose canseco,Jose Canseco,2,2,1990 TOPPS BASEBALL ALL STAR AUTOGRAPH CARDS|1990 TOPPS BASEBALL AUTOGRAPH CARDS,1,Oakland Athletics
2025_topps_series2,2025,Topps,Series 2,jose iglesias,Jose Iglesias,2,3,BASE SET|GOLDEN MIRROR IMAGE VARIATION|SIGNATURE TUNES DUAL AUTOGRAPHS,1,New York Mets
2025_topps_series2,2025,Topps,Series 2,jose reyes,Jose Reyes,1,1,BASEBALL STARS DUAL AUTOGRAPHS,1,New York Mets
2025_topps_series2,2025,Topps,Series 2,jose siri,Jose Siri,1,2,BASE SET|GOLDEN MIRROR IMAGE VARIATION,1,New York Mets
2025_topps_series2,2025,Topps,Series 2,josh bell,Josh Bell,1,2,BASE SET|GOLDEN MIRROR IMAGE VARIATION,1,Washington Nationals
2025_topps_series2,2025,Topps,Series 2,josh jung,Josh Jung,3,3,BASEBALL STARS TRIPLE AUTOGRAPHS|ROUNDING THE BASES AUTOGRAPH RELIC|ROUNDING THE BASES DUAL RELICS,1,Texas Rangers
2025_topps_series2,2025,Topps,Series 2,josh lowe,Josh Lowe,1,2,BASE SET|GOLDEN MIRROR IMAGE VARIATION,1,Tampa Bay Rays
2025_topps_series2,2025,Topps,Series 2,josh rojas,Josh Rojas,1,2,BASE SET|GOLDEN MIRROR IMAGE VARIATION,1,Chicago White Sox
2025_topps_series2,2025,Topps,Series 2,josh smith,Josh Smith,1,2,BASE SET|GOLDEN MIRROR IMAGE VARIATION,1,Texas Rangers
2025_topps_series2,2025,Topps,Series 2,josé berríos,José Berríos,1,1,IN THE NAME RELICS,1,Toronto Blue Jays
2025_topps_series2,2025,Topps,Series 2,josé fermín,José Fermín,1,1,CARDINALS BASE CARD VARIATION AUTOGRAPH,1,St. Louis Cardinals
2025_topps_series2,2025,Topps,Series 2,josé ramírez,José Ramírez,16,16,1990 TOPPS ALL STAR BASEBALL|1990 TOPPS BASEBALL ALL STAR AUTOGRAPH CARDS|1990 TOPPS BASEBALL ALL STAR RELICS|1990 TOPPS BASEBALL CHROME ALL STARS|1990 TOPPS BASEBALL CHROME ALL STARS AUTOGRAPHS|BASEBALL STARS DUAL AUTOGRAPHS|CITY CONNECT SWATCH COLLECTION|HEAVY LUMBER|HEAVY LUMBER AUTOGRAPH RELICS|HOMEFIELD ADVANTAGE|IN THE NAME RELICS|MAJOR LEAGUE MATERIAL DUAL RELIC CARDS|OPS BESTS|POSTSEASON	PERFORMANCE AUTOGRAPH CARDS|SUMMER SUPERSTARS|SWINGING WITH THE STARS,1,Cleveland Guardians
2025_topps_series2,2025,Topps,Series 2,josé reyes,José Reyes,1,1,BASEBALL STARS TRIPLE AUTOGRAPHS,1,New York Mets
2025_topps_series2,2025,Topps,Series 2,josé soriano,José Soriano,1,2,BASE SET|GOLDEN MIRROR IMAGE VARIATION,1,Angels
2025_topps_series2,2025,Topps,Series 2,josé tena,José Tena,1,2,BASE SET|GOLDEN MIRROR IMAGE VARIATION,1,Washington Nationals
2025_topps_series2,2025,Topps,Series 2,jp sears,JP Sears,1,2,BASE SET|GOLDEN MIRROR IMAGE VARIATION,1,Athletics
2025_topps_series2,2025,Topps,Series 2,juan soto,Juan Soto,23,27,1990 TOPPS ALL STAR BASEBALL|1990 TOPPS BASEBALL|1990 TOPPS BASEBALL ALL STAR AUTOGRAPH CARDS|1990 TOPPS BASEBALL CHROME ALL STARS|1990 TOPPS BASEBALL CHROME ALL STARS AUTOGRAPHS|ALL KINGS|BASE CARDS PLAYER NUMBER VARIATION|BASE SET|BASEBALL STARS AUTOGRAPHS|BASEBALL STARS DUAL AUTOGRAPHS|BASEBALL STARS TRIPLE AUTOGRAPHS|BIG APPLE|COMPANION CARDS|DYNAMIC DUOS|FLAGSHIP REAL ONE AUTOGRAPH CARDS|GOLDEN MIRROR IMAGE VARIATION|HOMEFIELD ADVANTAGE|OPS BESTS|OVERSIZED 2025 TOPPS BASEBALL|PLAKATA|POSTSEASON	PERFORMANCE AUTOGRAPH CARDS|ROUNDING THE BASES AUTOGRAPH RELIC|ROUNDING THE BASES DUAL RELICS|SUMMER SUPERSTARS|SWINGING WITH THE STARS|TOPPS MEGA STARS|TRADING CARD ENAMEL PINS,2,New York Mets|New York Yankees
2025_topps_series2,2025,Topps,Series 2,juan yepez,Juan Yepez,1,2,BASE SET|GOLDEN MIRROR IMAGE VARIATION,1,Washington Nationals
2025_topps_series2,2025,Topps,Series 2,judge,Judge,1,1,FANATICS AUTHENTIC REDEMPTION CARDS,1,New York Yankees
2025_topps_series2,2025,Topps,Series 2,julian aguiar,Julian Aguiar,1,2,BASE SET|GOLDEN MIRROR IMAGE VARIATION,1,Cincinnati Reds	RC
2025_topps_series2,2025,Topps,Series 2,julio rodríguez,Julio Rodríguez,16,15,1990 TOPPS ALL STAR BASEBALL|1990 TOPPS BASEBALL ALL STAR RELICS|1990 TOPPS BASEBALL AUTOGRAPH CARDS|1990 TOPPS BASEBALL CHROME ALL STARS|1990 TOPPS BASEBALL CHROME ALL STARS AUTOGRAPHS|2025 TOPPS FLAGSHIP AUTOGRAPH PATCH CARDS|ALL KINGS|CITY CONNECT SWATCH COLLECTION|DYNAMIC DUOS|HEAVY LUMBER AUTOGRAPH RELICS|IN THE NAME RELICS|MAJOR LEAGUE MATERIAL CARDS|MAJOR LEAGUE MATERIAL DUAL RELIC CARDS|SUMMER SUPERSTARS|SWINGING WITH THE STARS,1,Seattle Mariners
2025_topps_series2,2025,Topps,Series 2,jung hoo lee,Jung HOO Lee,1,1,IN THE NAME RELICS,1,San Francisco Giants
2025_topps_series2,2025,Topps,Series 2,junior caminero,Junior Caminero,12,16,1990 TOPPS BASEBALL|1990 TOPPS BASEBALL CHROME AUTOGRAPH CARDS|1990 TOPPS BASEBALL CHROME BASE CARDS|1990 TOPPS BASEBALL RELICS|2025 TOPPS FLAGSHIP AUTOGRAPH PATCH CARDS|BASE SET|BASEBALL STARS DUAL AUTOGRAPHS|BASEBALL STARS TRIPLE AUTOGRAPHS|BIG APPLE|FLAGSHIP REAL ONE AUTOGRAPH CARDS|GOLDEN MIRROR IMAGE VARIATION|IN THE NAME RELICS|PLAKATA|REAL ONE RELICS|STARS OF MLB|SUMMER SUPERSTARS,2,Tampa Bay Rays|Tampa Bay Rays	(Future Stars)
2025_topps_series2,2025,Topps,Series 2,jurickson profar,Jurickson Profar,2,3,BASE SET|GOLDEN MIRROR IMAGE VARIATION|OPS BESTS,2,Atlanta Braves|San Diego Padres
2025_topps_series2,2025,Topps,Series 2,justin morneau,Justin Morneau,1,1,BASEBALL STARS AUTOGRAPHS,1,Minnesota Twins
2025_topps_series2,2025,Topps,Series 2,justin steele,Justin Steele,1,1,MAJOR LEAGUE MATERIAL DUAL AUTOGRAPH CARDS,1,Chicago Cubs
2025_topps_series2,2025,Topps,Series 2,justin verlander,Justin Verlander,2,2,K ZONE|K ZONE SHORT PRINTS,1,San Francisco Giants
2025_topps_series2,2025,Topps,Series 2,justin wrobleski,Justin Wrobleski,5,5,1990 TOPPS BASEBALL CHROME AUTOGRAPH CARDS|1990 TOPPS BASEBALL CHROME BASE CARDS|1990 TOPPS BASEBALL RELICS|MAJOR LEAGUE MATERIAL AUTOGRAPH CARDS|WORLD CHAMPION AUTOGRAPH CARDS,2,Los Angeles Dodgers|Los Angeles Dodgers	RC
2025_topps_series2,2025,Topps,Series 2,justyn-henry malloy,Justyn-Henry Malloy,3,3,1990 TOPPS BASEBALL AUTOGRAPH CARDS|1990 TOPPS BASEBALL RELICS|POSTSEASON	PERFORMANCE AUTOGRAPH CARDS,1,Detroit Tigers
2025_topps_series2,2025,Topps,Series 2,justyn-henry malloy detroit tigers,Justyn-Henry Malloy Detroit Tigers,1,1,MAJOR LEAGUE MATERIAL AUTOGRAPH CARDS,1,RC
2025_topps_series2,2025,Topps,Series 2,kameron misner,Kameron Misner,1,1,BASEBALL STARS AUTOGRAPHS,1,Tampa Bay Rays
2025_topps_series2,2025,Topps,Series 2,kansas city royals,Kansas City Royals,1,2,BASE SET|GOLDEN MIRROR IMAGE VARIATION,1,Kansas City Royals	(Team Card)
2025_topps_series2,2025,Topps,Series 2,ke'bryan hayes,Ke'Bryan Hayes,1,1,IN THE NAME RELICS,1,Pittsburgh Pirates
2025_topps_series2,2025,Topps,Series 2,keider montero,Keider Montero,2,5,1990 TOPPS BASEBALL AUTOGRAPH CARDS|BASE SET|BIG APPLE|FLAGSHIP REAL ONE AUTOGRAPH CARDS|GOLDEN MIRROR IMAGE VARIATION,2,Detroit Tigers|Detroit Tigers	RC
2025_topps_series2,2025,Topps,Series 2,ken griffey jr.,Ken Griffey Jr.,9,9,1990 TOPPS ALL STAR BASEBALL|1990 TOPPS BASEBALL ALL STAR AUTOGRAPH CARDS|1990 TOPPS BASEBALL ALL STAR RELICS|1990 TOPPS BASEBALL AUTOGRAPH CARDS|1990 TOPPS BASEBALL CHROME ALL STARS|1990 TOPPS BASEBALL CHROME ALL STARS AUTOGRAPHS|ALL KINGS|DYNAMIC DUOS|PLAKATA,1,Seattle Mariners
2025_topps_series2,2025,Topps,Series 2,kenley jansen,Kenley Jansen,1,2,BASE SET|GOLDEN MIRROR IMAGE VARIATION,1,Angels
2025_topps_series2,2025,Topps,Series 2,kenny lofton,Kenny Lofton,1,1,BASEBALL STARS AUTOGRAPHS,1,Atlanta Braves
2025_topps_series2,2025,Topps,Series 2,kerry carpenter,Kerry Carpenter,2,3,BASE SET|GOLDEN MIRROR IMAGE VARIATION|POSTSEASON	PERFORMANCE AUTOGRAPH CARDS,1,Detroit Tigers
2025_topps_series2,2025,Topps,Series 2,ketel marte,Ketel Marte,7,7,1990 TOPPS BASEBALL|1990 TOPPS BASEBALL CHROME BASE CARDS|IN THE NAME RELICS|OPS BESTS|ROUNDING THE BASES DUAL RELICS|STARS OF MLB|SUMMER SUPERSTARS,1,Arizona Diamondbacks
2025_topps_series2,2025,Topps,Series 2,kevin alcántara,Kevin Alcántara,13,17,1990 TOPPS BASEBALL|1990 TOPPS BASEBALL CHROME AUTOGRAPH CARDS|1990 TOPPS BASEBALL CHROME BASE CARDS|1990 TOPPS BASEBALL RELICS|BASE CARDS PLAYER NUMBER VARIATION|BASE SET|BIG APPLE|COMPANION CARDS|FLAGSHIP REAL ONE AUTOGRAPH CARDS|GOLDEN MIRROR IMAGE VARIATION|HOMEFIELD ADVANTAGE|MAJOR LEAGUE MATERIAL AUTOGRAPH CARDS|MAJOR LEAGUE MATERIAL CARDS|OVERSIZED 2025 TOPPS BASEBALL|PLAKATA|STARS OF MLB|TOPPS MEGA STARS,2,Chicago Cubs|Chicago Cubs	RC
2025_topps_series2,2025,Topps,Series 2,kevin kiermaier,Kevin Kiermaier,1,1,WORLD CHAMPION AUTOGRAPH CARDS,1,Los Angeles Dodgers
2025_topps_series2,2025,Topps,Series 2,kiké hernández,Kiké Hernández,1,2,BASE SET|GOLDEN MIRROR IMAGE VARIATION,1,Los Angeles Dodgers
2025_topps_series2,2025,Topps,Series 2,kirby puckett,Kirby Puckett,2,2,1990 TOPPS BASEBALL ALL STAR RELICS|HEAVY LUMBER,1,Minnesota Twins
2025_topps_series2,2025,Topps,Series 2,kirby yates,Kirby Yates,1,2,BASE SET|GOLDEN MIRROR IMAGE VARIATION,1,Los Angeles Dodgers
2025_topps_series2,2025,Topps,Series 2,kirk gibson,Kirk Gibson,1,1,1990 TOPPS BASEBALL AUTOGRAPH CARDS,1,Los Angeles Dodgers
2025_topps_series2,2025,Topps,Series 2,kodai senga,Kodai Senga,2,5,BASE SET|BIG APPLE|GOLDEN MIRROR IMAGE VARIATION|IN THE NAME RELICS|REAL ONE RELICS,1,New York Mets
2025_topps_series2,2025,Topps,Series 2,kris bryant,Kris Bryant,6,9,1990 TOPPS BASEBALL AUTOGRAPH CARDS|2025 TOPPS FLAGSHIP AUTOGRAPH PATCH CARDS|BASE SET|BIG APPLE|GOLDEN MIRROR IMAGE VARIATION|IN THE NAME RELICS|MAJOR LEAGUE MATERIAL AUTOGRAPH CARDS|MAJOR LEAGUE MATERIAL CARDS|REAL ONE RELICS,1,Colorado Rockies
2025_topps_series2,2025,Topps,Series 2,kristian campbell,Kristian Campbell,1,1,BASE CARD RC SHORT PRINT,1,Boston Red Sox	RC
2025_topps_series2,2025,Topps,Series 2,kumar rocker,Kumar Rocker,14,19,1990 TOPPS BASEBALL|1990 TOPPS BASEBALL CHROME AUTOGRAPH CARDS|1990 TOPPS BASEBALL CHROME BASE CARDS|1990 TOPPS BASEBALL RELICS|BASE CARDS PLAYER NUMBER VARIATION|BASE SET|BASEBALL STARS AUTOGRAPHS|BIG APPLE|COMPANION CARDS|FLAGSHIP REAL ONE AUTOGRAPH CARDS|GOLDEN MIRROR IMAGE VARIATION|HOMEFIELD ADVANTAGE|K ZONE|K ZONE SHORT PRINTS|MAJOR LEAGUE MATERIAL AUTOGRAPH CARDS|MAJOR LEAGUE MATERIAL CARDS|OVERSIZED 2025 TOPPS BASEBALL|STARS OF MLB|TRADING CARD ENAMEL PINS,2,Texas Rangers|Texas Rangers	RC
2025_topps_series2,2025,Topps,Series 2,kutter crawford,Kutter Crawford,1,2,BASE SET|GOLDEN MIRROR IMAGE VARIATION,1,Boston Red Sox
2025_topps_series2,2025,Topps,Series 2,kyle bradish,Kyle Bradish,1,2,BASE SET|GOLDEN MIRROR IMAGE VARIATION,1,Baltimore Orioles
2025_topps_series2,2025,Topps,Series 2,kyle freeland,Kyle Freeland,1,2,BASE SET|GOLDEN MIRROR IMAGE VARIATION,1,Colorado Rockies
2025_topps_series2,2025,Topps,Series 2,kyle isbel,Kyle Isbel,1,2,BASE SET|GOLDEN MIRROR IMAGE VARIATION,1,Kansas City Royals
2025_topps_series2,2025,Topps,Series 2,kyle manzardo,Kyle Manzardo,3,5,1990 TOPPS BASEBALL AUTOGRAPH CARDS|BASE SET|BIG APPLE|GOLDEN MIRROR IMAGE VARIATION|POSTSEASON	PERFORMANCE AUTOGRAPH CARDS,2,Cleveland Guardians|Cleveland Guardians	(Future Stars)
2025_topps_series2,2025,Topps,Series 2,kyle mccann,Kyle McCann,1,2,BASE SET|GOLDEN MIRROR IMAGE VARIATION,1,Athletics
2025_topps_series2,2025,Topps,Series 2,kyle schwarber,Kyle Schwarber,17,14,1990 TOPPS BASEBALL AUTOGRAPH CARDS|1990 TOPPS BASEBALL RELICS|2025 TOPPS FLAGSHIP AUTOGRAPH PATCH CARDS|CITY CONNECT SWATCH COLLECTION|HEAVY LUMBER AUTOGRAPH RELICS|IN THE NAME RELICS|MAJOR LEAGUE MATERIAL CARDS|MAJOR LEAGUE MATERIAL DUAL RELIC CARDS|OPS BESTS|PLAKATA|POSTSEASON	PERFORMANCE AUTOGRAPH CARDS|ROUNDING THE BASES AUTOGRAPH RELIC|ROUNDING THE BASES DUAL RELICS|ROUNDING THE BASES RELICS,1,Philadelphia Phillies
2025_topps_series2,2025,Topps,Series 2,kyle seager,Kyle Seager,1,1,BASEBALL STARS AUTOGRAPHS,1,Seattle Mariners
2025_topps_series2,2025,Topps,Series 2,kyle stowers,Kyle Stowers,1,2,BASE SET|GOLDEN MIRROR IMAGE VARIATION,1,Miami Marlins
2025_topps_series2,2025,Topps,Series 2,kyle tucker,Kyle Tucker,8,9,1990 TOPPS BASEBALL|1990 TOPPS BASEBALL CHROME AUTOGRAPH CARDS|1990 TOPPS BASEBALL CHROME BASE CARDS|BASE SET|BASEBALL STARS AUTOGRAPHS|BASEBALL STARS TRIPLE AUTOGRAPHS|BIG APPLE|GOLDEN MIRROR IMAGE VARIATION|IN THE NAME RELICS,2,Chicago Cubs|Houston Astros
2025_topps_series2,2025,Topps,Series 2,landon knack,Landon Knack,2,3,BASE SET|GOLDEN MIRROR IMAGE VARIATION|WORLD CHAMPION AUTOGRAPH CARDS,1,Los Angeles Dodgers
2025_topps_series2,2025,Topps,Series 2,lane thomas,Lane Thomas,1,1,POSTSEASON	PERFORMANCE AUTOGRAPH CARDS,1,Cleveland Guardians
2025_topps_series2,2025,Topps,Series 2,langford,Langford,1,1,FANATICS AUTHENTIC REDEMPTION CARDS,1,Texas Rangers
2025_topps_series2,2025,Topps,Series 2,larry walker,Larry Walker,2,2,BASEBALL STARS DUAL AUTOGRAPHS|BASEBALL STARS TRIPLE AUTOGRAPHS,2,Montréal Expos|St. Louis Cardinals
2025_topps_series2,2025,Topps,Series 2,lars nootbaar,Lars Nootbaar,5,5,2025 TOPPS FLAGSHIP AUTOGRAPH PATCH CARDS|BASEBALL STARS AUTOGRAPHS|CARDINALS BASE CARD VARIATION AUTOGRAPH|MAJOR LEAGUE MATERIAL AUTOGRAPH CARDS|MAJOR LEAGUE MATERIAL DUAL AUTOGRAPH CARDS,1,St. Louis Cardinals
2025_topps_series2,2025,Topps,Series 2,lawrence butler,Lawrence Butler,6,6,1990 TOPPS BASEBALL|1990 TOPPS BASEBALL CHROME BASE CARDS|1990 TOPPS BASEBALL RELICS|IN THE NAME RELICS|MAJOR LEAGUE MATERIAL CARDS|SUMMER SUPERSTARS,1,Athletics
2025_topps_series2,2025,Topps,Series 2,lee,Lee,1,1,FANATICS AUTHENTIC REDEMPTION CARDS,1,Minnesota Twins
2025_topps_series2,2025,Topps,Series 2,lenyn sosa,Lenyn Sosa,1,2,BASE SET|GOLDEN MIRROR IMAGE VARIATION,1,Chicago White Sox
2025_topps_series2,2025,Topps,Series 2,leo jiménez,Leo Jiménez,1,4,BASE SET|BIG APPLE|GOLDEN MIRROR IMAGE VARIATION|REAL ONE RELICS,2,Toronto Blue Jays|Toronto Blue Jays	RC
2025_topps_series2,2025,Topps,Series 2,logan driscoll,Logan Driscoll,1,2,BASE SET|GOLDEN MIRROR IMAGE VARIATION,1,Tampa Bay Rays	RC
2025_topps_series2,2025,Topps,Series 2,logan gilbert,Logan Gilbert,1,1,MAJOR LEAGUE MATERIAL DUAL RELIC CARDS,1,Seattle Mariners
2025_topps_series2,2025,Topps,Series 2,logan o'hoppe,Logan O'Hoppe,1,1,ROUNDING THE BASES AUTOGRAPH RELIC,1,Angels
2025_topps_series2,2025,Topps,Series 2,logan webb,Logan Webb,3,3,2025 TOPPS FLAGSHIP AUTOGRAPH PATCH CARDS|IN THE NAME RELICS|MAJOR LEAGUE MATERIAL DUAL AUTOGRAPH CARDS,1,San Francisco Giants
2025_topps_series2,2025,Topps,Series 2,lou gehrig,Lou Gehrig,1,1,DYNAMIC DUOS,1,New York Yankees
2025_topps_series2,2025,Topps,Series 2,lucas erceg,Lucas Erceg,1,2,BASE SET|GOLDEN MIRROR IMAGE VARIATION,1,Kansas City Royals
2025_topps_series2,2025,Topps,Series 2,lucas giolito,Lucas Giolito,1,2,BASE SET|GOLDEN MIRROR IMAGE VARIATION,1,Boston Red Sox
2025_topps_series2,2025,Topps,Series 2,luis arraez,Luis Arraez,7,9,1990 TOPPS BASEBALL|1990 TOPPS BASEBALL CHROME AUTOGRAPH CARDS|BASE SET|BIG APPLE|GOLDEN MIRROR IMAGE VARIATION|IN THE NAME RELICS|MAJOR LEAGUE MATERIAL AUTOGRAPH CARDS|MAJOR LEAGUE MATERIAL DUAL RELIC CARDS|POSTSEASON	PERFORMANCE AUTOGRAPH CARDS,1,San Diego Padres
2025_topps_series2,2025,Topps,Series 2,luis castillo,Luis Castillo,6,5,1990 TOPPS BASEBALL AUTOGRAPH CARDS|2025 TOPPS FLAGSHIP AUTOGRAPH PATCH CARDS|HEAVY LUMBER AUTOGRAPH RELICS|IN THE NAME RELICS|MAJOR LEAGUE MATERIAL DUAL RELIC CARDS,1,Seattle Mariners
2025_topps_series2,2025,Topps,Series 2,luis gil,Luis Gil,4,4,1990 TOPPS BASEBALL AUTOGRAPH CARDS|BASEBALL STARS AUTOGRAPHS|BASEBALL STARS DUAL AUTOGRAPHS|MAJOR LEAGUE MATERIAL DUAL RELIC CARDS,1,New York Yankees
2025_topps_series2,2025,Topps,Series 2,luis gonzalez,Luis Gonzalez,1,1,1990 TOPPS BASEBALL AUTOGRAPH CARDS,1,Arizona Diamondbacks
2025_topps_series2,2025,Topps,Series 2,luis peralta,Luis Peralta,1,2,BASE SET|GOLDEN MIRROR IMAGE VARIATION,1,Colorado Rockies	RC
2025_topps_series2,2025,Topps,Series 2,luis robert,Luis Robert,1,1,SWINGING WITH THE STARS,1,Chicago White Sox
2025_topps_series2,2025,Topps,Series 2,luis robert jr.,Luis Robert Jr.,7,7,BASEBALL STARS DUAL AUTOGRAPHS|BASEBALL STARS TRIPLE AUTOGRAPHS|CITY CONNECT SWATCH COLLECTION|HEAVY LUMBER AUTOGRAPH RELICS|IN THE NAME RELICS|MAJOR LEAGUE MATERIAL CARDS|PLAKATA,1,Chicago White Sox
2025_topps_series2,2025,Topps,Series 2,luis severino,Luis Severino,3,4,BASE SET|BASEBALL STARS DUAL AUTOGRAPHS|GOLDEN MIRROR IMAGE VARIATION|POSTSEASON	PERFORMANCE AUTOGRAPH CARDS,2,Athletics|New York Mets
2025_topps_series2,2025,Topps,Series 2,luisangel acuña,Luisangel Acuña,17,22,1990 TOPPS BASEBALL|1990 TOPPS BASEBALL AUTOGRAPH CARDS|1990 TOPPS BASEBALL CHROME AUTOGRAPH CARDS|1990 TOPPS BASEBALL CHROME BASE CARDS|1990 TOPPS BASEBALL RELICS|BASE CARDS PLAYER NUMBER VARIATION|BASE SET|BASEBALL STARS DUAL AUTOGRAPHS|BIG APPLE|COMPANION CARDS|FLAGSHIP REAL ONE AUTOGRAPH CARDS|GOLDEN MIRROR IMAGE VARIATION|HOMEFIELD ADVANTAGE|MAJOR LEAGUE MATERIAL AUTOGRAPH CARDS|MAJOR LEAGUE MATERIAL CARDS|OVERSIZED 2025 TOPPS BASEBALL|PLAKATA|POSTSEASON	PERFORMANCE AUTOGRAPH CARDS|REAL ONE RELICS|STARS OF MLB|TOPPS MEGA STARS|TRADING CARD ENAMEL PINS,2,New York Mets|New York Mets	RC
2025_topps_series2,2025,Topps,Series 2,luke raley,Luke Raley,1,2,BASE SET|GOLDEN MIRROR IMAGE VARIATION,1,Seattle Mariners
2025_topps_series2,2025,Topps,Series 2,luke weaver,Luke Weaver,1,2,BASE SET|GOLDEN MIRROR IMAGE VARIATION,1,New York Yankees
2025_topps_series2,2025,Topps,Series 2,mackenzie gore,MacKenzie Gore,3,3,BASEBALL STARS AUTOGRAPHS|MAJOR LEAGUE MATERIAL AUTOGRAPH CARDS|MAJOR LEAGUE MATERIAL DUAL AUTOGRAPH CARDS,1,Washington Nationals
2025_topps_series2,2025,Topps,Series 2,magglio ordonez,Magglio Ordonez,1,1,BASEBALL STARS DUAL AUTOGRAPHS,1,Chicago White Sox
2025_topps_series2,2025,Topps,Series 2,maikel garcia,Maikel Garcia,1,1,POSTSEASON	PERFORMANCE AUTOGRAPH CARDS,1,Kansas City Royals
2025_topps_series2,2025,Topps,Series 2,manny machado,Manny Machado,23,21,1990 TOPPS ALL STAR BASEBALL|1990 TOPPS BASEBALL ALL STAR RELICS|1990 TOPPS BASEBALL AUTOGRAPH CARDS|1990 TOPPS BASEBALL CHROME ALL STARS|1990 TOPPS BASEBALL CHROME ALL STARS AUTOGRAPHS|2025 TOPPS FLAGSHIP AUTOGRAPH PATCH CARDS|ALL KINGS|BASEBALL STARS TRIPLE AUTOGRAPHS|DYNAMIC DUOS|HEAVY LUMBER|HEAVY LUMBER AUTOGRAPH RELICS|HOMEFIELD ADVANTAGE|IN THE NAME RELICS|MAJOR LEAGUE MATERIAL CARDS|MAJOR LEAGUE MATERIAL DUAL RELIC CARDS|POSTSEASON	PERFORMANCE AUTOGRAPH CARDS|ROUNDING THE BASES AUTOGRAPH RELIC|ROUNDING THE BASES DUAL RELICS|STARS OF MLB|SUMMER SUPERSTARS|TOPPS MEGA STARS,1,San Diego Padres
2025_topps_series2,2025,Topps,Series 2,manny ramirez,Manny Ramirez,3,3,BASEBALL STARS DUAL AUTOGRAPHS|BASEBALL STARS TRIPLE AUTOGRAPHS|PLAKATA,2,Boston Red Sox|Cleveland
2025_topps_series2,2025,Topps,Series 2,marcell ozuna,Marcell Ozuna,3,3,1990 TOPPS BASEBALL AUTOGRAPH CARDS|OPS BESTS|ROUNDING THE BASES AUTOGRAPH RELIC,1,Atlanta Braves
2025_topps_series2,2025,Topps,Series 2,marcus semien,Marcus Semien,1,3,BASE SET|BIG APPLE|GOLDEN MIRROR IMAGE VARIATION,1,Texas Rangers
2025_topps_series2,2025,Topps,Series 2,mark long,Mark Long,2,2,2024 FIRST PITCH|2024 FIRST PITCH AUTOGRAPH VARIATION,1,Arizona Diamondbacks
2025_topps_series2,2025,Topps,Series 2,mark mcgwire,Mark McGwire,6,6,1990 TOPPS ALL STAR BASEBALL|1990 TOPPS BASEBALL ALL STAR AUTOGRAPH CARDS|1990 TOPPS BASEBALL CHROME ALL STARS|1990 TOPPS BASEBALL CHROME ALL STARS AUTOGRAPHS|BASEBALL STARS DUAL AUTOGRAPHS|HEAVY LUMBER AUTOGRAPH RELICS,2,Oakland Athletics|St. Louis Cardinals
2025_topps_series2,2025,Topps,Series 2,mark mulder,Mark Mulder,2,2,BASEBALL STARS AUTOGRAPHS|BASEBALL STARS DUAL AUTOGRAPHS,2,Athletics|Oakland Athletics
2025_topps_series2,2025,Topps,Series 2,mark vientos,Mark Vientos,7,7,1990 TOPPS BASEBALL|1990 TOPPS BASEBALL CHROME AUTOGRAPH CARDS|1990 TOPPS BASEBALL CHROME BASE CARDS|BASEBALL STARS AUTOGRAPHS|MAJOR LEAGUE MATERIAL DUAL AUTOGRAPH CARDS|MAJOR LEAGUE MATERIAL DUAL RELIC CARDS|POSTSEASON	PERFORMANCE AUTOGRAPH CARDS,1,New York Mets
2025_topps_series2,2025,Topps,Series 2,masataka yoshida,Masataka Yoshida,5,5,1990 TOPPS BASEBALL RELICS|CITY CONNECT SWATCH COLLECTION|HEAVY LUMBER AUTOGRAPH RELICS|IN THE NAME RELICS|ROUNDING THE BASES AUTOGRAPH RELIC,1,Boston Red Sox
2025_topps_series2,2025,Topps,Series 2,mason miller,Mason Miller,1,3,BASE SET|BIG APPLE|GOLDEN MIRROR IMAGE VARIATION,1,Athletics
2025_topps_series2,2025,Topps,Series 2,mason montgomery,Mason Montgomery,2,5,1990 TOPPS BASEBALL AUTOGRAPH CARDS|BASE SET|BIG APPLE|FLAGSHIP REAL ONE AUTOGRAPH CARDS|GOLDEN MIRROR IMAGE VARIATION,2,Tampa Bay Rays|Tampa Bay Rays	RC
2025_topps_series2,2025,Topps,Series 2,masyn winn,Masyn Winn,8,8,1990 TOPPS BASEBALL AUTOGRAPH CARDS|2025 TOPPS FLAGSHIP AUTOGRAPH PATCH CARDS|CARDINALS BASE CARD VARIATION AUTOGRAPH|MAJOR LEAGUE MATERIAL CARDS|MAJOR LEAGUE MATERIAL DUAL AUTOGRAPH CARDS|MAJOR LEAGUE MATERIAL DUAL RELIC CARDS|ROUNDING THE BASES AUTOGRAPH RELIC|ROUNDING THE BASES DUAL RELICS,1,St. Louis Cardinals
2025_topps_series2,2025,Topps,Series 2,matt chapman,Matt Chapman,3,3,BASEBALL STARS DUAL AUTOGRAPHS|MAJOR LEAGUE MATERIAL DUAL AUTOGRAPH CARDS|MAJOR LEAGUE MATERIAL DUAL RELIC CARDS,1,San Francisco Giants
2025_topps_series2,2025,Topps,Series 2,matt mclain,Matt McLain,1,3,BASE SET|BIG APPLE|GOLDEN MIRROR IMAGE VARIATION,1,Cincinnati Reds
2025_topps_series2,2025,Topps,Series 2,matt olson,Matt Olson,17,16,1990 TOPPS BASEBALL ALL STAR RELICS|2025 TOPPS FLAGSHIP AUTOGRAPH PATCH CARDS|BASEBALL STARS AUTOGRAPHS|CITY CONNECT SWATCH COLLECTION|DYNAMIC DUOS|HEAVY LUMBER|HEAVY LUMBER AUTOGRAPH RELICS|IN THE NAME RELICS|MAJOR LEAGUE MATERIAL CARDS|MAJOR LEAGUE MATERIAL DUAL AUTOGRAPH CARDS|MAJOR LEAGUE MATERIAL DUAL RELIC CARDS|ROUNDING THE BASES AUTOGRAPH RELIC|STARS OF MLB|SUMMER SUPERSTARS|SWINGING WITH THE STARS|TRADING CARD ENAMEL PINS,1,Atlanta Braves
2025_topps_series2,2025,Topps,Series 2,matt shaw,Matt Shaw,1,1,BASE CARD RC SHORT PRINT,1,Chicago Cubs	RC
2025_topps_series2,2025,Topps,Series 2,matt strahm,Matt Strahm,1,3,BASE SET|BIG APPLE|GOLDEN MIRROR IMAGE VARIATION,1,Philadelphia Phillies
2025_topps_series2,2025,Topps,Series 2,matt wallner,Matt Wallner,2,3,BASE SET|GOLDEN MIRROR IMAGE VARIATION|ROUNDING THE BASES AUTOGRAPH RELIC,1,Minnesota Twins
2025_topps_series2,2025,Topps,Series 2,matt williams,Matt Williams,2,2,1990 TOPPS BASEBALL AUTOGRAPH CARDS|BASEBALL STARS DUAL AUTOGRAPHS,1,San Francisco Giants
2025_topps_series2,2025,Topps,Series 2,matthew boyd,Matthew Boyd,1,2,BASE SET|GOLDEN MIRROR IMAGE VARIATION,1,Chicago Cubs
2025_topps_series2,2025,Topps,Series 2,max fried,Max Fried,2,4,BASE SET|BIG APPLE|GOLDEN MIRROR IMAGE VARIATION|IN THE NAME RELICS,2,Atlanta Braves|New York Yankees
2025_topps_series2,2025,Topps,Series 2,max muncy,Max Muncy,13,13,2025 TOPPS FLAGSHIP AUTOGRAPH PATCH CARDS|BASE SET|BASEBALL STARS AUTOGRAPHS|BASEBALL STARS TRIPLE AUTOGRAPHS|BIG APPLE|GOLDEN MIRROR IMAGE VARIATION|IN THE NAME RELICS|MAJOR LEAGUE MATERIAL AUTOGRAPH CARDS|MAJOR LEAGUE MATERIAL CARDS|MAJOR LEAGUE MATERIAL DUAL AUTOGRAPH CARDS|MAJOR LEAGUE MATERIAL DUAL RELIC CARDS|WORLD CHAMPION AUTOGRAPH CARDS|WORLD CHAMPION DUAL AUTOGRAPH CARDS,1,Los Angeles Dodgers
2025_topps_series2,2025,Topps,Series 2,max scherzer,Max Scherzer,5,6,BASE SET|BASEBALL STARS DUAL AUTOGRAPHS|BASEBALL STARS TRIPLE AUTOGRAPHS|GOLDEN MIRROR IMAGE VARIATION|K ZONE|K ZONE SHORT PRINTS,2,Texas Rangers|Toronto Blue Jays
2025_topps_series2,2025,Topps,Series 2,merrill kelly,Merrill Kelly,1,2,BASE SET|GOLDEN MIRROR IMAGE VARIATION,1,Arizona Diamondbacks
2025_topps_series2,2025,Topps,Series 2,michael conforto,Michael Conforto,2,3,BASE SET|BASEBALL STARS AUTOGRAPHS|GOLDEN MIRROR IMAGE VARIATION,1,Los Angeles Dodgers
2025_topps_series2,2025,Topps,Series 2,michael harris ii,Michael Harris II,10,13,1990 TOPPS BASEBALL|1990 TOPPS BASEBALL CHROME AUTOGRAPH CARDS|1990 TOPPS BASEBALL CHROME BASE CARDS|2025 TOPPS FLAGSHIP AUTOGRAPH PATCH CARDS|BASE CARDS PLAYER NUMBER VARIATION|BASE SET|BIG APPLE|COMPANION CARDS|GOLDEN MIRROR IMAGE VARIATION|MAJOR LEAGUE MATERIAL CARDS|OVERSIZED 2025 TOPPS BASEBALL|POSTSEASON	PERFORMANCE AUTOGRAPH CARDS|ROUNDING THE BASES AUTOGRAPH RELIC,1,Atlanta Braves
2025_topps_series2,2025,Topps,Series 2,michael helman,Michael Helman,1,2,BASE SET|GOLDEN MIRROR IMAGE VARIATION,1,St. Louis Cardinals	RC
2025_topps_series2,2025,Topps,Series 2,michael kopech,Michael Kopech,1,2,BASE SET|GOLDEN MIRROR IMAGE VARIATION,1,Los Angeles Dodgers
2025_topps_series2,2025,Topps,Series 2,michael massey,Michael Massey,2,3,BASE SET|GOLDEN MIRROR IMAGE VARIATION|POSTSEASON	PERFORMANCE AUTOGRAPH CARDS,1,Kansas City Royals
2025_topps_series2,2025,Topps,Series 2,michael mcgreevy,Michael McGreevy,4,4,1990 TOPPS BASEBALL AUTOGRAPH CARDS|1990 TOPPS BASEBALL RELICS|MAJOR LEAGUE MATERIAL AUTOGRAPH CARDS|MAJOR LEAGUE MATERIAL CARDS,1,St. Louis Cardinals
2025_topps_series2,2025,Topps,Series 2,michael mercado,Michael Mercado,1,2,BASE SET|GOLDEN MIRROR IMAGE VARIATION,1,Philadelphia Phillies	RC
2025_topps_series2,2025,Topps,Series 2,michael siani,Michael Siani,1,1,CARDINALS BASE CARD VARIATION AUTOGRAPH,1,St. Louis Cardinals
2025_topps_series2,2025,Topps,Series 2,michael wacha,Michael Wacha,1,2,BASE SET|GOLDEN MIRROR IMAGE VARIATION,1,Kansas City Royals
2025_topps_series2,2025,Topps,Series 2,mickey mantle,Mickey Mantle,4,4,1990 TOPPS ALL STAR BASEBALL|1990 TOPPS BASEBALL CHROME ALL STARS|ALL KINGS|DYNAMIC DUOS,1,New York Yankees
2025_topps_series2,2025,Topps,Series 2,mickey moniak,Mickey Moniak,1,2,BASE SET|GOLDEN MIRROR IMAGE VARIATION,1,Angels
2025_topps_series2,2025,Topps,Series 2,miguel amaya,Miguel Amaya,1,2,BASE SET|GOLDEN MIRROR IMAGE VARIATION,1,Chicago Cubs
2025_topps_series2,2025,Topps,Series 2,miguel andujar,Miguel Andujar,1,2,BASE SET|GOLDEN MIRROR IMAGE VARIATION,1,Athletics
2025_topps_series2,2025,Topps,Series 2,miguel cabrera,Miguel Cabrera,3,3,1990 TOPPS BASEBALL ALL STAR RELICS|BASEBALL STARS DUAL AUTOGRAPHS|PLAKATA,2,Detroit Tigers|Florida Marlins
2025_topps_series2,2025,Topps,Series 2,miguel tejada,Miguel Tejada,1,1,BASEBALL STARS AUTOGRAPHS,1,Oakland Athletics
2025_topps_series2,2025,Topps,Series 2,mike burrows,Mike Burrows,1,2,BASE SET|GOLDEN MIRROR IMAGE VARIATION,1,Pittsburgh Pirates	RC
2025_topps_series2,2025,Topps,Series 2,mike piazza,Mike Piazza,8,6,1990 TOPPS BASEBALL ALL STAR RELICS|1990 TOPPS BASEBALL CHROME ALL STARS|1990 TOPPS BASEBALL CHROME ALL STARS AUTOGRAPHS|2025 TOPPS FLAGSHIP AUTOGRAPH PATCH CARDS|BASEBALL STARS TRIPLE AUTOGRAPHS|HEAVY LUMBER AUTOGRAPH RELICS,2,Los Angeles Dodgers|New York Mets
2025_topps_series2,2025,Topps,Series 2,mike schmidt,Mike Schmidt,4,3,1990 TOPPS BASEBALL ALL STAR AUTOGRAPH CARDS|BASEBALL STARS TRIPLE AUTOGRAPHS|DYNAMIC DUOS,1,Philadelphia Phillies
2025_topps_series2,2025,Topps,Series 2,mike trout,Mike Trout,16,16,1990 TOPPS ALL STAR BASEBALL|1990 TOPPS BASEBALL ALL STAR AUTOGRAPH CARDS|1990 TOPPS BASEBALL ALL STAR RELICS|1990 TOPPS BASEBALL CHROME ALL STARS|1990 TOPPS BASEBALL CHROME ALL STARS AUTOGRAPHS|2025 TOPPS FLAGSHIP AUTOGRAPH PATCH CARDS|ALL KINGS|BASEBALL STARS DUAL AUTOGRAPHS|BASEBALL STARS TRIPLE AUTOGRAPHS|HEAVY LUMBER AUTOGRAPH RELICS|IN THE NAME RELICS|MAJOR LEAGUE MATERIAL AUTOGRAPH CARDS|MAJOR LEAGUE MATERIAL CARDS|PLAKATA|SUMMER SUPERSTARS|SWINGING WITH THE STARS,1,Angels
2025_topps_series2,2025,Topps,Series 2,mike yastrzemski,Mike Yastrzemski,7,7,1990 TOPPS BASEBALL|1990 TOPPS BASEBALL CHROME AUTOGRAPH CARDS|1990 TOPPS BASEBALL CHROME BASE CARDS|IN THE NAME RELICS|MAJOR LEAGUE MATERIAL AUTOGRAPH CARDS|MAJOR LEAGUE MATERIAL DUAL RELIC CARDS|ROUNDING THE BASES AUTOGRAPH RELIC,1,San Francisco Giants
2025_topps_series2,2025,Topps,Series 2,miles mikolas,Miles Mikolas,1,1,CARDINALS BASE CARD VARIATION AUTOGRAPH,1,St. Louis Cardinals
2025_topps_series2,2025,Topps,Series 2,milwaukee brewers,Milwaukee Brewers,1,2,BASE SET|GOLDEN MIRROR IMAGE VARIATION,1,Milwaukee Brewers	(Team Card)
2025_topps_series2,2025,Topps,Series 2,minnesota twins,Minnesota Twins,1,2,BASE SET|GOLDEN MIRROR IMAGE VARIATION,1,Minnesota Twins	(Team Card)
2025_topps_series2,2025,Topps,Series 2,mitch haniger,Mitch Haniger,1,1,MAJOR LEAGUE MATERIAL DUAL AUTOGRAPH CARDS,1,Seattle Mariners
2025_topps_series2,2025,Topps,Series 2,mitchell parker,Mitchell Parker,1,2,BASE SET|GOLDEN MIRROR IMAGE VARIATION,1,Washington Nationals
2025_topps_series2,2025,Topps,Series 2,mj melendez,MJ Melendez,1,2,BASE SET|GOLDEN MIRROR IMAGE VARIATION,1,Kansas City Royals
2025_topps_series2,2025,Topps,Series 2,mo vaughn,Mo Vaughn,1,1,BASEBALL STARS DUAL AUTOGRAPHS,1,Boston Red Sox
2025_topps_series2,2025,Topps,Series 2,mookie betts,Mookie Betts,24,26,1990 TOPPS ALL STAR BASEBALL|1990 TOPPS BASEBALL ALL STAR RELICS|1990 TOPPS BASEBALL AUTOGRAPH CARDS|1990 TOPPS BASEBALL CHROME ALL STARS|1990 TOPPS BASEBALL CHROME ALL STARS AUTOGRAPHS|2025 TOPPS FLAGSHIP AUTOGRAPH PATCH CARDS|ALL KINGS|BASE CARDS PLAYER NUMBER VARIATION|BASE SET|BIG APPLE|COMPANION CARDS|DYNAMIC DUOS|GOLDEN MIRROR IMAGE VARIATION|HEAVY LUMBER|HEAVY LUMBER AUTOGRAPH RELICS|HOMEFIELD ADVANTAGE|IN THE NAME RELICS|OPS BESTS|OVERSIZED 2025 TOPPS BASEBALL|PLAKATA|ROUNDING THE BASES DUAL RELICS|SUMMER SUPERSTARS|SWINGING WITH THE STARS|TRADING CARD ENAMEL PINS|WORLD CHAMPION AUTOGRAPH CARDS|WORLD CHAMPION DUAL AUTOGRAPH CARDS,2,Los Angeles Dodgers|Los Angeles Dodgers	(Combo Card/Checklist)
2025_topps_series2,2025,Topps,Series 2,myke towers,Myke Towers,1,1,SIGNATURE TUNES DUAL AUTOGRAPHS,1,Musician
2025_topps_series2,2025,Topps,Series 2,nacho alvarez jr.,Nacho Alvarez Jr.,3,3,1990 TOPPS BASEBALL RELICS|BASEBALL STARS AUTOGRAPHS|MAJOR LEAGUE MATERIAL CARDS,1,Atlanta Braves
2025_topps_series2,2025,Topps,Series 2,nathan lukes,Nathan Lukes,1,2,BASE SET|GOLDEN MIRROR IMAGE VARIATION,1,Toronto Blue Jays
2025_topps_series2,2025,Topps,Series 2,nathaniel lowe,Nathaniel Lowe,1,1,BASEBALL STARS AUTOGRAPHS,1,Washington Nationals
2025_topps_series2,2025,Topps,Series 2,nestor cortes,Nestor Cortes,2,3,BASE SET|BASEBALL STARS AUTOGRAPHS|GOLDEN MIRROR IMAGE VARIATION,1,Milwaukee Brewers
2025_topps_series2,2025,Topps,Series 2,new york mets,New York Mets,1,2,BASE SET|GOLDEN MIRROR IMAGE VARIATION,1,New York Mets	(Team Card)
2025_topps_series2,2025,Topps,Series 2,nick castellanos,Nick Castellanos,4,5,BASE SET|GOLDEN MIRROR IMAGE VARIATION|IN THE NAME RELICS|ROUNDING THE BASES DUAL RELICS|ROUNDING THE BASES RELICS,1,Philadelphia Phillies
2025_topps_series2,2025,Topps,Series 2,nick fortes,Nick Fortes,1,2,BASE SET|GOLDEN MIRROR IMAGE VARIATION,1,Miami Marlins
2025_topps_series2,2025,Topps,Series 2,nick gonzales,Nick Gonzales,1,2,BASE SET|GOLDEN MIRROR IMAGE VARIATION,1,Pittsburgh Pirates
2025_topps_series2,2025,Topps,Series 2,nick madrigal,Nick Madrigal,1,2,BASE SET|GOLDEN MIRROR IMAGE VARIATION,1,New York Mets
2025_topps_series2,2025,Topps,Series 2,nick martinez,Nick Martinez,1,2,BASE SET|GOLDEN MIRROR IMAGE VARIATION,1,Cincinnati Reds
2025_topps_series2,2025,Topps,Series 2,nick pivetta,Nick Pivetta,1,2,BASE SET|GOLDEN MIRROR IMAGE VARIATION,1,San Diego Padres
2025_topps_series2,2025,Topps,Series 2,nick sogard,Nick Sogard,1,1,BASEBALL STARS AUTOGRAPHS,1,Boston Red Sox
2025_topps_series2,2025,Topps,Series 2,nick yorke,Nick Yorke,5,9,1990 TOPPS BASEBALL AUTOGRAPH CARDS|1990 TOPPS BASEBALL CHROME AUTOGRAPH CARDS|1990 TOPPS BASEBALL CHROME BASE CARDS|BASE SET|BIG APPLE|FLAGSHIP REAL ONE AUTOGRAPH CARDS|GOLDEN MIRROR IMAGE VARIATION|MAJOR LEAGUE MATERIAL AUTOGRAPH CARDS|REAL ONE RELICS,2,Pittsburgh Pirates|Pittsburgh Pirates	RC
2025_topps_series2,2025,Topps,Series 2,nico hoerner,Nico Hoerner,3,3,1990 TOPPS BASEBALL AUTOGRAPH CARDS|2025 TOPPS FLAGSHIP AUTOGRAPH PATCH CARDS|IN THE NAME RELICS,1,Chicago Cubs
2025_topps_series2,2025,Topps,Series 2,noelvi marte,Noelvi Marte,4,6,BASE SET|BIG APPLE|CITY CONNECT SWATCH COLLECTION|GOLDEN MIRROR IMAGE VARIATION|HEAVY LUMBER AUTOGRAPH RELICS|ROUNDING THE BASES AUTOGRAPH RELIC,2,Cincinnati Reds|Cincinnati Reds	(Future Stars)
2025_topps_series2,2025,Topps,Series 2,nolan arenado,Nolan Arenado,13,12,1990 TOPPS ALL STAR BASEBALL|1990 TOPPS BASEBALL CHROME ALL STARS|1990 TOPPS BASEBALL CHROME ALL STARS AUTOGRAPHS|ALL KINGS|BASEBALL STARS TRIPLE AUTOGRAPHS|CITY CONNECT SWATCH COLLECTION|HEAVY LUMBER|HEAVY LUMBER AUTOGRAPH RELICS|MAJOR LEAGUE MATERIAL CARDS|MAJOR LEAGUE MATERIAL DUAL RELIC CARDS|PLAKATA|SUMMER SUPERSTARS,1,St. Louis Cardinals
2025_topps_series2,2025,Topps,Series 2,nolan gorman,Nolan Gorman,2,4,BASE SET|BIG APPLE|GOLDEN MIRROR IMAGE VARIATION|IN THE NAME RELICS,1,St. Louis Cardinals
2025_topps_series2,2025,Topps,Series 2,nolan jones,Nolan Jones,2,3,BASE SET|GOLDEN MIRROR IMAGE VARIATION|IN THE NAME RELICS,1,Colorado Rockies
2025_topps_series2,2025,Topps,Series 2,nolan ryan,Nolan Ryan,10,8,1990 TOPPS ALL STAR BASEBALL|1990 TOPPS BASEBALL ALL STAR AUTOGRAPH CARDS|1990 TOPPS BASEBALL CHROME ALL STARS|1990 TOPPS BASEBALL CHROME ALL STARS AUTOGRAPHS|BASEBALL STARS DUAL AUTOGRAPHS|BASEBALL STARS TRIPLE AUTOGRAPHS|K ZONE|K ZONE SHORT PRINTS,3,California Angels|Houston Astros|Texas Rangers
2025_topps_series2,2025,Topps,Series 2,nolan schanuel,Nolan Schanuel,6,6,1990 TOPPS BASEBALL AUTOGRAPH CARDS|BASEBALL STARS AUTOGRAPHS|BASEBALL STARS TRIPLE AUTOGRAPHS|MAJOR LEAGUE MATERIAL AUTOGRAPH CARDS|MAJOR LEAGUE MATERIAL CARDS|ROUNDING THE BASES AUTOGRAPH RELIC,1,Angels
2025_topps_series2,2025,Topps,Series 2,nomar garciaparra,Nomar Garciaparra,1,1,BASEBALL STARS DUAL AUTOGRAPHS,1,Chicago Cubs
2025_topps_series2,2025,Topps,Series 2,ohtani,Ohtani,1,1,Ichiro	Miami Marlins,1,Angels
2025_topps_series2,2025,Topps,Series 2,olson,Olson,1,1,SOCIAL MEDIA FOLLOW BACK REDEMPTION,1,Atlanta Braves
2025_topps_series2,2025,Topps,Series 2,oneil cruz,Oneil Cruz,6,6,1990 TOPPS BASEBALL|1990 TOPPS BASEBALL CHROME BASE CARDS|CITY CONNECT SWATCH COLLECTION|IN THE NAME RELICS|MAJOR LEAGUE MATERIAL CARDS|STARS OF MLB,1,Pittsburgh Pirates
2025_topps_series2,2025,Topps,Series 2,osvaldo bido,Osvaldo Bido,1,2,BASE SET|GOLDEN MIRROR IMAGE VARIATION,1,Athletics
2025_topps_series2,2025,Topps,Series 2,oswaldo cabrera,Oswaldo Cabrera,1,2,BASE SET|GOLDEN MIRROR IMAGE VARIATION,1,New York Yankees
2025_topps_series2,2025,Topps,Series 2,ozzie albies,Ozzie Albies,8,12,BASE SET|BIG APPLE|COMPANION CARDS|FLAGSHIP REAL ONE AUTOGRAPH CARDS|GOLDEN MIRROR IMAGE VARIATION|HEAVY LUMBER AUTOGRAPH RELICS|IN THE NAME RELICS|MAJOR LEAGUE MATERIAL AUTOGRAPH CARDS|MAJOR LEAGUE MATERIAL CARDS|MAJOR LEAGUE MATERIAL DUAL AUTOGRAPH CARDS|OVERSIZED 2025 TOPPS BASEBALL|REAL ONE RELICS,1,Atlanta Braves
2025_topps_series2,2025,Topps,Series 2,ozzie smith,Ozzie Smith,2,2,1990 TOPPS BASEBALL ALL STAR AUTOGRAPH CARDS|HEAVY LUMBER AUTOGRAPH RELICS,1,St. Louis Cardinals
2025_topps_series2,2025,Topps,Series 2,pablo lópez,Pablo López,5,8,BASE SET|BASEBALL STARS TRIPLE AUTOGRAPHS|BIG APPLE|CITY CONNECT SWATCH COLLECTION|GOLDEN MIRROR IMAGE VARIATION|HEAVY LUMBER AUTOGRAPH RELICS|IN THE NAME RELICS|REAL ONE RELICS,1,Minnesota Twins
2025_topps_series2,2025,Topps,Series 2,parker meadows,Parker Meadows,2,4,BASE SET|BIG APPLE|GOLDEN MIRROR IMAGE VARIATION|POSTSEASON	PERFORMANCE AUTOGRAPH CARDS,2,Detroit Tigers|Detroit Tigers	(Future Stars)
2025_topps_series2,2025,Topps,Series 2,patrick bailey,Patrick Bailey,2,2,BASEBALL STARS AUTOGRAPHS|ROUNDING THE BASES AUTOGRAPH RELIC,1,San Francisco Giants
2025_topps_series2,2025,Topps,Series 2,paul goldschmidt,Paul Goldschmidt,14,18,1990 TOPPS BASEBALL|1990 TOPPS BASEBALL ALL STAR AUTOGRAPH CARDS|1990 TOPPS BASEBALL AUTOGRAPH CARDS|BASE CARDS PLAYER NUMBER VARIATION|BASE SET|BIG APPLE|CITY CONNECT SWATCH COLLECTION|COMPANION CARDS|GOLDEN MIRROR IMAGE VARIATION|HEAVY LUMBER AUTOGRAPH RELICS|IN THE NAME RELICS|OVERSIZED 2025 TOPPS BASEBALL|REAL ONE RELICS|RICKWOOD AUTOGRAPH RELIC COLLECTION|ROUNDING THE BASES AUTOGRAPH RELIC|ROUNDING THE BASES DUAL RELICS|STARS OF MLB|TRADING CARD ENAMEL PINS,2,New York Yankees|St. Louis Cardinals
2025_topps_series2,2025,Topps,Series 2,paul konerko,Paul Konerko,1,1,BASEBALL STARS DUAL AUTOGRAPHS,1,Chicago White Sox
2025_topps_series2,2025,Topps,Series 2,paul molitor,Paul Molitor,2,2,1990 TOPPS BASEBALL ALL STAR AUTOGRAPH CARDS|HEAVY LUMBER AUTOGRAPH RELICS,2,Milwaukee Brewers|Toronto Blue Jays
2025_topps_series2,2025,Topps,Series 2,paul o'neill,Paul O'Neill,3,3,BASEBALL STARS AUTOGRAPHS|BASEBALL STARS DUAL AUTOGRAPHS|BASEBALL STARS TRIPLE AUTOGRAPHS,1,New York Yankees
2025_topps_series2,2025,Topps,Series 2,paul skenes,Paul Skenes,15,14,1990 TOPPS ALL STAR BASEBALL|1990 TOPPS BASEBALL ALL STAR AUTOGRAPH CARDS|1990 TOPPS BASEBALL ALL STAR RELICS|1990 TOPPS BASEBALL CHROME ALL STARS|1990 TOPPS BASEBALL CHROME ALL STARS AUTOGRAPHS|BASEBALL STARS DUAL AUTOGRAPHS|BASEBALL STARS TRIPLE AUTOGRAPHS|HOMEFIELD ADVANTAGE|K ZONE|K ZONE SHORT PRINTS|MAJOR LEAGUE MATERIAL AUTOGRAPH CARDS|MAJOR LEAGUE MATERIAL CARDS|MAJOR LEAGUE MATERIAL DUAL AUTOGRAPH CARDS|SUMMER SUPERSTARS,1,Pittsburgh Pirates
2025_topps_series2,2025,Topps,Series 2,pavin smith,Pavin Smith,1,2,BASE SET|GOLDEN MIRROR IMAGE VARIATION,1,Arizona Diamondbacks
2025_topps_series2,2025,Topps,Series 2,pedro león,Pedro León,1,1,BASEBALL STARS AUTOGRAPHS,1,Houston Astros
2025_topps_series2,2025,Topps,Series 2,pedro martinez,Pedro Martinez,4,4,BASEBALL STARS DUAL AUTOGRAPHS|BASEBALL STARS TRIPLE AUTOGRAPHS|K ZONE|K ZONE SHORT PRINTS,2,Boston Red Sox|Philadelphia Phillies
2025_topps_series2,2025,Topps,Series 2,pete alonso,Pete Alonso,22,28,1990 TOPPS ALL STAR BASEBALL|1990 TOPPS BASEBALL ALL STAR AUTOGRAPH CARDS|1990 TOPPS BASEBALL ALL STAR RELICS|1990 TOPPS BASEBALL CHROME ALL STARS|1990 TOPPS BASEBALL CHROME ALL STARS AUTOGRAPHS|ALL KINGS|BASE CARDS PLAYER NUMBER VARIATION|BASE SET|BASEBALL STARS AUTOGRAPHS|BASEBALL STARS TRIPLE AUTOGRAPHS|BIG APPLE|COMPANION CARDS|DYNAMIC DUOS|FLAGSHIP REAL ONE AUTOGRAPH CARDS|GOLDEN MIRROR IMAGE VARIATION|HEAVY LUMBER|HEAVY LUMBER AUTOGRAPH RELICS|IN THE NAME RELICS|MAJOR LEAGUE MATERIAL CARDS|OVERSIZED 2025 TOPPS BASEBALL|PLAKATA|POSTSEASON	PERFORMANCE AUTOGRAPH CARDS|REAL ONE RELICS|ROUNDING THE BASES AUTOGRAPH RELIC|STARS OF MLB|SUMMER SUPERSTARS|SWINGING WITH THE STARS|TRADING CARD ENAMEL PINS,1,New York Mets
2025_topps_series2,2025,Topps,Series 2,pete crow-armstrong,Pete Crow-Armstrong,9,9,1990 TOPPS BASEBALL AUTOGRAPH CARDS|1990 TOPPS BASEBALL RELICS|2025 TOPPS FLAGSHIP AUTOGRAPH PATCH CARDS|CITY CONNECT SWATCH COLLECTION|HEAVY LUMBER AUTOGRAPH RELICS|MAJOR LEAGUE MATERIAL AUTOGRAPH CARDS|MAJOR LEAGUE MATERIAL CARDS|MAJOR LEAGUE MATERIAL DUAL AUTOGRAPH CARDS|MAJOR LEAGUE MATERIAL DUAL RELIC CARDS,1,Chicago Cubs
2025_topps_series2,2025,Topps,Series 2,peña,Peña,1,1,Ichiro	Miami Marlins,1,Houston Astros
2025_topps_series2,2025,Topps,Series 2,piazza,Piazza,1,1,FANATICS AUTHENTIC REDEMPTION CARDS,1,Los Angeles Dodgers
2025_topps_series2,2025,Topps,Series 2,pittsburgh pirates,Pittsburgh Pirates,1,2,BASE SET|GOLDEN MIRROR IMAGE VARIATION,1,Pittsburgh Pirates	(Team Card)
2025_topps_series2,2025,Topps,Series 2,porter hodge,Porter Hodge,1,2,BASE SET|GOLDEN MIRROR IMAGE VARIATION,1,Chicago Cubs
2025_topps_series2,2025,Topps,Series 2,rafael devers,Rafael Devers,15,15,1990 TOPPS BASEBALL ALL STAR AUTOGRAPH CARDS|1990 TOPPS BASEBALL ALL STAR RELICS|2025 TOPPS FLAGSHIP AUTOGRAPH PATCH CARDS|BASEBALL STARS TRIPLE AUTOGRAPHS|HEAVY LUMBER AUTOGRAPH RELICS|IN THE NAME RELICS|MAJOR LEAGUE MATERIAL CARDS|MAJOR LEAGUE MATERIAL DUAL RELIC CARDS|OPS BESTS|ROUNDING THE BASES AUTOGRAPH RELIC|ROUNDING THE BASES DUAL RELICS|ROUNDING THE BASES RELICS|SUMMER SUPERSTARS|SWINGING WITH THE STARS|TOPPS MEGA STARS,1,Boston Red Sox
2025_topps_series2,2025,Topps,Series 2,rafael furcal,Rafael Furcal,1,1,1990 TOPPS BASEBALL AUTOGRAPH CARDS,1,Atlanta Braves
2025_topps_series2,2025,Topps,Series 2,ramón urías,Ramón Urías,1,2,BASE SET|GOLDEN MIRROR IMAGE VARIATION,1,Baltimore Orioles
2025_topps_series2,2025,Topps,Series 2,randal grichuk,Randal Grichuk,1,2,BASE SET|GOLDEN MIRROR IMAGE VARIATION,1,Arizona Diamondbacks
2025_topps_series2,2025,Topps,Series 2,randy arozarena,Randy Arozarena,6,5,2025 TOPPS FLAGSHIP AUTOGRAPH PATCH CARDS|HEAVY LUMBER AUTOGRAPH RELICS|PLAKATA|ROUNDING THE BASES AUTOGRAPH RELIC|ROUNDING THE BASES DUAL RELICS,2,Seattle Mariners|Tampa Bay Rays
2025_topps_series2,2025,Topps,Series 2,randy johnson,Randy Johnson,7,7,1990 TOPPS BASEBALL|1990 TOPPS BASEBALL ALL STAR AUTOGRAPH CARDS|1990 TOPPS BASEBALL CHROME AUTOGRAPH CARDS|1990 TOPPS BASEBALL CHROME BASE CARDS|BASEBALL STARS TRIPLE AUTOGRAPHS|K ZONE|K ZONE SHORT PRINTS,2,Arizona Diamondbacks|Seattle Mariners
2025_topps_series2,2025,Topps,Series 2,randy vásquez,Randy Vásquez,1,2,BASE SET|GOLDEN MIRROR IMAGE VARIATION,1,San Diego Padres
2025_topps_series2,2025,Topps,Series 2,rece hinds,Rece Hinds,4,4,1990 TOPPS BASEBALL RELICS|BASEBALL STARS AUTOGRAPHS|MAJOR LEAGUE MATERIAL AUTOGRAPH CARDS|MAJOR LEAGUE MATERIAL CARDS,1,Cincinnati Reds
2025_topps_series2,2025,Topps,Series 2,reggie jackson,Reggie Jackson,5,4,BASEBALL STARS AUTOGRAPHS|BASEBALL STARS TRIPLE AUTOGRAPHS|HEAVY LUMBER AUTOGRAPH RELICS|LEGENDARY HOMEFIELD ADVANTAGE,3,California Angels|New York Yankees|Oakland Athletics
2025_topps_series2,2025,Topps,Series 2,reid detmers,Reid Detmers,1,2,BASE SET|GOLDEN MIRROR IMAGE VARIATION,1,Angels
2025_topps_series2,2025,Topps,Series 2,reynaldo lópez,Reynaldo López,1,2,BASE SET|GOLDEN MIRROR IMAGE VARIATION,1,Atlanta Braves
2025_topps_series2,2025,Topps,Series 2,rhett lowder,Rhett Lowder,8,8,1990 TOPPS BASEBALL AUTOGRAPH CARDS|1990 TOPPS BASEBALL RELICS|BASEBALL STARS TRIPLE AUTOGRAPHS|HOMEFIELD ADVANTAGE|MAJOR LEAGUE MATERIAL AUTOGRAPH CARDS|MAJOR LEAGUE MATERIAL CARDS|STARS OF MLB|TOPPS MEGA STARS,1,Cincinnati Reds
2025_topps_series2,2025,Topps,Series 2,richard fitts,Richard Fitts,2,5,BASE SET|BASEBALL STARS AUTOGRAPHS|BIG APPLE|FLAGSHIP REAL ONE AUTOGRAPH CARDS|GOLDEN MIRROR IMAGE VARIATION,2,Boston Red Sox|Boston Red Sox	RC
2025_topps_series2,2025,Topps,Series 2,rickey henderson,Rickey Henderson,2,2,1990 TOPPS BASEBALL CHROME ALL STARS|2024 FIRST PITCH,1,Oakland Athletics
2025_topps_series2,2025,Topps,Series 2,riley greene,Riley Greene,7,7,IN THE NAME RELICS|MAJOR LEAGUE MATERIAL CARDS|MAJOR LEAGUE MATERIAL DUAL AUTOGRAPH CARDS|OPS BESTS|POSTSEASON	PERFORMANCE AUTOGRAPH CARDS|STARS OF MLB|SUMMER SUPERSTARS,1,Detroit Tigers
2025_topps_series2,2025,Topps,Series 2,ripken jr.,Ripken Jr.,1,1,FANATICS AUTHENTIC REDEMPTION CARDS,1,Baltimore Orioles
2025_topps_series2,2025,Topps,Series 2,river ryan,River Ryan,2,2,MAJOR LEAGUE MATERIAL AUTOGRAPH CARDS|WORLD CHAMPION AUTOGRAPH CARDS,1,Los Angeles Dodgers
2025_topps_series2,2025,Topps,Series 2,robbie ray,Robbie Ray,1,2,BASE SET|GOLDEN MIRROR IMAGE VARIATION,1,San Francisco Giants
2025_topps_series2,2025,Topps,Series 2,robert suarez,Robert Suarez,1,2,BASE SET|GOLDEN MIRROR IMAGE VARIATION,1,San Diego Padres
2025_topps_series2,2025,Topps,Series 2,robin yount,Robin Yount,3,3,1990 TOPPS BASEBALL ALL STAR AUTOGRAPH CARDS|BASEBALL STARS DUAL AUTOGRAPHS|HEAVY LUMBER AUTOGRAPH RELICS,1,Milwaukee Brewers
2025_topps_series2,2025,Topps,Series 2,rod carew,Rod Carew,1,1,2025 TOPPS FLAGSHIP AUTOGRAPH PATCH CARDS,1,Minnesota Twins
2025_topps_series2,2025,Topps,Series 2,roger clemens,Roger Clemens,5,4,BASEBALL STARS DUAL AUTOGRAPHS|BASEBALL STARS TRIPLE AUTOGRAPHS|K ZONE|K ZONE SHORT PRINTS,2,Boston Red Sox|New York Yankees
2025_topps_series2,2025,Topps,Series 2,roki sasaki,Roki Sasaki,16,19,1990 TOPPS BASEBALL|1990 TOPPS BASEBALL CHROME AUTOGRAPH CARDS|1990 TOPPS BASEBALL CHROME BASE CARDS|BASE CARDS PLAYER NUMBER VARIATION|BASE SET|BASEBALL STARS AUTOGRAPHS|BASEBALL STARS DUAL AUTOGRAPHS|BASEBALL STARS TRIPLE AUTOGRAPHS|BIG APPLE|COMPANION CARDS|DYNAMIC DUOS|FLAGSHIP REAL ONE AUTOGRAPH CARDS|GOLDEN MIRROR IMAGE VARIATION|K ZONE|K ZONE SHORT PRINTS|OVERSIZED 2025 TOPPS BASEBALL|STARS OF MLB|SUMMER SUPERSTARS|TOPPS MEGA STARS,2,Los Angeles Dodgers|Los Angeles Dodgers	RC
2025_topps_series2,2025,Topps,Series 2,ron darling,Ron Darling,2,2,BASEBALL STARS AUTOGRAPHS|BASEBALL STARS DUAL AUTOGRAPHS,1,New York Mets
2025_topps_series2,2025,Topps,Series 2,ronald acuña jr.,Ronald Acuña Jr.,22,19,1990 TOPPS ALL STAR BASEBALL|1990 TOPPS BASEBALL ALL STAR AUTOGRAPH CARDS|1990 TOPPS BASEBALL ALL STAR RELICS|1990 TOPPS BASEBALL CHROME ALL STARS|1990 TOPPS BASEBALL CHROME ALL STARS AUTOGRAPHS|2025 TOPPS FLAGSHIP AUTOGRAPH PATCH CARDS|ALL KINGS|BASEBALL STARS AUTOGRAPHS|BASEBALL STARS DUAL AUTOGRAPHS|CITY CONNECT SWATCH COLLECTION|DYNAMIC DUOS|HEAVY LUMBER AUTOGRAPH RELICS|IN THE NAME RELICS|MAJOR LEAGUE MATERIAL AUTOGRAPH CARDS|MAJOR LEAGUE MATERIAL CARDS|MAJOR LEAGUE MATERIAL DUAL AUTOGRAPH CARDS|SIGNATURE TUNES DUAL AUTOGRAPHS|SUMMER SUPERSTARS|SWINGING WITH THE STARS,1,Atlanta Braves
2025_topps_series2,2025,Topps,Series 2,ronel blanco,Ronel Blanco,1,1,BASEBALL STARS AUTOGRAPHS,1,Houston Astros
2025_topps_series2,2025,Topps,Series 2,ronny mauricio,Ronny Mauricio,1,2,BASE SET|GOLDEN MIRROR IMAGE VARIATION,1,New York Mets
2025_topps_series2,2025,Topps,Series 2,roy campanella,Roy Campanella,1,1,LEGENDARY HOMEFIELD ADVANTAGE,1,Brooklyn Dodgers
2025_topps_series2,2025,Topps,Series 2,royce lewis,Royce Lewis,6,6,1990 TOPPS BASEBALL|1990 TOPPS BASEBALL CHROME BASE CARDS|1990 TOPPS BASEBALL RELICS|DYNAMIC DUOS|ROUNDING THE BASES DUAL RELICS|STARS OF MLB,1,Minnesota Twins
2025_topps_series2,2025,Topps,Series 2,ryan bliss,Ryan Bliss,1,1,1990 TOPPS BASEBALL AUTOGRAPH CARDS,1,Seattle Mariners
2025_topps_series2,2025,Topps,Series 2,ryan feltner,Ryan Feltner,1,2,BASE SET|GOLDEN MIRROR IMAGE VARIATION,1,Colorado Rockies
2025_topps_series2,2025,Topps,Series 2,ryan fernandez,Ryan Fernandez,1,1,CARDINALS BASE CARD VARIATION AUTOGRAPH,1,St. Louis Cardinals
2025_topps_series2,2025,Topps,Series 2,ryan howard,Ryan Howard,4,4,1990 TOPPS BASEBALL ALL STAR AUTOGRAPH CARDS|BASEBALL STARS AUTOGRAPHS|BASEBALL STARS DUAL AUTOGRAPHS|BASEBALL STARS TRIPLE AUTOGRAPHS,1,Philadelphia Phillies
2025_topps_series2,2025,Topps,Series 2,ryan mcmahon,Ryan McMahon,1,2,BASE SET|GOLDEN MIRROR IMAGE VARIATION,1,Colorado Rockies
2025_topps_series2,2025,Topps,Series 2,ryan mountcastle,Ryan Mountcastle,2,2,BASEBALL STARS DUAL AUTOGRAPHS|IN THE NAME RELICS,1,Baltimore Orioles
2025_topps_series2,2025,Topps,Series 2,ryan weathers,Ryan Weathers,1,2,BASE SET|GOLDEN MIRROR IMAGE VARIATION,1,Miami Marlins
2025_topps_series2,2025,Topps,Series 2,ryne sandberg,Ryne Sandberg,4,4,1990 TOPPS BASEBALL ALL STAR AUTOGRAPH CARDS|BASEBALL STARS DUAL AUTOGRAPHS|BASEBALL STARS TRIPLE AUTOGRAPHS|HEAVY LUMBER AUTOGRAPH RELICS,1,Chicago Cubs
2025_topps_series2,2025,Topps,Series 2,sal frelick,Sal Frelick,4,6,BASE SET|BIG APPLE|CITY CONNECT SWATCH COLLECTION|GOLDEN MIRROR IMAGE VARIATION|HEAVY LUMBER AUTOGRAPH RELICS|POSTSEASON	PERFORMANCE AUTOGRAPH CARDS,2,Milwaukee Brewers|Milwaukee Brewers	(Future Stars)
2025_topps_series2,2025,Topps,Series 2,salvador perez,Salvador Perez,9,11,1990 TOPPS BASEBALL|1990 TOPPS BASEBALL CHROME BASE CARDS|1990 TOPPS BASEBALL RELICS|BASE SET|BIG APPLE|GOLDEN MIRROR IMAGE VARIATION|IN THE NAME RELICS|MAJOR LEAGUE MATERIAL CARDS|PLAKATA|REAL ONE RELICS|SUMMER SUPERSTARS,2,Kansas City Royals|Kansas City Royals	(Combo Card/Checklist)
2025_topps_series2,2025,Topps,Series 2,sam hilliard,Sam Hilliard,1,2,BASE SET|GOLDEN MIRROR IMAGE VARIATION,1,Colorado Rockies
2025_topps_series2,2025,Topps,Series 2,sammy sosa,Sammy Sosa,7,6,1990 TOPPS BASEBALL ALL STAR AUTOGRAPH CARDS|1990 TOPPS BASEBALL ALL STAR RELICS|1990 TOPPS BASEBALL AUTOGRAPH CARDS|BASEBALL STARS TRIPLE AUTOGRAPHS|HEAVY LUMBER|HEAVY LUMBER AUTOGRAPH RELICS,1,Chicago Cubs
2025_topps_series2,2025,Topps,Series 2,samuel aldegheri,Samuel Aldegheri,2,5,1990 TOPPS BASEBALL AUTOGRAPH CARDS|BASE SET|BIG APPLE|FLAGSHIP REAL ONE AUTOGRAPH CARDS|GOLDEN MIRROR IMAGE VARIATION,2,Angels|Angels	RC
2025_topps_series2,2025,Topps,Series 2,san francisco giants,San Francisco Giants,1,2,BASE SET|GOLDEN MIRROR IMAGE VARIATION,1,San Francisco Giants	(Team Card)
2025_topps_series2,2025,Topps,Series 2,sandro fabian,Sandro Fabian,1,1,BASEBALL STARS AUTOGRAPHS,1,Texas Rangers
2025_topps_series2,2025,Topps,Series 2,sandy koufax,Sandy Koufax,8,8,1990 TOPPS ALL STAR BASEBALL|1990 TOPPS BASEBALL ALL STAR AUTOGRAPH CARDS|1990 TOPPS BASEBALL CHROME ALL STARS|1990 TOPPS BASEBALL CHROME ALL STARS AUTOGRAPHS|BASEBALL STARS TRIPLE AUTOGRAPHS|DYNAMIC DUOS|K ZONE|K ZONE SHORT PRINTS,1,Los Angeles Dodgers
2025_topps_series2,2025,Topps,Series 2,satchel paige,Satchel Paige,2,2,K ZONE|K ZONE SHORT PRINTS,1,St. Louis Browns
2025_topps_series2,2025,Topps,Series 2,scherzer,Scherzer,1,1,FANATICS AUTHENTIC REDEMPTION CARDS,1,Toronto Blue Jays
2025_topps_series2,2025,Topps,Series 2,scott rolen,Scott Rolen,6,5,1990 TOPPS BASEBALL AUTOGRAPH CARDS|2025 TOPPS FLAGSHIP AUTOGRAPH PATCH CARDS|BASEBALL STARS DUAL AUTOGRAPHS|BASEBALL STARS TRIPLE AUTOGRAPHS|HEAVY LUMBER AUTOGRAPH RELICS,4,Cincinnati Reds|Philadelphia Phillies|St. Louis Cardinals|Toronto Blue Jays
2025_topps_series2,2025,Topps,Series 2,scott sheldon,Scott Sheldon,2,2,BASE CARD ALL POSITIONS AUTOGRAPH BOOK CARD|BASE CARDS ALL POSITIONS VARIATIONS,1,Texas Rangers
2025_topps_series2,2025,Topps,Series 2,sean burke,Sean Burke,1,2,BASE SET|GOLDEN MIRROR IMAGE VARIATION,1,Chicago White Sox	RC
2025_topps_series2,2025,Topps,Series 2,sean manaea,Sean Manaea,2,3,BASE SET|GOLDEN MIRROR IMAGE VARIATION|POSTSEASON	PERFORMANCE AUTOGRAPH CARDS,1,New York Mets
2025_topps_series2,2025,Topps,Series 2,sean murphy,Sean Murphy,1,2,BASE SET|GOLDEN MIRROR IMAGE VARIATION,1,Atlanta Braves
2025_topps_series2,2025,Topps,Series 2,seiya suzuki,Seiya Suzuki,9,13,1990 TOPPS BASEBALL RELICS|BASE CARDS PLAYER NUMBER VARIATION|BASE SET|BASEBALL STARS TRIPLE AUTOGRAPHS|BIG APPLE|DYNAMIC DUOS|GOLDEN MIRROR IMAGE VARIATION|IN THE NAME RELICS|MAJOR LEAGUE MATERIAL CARDS|MAJOR LEAGUE MATERIAL DUAL RELIC CARDS|OPS BESTS|REAL ONE RELICS|SWINGING WITH THE STARS,1,Chicago Cubs
2025_topps_series2,2025,Topps,Series 2,seth halvorsen,Seth Halvorsen,1,2,BASE SET|GOLDEN MIRROR IMAGE VARIATION,1,Colorado Rockies	RC
2025_topps_series2,2025,Topps,Series 2,seth johnson,Seth Johnson,2,3,BASE SET|BASEBALL STARS AUTOGRAPHS|GOLDEN MIRROR IMAGE VARIATION,2,Philadelphia Phillies|Philadelphia Phillies	RC
2025_topps_series2,2025,Topps,Series 2,seth lugo,Seth Lugo,4,4,1990 TOPPS BASEBALL AUTOGRAPH CARDS|2025 TOPPS FLAGSHIP AUTOGRAPH PATCH CARDS|MAJOR LEAGUE MATERIAL AUTOGRAPH CARDS|POSTSEASON	PERFORMANCE AUTOGRAPH CARDS,1,Kansas City Royals
2025_topps_series2,2025,Topps,Series 2,severino,Severino,1,1,FANATICS AUTHENTIC REDEMPTION CARDS,1,Athletics
2025_topps_series2,2025,Topps,Series 2,shane baz,Shane Baz,1,2,BASE SET|GOLDEN MIRROR IMAGE VARIATION,1,Tampa Bay Rays
2025_topps_series2,2025,Topps,Series 2,shane bieber,Shane Bieber,4,7,1990 TOPPS BASEBALL AUTOGRAPH CARDS|BASE SET|BIG APPLE|GOLDEN MIRROR IMAGE VARIATION|IN THE NAME RELICS|MAJOR LEAGUE MATERIAL DUAL RELIC CARDS|REAL ONE RELICS,1,Cleveland Guardians
2025_topps_series2,2025,Topps,Series 2,shane halter,Shane Halter,2,2,BASE CARD ALL POSITIONS AUTOGRAPH BOOK CARD|BASE CARDS ALL POSITIONS VARIATIONS,1,Detroit Tigers
2025_topps_series2,2025,Topps,Series 2,shane mcclanahan,Shane McClanahan,2,3,BASE SET|GOLDEN MIRROR IMAGE VARIATION|IN THE NAME RELICS,1,Tampa Bay Rays
2025_topps_series2,2025,Topps,Series 2,shay whitcomb,Shay Whitcomb,7,7,1990 TOPPS BASEBALL|1990 TOPPS BASEBALL AUTOGRAPH CARDS|1990 TOPPS BASEBALL CHROME AUTOGRAPH CARDS|1990 TOPPS BASEBALL CHROME BASE CARDS|1990 TOPPS BASEBALL RELICS|BASEBALL STARS AUTOGRAPHS|MAJOR LEAGUE MATERIAL AUTOGRAPH CARDS,1,Houston Astros
2025_topps_series2,2025,Topps,Series 2,shohei ohtani,Shohei Ohtani,27,26,1990 TOPPS ALL STAR BASEBALL|1990 TOPPS BASEBALL ALL STAR AUTOGRAPH CARDS|1990 TOPPS BASEBALL CHROME ALL STARS|ALL KINGS|BASE CARDS PLAYER NUMBER VARIATION|BASE SET|BASEBALL STARS DUAL AUTOGRAPHS|BASEBALL STARS TRIPLE AUTOGRAPHS|BIG APPLE|COMPANION CARDS|DYNAMIC DUOS|GOLDEN MIRROR IMAGE VARIATION|HEAVY LUMBER AUTOGRAPH RELICS|K ZONE|K ZONE SHORT PRINTS|MAJOR LEAGUE MATERIAL DUAL RELIC CARDS|OPS BESTS|OVERSIZED 2025 TOPPS BASEBALL|PLAKATA|REAL ONE RELICS|ROUNDING THE BASES DUAL RELICS|SUMMER SUPERSTARS|SWINGING WITH THE STARS|TOPPS MEGA STARS|WORLD CHAMPION AUTOGRAPH CARDS|WORLD CHAMPION DUAL AUTOGRAPH CARDS,1,Los Angeles Dodgers
2025_topps_series2,2025,Topps,Series 2,shota imanaga,Shota Imanaga,18,21,1990 TOPPS ALL STAR BASEBALL|1990 TOPPS BASEBALL ALL STAR AUTOGRAPH CARDS|1990 TOPPS BASEBALL ALL STAR RELICS|1990 TOPPS BASEBALL CHROME ALL STARS|1990 TOPPS BASEBALL CHROME ALL STARS AUTOGRAPHS|BASE CARDS PLAYER NUMBER VARIATION|BASE SET|BASEBALL STARS TRIPLE AUTOGRAPHS|BIG APPLE|COMPANION CARDS|DYNAMIC DUOS|GOLDEN MIRROR IMAGE VARIATION|K ZONE|K ZONE SHORT PRINTS|MAJOR LEAGUE MATERIAL CARDS|MAJOR LEAGUE MATERIAL DUAL AUTOGRAPH CARDS|MAJOR LEAGUE MATERIAL DUAL RELIC CARDS|OVERSIZED 2025 TOPPS BASEBALL|REAL ONE RELICS|SUMMER SUPERSTARS|TOPPS MEGA STARS,2,Chicago Cubs|Chicago Cubs	(Combo Card/Checklist)
2025_topps_series2,2025,Topps,Series 2,simeon woods richardson,Simeon Woods Richardson,1,2,BASE SET|GOLDEN MIRROR IMAGE VARIATION,1,Minnesota Twins
2025_topps_series2,2025,Topps,Series 2,skenes,Skenes,1,1,FANATICS AUTHENTIC REDEMPTION CARDS,1,Pittsburgh Pirates
2025_topps_series2,2025,Topps,Series 2,skubal,Skubal,1,1,Ichiro	Miami Marlins,1,Detroit Tigers
2025_topps_series2,2025,Topps,Series 2,smith,Smith,1,1,FANATICS AUTHENTIC REDEMPTION CARDS,1,St. Louis Cardinals
2025_topps_series2,2025,Topps,Series 2,sonny gray,Sonny Gray,1,1,1990 TOPPS BASEBALL ALL STAR AUTOGRAPH CARDS,1,St. Louis Cardinals
2025_topps_series2,2025,Topps,Series 2,soto,Soto,1,1,FANATICS AUTHENTIC REDEMPTION CARDS,1,New York Mets
2025_topps_series2,2025,Topps,Series 2,spencer arrighetti,Spencer Arrighetti,1,2,BASE SET|GOLDEN MIRROR IMAGE VARIATION,1,Houston Astros
2025_topps_series2,2025,Topps,Series 2,spencer bivens,Spencer Bivens,1,3,BASE SET|BIG APPLE|GOLDEN MIRROR IMAGE VARIATION,2,San Francisco Giants|San Francisco Giants	RC
2025_topps_series2,2025,Topps,Series 2,spencer horwitz,Spencer Horwitz,1,2,BASE SET|GOLDEN MIRROR IMAGE VARIATION,1,Pittsburgh Pirates
2025_topps_series2,2025,Topps,Series 2,spencer schwellenbach,Spencer Schwellenbach,4,4,1990 TOPPS BASEBALL AUTOGRAPH CARDS|1990 TOPPS BASEBALL RELICS|MAJOR LEAGUE MATERIAL AUTOGRAPH CARDS|MAJOR LEAGUE MATERIAL CARDS,1,Atlanta Braves
2025_topps_series2,2025,Topps,Series 2,spencer steer,Spencer Steer,6,6,1990 TOPPS BASEBALL AUTOGRAPH CARDS|2025 TOPPS FLAGSHIP AUTOGRAPH PATCH CARDS|BASEBALL STARS AUTOGRAPHS|IN THE NAME RELICS|MAJOR LEAGUE MATERIAL DUAL AUTOGRAPH CARDS|MAJOR LEAGUE MATERIAL DUAL RELIC CARDS,1,Cincinnati Reds
2025_topps_series2,2025,Topps,Series 2,spencer strider,Spencer Strider,14,18,1990 TOPPS BASEBALL|1990 TOPPS BASEBALL ALL STAR AUTOGRAPH CARDS|1990 TOPPS BASEBALL ALL STAR RELICS|1990 TOPPS BASEBALL CHROME AUTOGRAPH CARDS|1990 TOPPS BASEBALL CHROME BASE CARDS|BASE CARDS PLAYER NUMBER VARIATION|BASE SET|BIG APPLE|COMPANION CARDS|GOLDEN MIRROR IMAGE VARIATION|HOMEFIELD ADVANTAGE|IN THE NAME RELICS|K ZONE|K ZONE SHORT PRINTS|OVERSIZED 2025 TOPPS BASEBALL|REAL ONE RELICS|STARS OF MLB|TOPPS MEGA STARS,1,Atlanta Braves
2025_topps_series2,2025,Topps,Series 2,spencer torkelson,Spencer Torkelson,4,5,BASE SET|BIG APPLE|CITY CONNECT SWATCH COLLECTION|GOLDEN MIRROR IMAGE VARIATION|IN THE NAME RELICS,2,Detroit Tigers|Detroit Tigers	(Combo Card/Checklist)
2025_topps_series2,2025,Topps,Series 2,st. louis cardinals,St. Louis Cardinals,1,2,BASE SET|GOLDEN MIRROR IMAGE VARIATION,1,St. Louis Cardinals	(Team Card)
2025_topps_series2,2025,Topps,Series 2,stan musial,Stan Musial,1,1,LEGENDARY HOMEFIELD ADVANTAGE,1,St. Louis Cardinals
2025_topps_series2,2025,Topps,Series 2,starling marte,Starling Marte,3,3,2025 TOPPS FLAGSHIP AUTOGRAPH PATCH CARDS|IN THE NAME RELICS|POSTSEASON	PERFORMANCE AUTOGRAPH CARDS,1,New York Mets
2025_topps_series2,2025,Topps,Series 2,steve carlton,Steve Carlton,2,2,1990 TOPPS BASEBALL ALL STAR AUTOGRAPH CARDS|BASEBALL STARS TRIPLE AUTOGRAPHS,1,Philadelphia Phillies
2025_topps_series2,2025,Topps,Series 2,steven kwan,Steven Kwan,4,7,1990 TOPPS BASEBALL|BASE SET|BIG APPLE|GOLDEN MIRROR IMAGE VARIATION|HEAVY LUMBER AUTOGRAPH RELICS|POSTSEASON	PERFORMANCE AUTOGRAPH CARDS|REAL ONE RELICS,1,Cleveland Guardians
2025_topps_series2,2025,Topps,Series 2,steward berroa,Steward Berroa,2,3,BASE SET|BASEBALL STARS AUTOGRAPHS|GOLDEN MIRROR IMAGE VARIATION,2,Toronto Blue Jays|Toronto Blue Jays	RC
2025_topps_series2,2025,Topps,Series 2,stone garrett,Stone Garrett,1,2,BASE SET|GOLDEN MIRROR IMAGE VARIATION,1,Washington Nationals
2025_topps_series2,2025,Topps,Series 2,stuart fairchild,Stuart Fairchild,1,2,BASE SET|GOLDEN MIRROR IMAGE VARIATION,1,Cincinnati Reds
2025_topps_series2,2025,Topps,Series 2,taijuan walker,Taijuan Walker,1,2,BASE SET|GOLDEN MIRROR IMAGE VARIATION,1,Philadelphia Phillies
2025_topps_series2,2025,Topps,Series 2,tanner bibee,Tanner Bibee,3,3,1990 TOPPS BASEBALL AUTOGRAPH CARDS|BASEBALL STARS AUTOGRAPHS|POSTSEASON	PERFORMANCE AUTOGRAPH CARDS,1,Cleveland Guardians
2025_topps_series2,2025,Topps,Series 2,tarik skubal,Tarik Skubal,15,14,1990 TOPPS ALL STAR BASEBALL|1990 TOPPS BASEBALL|1990 TOPPS BASEBALL AUTOGRAPH CARDS|1990 TOPPS BASEBALL CHROME ALL STARS AUTOGRAPHS|1990 TOPPS BASEBALL CHROME AUTOGRAPH CARDS|1990 TOPPS BASEBALL CHROME BASE CARDS|2025 TOPPS FLAGSHIP AUTOGRAPH PATCH CARDS|CITY CONNECT SWATCH COLLECTION|HEAVY LUMBER AUTOGRAPH RELICS|IN THE NAME RELICS|K ZONE|K ZONE SHORT PRINTS|POSTSEASON	PERFORMANCE AUTOGRAPH CARDS|SUMMER SUPERSTARS,1,Detroit Tigers
2025_topps_series2,2025,Topps,Series 2,tatis jr.,Tatis Jr.,1,1,FANATICS AUTHENTIC REDEMPTION CARDS,1,San Diego Padres
2025_topps_series2,2025,Topps,Series 2,taylor walls,Taylor Walls,1,2,BASE SET|GOLDEN MIRROR IMAGE VARIATION,1,Tampa Bay Rays
2025_topps_series2,2025,Topps,Series 2,ted williams,Ted Williams,2,2,1990 TOPPS ALL STAR BASEBALL|1990 TOPPS BASEBALL CHROME ALL STARS,1,Boston Red Sox
2025_topps_series2,2025,Topps,Series 2,teoscar hernández,Teoscar Hernández,5,5,1990 TOPPS BASEBALL|1990 TOPPS BASEBALL CHROME BASE CARDS|OPS BESTS|SUMMER SUPERSTARS|WORLD CHAMPION AUTOGRAPH CARDS,1,Los Angeles Dodgers
2025_topps_series2,2025,Topps,Series 2,texas rangers,Texas Rangers,1,2,BASE SET|GOLDEN MIRROR IMAGE VARIATION,1,Texas Rangers	(Team Card)
2025_topps_series2,2025,Topps,Series 2,the miz,The Miz,2,2,2024 FIRST PITCH|2024 FIRST PITCH AUTOGRAPH VARIATION,1,Cleveland Guardians
2025_topps_series2,2025,Topps,Series 2,thomas,Thomas,1,1,FANATICS AUTHENTIC REDEMPTION CARDS,1,Chicago White Sox
2025_topps_series2,2025,Topps,Series 2,thomas saggese,Thomas Saggese,10,16,1990 TOPPS BASEBALL|1990 TOPPS BASEBALL AUTOGRAPH CARDS|1990 TOPPS BASEBALL CHROME AUTOGRAPH CARDS|1990 TOPPS BASEBALL CHROME BASE CARDS|1990 TOPPS BASEBALL RELICS|BASE CARDS PLAYER NUMBER VARIATION|BASE SET|BIG APPLE|CARDINALS BASE CARD VARIATION AUTOGRAPH|COMPANION CARDS|FLAGSHIP REAL ONE AUTOGRAPH CARDS|GOLDEN MIRROR IMAGE VARIATION|MAJOR LEAGUE MATERIAL AUTOGRAPH CARDS|MAJOR LEAGUE MATERIAL CARDS|OVERSIZED 2025 TOPPS BASEBALL|REAL ONE RELICS,2,St. Louis Cardinals|St. Louis Cardinals	RC
2025_topps_series2,2025,Topps,Series 2,tim hudson,Tim Hudson,1,1,1990 TOPPS BASEBALL AUTOGRAPH CARDS,1,Atlanta Braves
2025_topps_series2,2025,Topps,Series 2,tim raines,Tim Raines,1,1,1990 TOPPS BASEBALL AUTOGRAPH CARDS,1,Montréal Expos
2025_topps_series2,2025,Topps,Series 2,tj friedl,Tj Friedl,1,2,BASE SET|GOLDEN MIRROR IMAGE VARIATION,1,Cincinnati Reds
2025_topps_series2,2025,Topps,Series 2,tobias myers,Tobias Myers,1,2,BASE SET|GOLDEN MIRROR IMAGE VARIATION,1,Milwaukee Brewers	(Future Stars)
2025_topps_series2,2025,Topps,Series 2,tom glavine,Tom Glavine,1,1,1990 TOPPS BASEBALL ALL STAR AUTOGRAPH CARDS,1,Atlanta Braves
2025_topps_series2,2025,Topps,Series 2,tommy edman,Tommy Edman,4,3,BASEBALL STARS TRIPLE AUTOGRAPHS|WORLD CHAMPION AUTOGRAPH CARDS|WORLD CHAMPION DUAL AUTOGRAPH CARDS,1,Los Angeles Dodgers
2025_topps_series2,2025,Topps,Series 2,tomoyuki sugano,Tomoyuki Sugano,2,4,1990 TOPPS BASEBALL CHROME BASE CARDS|BASE SET|BIG APPLE|GOLDEN MIRROR IMAGE VARIATION,2,Baltimore Orioles|Baltimore Orioles	RC
2025_topps_series2,2025,Topps,Series 2,tony gonsolin,Tony Gonsolin,2,2,BASEBALL STARS AUTOGRAPHS|WORLD CHAMPION AUTOGRAPH CARDS,1,Los Angeles Dodgers
2025_topps_series2,2025,Topps,Series 2,tony gwynn,Tony Gwynn,1,1,1990 TOPPS BASEBALL ALL STAR RELICS,1,San Diego Padres
2025_topps_series2,2025,Topps,Series 2,tony oliva,Tony Oliva,1,1,BASEBALL STARS AUTOGRAPHS,1,Minnesota Twins
2025_topps_series2,2025,Topps,Series 2,toronto blue jays,Toronto Blue Jays,1,2,BASE SET|GOLDEN MIRROR IMAGE VARIATION,1,Toronto Blue Jays	(Team Card)
2025_topps_series2,2025,Topps,Series 2,trea turner,Trea Turner,16,21,1990 TOPPS ALL STAR BASEBALL|1990 TOPPS BASEBALL ALL STAR RELICS|1990 TOPPS BASEBALL CHROME ALL STARS|BASE CARDS PLAYER NUMBER VARIATION|BASE SET|BIG APPLE|CITY CONNECT SWATCH COLLECTION|COMPANION CARDS|DYNAMIC DUOS|FLAGSHIP REAL ONE AUTOGRAPH CARDS|GOLDEN MIRROR IMAGE VARIATION|HOMEFIELD ADVANTAGE|MAJOR LEAGUE MATERIAL CARDS|MAJOR LEAGUE MATERIAL DUAL RELIC CARDS|OVERSIZED 2025 TOPPS BASEBALL|REAL ONE RELICS|ROUNDING THE BASES DUAL RELICS|ROUNDING THE BASES RELICS|STARS OF MLB|SUMMER SUPERSTARS|TRADING CARD ENAMEL PINS,1,Philadelphia Phillies
2025_topps_series2,2025,Topps,Series 2,trent grisham,Trent Grisham,1,2,BASE SET|GOLDEN MIRROR IMAGE VARIATION,1,New York Yankees
2025_topps_series2,2025,Topps,Series 2,trevor hoffman,Trevor Hoffman,3,2,BASEBALL STARS DUAL AUTOGRAPHS|BASEBALL STARS TRIPLE AUTOGRAPHS,1,San Diego Padres
2025_topps_series2,2025,Topps,Series 2,trevor larnach,Trevor Larnach,1,1,ROUNDING THE BASES DUAL RELICS,1,Minnesota Twins
2025_topps_series2,2025,Topps,Series 2,trevor mcdonald,Trevor McDonald,1,2,BASE SET|GOLDEN MIRROR IMAGE VARIATION,1,San Francisco Giants	RC
2025_topps_series2,2025,Topps,Series 2,trevor story,Trevor Story,3,4,BASE SET|GOLDEN MIRROR IMAGE VARIATION|IN THE NAME RELICS|MAJOR LEAGUE MATERIAL CARDS,1,Boston Red Sox
2025_topps_series2,2025,Topps,Series 2,trey sweeney,Trey Sweeney,5,5,1990 TOPPS BASEBALL AUTOGRAPH CARDS|1990 TOPPS BASEBALL CHROME AUTOGRAPH CARDS|BASEBALL STARS AUTOGRAPHS|MAJOR LEAGUE MATERIAL AUTOGRAPH CARDS|MAJOR LEAGUE MATERIAL CARDS,1,Detroit Tigers
2025_topps_series2,2025,Topps,Series 2,triston casas,Triston Casas,2,2,IN THE NAME RELICS|MAJOR LEAGUE MATERIAL CARDS,1,Boston Red Sox
2025_topps_series2,2025,Topps,Series 2,triston mckenzie,Triston McKenzie,2,3,BASE SET|BASEBALL STARS AUTOGRAPHS|GOLDEN MIRROR IMAGE VARIATION,1,Cleveland Guardians
2025_topps_series2,2025,Topps,Series 2,troy taylor,Troy Taylor,1,2,BASE SET|GOLDEN MIRROR IMAGE VARIATION,1,Seattle Mariners	RC
2025_topps_series2,2025,Topps,Series 2,tucker,Tucker,1,1,SOCIAL MEDIA FOLLOW BACK REDEMPTION,1,Chicago Cubs
2025_topps_series2,2025,Topps,Series 2,turner,Turner,1,1,FANATICS AUTHENTIC REDEMPTION CARDS,1,Philadelphia Phillies
2025_topps_series2,2025,Topps,Series 2,ty madden,Ty Madden,2,5,BASE SET|BASEBALL STARS AUTOGRAPHS|BIG APPLE|FLAGSHIP REAL ONE AUTOGRAPH CARDS|GOLDEN MIRROR IMAGE VARIATION,2,Detroit Tigers|Detroit Tigers	RC
2025_topps_series2,2025,Topps,Series 2,tyler anderson,Tyler Anderson,1,2,BASE SET|GOLDEN MIRROR IMAGE VARIATION,1,Angels
2025_topps_series2,2025,Topps,Series 2,tyler fitzgerald,Tyler Fitzgerald,2,4,1990 TOPPS BASEBALL AUTOGRAPH CARDS|BASE SET|BIG APPLE|GOLDEN MIRROR IMAGE VARIATION,1,San Francisco Giants
2025_topps_series2,2025,Topps,Series 2,tyler gentry,Tyler Gentry,1,1,BASEBALL STARS AUTOGRAPHS,1,Kansas City Royals
2025_topps_series2,2025,Topps,Series 2,tyler locklear,Tyler Locklear,2,2,1990 TOPPS BASEBALL RELICS|MAJOR LEAGUE MATERIAL AUTOGRAPH CARDS,1,Seattle Mariners
2025_topps_series2,2025,Topps,Series 2,tyler nevin,Tyler Nevin,1,2,BASE SET|GOLDEN MIRROR IMAGE VARIATION,1,Athletics
2025_topps_series2,2025,Topps,Series 2,tyler o'neill,Tyler O'Neill,1,2,BASE SET|GOLDEN MIRROR IMAGE VARIATION,1,Baltimore Orioles
2025_topps_series2,2025,Topps,Series 2,tyler phillips,Tyler Phillips,1,1,BASEBALL STARS AUTOGRAPHS,1,Philadelphia Phillies
2025_topps_series2,2025,Topps,Series 2,tyler stephenson,Tyler Stephenson,2,2,MAJOR LEAGUE MATERIAL DUAL AUTOGRAPH CARDS|MAJOR LEAGUE MATERIAL DUAL RELIC CARDS,1,Cincinnati Reds
2025_topps_series2,2025,Topps,Series 2,valente bellozo,Valente Bellozo,2,4,BASE SET|BASEBALL STARS AUTOGRAPHS|BIG APPLE|GOLDEN MIRROR IMAGE VARIATION,2,Miami Marlins|Miami Marlins	RC
2025_topps_series2,2025,Topps,Series 2,victor robles,Victor Robles,1,2,BASE SET|GOLDEN MIRROR IMAGE VARIATION,1,Seattle Mariners
2025_topps_series2,2025,Topps,Series 2,victor scott ii,Victor Scott II,2,4,BASE SET|CARDINALS BASE CARD VARIATION AUTOGRAPH|GOLDEN MIRROR IMAGE VARIATION|RICKWOOD AUTOGRAPH RELIC COLLECTION,1,St. Louis Cardinals
2025_topps_series2,2025,Topps,Series 2,vidal bruján,Vidal Bruján,1,2,BASE SET|GOLDEN MIRROR IMAGE VARIATION,1,Chicago Cubs
2025_topps_series2,2025,Topps,Series 2,vladimir guerrero,Vladimir Guerrero,2,2,1990 TOPPS BASEBALL ALL STAR AUTOGRAPH CARDS|BASEBALL STARS DUAL AUTOGRAPHS,1,Montréal Expos
2025_topps_series2,2025,Topps,Series 2,vladimir guerrero jr.,Vladimir Guerrero Jr.,23,23,1990 TOPPS ALL STAR BASEBALL|1990 TOPPS BASEBALL ALL STAR AUTOGRAPH CARDS|1990 TOPPS BASEBALL ALL STAR RELICS|1990 TOPPS BASEBALL CHROME ALL STARS|1990 TOPPS BASEBALL CHROME ALL STARS AUTOGRAPHS|2025 TOPPS FLAGSHIP AUTOGRAPH PATCH CARDS|ALL KINGS|BASEBALL STARS AUTOGRAPHS|BASEBALL STARS DUAL AUTOGRAPHS|BASEBALL STARS TRIPLE AUTOGRAPHS|CITY CONNECT SWATCH COLLECTION|DYNAMIC DUOS|HEAVY LUMBER AUTOGRAPH RELICS|HOMEFIELD ADVANTAGE|IN THE NAME RELICS|MAJOR LEAGUE MATERIAL CARDS|MAJOR LEAGUE MATERIAL DUAL AUTOGRAPH CARDS|MAJOR LEAGUE MATERIAL DUAL RELIC CARDS|OPS BESTS|ROUNDING THE BASES AUTOGRAPH RELIC|ROUNDING THE BASES DUAL RELICS|SUMMER SUPERSTARS|SWINGING WITH THE STARS,1,Toronto Blue Jays
2025_topps_series2,2025,Topps,Series 2,wade boggs,Wade Boggs,1,1,1990 TOPPS BASEBALL ALL STAR AUTOGRAPH CARDS,1,Boston Red Sox
2025_topps_series2,2025,Topps,Series 2,walker buehler,Walker Buehler,2,2,WORLD CHAMPION AUTOGRAPH CARDS|WORLD CHAMPION DUAL AUTOGRAPH CARDS,1,Los Angeles Dodgers
2025_topps_series2,2025,Topps,Series 2,walter pennington,Walter Pennington,1,2,BASE SET|GOLDEN MIRROR IMAGE VARIATION,1,Texas Rangers	RC
2025_topps_series2,2025,Topps,Series 2,washington nationals,Washington Nationals,1,2,BASE SET|GOLDEN MIRROR IMAGE VARIATION,1,Washington Nationals	(Team Card)
2025_topps_series2,2025,Topps,Series 2,wenceel pérez,Wenceel Pérez,2,3,BASE SET|CITY CONNECT SWATCH COLLECTION|GOLDEN MIRROR IMAGE VARIATION,1,Detroit Tigers
2025_topps_series2,2025,Topps,Series 2,weston wilson,Weston Wilson,1,2,BASE SET|GOLDEN MIRROR IMAGE VARIATION,1,Philadelphia Phillies
2025_topps_series2,2025,Topps,Series 2,whit merrifield,Whit Merrifield,1,2,BASE SET|GOLDEN MIRROR IMAGE VARIATION,1,Atlanta Braves
2025_topps_series2,2025,Topps,Series 2,will brennan,Will Brennan,1,1,ROUNDING THE BASES AUTOGRAPH RELIC,1,Cleveland Guardians
2025_topps_series2,2025,Topps,Series 2,will clark,Will Clark,3,2,1990 TOPPS BASEBALL ALL STAR AUTOGRAPH CARDS|BASEBALL STARS DUAL AUTOGRAPHS,1,San Francisco Giants
2025_topps_series2,2025,Topps,Series 2,will smith,Will Smith,11,9,1990 TOPPS BASEBALL AUTOGRAPH CARDS|2025 TOPPS FLAGSHIP AUTOGRAPH PATCH CARDS|BASEBALL STARS TRIPLE AUTOGRAPHS|IN THE NAME RELICS|MAJOR LEAGUE MATERIAL CARDS|MAJOR LEAGUE MATERIAL DUAL AUTOGRAPH CARDS|MAJOR LEAGUE MATERIAL DUAL RELIC CARDS|WORLD CHAMPION AUTOGRAPH CARDS|WORLD CHAMPION DUAL AUTOGRAPH CARDS,1,Los Angeles Dodgers
2025_topps_series2,2025,Topps,Series 2,will wagner,Will Wagner,5,9,1990 TOPPS BASEBALL AUTOGRAPH CARDS|1990 TOPPS BASEBALL CHROME AUTOGRAPH CARDS|1990 TOPPS BASEBALL CHROME BASE CARDS|BASE SET|BIG APPLE|FLAGSHIP REAL ONE AUTOGRAPH CARDS|GOLDEN MIRROR IMAGE VARIATION|MAJOR LEAGUE MATERIAL AUTOGRAPH CARDS|REAL ONE RELICS,2,Toronto Blue Jays|Toronto Blue Jays	RC
2025_topps_series2,2025,Topps,Series 2,will warren,Will Warren,2,2,1990 TOPPS BASEBALL AUTOGRAPH CARDS|1990 TOPPS BASEBALL RELICS,1,New York Yankees
2025_topps_series2,2025,Topps,Series 2,william contreras,William Contreras,18,20,1990 TOPPS ALL STAR BASEBALL|1990 TOPPS BASEBALL|1990 TOPPS BASEBALL AUTOGRAPH CARDS|1990 TOPPS BASEBALL CHROME ALL STARS AUTOGRAPHS|1990 TOPPS BASEBALL CHROME AUTOGRAPH CARDS|1990 TOPPS BASEBALL CHROME BASE CARDS|2025 TOPPS FLAGSHIP AUTOGRAPH PATCH CARDS|BASE SET|BIG APPLE|CITY CONNECT SWATCH COLLECTION|COMPANION CARDS|GOLDEN MIRROR IMAGE VARIATION|HEAVY LUMBER AUTOGRAPH RELICS|HOMEFIELD ADVANTAGE|IN THE NAME RELICS|MAJOR LEAGUE MATERIAL CARDS|MAJOR LEAGUE MATERIAL DUAL RELIC CARDS|OPS BESTS|OVERSIZED 2025 TOPPS BASEBALL|POSTSEASON	PERFORMANCE AUTOGRAPH CARDS,1,Milwaukee Brewers
2025_topps_series2,2025,Topps,Series 2,willie mays,Willie Mays,3,3,1990 TOPPS ALL STAR BASEBALL|1990 TOPPS BASEBALL CHROME ALL STARS|ALL KINGS,1,San Francisco Giants
2025_topps_series2,2025,Topps,Series 2,willson contreras,Willson Contreras,1,4,BASE SET|BIG APPLE|GOLDEN MIRROR IMAGE VARIATION|REAL ONE RELICS,1,St. Louis Cardinals
2025_topps_series2,2025,Topps,Series 2,willy adames,Willy Adames,3,5,1990 TOPPS BASEBALL|1990 TOPPS BASEBALL CHROME BASE CARDS|BASE SET|BIG APPLE|GOLDEN MIRROR IMAGE VARIATION,1,San Francisco Giants
2025_topps_series2,2025,Topps,Series 2,wilson,Wilson,1,1,José Ramírez	Cleveland Guardians,1,Athletics	RC
2025_topps_series2,2025,Topps,Series 2,wilyer abreu,Wilyer Abreu,2,4,BASE SET|BIG APPLE|GOLDEN MIRROR IMAGE VARIATION|ROUNDING THE BASES DUAL RELICS,2,Boston Red Sox|Boston Red Sox	(Future Stars)
2025_topps_series2,2025,Topps,Series 2,witt jr.,Witt Jr.,1,1,FANATICS AUTHENTIC REDEMPTION CARDS,1,Kansas City Royals
2025_topps_series2,2025,Topps,Series 2,wyatt langford,Wyatt Langford,10,15,1990 TOPPS BASEBALL|1990 TOPPS BASEBALL RELICS|BASE CARDS PLAYER NUMBER VARIATION|BASE SET|BASEBALL STARS TRIPLE AUTOGRAPHS|BIG APPLE|COMPANION CARDS|FLAGSHIP REAL ONE AUTOGRAPH CARDS|GOLDEN MIRROR IMAGE VARIATION|MAJOR LEAGUE MATERIAL CARDS|OVERSIZED 2025 TOPPS BASEBALL|REAL ONE RELICS|ROUNDING THE BASES AUTOGRAPH RELIC|STARS OF MLB|SUMMER SUPERSTARS,1,Texas Rangers
2025_topps_series2,2025,Topps,Series 2,xander bogaerts,Xander Bogaerts,11,12,1990 TOPPS BASEBALL|1990 TOPPS BASEBALL ALL STAR RELICS|1990 TOPPS BASEBALL CHROME AUTOGRAPH CARDS|1990 TOPPS BASEBALL CHROME BASE CARDS|BASE SET|GOLDEN MIRROR IMAGE VARIATION|IN THE NAME RELICS|MAJOR LEAGUE MATERIAL CARDS|MAJOR LEAGUE MATERIAL DUAL RELIC CARDS|POSTSEASON	PERFORMANCE AUTOGRAPH CARDS|ROUNDING THE BASES AUTOGRAPH RELIC|ROUNDING THE BASES DUAL RELICS,2,San Diego Padres|San Diego Padres	(Combo Card/Checklist)
2025_topps_series2,2025,Topps,Series 2,yadier molina,Yadier Molina,2,2,BASEBALL STARS DUAL AUTOGRAPHS|BASEBALL STARS TRIPLE AUTOGRAPHS,1,St. Louis Cardinals
2025_topps_series2,2025,Topps,Series 2,yandy díaz,Yandy Díaz,4,5,BASE SET|BASEBALL STARS AUTOGRAPHS|GOLDEN MIRROR IMAGE VARIATION|ROUNDING THE BASES AUTOGRAPH RELIC|ROUNDING THE BASES DUAL RELICS,1,Tampa Bay Rays
2025_topps_series2,2025,Topps,Series 2,yariel rodríguez,Yariel Rodríguez,1,2,BASE SET|GOLDEN MIRROR IMAGE VARIATION,1,Toronto Blue Jays
2025_topps_series2,2025,Topps,Series 2,yastrzemski,Yastrzemski,1,1,FANATICS AUTHENTIC REDEMPTION CARDS,1,San Francisco Giants
2025_topps_series2,2025,Topps,Series 2,yelich,Yelich,1,2,FANATICS AUTHENTIC REDEMPTION CARDS|José Ramírez	Cleveland Guardians,1,Milwaukee Brewers
2025_topps_series2,2025,Topps,Series 2,yilber diaz,Yilber Diaz,1,1,1990 TOPPS BASEBALL AUTOGRAPH CARDS,1,Arizona Diamondbacks
2025_topps_series2,2025,Topps,Series 2,yordan alvarez,Yordan Alvarez,15,15,1990 TOPPS ALL STAR BASEBALL|1990 TOPPS BASEBALL ALL STAR RELICS|1990 TOPPS BASEBALL CHROME ALL STARS|1990 TOPPS BASEBALL CHROME ALL STARS AUTOGRAPHS|ALL KINGS|BASEBALL STARS DUAL AUTOGRAPHS|HEAVY LUMBER|IN THE NAME RELICS|MAJOR LEAGUE MATERIAL CARDS|OPS BESTS|POSTSEASON	PERFORMANCE AUTOGRAPH CARDS|ROUNDING THE BASES AUTOGRAPH RELIC|ROUNDING THE BASES DUAL RELICS|SUMMER SUPERSTARS|SWINGING WITH THE STARS,1,Houston Astros
2025_topps_series2,2025,Topps,Series 2,yoshinobu yamamoto,Yoshinobu Yamamoto,12,9,1990 TOPPS BASEBALL RELICS|BASEBALL STARS TRIPLE AUTOGRAPHS|K ZONE|K ZONE SHORT PRINTS|MAJOR LEAGUE MATERIAL CARDS|STARS OF MLB|SUMMER SUPERSTARS|WORLD CHAMPION AUTOGRAPH CARDS|WORLD CHAMPION DUAL AUTOGRAPH CARDS,1,Los Angeles Dodgers
2025_topps_series2,2025,Topps,Series 2,yosver zulueta,Yosver Zulueta,1,2,BASE SET|GOLDEN MIRROR IMAGE VARIATION,1,Cincinnati Reds	RC
2025_topps_series2,2025,Topps,Series 2,yu darvish,Yu Darvish,6,6,BASEBALL STARS DUAL AUTOGRAPHS|BASEBALL STARS TRIPLE AUTOGRAPHS|IN THE NAME RELICS|K ZONE|K ZONE SHORT PRINTS|MAJOR LEAGUE MATERIAL CARDS,1,San Diego Padres
2025_topps_series2,2025,Topps,Series 2,yusei kikuchi,Yusei Kikuchi,1,2,BASE SET|GOLDEN MIRROR IMAGE VARIATION,1,Angels
2025_topps_series2,2025,Topps,Series 2,zac gallen,Zac Gallen,2,4,BASE SET|BIG APPLE|CITY CONNECT SWATCH COLLECTION|GOLDEN MIRROR IMAGE VARIATION,1,Arizona Diamondbacks
2025_topps_series2,2025,Topps,Series 2,zach brzykcy,Zach Brzykcy,1,2,BASE SET|GOLDEN MIRROR IMAGE VARIATION,1,Washington Nationals	RC
2025_topps_series2,2025,Topps,Series 2,zach dezenzo,Zach Dezenzo,6,6,1990 TOPPS BASEBALL AUTOGRAPH CARDS|1990 TOPPS BASEBALL CHROME AUTOGRAPH CARDS|1990 TOPPS BASEBALL CHROME BASE CARDS|1990 TOPPS BASEBALL RELICS|MAJOR LEAGUE MATERIAL AUTOGRAPH CARDS|MAJOR LEAGUE MATERIAL CARDS,1,Houston Astros
2025_topps_series2,2025,Topps,Series 2,zach mckinstry,Zach McKinstry,1,2,BASE SET|GOLDEN MIRROR IMAGE VARIATION,1,Detroit Tigers
2025_topps_series2,2025,Topps,Series 2,zach neto,Zach Neto,7,7,1990 TOPPS BASEBALL|1990 TOPPS BASEBALL AUTOGRAPH CARDS|1990 TOPPS BASEBALL CHROME AUTOGRAPH CARDS|1990 TOPPS BASEBALL CHROME BASE CARDS|2025 TOPPS FLAGSHIP AUTOGRAPH PATCH CARDS|BASEBALL STARS TRIPLE AUTOGRAPHS|SUMMER SUPERSTARS,1,Angels
2025_topps_series2,2025,Topps,Series 2,zach penrod,Zach Penrod,1,2,BASE SET|GOLDEN MIRROR IMAGE VARIATION,1,Boston Red Sox	RC
2025_topps_series2,2025,Topps,Series 2,zack gelof,Zack Gelof,4,6,BASE SET|BIG APPLE|GOLDEN MIRROR IMAGE VARIATION|IN THE NAME RELICS|ROUNDING THE BASES AUTOGRAPH RELIC|ROUNDING THE BASES DUAL RELICS,2,Athletics|Athletics	(Future Stars)
2025_topps_series2,2025,Topps,Series 2,zack wheeler,Zack Wheeler,2,2,IN THE NAME RELICS|MAJOR LEAGUE MATERIAL CARDS,1,Philadelphia Phillies
2025_topps_series2,2025,Topps,Series 2,zebby matthews,Zebby Matthews,6,6,1990 TOPPS BASEBALL AUTOGRAPH CARDS|1990 TOPPS BASEBALL CHROME AUTOGRAPH CARDS|1990 TOPPS BASEBALL CHROME BASE CARDS|1990 TOPPS BASEBALL RELICS|MAJOR LEAGUE MATERIAL AUTOGRAPH CARDS|MAJOR LEAGUE MATERIAL CARDS,1,Minnesota Twins
