set_key,year,brand,product,section,section_card_count,card_number,player_slot,player_name_raw,affiliation_raw,is_multi_player,raw_line
2024_topps_series1,2024,Topps,Series 1,Base,,1,1,Ronald Acuña Jr.,Atlanta Braves,False,Base	1	Ronald Acuña Jr.	Atlanta Braves
2024_topps_series1,2024,Topps,Series 1,Base,,2,1,San Diego Padres,San Diego Padres	- Team Card,False,Base	2	San Diego Padres	San Diego Padres	- Team Card
2024_topps_series1,2024,Topps,Series 1,Base,,3,1,Endy Rodríguez,Pittsburgh Pirates	RC,False,Base	3	Endy Rodríguez	Pittsburgh Pirates	RC
2024_topps_series1,2024,Topps,Series 1,Base,,4,1,Logan Webb,San Francisco Giants,False,Base	4	Logan Webb	San Francisco Giants
2024_topps_series1,2024,Topps,Series 1,Base,,5,1,Owen White,Texas Rangers	RC,False,Base	5	Owen White	Texas Rangers	RC
2024_topps_series1,2024,Topps,Series 1,Base,,6,1,Detroit Tigers,Detroit Tigers	- Team Card,False,Base	6	Detroit Tigers	Detroit Tigers	- Team Card
2024_topps_series1,2024,Topps,Series 1,Base,,7,1,Brendan Donovan,St. Louis Cardinals,False,Base	7	Brendan Donovan	St. Louis Cardinals
2024_topps_series1,2024,Topps,Series 1,Base,,8,1,Brendan White,Detroit Tigers	RC,False,Base	8	Brendan White	Detroit Tigers	RC
2024_topps_series1,2024,Topps,Series 1,Base,,9,1,Joey Wiemer,Milwaukee Brewers,False,Base	9	Joey Wiemer	Milwaukee Brewers
2024_topps_series1,2024,Topps,Series 1,Base,,10,1,Josh Naylor,Cleveland Guardians,False,Base	10	Josh Naylor	Cleveland Guardians
2024_topps_series1,2024,Topps,Series 1,Base,,11,1,Spencer Strider,Atlanta Braves,False,Base	11	Spencer Strider	Atlanta Braves
2024_topps_series1,2024,Topps,Series 1,Base,,12,1,Bryan Woo,Seattle Mariners	RC,False,Base	12	Bryan Woo	Seattle Mariners	RC
2024_topps_series1,2024,Topps,Series 1,Base,,13,1,Nick Robertson,Boston Red Sox	RC,False,Base	13	Nick Robertson	Boston Red Sox	RC
2024_topps_series1,2024,Topps,Series 1,Base,,14,1,Michael Massey,Kansas City Royals,False,Base	14	Michael Massey	Kansas City Royals
2024_topps_series1,2024,Topps,Series 1,Base,,15,1,José Soriano,Los Angeles Angels	RC,False,Base	15	José Soriano	Los Angeles Angels	RC
2024_topps_series1,2024,Topps,Series 1,Base,,16,1,Jon Gray,Texas Rangers,False,Base	16	Jon Gray	Texas Rangers
2024_topps_series1,2024,Topps,Series 1,Base,,17,1,Nick Pivetta,Boston Red Sox,False,Base	17	Nick Pivetta	Boston Red Sox
2024_topps_series1,2024,Topps,Series 1,Base,,18,1,Lars Nootbaar,St. Louis Cardinals,False,Base	18	Lars Nootbaar	St. Louis Cardinals
2024_topps_series1,2024,Topps,Series 1,Base,,19,1,Joey Votto,Cincinnati Reds,False,Base	19	Joey Votto	Cincinnati Reds
2024_topps_series1,2024,Topps,Series 1,Base,,20,1,Pete Alonso,New York Mets,False,Base	20	Pete Alonso	New York Mets
2024_topps_series1,2024,Topps,Series 1,Base,,21,1,Esteury Ruiz,Oakland Athletics,False,Base	21	Esteury Ruiz	Oakland Athletics
2024_topps_series1,2024,Topps,Series 1,Base,,22,1,Rafael Devers,Boston Red Sox,False,Base	22	Rafael Devers	Boston Red Sox
2024_topps_series1,2024,Topps,Series 1,Base,,23,1,Fernando Tatis Jr.,San Diego Padres,False,Base	23	Fernando Tatis Jr.	San Diego Padres
2024_topps_series1,2024,Topps,Series 1,Base,,24,1,Salvador Perez,Kansas City Royals,False,Base	24	Salvador Perez	Kansas City Royals
2024_topps_series1,2024,Topps,Series 1,Base,,25,1,Andy Ibáñez,Detroit Tigers,False,Base	25	Andy Ibáñez	Detroit Tigers
2024_topps_series1,2024,Topps,Series 1,Base,,26,1,Freddy Peralta,Milwaukee Brewers,False,Base	26	Freddy Peralta	Milwaukee Brewers
2024_topps_series1,2024,Topps,Series 1,Base,,27,1,Mike Trout,Los Angeles Angels,False,Base	27	Mike Trout	Los Angeles Angels
2024_topps_series1,2024,Topps,Series 1,Base,,28,1,Luis Matos,San Francisco Giants	RC,False,Base	28	Luis Matos	San Francisco Giants	RC
2024_topps_series1,2024,Topps,Series 1,Base,,29,1,Kris Bryant,Colorado Rockies,False,Base	29	Kris Bryant	Colorado Rockies
2024_topps_series1,2024,Topps,Series 1,Base,,30,1,Hunter Brown,Houston Astros	- Future Stars,False,Base	30	Hunter Brown	Houston Astros	- Future Stars
2024_topps_series1,2024,Topps,Series 1,Base,,31,1,Carmen Mlodzinski,Pittsburgh Pirates	RC,False,Base	31	Carmen Mlodzinski	Pittsburgh Pirates	RC
2024_topps_series1,2024,Topps,Series 1,Base,,32,1,Samad Taylor,Kansas City Royals	RC,False,Base	32	Samad Taylor	Kansas City Royals	RC
2024_topps_series1,2024,Topps,Series 1,Base,,33,1,Willy Adames,Milwaukee Brewers,False,Base	33	Willy Adames	Milwaukee Brewers
2024_topps_series1,2024,Topps,Series 1,Base,,34,1,Ryan Mountcastle,Baltimore Orioles,False,Base	34	Ryan Mountcastle	Baltimore Orioles
2024_topps_series1,2024,Topps,Series 1,Base,,35,1,Adley Rutschman,Baltimore Orioles,False,Base	35	Adley Rutschman	Baltimore Orioles
2024_topps_series1,2024,Topps,Series 1,Base,,36,1,Prelander Berroa,Seattle Mariners	RC,False,Base	36	Prelander Berroa	Seattle Mariners	RC
2024_topps_series1,2024,Topps,Series 1,Base,,37,1,CJ Abrams,Washington Nationals,False,Base	37	CJ Abrams	Washington Nationals
2024_topps_series1,2024,Topps,Series 1,Base,,38,1,Pete Alonso,New York Mets	- Checklist,False,Base	38	Pete Alonso	New York Mets	- Checklist
2024_topps_series1,2024,Topps,Series 1,Base,,39,1,Emerson Hancock,Seattle Mariners	RC,False,Base	39	Emerson Hancock	Seattle Mariners	RC
2024_topps_series1,2024,Topps,Series 1,Base,,40,1,Dylan Cease,Chicago White Sox,False,Base	40	Dylan Cease	Chicago White Sox
2024_topps_series1,2024,Topps,Series 1,Base,,41,1,Geraldo Perdomo,Arizona Diamondbacks,False,Base	41	Geraldo Perdomo	Arizona Diamondbacks
2024_topps_series1,2024,Topps,Series 1,Base,,42,1,Jorge Mateo,Baltimore Orioles,False,Base	42	Jorge Mateo	Baltimore Orioles
2024_topps_series1,2024,Topps,Series 1,Base,,43,1,Daulton Varsho,Toronto Blue Jays,False,Base	43	Daulton Varsho	Toronto Blue Jays
2024_topps_series1,2024,Topps,Series 1,Base,,44,1,Julio Rodríguez,Seattle Mariners,False,Base	44	Julio Rodríguez	Seattle Mariners
2024_topps_series1,2024,Topps,Series 1,Base,,45,1,Félix Bautista,Baltimore Orioles,False,Base	45	Félix Bautista	Baltimore Orioles
2024_topps_series1,2024,Topps,Series 1,Base,,46,1,Paul Goldschmidt,St. Louis Cardinals,False,Base	46	Paul Goldschmidt	St. Louis Cardinals
2024_topps_series1,2024,Topps,Series 1,Base,,47,1,Cavan Biggio,Toronto Blue Jays,False,Base	47	Cavan Biggio	Toronto Blue Jays
2024_topps_series1,2024,Topps,Series 1,Base,,48,1,Bryce Elder,Atlanta Braves,False,Base	48	Bryce Elder	Atlanta Braves
2024_topps_series1,2024,Topps,Series 1,Base,,49,1,J.P. Crawford,Seattle Mariners,False,Base	49	J.P. Crawford	Seattle Mariners
2024_topps_series1,2024,Topps,Series 1,Base,,50,1,Juan Soto,San Diego Padres,False,Base	50	Juan Soto	San Diego Padres
2024_topps_series1,2024,Topps,Series 1,Base,,51,1,Nestor Cortes Jr.,New York Yankees,False,Base	51	Nestor Cortes Jr.	New York Yankees
2024_topps_series1,2024,Topps,Series 1,Base,,52,1,Yandy Díaz,Tampa Bay Rays,False,Base	52	Yandy Díaz	Tampa Bay Rays
2024_topps_series1,2024,Topps,Series 1,Base,,53,1,Nolan Schanuel,Los Angeles Angels	RC,False,Base	53	Nolan Schanuel	Los Angeles Angels	RC
2024_topps_series1,2024,Topps,Series 1,Base,,54,1,Luis Castillo,Seattle Mariners,False,Base	54	Luis Castillo	Seattle Mariners
2024_topps_series1,2024,Topps,Series 1,Base,,55,1,Sean Murphy,Atlanta Braves,False,Base	55	Sean Murphy	Atlanta Braves
2024_topps_series1,2024,Topps,Series 1,Base,,56,1,Kyle Bradish,Baltimore Orioles,False,Base	56	Kyle Bradish	Baltimore Orioles
2024_topps_series1,2024,Topps,Series 1,Base,,57,1,Chris Bassitt,Toronto Blue Jays	- League Leaders,True,Base	57	Chris Bassitt / Zach Eflin / Gerrit Cole	Toronto Blue Jays	- League Leaders
2024_topps_series1,2024,Topps,Series 1,Base,,57,2,Zach Eflin,Toronto Blue Jays	- League Leaders,True,Base	57	Chris Bassitt / Zach Eflin / Gerrit Cole	Toronto Blue Jays	- League Leaders
2024_topps_series1,2024,Topps,Series 1,Base,,57,3,Gerrit Cole,Toronto Blue Jays	- League Leaders,True,Base	57	Chris Bassitt / Zach Eflin / Gerrit Cole	Toronto Blue Jays	- League Leaders
2024_topps_series1,2024,Topps,Series 1,Base,,57,1,Chris Bassitt,Tampa Bay Rays	- League Leaders,True,Base	57	Chris Bassitt / Zach Eflin / Gerrit Cole	Tampa Bay Rays	- League Leaders
2024_topps_series1,2024,Topps,Series 1,Base,,57,2,Zach Eflin,Tampa Bay Rays	- League Leaders,True,Base	57	Chris Bassitt / Zach Eflin / Gerrit Cole	Tampa Bay Rays	- League Leaders
2024_topps_series1,2024,Topps,Series 1,Base,,57,3,Gerrit Cole,Tampa Bay Rays	- League Leaders,True,Base	57	Chris Bassitt / Zach Eflin / Gerrit Cole	Tampa Bay Rays	- League Leaders
2024_topps_series1,2024,Topps,Series 1,Base,,57,1,Chris Bassitt,New York Yankees	- League Leaders,True,Base	57	Chris Bassitt / Zach Eflin / Gerrit Cole	New York Yankees	- League Leaders
2024_topps_series1,2024,Topps,Series 1,Base,,57,2,Zach Eflin,New York Yankees	- League Leaders,True,Base	57	Chris Bassitt / Zach Eflin / Gerrit Cole	New York Yankees	- League Leaders
2024_topps_series1,2024,Topps,Series 1,Base,,57,3,Gerrit Cole,New York Yankees	- League Leaders,True,Base	57	Chris Bassitt / Zach Eflin / Gerrit Cole	New York Yankees	- League Leaders
2024_topps_series1,2024,Topps,Series 1,Base,,58,1,Isaiah Campbell,Seattle Mariners	RC,False,Base	58	Isaiah Campbell	Seattle Mariners	RC
2024_topps_series1,2024,Topps,Series 1,Base,,59,1,Brandon Nimmo,New York Mets,False,Base	59	Brandon Nimmo	New York Mets
2024_topps_series1,2024,Topps,Series 1,Base,,60,1,Jasson Domínguez,New York Yankees	(RC),False,Base	60	Jasson Domínguez	New York Yankees	(RC)
2024_topps_series1,2024,Topps,Series 1,Base,,61,1,William Contreras,Milwaukee Brewers,False,Base	61	William Contreras	Milwaukee Brewers
2024_topps_series1,2024,Topps,Series 1,Base,,62,1,Justin Verlander,Houston Astros,False,Base	62	Justin Verlander	Houston Astros
2024_topps_series1,2024,Topps,Series 1,Base,,63,1,Christian Walker,Arizona Diamondbacks,False,Base	63	Christian Walker	Arizona Diamondbacks
2024_topps_series1,2024,Topps,Series 1,Base,,64,1,J.D. Davis,San Francisco Giants,False,Base	64	J.D. Davis	San Francisco Giants
2024_topps_series1,2024,Topps,Series 1,Base,,65,1,Johan Oviedo,Pittsburgh Pirates,False,Base	65	Johan Oviedo	Pittsburgh Pirates
2024_topps_series1,2024,Topps,Series 1,Base,,66,1,Jordan Westburg,Baltimore Orioles	RC,False,Base	66	Jordan Westburg	Baltimore Orioles	RC
2024_topps_series1,2024,Topps,Series 1,Base,,67,1,Jorge Polanco,Minnesota Twins,False,Base	67	Jorge Polanco	Minnesota Twins
2024_topps_series1,2024,Topps,Series 1,Base,,68,1,Stone Garrett,Washington Nationals,False,Base	68	Stone Garrett	Washington Nationals
2024_topps_series1,2024,Topps,Series 1,Base,,69,1,Griffin Canning,Los Angeles Angels,False,Base	69	Griffin Canning	Los Angeles Angels
2024_topps_series1,2024,Topps,Series 1,Base,,70,1,Ronald Acuña Jr.,Atlanta Braves	- Checklist,False,Base	70	Ronald Acuña Jr.	Atlanta Braves	- Checklist
2024_topps_series1,2024,Topps,Series 1,Base,,71,1,Brandon Marsh,Philadelphia Phillies,False,Base	71	Brandon Marsh	Philadelphia Phillies
2024_topps_series1,2024,Topps,Series 1,Base,,72,1,George Springer,Toronto Blue Jays,False,Base	72	George Springer	Toronto Blue Jays
2024_topps_series1,2024,Topps,Series 1,Base,,73,1,Chris Murphy,Boston Red Sox	RC,False,Base	73	Chris Murphy	Boston Red Sox	RC
2024_topps_series1,2024,Topps,Series 1,Base,,74,1,Mickey Moniak,Los Angeles Angels,False,Base	74	Mickey Moniak	Los Angeles Angels
2024_topps_series1,2024,Topps,Series 1,Base,,75,1,George Kirby,Seattle Mariners,False,Base	75	George Kirby	Seattle Mariners
2024_topps_series1,2024,Topps,Series 1,Base,,76,1,(RC),Milwaukee Brewers	RC,False,Base	76	(RC)	Milwaukee Brewers	RC
2024_topps_series1,2024,Topps,Series 1,Base,,77,1,Yainer Díaz,Houston Astros,False,Base	77	Yainer Díaz	Houston Astros
2024_topps_series1,2024,Topps,Series 1,Base,,78,1,Mark Vientos,New York Mets,False,Base	78	Mark Vientos	New York Mets
2024_topps_series1,2024,Topps,Series 1,Base,,79,1,Seth Brown,Oakland Athletics,False,Base	79	Seth Brown	Oakland Athletics
2024_topps_series1,2024,Topps,Series 1,Base,,80,1,JP Sears,Oakland Athletics,False,Base	80	JP Sears	Oakland Athletics
2024_topps_series1,2024,Topps,Series 1,Base,,81,1,Nick Fortes,Miami Marlins,False,Base	81	Nick Fortes	Miami Marlins
2024_topps_series1,2024,Topps,Series 1,Base,,82,1,Curtis Mead,Tampa Bay Rays	RC,False,Base	82	Curtis Mead	Tampa Bay Rays	RC
2024_topps_series1,2024,Topps,Series 1,Base,,83,1,Keaton Winn,San Francisco Giants	RC,False,Base	83	Keaton Winn	San Francisco Giants	RC
2024_topps_series1,2024,Topps,Series 1,Base,,84,1,Alex Bregman,Houston Astros,False,Base	84	Alex Bregman	Houston Astros
2024_topps_series1,2024,Topps,Series 1,Base,,85,1,Jose Ferrer,Washington Nationals	RC,False,Base	85	Jose Ferrer	Washington Nationals	RC
2024_topps_series1,2024,Topps,Series 1,Base,,86,1,José Rodríguez,Chicago White Sox	RC,False,Base	86	José Rodríguez	Chicago White Sox	RC
2024_topps_series1,2024,Topps,Series 1,Base,,87,1,Tony Gonsolin,Los Angeles Dodgers,False,Base	87	Tony Gonsolin	Los Angeles Dodgers
2024_topps_series1,2024,Topps,Series 1,Base,,88,1,Orlando Arcia,Atlanta Braves,False,Base	88	Orlando Arcia	Atlanta Braves
2024_topps_series1,2024,Topps,Series 1,Base,,89,1,Tyler Glasnow,Tampa Bay Rays,False,Base	89	Tyler Glasnow	Tampa Bay Rays
2024_topps_series1,2024,Topps,Series 1,Base,,90,1,Oneil Cruz,Pittsburgh Pirates,False,Base	90	Oneil Cruz	Pittsburgh Pirates
2024_topps_series1,2024,Topps,Series 1,Base,,91,1,Matt Wallner,Minnesota Twins,False,Base	91	Matt Wallner	Minnesota Twins
2024_topps_series1,2024,Topps,Series 1,Base,,92,1,Coco Montes,Colorado Rockies	RC,False,Base	92	Coco Montes	Colorado Rockies	RC
2024_topps_series1,2024,Topps,Series 1,Base,,93,1,Quinn Priester,Pittsburgh Pirates	RC,False,Base	93	Quinn Priester	Pittsburgh Pirates	RC
2024_topps_series1,2024,Topps,Series 1,Base,,94,1,Byron Buxton,Minnesota Twins,False,Base	94	Byron Buxton	Minnesota Twins
2024_topps_series1,2024,Topps,Series 1,Base,,95,1,Cole Ragans,Kansas City Royals,False,Base	95	Cole Ragans	Kansas City Royals
2024_topps_series1,2024,Topps,Series 1,Base,,96,1,Christian Bethancourt,Tampa Bay Rays,False,Base	96	Christian Bethancourt	Tampa Bay Rays
2024_topps_series1,2024,Topps,Series 1,Base,,97,1,Alex Verdugo,Boston Red Sox,False,Base	97	Alex Verdugo	Boston Red Sox
2024_topps_series1,2024,Topps,Series 1,Base,,98,1,José Quintana,New York Mets,False,Base	98	José Quintana	New York Mets
2024_topps_series1,2024,Topps,Series 1,Base,,99,1,Aaron Judge,New York Yankees,False,Base	99	Aaron Judge	New York Yankees
2024_topps_series1,2024,Topps,Series 1,Base,,100,1,Gerrit Cole,New York Yankees,False,Base	100	Gerrit Cole	New York Yankees
2024_topps_series1,2024,Topps,Series 1,Base,,101,1,Jordan Romano,Toronto Blue Jays,False,Base	101	Jordan Romano	Toronto Blue Jays
2024_topps_series1,2024,Topps,Series 1,Base,,102,1,Freddie Freeman,Los Angeles Dodgers,False,Base	102	Freddie Freeman	Los Angeles Dodgers
2024_topps_series1,2024,Topps,Series 1,Base,,103,1,Brandon Woodruff,Milwaukee Brewers,False,Base	103	Brandon Woodruff	Milwaukee Brewers
2024_topps_series1,2024,Topps,Series 1,Base,,104,1,Connor Wong,Boston Red Sox,False,Base	104	Connor Wong	Boston Red Sox
2024_topps_series1,2024,Topps,Series 1,Base,,105,1,Oscar Colás,Chicago White Sox,False,Base	105	Oscar Colás	Chicago White Sox
2024_topps_series1,2024,Topps,Series 1,Base,,106,1,Adolis García,Texas Rangers	- League Leaders,True,Base	106	Adolis García / Kyle Tucker / Julio Rodríguez	Texas Rangers	- League Leaders
2024_topps_series1,2024,Topps,Series 1,Base,,106,2,Kyle Tucker,Texas Rangers	- League Leaders,True,Base	106	Adolis García / Kyle Tucker / Julio Rodríguez	Texas Rangers	- League Leaders
2024_topps_series1,2024,Topps,Series 1,Base,,106,3,Julio Rodríguez,Texas Rangers	- League Leaders,True,Base	106	Adolis García / Kyle Tucker / Julio Rodríguez	Texas Rangers	- League Leaders
2024_topps_series1,2024,Topps,Series 1,Base,,106,1,Adolis García,Houston Astros	- League Leaders,True,Base	106	Adolis García / Kyle Tucker / Julio Rodríguez	Houston Astros	- League Leaders
2024_topps_series1,2024,Topps,Series 1,Base,,106,2,Kyle Tucker,Houston Astros	- League Leaders,True,Base	106	Adolis García / Kyle Tucker / Julio Rodríguez	Houston Astros	- League Leaders
2024_topps_series1,2024,Topps,Series 1,Base,,106,3,Julio Rodríguez,Houston Astros	- League Leaders,True,Base	106	Adolis García / Kyle Tucker / Julio Rodríguez	Houston Astros	- League Leaders
2024_topps_series1,2024,Topps,Series 1,Base,,106,1,Adolis García,Seattle Mariners	- League Leaders,True,Base	106	Adolis García / Kyle Tucker / Julio Rodríguez	Seattle Mariners	- League Leaders
2024_topps_series1,2024,Topps,Series 1,Base,,106,2,Kyle Tucker,Seattle Mariners	- League Leaders,True,Base	106	Adolis García / Kyle Tucker / Julio Rodríguez	Seattle Mariners	- League Leaders
2024_topps_series1,2024,Topps,Series 1,Base,,106,3,Julio Rodríguez,Seattle Mariners	- League Leaders,True,Base	106	Adolis García / Kyle Tucker / Julio Rodríguez	Seattle Mariners	- League Leaders
2024_topps_series1,2024,Topps,Series 1,Base,,107,1,Shane Bieber,Cleveland Guardians,False,Base	107	Shane Bieber	Cleveland Guardians
2024_topps_series1,2024,Topps,Series 1,Base,,108,1,Jarren Duran,Boston Red Sox,False,Base	108	Jarren Duran	Boston Red Sox
2024_topps_series1,2024,Topps,Series 1,Base,,109,1,Michael Kopech,Chicago White Sox,False,Base	109	Michael Kopech	Chicago White Sox
2024_topps_series1,2024,Topps,Series 1,Base,,110,1,Zac Gallen,Arizona Diamondbacks,False,Base	110	Zac Gallen	Arizona Diamondbacks
2024_topps_series1,2024,Topps,Series 1,Base,,111,1,Grayson Rodriguez,Baltimore Orioles	- Future Stars,False,Base	111	Grayson Rodriguez	Baltimore Orioles	- Future Stars
2024_topps_series1,2024,Topps,Series 1,Base,,112,1,Merrill Kelly,Arizona Diamondbacks,False,Base	112	Merrill Kelly	Arizona Diamondbacks
2024_topps_series1,2024,Topps,Series 1,Base,,113,1,MacKenzie Gore,Washington Nationals,False,Base	113	MacKenzie Gore	Washington Nationals
2024_topps_series1,2024,Topps,Series 1,Base,,114,1,José Ramírez,Cleveland Guardians,False,Base	114	José Ramírez	Cleveland Guardians
2024_topps_series1,2024,Topps,Series 1,Base,,115,1,Bobby Miller,Los Angeles Dodgers	- Future Stars,False,Base	115	Bobby Miller	Los Angeles Dodgers	- Future Stars
2024_topps_series1,2024,Topps,Series 1,Base,,116,1,Emmanuel Clase,Cleveland Guardians,False,Base	116	Emmanuel Clase	Cleveland Guardians
2024_topps_series1,2024,Topps,Series 1,Base,,117,1,AJ Smith-Shawver,Atlanta Braves	RC,False,Base	117	AJ Smith-Shawver	Atlanta Braves	RC
2024_topps_series1,2024,Topps,Series 1,Base,,118,1,Nolan Arenado,St. Louis Cardinals,False,Base	118	Nolan Arenado	St. Louis Cardinals
2024_topps_series1,2024,Topps,Series 1,Base,,119,1,Hunter Greene,Cincinnati Reds,False,Base	119	Hunter Greene	Cincinnati Reds
2024_topps_series1,2024,Topps,Series 1,Base,,120,1,Edwin Díaz,New York Mets,False,Base	120	Edwin Díaz	New York Mets
2024_topps_series1,2024,Topps,Series 1,Base,,121,1,Bailey Ober,Minnesota Twins,False,Base	121	Bailey Ober	Minnesota Twins
2024_topps_series1,2024,Topps,Series 1,Base,,122,1,Cal Raleigh,Seattle Mariners,False,Base	122	Cal Raleigh	Seattle Mariners
2024_topps_series1,2024,Topps,Series 1,Base,,123,1,Jesús Luzardo,Miami Marlins,False,Base	123	Jesús Luzardo	Miami Marlins
2024_topps_series1,2024,Topps,Series 1,Base,,124,1,Mike Yastrzemski,San Francisco Giants,False,Base	124	Mike Yastrzemski	San Francisco Giants
2024_topps_series1,2024,Topps,Series 1,Base,,125,1,Jake Burger,Miami Marlins,False,Base	125	Jake Burger	Miami Marlins
2024_topps_series1,2024,Topps,Series 1,Base,,126,1,Philadelphia Phillies,Philadelphia Phillies	- Team Card,False,Base	126	Philadelphia Phillies	Philadelphia Phillies	- Team Card
2024_topps_series1,2024,Topps,Series 1,Base,,127,1,Ha-Seong Kim,San Diego Padres,False,Base	127	Ha-Seong Kim	San Diego Padres
2024_topps_series1,2024,Topps,Series 1,Base,,128,1,Christopher Morel,Chicago Cubs	- Future Stars,False,Base	128	Christopher Morel	Chicago Cubs	- Future Stars
2024_topps_series1,2024,Topps,Series 1,Base,,129,1,Adbert Alzolay,Chicago Cubs,False,Base	129	Adbert Alzolay	Chicago Cubs
2024_topps_series1,2024,Topps,Series 1,Base,,130,1,Grant Hartwig,New York Mets	RC,False,Base	130	Grant Hartwig	New York Mets	RC
2024_topps_series1,2024,Topps,Series 1,Base,,131,1,Eduardo Rodriguez,Detroit Tigers,False,Base	131	Eduardo Rodriguez	Detroit Tigers
2024_topps_series1,2024,Topps,Series 1,Base,,132,1,Houston Astros,Houston Astros	- Team Card,False,Base	132	Houston Astros	Houston Astros	- Team Card
2024_topps_series1,2024,Topps,Series 1,Base,,133,1,Elly De La Cruz,Cincinnati Reds	- Checklist,False,Base	133	Elly De La Cruz	Cincinnati Reds	- Checklist
2024_topps_series1,2024,Topps,Series 1,Base,,134,1,Adolis García,Texas Rangers,False,Base	134	Adolis García	Texas Rangers
2024_topps_series1,2024,Topps,Series 1,Base,,135,1,Devin Williams,Milwaukee Brewers,False,Base	135	Devin Williams	Milwaukee Brewers
2024_topps_series1,2024,Topps,Series 1,Base,,136,1,Kyle Schwarber,Philadelphia Phillies,False,Base	136	Kyle Schwarber	Philadelphia Phillies
2024_topps_series1,2024,Topps,Series 1,Base,,137,1,Reid Detmers,Los Angeles Angels,False,Base	137	Reid Detmers	Los Angeles Angels
2024_topps_series1,2024,Topps,Series 1,Base,,138,1,Mookie Betts,Major League Baseball	- Checklist,False,Base	138	Mookie Betts	Major League Baseball	- Checklist
2024_topps_series1,2024,Topps,Series 1,Base,,139,1,Bryson Stott,Philadelphia Phillies,False,Base	139	Bryson Stott	Philadelphia Phillies
2024_topps_series1,2024,Topps,Series 1,Base,,140,1,Brad Keller,Kansas City Royals,False,Base	140	Brad Keller	Kansas City Royals
2024_topps_series1,2024,Topps,Series 1,Base,,141,1,Elly De La Cruz,Cincinnati Reds	RC,False,Base	141	Elly De La Cruz	Cincinnati Reds	RC
2024_topps_series1,2024,Topps,Series 1,Base,,142,1,Joey Meneses,Washington Nationals,False,Base	142	Joey Meneses	Washington Nationals
2024_topps_series1,2024,Topps,Series 1,Base,,143,1,David Bednar,Pittsburgh Pirates,False,Base	143	David Bednar	Pittsburgh Pirates
2024_topps_series1,2024,Topps,Series 1,Base,,144,1,Jacob Amaya,Miami Marlins	RC,False,Base	144	Jacob Amaya	Miami Marlins	RC
2024_topps_series1,2024,Topps,Series 1,Base,,145,1,Christian Yelich,Milwaukee Brewers,False,Base	145	Christian Yelich	Milwaukee Brewers
2024_topps_series1,2024,Topps,Series 1,Base,,146,1,Max Fried,Atlanta Braves,False,Base	146	Max Fried	Atlanta Braves
2024_topps_series1,2024,Topps,Series 1,Base,,147,1,JJ Bleday,Oakland Athletics,False,Base	147	JJ Bleday	Oakland Athletics
2024_topps_series1,2024,Topps,Series 1,Base,,148,1,Alex Kirilloff,Minnesota Twins,False,Base	148	Alex Kirilloff	Minnesota Twins
2024_topps_series1,2024,Topps,Series 1,Base,,149,1,Bo Bichette,Toronto Blue Jays	- League Leaders,True,Base	149	Bo Bichette / Yandy Díaz / Corey Seager	Toronto Blue Jays	- League Leaders
2024_topps_series1,2024,Topps,Series 1,Base,,149,2,Yandy Díaz,Toronto Blue Jays	- League Leaders,True,Base	149	Bo Bichette / Yandy Díaz / Corey Seager	Toronto Blue Jays	- League Leaders
2024_topps_series1,2024,Topps,Series 1,Base,,149,3,Corey Seager,Toronto Blue Jays	- League Leaders,True,Base	149	Bo Bichette / Yandy Díaz / Corey Seager	Toronto Blue Jays	- League Leaders
2024_topps_series1,2024,Topps,Series 1,Base,,149,1,Bo Bichette,Tampa Bay Rays	- League Leaders,True,Base	149	Bo Bichette / Yandy Díaz / Corey Seager	Tampa Bay Rays	- League Leaders
2024_topps_series1,2024,Topps,Series 1,Base,,149,2,Yandy Díaz,Tampa Bay Rays	- League Leaders,True,Base	149	Bo Bichette / Yandy Díaz / Corey Seager	Tampa Bay Rays	- League Leaders
2024_topps_series1,2024,Topps,Series 1,Base,,149,3,Corey Seager,Tampa Bay Rays	- League Leaders,True,Base	149	Bo Bichette / Yandy Díaz / Corey Seager	Tampa Bay Rays	- League Leaders
2024_topps_series1,2024,Topps,Series 1,Base,,149,1,Bo Bichette,Texas Rangers	- League Leaders,True,Base	149	Bo Bichette / Yandy Díaz / Corey Seager	Texas Rangers	- League Leaders
2024_topps_series1,2024,Topps,Series 1,Base,,149,2,Yandy Díaz,Texas Rangers	- League Leaders,True,Base	149	Bo Bichette / Yandy Díaz / Corey Seager	Texas Rangers	- League Leaders
2024_topps_series1,2024,Topps,Series 1,Base,,149,3,Corey Seager,Texas Rangers	- League Leaders,True,Base	149	Bo Bichette / Yandy Díaz / Corey Seager	Texas Rangers	- League Leaders
2024_topps_series1,2024,Topps,Series 1,Base,,150,1,Corey Seager,Texas Rangers,False,Base	150	Corey Seager	Texas Rangers
2024_topps_series1,2024,Topps,Series 1,Base,,151,1,Seiya Suzuki,Chicago Cubs,False,Base	151	Seiya Suzuki	Chicago Cubs
2024_topps_series1,2024,Topps,Series 1,Base,,152,1,Lane Thomas,Washington Nationals,False,Base	152	Lane Thomas	Washington Nationals
2024_topps_series1,2024,Topps,Series 1,Base,,153,1,Kyle Finnegan,Washington Nationals,False,Base	153	Kyle Finnegan	Washington Nationals
2024_topps_series1,2024,Topps,Series 1,Base,,154,1,Atlanta Braves,Atlanta Braves	- Team Card,False,Base	154	Atlanta Braves	Atlanta Braves	- Team Card
2024_topps_series1,2024,Topps,Series 1,Base,,155,1,Carlos Correa,Minnesota Twins	- Checklist,False,Base	155	Carlos Correa	Minnesota Twins	- Checklist
2024_topps_series1,2024,Topps,Series 1,Base,,156,1,Corbin Carroll,Arizona Diamondbacks,False,Base	156	Corbin Carroll	Arizona Diamondbacks
2024_topps_series1,2024,Topps,Series 1,Base,,157,1,Trent Grisham,San Diego Padres,False,Base	157	Trent Grisham	San Diego Padres
2024_topps_series1,2024,Topps,Series 1,Base,,158,1,Yennier Cano,Baltimore Orioles,False,Base	158	Yennier Cano	Baltimore Orioles
2024_topps_series1,2024,Topps,Series 1,Base,,159,1,Luis Rengifo,Los Angeles Angels,False,Base	159	Luis Rengifo	Los Angeles Angels
2024_topps_series1,2024,Topps,Series 1,Base,,160,1,Ji Hwan Bae,Pittsburgh Pirates,False,Base	160	Ji Hwan Bae	Pittsburgh Pirates
2024_topps_series1,2024,Topps,Series 1,Base,,161,1,Elias Díaz,Colorado Rockies,False,Base	161	Elias Díaz	Colorado Rockies
2024_topps_series1,2024,Topps,Series 1,Base,,162,1,Matt Waldron,San Diego Padres	RC,False,Base	162	Matt Waldron	San Diego Padres	RC
2024_topps_series1,2024,Topps,Series 1,Base,,163,1,Alec Marsh,Kansas City Royals	RC,False,Base	163	Alec Marsh	Kansas City Royals	RC
2024_topps_series1,2024,Topps,Series 1,Base,,164,1,Dansby Swanson,Chicago Cubs,False,Base	164	Dansby Swanson	Chicago Cubs
2024_topps_series1,2024,Topps,Series 1,Base,,165,1,Chicago Cubs,Chicago Cubs	- Team Card,False,Base	165	Chicago Cubs	Chicago Cubs	- Team Card
2024_topps_series1,2024,Topps,Series 1,Base,,166,1,Zack Gelof,Oakland Athletics	RC,False,Base	166	Zack Gelof	Oakland Athletics	RC
2024_topps_series1,2024,Topps,Series 1,Base,,167,1,George Springer,Toronto Blue Jays	- Checklist,False,Base	167	George Springer	Toronto Blue Jays	- Checklist
2024_topps_series1,2024,Topps,Series 1,Base,,168,1,Nick Gonzales,Pittsburgh Pirates	RC,False,Base	168	Nick Gonzales	Pittsburgh Pirates	RC
2024_topps_series1,2024,Topps,Series 1,Base,,169,1,Tyler O'Neill,St. Louis Cardinals,False,Base	169	Tyler O'Neill	St. Louis Cardinals
2024_topps_series1,2024,Topps,Series 1,Base,,170,1,Aaron Civale,Tampa Bay Rays,False,Base	170	Aaron Civale	Tampa Bay Rays
2024_topps_series1,2024,Topps,Series 1,Base,,171,1,Jacob deGrom,Texas Rangers,False,Base	171	Jacob deGrom	Texas Rangers
2024_topps_series1,2024,Topps,Series 1,Base,,172,1,Spencer Horwitz,Toronto Blue Jays	RC,False,Base	172	Spencer Horwitz	Toronto Blue Jays	RC
2024_topps_series1,2024,Topps,Series 1,Base,,173,1,Brady Singer,Kansas City Royals,False,Base	173	Brady Singer	Kansas City Royals
2024_topps_series1,2024,Topps,Series 1,Base,,174,1,Nathaniel Lowe,Texas Rangers,False,Base	174	Nathaniel Lowe	Texas Rangers
2024_topps_series1,2024,Topps,Series 1,Base,,175,1,Joe Ryan,Minnesota Twins,False,Base	175	Joe Ryan	Minnesota Twins
2024_topps_series1,2024,Topps,Series 1,Base,,176,1,Taylor Rogers,San Francisco Giants,False,Base	176	Taylor Rogers	San Francisco Giants
2024_topps_series1,2024,Topps,Series 1,Base,,177,1,Jonathan India,Cincinnati Reds,False,Base	177	Jonathan India	Cincinnati Reds
2024_topps_series1,2024,Topps,Series 1,Base,,178,1,Daniel Palencia,Chicago Cubs	RC,False,Base	178	Daniel Palencia	Chicago Cubs	RC
2024_topps_series1,2024,Topps,Series 1,Base,,179,1,Shohei Ohtani,Los Angeles Angels	- League Leaders,True,Base	179	Shohei Ohtani / Adolis García / Luis Robert Jr.	Los Angeles Angels	- League Leaders
2024_topps_series1,2024,Topps,Series 1,Base,,179,2,Adolis García,Los Angeles Angels	- League Leaders,True,Base	179	Shohei Ohtani / Adolis García / Luis Robert Jr.	Los Angeles Angels	- League Leaders
2024_topps_series1,2024,Topps,Series 1,Base,,179,3,Luis Robert Jr.,Los Angeles Angels	- League Leaders,True,Base	179	Shohei Ohtani / Adolis García / Luis Robert Jr.	Los Angeles Angels	- League Leaders
2024_topps_series1,2024,Topps,Series 1,Base,,179,1,Shohei Ohtani,Texas Rangers	- League Leaders,True,Base	179	Shohei Ohtani / Adolis García / Luis Robert Jr.	Texas Rangers	- League Leaders
2024_topps_series1,2024,Topps,Series 1,Base,,179,2,Adolis García,Texas Rangers	- League Leaders,True,Base	179	Shohei Ohtani / Adolis García / Luis Robert Jr.	Texas Rangers	- League Leaders
2024_topps_series1,2024,Topps,Series 1,Base,,179,3,Luis Robert Jr.,Texas Rangers	- League Leaders,True,Base	179	Shohei Ohtani / Adolis García / Luis Robert Jr.	Texas Rangers	- League Leaders
2024_topps_series1,2024,Topps,Series 1,Base,,179,1,Shohei Ohtani,Chicago White Sox	- League Leaders,True,Base	179	Shohei Ohtani / Adolis García / Luis Robert Jr.	Chicago White Sox	- League Leaders
2024_topps_series1,2024,Topps,Series 1,Base,,179,2,Adolis García,Chicago White Sox	- League Leaders,True,Base	179	Shohei Ohtani / Adolis García / Luis Robert Jr.	Chicago White Sox	- League Leaders
2024_topps_series1,2024,Topps,Series 1,Base,,179,3,Luis Robert Jr.,Chicago White Sox	- League Leaders,True,Base	179	Shohei Ohtani / Adolis García / Luis Robert Jr.	Chicago White Sox	- League Leaders
2024_topps_series1,2024,Topps,Series 1,Base,,180,1,Anthony Volpe,New York Yankees	- Future Stars,False,Base	180	Anthony Volpe	New York Yankees	- Future Stars
2024_topps_series1,2024,Topps,Series 1,Base,,181,1,Luke Raley,Tampa Bay Rays,False,Base	181	Luke Raley	Tampa Bay Rays
2024_topps_series1,2024,Topps,Series 1,Base,,182,1,Jameson Taillon,Chicago Cubs,False,Base	182	Jameson Taillon	Chicago Cubs
2024_topps_series1,2024,Topps,Series 1,Base,,183,1,Los Angeles Dodgers,Los Angeles Dodgers	- Team Card,False,Base	183	Los Angeles Dodgers	Los Angeles Dodgers	- Team Card
2024_topps_series1,2024,Topps,Series 1,Base,,184,1,Anthony Rizzo,New York Yankees,False,Base	184	Anthony Rizzo	New York Yankees
2024_topps_series1,2024,Topps,Series 1,Base,,185,1,Spencer Torkelson,Detroit Tigers,False,Base	185	Spencer Torkelson	Detroit Tigers
2024_topps_series1,2024,Topps,Series 1,Base,,186,1,Brent Rooker,Oakland Athletics,False,Base	186	Brent Rooker	Oakland Athletics
2024_topps_series1,2024,Topps,Series 1,Base,,187,1,Joe Jacques,Boston Red Sox	RC,False,Base	187	Joe Jacques	Boston Red Sox	RC
2024_topps_series1,2024,Topps,Series 1,Base,,188,1,Dane Myers,Miami Marlins	RC,False,Base	188	Dane Myers	Miami Marlins	RC
2024_topps_series1,2024,Topps,Series 1,Base,,189,1,Davis Schneider,Toronto Blue Jays	RC,False,Base	189	Davis Schneider	Toronto Blue Jays	RC
2024_topps_series1,2024,Topps,Series 1,Base,,190,1,Geraldo Perdomo,Arizona Diamondbacks	- Checklist,False,Base	190	Geraldo Perdomo	Arizona Diamondbacks	- Checklist
2024_topps_series1,2024,Topps,Series 1,Base,,191,1,Bo Naylor,Cleveland Guardians	- Future Stars,False,Base	191	Bo Naylor	Cleveland Guardians	- Future Stars
2024_topps_series1,2024,Topps,Series 1,Base,,192,1,Baltimore Orioles,Baltimore Orioles	- Team Card,False,Base	192	Baltimore Orioles	Baltimore Orioles	- Team Card
2024_topps_series1,2024,Topps,Series 1,Base,,193,1,Brandon Walter,Boston Red Sox	RC,False,Base	193	Brandon Walter	Boston Red Sox	RC
2024_topps_series1,2024,Topps,Series 1,Base,,194,1,J.T. Realmuto,Philadelphia Phillies,False,Base	194	J.T. Realmuto	Philadelphia Phillies
2024_topps_series1,2024,Topps,Series 1,Base,,195,1,Dominic Canzone,Seattle Mariners	RC,False,Base	195	Dominic Canzone	Seattle Mariners	RC
2024_topps_series1,2024,Topps,Series 1,Base,,196,1,Walker Buehler,Los Angeles Dodgers,False,Base	196	Walker Buehler	Los Angeles Dodgers
2024_topps_series1,2024,Topps,Series 1,Base,,197,1,Eury Pérez,Miami Marlins	- Future Stars,False,Base	197	Eury Pérez	Miami Marlins	- Future Stars
2024_topps_series1,2024,Topps,Series 1,Base,,198,1,Kyle Freeland,Colorado Rockies,False,Base	198	Kyle Freeland	Colorado Rockies
2024_topps_series1,2024,Topps,Series 1,Base,,199,1,Leody Taveras,Texas Rangers,False,Base	199	Leody Taveras	Texas Rangers
2024_topps_series1,2024,Topps,Series 1,Base,,200,1,Bryce Harper,Philadelphia Phillies,False,Base	200	Bryce Harper	Philadelphia Phillies
2024_topps_series1,2024,Topps,Series 1,Base,,201,1,Miguel Cabrera,Detroit Tigers,False,Base	201	Miguel Cabrera	Detroit Tigers
2024_topps_series1,2024,Topps,Series 1,Base,,202,1,David Hamilton,Boston Red Sox	RC,False,Base	202	David Hamilton	Boston Red Sox	RC
2024_topps_series1,2024,Topps,Series 1,Base,,203,1,Chas McCormick,Houston Astros,False,Base	203	Chas McCormick	Houston Astros
2024_topps_series1,2024,Topps,Series 1,Base,,204,1,Nico Hoerner,Chicago Cubs,False,Base	204	Nico Hoerner	Chicago Cubs
2024_topps_series1,2024,Topps,Series 1,Base,,205,1,Joe Musgrove,San Diego Padres,False,Base	205	Joe Musgrove	San Diego Padres
2024_topps_series1,2024,Topps,Series 1,Base,,206,1,Luis Arraez,Miami Marlins	- League Leaders,True,Base	206	Luis Arraez / Ronald Acuña Jr. / Freddie Freeman	Miami Marlins	- League Leaders
2024_topps_series1,2024,Topps,Series 1,Base,,206,2,Ronald Acuña Jr.,Miami Marlins	- League Leaders,True,Base	206	Luis Arraez / Ronald Acuña Jr. / Freddie Freeman	Miami Marlins	- League Leaders
2024_topps_series1,2024,Topps,Series 1,Base,,206,3,Freddie Freeman,Miami Marlins	- League Leaders,True,Base	206	Luis Arraez / Ronald Acuña Jr. / Freddie Freeman	Miami Marlins	- League Leaders
2024_topps_series1,2024,Topps,Series 1,Base,,206,1,Luis Arraez,Atlanta Braves	- League Leaders,True,Base	206	Luis Arraez / Ronald Acuña Jr. / Freddie Freeman	Atlanta Braves	- League Leaders
2024_topps_series1,2024,Topps,Series 1,Base,,206,2,Ronald Acuña Jr.,Atlanta Braves	- League Leaders,True,Base	206	Luis Arraez / Ronald Acuña Jr. / Freddie Freeman	Atlanta Braves	- League Leaders
2024_topps_series1,2024,Topps,Series 1,Base,,206,3,Freddie Freeman,Atlanta Braves	- League Leaders,True,Base	206	Luis Arraez / Ronald Acuña Jr. / Freddie Freeman	Atlanta Braves	- League Leaders
2024_topps_series1,2024,Topps,Series 1,Base,,206,1,Luis Arraez,Los Angeles Dodgers	- League Leaders,True,Base	206	Luis Arraez / Ronald Acuña Jr. / Freddie Freeman	Los Angeles Dodgers	- League Leaders
2024_topps_series1,2024,Topps,Series 1,Base,,206,2,Ronald Acuña Jr.,Los Angeles Dodgers	- League Leaders,True,Base	206	Luis Arraez / Ronald Acuña Jr. / Freddie Freeman	Los Angeles Dodgers	- League Leaders
2024_topps_series1,2024,Topps,Series 1,Base,,206,3,Freddie Freeman,Los Angeles Dodgers	- League Leaders,True,Base	206	Luis Arraez / Ronald Acuña Jr. / Freddie Freeman	Los Angeles Dodgers	- League Leaders
2024_topps_series1,2024,Topps,Series 1,Base,,207,1,Luken Baker,St. Louis Cardinals	RC,False,Base	207	Luken Baker	St. Louis Cardinals	RC
2024_topps_series1,2024,Topps,Series 1,Base,,208,1,Royce Lewis,Minnesota Twins,False,Base	208	Royce Lewis	Minnesota Twins
2024_topps_series1,2024,Topps,Series 1,Base,,209,1,Johan Rojas,Philadelphia Phillies	RC,False,Base	209	Johan Rojas	Philadelphia Phillies	RC
2024_topps_series1,2024,Topps,Series 1,Base,,210,1,Gleyber Torres,New York Yankees,False,Base	210	Gleyber Torres	New York Yankees
2024_topps_series1,2024,Topps,Series 1,Base,,211,1,Tampa Bay Rays,Tampa Bay Rays	- Team Card,False,Base	211	Tampa Bay Rays	Tampa Bay Rays	- Team Card
2024_topps_series1,2024,Topps,Series 1,Base,,212,1,Justin Steele,Chicago Cubs	- League Leaders,True,Base	212	Justin Steele / Blake Snell / Kodai Senga	Chicago Cubs	- League Leaders
2024_topps_series1,2024,Topps,Series 1,Base,,212,2,Blake Snell,Chicago Cubs	- League Leaders,True,Base	212	Justin Steele / Blake Snell / Kodai Senga	Chicago Cubs	- League Leaders
2024_topps_series1,2024,Topps,Series 1,Base,,212,3,Kodai Senga,Chicago Cubs	- League Leaders,True,Base	212	Justin Steele / Blake Snell / Kodai Senga	Chicago Cubs	- League Leaders
2024_topps_series1,2024,Topps,Series 1,Base,,212,1,Justin Steele,San Diego Padres	- League Leaders,True,Base	212	Justin Steele / Blake Snell / Kodai Senga	San Diego Padres	- League Leaders
2024_topps_series1,2024,Topps,Series 1,Base,,212,2,Blake Snell,San Diego Padres	- League Leaders,True,Base	212	Justin Steele / Blake Snell / Kodai Senga	San Diego Padres	- League Leaders
2024_topps_series1,2024,Topps,Series 1,Base,,212,3,Kodai Senga,San Diego Padres	- League Leaders,True,Base	212	Justin Steele / Blake Snell / Kodai Senga	San Diego Padres	- League Leaders
2024_topps_series1,2024,Topps,Series 1,Base,,212,1,Justin Steele,New York Mets	- League Leaders,True,Base	212	Justin Steele / Blake Snell / Kodai Senga	New York Mets	- League Leaders
2024_topps_series1,2024,Topps,Series 1,Base,,212,2,Blake Snell,New York Mets	- League Leaders,True,Base	212	Justin Steele / Blake Snell / Kodai Senga	New York Mets	- League Leaders
2024_topps_series1,2024,Topps,Series 1,Base,,212,3,Kodai Senga,New York Mets	- League Leaders,True,Base	212	Justin Steele / Blake Snell / Kodai Senga	New York Mets	- League Leaders
2024_topps_series1,2024,Topps,Series 1,Base,,213,1,Camilo Doval,San Francisco Giants,False,Base	213	Camilo Doval	San Francisco Giants
2024_topps_series1,2024,Topps,Series 1,Base,,214,1,Andrew Abbott,Cincinnati Reds	RC,False,Base	214	Andrew Abbott	Cincinnati Reds	RC
2024_topps_series1,2024,Topps,Series 1,Base,,215,1,Bryan De La Cruz,Miami Marlins,False,Base	215	Bryan De La Cruz	Miami Marlins
2024_topps_series1,2024,Topps,Series 1,Base,,216,1,Kevin Gausman,Toronto Blue Jays,False,Base	216	Kevin Gausman	Toronto Blue Jays
2024_topps_series1,2024,Topps,Series 1,Base,,217,1,Luis Campusano,San Diego Padres,False,Base	217	Luis Campusano	San Diego Padres
2024_topps_series1,2024,Topps,Series 1,Base,,218,1,Ke'Bryan Hayes,Pittsburgh Pirates,False,Base	218	Ke'Bryan Hayes	Pittsburgh Pirates
2024_topps_series1,2024,Topps,Series 1,Base,,219,1,Christian Encarnacion-Stra,Cincinnati Reds	RC,False,Base	219	Christian Encarnacion-Stra	Cincinnati Reds	RC
2024_topps_series1,2024,Topps,Series 1,Base,,220,1,Framber Valdez,Houston Astros,False,Base	220	Framber Valdez	Houston Astros
2024_topps_series1,2024,Topps,Series 1,Base,,221,1,Charlie Morton,Atlanta Braves,False,Base	221	Charlie Morton	Atlanta Braves
2024_topps_series1,2024,Topps,Series 1,Base,,222,1,Zach Remillard,Chicago White Sox	RC,False,Base	222	Zach Remillard	Chicago White Sox	RC
2024_topps_series1,2024,Topps,Series 1,Base,,223,1,Jazz Chisholm Jr.,Miami Marlins,False,Base	223	Jazz Chisholm Jr.	Miami Marlins
2024_topps_series1,2024,Topps,Series 1,Base,,224,1,Ronny Mauricio,New York Mets	RC,False,Base	224	Ronny Mauricio	New York Mets	RC
2024_topps_series1,2024,Topps,Series 1,Base,,225,1,Brusdar Graterol,Los Angeles Dodgers,False,Base	225	Brusdar Graterol	Los Angeles Dodgers
2024_topps_series1,2024,Topps,Series 1,Base,,226,1,Grae Kessinger,Houston Astros	RC,False,Base	226	Grae Kessinger	Houston Astros	RC
2024_topps_series1,2024,Topps,Series 1,Base,,227,1,Jhoan Duran,Minnesota Twins,False,Base	227	Jhoan Duran	Minnesota Twins
2024_topps_series1,2024,Topps,Series 1,Base,,228,1,Masataka Yoshida,Boston Red Sox,False,Base	228	Masataka Yoshida	Boston Red Sox
2024_topps_series1,2024,Topps,Series 1,Base,,229,1,Ranger Suárez,Philadelphia Phillies,False,Base	229	Ranger Suárez	Philadelphia Phillies
2024_topps_series1,2024,Topps,Series 1,Base,,230,1,Mitch Keller,Pittsburgh Pirates,False,Base	230	Mitch Keller	Pittsburgh Pirates
2024_topps_series1,2024,Topps,Series 1,Base,,231,1,Eugenio Suárez,Seattle Mariners,False,Base	231	Eugenio Suárez	Seattle Mariners
2024_topps_series1,2024,Topps,Series 1,Base,,232,1,Marco Luciano,San Francisco Giants	(RC),False,Base	232	Marco Luciano	San Francisco Giants	(RC)
2024_topps_series1,2024,Topps,Series 1,Base,,233,1,Jonny Deluca,Los Angeles Dodgers	RC,False,Base	233	Jonny Deluca	Los Angeles Dodgers	RC
2024_topps_series1,2024,Topps,Series 1,Base,,234,1,Wilmer Flores,San Francisco Giants,False,Base	234	Wilmer Flores	San Francisco Giants
2024_topps_series1,2024,Topps,Series 1,Base,,235,1,Jonah Heim,Texas Rangers,False,Base	235	Jonah Heim	Texas Rangers
2024_topps_series1,2024,Topps,Series 1,Base,,236,1,Patrick Corbin,Washington Nationals,False,Base	236	Patrick Corbin	Washington Nationals
2024_topps_series1,2024,Topps,Series 1,Base,,237,1,Jake Cronenworth,San Diego Padres,False,Base	237	Jake Cronenworth	San Diego Padres
2024_topps_series1,2024,Topps,Series 1,Base,,238,1,Cincinnati Reds,Cincinnati Reds	- Team Card,False,Base	238	Cincinnati Reds	Cincinnati Reds	- Team Card
2024_topps_series1,2024,Topps,Series 1,Base,,239,1,Keibert Ruiz,Washington Nationals,False,Base	239	Keibert Ruiz	Washington Nationals
2024_topps_series1,2024,Topps,Series 1,Base,,240,1,Andruw Monasterio,Milwaukee Brewers,False,Base	240	Andruw Monasterio	Milwaukee Brewers
2024_topps_series1,2024,Topps,Series 1,Base,,241,1,Seattle Mariners,Seattle Mariners	- Team Card,False,Base	241	Seattle Mariners	Seattle Mariners	- Team Card
2024_topps_series1,2024,Topps,Series 1,Base,,242,1,Gavin Williams,Cleveland Guardians	RC,False,Base	242	Gavin Williams	Cleveland Guardians	RC
2024_topps_series1,2024,Topps,Series 1,Base,,243,1,Michael Harris II,Atlanta Braves,False,Base	243	Michael Harris II	Atlanta Braves
2024_topps_series1,2024,Topps,Series 1,Base,,244,1,Tyler Soderstrom,Oakland Athletics	RC,False,Base	244	Tyler Soderstrom	Oakland Athletics	RC
2024_topps_series1,2024,Topps,Series 1,Base,,245,1,Michael Wacha,San Diego Padres,False,Base	245	Michael Wacha	San Diego Padres
2024_topps_series1,2024,Topps,Series 1,Base,,246,1,Chris Taylor,Los Angeles Dodgers,False,Base	246	Chris Taylor	Los Angeles Dodgers
2024_topps_series1,2024,Topps,Series 1,Base,,247,1,Clay Holmes,New York Yankees,False,Base	247	Clay Holmes	New York Yankees
2024_topps_series1,2024,Topps,Series 1,Base,,248,1,Tyler Anderson,Los Angeles Angels,False,Base	248	Tyler Anderson	Los Angeles Angels
2024_topps_series1,2024,Topps,Series 1,Base,,249,1,Luis Robert Jr.,Chicago White Sox,False,Base	249	Luis Robert Jr.	Chicago White Sox
2024_topps_series1,2024,Topps,Series 1,Base,,250,1,Mookie Betts,Los Angeles Dodgers,False,Base	250	Mookie Betts	Los Angeles Dodgers
2024_topps_series1,2024,Topps,Series 1,Base,,251,1,Tyler Wells,Baltimore Orioles,False,Base	251	Tyler Wells	Baltimore Orioles
2024_topps_series1,2024,Topps,Series 1,Base,,252,1,Miami Marlins,Miami Marlins	- Team Card,False,Base	252	Miami Marlins	Miami Marlins	- Team Card
2024_topps_series1,2024,Topps,Series 1,Base,,253,1,Josh Lowe,Tampa Bay Rays,False,Base	253	Josh Lowe	Tampa Bay Rays
2024_topps_series1,2024,Topps,Series 1,Base,,254,1,Bobby Witt Jr.,Kansas City Royals,False,Base	254	Bobby Witt Jr.	Kansas City Royals
2024_topps_series1,2024,Topps,Series 1,Base,,255,1,Andrew Vaughn,Chicago White Sox,False,Base	255	Andrew Vaughn	Chicago White Sox
2024_topps_series1,2024,Topps,Series 1,Base,,256,1,Harold Ramírez,Tampa Bay Rays,False,Base	256	Harold Ramírez	Tampa Bay Rays
2024_topps_series1,2024,Topps,Series 1,Base,,257,1,Colton Cowser,Baltimore Orioles	(RC),False,Base	257	Colton Cowser	Baltimore Orioles	(RC)
2024_topps_series1,2024,Topps,Series 1,Base,,258,1,Nathan Eovaldi,Texas Rangers,False,Base	258	Nathan Eovaldi	Texas Rangers
2024_topps_series1,2024,Topps,Series 1,Base,,259,1,Justin Lawrence,Colorado Rockies,False,Base	259	Justin Lawrence	Colorado Rockies
2024_topps_series1,2024,Topps,Series 1,Base,,260,1,Matt Olson,Atlanta Braves	- League Leaders,True,Base	260	Matt Olson / Pete Alonso / Kyle Schwarber	Atlanta Braves	- League Leaders
2024_topps_series1,2024,Topps,Series 1,Base,,260,2,Pete Alonso,Atlanta Braves	- League Leaders,True,Base	260	Matt Olson / Pete Alonso / Kyle Schwarber	Atlanta Braves	- League Leaders
2024_topps_series1,2024,Topps,Series 1,Base,,260,3,Kyle Schwarber,Atlanta Braves	- League Leaders,True,Base	260	Matt Olson / Pete Alonso / Kyle Schwarber	Atlanta Braves	- League Leaders
2024_topps_series1,2024,Topps,Series 1,Base,,260,1,Matt Olson,New York Mets	- League Leaders,True,Base	260	Matt Olson / Pete Alonso / Kyle Schwarber	New York Mets	- League Leaders
2024_topps_series1,2024,Topps,Series 1,Base,,260,2,Pete Alonso,New York Mets	- League Leaders,True,Base	260	Matt Olson / Pete Alonso / Kyle Schwarber	New York Mets	- League Leaders
2024_topps_series1,2024,Topps,Series 1,Base,,260,3,Kyle Schwarber,New York Mets	- League Leaders,True,Base	260	Matt Olson / Pete Alonso / Kyle Schwarber	New York Mets	- League Leaders
2024_topps_series1,2024,Topps,Series 1,Base,,260,1,Matt Olson,Philadelphia Phillies	- League Leaders,True,Base	260	Matt Olson / Pete Alonso / Kyle Schwarber	Philadelphia Phillies	- League Leaders
2024_topps_series1,2024,Topps,Series 1,Base,,260,2,Pete Alonso,Philadelphia Phillies	- League Leaders,True,Base	260	Matt Olson / Pete Alonso / Kyle Schwarber	Philadelphia Phillies	- League Leaders
2024_topps_series1,2024,Topps,Series 1,Base,,260,3,Kyle Schwarber,Philadelphia Phillies	- League Leaders,True,Base	260	Matt Olson / Pete Alonso / Kyle Schwarber	Philadelphia Phillies	- League Leaders
2024_topps_series1,2024,Topps,Series 1,Base,,261,1,Jake Fraley,Cincinnati Reds,False,Base	261	Jake Fraley	Cincinnati Reds
2024_topps_series1,2024,Topps,Series 1,Base,,262,1,Zack Wheeler,Philadelphia Phillies,False,Base	262	Zack Wheeler	Philadelphia Phillies
2024_topps_series1,2024,Topps,Series 1,Base,,263,1,Jordan Balazovic,Minnesota Twins	RC,False,Base	263	Jordan Balazovic	Minnesota Twins	RC
2024_topps_series1,2024,Topps,Series 1,Base,,264,1,Clarke Schmidt,New York Yankees,False,Base	264	Clarke Schmidt	New York Yankees
2024_topps_series1,2024,Topps,Series 1,Base,,265,1,Alika Williams,Pittsburgh Pirates	RC,False,Base	265	Alika Williams	Pittsburgh Pirates	RC
2024_topps_series1,2024,Topps,Series 1,Base,,266,1,Alec Bohm,Philadelphia Phillies,False,Base	266	Alec Bohm	Philadelphia Phillies
2024_topps_series1,2024,Topps,Series 1,Base,,267,1,Kenley Jansen,Boston Red Sox,False,Base	267	Kenley Jansen	Boston Red Sox
2024_topps_series1,2024,Topps,Series 1,Base,,268,1,Gabriel Moreno,Arizona Diamondbacks	- Future Stars,False,Base	268	Gabriel Moreno	Arizona Diamondbacks	- Future Stars
2024_topps_series1,2024,Topps,Series 1,Base,,269,1,Cristian Javier,Houston Astros,False,Base	269	Cristian Javier	Houston Astros
2024_topps_series1,2024,Topps,Series 1,Base,,270,1,Victor Mederos,Los Angeles Angels	RC,False,Base	270	Victor Mederos	Los Angeles Angels	RC
2024_topps_series1,2024,Topps,Series 1,Base,,271,1,Paul Sewald,Arizona Diamondbacks,False,Base	271	Paul Sewald	Arizona Diamondbacks
2024_topps_series1,2024,Topps,Series 1,Base,,272,1,José Berríos,Toronto Blue Jays,False,Base	272	José Berríos	Toronto Blue Jays
2024_topps_series1,2024,Topps,Series 1,Base,,273,1,Yordan Alvarez,Houston Astros,False,Base	273	Yordan Alvarez	Houston Astros
2024_topps_series1,2024,Topps,Series 1,Base,,274,1,Riley Greene,Detroit Tigers	- Future Stars,False,Base	274	Riley Greene	Detroit Tigers	- Future Stars
2024_topps_series1,2024,Topps,Series 1,Base,,275,1,Bryce Harper,Philadelphia Phillies	- Checklist,False,Base	275	Bryce Harper	Philadelphia Phillies	- Checklist
2024_topps_series1,2024,Topps,Series 1,Base,,276,1,Gregory Santos,Chicago White Sox,False,Base	276	Gregory Santos	Chicago White Sox
2024_topps_series1,2024,Topps,Series 1,Base,,277,1,Matt Manning,Detroit Tigers,False,Base	277	Matt Manning	Detroit Tigers
2024_topps_series1,2024,Topps,Series 1,Base,,278,1,Shea Langeliers,Oakland Athletics,False,Base	278	Shea Langeliers	Oakland Athletics
2024_topps_series1,2024,Topps,Series 1,Base,,279,1,Los Angeles Angels,Los Angeles Angels	- Team Card,False,Base	279	Los Angeles Angels	Los Angeles Angels	- Team Card
2024_topps_series1,2024,Topps,Series 1,Base,,280,1,Evan Carter,Texas Rangers	RC,False,Base	280	Evan Carter	Texas Rangers	RC
2024_topps_series1,2024,Topps,Series 1,Base,,281,1,Jared Triolo,Pittsburgh Pirates	RC,False,Base	281	Jared Triolo	Pittsburgh Pirates	RC
2024_topps_series1,2024,Topps,Series 1,Base,,282,1,Alek Thomas,Arizona Diamondbacks,False,Base	282	Alek Thomas	Arizona Diamondbacks
2024_topps_series1,2024,Topps,Series 1,Base,,283,1,Emmet Sheehan,Los Angeles Dodgers	RC,False,Base	283	Emmet Sheehan	Los Angeles Dodgers	RC
2024_topps_series1,2024,Topps,Series 1,Base,,284,1,Randy Arozarena,Tampa Bay Rays,False,Base	284	Randy Arozarena	Tampa Bay Rays
2024_topps_series1,2024,Topps,Series 1,Base,,285,1,Willi Castro,Minnesota Twins,False,Base	285	Willi Castro	Minnesota Twins
2024_topps_series1,2024,Topps,Series 1,Base,,286,1,Cade Marlowe,Seattle Mariners	RC,False,Base	286	Cade Marlowe	Seattle Mariners	RC
2024_topps_series1,2024,Topps,Series 1,Base,,287,1,Miles Mikolas,St. Louis Cardinals,False,Base	287	Miles Mikolas	St. Louis Cardinals
2024_topps_series1,2024,Topps,Series 1,Base,,288,1,Boston Red Sox,Boston Red Sox	- Team Card,False,Base	288	Boston Red Sox	Boston Red Sox	- Team Card
2024_topps_series1,2024,Topps,Series 1,Base,,289,1,Andrés Giménez,Cleveland Guardians,False,Base	289	Andrés Giménez	Cleveland Guardians
2024_topps_series1,2024,Topps,Series 1,Base,,290,1,Thairo Estrada,San Francisco Giants,False,Base	290	Thairo Estrada	San Francisco Giants
2024_topps_series1,2024,Topps,Series 1,Base,,291,1,Seth Lugo,San Diego Padres,False,Base	291	Seth Lugo	San Diego Padres
2024_topps_series1,2024,Topps,Series 1,Base,,292,1,Kodai Senga,New York Mets,False,Base	292	Kodai Senga	New York Mets
2024_topps_series1,2024,Topps,Series 1,Base,,293,1,Ozzie Albies,Atlanta Braves	- League Leaders,True,Base	293	Ozzie Albies / Pete Alonso / Matt Olson	Atlanta Braves	- League Leaders
2024_topps_series1,2024,Topps,Series 1,Base,,293,2,Pete Alonso,Atlanta Braves	- League Leaders,True,Base	293	Ozzie Albies / Pete Alonso / Matt Olson	Atlanta Braves	- League Leaders
2024_topps_series1,2024,Topps,Series 1,Base,,293,3,Matt Olson,Atlanta Braves	- League Leaders,True,Base	293	Ozzie Albies / Pete Alonso / Matt Olson	Atlanta Braves	- League Leaders
2024_topps_series1,2024,Topps,Series 1,Base,,293,1,Ozzie Albies,New York Mets	- League Leaders,True,Base	293	Ozzie Albies / Pete Alonso / Matt Olson	New York Mets	- League Leaders
2024_topps_series1,2024,Topps,Series 1,Base,,293,2,Pete Alonso,New York Mets	- League Leaders,True,Base	293	Ozzie Albies / Pete Alonso / Matt Olson	New York Mets	- League Leaders
2024_topps_series1,2024,Topps,Series 1,Base,,293,3,Matt Olson,New York Mets	- League Leaders,True,Base	293	Ozzie Albies / Pete Alonso / Matt Olson	New York Mets	- League Leaders
2024_topps_series1,2024,Topps,Series 1,Base,,294,1,Tarik Skubal,Detroit Tigers,False,Base	294	Tarik Skubal	Detroit Tigers
2024_topps_series1,2024,Topps,Series 1,Base,,295,1,Henry Davis,Pittsburgh Pirates	(RC),False,Base	295	Henry Davis	Pittsburgh Pirates	(RC)
2024_topps_series1,2024,Topps,Series 1,Base,,296,1,Willson Contreras,St. Louis Cardinals,False,Base	296	Willson Contreras	St. Louis Cardinals
2024_topps_series1,2024,Topps,Series 1,Base,,297,1,Alexis Díaz,Cincinnati Reds,False,Base	297	Alexis Díaz	Cincinnati Reds
2024_topps_series1,2024,Topps,Series 1,Base,,298,1,Logan O'Hoppe,Los Angeles Angels	- Future Stars,False,Base	298	Logan O'Hoppe	Los Angeles Angels	- Future Stars
2024_topps_series1,2024,Topps,Series 1,Base,,299,1,Luis Arraez,Miami Marlins,False,Base	299	Luis Arraez	Miami Marlins
2024_topps_series1,2024,Topps,Series 1,Base,,300,1,Enmanuel Valdez,Boston Red Sox,False,Base	300	Enmanuel Valdez	Boston Red Sox
2024_topps_series1,2024,Topps,Series 1,Base,,301,1,New York Yankees,New York Yankees	- Team Card,False,Base	301	New York Yankees	New York Yankees	- Team Card
2024_topps_series1,2024,Topps,Series 1,Base,,302,1,Jake Rogers,Detroit Tigers,False,Base	302	Jake Rogers	Detroit Tigers
2024_topps_series1,2024,Topps,Series 1,Base,,303,1,Connor Joe,Pittsburgh Pirates,False,Base	303	Connor Joe	Pittsburgh Pirates
2024_topps_series1,2024,Topps,Series 1,Base,,304,1,Evan Longoria,Arizona Diamondbacks,False,Base	304	Evan Longoria	Arizona Diamondbacks
2024_topps_series1,2024,Topps,Series 1,Base,,305,1,José Fermín,St. Louis Cardinals	RC,False,Base	305	José Fermín	St. Louis Cardinals	RC
2024_topps_series1,2024,Topps,Series 1,Base,,306,1,Andrew Benintendi,Chicago White Sox,False,Base	306	Andrew Benintendi	Chicago White Sox
2024_topps_series1,2024,Topps,Series 1,Base,,307,1,Austin Hays,Baltimore Orioles,False,Base	307	Austin Hays	Baltimore Orioles
2024_topps_series1,2024,Topps,Series 1,Base,,308,1,Reese Olson,Detroit Tigers	RC,False,Base	308	Reese Olson	Detroit Tigers	RC
2024_topps_series1,2024,Topps,Series 1,Base,,309,1,Justin Steele,Chicago Cubs	- League Leaders,True,Base	309	Justin Steele / Zac Gallen / Spencer Strider	Chicago Cubs	- League Leaders
2024_topps_series1,2024,Topps,Series 1,Base,,309,2,Zac Gallen,Chicago Cubs	- League Leaders,True,Base	309	Justin Steele / Zac Gallen / Spencer Strider	Chicago Cubs	- League Leaders
2024_topps_series1,2024,Topps,Series 1,Base,,309,3,Spencer Strider,Chicago Cubs	- League Leaders,True,Base	309	Justin Steele / Zac Gallen / Spencer Strider	Chicago Cubs	- League Leaders
2024_topps_series1,2024,Topps,Series 1,Base,,309,1,Justin Steele,Arizona Diamondbacks	- League Leaders,True,Base	309	Justin Steele / Zac Gallen / Spencer Strider	Arizona Diamondbacks	- League Leaders
2024_topps_series1,2024,Topps,Series 1,Base,,309,2,Zac Gallen,Arizona Diamondbacks	- League Leaders,True,Base	309	Justin Steele / Zac Gallen / Spencer Strider	Arizona Diamondbacks	- League Leaders
2024_topps_series1,2024,Topps,Series 1,Base,,309,3,Spencer Strider,Arizona Diamondbacks	- League Leaders,True,Base	309	Justin Steele / Zac Gallen / Spencer Strider	Arizona Diamondbacks	- League Leaders
2024_topps_series1,2024,Topps,Series 1,Base,,309,1,Justin Steele,Atlanta Braves	- League Leaders,True,Base	309	Justin Steele / Zac Gallen / Spencer Strider	Atlanta Braves	- League Leaders
2024_topps_series1,2024,Topps,Series 1,Base,,309,2,Zac Gallen,Atlanta Braves	- League Leaders,True,Base	309	Justin Steele / Zac Gallen / Spencer Strider	Atlanta Braves	- League Leaders
2024_topps_series1,2024,Topps,Series 1,Base,,309,3,Spencer Strider,Atlanta Braves	- League Leaders,True,Base	309	Justin Steele / Zac Gallen / Spencer Strider	Atlanta Braves	- League Leaders
2024_topps_series1,2024,Topps,Series 1,Base,,310,1,Abner Uribe,Milwaukee Brewers	RC,False,Base	310	Abner Uribe	Milwaukee Brewers	RC
2024_topps_series1,2024,Topps,Series 1,Base,,311,1,Will Brennan,Cleveland Guardians,False,Base	311	Will Brennan	Cleveland Guardians
2024_topps_series1,2024,Topps,Series 1,Base,,312,1,Steven Kwan,Cleveland Guardians,False,Base	312	Steven Kwan	Cleveland Guardians
2024_topps_series1,2024,Topps,Series 1,Base,,313,1,Ceddanne Rafaela,Boston Red Sox	RC,False,Base	313	Ceddanne Rafaela	Boston Red Sox	RC
2024_topps_series1,2024,Topps,Series 1,Base,,314,1,Max Muncy,Los Angeles Dodgers,False,Base	314	Max Muncy	Los Angeles Dodgers
2024_topps_series1,2024,Topps,Series 1,Base,,315,1,Aaron Judge,New York Yankees	- Checklist,False,Base	315	Aaron Judge	New York Yankees	- Checklist
2024_topps_series1,2024,Topps,Series 1,Base,,316,1,Kutter Crawford,Boston Red Sox,False,Base	316	Kutter Crawford	Boston Red Sox
2024_topps_series1,2024,Topps,Series 1,Base,,317,1,Starling Marte,New York Mets,False,Base	317	Starling Marte	New York Mets
2024_topps_series1,2024,Topps,Series 1,Base,,318,1,Justin Steele,Chicago Cubs,False,Base	318	Justin Steele	Chicago Cubs
2024_topps_series1,2024,Topps,Series 1,Base,,319,1,Miguel Amaya,Chicago Cubs,False,Base	319	Miguel Amaya	Chicago Cubs
2024_topps_series1,2024,Topps,Series 1,Base,,320,1,Daniel Bard,Colorado Rockies,False,Base	320	Daniel Bard	Colorado Rockies
2024_topps_series1,2024,Topps,Series 1,Base,,321,1,Trey Cabbage,Los Angeles Angels	RC,False,Base	321	Trey Cabbage	Los Angeles Angels	RC
2024_topps_series1,2024,Topps,Series 1,Base,,322,1,Brendan Rodgers,Colorado Rockies,False,Base	322	Brendan Rodgers	Colorado Rockies
2024_topps_series1,2024,Topps,Series 1,Base,,323,1,Braxton Garrett,Miami Marlins,False,Base	323	Braxton Garrett	Miami Marlins
2024_topps_series1,2024,Topps,Series 1,Base,,324,1,Sonny Gray,Minnesota Twins	- League Leaders,True,Base	324	Sonny Gray / Gerrit Cole / Kyle Bradish	Minnesota Twins	- League Leaders
2024_topps_series1,2024,Topps,Series 1,Base,,324,2,Gerrit Cole,Minnesota Twins	- League Leaders,True,Base	324	Sonny Gray / Gerrit Cole / Kyle Bradish	Minnesota Twins	- League Leaders
2024_topps_series1,2024,Topps,Series 1,Base,,324,3,Kyle Bradish,Minnesota Twins	- League Leaders,True,Base	324	Sonny Gray / Gerrit Cole / Kyle Bradish	Minnesota Twins	- League Leaders
2024_topps_series1,2024,Topps,Series 1,Base,,324,1,Sonny Gray,New York Yankees	- League Leaders,True,Base	324	Sonny Gray / Gerrit Cole / Kyle Bradish	New York Yankees	- League Leaders
2024_topps_series1,2024,Topps,Series 1,Base,,324,2,Gerrit Cole,New York Yankees	- League Leaders,True,Base	324	Sonny Gray / Gerrit Cole / Kyle Bradish	New York Yankees	- League Leaders
2024_topps_series1,2024,Topps,Series 1,Base,,324,3,Kyle Bradish,New York Yankees	- League Leaders,True,Base	324	Sonny Gray / Gerrit Cole / Kyle Bradish	New York Yankees	- League Leaders
2024_topps_series1,2024,Topps,Series 1,Base,,324,1,Sonny Gray,Baltimore Orioles	- League Leaders,True,Base	324	Sonny Gray / Gerrit Cole / Kyle Bradish	Baltimore Orioles	- League Leaders
2024_topps_series1,2024,Topps,Series 1,Base,,324,2,Gerrit Cole,Baltimore Orioles	- League Leaders,True,Base	324	Sonny Gray / Gerrit Cole / Kyle Bradish	Baltimore Orioles	- League Leaders
2024_topps_series1,2024,Topps,Series 1,Base,,324,3,Kyle Bradish,Baltimore Orioles	- League Leaders,True,Base	324	Sonny Gray / Gerrit Cole / Kyle Bradish	Baltimore Orioles	- League Leaders
2024_topps_series1,2024,Topps,Series 1,Base,,325,1,Justin Martinez,Arizona Diamondbacks	RC,False,Base	325	Justin Martinez	Arizona Diamondbacks	RC
2024_topps_series1,2024,Topps,Series 1,Base,,326,1,Mauricio Dubón,Houston Astros,False,Base	326	Mauricio Dubón	Houston Astros
2024_topps_series1,2024,Topps,Series 1,Base,,327,1,Matt McLain,Cincinnati Reds,False,Base	327	Matt McLain	Cincinnati Reds
2024_topps_series1,2024,Topps,Series 1,Base,,328,1,Patrick Wisdom,Chicago Cubs,False,Base	328	Patrick Wisdom	Chicago Cubs
2024_topps_series1,2024,Topps,Series 1,Base,,329,1,Framber Valdez,Houston Astros	- Checklist,False,Base	329	Framber Valdez	Houston Astros	- Checklist
2024_topps_series1,2024,Topps,Series 1,Base,,330,1,Vladimir Guerrero Jr.,Toronto Blue Jays,False,Base	330	Vladimir Guerrero Jr.	Toronto Blue Jays
2024_topps_series1,2024,Topps,Series 1,Base,,331,1,Ryan Pressly,Houston Astros,False,Base	331	Ryan Pressly	Houston Astros
2024_topps_series1,2024,Topps,Series 1,Base,,332,1,Taylor Ward,Los Angeles Angels,False,Base	332	Taylor Ward	Los Angeles Angels
2024_topps_series1,2024,Topps,Series 1,Base,,333,1,Jo Adell,Los Angeles Angels,False,Base	333	Jo Adell	Los Angeles Angels
2024_topps_series1,2024,Topps,Series 1,Base,,334,1,Ryne Nelson,Arizona Diamondbacks,False,Base	334	Ryne Nelson	Arizona Diamondbacks
2024_topps_series1,2024,Topps,Series 1,Base,,335,1,Ryan O'Hearn,Baltimore Orioles,False,Base	335	Ryan O'Hearn	Baltimore Orioles
2024_topps_series1,2024,Topps,Series 1,Base,,336,1,Dean Kremer,Baltimore Orioles,False,Base	336	Dean Kremer	Baltimore Orioles
2024_topps_series1,2024,Topps,Series 1,Base,,337,1,Hayden Wesneski,Chicago Cubs,False,Base	337	Hayden Wesneski	Chicago Cubs
2024_topps_series1,2024,Topps,Series 1,Base,,338,1,Nick Senzel,Cincinnati Reds,False,Base	338	Nick Senzel	Cincinnati Reds
2024_topps_series1,2024,Topps,Series 1,Base,,339,1,Logan Allen,Cleveland Guardians,False,Base	339	Logan Allen	Cleveland Guardians
2024_topps_series1,2024,Topps,Series 1,Base,,340,1,Austin Gomber,Colorado Rockies,False,Base	340	Austin Gomber	Colorado Rockies
2024_topps_series1,2024,Topps,Series 1,Base,,341,1,Elehuris Montero,Colorado Rockies,False,Base	341	Elehuris Montero	Colorado Rockies
2024_topps_series1,2024,Topps,Series 1,Base,,342,1,Maikel Garcia,Kansas City Royals,False,Base	342	Maikel Garcia	Kansas City Royals
2024_topps_series1,2024,Topps,Series 1,Base,,343,1,Rowdy Tellez,Milwaukee Brewers,False,Base	343	Rowdy Tellez	Milwaukee Brewers
2024_topps_series1,2024,Topps,Series 1,Base,,344,1,Ryan Jeffers,Minnesota Twins,False,Base	344	Ryan Jeffers	Minnesota Twins
2024_topps_series1,2024,Topps,Series 1,Base,,345,1,Daniel Vogelbach,New York Mets,False,Base	345	Daniel Vogelbach	New York Mets
2024_topps_series1,2024,Topps,Series 1,Base,,346,1,Patrick Bailey,San Francisco Giants,False,Base	346	Patrick Bailey	San Francisco Giants
2024_topps_series1,2024,Topps,Series 1,Base,,347,1,Manuel Margot,Tampa Bay Rays,False,Base	347	Manuel Margot	Tampa Bay Rays
2024_topps_series1,2024,Topps,Series 1,Base,,348,1,Dane Dunning,Texas Rangers,False,Base	348	Dane Dunning	Texas Rangers
2024_topps_series1,2024,Topps,Series 1,Base,,349,1,Danny Jansen,Toronto Blue Jays,False,Base	349	Danny Jansen	Toronto Blue Jays
2024_topps_series1,2024,Topps,Series 1,Base,,350,1,Matt Olson,Atlanta Braves,False,Base	350	Matt Olson	Atlanta Braves
2024_topps_series1,2024,Topps,Series 1,1989 Topps Baseball,,89B-1,1,Jordan Lawlar,Arizona Diamondbacks,False,1989 Topps Baseball	89B-1	Jordan Lawlar	Arizona Diamondbacks
2024_topps_series1,2024,Topps,Series 1,1989 Topps Baseball,,89B-2,1,Manny Machado,San Diego Padres,False,1989 Topps Baseball	89B-2	Manny Machado	San Diego Padres
2024_topps_series1,2024,Topps,Series 1,1989 Topps Baseball,,89B-3,1,Jose Canseco,Oakland Athletics,False,1989 Topps Baseball	89B-3	Jose Canseco	Oakland Athletics
2024_topps_series1,2024,Topps,Series 1,1989 Topps Baseball,,89B-4,1,Juan Soto,San Diego Padres,False,1989 Topps Baseball	89B-4	Juan Soto	San Diego Padres
2024_topps_series1,2024,Topps,Series 1,1989 Topps Baseball,,89B-5,1,Jazz Chisholm Jr.,Miami Marlins,False,1989 Topps Baseball	89B-5	Jazz Chisholm Jr.	Miami Marlins
2024_topps_series1,2024,Topps,Series 1,1989 Topps Baseball,,89B-6,1,Luis Robert Jr.,Chicago White Sox,False,1989 Topps Baseball	89B-6	Luis Robert Jr.	Chicago White Sox
2024_topps_series1,2024,Topps,Series 1,1989 Topps Baseball,,89B-7,1,Albert Pujols,St. Louis Cardinals,False,1989 Topps Baseball	89B-7	Albert Pujols	St. Louis Cardinals
2024_topps_series1,2024,Topps,Series 1,1989 Topps Baseball,,89B-8,1,Gavin Williams,Cleveland Guardians,False,1989 Topps Baseball	89B-8	Gavin Williams	Cleveland Guardians
2024_topps_series1,2024,Topps,Series 1,1989 Topps Baseball,,89B-9,1,Sal Frelick,Milwaukee Brewers,False,1989 Topps Baseball	89B-9	Sal Frelick	Milwaukee Brewers
2024_topps_series1,2024,Topps,Series 1,1989 Topps Baseball,,89B-10,1,Fernando Tatis Jr.,San Diego Padres,False,1989 Topps Baseball	89B-10	Fernando Tatis Jr.	San Diego Padres
2024_topps_series1,2024,Topps,Series 1,1989 Topps Baseball,,89B-11,1,Marco Luciano,San Francisco Giants,False,1989 Topps Baseball	89B-11	Marco Luciano	San Francisco Giants
2024_topps_series1,2024,Topps,Series 1,1989 Topps Baseball,,89B-12,1,Colton Cowser,Baltimore Orioles,False,1989 Topps Baseball	89B-12	Colton Cowser	Baltimore Orioles
2024_topps_series1,2024,Topps,Series 1,1989 Topps Baseball,,89B-13,1,Bo Jackson,Kansas City Royals,False,1989 Topps Baseball	89B-13	Bo Jackson	Kansas City Royals
2024_topps_series1,2024,Topps,Series 1,1989 Topps Baseball,,89B-14,1,Masataka Yoshida,Boston Red Sox,False,1989 Topps Baseball	89B-14	Masataka Yoshida	Boston Red Sox
2024_topps_series1,2024,Topps,Series 1,1989 Topps Baseball,,89B-15,1,Randy Arozarena,Tampa Bay Rays,False,1989 Topps Baseball	89B-15	Randy Arozarena	Tampa Bay Rays
2024_topps_series1,2024,Topps,Series 1,1989 Topps Baseball,,89B-16,1,Shohei Ohtani,Los Angeles Angels,False,1989 Topps Baseball	89B-16	Shohei Ohtani	Los Angeles Angels
2024_topps_series1,2024,Topps,Series 1,1989 Topps Baseball,,89B-17,1,Ronald Acuña Jr.,Atlanta Braves,False,1989 Topps Baseball	89B-17	Ronald Acuña Jr.	Atlanta Braves
2024_topps_series1,2024,Topps,Series 1,1989 Topps Baseball,,89B-18,1,Paul Goldschmidt,St. Louis Cardinals,False,1989 Topps Baseball	89B-18	Paul Goldschmidt	St. Louis Cardinals
2024_topps_series1,2024,Topps,Series 1,1989 Topps Baseball,,89B-19,1,Adley Rutschman,Baltimore Orioles,False,1989 Topps Baseball	89B-19	Adley Rutschman	Baltimore Orioles
2024_topps_series1,2024,Topps,Series 1,1989 Topps Baseball,,89B-20,1,Luis Arraez,Miami Marlins,False,1989 Topps Baseball	89B-20	Luis Arraez	Miami Marlins
2024_topps_series1,2024,Topps,Series 1,1989 Topps Baseball,,89B-21,1,Bo Bichette,Toronto Blue Jays,False,1989 Topps Baseball	89B-21	Bo Bichette	Toronto Blue Jays
2024_topps_series1,2024,Topps,Series 1,1989 Topps Baseball,,89B-22,1,Francisco Lindor,New York Mets,False,1989 Topps Baseball	89B-22	Francisco Lindor	New York Mets
2024_topps_series1,2024,Topps,Series 1,1989 Topps Baseball,,89B-23,1,Bryce Harper,Philadelphia Phillies,False,1989 Topps Baseball	89B-23	Bryce Harper	Philadelphia Phillies
2024_topps_series1,2024,Topps,Series 1,1989 Topps Baseball,,89B-24,1,Luis Matos,San Francisco Giants,False,1989 Topps Baseball	89B-24	Luis Matos	San Francisco Giants
2024_topps_series1,2024,Topps,Series 1,1989 Topps Baseball,,89B-25,1,Ken Griffey Jr.,Seattle Mariners,False,1989 Topps Baseball	89B-25	Ken Griffey Jr.	Seattle Mariners
2024_topps_series1,2024,Topps,Series 1,1989 Topps Baseball,,89B-26,1,Justin Verlander,Houston Astros,False,1989 Topps Baseball	89B-26	Justin Verlander	Houston Astros
2024_topps_series1,2024,Topps,Series 1,1989 Topps Baseball,,89B-27,1,Jose Altuve,Houston Astros,False,1989 Topps Baseball	89B-27	Jose Altuve	Houston Astros
2024_topps_series1,2024,Topps,Series 1,1989 Topps Baseball,,89B-28,1,Henry Davis,Pittsburgh Pirates,False,1989 Topps Baseball	89B-28	Henry Davis	Pittsburgh Pirates
2024_topps_series1,2024,Topps,Series 1,1989 Topps Baseball,,89B-29,1,Freddie Freeman,Los Angeles Dodgers,False,1989 Topps Baseball	89B-29	Freddie Freeman	Los Angeles Dodgers
2024_topps_series1,2024,Topps,Series 1,1989 Topps Baseball,,89B-30,1,Willie Mays,San Francisco Giants,False,1989 Topps Baseball	89B-30	Willie Mays	San Francisco Giants
2024_topps_series1,2024,Topps,Series 1,1989 Topps Baseball,,89B-31,1,Aaron Judge,New York Yankees,False,1989 Topps Baseball	89B-31	Aaron Judge	New York Yankees
2024_topps_series1,2024,Topps,Series 1,1989 Topps Baseball,,89B-32,1,Vladimir Guerrero Jr.,Toronto Blue Jays,False,1989 Topps Baseball	89B-32	Vladimir Guerrero Jr.	Toronto Blue Jays
2024_topps_series1,2024,Topps,Series 1,1989 Topps Baseball,,89B-33,1,Josh Jung,Texas Rangers,False,1989 Topps Baseball	89B-33	Josh Jung	Texas Rangers
2024_topps_series1,2024,Topps,Series 1,1989 Topps Baseball,,89B-34,1,Mookie Betts,Los Angeles Dodgers,False,1989 Topps Baseball	89B-34	Mookie Betts	Los Angeles Dodgers
2024_topps_series1,2024,Topps,Series 1,1989 Topps Baseball,,89B-35,1,Corey Seager,Texas Rangers,False,1989 Topps Baseball	89B-35	Corey Seager	Texas Rangers
2024_topps_series1,2024,Topps,Series 1,1989 Topps Baseball,,89B-36,1,Yordan Alvarez,Houston Astros,False,1989 Topps Baseball	89B-36	Yordan Alvarez	Houston Astros
2024_topps_series1,2024,Topps,Series 1,1989 Topps Baseball,,89B-37,1,Kris Bryant,Colorado Rockies,False,1989 Topps Baseball	89B-37	Kris Bryant	Colorado Rockies
2024_topps_series1,2024,Topps,Series 1,1989 Topps Baseball,,89B-38,1,Jordan Westburg,Baltimore Orioles,False,1989 Topps Baseball	89B-38	Jordan Westburg	Baltimore Orioles
2024_topps_series1,2024,Topps,Series 1,1989 Topps Baseball,,89B-39,1,Mike Schmidt,Philadelphia Phillies,False,1989 Topps Baseball	89B-39	Mike Schmidt	Philadelphia Phillies
2024_topps_series1,2024,Topps,Series 1,1989 Topps Baseball,,89B-40,1,Bryan Woo,Seattle Mariners,False,1989 Topps Baseball	89B-40	Bryan Woo	Seattle Mariners
2024_topps_series1,2024,Topps,Series 1,1989 Topps Baseball,,89B-41,1,Carlos Correa,Minnesota Twins,False,1989 Topps Baseball	89B-41	Carlos Correa	Minnesota Twins
2024_topps_series1,2024,Topps,Series 1,1989 Topps Baseball,,89B-42,1,Ichiro,Seattle Mariners,False,1989 Topps Baseball	89B-42	Ichiro	Seattle Mariners
2024_topps_series1,2024,Topps,Series 1,1989 Topps Baseball,,89B-43,1,Christian Yelich,Milwaukee Brewers,False,1989 Topps Baseball	89B-43	Christian Yelich	Milwaukee Brewers
2024_topps_series1,2024,Topps,Series 1,1989 Topps Baseball,,89B-44,1,José Ramírez,Cleveland Guardians,False,1989 Topps Baseball	89B-44	José Ramírez	Cleveland Guardians
2024_topps_series1,2024,Topps,Series 1,1989 Topps Baseball,,89B-45,1,Will Clark,San Francisco Giants,False,1989 Topps Baseball	89B-45	Will Clark	San Francisco Giants
2024_topps_series1,2024,Topps,Series 1,1989 Topps Baseball,,89B-46,1,AJ Smith-Shawver,Atlanta Braves,False,1989 Topps Baseball	89B-46	AJ Smith-Shawver	Atlanta Braves
2024_topps_series1,2024,Topps,Series 1,1989 Topps Baseball,,89B-47,1,George Brett,Kansas City Royals,False,1989 Topps Baseball	89B-47	George Brett	Kansas City Royals
2024_topps_series1,2024,Topps,Series 1,1989 Topps Baseball,,89B-48,1,Andrew McCutchen,Pittsburgh Pirates,False,1989 Topps Baseball	89B-48	Andrew McCutchen	Pittsburgh Pirates
2024_topps_series1,2024,Topps,Series 1,1989 Topps Baseball,,89B-49,1,Ryne Sandberg,Chicago Cubs,False,1989 Topps Baseball	89B-49	Ryne Sandberg	Chicago Cubs
2024_topps_series1,2024,Topps,Series 1,1989 Topps Baseball,,89B-50,1,Junior Caminero,Tampa Bay Rays,False,1989 Topps Baseball	89B-50	Junior Caminero	Tampa Bay Rays
2024_topps_series1,2024,Topps,Series 1,1989 Topps Baseball,,89B-51,1,Barry Larkin,Cincinnati Reds,False,1989 Topps Baseball	89B-51	Barry Larkin	Cincinnati Reds
2024_topps_series1,2024,Topps,Series 1,1989 Topps Baseball,,89B-52,1,Jeff Bagwell,Houston Astros,False,1989 Topps Baseball	89B-52	Jeff Bagwell	Houston Astros
2024_topps_series1,2024,Topps,Series 1,1989 Topps Baseball,,89B-53,1,Mark McGwire,Oakland Athletics,False,1989 Topps Baseball	89B-53	Mark McGwire	Oakland Athletics
2024_topps_series1,2024,Topps,Series 1,1989 Topps Baseball,,89B-54,1,Jackie Robinson,Brooklyn Dodgers,False,1989 Topps Baseball	89B-54	Jackie Robinson	Brooklyn Dodgers
2024_topps_series1,2024,Topps,Series 1,1989 Topps Baseball,,89B-55,1,Robin Yount,Milwaukee Brewers,False,1989 Topps Baseball	89B-55	Robin Yount	Milwaukee Brewers
2024_topps_series1,2024,Topps,Series 1,1989 Topps Baseball,,89B-56,1,Trea Turner,Philadelphia Phillies,False,1989 Topps Baseball	89B-56	Trea Turner	Philadelphia Phillies
2024_topps_series1,2024,Topps,Series 1,1989 Topps Baseball,,89B-57,1,Clayton Kershaw,Los Angeles Dodgers,False,1989 Topps Baseball	89B-57	Clayton Kershaw	Los Angeles Dodgers
2024_topps_series1,2024,Topps,Series 1,1989 Topps Baseball,,89B-58,1,Masyn Winn,St. Louis Cardinals,False,1989 Topps Baseball	89B-58	Masyn Winn	St. Louis Cardinals
2024_topps_series1,2024,Topps,Series 1,1989 Topps Baseball,,89B-59,1,Bobby Witt Jr.,Kansas City Royals,False,1989 Topps Baseball	89B-59	Bobby Witt Jr.	Kansas City Royals
2024_topps_series1,2024,Topps,Series 1,1989 Topps Baseball,,89B-60,1,Oneil Cruz,Pittsburgh Pirates,False,1989 Topps Baseball	89B-60	Oneil Cruz	Pittsburgh Pirates
2024_topps_series1,2024,Topps,Series 1,1989 Topps Baseball,,89B-61,1,Rafael Devers,Boston Red Sox,False,1989 Topps Baseball	89B-61	Rafael Devers	Boston Red Sox
2024_topps_series1,2024,Topps,Series 1,1989 Topps Baseball,,89B-62,1,Christopher Morel,Chicago Cubs,False,1989 Topps Baseball	89B-62	Christopher Morel	Chicago Cubs
2024_topps_series1,2024,Topps,Series 1,1989 Topps Baseball,,89B-63,1,Byron Buxton,Minnesota Twins,False,1989 Topps Baseball	89B-63	Byron Buxton	Minnesota Twins
2024_topps_series1,2024,Topps,Series 1,1989 Topps Baseball,,89B-64,1,Anthony Rizzo,New York Yankees,False,1989 Topps Baseball	89B-64	Anthony Rizzo	New York Yankees
2024_topps_series1,2024,Topps,Series 1,1989 Topps Baseball,,89B-65,1,Christian Encarnacion-Stra,Cincinnati Reds,False,1989 Topps Baseball	89B-65	Christian Encarnacion-Stra	Cincinnati Reds
2024_topps_series1,2024,Topps,Series 1,1989 Topps Baseball,,89B-66,1,Julio Rodríguez,Seattle Mariners,False,1989 Topps Baseball	89B-66	Julio Rodríguez	Seattle Mariners
2024_topps_series1,2024,Topps,Series 1,1989 Topps Baseball,,89B-67,1,Nolan Arenado,St. Louis Cardinals,False,1989 Topps Baseball	89B-67	Nolan Arenado	St. Louis Cardinals
2024_topps_series1,2024,Topps,Series 1,1989 Topps Baseball,,89B-68,1,Vladimir Guerrero,Montréal Expos,False,1989 Topps Baseball	89B-68	Vladimir Guerrero	Montréal Expos
2024_topps_series1,2024,Topps,Series 1,1989 Topps Baseball,,89B-69,1,Elly De La Cruz,Cincinnati Reds,False,1989 Topps Baseball	89B-69	Elly De La Cruz	Cincinnati Reds
2024_topps_series1,2024,Topps,Series 1,1989 Topps Baseball,,89B-70,1,Mike Trout,Los Angeles Angels,False,1989 Topps Baseball	89B-70	Mike Trout	Los Angeles Angels
2024_topps_series1,2024,Topps,Series 1,1989 Topps Baseball,,89B-71,1,Nolan Schanuel,Los Angeles Angels,False,1989 Topps Baseball	89B-71	Nolan Schanuel	Los Angeles Angels
2024_topps_series1,2024,Topps,Series 1,1989 Topps Baseball,,89B-72,1,Ceddanne Rafaela,Boston Red Sox,False,1989 Topps Baseball	89B-72	Ceddanne Rafaela	Boston Red Sox
2024_topps_series1,2024,Topps,Series 1,1989 Topps Baseball,,89B-73,1,Tony Gwynn,San Diego Padres,False,1989 Topps Baseball	89B-73	Tony Gwynn	San Diego Padres
2024_topps_series1,2024,Topps,Series 1,1989 Topps Baseball,,89B-74,1,Matt Olson,Atlanta Braves,False,1989 Topps Baseball	89B-74	Matt Olson	Atlanta Braves
2024_topps_series1,2024,Topps,Series 1,1989 Topps Baseball,,89B-75,1,Sonny Gray,Minnesota Twins,False,1989 Topps Baseball	89B-75	Sonny Gray	Minnesota Twins
2024_topps_series1,2024,Topps,Series 1,1989 Topps Baseball,,89B-76,1,Chipper Jones,Atlanta Braves,False,1989 Topps Baseball	89B-76	Chipper Jones	Atlanta Braves
2024_topps_series1,2024,Topps,Series 1,1989 Topps Baseball,,89B-77,1,Emmet Sheehan,Los Angeles Dodgers,False,1989 Topps Baseball	89B-77	Emmet Sheehan	Los Angeles Dodgers
2024_topps_series1,2024,Topps,Series 1,1989 Topps Baseball,,89B-78,1,Joey Votto,Cincinnati Reds,False,1989 Topps Baseball	89B-78	Joey Votto	Cincinnati Reds
2024_topps_series1,2024,Topps,Series 1,1989 Topps Baseball,,89B-79,1,Endy Rodríguez,Pittsburgh Pirates,False,1989 Topps Baseball	89B-79	Endy Rodríguez	Pittsburgh Pirates
2024_topps_series1,2024,Topps,Series 1,1989 Topps Baseball,,89B-80,1,Don Mattingly,New York Yankees,False,1989 Topps Baseball	89B-80	Don Mattingly	New York Yankees
2024_topps_series1,2024,Topps,Series 1,1989 Topps Baseball,,89B-81,1,Ozzie Smith,St. Louis Cardinals,False,1989 Topps Baseball	89B-81	Ozzie Smith	St. Louis Cardinals
2024_topps_series1,2024,Topps,Series 1,1989 Topps Baseball,,89B-82,1,Riley Greene,Detroit Tigers,False,1989 Topps Baseball	89B-82	Riley Greene	Detroit Tigers
2024_topps_series1,2024,Topps,Series 1,1989 Topps Baseball,,89B-83,1,Nolan Ryan,Houston Astros,False,1989 Topps Baseball	89B-83	Nolan Ryan	Houston Astros
2024_topps_series1,2024,Topps,Series 1,1989 Topps Baseball,,89B-84,1,Wade Boggs,Boston Red Sox,False,1989 Topps Baseball	89B-84	Wade Boggs	Boston Red Sox
2024_topps_series1,2024,Topps,Series 1,1989 Topps Baseball,,89B-85,1,Curtis Mead,Tampa Bay Rays,False,1989 Topps Baseball	89B-85	Curtis Mead	Tampa Bay Rays
2024_topps_series1,2024,Topps,Series 1,1989 Topps Baseball,,89B-86,1,Greg Maddux,Atlanta Braves,False,1989 Topps Baseball	89B-86	Greg Maddux	Atlanta Braves
2024_topps_series1,2024,Topps,Series 1,1989 Topps Baseball,,89B-87,1,Pete Alonso,New York Mets,False,1989 Topps Baseball	89B-87	Pete Alonso	New York Mets
2024_topps_series1,2024,Topps,Series 1,1989 Topps Baseball,,89B-88,1,Cal Ripken Jr.,Baltimore Orioles,False,1989 Topps Baseball	89B-88	Cal Ripken Jr.	Baltimore Orioles
2024_topps_series1,2024,Topps,Series 1,1989 Topps Baseball,,89B-89,1,Frank Thomas,Chicago White Sox,False,1989 Topps Baseball	89B-89	Frank Thomas	Chicago White Sox
2024_topps_series1,2024,Topps,Series 1,1989 Topps Baseball,,89B-90,1,Zack Gelof,Oakland Athletics,False,1989 Topps Baseball	89B-90	Zack Gelof	Oakland Athletics
2024_topps_series1,2024,Topps,Series 1,1989 Topps Baseball,,89B-91,1,Buster Posey,San Francisco Giants,False,1989 Topps Baseball	89B-91	Buster Posey	San Francisco Giants
2024_topps_series1,2024,Topps,Series 1,1989 Topps Baseball,,89B-92,1,Gerrit Cole,New York Yankees,False,1989 Topps Baseball	89B-92	Gerrit Cole	New York Yankees
2024_topps_series1,2024,Topps,Series 1,1989 Topps Baseball,,89B-93,1,Ronny Mauricio,New York Mets,False,1989 Topps Baseball	89B-93	Ronny Mauricio	New York Mets
2024_topps_series1,2024,Topps,Series 1,1989 Topps Baseball,,89B-94,1,Adolis García,Texas Rangers,False,1989 Topps Baseball	89B-94	Adolis García	Texas Rangers
2024_topps_series1,2024,Topps,Series 1,1989 Topps Baseball,,89B-95,1,Kyle Harrison,San Francisco Giants,False,1989 Topps Baseball	89B-95	Kyle Harrison	San Francisco Giants
2024_topps_series1,2024,Topps,Series 1,1989 Topps Baseball,,89B-96,1,Andrew Abbott,Cincinnati Reds,False,1989 Topps Baseball	89B-96	Andrew Abbott	Cincinnati Reds
2024_topps_series1,2024,Topps,Series 1,1989 Topps Baseball,,89B-97,1,Miguel Cabrera,Detroit Tigers,False,1989 Topps Baseball	89B-97	Miguel Cabrera	Detroit Tigers
2024_topps_series1,2024,Topps,Series 1,1989 Topps Baseball,,89B-98,1,Max Scherzer,Texas Rangers,False,1989 Topps Baseball	89B-98	Max Scherzer	Texas Rangers
2024_topps_series1,2024,Topps,Series 1,1989 Topps Baseball,,89B-99,1,Corbin Carroll,Arizona Diamondbacks,False,1989 Topps Baseball	89B-99	Corbin Carroll	Arizona Diamondbacks
2024_topps_series1,2024,Topps,Series 1,1989 Topps Baseball,,89B-100,1,Tyler Soderstrom,Oakland Athletics,False,1989 Topps Baseball	89B-100	Tyler Soderstrom	Oakland Athletics
2024_topps_series1,2024,Topps,Series 1,1989 Topps Baseball Autographs,,89BA-AA,1,Andrew Abbott,Cincinnati Reds,False,1989 Topps Baseball Autographs	89BA-AA	Andrew Abbott	Cincinnati Reds
2024_topps_series1,2024,Topps,Series 1,1989 Topps Baseball Autographs,,89BA-AD,1,Andre Dawson,Chicago Cubs,False,1989 Topps Baseball Autographs	89BA-AD	Andre Dawson	Chicago Cubs
2024_topps_series1,2024,Topps,Series 1,1989 Topps Baseball Autographs,,89BA-AJ,1,Aaron Judge,New York Yankees,False,1989 Topps Baseball Autographs	89BA-AJ	Aaron Judge	New York Yankees
2024_topps_series1,2024,Topps,Series 1,1989 Topps Baseball Autographs,,89BA-AJO,1,Andruw Jones,Atlanta Braves,False,1989 Topps Baseball Autographs	89BA-AJO	Andruw Jones	Atlanta Braves
2024_topps_series1,2024,Topps,Series 1,1989 Topps Baseball Autographs,,89BA-AMA,1,Alec Marsh,Kansas City Royals,False,1989 Topps Baseball Autographs	89BA-AMA	Alec Marsh	Kansas City Royals
2024_topps_series1,2024,Topps,Series 1,1989 Topps Baseball Autographs,,89BA-AR,1,Anthony Rizzo,New York Yankees,False,1989 Topps Baseball Autographs	89BA-AR	Anthony Rizzo	New York Yankees
2024_topps_series1,2024,Topps,Series 1,1989 Topps Baseball Autographs,,89BA-ARU,1,Adley Rutschman,Baltimore Orioles,False,1989 Topps Baseball Autographs	89BA-ARU	Adley Rutschman	Baltimore Orioles
2024_topps_series1,2024,Topps,Series 1,1989 Topps Baseball Autographs,,89BA-AS,1,AJ Smith-Shawver,Atlanta Braves,False,1989 Topps Baseball Autographs	89BA-AS	AJ Smith-Shawver	Atlanta Braves
2024_topps_series1,2024,Topps,Series 1,1989 Topps Baseball Autographs,,89BA-AUR,1,Abner Uribe,Milwaukee Brewers,False,1989 Topps Baseball Autographs	89BA-AUR	Abner Uribe	Milwaukee Brewers
2024_topps_series1,2024,Topps,Series 1,1989 Topps Baseball Autographs,,89BA-AV,1,Anthony Volpe,New York Yankees,False,1989 Topps Baseball Autographs	89BA-AV	Anthony Volpe	New York Yankees
2024_topps_series1,2024,Topps,Series 1,1989 Topps Baseball Autographs,,89BA-AW,1,Austin Wells,New York Yankees,False,1989 Topps Baseball Autographs	89BA-AW	Austin Wells	New York Yankees
2024_topps_series1,2024,Topps,Series 1,1989 Topps Baseball Autographs,,89BA-BBX,1,Byron Buxton,Minnesota Twins,False,1989 Topps Baseball Autographs	89BA-BBX	Byron Buxton	Minnesota Twins
2024_topps_series1,2024,Topps,Series 1,1989 Topps Baseball Autographs,,89BA-BH,1,Bryce Harper,Philadelphia Phillies,False,1989 Topps Baseball Autographs	89BA-BH	Bryce Harper	Philadelphia Phillies
2024_topps_series1,2024,Topps,Series 1,1989 Topps Baseball Autographs,,89BA-BJ,1,Bo Jackson,Kansas City Royals,False,1989 Topps Baseball Autographs	89BA-BJ	Bo Jackson	Kansas City Royals
2024_topps_series1,2024,Topps,Series 1,1989 Topps Baseball Autographs,,89BA-BLA,1,Barry Larkin,Cincinnati Reds,False,1989 Topps Baseball Autographs	89BA-BLA	Barry Larkin	Cincinnati Reds
2024_topps_series1,2024,Topps,Series 1,1989 Topps Baseball Autographs,,89BA-BW,1,Bernie Williams,New York Yankees,False,1989 Topps Baseball Autographs	89BA-BW	Bernie Williams	New York Yankees
2024_topps_series1,2024,Topps,Series 1,1989 Topps Baseball Autographs,,89BA-BWA,1,Brandon Walter,Boston Red Sox,False,1989 Topps Baseball Autographs	89BA-BWA	Brandon Walter	Boston Red Sox
2024_topps_series1,2024,Topps,Series 1,1989 Topps Baseball Autographs,,89BA-BWO,1,Brandon Woodruff,Milwaukee Brewers,False,1989 Topps Baseball Autographs	89BA-BWO	Brandon Woodruff	Milwaukee Brewers
2024_topps_series1,2024,Topps,Series 1,1989 Topps Baseball Autographs,,89BA-BWOO,1,Bryan Woo,Seattle Mariners,False,1989 Topps Baseball Autographs	89BA-BWOO	Bryan Woo	Seattle Mariners
2024_topps_series1,2024,Topps,Series 1,1989 Topps Baseball Autographs,,89BA-CB,1,Corbin Burnes,Milwaukee Brewers,False,1989 Topps Baseball Autographs	89BA-CB	Corbin Burnes	Milwaukee Brewers
2024_topps_series1,2024,Topps,Series 1,1989 Topps Baseball Autographs,,89BA-CBI,1,Craig Biggio,Houston Astros,False,1989 Topps Baseball Autographs	89BA-CBI	Craig Biggio	Houston Astros
2024_topps_series1,2024,Topps,Series 1,1989 Topps Baseball Autographs,,89BA-CC,1,Colton Cowser,Baltimore Orioles,False,1989 Topps Baseball Autographs	89BA-CC	Colton Cowser	Baltimore Orioles
2024_topps_series1,2024,Topps,Series 1,1989 Topps Baseball Autographs,,89BA-CCA,1,Corbin Carroll,Arizona Diamondbacks,False,1989 Topps Baseball Autographs	89BA-CCA	Corbin Carroll	Arizona Diamondbacks
2024_topps_series1,2024,Topps,Series 1,1989 Topps Baseball Autographs,,89BA-CEC,1,Slade Cecconi,Arizona Diamondbacks,False,1989 Topps Baseball Autographs	89BA-CEC	Slade Cecconi	Arizona Diamondbacks
2024_topps_series1,2024,Topps,Series 1,1989 Topps Baseball Autographs,,89BA-CF,1,Carlton Fisk,Chicago White Sox,False,1989 Topps Baseball Autographs	89BA-CF	Carlton Fisk	Chicago White Sox
2024_topps_series1,2024,Topps,Series 1,1989 Topps Baseball Autographs,,89BA-CJ,1,Chipper Jones,Atlanta Braves,False,1989 Topps Baseball Autographs	89BA-CJ	Chipper Jones	Atlanta Braves
2024_topps_series1,2024,Topps,Series 1,1989 Topps Baseball Autographs,,89BA-CMA,1,Cade Marlowe,Seattle Mariners,False,1989 Topps Baseball Autographs	89BA-CMA	Cade Marlowe	Seattle Mariners
2024_topps_series1,2024,Topps,Series 1,1989 Topps Baseball Autographs,,89BA-CME,1,Curtis Mead,Tampa Bay Rays,False,1989 Topps Baseball Autographs	89BA-CME	Curtis Mead	Tampa Bay Rays
2024_topps_series1,2024,Topps,Series 1,1989 Topps Baseball Autographs,,89BA-CMO,1,Coco Montes,Colorado Rockies,False,1989 Topps Baseball Autographs	89BA-CMO	Coco Montes	Colorado Rockies
2024_topps_series1,2024,Topps,Series 1,1989 Topps Baseball Autographs,,89BA-CMU,1,Cedric Mullins,Baltimore Orioles,False,1989 Topps Baseball Autographs	89BA-CMU	Cedric Mullins	Baltimore Orioles
2024_topps_series1,2024,Topps,Series 1,1989 Topps Baseball Autographs,,89BA-CRI,1,Cal Ripken Jr.,Baltimore Orioles,False,1989 Topps Baseball Autographs	89BA-CRI	Cal Ripken Jr.	Baltimore Orioles
2024_topps_series1,2024,Topps,Series 1,1989 Topps Baseball Autographs,,89BA-CY,1,Christian Yelich,Milwaukee Brewers,False,1989 Topps Baseball Autographs	89BA-CY	Christian Yelich	Milwaukee Brewers
2024_topps_series1,2024,Topps,Series 1,1989 Topps Baseball Autographs,,89BA-DCA,1,Dominic Canzone,Seattle Mariners,False,1989 Topps Baseball Autographs	89BA-DCA	Dominic Canzone	Seattle Mariners
2024_topps_series1,2024,Topps,Series 1,1989 Topps Baseball Autographs,,89BA-DEC,1,Dennis Eckersley,Oakland Athletics,False,1989 Topps Baseball Autographs	89BA-DEC	Dennis Eckersley	Oakland Athletics
2024_topps_series1,2024,Topps,Series 1,1989 Topps Baseball Autographs,,89BA-DH,1,David Hamilton,Boston Red Sox,False,1989 Topps Baseball Autographs	89BA-DH	David Hamilton	Boston Red Sox
2024_topps_series1,2024,Topps,Series 1,1989 Topps Baseball Autographs,,89BA-DJ,1,Derek Jeter,New York Yankees,False,1989 Topps Baseball Autographs	89BA-DJ	Derek Jeter	New York Yankees
2024_topps_series1,2024,Topps,Series 1,1989 Topps Baseball Autographs,,89BA-DM,1,Don Mattingly,New York Yankees,False,1989 Topps Baseball Autographs	89BA-DM	Don Mattingly	New York Yankees
2024_topps_series1,2024,Topps,Series 1,1989 Topps Baseball Autographs,,89BA-DMU,1,Dale Murphy,Atlanta Braves,False,1989 Topps Baseball Autographs	89BA-DMU	Dale Murphy	Atlanta Braves
2024_topps_series1,2024,Topps,Series 1,1989 Topps Baseball Autographs,,89BA-DMY,1,Dane Myers,Miami Marlins,False,1989 Topps Baseball Autographs	89BA-DMY	Dane Myers	Miami Marlins
2024_topps_series1,2024,Topps,Series 1,1989 Topps Baseball Autographs,,89BA-DO,1,David Ortiz,Boston Red Sox,False,1989 Topps Baseball Autographs	89BA-DO	David Ortiz	Boston Red Sox
2024_topps_series1,2024,Topps,Series 1,1989 Topps Baseball Autographs,,89BA-DS,1,Dave Stewart,Oakland Athletics,False,1989 Topps Baseball Autographs	89BA-DS	Dave Stewart	Oakland Athletics
2024_topps_series1,2024,Topps,Series 1,1989 Topps Baseball Autographs,,89BA-DST,1,Darryl Strawberry,New York Mets,False,1989 Topps Baseball Autographs	89BA-DST	Darryl Strawberry	New York Mets
2024_topps_series1,2024,Topps,Series 1,1989 Topps Baseball Autographs,,89BA-DW,1,David Wright,New York Mets,False,1989 Topps Baseball Autographs	89BA-DW	David Wright	New York Mets
2024_topps_series1,2024,Topps,Series 1,1989 Topps Baseball Autographs,,89BA-DWI,1,Dontrelle Willis,Florida Marlins,False,1989 Topps Baseball Autographs	89BA-DWI	Dontrelle Willis	Florida Marlins
2024_topps_series1,2024,Topps,Series 1,1989 Topps Baseball Autographs,,89BA-EC,1,Evan Carter,Texas Rangers,False,1989 Topps Baseball Autographs	89BA-EC	Evan Carter	Texas Rangers
2024_topps_series1,2024,Topps,Series 1,1989 Topps Baseball Autographs,,89BA-ED,1,Elly De La Cruz,Cincinnati Reds,False,1989 Topps Baseball Autographs	89BA-ED	Elly De La Cruz	Cincinnati Reds
2024_topps_series1,2024,Topps,Series 1,1989 Topps Baseball Autographs,,89BA-EM,1,Edgar Martinez,Seattle Mariners,False,1989 Topps Baseball Autographs	89BA-EM	Edgar Martinez	Seattle Mariners
2024_topps_series1,2024,Topps,Series 1,1989 Topps Baseball Autographs,,89BA-EMU,1,Eddie Murray,Baltimore Orioles,False,1989 Topps Baseball Autographs	89BA-EMU	Eddie Murray	Baltimore Orioles
2024_topps_series1,2024,Topps,Series 1,1989 Topps Baseball Autographs,,89BA-EP,1,Evan Phillips,Los Angeles Dodgers,False,1989 Topps Baseball Autographs	89BA-EP	Evan Phillips	Los Angeles Dodgers
2024_topps_series1,2024,Topps,Series 1,1989 Topps Baseball Autographs,,89BA-ER,1,Endy Rodríguez,Pittsburgh Pirates,False,1989 Topps Baseball Autographs	89BA-ER	Endy Rodríguez	Pittsburgh Pirates
2024_topps_series1,2024,Topps,Series 1,1989 Topps Baseball Autographs,,89BA-ES,1,Emmet Sheehan,Los Angeles Dodgers,False,1989 Topps Baseball Autographs	89BA-ES	Emmet Sheehan	Los Angeles Dodgers
2024_topps_series1,2024,Topps,Series 1,1989 Topps Baseball Autographs,,89BA-FT,1,Fernando Tatis Jr.,San Diego Padres,False,1989 Topps Baseball Autographs	89BA-FT	Fernando Tatis Jr.	San Diego Padres
2024_topps_series1,2024,Topps,Series 1,1989 Topps Baseball Autographs,,89BA-FTH,1,Frank Thomas,Chicago White Sox,False,1989 Topps Baseball Autographs	89BA-FTH	Frank Thomas	Chicago White Sox
2024_topps_series1,2024,Topps,Series 1,1989 Topps Baseball Autographs,,89BA-GK,1,George Kirby,Seattle Mariners,False,1989 Topps Baseball Autographs	89BA-GK	George Kirby	Seattle Mariners
2024_topps_series1,2024,Topps,Series 1,1989 Topps Baseball Autographs,,89BA-GKE,1,Grae Kessinger,Houston Astros,False,1989 Topps Baseball Autographs	89BA-GKE	Grae Kessinger	Houston Astros
2024_topps_series1,2024,Topps,Series 1,1989 Topps Baseball Autographs,,89BA-GW,1,Gavin Williams,Cleveland Guardians,False,1989 Topps Baseball Autographs	89BA-GW	Gavin Williams	Cleveland Guardians
2024_topps_series1,2024,Topps,Series 1,1989 Topps Baseball Autographs,,89BA-HAN,1,Emerson Hancock,Seattle Mariners,False,1989 Topps Baseball Autographs	89BA-HAN	Emerson Hancock	Seattle Mariners
2024_topps_series1,2024,Topps,Series 1,1989 Topps Baseball Autographs,,89BA-HG,1,Hunter Greene,Cincinnati Reds,False,1989 Topps Baseball Autographs	89BA-HG	Hunter Greene	Cincinnati Reds
2024_topps_series1,2024,Topps,Series 1,1989 Topps Baseball Autographs,,89BA-HK,1,Heston Kjerstad,Baltimore Orioles,False,1989 Topps Baseball Autographs	89BA-HK	Heston Kjerstad	Baltimore Orioles
2024_topps_series1,2024,Topps,Series 1,1989 Topps Baseball Autographs,,89BA-HR,1,Hanley Ramirez,Florida Marlins,False,1989 Topps Baseball Autographs	89BA-HR	Hanley Ramirez	Florida Marlins
2024_topps_series1,2024,Topps,Series 1,1989 Topps Baseball Autographs,,89BA-I,1,Ichiro,Seattle Mariners,False,1989 Topps Baseball Autographs	89BA-I	Ichiro	Seattle Mariners
2024_topps_series1,2024,Topps,Series 1,1989 Topps Baseball Autographs,,89BA-ICA,1,Isaiah Campbell,Seattle Mariners,False,1989 Topps Baseball Autographs	89BA-ICA	Isaiah Campbell	Seattle Mariners
2024_topps_series1,2024,Topps,Series 1,1989 Topps Baseball Autographs,,89BA-JA,1,Jacob Amaya,Miami Marlins,False,1989 Topps Baseball Autographs	89BA-JA	Jacob Amaya	Miami Marlins
2024_topps_series1,2024,Topps,Series 1,1989 Topps Baseball Autographs,,89BA-JAL,1,Jose Altuve,Houston Astros,False,1989 Topps Baseball Autographs	89BA-JAL	Jose Altuve	Houston Astros
2024_topps_series1,2024,Topps,Series 1,1989 Topps Baseball Autographs,,89BA-JB,1,Jordan Balazovic,Minnesota Twins,False,1989 Topps Baseball Autographs	89BA-JB	Jordan Balazovic	Minnesota Twins
2024_topps_series1,2024,Topps,Series 1,1989 Topps Baseball Autographs,,89BA-JCA,1,Jose Canseco,Oakland Athletics,False,1989 Topps Baseball Autographs	89BA-JCA	Jose Canseco	Oakland Athletics
2024_topps_series1,2024,Topps,Series 1,1989 Topps Baseball Autographs,,89BA-JCJ,1,Jazz Chisholm Jr.,Miami Marlins,False,1989 Topps Baseball Autographs	89BA-JCJ	Jazz Chisholm Jr.	Miami Marlins
2024_topps_series1,2024,Topps,Series 1,1989 Topps Baseball Autographs,,89BA-JD,1,Jasson Domínguez,New York Yankees,False,1989 Topps Baseball Autographs	89BA-JD	Jasson Domínguez	New York Yankees
2024_topps_series1,2024,Topps,Series 1,1989 Topps Baseball Autographs,,89BA-JE,1,Jim Edmonds,St. Louis Cardinals,False,1989 Topps Baseball Autographs	89BA-JE	Jim Edmonds	St. Louis Cardinals
2024_topps_series1,2024,Topps,Series 1,1989 Topps Baseball Autographs,,89BA-JK,1,John Kruk,Philadelphia Phillies,False,1989 Topps Baseball Autographs	89BA-JK	John Kruk	Philadelphia Phillies
2024_topps_series1,2024,Topps,Series 1,1989 Topps Baseball Autographs,,89BA-JLA,1,Jordan Lawlar,Arizona Diamondbacks,False,1989 Topps Baseball Autographs	89BA-JLA	Jordan Lawlar	Arizona Diamondbacks
2024_topps_series1,2024,Topps,Series 1,1989 Topps Baseball Autographs,,89BA-JM,1,Justin Morneau,Minnesota Twins,False,1989 Topps Baseball Autographs	89BA-JM	Justin Morneau	Minnesota Twins
2024_topps_series1,2024,Topps,Series 1,1989 Topps Baseball Autographs,,89BA-JMAZ,1,Justin Martinez,Arizona Diamondbacks,False,1989 Topps Baseball Autographs	89BA-JMAZ	Justin Martinez	Arizona Diamondbacks
2024_topps_series1,2024,Topps,Series 1,1989 Topps Baseball Autographs,,89BA-JMU,1,Joe Musgrove,San Diego Padres,False,1989 Topps Baseball Autographs	89BA-JMU	Joe Musgrove	San Diego Padres
2024_topps_series1,2024,Topps,Series 1,1989 Topps Baseball Autographs,,89BA-JOR,1,Jordyn Adams,Los Angeles Angels,False,1989 Topps Baseball Autographs	89BA-JOR	Jordyn Adams	Los Angeles Angels
2024_topps_series1,2024,Topps,Series 1,1989 Topps Baseball Autographs,,89BA-JRA,1,José Ramírez,Cleveland Guardians,False,1989 Topps Baseball Autographs	89BA-JRA	José Ramírez	Cleveland Guardians
2024_topps_series1,2024,Topps,Series 1,1989 Topps Baseball Autographs,,89BA-JRO,1,Johan Rojas,Philadelphia Phillies,False,1989 Topps Baseball Autographs	89BA-JRO	Johan Rojas	Philadelphia Phillies
2024_topps_series1,2024,Topps,Series 1,1989 Topps Baseball Autographs,,89BA-JROD,1,José Rodríguez,Chicago White Sox,False,1989 Topps Baseball Autographs	89BA-JROD	José Rodríguez	Chicago White Sox
2024_topps_series1,2024,Topps,Series 1,1989 Topps Baseball Autographs,,89BA-JROD2,1,Julio Rodríguez,Seattle Mariners,False,1989 Topps Baseball Autographs	89BA-JROD2	Julio Rodríguez	Seattle Mariners
2024_topps_series1,2024,Topps,Series 1,1989 Topps Baseball Autographs,,89BA-JS,1,Juan Soto,San Diego Padres,False,1989 Topps Baseball Autographs	89BA-JS	Juan Soto	San Diego Padres
2024_topps_series1,2024,Topps,Series 1,1989 Topps Baseball Autographs,,89BA-JSM,1,John Smoltz,Atlanta Braves,False,1989 Topps Baseball Autographs	89BA-JSM	John Smoltz	Atlanta Braves
2024_topps_series1,2024,Topps,Series 1,1989 Topps Baseball Autographs,,89BA-JT,1,Jared Triolo,Pittsburgh Pirates,False,1989 Topps Baseball Autographs	89BA-JT	Jared Triolo	Pittsburgh Pirates
2024_topps_series1,2024,Topps,Series 1,1989 Topps Baseball Autographs,,89BA-JV,1,Joey Votto,Cincinnati Reds,False,1989 Topps Baseball Autographs	89BA-JV	Joey Votto	Cincinnati Reds
2024_topps_series1,2024,Topps,Series 1,1989 Topps Baseball Autographs,,89BA-JVA,1,Jason Varitek,Boston Red Sox,False,1989 Topps Baseball Autographs	89BA-JVA	Jason Varitek	Boston Red Sox
2024_topps_series1,2024,Topps,Series 1,1989 Topps Baseball Autographs,,89BA-JWE,1,Jordan Westburg,Baltimore Orioles,False,1989 Topps Baseball Autographs	89BA-JWE	Jordan Westburg	Baltimore Orioles
2024_topps_series1,2024,Topps,Series 1,1989 Topps Baseball Autographs,,89BA-JWO,1,Jackson Wolf,Pittsburgh Pirates,False,1989 Topps Baseball Autographs	89BA-JWO	Jackson Wolf	Pittsburgh Pirates
2024_topps_series1,2024,Topps,Series 1,1989 Topps Baseball Autographs,,89BA-KH,1,Kyle Harrison,San Francisco Giants,False,1989 Topps Baseball Autographs	89BA-KH	Kyle Harrison	San Francisco Giants
2024_topps_series1,2024,Topps,Series 1,1989 Topps Baseball Autographs,,89BA-KHA,1,Ke'Bryan Hayes,Pittsburgh Pirates,False,1989 Topps Baseball Autographs	89BA-KHA	Ke'Bryan Hayes	Pittsburgh Pirates
2024_topps_series1,2024,Topps,Series 1,1989 Topps Baseball Autographs,,89BA-LR,1,Luis Robert Jr.,Chicago White Sox,False,1989 Topps Baseball Autographs	89BA-LR	Luis Robert Jr.	Chicago White Sox
2024_topps_series1,2024,Topps,Series 1,1989 Topps Baseball Autographs,,89BA-LW,1,Logan Webb,San Francisco Giants,False,1989 Topps Baseball Autographs	89BA-LW	Logan Webb	San Francisco Giants
2024_topps_series1,2024,Topps,Series 1,1989 Topps Baseball Autographs,,89BA-LWA,1,Larry Walker,Colorado Rockies,False,1989 Topps Baseball Autographs	89BA-LWA	Larry Walker	Colorado Rockies
2024_topps_series1,2024,Topps,Series 1,1989 Topps Baseball Autographs,,89BA-MF,1,Max Fried,Atlanta Braves,False,1989 Topps Baseball Autographs	89BA-MF	Max Fried	Atlanta Braves
2024_topps_series1,2024,Topps,Series 1,1989 Topps Baseball Autographs,,89BA-MHA,1,Michael Harris II,Atlanta Braves,False,1989 Topps Baseball Autographs	89BA-MHA	Michael Harris II	Atlanta Braves
2024_topps_series1,2024,Topps,Series 1,1989 Topps Baseball Autographs,,89BA-MMC,1,Mark McGwire,Oakland Athletics,False,1989 Topps Baseball Autographs	89BA-MMC	Mark McGwire	Oakland Athletics
2024_topps_series1,2024,Topps,Series 1,1989 Topps Baseball Autographs,,89BA-MMU,1,Max Muncy,Los Angeles Dodgers,False,1989 Topps Baseball Autographs	89BA-MMU	Max Muncy	Los Angeles Dodgers
2024_topps_series1,2024,Topps,Series 1,1989 Topps Baseball Autographs,,89BA-MO,1,Matt Olson,Atlanta Braves,False,1989 Topps Baseball Autographs	89BA-MO	Matt Olson	Atlanta Braves
2024_topps_series1,2024,Topps,Series 1,1989 Topps Baseball Autographs,,89BA-MT,1,Mike Trout,Los Angeles Angels,False,1989 Topps Baseball Autographs	89BA-MT	Mike Trout	Los Angeles Angels
2024_topps_series1,2024,Topps,Series 1,1989 Topps Baseball Autographs,,89BA-MW,1,Masyn Winn,St. Louis Cardinals,False,1989 Topps Baseball Autographs	89BA-MW	Masyn Winn	St. Louis Cardinals
2024_topps_series1,2024,Topps,Series 1,1989 Topps Baseball Autographs,,89BA-MWA,1,Matt Williams,San Francisco Giants,False,1989 Topps Baseball Autographs	89BA-MWA	Matt Williams	San Francisco Giants
2024_topps_series1,2024,Topps,Series 1,1989 Topps Baseball Autographs,,89BA-NC,1,Nestor Cortes,New York Yankees,False,1989 Topps Baseball Autographs	89BA-NC	Nestor Cortes	New York Yankees
2024_topps_series1,2024,Topps,Series 1,1989 Topps Baseball Autographs,,89BA-NE,1,Nathan Eovaldi,Texas Rangers,False,1989 Topps Baseball Autographs	89BA-NE	Nathan Eovaldi	Texas Rangers
2024_topps_series1,2024,Topps,Series 1,1989 Topps Baseball Autographs,,89BA-NG,1,Nick Gonzales,Pittsburgh Pirates,False,1989 Topps Baseball Autographs	89BA-NG	Nick Gonzales	Pittsburgh Pirates
2024_topps_series1,2024,Topps,Series 1,1989 Topps Baseball Autographs,,89BA-NGA,1,Nomar Garciaparra,Boston Red Sox,False,1989 Topps Baseball Autographs	89BA-NGA	Nomar Garciaparra	Boston Red Sox
2024_topps_series1,2024,Topps,Series 1,1989 Topps Baseball Autographs,,89BA-NR,1,Nolan Ryan,Houston Astros,False,1989 Topps Baseball Autographs	89BA-NR	Nolan Ryan	Houston Astros
2024_topps_series1,2024,Topps,Series 1,1989 Topps Baseball Autographs,,89BA-ORN,1,Jonathan Ornelas,Texas Rangers,False,1989 Topps Baseball Autographs	89BA-ORN	Jonathan Ornelas	Texas Rangers
2024_topps_series1,2024,Topps,Series 1,1989 Topps Baseball Autographs,,89BA-OS,1,Ozzie Smith,St. Louis Cardinals,False,1989 Topps Baseball Autographs	89BA-OS	Ozzie Smith	St. Louis Cardinals
2024_topps_series1,2024,Topps,Series 1,1989 Topps Baseball Autographs,,89BA-OW,1,Owen White,Texas Rangers,False,1989 Topps Baseball Autographs	89BA-OW	Owen White	Texas Rangers
2024_topps_series1,2024,Topps,Series 1,1989 Topps Baseball Autographs,,89BA-PC,1,Pete Crow-Armstrong,Chicago Cubs,False,1989 Topps Baseball Autographs	89BA-PC	Pete Crow-Armstrong	Chicago Cubs
2024_topps_series1,2024,Topps,Series 1,1989 Topps Baseball Autographs,,89BA-QPR,1,Quinn Priester,Pittsburgh Pirates,False,1989 Topps Baseball Autographs	89BA-QPR	Quinn Priester	Pittsburgh Pirates
2024_topps_series1,2024,Topps,Series 1,1989 Topps Baseball Autographs,,89BA-RAJ,1,Ronald Acuña Jr.,Atlanta Braves,False,1989 Topps Baseball Autographs	89BA-RAJ	Ronald Acuña Jr.	Atlanta Braves
2024_topps_series1,2024,Topps,Series 1,1989 Topps Baseball Autographs,,89BA-RHO,1,Ryan Howard,Philadelphia Phillies,False,1989 Topps Baseball Autographs	89BA-RHO	Ryan Howard	Philadelphia Phillies
2024_topps_series1,2024,Topps,Series 1,1989 Topps Baseball Autographs,,89BA-RJO,1,Randy Johnson,Arizona Diamondbacks,False,1989 Topps Baseball Autographs	89BA-RJO	Randy Johnson	Arizona Diamondbacks
2024_topps_series1,2024,Topps,Series 1,1989 Topps Baseball Autographs,,89BA-RMO,1,Ryan Mountcastle,Baltimore Orioles,False,1989 Topps Baseball Autographs	89BA-RMO	Ryan Mountcastle	Baltimore Orioles
2024_topps_series1,2024,Topps,Series 1,1989 Topps Baseball Autographs,,89BA-RO,1,Reese Olson,Detroit Tigers,False,1989 Topps Baseball Autographs	89BA-RO	Reese Olson	Detroit Tigers
2024_topps_series1,2024,Topps,Series 1,1989 Topps Baseball Autographs,,89BA-RY,1,Robin Yount,Milwaukee Brewers,False,1989 Topps Baseball Autographs	89BA-RY	Robin Yount	Milwaukee Brewers
2024_topps_series1,2024,Topps,Series 1,1989 Topps Baseball Autographs,,89BA-SB,1,Shane Bieber,Cleveland Guardians,False,1989 Topps Baseball Autographs	89BA-SB	Shane Bieber	Cleveland Guardians
2024_topps_series1,2024,Topps,Series 1,1989 Topps Baseball Autographs,,89BA-SC,1,Steve Carlton,Philadelphia Phillies,False,1989 Topps Baseball Autographs	89BA-SC	Steve Carlton	Philadelphia Phillies
2024_topps_series1,2024,Topps,Series 1,1989 Topps Baseball Autographs,,89BA-SCH,1,Davis Schneider,Toronto Blue Jays,False,1989 Topps Baseball Autographs	89BA-SCH	Davis Schneider	Toronto Blue Jays
2024_topps_series1,2024,Topps,Series 1,1989 Topps Baseball Autographs,,89BA-SF,1,Sal Frelick,Milwaukee Brewers,False,1989 Topps Baseball Autographs	89BA-SF	Sal Frelick	Milwaukee Brewers
2024_topps_series1,2024,Topps,Series 1,1989 Topps Baseball Autographs,,89BA-SG,1,Sonny Gray,Minnesota Twins,False,1989 Topps Baseball Autographs	89BA-SG	Sonny Gray	Minnesota Twins
2024_topps_series1,2024,Topps,Series 1,1989 Topps Baseball Autographs,,89BA-SH,1,Spencer Horwitz,Toronto Blue Jays,False,1989 Topps Baseball Autographs	89BA-SH	Spencer Horwitz	Toronto Blue Jays
2024_topps_series1,2024,Topps,Series 1,1989 Topps Baseball Autographs,,89BA-SO,1,Shohei Ohtani,Los Angeles Angels,False,1989 Topps Baseball Autographs	89BA-SO	Shohei Ohtani	Los Angeles Angels
2024_topps_series1,2024,Topps,Series 1,1989 Topps Baseball Autographs,,89BA-ST,1,Samad Taylor,Kansas City Royals,False,1989 Topps Baseball Autographs	89BA-ST	Samad Taylor	Kansas City Royals
2024_topps_series1,2024,Topps,Series 1,1989 Topps Baseball Autographs,,89BA-TB,1,Taj Bradley,Tampa Bay Rays,False,1989 Topps Baseball Autographs	89BA-TB	Taj Bradley	Tampa Bay Rays
2024_topps_series1,2024,Topps,Series 1,1989 Topps Baseball Autographs,,89BA-TCA,1,Trey Cabbage,Los Angeles Angels,False,1989 Topps Baseball Autographs	89BA-TCA	Trey Cabbage	Los Angeles Angels
2024_topps_series1,2024,Topps,Series 1,1989 Topps Baseball Autographs,,89BA-TEN,1,José Tena,Cleveland Guardians,False,1989 Topps Baseball Autographs	89BA-TEN	José Tena	Cleveland Guardians
2024_topps_series1,2024,Topps,Series 1,1989 Topps Baseball Autographs,,89BA-TGL,1,Tom Glavine,Atlanta Braves,False,1989 Topps Baseball Autographs	89BA-TGL	Tom Glavine	Atlanta Braves
2024_topps_series1,2024,Topps,Series 1,1989 Topps Baseball Autographs,,89BA-TS,1,Tyler Soderstrom,Oakland Athletics,False,1989 Topps Baseball Autographs	89BA-TS	Tyler Soderstrom	Oakland Athletics
2024_topps_series1,2024,Topps,Series 1,1989 Topps Baseball Autographs,,89BA-TT,1,Trea Turner,Philadelphia Phillies,False,1989 Topps Baseball Autographs	89BA-TT	Trea Turner	Philadelphia Phillies
2024_topps_series1,2024,Topps,Series 1,1989 Topps Baseball Autographs,,89BA-VG,1,Vladimir Guerrero Jr.,Toronto Blue Jays,False,1989 Topps Baseball Autographs	89BA-VG	Vladimir Guerrero Jr.	Toronto Blue Jays
2024_topps_series1,2024,Topps,Series 1,1989 Topps Baseball Autographs,,89BA-VME,1,Victor Mederos,Los Angeles Angels,False,1989 Topps Baseball Autographs	89BA-VME	Victor Mederos	Los Angeles Angels
2024_topps_series1,2024,Topps,Series 1,1989 Topps Baseball Autographs,,89BA-WB,1,Wade Boggs,Boston Red Sox,False,1989 Topps Baseball Autographs	89BA-WB	Wade Boggs	Boston Red Sox
2024_topps_series1,2024,Topps,Series 1,1989 Topps Baseball Autographs,,89BA-WCL,1,Will Clark,San Francisco Giants,False,1989 Topps Baseball Autographs	89BA-WCL	Will Clark	San Francisco Giants
2024_topps_series1,2024,Topps,Series 1,1989 Topps Baseball Autographs,,89BA-WS,1,Will Smith,Los Angeles Dodgers,False,1989 Topps Baseball Autographs	89BA-WS	Will Smith	Los Angeles Dodgers
2024_topps_series1,2024,Topps,Series 1,1989 Topps Baseball Autographs,,89BA-YA,1,Yordan Alvarez,Houston Astros,False,1989 Topps Baseball Autographs	89BA-YA	Yordan Alvarez	Houston Astros
2024_topps_series1,2024,Topps,Series 1,1989 Topps Baseball Autographs,,89BA-ZGE,1,Zack Gelof,Oakland Athletics,False,1989 Topps Baseball Autographs	89BA-ZGE	Zack Gelof	Oakland Athletics
2024_topps_series1,2024,Topps,Series 1,1989 Topps Baseball Autographs,,89BA-ZR,1,Zach Remillard,Chicago White Sox,False,1989 Topps Baseball Autographs	89BA-ZR	Zach Remillard	Chicago White Sox
2024_topps_series1,2024,Topps,Series 1,1989 Topps Baseball Chrome Silver Packs,,T89C-1,1,Zack Gelof,Oakland Athletics,False,1989 Topps Baseball Chrome Silver Packs	T89C-1	Zack Gelof	Oakland Athletics
2024_topps_series1,2024,Topps,Series 1,1989 Topps Baseball Chrome Silver Packs,,T89C-2,1,Aaron Judge,New York Yankees,False,1989 Topps Baseball Chrome Silver Packs	T89C-2	Aaron Judge	New York Yankees
2024_topps_series1,2024,Topps,Series 1,1989 Topps Baseball Chrome Silver Packs,,T89C-3,1,Ronny Mauricio,New York Mets,False,1989 Topps Baseball Chrome Silver Packs	T89C-3	Ronny Mauricio	New York Mets
2024_topps_series1,2024,Topps,Series 1,1989 Topps Baseball Chrome Silver Packs,,T89C-4,1,Robin Yount,Milwaukee Brewers,False,1989 Topps Baseball Chrome Silver Packs	T89C-4	Robin Yount	Milwaukee Brewers
2024_topps_series1,2024,Topps,Series 1,1989 Topps Baseball Chrome Silver Packs,,T89C-5,1,Manny Machado,San Diego Padres,False,1989 Topps Baseball Chrome Silver Packs	T89C-5	Manny Machado	San Diego Padres
2024_topps_series1,2024,Topps,Series 1,1989 Topps Baseball Chrome Silver Packs,,T89C-6,1,Cal Ripken Jr.,Baltimore Orioles,False,1989 Topps Baseball Chrome Silver Packs	T89C-6	Cal Ripken Jr.	Baltimore Orioles
2024_topps_series1,2024,Topps,Series 1,1989 Topps Baseball Chrome Silver Packs,,T89C-7,1,Don Mattingly,New York Yankees,False,1989 Topps Baseball Chrome Silver Packs	T89C-7	Don Mattingly	New York Yankees
2024_topps_series1,2024,Topps,Series 1,1989 Topps Baseball Chrome Silver Packs,,T89C-8,1,Andrew Abbott,Cincinnati Reds,False,1989 Topps Baseball Chrome Silver Packs	T89C-8	Andrew Abbott	Cincinnati Reds
2024_topps_series1,2024,Topps,Series 1,1989 Topps Baseball Chrome Silver Packs,,T89C-9,1,Corey Seager,Texas Rangers,False,1989 Topps Baseball Chrome Silver Packs	T89C-9	Corey Seager	Texas Rangers
2024_topps_series1,2024,Topps,Series 1,1989 Topps Baseball Chrome Silver Packs,,T89C-10,1,Barry Larkin,Cincinnati Reds,False,1989 Topps Baseball Chrome Silver Packs	T89C-10	Barry Larkin	Cincinnati Reds
2024_topps_series1,2024,Topps,Series 1,1989 Topps Baseball Chrome Silver Packs,,T89C-11,1,Buster Posey,San Francisco Giants,False,1989 Topps Baseball Chrome Silver Packs	T89C-11	Buster Posey	San Francisco Giants
2024_topps_series1,2024,Topps,Series 1,1989 Topps Baseball Chrome Silver Packs,,T89C-12,1,Clayton Kershaw,Los Angeles Dodgers,False,1989 Topps Baseball Chrome Silver Packs	T89C-12	Clayton Kershaw	Los Angeles Dodgers
2024_topps_series1,2024,Topps,Series 1,1989 Topps Baseball Chrome Silver Packs,,T89C-13,1,Owen White,Texas Rangers,False,1989 Topps Baseball Chrome Silver Packs	T89C-13	Owen White	Texas Rangers
2024_topps_series1,2024,Topps,Series 1,1989 Topps Baseball Chrome Silver Packs,,T89C-14,1,Davis Schneider,Toronto Blue Jays,False,1989 Topps Baseball Chrome Silver Packs	T89C-14	Davis Schneider	Toronto Blue Jays
2024_topps_series1,2024,Topps,Series 1,1989 Topps Baseball Chrome Silver Packs,,T89C-15,1,Marco Luciano,San Francisco Giants,False,1989 Topps Baseball Chrome Silver Packs	T89C-15	Marco Luciano	San Francisco Giants
2024_topps_series1,2024,Topps,Series 1,1989 Topps Baseball Chrome Silver Packs,,T89C-16,1,Sal Frelick,Milwaukee Brewers,False,1989 Topps Baseball Chrome Silver Packs	T89C-16	Sal Frelick	Milwaukee Brewers
2024_topps_series1,2024,Topps,Series 1,1989 Topps Baseball Chrome Silver Packs,,T89C-17,1,Mike Trout,Los Angeles Angels,False,1989 Topps Baseball Chrome Silver Packs	T89C-17	Mike Trout	Los Angeles Angels
2024_topps_series1,2024,Topps,Series 1,1989 Topps Baseball Chrome Silver Packs,,T89C-18,1,Sonny Gray,Minnesota Twins,False,1989 Topps Baseball Chrome Silver Packs	T89C-18	Sonny Gray	Minnesota Twins
2024_topps_series1,2024,Topps,Series 1,1989 Topps Baseball Chrome Silver Packs,,T89C-19,1,Bo Bichette,Toronto Blue Jays,False,1989 Topps Baseball Chrome Silver Packs	T89C-19	Bo Bichette	Toronto Blue Jays
2024_topps_series1,2024,Topps,Series 1,1989 Topps Baseball Chrome Silver Packs,,T89C-20,1,Ceddanne Rafaela,Boston Red Sox,False,1989 Topps Baseball Chrome Silver Packs	T89C-20	Ceddanne Rafaela	Boston Red Sox
2024_topps_series1,2024,Topps,Series 1,1989 Topps Baseball Chrome Silver Packs,,T89C-21,1,Evan Carter,Texas Rangers,False,1989 Topps Baseball Chrome Silver Packs	T89C-21	Evan Carter	Texas Rangers
2024_topps_series1,2024,Topps,Series 1,1989 Topps Baseball Chrome Silver Packs,,T89C-22,1,Vladimir Guerrero,Montréal Expos,False,1989 Topps Baseball Chrome Silver Packs	T89C-22	Vladimir Guerrero	Montréal Expos
2024_topps_series1,2024,Topps,Series 1,1989 Topps Baseball Chrome Silver Packs,,T89C-23,1,Luis Arraez,Miami Marlins,False,1989 Topps Baseball Chrome Silver Packs	T89C-23	Luis Arraez	Miami Marlins
2024_topps_series1,2024,Topps,Series 1,1989 Topps Baseball Chrome Silver Packs,,T89C-24,1,Vladimir Guerrero Jr.,Toronto Blue Jays,False,1989 Topps Baseball Chrome Silver Packs	T89C-24	Vladimir Guerrero Jr.	Toronto Blue Jays
2024_topps_series1,2024,Topps,Series 1,1989 Topps Baseball Chrome Silver Packs,,T89C-25,1,Everson Pereira,New York Yankees,False,1989 Topps Baseball Chrome Silver Packs	T89C-25	Everson Pereira	New York Yankees
2024_topps_series1,2024,Topps,Series 1,1989 Topps Baseball Chrome Silver Packs,,T89C-26,1,Corbin Carroll,Arizona Diamondbacks,False,1989 Topps Baseball Chrome Silver Packs	T89C-26	Corbin Carroll	Arizona Diamondbacks
2024_topps_series1,2024,Topps,Series 1,1989 Topps Baseball Chrome Silver Packs,,T89C-27,1,Pete Alonso,New York Mets,False,1989 Topps Baseball Chrome Silver Packs	T89C-27	Pete Alonso	New York Mets
2024_topps_series1,2024,Topps,Series 1,1989 Topps Baseball Chrome Silver Packs,,T89C-28,1,Ronald Acuña Jr.,Atlanta Braves,False,1989 Topps Baseball Chrome Silver Packs	T89C-28	Ronald Acuña Jr.	Atlanta Braves
2024_topps_series1,2024,Topps,Series 1,1989 Topps Baseball Chrome Silver Packs,,T89C-29,1,Adley Rutschman,Baltimore Orioles,False,1989 Topps Baseball Chrome Silver Packs	T89C-29	Adley Rutschman	Baltimore Orioles
2024_topps_series1,2024,Topps,Series 1,1989 Topps Baseball Chrome Silver Packs,,T89C-30,1,Luis Matos,San Francisco Giants,False,1989 Topps Baseball Chrome Silver Packs	T89C-30	Luis Matos	San Francisco Giants
2024_topps_series1,2024,Topps,Series 1,1989 Topps Baseball Chrome Silver Packs,,T89C-31,1,Ken Griffey Jr.,Seattle Mariners,False,1989 Topps Baseball Chrome Silver Packs	T89C-31	Ken Griffey Jr.	Seattle Mariners
2024_topps_series1,2024,Topps,Series 1,1989 Topps Baseball Chrome Silver Packs,,T89C-32,1,George Brett,Kansas City Royals,False,1989 Topps Baseball Chrome Silver Packs	T89C-32	George Brett	Kansas City Royals
2024_topps_series1,2024,Topps,Series 1,1989 Topps Baseball Chrome Silver Packs,,T89C-33,1,Jasson Domínguez,New York Yankees,False,1989 Topps Baseball Chrome Silver Packs	T89C-33	Jasson Domínguez	New York Yankees
2024_topps_series1,2024,Topps,Series 1,1989 Topps Baseball Chrome Silver Packs,,T89C-34,1,Junior Caminero,Tampa Bay Rays,False,1989 Topps Baseball Chrome Silver Packs	T89C-34	Junior Caminero	Tampa Bay Rays
2024_topps_series1,2024,Topps,Series 1,1989 Topps Baseball Chrome Silver Packs,,T89C-35,1,José Ramírez,Cleveland Guardians,False,1989 Topps Baseball Chrome Silver Packs	T89C-35	José Ramírez	Cleveland Guardians
2024_topps_series1,2024,Topps,Series 1,1989 Topps Baseball Chrome Silver Packs,,T89C-36,1,Wade Boggs,Boston Red Sox,False,1989 Topps Baseball Chrome Silver Packs	T89C-36	Wade Boggs	Boston Red Sox
2024_topps_series1,2024,Topps,Series 1,1989 Topps Baseball Chrome Silver Packs,,T89C-37,1,Jeff Bagwell,Houston Astros,False,1989 Topps Baseball Chrome Silver Packs	T89C-37	Jeff Bagwell	Houston Astros
2024_topps_series1,2024,Topps,Series 1,1989 Topps Baseball Chrome Silver Packs,,T89C-38,1,Emmet Sheehan,Los Angeles Dodgers,False,1989 Topps Baseball Chrome Silver Packs	T89C-38	Emmet Sheehan	Los Angeles Dodgers
2024_topps_series1,2024,Topps,Series 1,1989 Topps Baseball Chrome Silver Packs,,T89C-39,1,Rafael Devers,Boston Red Sox,False,1989 Topps Baseball Chrome Silver Packs	T89C-39	Rafael Devers	Boston Red Sox
2024_topps_series1,2024,Topps,Series 1,1989 Topps Baseball Chrome Silver Packs,,T89C-40,1,Kris Bryant,Colorado Rockies,False,1989 Topps Baseball Chrome Silver Packs	T89C-40	Kris Bryant	Colorado Rockies
2024_topps_series1,2024,Topps,Series 1,1989 Topps Baseball Chrome Silver Packs,,T89C-41,1,Frank Thomas,Chicago White Sox,False,1989 Topps Baseball Chrome Silver Packs	T89C-41	Frank Thomas	Chicago White Sox
2024_topps_series1,2024,Topps,Series 1,1989 Topps Baseball Chrome Silver Packs,,T89C-42,1,Gavin Williams,Cleveland Guardians,False,1989 Topps Baseball Chrome Silver Packs	T89C-42	Gavin Williams	Cleveland Guardians
2024_topps_series1,2024,Topps,Series 1,1989 Topps Baseball Chrome Silver Packs,,T89C-43,1,Tyler Soderstrom,Oakland Athletics,False,1989 Topps Baseball Chrome Silver Packs	T89C-43	Tyler Soderstrom	Oakland Athletics
2024_topps_series1,2024,Topps,Series 1,1989 Topps Baseball Chrome Silver Packs,,T89C-44,1,Julio Rodríguez,Seattle Mariners,False,1989 Topps Baseball Chrome Silver Packs	T89C-44	Julio Rodríguez	Seattle Mariners
2024_topps_series1,2024,Topps,Series 1,1989 Topps Baseball Chrome Silver Packs,,T89C-45,1,Freddie Freeman,Los Angeles Dodgers,False,1989 Topps Baseball Chrome Silver Packs	T89C-45	Freddie Freeman	Los Angeles Dodgers
2024_topps_series1,2024,Topps,Series 1,1989 Topps Baseball Chrome Silver Packs,,T89C-46,1,Gerrit Cole,New York Yankees,False,1989 Topps Baseball Chrome Silver Packs	T89C-46	Gerrit Cole	New York Yankees
2024_topps_series1,2024,Topps,Series 1,1989 Topps Baseball Chrome Silver Packs,,T89C-47,1,Will Clark,San Francisco Giants,False,1989 Topps Baseball Chrome Silver Packs	T89C-47	Will Clark	San Francisco Giants
2024_topps_series1,2024,Topps,Series 1,1989 Topps Baseball Chrome Silver Packs,,T89C-48,1,Bryce Harper,Philadelphia Phillies,False,1989 Topps Baseball Chrome Silver Packs	T89C-48	Bryce Harper	Philadelphia Phillies
2024_topps_series1,2024,Topps,Series 1,1989 Topps Baseball Chrome Silver Packs,,T89C-49,1,Nolan Schanuel,Los Angeles Angels,False,1989 Topps Baseball Chrome Silver Packs	T89C-49	Nolan Schanuel	Los Angeles Angels
2024_topps_series1,2024,Topps,Series 1,1989 Topps Baseball Chrome Silver Packs,,T89C-50,1,Ryne Sandberg,Chicago Cubs,False,1989 Topps Baseball Chrome Silver Packs	T89C-50	Ryne Sandberg	Chicago Cubs
2024_topps_series1,2024,Topps,Series 1,1989 Topps Baseball Chrome Silver Packs,,T89C-51,1,Luis Robert Jr.,Chicago White Sox,False,1989 Topps Baseball Chrome Silver Packs	T89C-51	Luis Robert Jr.	Chicago White Sox
2024_topps_series1,2024,Topps,Series 1,1989 Topps Baseball Chrome Silver Packs,,T89C-52,1,Bo Jackson,Kansas City Royals,False,1989 Topps Baseball Chrome Silver Packs	T89C-52	Bo Jackson	Kansas City Royals
2024_topps_series1,2024,Topps,Series 1,1989 Topps Baseball Chrome Silver Packs,,T89C-53,1,Curtis Mead,Tampa Bay Rays,False,1989 Topps Baseball Chrome Silver Packs	T89C-53	Curtis Mead	Tampa Bay Rays
2024_topps_series1,2024,Topps,Series 1,1989 Topps Baseball Chrome Silver Packs,,T89C-54,1,Justin Verlander,Houston Astros,False,1989 Topps Baseball Chrome Silver Packs	T89C-54	Justin Verlander	Houston Astros
2024_topps_series1,2024,Topps,Series 1,1989 Topps Baseball Chrome Silver Packs,,T89C-55,1,Adolis García,Texas Rangers,False,1989 Topps Baseball Chrome Silver Packs	T89C-55	Adolis García	Texas Rangers
2024_topps_series1,2024,Topps,Series 1,1989 Topps Baseball Chrome Silver Packs,,T89C-56,1,Randy Arozarena,Tampa Bay Rays,False,1989 Topps Baseball Chrome Silver Packs	T89C-56	Randy Arozarena	Tampa Bay Rays
2024_topps_series1,2024,Topps,Series 1,1989 Topps Baseball Chrome Silver Packs,,T89C-57,1,Lawrence Butler,Oakland Athletics,False,1989 Topps Baseball Chrome Silver Packs	T89C-57	Lawrence Butler	Oakland Athletics
2024_topps_series1,2024,Topps,Series 1,1989 Topps Baseball Chrome Silver Packs,,T89C-58,1,Ichiro,Seattle Mariners,False,1989 Topps Baseball Chrome Silver Packs	T89C-58	Ichiro	Seattle Mariners
2024_topps_series1,2024,Topps,Series 1,1989 Topps Baseball Chrome Silver Packs,,T89C-59,1,Christopher Morel,Chicago Cubs,False,1989 Topps Baseball Chrome Silver Packs	T89C-59	Christopher Morel	Chicago Cubs
2024_topps_series1,2024,Topps,Series 1,1989 Topps Baseball Chrome Silver Packs,,T89C-60,1,Nolan Ryan,Houston Astros,False,1989 Topps Baseball Chrome Silver Packs	T89C-60	Nolan Ryan	Houston Astros
2024_topps_series1,2024,Topps,Series 1,1989 Topps Baseball Chrome Silver Packs,,T89C-61,1,Tony Gwynn,San Diego Padres,False,1989 Topps Baseball Chrome Silver Packs	T89C-61	Tony Gwynn	San Diego Padres
2024_topps_series1,2024,Topps,Series 1,1989 Topps Baseball Chrome Silver Packs,,T89C-62,1,Byron Buxton,Minnesota Twins,False,1989 Topps Baseball Chrome Silver Packs	T89C-62	Byron Buxton	Minnesota Twins
2024_topps_series1,2024,Topps,Series 1,1989 Topps Baseball Chrome Silver Packs,,T89C-63,1,Nolan Arenado,St. Louis Cardinals,False,1989 Topps Baseball Chrome Silver Packs	T89C-63	Nolan Arenado	St. Louis Cardinals
2024_topps_series1,2024,Topps,Series 1,1989 Topps Baseball Chrome Silver Packs,,T89C-64,1,Trea Turner,Philadelphia Phillies,False,1989 Topps Baseball Chrome Silver Packs	T89C-64	Trea Turner	Philadelphia Phillies
2024_topps_series1,2024,Topps,Series 1,1989 Topps Baseball Chrome Silver Packs,,T89C-65,1,Josh Jung,Texas Rangers,False,1989 Topps Baseball Chrome Silver Packs	T89C-65	Josh Jung	Texas Rangers
2024_topps_series1,2024,Topps,Series 1,1989 Topps Baseball Chrome Silver Packs,,T89C-66,1,AJ Smith-Shawver,Atlanta Braves,False,1989 Topps Baseball Chrome Silver Packs	T89C-66	AJ Smith-Shawver	Atlanta Braves
2024_topps_series1,2024,Topps,Series 1,1989 Topps Baseball Chrome Silver Packs,,T89C-67,1,Francisco Lindor,New York Mets,False,1989 Topps Baseball Chrome Silver Packs	T89C-67	Francisco Lindor	New York Mets
2024_topps_series1,2024,Topps,Series 1,1989 Topps Baseball Chrome Silver Packs,,T89C-68,1,Anthony Rizzo,New York Yankees,False,1989 Topps Baseball Chrome Silver Packs	T89C-68	Anthony Rizzo	New York Yankees
2024_topps_series1,2024,Topps,Series 1,1989 Topps Baseball Chrome Silver Packs,,T89C-69,1,Fernando Tatis Jr.,San Diego Padres,False,1989 Topps Baseball Chrome Silver Packs	T89C-69	Fernando Tatis Jr.	San Diego Padres
2024_topps_series1,2024,Topps,Series 1,1989 Topps Baseball Chrome Silver Packs,,T89C-70,1,Colton Cowser,Baltimore Orioles,False,1989 Topps Baseball Chrome Silver Packs	T89C-70	Colton Cowser	Baltimore Orioles
2024_topps_series1,2024,Topps,Series 1,1989 Topps Baseball Chrome Silver Packs,,T89C-71,1,Juan Soto,San Diego Padres,False,1989 Topps Baseball Chrome Silver Packs	T89C-71	Juan Soto	San Diego Padres
2024_topps_series1,2024,Topps,Series 1,1989 Topps Baseball Chrome Silver Packs,,T89C-72,1,Matt Olson,Atlanta Braves,False,1989 Topps Baseball Chrome Silver Packs	T89C-72	Matt Olson	Atlanta Braves
2024_topps_series1,2024,Topps,Series 1,1989 Topps Baseball Chrome Silver Packs,,T89C-73,1,Shohei Ohtani,Los Angeles Angels,False,1989 Topps Baseball Chrome Silver Packs	T89C-73	Shohei Ohtani	Los Angeles Angels
2024_topps_series1,2024,Topps,Series 1,1989 Topps Baseball Chrome Silver Packs,,T89C-74,1,Jose Altuve,Houston Astros,False,1989 Topps Baseball Chrome Silver Packs	T89C-74	Jose Altuve	Houston Astros
2024_topps_series1,2024,Topps,Series 1,1989 Topps Baseball Chrome Silver Packs,,T89C-75,1,Noelvi Marte,Cincinnati Reds,False,1989 Topps Baseball Chrome Silver Packs	T89C-75	Noelvi Marte	Cincinnati Reds
2024_topps_series1,2024,Topps,Series 1,1989 Topps Baseball Chrome Silver Packs,,T89C-76,1,Willie Mays,New York Giants,False,1989 Topps Baseball Chrome Silver Packs	T89C-76	Willie Mays	New York Giants
2024_topps_series1,2024,Topps,Series 1,1989 Topps Baseball Chrome Silver Packs,,T89C-77,1,Christian Yelich,Milwaukee Brewers,False,1989 Topps Baseball Chrome Silver Packs	T89C-77	Christian Yelich	Milwaukee Brewers
2024_topps_series1,2024,Topps,Series 1,1989 Topps Baseball Chrome Silver Packs,,T89C-78,1,Masyn Winn,St. Louis Cardinals,False,1989 Topps Baseball Chrome Silver Packs	T89C-78	Masyn Winn	St. Louis Cardinals
2024_topps_series1,2024,Topps,Series 1,1989 Topps Baseball Chrome Silver Packs,,T89C-79,1,Heston Kjerstad,Baltimore Orioles,False,1989 Topps Baseball Chrome Silver Packs	T89C-79	Heston Kjerstad	Baltimore Orioles
2024_topps_series1,2024,Topps,Series 1,1989 Topps Baseball Chrome Silver Packs,,T89C-80,1,Kyle Harrison,San Francisco Giants,False,1989 Topps Baseball Chrome Silver Packs	T89C-80	Kyle Harrison	San Francisco Giants
2024_topps_series1,2024,Topps,Series 1,1989 Topps Baseball Chrome Silver Packs,,T89C-81,1,Andrew McCutchen,Pittsburgh Pirates,False,1989 Topps Baseball Chrome Silver Packs	T89C-81	Andrew McCutchen	Pittsburgh Pirates
2024_topps_series1,2024,Topps,Series 1,1989 Topps Baseball Chrome Silver Packs,,T89C-82,1,Joey Votto,Cincinnati Reds,False,1989 Topps Baseball Chrome Silver Packs	T89C-82	Joey Votto	Cincinnati Reds
2024_topps_series1,2024,Topps,Series 1,1989 Topps Baseball Chrome Silver Packs,,T89C-83,1,Elly De La Cruz,Cincinnati Reds,False,1989 Topps Baseball Chrome Silver Packs	T89C-83	Elly De La Cruz	Cincinnati Reds
2024_topps_series1,2024,Topps,Series 1,1989 Topps Baseball Chrome Silver Packs,,T89C-84,1,Yordan Alvarez,Houston Astros,False,1989 Topps Baseball Chrome Silver Packs	T89C-84	Yordan Alvarez	Houston Astros
2024_topps_series1,2024,Topps,Series 1,1989 Topps Baseball Chrome Silver Packs,,T89C-85,1,Bobby Witt Jr.,Kansas City Royals,False,1989 Topps Baseball Chrome Silver Packs	T89C-85	Bobby Witt Jr.	Kansas City Royals
2024_topps_series1,2024,Topps,Series 1,1989 Topps Baseball Chrome Silver Packs,,T89C-86,1,Pete Crow-Armstrong,Chicago Cubs,False,1989 Topps Baseball Chrome Silver Packs	T89C-86	Pete Crow-Armstrong	Chicago Cubs
2024_topps_series1,2024,Topps,Series 1,1989 Topps Baseball Chrome Silver Packs,,T89C-87,1,Albert Pujols,St. Louis Cardinals,False,1989 Topps Baseball Chrome Silver Packs	T89C-87	Albert Pujols	St. Louis Cardinals
2024_topps_series1,2024,Topps,Series 1,1989 Topps Baseball Chrome Silver Packs,,T89C-88,1,Christian Encarnacion-Stra,Cincinnati Reds,False,1989 Topps Baseball Chrome Silver Packs	T89C-88	Christian Encarnacion-Stra	Cincinnati Reds
2024_topps_series1,2024,Topps,Series 1,1989 Topps Baseball Chrome Silver Packs,,T89C-89,1,Paul Goldschmidt,St. Louis Cardinals,False,1989 Topps Baseball Chrome Silver Packs	T89C-89	Paul Goldschmidt	St. Louis Cardinals
2024_topps_series1,2024,Topps,Series 1,1989 Topps Baseball Chrome Silver Packs,,T89C-90,1,Jordan Westburg,Baltimore Orioles,False,1989 Topps Baseball Chrome Silver Packs	T89C-90	Jordan Westburg	Baltimore Orioles
2024_topps_series1,2024,Topps,Series 1,1989 Topps Baseball Chrome Silver Packs,,T89C-91,1,Masataka Yoshida,Boston Red Sox,False,1989 Topps Baseball Chrome Silver Packs	T89C-91	Masataka Yoshida	Boston Red Sox
2024_topps_series1,2024,Topps,Series 1,1989 Topps Baseball Chrome Silver Packs,,T89C-92,1,Jazz Chisholm Jr.,Miami Marlins,False,1989 Topps Baseball Chrome Silver Packs	T89C-92	Jazz Chisholm Jr.	Miami Marlins
2024_topps_series1,2024,Topps,Series 1,1989 Topps Baseball Chrome Silver Packs,,T89C-93,1,Chipper Jones,Atlanta Braves,False,1989 Topps Baseball Chrome Silver Packs	T89C-93	Chipper Jones	Atlanta Braves
2024_topps_series1,2024,Topps,Series 1,1989 Topps Baseball Chrome Silver Packs,,T89C-94,1,Henry Davis,Pittsburgh Pirates,False,1989 Topps Baseball Chrome Silver Packs	T89C-94	Henry Davis	Pittsburgh Pirates
2024_topps_series1,2024,Topps,Series 1,1989 Topps Baseball Chrome Silver Packs,,T89C-95,1,Bryan Woo,Seattle Mariners,False,1989 Topps Baseball Chrome Silver Packs	T89C-95	Bryan Woo	Seattle Mariners
2024_topps_series1,2024,Topps,Series 1,1989 Topps Baseball Chrome Silver Packs,,T89C-96,1,Mookie Betts,Los Angeles Dodgers,False,1989 Topps Baseball Chrome Silver Packs	T89C-96	Mookie Betts	Los Angeles Dodgers
2024_topps_series1,2024,Topps,Series 1,1989 Topps Baseball Chrome Silver Packs,,T89C-97,1,Mike Schmidt,Philadelphia Phillies,False,1989 Topps Baseball Chrome Silver Packs	T89C-97	Mike Schmidt	Philadelphia Phillies
2024_topps_series1,2024,Topps,Series 1,1989 Topps Baseball Chrome Silver Packs,,T89C-98,1,Miguel Cabrera,Detroit Tigers,False,1989 Topps Baseball Chrome Silver Packs	T89C-98	Miguel Cabrera	Detroit Tigers
2024_topps_series1,2024,Topps,Series 1,1989 Topps Baseball Chrome Silver Packs,,T89C-99,1,Mark McGwire,Oakland Athletics,False,1989 Topps Baseball Chrome Silver Packs	T89C-99	Mark McGwire	Oakland Athletics
2024_topps_series1,2024,Topps,Series 1,1989 Topps Baseball Chrome Silver Packs,,T89C-100,1,Jordan Lawlar,Arizona Diamondbacks,False,1989 Topps Baseball Chrome Silver Packs	T89C-100	Jordan Lawlar	Arizona Diamondbacks
2024_topps_series1,2024,Topps,Series 1,1989 Topps Baseball Chrome Silver Packs Autographs,,T89C-1,1,Zack Gelof,Oakland Athletics,False,1989 Topps Baseball Chrome Silver Packs Autographs	T89C-1	Zack Gelof	Oakland Athletics
2024_topps_series1,2024,Topps,Series 1,1989 Topps Baseball Chrome Silver Packs Autographs,,T89C-2,1,Aaron Judge,New York Yankees,False,1989 Topps Baseball Chrome Silver Packs Autographs	T89C-2	Aaron Judge	New York Yankees
2024_topps_series1,2024,Topps,Series 1,1989 Topps Baseball Chrome Silver Packs Autographs,,T89C-3,1,Ronny Mauricio,New York Mets,False,1989 Topps Baseball Chrome Silver Packs Autographs	T89C-3	Ronny Mauricio	New York Mets
2024_topps_series1,2024,Topps,Series 1,1989 Topps Baseball Chrome Silver Packs Autographs,,T89C-4,1,Robin Yount,Milwaukee Brewers,False,1989 Topps Baseball Chrome Silver Packs Autographs	T89C-4	Robin Yount	Milwaukee Brewers
2024_topps_series1,2024,Topps,Series 1,1989 Topps Baseball Chrome Silver Packs Autographs,,T89C-7,1,Don Mattingly,New York Yankees,False,1989 Topps Baseball Chrome Silver Packs Autographs	T89C-7	Don Mattingly	New York Yankees
2024_topps_series1,2024,Topps,Series 1,1989 Topps Baseball Chrome Silver Packs Autographs,,T89C-8,1,Andrew Abbott,Cincinnati Reds,False,1989 Topps Baseball Chrome Silver Packs Autographs	T89C-8	Andrew Abbott	Cincinnati Reds
2024_topps_series1,2024,Topps,Series 1,1989 Topps Baseball Chrome Silver Packs Autographs,,T89C-9,1,Corey Seager,Texas Rangers,False,1989 Topps Baseball Chrome Silver Packs Autographs	T89C-9	Corey Seager	Texas Rangers
2024_topps_series1,2024,Topps,Series 1,1989 Topps Baseball Chrome Silver Packs Autographs,,T89C-10,1,Barry Larkin,Cincinnati Reds,False,1989 Topps Baseball Chrome Silver Packs Autographs	T89C-10	Barry Larkin	Cincinnati Reds
2024_topps_series1,2024,Topps,Series 1,1989 Topps Baseball Chrome Silver Packs Autographs,,T89C-13,1,Owen White,Texas Rangers,False,1989 Topps Baseball Chrome Silver Packs Autographs	T89C-13	Owen White	Texas Rangers
2024_topps_series1,2024,Topps,Series 1,1989 Topps Baseball Chrome Silver Packs Autographs,,T89C-14,1,Davis Schneider,Toronto Blue Jays,False,1989 Topps Baseball Chrome Silver Packs Autographs	T89C-14	Davis Schneider	Toronto Blue Jays
2024_topps_series1,2024,Topps,Series 1,1989 Topps Baseball Chrome Silver Packs Autographs,,T89C-16,1,Sal Frelick,Milwaukee Brewers,False,1989 Topps Baseball Chrome Silver Packs Autographs	T89C-16	Sal Frelick	Milwaukee Brewers
2024_topps_series1,2024,Topps,Series 1,1989 Topps Baseball Chrome Silver Packs Autographs,,T89C-17,1,Mike Trout,Los Angeles Angels,False,1989 Topps Baseball Chrome Silver Packs Autographs	T89C-17	Mike Trout	Los Angeles Angels
2024_topps_series1,2024,Topps,Series 1,1989 Topps Baseball Chrome Silver Packs Autographs,,T89C-18,1,Sonny Gray,Minnesota Twins,False,1989 Topps Baseball Chrome Silver Packs Autographs	T89C-18	Sonny Gray	Minnesota Twins
2024_topps_series1,2024,Topps,Series 1,1989 Topps Baseball Chrome Silver Packs Autographs,,T89C-20,1,Ceddanne Rafaela,Boston Red Sox,False,1989 Topps Baseball Chrome Silver Packs Autographs	T89C-20	Ceddanne Rafaela	Boston Red Sox
2024_topps_series1,2024,Topps,Series 1,1989 Topps Baseball Chrome Silver Packs Autographs,,T89C-21,1,Evan Carter,Texas Rangers,False,1989 Topps Baseball Chrome Silver Packs Autographs	T89C-21	Evan Carter	Texas Rangers
2024_topps_series1,2024,Topps,Series 1,1989 Topps Baseball Chrome Silver Packs Autographs,,T89C-22,1,Vladimir Guerrero,Montréal Expos,False,1989 Topps Baseball Chrome Silver Packs Autographs	T89C-22	Vladimir Guerrero	Montréal Expos
2024_topps_series1,2024,Topps,Series 1,1989 Topps Baseball Chrome Silver Packs Autographs,,T89C-24,1,Vladimir Guerrero Jr.,Toronto Blue Jays,False,1989 Topps Baseball Chrome Silver Packs Autographs	T89C-24	Vladimir Guerrero Jr.	Toronto Blue Jays
2024_topps_series1,2024,Topps,Series 1,1989 Topps Baseball Chrome Silver Packs Autographs,,T89C-25,1,Everson Pereira,New York Yankees,False,1989 Topps Baseball Chrome Silver Packs Autographs	T89C-25	Everson Pereira	New York Yankees
2024_topps_series1,2024,Topps,Series 1,1989 Topps Baseball Chrome Silver Packs Autographs,,T89C-26,1,Corbin Carroll,Arizona Diamondbacks,False,1989 Topps Baseball Chrome Silver Packs Autographs	T89C-26	Corbin Carroll	Arizona Diamondbacks
2024_topps_series1,2024,Topps,Series 1,1989 Topps Baseball Chrome Silver Packs Autographs,,T89C-27,1,Pete Alonso,New York Mets,False,1989 Topps Baseball Chrome Silver Packs Autographs	T89C-27	Pete Alonso	New York Mets
2024_topps_series1,2024,Topps,Series 1,1989 Topps Baseball Chrome Silver Packs Autographs,,T89C-28,1,Ronald Acuña Jr.,Atlanta Braves,False,1989 Topps Baseball Chrome Silver Packs Autographs	T89C-28	Ronald Acuña Jr.	Atlanta Braves
2024_topps_series1,2024,Topps,Series 1,1989 Topps Baseball Chrome Silver Packs Autographs,,T89C-30,1,Luis Matos,San Francisco Giants,False,1989 Topps Baseball Chrome Silver Packs Autographs	T89C-30	Luis Matos	San Francisco Giants
2024_topps_series1,2024,Topps,Series 1,1989 Topps Baseball Chrome Silver Packs Autographs,,T89C-32,1,George Brett,Kansas City Royals,False,1989 Topps Baseball Chrome Silver Packs Autographs	T89C-32	George Brett	Kansas City Royals
2024_topps_series1,2024,Topps,Series 1,1989 Topps Baseball Chrome Silver Packs Autographs,,T89C-33,1,Jasson Domínguez,New York Yankees,False,1989 Topps Baseball Chrome Silver Packs Autographs	T89C-33	Jasson Domínguez	New York Yankees
2024_topps_series1,2024,Topps,Series 1,1989 Topps Baseball Chrome Silver Packs Autographs,,T89C-34,1,Junior Caminero,Tampa Bay Rays,False,1989 Topps Baseball Chrome Silver Packs Autographs	T89C-34	Junior Caminero	Tampa Bay Rays
2024_topps_series1,2024,Topps,Series 1,1989 Topps Baseball Chrome Silver Packs Autographs,,T89C-35,1,José Ramírez,Cleveland Guardians,False,1989 Topps Baseball Chrome Silver Packs Autographs	T89C-35	José Ramírez	Cleveland Guardians
2024_topps_series1,2024,Topps,Series 1,1989 Topps Baseball Chrome Silver Packs Autographs,,T89C-36,1,Wade Boggs,Boston Red Sox,False,1989 Topps Baseball Chrome Silver Packs Autographs	T89C-36	Wade Boggs	Boston Red Sox
2024_topps_series1,2024,Topps,Series 1,1989 Topps Baseball Chrome Silver Packs Autographs,,T89C-37,1,Jeff Bagwell,Houston Astros,False,1989 Topps Baseball Chrome Silver Packs Autographs	T89C-37	Jeff Bagwell	Houston Astros
2024_topps_series1,2024,Topps,Series 1,1989 Topps Baseball Chrome Silver Packs Autographs,,T89C-39,1,Rafael Devers,Boston Red Sox,False,1989 Topps Baseball Chrome Silver Packs Autographs	T89C-39	Rafael Devers	Boston Red Sox
2024_topps_series1,2024,Topps,Series 1,1989 Topps Baseball Chrome Silver Packs Autographs,,T89C-40,1,Kris Bryant,Colorado Rockies,False,1989 Topps Baseball Chrome Silver Packs Autographs	T89C-40	Kris Bryant	Colorado Rockies
2024_topps_series1,2024,Topps,Series 1,1989 Topps Baseball Chrome Silver Packs Autographs,,T89C-41,1,Frank Thomas,Chicago White Sox,False,1989 Topps Baseball Chrome Silver Packs Autographs	T89C-41	Frank Thomas	Chicago White Sox
2024_topps_series1,2024,Topps,Series 1,1989 Topps Baseball Chrome Silver Packs Autographs,,T89C-42,1,Gavin Williams,Cleveland Guardians,False,1989 Topps Baseball Chrome Silver Packs Autographs	T89C-42	Gavin Williams	Cleveland Guardians
2024_topps_series1,2024,Topps,Series 1,1989 Topps Baseball Chrome Silver Packs Autographs,,T89C-43,1,Tyler Soderstrom,Oakland Athletics,False,1989 Topps Baseball Chrome Silver Packs Autographs	T89C-43	Tyler Soderstrom	Oakland Athletics
2024_topps_series1,2024,Topps,Series 1,1989 Topps Baseball Chrome Silver Packs Autographs,,T89C-44,1,Julio Rodríguez,Seattle Mariners,False,1989 Topps Baseball Chrome Silver Packs Autographs	T89C-44	Julio Rodríguez	Seattle Mariners
2024_topps_series1,2024,Topps,Series 1,1989 Topps Baseball Chrome Silver Packs Autographs,,T89C-46,1,Gerrit Cole,New York Yankees,False,1989 Topps Baseball Chrome Silver Packs Autographs	T89C-46	Gerrit Cole	New York Yankees
2024_topps_series1,2024,Topps,Series 1,1989 Topps Baseball Chrome Silver Packs Autographs,,T89C-47,1,Will Clark,San Francisco Giants,False,1989 Topps Baseball Chrome Silver Packs Autographs	T89C-47	Will Clark	San Francisco Giants
2024_topps_series1,2024,Topps,Series 1,1989 Topps Baseball Chrome Silver Packs Autographs,,T89C-48,1,Bryce Harper,Philadelphia Phillies,False,1989 Topps Baseball Chrome Silver Packs Autographs	T89C-48	Bryce Harper	Philadelphia Phillies
2024_topps_series1,2024,Topps,Series 1,1989 Topps Baseball Chrome Silver Packs Autographs,,T89C-49,1,Nolan Schanuel,Los Angeles Angels,False,1989 Topps Baseball Chrome Silver Packs Autographs	T89C-49	Nolan Schanuel	Los Angeles Angels
2024_topps_series1,2024,Topps,Series 1,1989 Topps Baseball Chrome Silver Packs Autographs,,T89C-50,1,Ryne Sandberg,Chicago Cubs,False,1989 Topps Baseball Chrome Silver Packs Autographs	T89C-50	Ryne Sandberg	Chicago Cubs
2024_topps_series1,2024,Topps,Series 1,1989 Topps Baseball Chrome Silver Packs Autographs,,T89C-52,1,Bo Jackson,Kansas City Royals,False,1989 Topps Baseball Chrome Silver Packs Autographs	T89C-52	Bo Jackson	Kansas City Royals
2024_topps_series1,2024,Topps,Series 1,1989 Topps Baseball Chrome Silver Packs Autographs,,T89C-53,1,Curtis Mead,Tampa Bay Rays,False,1989 Topps Baseball Chrome Silver Packs Autographs	T89C-53	Curtis Mead	Tampa Bay Rays
2024_topps_series1,2024,Topps,Series 1,1989 Topps Baseball Chrome Silver Packs Autographs,,T89C-55,1,Adolis García,Texas Rangers,False,1989 Topps Baseball Chrome Silver Packs Autographs	T89C-55	Adolis García	Texas Rangers
2024_topps_series1,2024,Topps,Series 1,1989 Topps Baseball Chrome Silver Packs Autographs,,T89C-56,1,Randy Arozarena,Tampa Bay Rays,False,1989 Topps Baseball Chrome Silver Packs Autographs	T89C-56	Randy Arozarena	Tampa Bay Rays
2024_topps_series1,2024,Topps,Series 1,1989 Topps Baseball Chrome Silver Packs Autographs,,T89C-58,1,Ichiro,Seattle Mariners,False,1989 Topps Baseball Chrome Silver Packs Autographs	T89C-58	Ichiro	Seattle Mariners
2024_topps_series1,2024,Topps,Series 1,1989 Topps Baseball Chrome Silver Packs Autographs,,T89C-59,1,Christopher Morel,Chicago Cubs,False,1989 Topps Baseball Chrome Silver Packs Autographs	T89C-59	Christopher Morel	Chicago Cubs
2024_topps_series1,2024,Topps,Series 1,1989 Topps Baseball Chrome Silver Packs Autographs,,T89C-60,1,Nolan Ryan,Houston Astros,False,1989 Topps Baseball Chrome Silver Packs Autographs	T89C-60	Nolan Ryan	Houston Astros
2024_topps_series1,2024,Topps,Series 1,1989 Topps Baseball Chrome Silver Packs Autographs,,T89C-62,1,Byron Buxton,Minnesota Twins,False,1989 Topps Baseball Chrome Silver Packs Autographs	T89C-62	Byron Buxton	Minnesota Twins
2024_topps_series1,2024,Topps,Series 1,1989 Topps Baseball Chrome Silver Packs Autographs,,T89C-64,1,Trea Turner,Philadelphia Phillies,False,1989 Topps Baseball Chrome Silver Packs Autographs	T89C-64	Trea Turner	Philadelphia Phillies
2024_topps_series1,2024,Topps,Series 1,1989 Topps Baseball Chrome Silver Packs Autographs,,T89C-65,1,Josh Jung,Texas Rangers,False,1989 Topps Baseball Chrome Silver Packs Autographs	T89C-65	Josh Jung	Texas Rangers
2024_topps_series1,2024,Topps,Series 1,1989 Topps Baseball Chrome Silver Packs Autographs,,T89C-66,1,AJ Smith-Shawver,Atlanta Braves,False,1989 Topps Baseball Chrome Silver Packs Autographs	T89C-66	AJ Smith-Shawver	Atlanta Braves
2024_topps_series1,2024,Topps,Series 1,1989 Topps Baseball Chrome Silver Packs Autographs,,T89C-68,1,Anthony Rizzo,New York Yankees,False,1989 Topps Baseball Chrome Silver Packs Autographs	T89C-68	Anthony Rizzo	New York Yankees
2024_topps_series1,2024,Topps,Series 1,1989 Topps Baseball Chrome Silver Packs Autographs,,T89C-69,1,Fernando Tatis Jr.,San Diego Padres,False,1989 Topps Baseball Chrome Silver Packs Autographs	T89C-69	Fernando Tatis Jr.	San Diego Padres
2024_topps_series1,2024,Topps,Series 1,1989 Topps Baseball Chrome Silver Packs Autographs,,T89C-70,1,Colton Cowser,Baltimore Orioles,False,1989 Topps Baseball Chrome Silver Packs Autographs	T89C-70	Colton Cowser	Baltimore Orioles
2024_topps_series1,2024,Topps,Series 1,1989 Topps Baseball Chrome Silver Packs Autographs,,T89C-71,1,Juan Soto,San Diego Padres,False,1989 Topps Baseball Chrome Silver Packs Autographs	T89C-71	Juan Soto	San Diego Padres
2024_topps_series1,2024,Topps,Series 1,1989 Topps Baseball Chrome Silver Packs Autographs,,T89C-72,1,Matt Olson,Atlanta Braves,False,1989 Topps Baseball Chrome Silver Packs Autographs	T89C-72	Matt Olson	Atlanta Braves
2024_topps_series1,2024,Topps,Series 1,1989 Topps Baseball Chrome Silver Packs Autographs,,T89C-73,1,Shohei Ohtani,Los Angeles Angels,False,1989 Topps Baseball Chrome Silver Packs Autographs	T89C-73	Shohei Ohtani	Los Angeles Angels
2024_topps_series1,2024,Topps,Series 1,1989 Topps Baseball Chrome Silver Packs Autographs,,T89C-74,1,Jose Altuve,Houston Astros,False,1989 Topps Baseball Chrome Silver Packs Autographs	T89C-74	Jose Altuve	Houston Astros
2024_topps_series1,2024,Topps,Series 1,1989 Topps Baseball Chrome Silver Packs Autographs,,T89C-75,1,Noelvi Marte,Cincinnati Reds,False,1989 Topps Baseball Chrome Silver Packs Autographs	T89C-75	Noelvi Marte	Cincinnati Reds
2024_topps_series1,2024,Topps,Series 1,1989 Topps Baseball Chrome Silver Packs Autographs,,T89C-77,1,Christian Yelich,Milwaukee Brewers,False,1989 Topps Baseball Chrome Silver Packs Autographs	T89C-77	Christian Yelich	Milwaukee Brewers
2024_topps_series1,2024,Topps,Series 1,1989 Topps Baseball Chrome Silver Packs Autographs,,T89C-79,1,Heston Kjerstad,Baltimore Orioles,False,1989 Topps Baseball Chrome Silver Packs Autographs	T89C-79	Heston Kjerstad	Baltimore Orioles
2024_topps_series1,2024,Topps,Series 1,1989 Topps Baseball Chrome Silver Packs Autographs,,T89C-80,1,Kyle Harrison,San Francisco Giants,False,1989 Topps Baseball Chrome Silver Packs Autographs	T89C-80	Kyle Harrison	San Francisco Giants
2024_topps_series1,2024,Topps,Series 1,1989 Topps Baseball Chrome Silver Packs Autographs,,T89C-82,1,Joey Votto,Cincinnati Reds,False,1989 Topps Baseball Chrome Silver Packs Autographs	T89C-82	Joey Votto	Cincinnati Reds
2024_topps_series1,2024,Topps,Series 1,1989 Topps Baseball Chrome Silver Packs Autographs,,T89C-83,1,Elly De La Cruz,Cincinnati Reds,False,1989 Topps Baseball Chrome Silver Packs Autographs	T89C-83	Elly De La Cruz	Cincinnati Reds
2024_topps_series1,2024,Topps,Series 1,1989 Topps Baseball Chrome Silver Packs Autographs,,T89C-84,1,Yordan Alvarez,Houston Astros,False,1989 Topps Baseball Chrome Silver Packs Autographs	T89C-84	Yordan Alvarez	Houston Astros
2024_topps_series1,2024,Topps,Series 1,1989 Topps Baseball Chrome Silver Packs Autographs,,T89C-85,1,Bobby Witt Jr.,Kansas City Royals,False,1989 Topps Baseball Chrome Silver Packs Autographs	T89C-85	Bobby Witt Jr.	Kansas City Royals
2024_topps_series1,2024,Topps,Series 1,1989 Topps Baseball Chrome Silver Packs Autographs,,T89C-86,1,Pete Crow-Armstrong,Chicago Cubs,False,1989 Topps Baseball Chrome Silver Packs Autographs	T89C-86	Pete Crow-Armstrong	Chicago Cubs
2024_topps_series1,2024,Topps,Series 1,1989 Topps Baseball Chrome Silver Packs Autographs,,T89C-87,1,Albert Pujols,St. Louis Cardinals,False,1989 Topps Baseball Chrome Silver Packs Autographs	T89C-87	Albert Pujols	St. Louis Cardinals
2024_topps_series1,2024,Topps,Series 1,1989 Topps Baseball Chrome Silver Packs Autographs,,T89C-88,1,Christian Encarnacion-Stra,Cincinnati Reds,False,1989 Topps Baseball Chrome Silver Packs Autographs	T89C-88	Christian Encarnacion-Stra	Cincinnati Reds
2024_topps_series1,2024,Topps,Series 1,1989 Topps Baseball Chrome Silver Packs Autographs,,T89C-89,1,Paul Goldschmidt,St. Louis Cardinals,False,1989 Topps Baseball Chrome Silver Packs Autographs	T89C-89	Paul Goldschmidt	St. Louis Cardinals
2024_topps_series1,2024,Topps,Series 1,1989 Topps Baseball Chrome Silver Packs Autographs,,T89C-90,1,Jordan Westburg,Baltimore Orioles,False,1989 Topps Baseball Chrome Silver Packs Autographs	T89C-90	Jordan Westburg	Baltimore Orioles
2024_topps_series1,2024,Topps,Series 1,1989 Topps Baseball Chrome Silver Packs Autographs,,T89C-91,1,Masataka Yoshida,Boston Red Sox,False,1989 Topps Baseball Chrome Silver Packs Autographs	T89C-91	Masataka Yoshida	Boston Red Sox
2024_topps_series1,2024,Topps,Series 1,1989 Topps Baseball Chrome Silver Packs Autographs,,T89C-92,1,Jazz Chisholm Jr.,Miami Marlins,False,1989 Topps Baseball Chrome Silver Packs Autographs	T89C-92	Jazz Chisholm Jr.	Miami Marlins
2024_topps_series1,2024,Topps,Series 1,1989 Topps Baseball Chrome Silver Packs Autographs,,T89C-93,1,Chipper Jones,Atlanta Braves,False,1989 Topps Baseball Chrome Silver Packs Autographs	T89C-93	Chipper Jones	Atlanta Braves
2024_topps_series1,2024,Topps,Series 1,1989 Topps Baseball Chrome Silver Packs Autographs,,T89C-94,1,Henry Davis,Pittsburgh Pirates,False,1989 Topps Baseball Chrome Silver Packs Autographs	T89C-94	Henry Davis	Pittsburgh Pirates
2024_topps_series1,2024,Topps,Series 1,1989 Topps Baseball Chrome Silver Packs Autographs,,T89C-95,1,Bryan Woo,Seattle Mariners,False,1989 Topps Baseball Chrome Silver Packs Autographs	T89C-95	Bryan Woo	Seattle Mariners
2024_topps_series1,2024,Topps,Series 1,1989 Topps Baseball Chrome Silver Packs Autographs,,T89C-97,1,Mike Schmidt,Philadelphia Phillies,False,1989 Topps Baseball Chrome Silver Packs Autographs	T89C-97	Mike Schmidt	Philadelphia Phillies
2024_topps_series1,2024,Topps,Series 1,1989 Topps Baseball Chrome Silver Packs Autographs,,T89C-99,1,Mark McGwire,Oakland Athletics,False,1989 Topps Baseball Chrome Silver Packs Autographs	T89C-99	Mark McGwire	Oakland Athletics
2024_topps_series1,2024,Topps,Series 1,1989 Topps Baseball Chrome Silver Packs Autographs,,T89C-100,1,Jordan Lawlar,Arizona Diamondbacks,False,1989 Topps Baseball Chrome Silver Packs Autographs	T89C-100	Jordan Lawlar	Arizona Diamondbacks
2024_topps_series1,2024,Topps,Series 1,1989 Topps Baseball Foil Mega Box,,89B-1,1,Jordan Lawlar,Arizona Diamondbacks,False,1989 Topps Baseball Foil Mega Box	89B-1	Jordan Lawlar	Arizona Diamondbacks
2024_topps_series1,2024,Topps,Series 1,1989 Topps Baseball Foil Mega Box,,89B-2,1,Manny Machado,San Diego Padres,False,1989 Topps Baseball Foil Mega Box	89B-2	Manny Machado	San Diego Padres
2024_topps_series1,2024,Topps,Series 1,1989 Topps Baseball Foil Mega Box,,89B-3,1,Jose Canseco,Oakland Athletics,False,1989 Topps Baseball Foil Mega Box	89B-3	Jose Canseco	Oakland Athletics
2024_topps_series1,2024,Topps,Series 1,1989 Topps Baseball Foil Mega Box,,89B-4,1,Juan Soto,San Diego Padres,False,1989 Topps Baseball Foil Mega Box	89B-4	Juan Soto	San Diego Padres
2024_topps_series1,2024,Topps,Series 1,1989 Topps Baseball Foil Mega Box,,89B-5,1,Jazz Chisholm Jr.,Miami Marlins,False,1989 Topps Baseball Foil Mega Box	89B-5	Jazz Chisholm Jr.	Miami Marlins
2024_topps_series1,2024,Topps,Series 1,1989 Topps Baseball Foil Mega Box,,89B-6,1,Luis Robert Jr.,Chicago White Sox,False,1989 Topps Baseball Foil Mega Box	89B-6	Luis Robert Jr.	Chicago White Sox
2024_topps_series1,2024,Topps,Series 1,1989 Topps Baseball Foil Mega Box,,89B-7,1,Albert Pujols,St. Louis Cardinals,False,1989 Topps Baseball Foil Mega Box	89B-7	Albert Pujols	St. Louis Cardinals
2024_topps_series1,2024,Topps,Series 1,1989 Topps Baseball Foil Mega Box,,89B-8,1,Gavin Williams,Cleveland Guardians,False,1989 Topps Baseball Foil Mega Box	89B-8	Gavin Williams	Cleveland Guardians
2024_topps_series1,2024,Topps,Series 1,1989 Topps Baseball Foil Mega Box,,89B-9,1,Sal Frelick,Milwaukee Brewers,False,1989 Topps Baseball Foil Mega Box	89B-9	Sal Frelick	Milwaukee Brewers
2024_topps_series1,2024,Topps,Series 1,1989 Topps Baseball Foil Mega Box,,89B-10,1,Fernando Tatis Jr.,San Diego Padres,False,1989 Topps Baseball Foil Mega Box	89B-10	Fernando Tatis Jr.	San Diego Padres
2024_topps_series1,2024,Topps,Series 1,1989 Topps Baseball Foil Mega Box,,89B-11,1,Marco Luciano,San Francisco Giants,False,1989 Topps Baseball Foil Mega Box	89B-11	Marco Luciano	San Francisco Giants
2024_topps_series1,2024,Topps,Series 1,1989 Topps Baseball Foil Mega Box,,89B-12,1,Colton Cowser,Baltimore Orioles,False,1989 Topps Baseball Foil Mega Box	89B-12	Colton Cowser	Baltimore Orioles
2024_topps_series1,2024,Topps,Series 1,1989 Topps Baseball Foil Mega Box,,89B-13,1,Bo Jackson,Kansas City Royals,False,1989 Topps Baseball Foil Mega Box	89B-13	Bo Jackson	Kansas City Royals
2024_topps_series1,2024,Topps,Series 1,1989 Topps Baseball Foil Mega Box,,89B-14,1,Masataka Yoshida,Boston Red Sox,False,1989 Topps Baseball Foil Mega Box	89B-14	Masataka Yoshida	Boston Red Sox
2024_topps_series1,2024,Topps,Series 1,1989 Topps Baseball Foil Mega Box,,89B-15,1,Randy Arozarena,Tampa Bay Rays,False,1989 Topps Baseball Foil Mega Box	89B-15	Randy Arozarena	Tampa Bay Rays
2024_topps_series1,2024,Topps,Series 1,1989 Topps Baseball Foil Mega Box,,89B-16,1,Shohei Ohtani,Los Angeles Angels,False,1989 Topps Baseball Foil Mega Box	89B-16	Shohei Ohtani	Los Angeles Angels
2024_topps_series1,2024,Topps,Series 1,1989 Topps Baseball Foil Mega Box,,89B-17,1,Ronald Acuña Jr.,Atlanta Braves,False,1989 Topps Baseball Foil Mega Box	89B-17	Ronald Acuña Jr.	Atlanta Braves
2024_topps_series1,2024,Topps,Series 1,1989 Topps Baseball Foil Mega Box,,89B-18,1,Paul Goldschmidt,St. Louis Cardinals,False,1989 Topps Baseball Foil Mega Box	89B-18	Paul Goldschmidt	St. Louis Cardinals
2024_topps_series1,2024,Topps,Series 1,1989 Topps Baseball Foil Mega Box,,89B-19,1,Adley Rutschman,Baltimore Orioles,False,1989 Topps Baseball Foil Mega Box	89B-19	Adley Rutschman	Baltimore Orioles
2024_topps_series1,2024,Topps,Series 1,1989 Topps Baseball Foil Mega Box,,89B-20,1,Luis Arraez,Miami Marlins,False,1989 Topps Baseball Foil Mega Box	89B-20	Luis Arraez	Miami Marlins
2024_topps_series1,2024,Topps,Series 1,1989 Topps Baseball Foil Mega Box,,89B-21,1,Bo Bichette,Toronto Blue Jays,False,1989 Topps Baseball Foil Mega Box	89B-21	Bo Bichette	Toronto Blue Jays
2024_topps_series1,2024,Topps,Series 1,1989 Topps Baseball Foil Mega Box,,89B-22,1,Francisco Lindor,New York Mets,False,1989 Topps Baseball Foil Mega Box	89B-22	Francisco Lindor	New York Mets
2024_topps_series1,2024,Topps,Series 1,1989 Topps Baseball Foil Mega Box,,89B-23,1,Bryce Harper,Philadelphia Phillies,False,1989 Topps Baseball Foil Mega Box	89B-23	Bryce Harper	Philadelphia Phillies
2024_topps_series1,2024,Topps,Series 1,1989 Topps Baseball Foil Mega Box,,89B-24,1,Luis Matos,San Francisco Giants,False,1989 Topps Baseball Foil Mega Box	89B-24	Luis Matos	San Francisco Giants
2024_topps_series1,2024,Topps,Series 1,1989 Topps Baseball Foil Mega Box,,89B-25,1,Ken Griffey Jr.,Seattle Mariners,False,1989 Topps Baseball Foil Mega Box	89B-25	Ken Griffey Jr.	Seattle Mariners
2024_topps_series1,2024,Topps,Series 1,1989 Topps Baseball Foil Mega Box,,89B-26,1,Justin Verlander,Houston Astros,False,1989 Topps Baseball Foil Mega Box	89B-26	Justin Verlander	Houston Astros
2024_topps_series1,2024,Topps,Series 1,1989 Topps Baseball Foil Mega Box,,89B-27,1,Jose Altuve,Houston Astros,False,1989 Topps Baseball Foil Mega Box	89B-27	Jose Altuve	Houston Astros
2024_topps_series1,2024,Topps,Series 1,1989 Topps Baseball Foil Mega Box,,89B-28,1,Henry Davis,Pittsburgh Pirates,False,1989 Topps Baseball Foil Mega Box	89B-28	Henry Davis	Pittsburgh Pirates
2024_topps_series1,2024,Topps,Series 1,1989 Topps Baseball Foil Mega Box,,89B-29,1,Freddie Freeman,Los Angeles Dodgers,False,1989 Topps Baseball Foil Mega Box	89B-29	Freddie Freeman	Los Angeles Dodgers
2024_topps_series1,2024,Topps,Series 1,1989 Topps Baseball Foil Mega Box,,89B-30,1,Willie Mays,San Francisco Giants,False,1989 Topps Baseball Foil Mega Box	89B-30	Willie Mays	San Francisco Giants
2024_topps_series1,2024,Topps,Series 1,1989 Topps Baseball Foil Mega Box,,89B-31,1,Aaron Judge,New York Yankees,False,1989 Topps Baseball Foil Mega Box	89B-31	Aaron Judge	New York Yankees
2024_topps_series1,2024,Topps,Series 1,1989 Topps Baseball Foil Mega Box,,89B-32,1,Vladimir Guerrero Jr.,Toronto Blue Jays,False,1989 Topps Baseball Foil Mega Box	89B-32	Vladimir Guerrero Jr.	Toronto Blue Jays
2024_topps_series1,2024,Topps,Series 1,1989 Topps Baseball Foil Mega Box,,89B-33,1,Josh Jung,Texas Rangers,False,1989 Topps Baseball Foil Mega Box	89B-33	Josh Jung	Texas Rangers
2024_topps_series1,2024,Topps,Series 1,1989 Topps Baseball Foil Mega Box,,89B-34,1,Mookie Betts,Los Angeles Dodgers,False,1989 Topps Baseball Foil Mega Box	89B-34	Mookie Betts	Los Angeles Dodgers
2024_topps_series1,2024,Topps,Series 1,1989 Topps Baseball Foil Mega Box,,89B-35,1,Corey Seager,Texas Rangers,False,1989 Topps Baseball Foil Mega Box	89B-35	Corey Seager	Texas Rangers
2024_topps_series1,2024,Topps,Series 1,1989 Topps Baseball Foil Mega Box,,89B-36,1,Yordan Alvarez,Houston Astros,False,1989 Topps Baseball Foil Mega Box	89B-36	Yordan Alvarez	Houston Astros
2024_topps_series1,2024,Topps,Series 1,1989 Topps Baseball Foil Mega Box,,89B-37,1,Kris Bryant,Colorado Rockies,False,1989 Topps Baseball Foil Mega Box	89B-37	Kris Bryant	Colorado Rockies
2024_topps_series1,2024,Topps,Series 1,1989 Topps Baseball Foil Mega Box,,89B-38,1,Jordan Westburg,Baltimore Orioles,False,1989 Topps Baseball Foil Mega Box	89B-38	Jordan Westburg	Baltimore Orioles
2024_topps_series1,2024,Topps,Series 1,1989 Topps Baseball Foil Mega Box,,89B-39,1,Mike Schmidt,Philadelphia Phillies,False,1989 Topps Baseball Foil Mega Box	89B-39	Mike Schmidt	Philadelphia Phillies
2024_topps_series1,2024,Topps,Series 1,1989 Topps Baseball Foil Mega Box,,89B-40,1,Bryan Woo,Seattle Mariners,False,1989 Topps Baseball Foil Mega Box	89B-40	Bryan Woo	Seattle Mariners
2024_topps_series1,2024,Topps,Series 1,1989 Topps Baseball Foil Mega Box,,89B-41,1,Carlos Correa,Minnesota Twins,False,1989 Topps Baseball Foil Mega Box	89B-41	Carlos Correa	Minnesota Twins
2024_topps_series1,2024,Topps,Series 1,1989 Topps Baseball Foil Mega Box,,89B-42,1,Ichiro,Seattle Mariners,False,1989 Topps Baseball Foil Mega Box	89B-42	Ichiro	Seattle Mariners
2024_topps_series1,2024,Topps,Series 1,1989 Topps Baseball Foil Mega Box,,89B-43,1,Christian Yelich,Milwaukee Brewers,False,1989 Topps Baseball Foil Mega Box	89B-43	Christian Yelich	Milwaukee Brewers
2024_topps_series1,2024,Topps,Series 1,1989 Topps Baseball Foil Mega Box,,89B-44,1,José Ramírez,Cleveland Guardians,False,1989 Topps Baseball Foil Mega Box	89B-44	José Ramírez	Cleveland Guardians
2024_topps_series1,2024,Topps,Series 1,1989 Topps Baseball Foil Mega Box,,89B-45,1,Will Clark,San Francisco Giants,False,1989 Topps Baseball Foil Mega Box	89B-45	Will Clark	San Francisco Giants
2024_topps_series1,2024,Topps,Series 1,1989 Topps Baseball Foil Mega Box,,89B-46,1,AJ Smith-Shawver,Atlanta Braves,False,1989 Topps Baseball Foil Mega Box	89B-46	AJ Smith-Shawver	Atlanta Braves
2024_topps_series1,2024,Topps,Series 1,1989 Topps Baseball Foil Mega Box,,89B-47,1,George Brett,Kansas City Royals,False,1989 Topps Baseball Foil Mega Box	89B-47	George Brett	Kansas City Royals
2024_topps_series1,2024,Topps,Series 1,1989 Topps Baseball Foil Mega Box,,89B-48,1,Andrew McCutchen,Pittsburgh Pirates,False,1989 Topps Baseball Foil Mega Box	89B-48	Andrew McCutchen	Pittsburgh Pirates
2024_topps_series1,2024,Topps,Series 1,1989 Topps Baseball Foil Mega Box,,89B-49,1,Ryne Sandberg,Chicago Cubs,False,1989 Topps Baseball Foil Mega Box	89B-49	Ryne Sandberg	Chicago Cubs
2024_topps_series1,2024,Topps,Series 1,1989 Topps Baseball Foil Mega Box,,89B-50,1,Junior Caminero,Tampa Bay Rays,False,1989 Topps Baseball Foil Mega Box	89B-50	Junior Caminero	Tampa Bay Rays
2024_topps_series1,2024,Topps,Series 1,1989 Topps Baseball Foil Mega Box,,89B-51,1,Barry Larkin,Cincinnati Reds,False,1989 Topps Baseball Foil Mega Box	89B-51	Barry Larkin	Cincinnati Reds
2024_topps_series1,2024,Topps,Series 1,1989 Topps Baseball Foil Mega Box,,89B-52,1,Jeff Bagwell,Houston Astros,False,1989 Topps Baseball Foil Mega Box	89B-52	Jeff Bagwell	Houston Astros
2024_topps_series1,2024,Topps,Series 1,1989 Topps Baseball Foil Mega Box,,89B-53,1,Mark McGwire,Oakland Athletics,False,1989 Topps Baseball Foil Mega Box	89B-53	Mark McGwire	Oakland Athletics
2024_topps_series1,2024,Topps,Series 1,1989 Topps Baseball Foil Mega Box,,89B-54,1,Jackie Robinson,Brooklyn Dodgers,False,1989 Topps Baseball Foil Mega Box	89B-54	Jackie Robinson	Brooklyn Dodgers
2024_topps_series1,2024,Topps,Series 1,1989 Topps Baseball Foil Mega Box,,89B-55,1,Robin Yount,Milwaukee Brewers,False,1989 Topps Baseball Foil Mega Box	89B-55	Robin Yount	Milwaukee Brewers
2024_topps_series1,2024,Topps,Series 1,1989 Topps Baseball Foil Mega Box,,89B-56,1,Trea Turner,Philadelphia Phillies,False,1989 Topps Baseball Foil Mega Box	89B-56	Trea Turner	Philadelphia Phillies
2024_topps_series1,2024,Topps,Series 1,1989 Topps Baseball Foil Mega Box,,89B-57,1,Clayton Kershaw,Los Angeles Dodgers,False,1989 Topps Baseball Foil Mega Box	89B-57	Clayton Kershaw	Los Angeles Dodgers
2024_topps_series1,2024,Topps,Series 1,1989 Topps Baseball Foil Mega Box,,89B-58,1,Masyn Winn,St. Louis Cardinals,False,1989 Topps Baseball Foil Mega Box	89B-58	Masyn Winn	St. Louis Cardinals
2024_topps_series1,2024,Topps,Series 1,1989 Topps Baseball Foil Mega Box,,89B-59,1,Bobby Witt Jr.,Kansas City Royals,False,1989 Topps Baseball Foil Mega Box	89B-59	Bobby Witt Jr.	Kansas City Royals
2024_topps_series1,2024,Topps,Series 1,1989 Topps Baseball Foil Mega Box,,89B-60,1,Oneil Cruz,Pittsburgh Pirates,False,1989 Topps Baseball Foil Mega Box	89B-60	Oneil Cruz	Pittsburgh Pirates
2024_topps_series1,2024,Topps,Series 1,1989 Topps Baseball Foil Mega Box,,89B-61,1,Rafael Devers,Boston Red Sox,False,1989 Topps Baseball Foil Mega Box	89B-61	Rafael Devers	Boston Red Sox
2024_topps_series1,2024,Topps,Series 1,1989 Topps Baseball Foil Mega Box,,89B-62,1,Christopher Morel,Chicago Cubs,False,1989 Topps Baseball Foil Mega Box	89B-62	Christopher Morel	Chicago Cubs
2024_topps_series1,2024,Topps,Series 1,1989 Topps Baseball Foil Mega Box,,89B-63,1,Byron Buxton,Minnesota Twins,False,1989 Topps Baseball Foil Mega Box	89B-63	Byron Buxton	Minnesota Twins
2024_topps_series1,2024,Topps,Series 1,1989 Topps Baseball Foil Mega Box,,89B-64,1,Anthony Rizzo,New York Yankees,False,1989 Topps Baseball Foil Mega Box	89B-64	Anthony Rizzo	New York Yankees
2024_topps_series1,2024,Topps,Series 1,1989 Topps Baseball Foil Mega Box,,89B-65,1,Christian Encarnacion-Stra,Cincinnati Reds,False,1989 Topps Baseball Foil Mega Box	89B-65	Christian Encarnacion-Stra	Cincinnati Reds
2024_topps_series1,2024,Topps,Series 1,1989 Topps Baseball Foil Mega Box,,89B-66,1,Julio Rodríguez,Seattle Mariners,False,1989 Topps Baseball Foil Mega Box	89B-66	Julio Rodríguez	Seattle Mariners
2024_topps_series1,2024,Topps,Series 1,1989 Topps Baseball Foil Mega Box,,89B-67,1,Nolan Arenado,St. Louis Cardinals,False,1989 Topps Baseball Foil Mega Box	89B-67	Nolan Arenado	St. Louis Cardinals
2024_topps_series1,2024,Topps,Series 1,1989 Topps Baseball Foil Mega Box,,89B-68,1,Vladimir Guerrero,Montréal Expos,False,1989 Topps Baseball Foil Mega Box	89B-68	Vladimir Guerrero	Montréal Expos
2024_topps_series1,2024,Topps,Series 1,1989 Topps Baseball Foil Mega Box,,89B-69,1,Elly De La Cruz,Cincinnati Reds,False,1989 Topps Baseball Foil Mega Box	89B-69	Elly De La Cruz	Cincinnati Reds
2024_topps_series1,2024,Topps,Series 1,1989 Topps Baseball Foil Mega Box,,89B-70,1,Mike Trout,Los Angeles Angels,False,1989 Topps Baseball Foil Mega Box	89B-70	Mike Trout	Los Angeles Angels
2024_topps_series1,2024,Topps,Series 1,1989 Topps Baseball Foil Mega Box,,89B-71,1,Nolan Schanuel,Los Angeles Angels,False,1989 Topps Baseball Foil Mega Box	89B-71	Nolan Schanuel	Los Angeles Angels
2024_topps_series1,2024,Topps,Series 1,1989 Topps Baseball Foil Mega Box,,89B-72,1,Ceddanne Rafaela,Boston Red Sox,False,1989 Topps Baseball Foil Mega Box	89B-72	Ceddanne Rafaela	Boston Red Sox
2024_topps_series1,2024,Topps,Series 1,1989 Topps Baseball Foil Mega Box,,89B-73,1,Tony Gwynn,San Diego Padres,False,1989 Topps Baseball Foil Mega Box	89B-73	Tony Gwynn	San Diego Padres
2024_topps_series1,2024,Topps,Series 1,1989 Topps Baseball Foil Mega Box,,89B-74,1,Matt Olson,Atlanta Braves,False,1989 Topps Baseball Foil Mega Box	89B-74	Matt Olson	Atlanta Braves
2024_topps_series1,2024,Topps,Series 1,1989 Topps Baseball Foil Mega Box,,89B-75,1,Sonny Gray,Minnesota Twins,False,1989 Topps Baseball Foil Mega Box	89B-75	Sonny Gray	Minnesota Twins
2024_topps_series1,2024,Topps,Series 1,1989 Topps Baseball Foil Mega Box,,89B-76,1,Chipper Jones,Atlanta Braves,False,1989 Topps Baseball Foil Mega Box	89B-76	Chipper Jones	Atlanta Braves
2024_topps_series1,2024,Topps,Series 1,1989 Topps Baseball Foil Mega Box,,89B-77,1,Emmet Sheehan,Los Angeles Dodgers,False,1989 Topps Baseball Foil Mega Box	89B-77	Emmet Sheehan	Los Angeles Dodgers
2024_topps_series1,2024,Topps,Series 1,1989 Topps Baseball Foil Mega Box,,89B-78,1,Joey Votto,Cincinnati Reds,False,1989 Topps Baseball Foil Mega Box	89B-78	Joey Votto	Cincinnati Reds
2024_topps_series1,2024,Topps,Series 1,1989 Topps Baseball Foil Mega Box,,89B-79,1,Endy Rodríguez,Pittsburgh Pirates,False,1989 Topps Baseball Foil Mega Box	89B-79	Endy Rodríguez	Pittsburgh Pirates
2024_topps_series1,2024,Topps,Series 1,1989 Topps Baseball Foil Mega Box,,89B-80,1,Don Mattingly,New York Yankees,False,1989 Topps Baseball Foil Mega Box	89B-80	Don Mattingly	New York Yankees
2024_topps_series1,2024,Topps,Series 1,1989 Topps Baseball Foil Mega Box,,89B-81,1,Ozzie Smith,St. Louis Cardinals,False,1989 Topps Baseball Foil Mega Box	89B-81	Ozzie Smith	St. Louis Cardinals
2024_topps_series1,2024,Topps,Series 1,1989 Topps Baseball Foil Mega Box,,89B-82,1,Riley Greene,Detroit Tigers,False,1989 Topps Baseball Foil Mega Box	89B-82	Riley Greene	Detroit Tigers
2024_topps_series1,2024,Topps,Series 1,1989 Topps Baseball Foil Mega Box,,89B-83,1,Nolan Ryan,Houston Astros,False,1989 Topps Baseball Foil Mega Box	89B-83	Nolan Ryan	Houston Astros
2024_topps_series1,2024,Topps,Series 1,1989 Topps Baseball Foil Mega Box,,89B-84,1,Wade Boggs,Boston Red Sox,False,1989 Topps Baseball Foil Mega Box	89B-84	Wade Boggs	Boston Red Sox
2024_topps_series1,2024,Topps,Series 1,1989 Topps Baseball Foil Mega Box,,89B-85,1,Curtis Mead,Tampa Bay Rays,False,1989 Topps Baseball Foil Mega Box	89B-85	Curtis Mead	Tampa Bay Rays
2024_topps_series1,2024,Topps,Series 1,1989 Topps Baseball Foil Mega Box,,89B-86,1,Greg Maddux,Atlanta Braves,False,1989 Topps Baseball Foil Mega Box	89B-86	Greg Maddux	Atlanta Braves
2024_topps_series1,2024,Topps,Series 1,1989 Topps Baseball Foil Mega Box,,89B-87,1,Pete Alonso,New York Mets,False,1989 Topps Baseball Foil Mega Box	89B-87	Pete Alonso	New York Mets
2024_topps_series1,2024,Topps,Series 1,1989 Topps Baseball Foil Mega Box,,89B-88,1,Cal Ripken Jr.,Baltimore Orioles,False,1989 Topps Baseball Foil Mega Box	89B-88	Cal Ripken Jr.	Baltimore Orioles
2024_topps_series1,2024,Topps,Series 1,1989 Topps Baseball Foil Mega Box,,89B-89,1,Frank Thomas,Chicago White Sox,False,1989 Topps Baseball Foil Mega Box	89B-89	Frank Thomas	Chicago White Sox
2024_topps_series1,2024,Topps,Series 1,1989 Topps Baseball Foil Mega Box,,89B-90,1,Zack Gelof,Oakland Athletics,False,1989 Topps Baseball Foil Mega Box	89B-90	Zack Gelof	Oakland Athletics
2024_topps_series1,2024,Topps,Series 1,1989 Topps Baseball Foil Mega Box,,89B-91,1,Buster Posey,San Francisco Giants,False,1989 Topps Baseball Foil Mega Box	89B-91	Buster Posey	San Francisco Giants
2024_topps_series1,2024,Topps,Series 1,1989 Topps Baseball Foil Mega Box,,89B-92,1,Gerrit Cole,New York Yankees,False,1989 Topps Baseball Foil Mega Box	89B-92	Gerrit Cole	New York Yankees
2024_topps_series1,2024,Topps,Series 1,1989 Topps Baseball Foil Mega Box,,89B-93,1,Ronny Mauricio,New York Mets,False,1989 Topps Baseball Foil Mega Box	89B-93	Ronny Mauricio	New York Mets
2024_topps_series1,2024,Topps,Series 1,1989 Topps Baseball Foil Mega Box,,89B-94,1,Adolis García,Texas Rangers,False,1989 Topps Baseball Foil Mega Box	89B-94	Adolis García	Texas Rangers
2024_topps_series1,2024,Topps,Series 1,1989 Topps Baseball Foil Mega Box,,89B-95,1,Kyle Harrison,San Francisco Giants,False,1989 Topps Baseball Foil Mega Box	89B-95	Kyle Harrison	San Francisco Giants
2024_topps_series1,2024,Topps,Series 1,1989 Topps Baseball Foil Mega Box,,89B-96,1,Andrew Abbott,Cincinnati Reds,False,1989 Topps Baseball Foil Mega Box	89B-96	Andrew Abbott	Cincinnati Reds
2024_topps_series1,2024,Topps,Series 1,1989 Topps Baseball Foil Mega Box,,89B-97,1,Miguel Cabrera,Detroit Tigers,False,1989 Topps Baseball Foil Mega Box	89B-97	Miguel Cabrera	Detroit Tigers
2024_topps_series1,2024,Topps,Series 1,1989 Topps Baseball Foil Mega Box,,89B-98,1,Max Scherzer,Texas Rangers,False,1989 Topps Baseball Foil Mega Box	89B-98	Max Scherzer	Texas Rangers
2024_topps_series1,2024,Topps,Series 1,1989 Topps Baseball Foil Mega Box,,89B-99,1,Corbin Carroll,Arizona Diamondbacks,False,1989 Topps Baseball Foil Mega Box	89B-99	Corbin Carroll	Arizona Diamondbacks
2024_topps_series1,2024,Topps,Series 1,1989 Topps Baseball Foil Mega Box,,89B-100,1,Tyler Soderstrom,Oakland Athletics,False,1989 Topps Baseball Foil Mega Box	89B-100	Tyler Soderstrom	Oakland Athletics
2024_topps_series1,2024,Topps,Series 1,1989 Topps Baseball Relics,,89BR-AB,1,Adrián Beltré,Texas Rangers,False,1989 Topps Baseball Relics	89BR-AB	Adrián Beltré	Texas Rangers
2024_topps_series1,2024,Topps,Series 1,1989 Topps Baseball Relics,,89BR-ABR,1,Alex Bregman,Houston Astros,False,1989 Topps Baseball Relics	89BR-ABR	Alex Bregman	Houston Astros
2024_topps_series1,2024,Topps,Series 1,1989 Topps Baseball Relics,,89BR-AJ,1,Aaron Judge,New York Yankees,False,1989 Topps Baseball Relics	89BR-AJ	Aaron Judge	New York Yankees
2024_topps_series1,2024,Topps,Series 1,1989 Topps Baseball Relics,,89BR-AM,1,Andrew McCutchen,Pittsburgh Pirates,False,1989 Topps Baseball Relics	89BR-AM	Andrew McCutchen	Pittsburgh Pirates
2024_topps_series1,2024,Topps,Series 1,1989 Topps Baseball Relics,,89BR-AN,1,Aaron Nola,Philadelphia Phillies,False,1989 Topps Baseball Relics	89BR-AN	Aaron Nola	Philadelphia Phillies
2024_topps_series1,2024,Topps,Series 1,1989 Topps Baseball Relics,,89BR-APE,1,Andy Pettitte,New York Yankees,False,1989 Topps Baseball Relics	89BR-APE	Andy Pettitte	New York Yankees
2024_topps_series1,2024,Topps,Series 1,1989 Topps Baseball Relics,,89BR-APU,1,Albert Pujols,St. Louis Cardinals,False,1989 Topps Baseball Relics	89BR-APU	Albert Pujols	St. Louis Cardinals
2024_topps_series1,2024,Topps,Series 1,1989 Topps Baseball Relics,,89BR-AR,1,Alex Rodriguez,New York Yankees,False,1989 Topps Baseball Relics	89BR-AR	Alex Rodriguez	New York Yankees
2024_topps_series1,2024,Topps,Series 1,1989 Topps Baseball Relics,,89BR-ARU,1,Adley Rutschman,Baltimore Orioles,False,1989 Topps Baseball Relics	89BR-ARU	Adley Rutschman	Baltimore Orioles
2024_topps_series1,2024,Topps,Series 1,1989 Topps Baseball Relics,,89BR-ARZ,1,Anthony Rizzo,New York Yankees,False,1989 Topps Baseball Relics	89BR-ARZ	Anthony Rizzo	New York Yankees
2024_topps_series1,2024,Topps,Series 1,1989 Topps Baseball Relics,,89BR-BB,1,Bo Bichette,Toronto Blue Jays,False,1989 Topps Baseball Relics	89BR-BB	Bo Bichette	Toronto Blue Jays
2024_topps_series1,2024,Topps,Series 1,1989 Topps Baseball Relics,,89BR-BBX,1,Byron Buxton,Minnesota Twins,False,1989 Topps Baseball Relics	89BR-BBX	Byron Buxton	Minnesota Twins
2024_topps_series1,2024,Topps,Series 1,1989 Topps Baseball Relics,,89BR-BC,1,Brandon Crawford,San Francisco Giants,False,1989 Topps Baseball Relics	89BR-BC	Brandon Crawford	San Francisco Giants
2024_topps_series1,2024,Topps,Series 1,1989 Topps Baseball Relics,,89BR-BH,1,Bryce Harper,Philadelphia Phillies,False,1989 Topps Baseball Relics	89BR-BH	Bryce Harper	Philadelphia Phillies
2024_topps_series1,2024,Topps,Series 1,1989 Topps Baseball Relics,,89BR-BL,1,Barry Larkin,Cincinnati Reds,False,1989 Topps Baseball Relics	89BR-BL	Barry Larkin	Cincinnati Reds
2024_topps_series1,2024,Topps,Series 1,1989 Topps Baseball Relics,,89BR-BN,1,Bo Naylor,Cleveland Guardians,False,1989 Topps Baseball Relics	89BR-BN	Bo Naylor	Cleveland Guardians
2024_topps_series1,2024,Topps,Series 1,1989 Topps Baseball Relics,,89BR-BP,1,Buster Posey,San Francisco Giants,False,1989 Topps Baseball Relics	89BR-BP	Buster Posey	San Francisco Giants
2024_topps_series1,2024,Topps,Series 1,1989 Topps Baseball Relics,,89BR-BW,1,Bobby Witt Jr.,Kansas City Royals,False,1989 Topps Baseball Relics	89BR-BW	Bobby Witt Jr.	Kansas City Royals
2024_topps_series1,2024,Topps,Series 1,1989 Topps Baseball Relics,,89BR-CB,1,Craig Biggio,Houston Astros,False,1989 Topps Baseball Relics	89BR-CB	Craig Biggio	Houston Astros
2024_topps_series1,2024,Topps,Series 1,1989 Topps Baseball Relics,,89BR-CC,1,Carlos Correa,Minnesota Twins,False,1989 Topps Baseball Relics	89BR-CC	Carlos Correa	Minnesota Twins
2024_topps_series1,2024,Topps,Series 1,1989 Topps Baseball Relics,,89BR-CJ,1,Chipper Jones,Atlanta Braves,False,1989 Topps Baseball Relics	89BR-CJ	Chipper Jones	Atlanta Braves
2024_topps_series1,2024,Topps,Series 1,1989 Topps Baseball Relics,,89BR-CM,1,Christopher Morel,Chicago Cubs,False,1989 Topps Baseball Relics	89BR-CM	Christopher Morel	Chicago Cubs
2024_topps_series1,2024,Topps,Series 1,1989 Topps Baseball Relics,,89BR-CR,1,Cal Ripken Jr.,Baltimore Orioles,False,1989 Topps Baseball Relics	89BR-CR	Cal Ripken Jr.	Baltimore Orioles
2024_topps_series1,2024,Topps,Series 1,1989 Topps Baseball Relics,,89BR-CS,1,CC Sabathia,New York Yankees,False,1989 Topps Baseball Relics	89BR-CS	CC Sabathia	New York Yankees
2024_topps_series1,2024,Topps,Series 1,1989 Topps Baseball Relics,,89BR-CY,1,Christian Yelich,Milwaukee Brewers,False,1989 Topps Baseball Relics	89BR-CY	Christian Yelich	Milwaukee Brewers
2024_topps_series1,2024,Topps,Series 1,1989 Topps Baseball Relics,,89BR-DJ,1,Derek Jeter,New York Yankees,False,1989 Topps Baseball Relics	89BR-DJ	Derek Jeter	New York Yankees
2024_topps_series1,2024,Topps,Series 1,1989 Topps Baseball Relics,,89BR-DO,1,David Ortiz,Boston Red Sox,False,1989 Topps Baseball Relics	89BR-DO	David Ortiz	Boston Red Sox
2024_topps_series1,2024,Topps,Series 1,1989 Topps Baseball Relics,,89BR-DP,1,Dustin Pedroia,Boston Red Sox,False,1989 Topps Baseball Relics	89BR-DP	Dustin Pedroia	Boston Red Sox
2024_topps_series1,2024,Topps,Series 1,1989 Topps Baseball Relics,,89BR-DS,1,Dansby Swanson,Chicago Cubs,False,1989 Topps Baseball Relics	89BR-DS	Dansby Swanson	Chicago Cubs
2024_topps_series1,2024,Topps,Series 1,1989 Topps Baseball Relics,,89BR-ED,1,Elly De La Cruz,Cincinnati Reds,False,1989 Topps Baseball Relics	89BR-ED	Elly De La Cruz	Cincinnati Reds
2024_topps_series1,2024,Topps,Series 1,1989 Topps Baseball Relics,,89BR-EM,1,Eddie Murray,Baltimore Orioles,False,1989 Topps Baseball Relics	89BR-EM	Eddie Murray	Baltimore Orioles
2024_topps_series1,2024,Topps,Series 1,1989 Topps Baseball Relics,,89BR-FT,1,Frank Thomas,Chicago White Sox,False,1989 Topps Baseball Relics	89BR-FT	Frank Thomas	Chicago White Sox
2024_topps_series1,2024,Topps,Series 1,1989 Topps Baseball Relics,,89BR-FTJ,1,Fernando Tatis Jr.,San Diego Padres,False,1989 Topps Baseball Relics	89BR-FTJ	Fernando Tatis Jr.	San Diego Padres
2024_topps_series1,2024,Topps,Series 1,1989 Topps Baseball Relics,,89BR-GC,1,Gerrit Cole,New York Yankees,False,1989 Topps Baseball Relics	89BR-GC	Gerrit Cole	New York Yankees
2024_topps_series1,2024,Topps,Series 1,1989 Topps Baseball Relics,,89BR-GMI,1,Garrett Mitchell,Milwaukee Brewers,False,1989 Topps Baseball Relics	89BR-GMI	Garrett Mitchell	Milwaukee Brewers
2024_topps_series1,2024,Topps,Series 1,1989 Topps Baseball Relics,,89BR-GMO,1,Gabriel Moreno,Arizona Diamondbacks,False,1989 Topps Baseball Relics	89BR-GMO	Gabriel Moreno	Arizona Diamondbacks
2024_topps_series1,2024,Topps,Series 1,1989 Topps Baseball Relics,,89BR-GS,1,George Springer,Toronto Blue Jays,False,1989 Topps Baseball Relics	89BR-GS	George Springer	Toronto Blue Jays
2024_topps_series1,2024,Topps,Series 1,1989 Topps Baseball Relics,,89BR-GST,1,Giancarlo Stanton,New York Yankees,False,1989 Topps Baseball Relics	89BR-GST	Giancarlo Stanton	New York Yankees
2024_topps_series1,2024,Topps,Series 1,1989 Topps Baseball Relics,,89BR-GT,1,Gleyber Torres,New York Yankees,False,1989 Topps Baseball Relics	89BR-GT	Gleyber Torres	New York Yankees
2024_topps_series1,2024,Topps,Series 1,1989 Topps Baseball Relics,,89BR-HB,1,Hunter Brown,Houston Astros,False,1989 Topps Baseball Relics	89BR-HB	Hunter Brown	Houston Astros
2024_topps_series1,2024,Topps,Series 1,1989 Topps Baseball Relics,,89BR-HD,1,Henry Davis,Pittsburgh Pirates,False,1989 Topps Baseball Relics	89BR-HD	Henry Davis	Pittsburgh Pirates
2024_topps_series1,2024,Topps,Series 1,1989 Topps Baseball Relics,,89BR-HG,1,Hunter Greene,Cincinnati Reds,False,1989 Topps Baseball Relics	89BR-HG	Hunter Greene	Cincinnati Reds
2024_topps_series1,2024,Topps,Series 1,1989 Topps Baseball Relics,,89BR-IR,1,Ivan Rodriguez,Texas Rangers,False,1989 Topps Baseball Relics	89BR-IR	Ivan Rodriguez	Texas Rangers
2024_topps_series1,2024,Topps,Series 1,1989 Topps Baseball Relics,,89BR-JA,1,Jose Altuve,Houston Astros,False,1989 Topps Baseball Relics	89BR-JA	Jose Altuve	Houston Astros
2024_topps_series1,2024,Topps,Series 1,1989 Topps Baseball Relics,,89BR-JB,1,Jeff Bagwell,Houston Astros,False,1989 Topps Baseball Relics	89BR-JB	Jeff Bagwell	Houston Astros
2024_topps_series1,2024,Topps,Series 1,1989 Topps Baseball Relics,,89BR-JC,1,Jazz Chisholm Jr.,Miami Marlins,False,1989 Topps Baseball Relics	89BR-JC	Jazz Chisholm Jr.	Miami Marlins
2024_topps_series1,2024,Topps,Series 1,1989 Topps Baseball Relics,,89BR-JD,1,Jarren Duran,Boston Red Sox,False,1989 Topps Baseball Relics	89BR-JD	Jarren Duran	Boston Red Sox
2024_topps_series1,2024,Topps,Series 1,1989 Topps Baseball Relics,,89BR-JI,1,Jonathan India,Cincinnati Reds,False,1989 Topps Baseball Relics	89BR-JI	Jonathan India	Cincinnati Reds
2024_topps_series1,2024,Topps,Series 1,1989 Topps Baseball Relics,,89BR-JJ,1,Josh Jung,Texas Rangers,False,1989 Topps Baseball Relics	89BR-JJ	Josh Jung	Texas Rangers
2024_topps_series1,2024,Topps,Series 1,1989 Topps Baseball Relics,,89BR-JP,1,Jeremy Peña,Houston Astros,False,1989 Topps Baseball Relics	89BR-JP	Jeremy Peña	Houston Astros
2024_topps_series1,2024,Topps,Series 1,1989 Topps Baseball Relics,,89BR-JR,1,Julio Rodríguez,Seattle Mariners,False,1989 Topps Baseball Relics	89BR-JR	Julio Rodríguez	Seattle Mariners
2024_topps_series1,2024,Topps,Series 1,1989 Topps Baseball Relics,,89BR-JRA,1,José Ramírez,Cleveland Guardians,False,1989 Topps Baseball Relics	89BR-JRA	José Ramírez	Cleveland Guardians
2024_topps_series1,2024,Topps,Series 1,1989 Topps Baseball Relics,,89BR-JS,1,John Smoltz,Atlanta Braves,False,1989 Topps Baseball Relics	89BR-JS	John Smoltz	Atlanta Braves
2024_topps_series1,2024,Topps,Series 1,1989 Topps Baseball Relics,,89BR-JSO,1,Juan Soto,San Diego Padres,False,1989 Topps Baseball Relics	89BR-JSO	Juan Soto	San Diego Padres
2024_topps_series1,2024,Topps,Series 1,1989 Topps Baseball Relics,,89BR-JV,1,Joey Votto,Cincinnati Reds,False,1989 Topps Baseball Relics	89BR-JV	Joey Votto	Cincinnati Reds
2024_topps_series1,2024,Topps,Series 1,1989 Topps Baseball Relics,,89BR-JW,1,Jordan Walker,St. Louis Cardinals,False,1989 Topps Baseball Relics	89BR-JW	Jordan Walker	St. Louis Cardinals
2024_topps_series1,2024,Topps,Series 1,1989 Topps Baseball Relics,,89BR-KB,1,Kris Bryant,Colorado Rockies,False,1989 Topps Baseball Relics	89BR-KB	Kris Bryant	Colorado Rockies
2024_topps_series1,2024,Topps,Series 1,1989 Topps Baseball Relics,,89BR-KG,1,Ken Griffey Jr.,Seattle Mariners,False,1989 Topps Baseball Relics	89BR-KG	Ken Griffey Jr.	Seattle Mariners
2024_topps_series1,2024,Topps,Series 1,1989 Topps Baseball Relics,,89BR-KP,1,Kirby Puckett,Minnesota Twins,False,1989 Topps Baseball Relics	89BR-KP	Kirby Puckett	Minnesota Twins
2024_topps_series1,2024,Topps,Series 1,1989 Topps Baseball Relics,,89BR-KS,1,Kyle Schwarber,Philadelphia Phillies,False,1989 Topps Baseball Relics	89BR-KS	Kyle Schwarber	Philadelphia Phillies
2024_topps_series1,2024,Topps,Series 1,1989 Topps Baseball Relics,,89BR-LM,1,Luis Matos,San Francisco Giants,False,1989 Topps Baseball Relics	89BR-LM	Luis Matos	San Francisco Giants
2024_topps_series1,2024,Topps,Series 1,1989 Topps Baseball Relics,,89BR-LN,1,Lars Nootbaar,St. Louis Cardinals,False,1989 Topps Baseball Relics	89BR-LN	Lars Nootbaar	St. Louis Cardinals
2024_topps_series1,2024,Topps,Series 1,1989 Topps Baseball Relics,,89BR-MC,1,Miguel Cabrera,Detroit Tigers,False,1989 Topps Baseball Relics	89BR-MC	Miguel Cabrera	Detroit Tigers
2024_topps_series1,2024,Topps,Series 1,1989 Topps Baseball Relics,,89BR-MH,1,Michael Harris II,Atlanta Braves,False,1989 Topps Baseball Relics	89BR-MH	Michael Harris II	Atlanta Braves
2024_topps_series1,2024,Topps,Series 1,1989 Topps Baseball Relics,,89BR-ML,1,Marco Luciano,San Francisco Giants,False,1989 Topps Baseball Relics	89BR-ML	Marco Luciano	San Francisco Giants
2024_topps_series1,2024,Topps,Series 1,1989 Topps Baseball Relics,,89BR-MM,1,Manny Machado,San Diego Padres,False,1989 Topps Baseball Relics	89BR-MM	Manny Machado	San Diego Padres
2024_topps_series1,2024,Topps,Series 1,1989 Topps Baseball Relics,,89BR-MP,1,Mike Piazza,New York Mets,False,1989 Topps Baseball Relics	89BR-MP	Mike Piazza	New York Mets
2024_topps_series1,2024,Topps,Series 1,1989 Topps Baseball Relics,,89BR-MT,1,Mike Trout,Los Angeles Angels,False,1989 Topps Baseball Relics	89BR-MT	Mike Trout	Los Angeles Angels
2024_topps_series1,2024,Topps,Series 1,1989 Topps Baseball Relics,,89BR-NA,1,Nolan Arenado,St. Louis Cardinals,False,1989 Topps Baseball Relics	89BR-NA	Nolan Arenado	St. Louis Cardinals
2024_topps_series1,2024,Topps,Series 1,1989 Topps Baseball Relics,,89BR-NC,1,Nestor Cortes Jr.,New York Yankees,False,1989 Topps Baseball Relics	89BR-NC	Nestor Cortes Jr.	New York Yankees
2024_topps_series1,2024,Topps,Series 1,1989 Topps Baseball Relics,,89BR-NJ,1,Nolan Jones,Colorado Rockies,False,1989 Topps Baseball Relics	89BR-NJ	Nolan Jones	Colorado Rockies
2024_topps_series1,2024,Topps,Series 1,1989 Topps Baseball Relics,,89BR-NP,1,Nick Pratto,Kansas City Royals,False,1989 Topps Baseball Relics	89BR-NP	Nick Pratto	Kansas City Royals
2024_topps_series1,2024,Topps,Series 1,1989 Topps Baseball Relics,,89BR-OA,1,Ozzie Albies,Atlanta Braves,False,1989 Topps Baseball Relics	89BR-OA	Ozzie Albies	Atlanta Braves
2024_topps_series1,2024,Topps,Series 1,1989 Topps Baseball Relics,,89BR-OC,1,Oneil Cruz,Pittsburgh Pirates,False,1989 Topps Baseball Relics	89BR-OC	Oneil Cruz	Pittsburgh Pirates
2024_topps_series1,2024,Topps,Series 1,1989 Topps Baseball Relics,,89BR-OS,1,Ozzie Smith,St. Louis Cardinals,False,1989 Topps Baseball Relics	89BR-OS	Ozzie Smith	St. Louis Cardinals
2024_topps_series1,2024,Topps,Series 1,1989 Topps Baseball Relics,,89BR-PA,1,Pete Alonso,New York Mets,False,1989 Topps Baseball Relics	89BR-PA	Pete Alonso	New York Mets
2024_topps_series1,2024,Topps,Series 1,1989 Topps Baseball Relics,,89BR-PG,1,Paul Goldschmidt,St. Louis Cardinals,False,1989 Topps Baseball Relics	89BR-PG	Paul Goldschmidt	St. Louis Cardinals
2024_topps_series1,2024,Topps,Series 1,1989 Topps Baseball Relics,,89BR-RA,1,Randy Arozarena,Tampa Bay Rays,False,1989 Topps Baseball Relics	89BR-RA	Randy Arozarena	Tampa Bay Rays
2024_topps_series1,2024,Topps,Series 1,1989 Topps Baseball Relics,,89BR-RAJ,1,Ronald Acuña Jr.,Atlanta Braves,False,1989 Topps Baseball Relics	89BR-RAJ	Ronald Acuña Jr.	Atlanta Braves
2024_topps_series1,2024,Topps,Series 1,1989 Topps Baseball Relics,,89BR-RD,1,Rafael Devers,Boston Red Sox,False,1989 Topps Baseball Relics	89BR-RD	Rafael Devers	Boston Red Sox
2024_topps_series1,2024,Topps,Series 1,1989 Topps Baseball Relics,,89BR-RG,1,Riley Greene,Detroit Tigers,False,1989 Topps Baseball Relics	89BR-RG	Riley Greene	Detroit Tigers
2024_topps_series1,2024,Topps,Series 1,1989 Topps Baseball Relics,,89BR-RMO,1,Ryan Mountcastle,Baltimore Orioles,False,1989 Topps Baseball Relics	89BR-RMO	Ryan Mountcastle	Baltimore Orioles
2024_topps_series1,2024,Topps,Series 1,1989 Topps Baseball Relics,,89BR-RS,1,Ryne Sandberg,Chicago Cubs,False,1989 Topps Baseball Relics	89BR-RS	Ryne Sandberg	Chicago Cubs
2024_topps_series1,2024,Topps,Series 1,1989 Topps Baseball Relics,,89BR-SG,1,Sonny Gray,Minnesota Twins,False,1989 Topps Baseball Relics	89BR-SG	Sonny Gray	Minnesota Twins
2024_topps_series1,2024,Topps,Series 1,1989 Topps Baseball Relics,,89BR-SO,1,Shohei Ohtani,Los Angeles Angels,False,1989 Topps Baseball Relics	89BR-SO	Shohei Ohtani	Los Angeles Angels
2024_topps_series1,2024,Topps,Series 1,1989 Topps Baseball Relics,,89BR-SS,1,Sammy Sosa,Chicago Cubs,False,1989 Topps Baseball Relics	89BR-SS	Sammy Sosa	Chicago Cubs
2024_topps_series1,2024,Topps,Series 1,1989 Topps Baseball Relics,,89BR-SSE,1,Seiya Suzuki,Chicago Cubs,False,1989 Topps Baseball Relics	89BR-SSE	Seiya Suzuki	Chicago Cubs
2024_topps_series1,2024,Topps,Series 1,1989 Topps Baseball Relics,,89BR-TG,1,Tony Gwynn,San Diego Padres,False,1989 Topps Baseball Relics	89BR-TG	Tony Gwynn	San Diego Padres
2024_topps_series1,2024,Topps,Series 1,1989 Topps Baseball Relics,,89BR-TT,1,Trea Turner,Philadelphia Phillies,False,1989 Topps Baseball Relics	89BR-TT	Trea Turner	Philadelphia Phillies
2024_topps_series1,2024,Topps,Series 1,1989 Topps Baseball Relics,,89BR-VG,1,Vladimir Guerrero Jr.,Toronto Blue Jays,False,1989 Topps Baseball Relics	89BR-VG	Vladimir Guerrero Jr.	Toronto Blue Jays
2024_topps_series1,2024,Topps,Series 1,1989 Topps Baseball Relics,,89BR-VP,1,Vinnie Pasquantino,Kansas City Royals,False,1989 Topps Baseball Relics	89BR-VP	Vinnie Pasquantino	Kansas City Royals
2024_topps_series1,2024,Topps,Series 1,1989 Topps Baseball Relics,,89BR-WB,1,Wade Boggs,Boston Red Sox,False,1989 Topps Baseball Relics	89BR-WB	Wade Boggs	Boston Red Sox
2024_topps_series1,2024,Topps,Series 1,1989 Topps Baseball Relics,,89BR-WCO,1,Willson Contreras,St. Louis Cardinals,False,1989 Topps Baseball Relics	89BR-WCO	Willson Contreras	St. Louis Cardinals
2024_topps_series1,2024,Topps,Series 1,1989 Topps Baseball Relics,,89BR-XB,1,Xander Bogaerts,San Diego Padres,False,1989 Topps Baseball Relics	89BR-XB	Xander Bogaerts	San Diego Padres
2024_topps_series1,2024,Topps,Series 1,1989 Topps Baseball Relics,,89BR-YA,1,Yordan Alvarez,Houston Astros,False,1989 Topps Baseball Relics	89BR-YA	Yordan Alvarez	Houston Astros
2024_topps_series1,2024,Topps,Series 1,2023 All-Topps Team,,ATT-1,1,Ronald Acuña Jr.,Atlanta Braves,False,2023 All-Topps Team	ATT-1	Ronald Acuña Jr.	Atlanta Braves
2024_topps_series1,2024,Topps,Series 1,2023 All-Topps Team,,ATT-2,1,Julio Rodríguez,Seattle Mariners,False,2023 All-Topps Team	ATT-2	Julio Rodríguez	Seattle Mariners
2024_topps_series1,2024,Topps,Series 1,2023 All-Topps Team,,ATT-3,1,Mookie Betts,Los Angeles Dodgers,False,2023 All-Topps Team	ATT-3	Mookie Betts	Los Angeles Dodgers
2024_topps_series1,2024,Topps,Series 1,2023 All-Topps Team,,ATT-4,1,Matt Olson,Atlanta Braves,False,2023 All-Topps Team	ATT-4	Matt Olson	Atlanta Braves
2024_topps_series1,2024,Topps,Series 1,2023 All-Topps Team,,ATT-5,1,Corey Seager,Texas Rangers,False,2023 All-Topps Team	ATT-5	Corey Seager	Texas Rangers
2024_topps_series1,2024,Topps,Series 1,2023 All-Topps Team,,ATT-6,1,Marcus Semien,Texas Rangers,False,2023 All-Topps Team	ATT-6	Marcus Semien	Texas Rangers
2024_topps_series1,2024,Topps,Series 1,2023 All-Topps Team,,ATT-7,1,José Ramírez,Cleveland Guardians,False,2023 All-Topps Team	ATT-7	José Ramírez	Cleveland Guardians
2024_topps_series1,2024,Topps,Series 1,2023 All-Topps Team,,ATT-8,1,Shohei Ohtani,Los Angeles Angels,False,2023 All-Topps Team	ATT-8	Shohei Ohtani	Los Angeles Angels
2024_topps_series1,2024,Topps,Series 1,2023 All-Topps Team,,ATT-9,1,Adley Rutschman,Baltimore Orioles,False,2023 All-Topps Team	ATT-9	Adley Rutschman	Baltimore Orioles
2024_topps_series1,2024,Topps,Series 1,2023 All-Topps Team,,ATT-10,1,Gerrit Cole,New York Yankees,False,2023 All-Topps Team	ATT-10	Gerrit Cole	New York Yankees
2024_topps_series1,2024,Topps,Series 1,2023 All-Topps Team,,ATT-11,1,Blake Snell,San Diego Padres,False,2023 All-Topps Team	ATT-11	Blake Snell	San Diego Padres
2024_topps_series1,2024,Topps,Series 1,2023 All-Topps Team,,ATT-12,1,Félix Bautista,Baltimore Orioles,False,2023 All-Topps Team	ATT-12	Félix Bautista	Baltimore Orioles
2024_topps_series1,2024,Topps,Series 1,2023 All-Topps Team Autographs,,ATTA-AR,1,Adley Rutschman,Baltimore Orioles,False,2023 All-Topps Team Autographs	ATTA-AR	Adley Rutschman	Baltimore Orioles
2024_topps_series1,2024,Topps,Series 1,2023 All-Topps Team Autographs,,ATTA-GC,1,Gerrit Cole,New York Yankees,False,2023 All-Topps Team Autographs	ATTA-GC	Gerrit Cole	New York Yankees
2024_topps_series1,2024,Topps,Series 1,2023 All-Topps Team Autographs,,ATTA-JR,1,José Ramírez,Cleveland Guardians,False,2023 All-Topps Team Autographs	ATTA-JR	José Ramírez	Cleveland Guardians
2024_topps_series1,2024,Topps,Series 1,2023 All-Topps Team Autographs,,ATTA-JROD,1,Julio Rodríguez,Seattle Mariners,False,2023 All-Topps Team Autographs	ATTA-JROD	Julio Rodríguez	Seattle Mariners
2024_topps_series1,2024,Topps,Series 1,2023 All-Topps Team Autographs,,ATTA-MO,1,Matt Olson,Atlanta Braves,False,2023 All-Topps Team Autographs	ATTA-MO	Matt Olson	Atlanta Braves
2024_topps_series1,2024,Topps,Series 1,2023 All-Topps Team Autographs,,ATTA-MS,1,Marcus Semien,Texas Rangers,False,2023 All-Topps Team Autographs	ATTA-MS	Marcus Semien	Texas Rangers
2024_topps_series1,2024,Topps,Series 1,2023 All-Topps Team Autographs,,ATTA-RA,1,Ronald Acuña Jr.,Atlanta Braves,False,2023 All-Topps Team Autographs	ATTA-RA	Ronald Acuña Jr.	Atlanta Braves
2024_topps_series1,2024,Topps,Series 1,2023 All-Topps Team Autographs,,ATTA-SNE,1,Blake Snell,San Diego Padres,False,2023 All-Topps Team Autographs	ATTA-SNE	Blake Snell	San Diego Padres
2024_topps_series1,2024,Topps,Series 1,2023 All-Topps Team Autographs,,ATTA-SO,1,Shohei Ohtani,Los Angeles Angels,False,2023 All-Topps Team Autographs	ATTA-SO	Shohei Ohtani	Los Angeles Angels
2024_topps_series1,2024,Topps,Series 1,2023 Greatest Hits,,23GH-1,1,Christopher Morel,Chicago Cubs,False,2023 Greatest Hits	23GH-1	Christopher Morel	Chicago Cubs
2024_topps_series1,2024,Topps,Series 1,2023 Greatest Hits,,23GH-2,1,Aaron Judge,New York Yankees,False,2023 Greatest Hits	23GH-2	Aaron Judge	New York Yankees
2024_topps_series1,2024,Topps,Series 1,2023 Greatest Hits,,23GH-3,1,Matt Olson,Atlanta Braves,False,2023 Greatest Hits	23GH-3	Matt Olson	Atlanta Braves
2024_topps_series1,2024,Topps,Series 1,2023 Greatest Hits,,23GH-4,1,José Ramírez,Cleveland Guardians,False,2023 Greatest Hits	23GH-4	José Ramírez	Cleveland Guardians
2024_topps_series1,2024,Topps,Series 1,2023 Greatest Hits,,23GH-5,1,Ronald Acuña Jr.,Atlanta Braves,False,2023 Greatest Hits	23GH-5	Ronald Acuña Jr.	Atlanta Braves
2024_topps_series1,2024,Topps,Series 1,2023 Greatest Hits,,23GH-6,1,Luis Arraez,Miami Marlins,False,2023 Greatest Hits	23GH-6	Luis Arraez	Miami Marlins
2024_topps_series1,2024,Topps,Series 1,2023 Greatest Hits,,23GH-7,1,Chas McCormick,Houston Astros,False,2023 Greatest Hits	23GH-7	Chas McCormick	Houston Astros
2024_topps_series1,2024,Topps,Series 1,2023 Greatest Hits,,23GH-8,1,Ronald Acuña Jr.,Atlanta Braves,False,2023 Greatest Hits	23GH-8	Ronald Acuña Jr.	Atlanta Braves
2024_topps_series1,2024,Topps,Series 1,2023 Greatest Hits,,23GH-9,1,Bobby Witt Jr.,Kansas City Royals,False,2023 Greatest Hits	23GH-9	Bobby Witt Jr.	Kansas City Royals
2024_topps_series1,2024,Topps,Series 1,2023 Greatest Hits,,23GH-10,1,Jose Altuve,Houston Astros,False,2023 Greatest Hits	23GH-10	Jose Altuve	Houston Astros
2024_topps_series1,2024,Topps,Series 1,2023 Greatest Hits,,23GH-11,1,Kyle Tucker,Houston Astros,False,2023 Greatest Hits	23GH-11	Kyle Tucker	Houston Astros
2024_topps_series1,2024,Topps,Series 1,2023 Greatest Hits,,23GH-12,1,Shohei Ohtani,Los Angeles Angels,False,2023 Greatest Hits	23GH-12	Shohei Ohtani	Los Angeles Angels
2024_topps_series1,2024,Topps,Series 1,2023 Greatest Hits,,23GH-13,1,Shohei Ohtani,Los Angeles Angels,False,2023 Greatest Hits	23GH-13	Shohei Ohtani	Los Angeles Angels
2024_topps_series1,2024,Topps,Series 1,2023 Greatest Hits,,23GH-14,1,Shohei Ohtani,Los Angeles Angels,False,2023 Greatest Hits	23GH-14	Shohei Ohtani	Los Angeles Angels
2024_topps_series1,2024,Topps,Series 1,2023 Greatest Hits,,23GH-15,1,Ha-Seong Kim,San Diego Padres,False,2023 Greatest Hits	23GH-15	Ha-Seong Kim	San Diego Padres
2024_topps_series1,2024,Topps,Series 1,2023 Greatest Hits,,23GH-16,1,Mookie Betts,Los Angeles Dodgers,False,2023 Greatest Hits	23GH-16	Mookie Betts	Los Angeles Dodgers
2024_topps_series1,2024,Topps,Series 1,2023 Greatest Hits,,23GH-17,1,Julio Rodríguez,Seattle Mariners,False,2023 Greatest Hits	23GH-17	Julio Rodríguez	Seattle Mariners
2024_topps_series1,2024,Topps,Series 1,2023 Greatest Hits,,23GH-18,1,Gunnar Henderson,Baltimore Orioles,False,2023 Greatest Hits	23GH-18	Gunnar Henderson	Baltimore Orioles
2024_topps_series1,2024,Topps,Series 1,2023 Greatest Hits,,23GH-19,1,Jose Altuve,Houston Astros,False,2023 Greatest Hits	23GH-19	Jose Altuve	Houston Astros
2024_topps_series1,2024,Topps,Series 1,2023 Greatest Hits,,23GH-20,1,Bobby Witt Jr.,Kansas City Royals,False,2023 Greatest Hits	23GH-20	Bobby Witt Jr.	Kansas City Royals
2024_topps_series1,2024,Topps,Series 1,2023 Greatest Hits,,23GH-21,1,Pete Alonso,New York Mets,False,2023 Greatest Hits	23GH-21	Pete Alonso	New York Mets
2024_topps_series1,2024,Topps,Series 1,2023 Greatest Hits,,23GH-22,1,Adolis García,Texas Rangers,False,2023 Greatest Hits	23GH-22	Adolis García	Texas Rangers
2024_topps_series1,2024,Topps,Series 1,2023 Greatest Hits,,23GH-23,1,Royce Lewis,Minnesota Twins,False,2023 Greatest Hits	23GH-23	Royce Lewis	Minnesota Twins
2024_topps_series1,2024,Topps,Series 1,2023 Greatest Hits,,23GH-24,1,Miguel Cabrera,Detroit Tigers,False,2023 Greatest Hits	23GH-24	Miguel Cabrera	Detroit Tigers
2024_topps_series1,2024,Topps,Series 1,2023 Greatest Hits,,23GH-25,1,Elly De La Cruz,Cincinnati Reds,False,2023 Greatest Hits	23GH-25	Elly De La Cruz	Cincinnati Reds
2024_topps_series1,2024,Topps,Series 1,2023 Greatest Hits,,23GH-26,1,Jasson Domínguez,New York Yankees,False,2023 Greatest Hits	23GH-26	Jasson Domínguez	New York Yankees
2024_topps_series1,2024,Topps,Series 1,2023 Greatest Hits,,23GH-27,1,Aaron Judge,New York Yankees,False,2023 Greatest Hits	23GH-27	Aaron Judge	New York Yankees
2024_topps_series1,2024,Topps,Series 1,2023 Greatest Hits,,23GH-28,1,Mookie Betts,Los Angeles Dodgers,False,2023 Greatest Hits	23GH-28	Mookie Betts	Los Angeles Dodgers
2024_topps_series1,2024,Topps,Series 1,2023 Greatest Hits,,23GH-29,1,Sal Frelick,Milwaukee Brewers,False,2023 Greatest Hits	23GH-29	Sal Frelick	Milwaukee Brewers
2024_topps_series1,2024,Topps,Series 1,2023 Greatest Hits,,23GH-30,1,Noelvi Marte,Cincinnati Reds,False,2023 Greatest Hits	23GH-30	Noelvi Marte	Cincinnati Reds
2024_topps_series1,2024,Topps,Series 1,2023 Greatest Hits,,23GH-31,1,James Outman,Los Angeles Dodgers,False,2023 Greatest Hits	23GH-31	James Outman	Los Angeles Dodgers
2024_topps_series1,2024,Topps,Series 1,2023 Greatest Hits Autographs,,GHA-BW,1,Bobby Witt Jr.,Kansas City Royals,False,2023 Greatest Hits Autographs	GHA-BW	Bobby Witt Jr.	Kansas City Royals
2024_topps_series1,2024,Topps,Series 1,2023 Greatest Hits Autographs,,GHA-BWJ,1,Bobby Witt Jr.,Kansas City Royals,False,2023 Greatest Hits Autographs	GHA-BWJ	Bobby Witt Jr.	Kansas City Royals
2024_topps_series1,2024,Topps,Series 1,2023 Greatest Hits Autographs,,GHA-CM,1,Christopher Morel,Chicago Cubs,False,2023 Greatest Hits Autographs	GHA-CM	Christopher Morel	Chicago Cubs
2024_topps_series1,2024,Topps,Series 1,2023 Greatest Hits Autographs,,GHA-CMC,1,Chas McCormick,Houston Astros,False,2023 Greatest Hits Autographs	GHA-CMC	Chas McCormick	Houston Astros
2024_topps_series1,2024,Topps,Series 1,2023 Greatest Hits Autographs,,GHA-EDLC,1,Elly De La Cruz,Cincinnati Reds,False,2023 Greatest Hits Autographs	GHA-EDLC	Elly De La Cruz	Cincinnati Reds
2024_topps_series1,2024,Topps,Series 1,2023 Greatest Hits Autographs,,GHA-JA,1,Jose Altuve,Houston Astros,False,2023 Greatest Hits Autographs	GHA-JA	Jose Altuve	Houston Astros
2024_topps_series1,2024,Topps,Series 1,2023 Greatest Hits Autographs,,GHA-JDO,1,Jasson Domínguez,New York Yankees,False,2023 Greatest Hits Autographs	GHA-JDO	Jasson Domínguez	New York Yankees
2024_topps_series1,2024,Topps,Series 1,2023 Greatest Hits Autographs,,GHA-JO,1,James Outman,Los Angeles Dodgers,False,2023 Greatest Hits Autographs	GHA-JO	James Outman	Los Angeles Dodgers
2024_topps_series1,2024,Topps,Series 1,2023 Greatest Hits Autographs,,GHA-JOA,1,Jose Altuve,Houston Astros,False,2023 Greatest Hits Autographs	GHA-JOA	Jose Altuve	Houston Astros
2024_topps_series1,2024,Topps,Series 1,2023 Greatest Hits Autographs,,GHA-JR,1,José Ramírez,Cleveland Guardians,False,2023 Greatest Hits Autographs	GHA-JR	José Ramírez	Cleveland Guardians
2024_topps_series1,2024,Topps,Series 1,2023 Greatest Hits Autographs,,GHA-JROD,1,Julio Rodríguez,Seattle Mariners,False,2023 Greatest Hits Autographs	GHA-JROD	Julio Rodríguez	Seattle Mariners
2024_topps_series1,2024,Topps,Series 1,2023 Greatest Hits Autographs,,GHA-LA,1,Luis Arraez,Miami Marlins,False,2023 Greatest Hits Autographs	GHA-LA	Luis Arraez	Miami Marlins
2024_topps_series1,2024,Topps,Series 1,2023 Greatest Hits Autographs,,GHA-MO,1,Matt Olson,Atlanta Braves,False,2023 Greatest Hits Autographs	GHA-MO	Matt Olson	Atlanta Braves
2024_topps_series1,2024,Topps,Series 1,2023 Greatest Hits Autographs,,GHA-NOM,1,Noelvi Marte,Cincinnati Reds,False,2023 Greatest Hits Autographs	GHA-NOM	Noelvi Marte	Cincinnati Reds
2024_topps_series1,2024,Topps,Series 1,2023 Greatest Hits Autographs,,GHA-PEA,1,Pete Alonso,New York Mets,False,2023 Greatest Hits Autographs	GHA-PEA	Pete Alonso	New York Mets
2024_topps_series1,2024,Topps,Series 1,2023 Greatest Hits Autographs,,GHA-RAJ,1,Ronald Acuña Jr.,Atlanta Braves,False,2023 Greatest Hits Autographs	GHA-RAJ	Ronald Acuña Jr.	Atlanta Braves
2024_topps_series1,2024,Topps,Series 1,2023 Greatest Hits Autographs,,GHA-RAJ2,1,Ronald Acuña Jr.,Atlanta Braves,False,2023 Greatest Hits Autographs	GHA-RAJ2	Ronald Acuña Jr.	Atlanta Braves
2024_topps_series1,2024,Topps,Series 1,2023 Greatest Hits Autographs,,GHA-ROL,1,Royce Lewis,Minnesota Twins,False,2023 Greatest Hits Autographs	GHA-ROL	Royce Lewis	Minnesota Twins
2024_topps_series1,2024,Topps,Series 1,2023 Greatest Hits Autographs,,GHA-SF,1,Sal Frelick,Milwaukee Brewers,False,2023 Greatest Hits Autographs	GHA-SF	Sal Frelick	Milwaukee Brewers
2024_topps_series1,2024,Topps,Series 1,2023 Greatest Hits Autographs,,GHA-SO1,1,Shohei Ohtani,Los Angeles Angels,False,2023 Greatest Hits Autographs	GHA-SO1	Shohei Ohtani	Los Angeles Angels
2024_topps_series1,2024,Topps,Series 1,2023 Greatest Hits Autographs,,GHA-SO2,1,Shohei Ohtani,Los Angeles Angels,False,2023 Greatest Hits Autographs	GHA-SO2	Shohei Ohtani	Los Angeles Angels
2024_topps_series1,2024,Topps,Series 1,2023 Greatest Hits Autographs,,GHA-SO3,1,Shohei Ohtani,Los Angeles Angels,False,2023 Greatest Hits Autographs	GHA-SO3	Shohei Ohtani	Los Angeles Angels
2024_topps_series1,2024,Topps,Series 1,Baseball Stars Autographs,,BSA-AA,1,Andrew Abbott,Cincinnati Reds,False,Baseball Stars Autographs	BSA-AA	Andrew Abbott	Cincinnati Reds
2024_topps_series1,2024,Topps,Series 1,Baseball Stars Autographs,,BSA-AK,1,Alex Kirilloff,Minnesota Twins,False,Baseball Stars Autographs	BSA-AK	Alex Kirilloff	Minnesota Twins
2024_topps_series1,2024,Topps,Series 1,Baseball Stars Autographs,,BSA-AS,1,AJ Smith-Shawver,Atlanta Braves,False,Baseball Stars Autographs	BSA-AS	AJ Smith-Shawver	Atlanta Braves
2024_topps_series1,2024,Topps,Series 1,Baseball Stars Autographs,,BSA-AT,1,Alek Thomas,Arizona Diamondbacks,False,Baseball Stars Autographs	BSA-AT	Alek Thomas	Arizona Diamondbacks
2024_topps_series1,2024,Topps,Series 1,Baseball Stars Autographs,,BSA-BA,1,Bryan Abreu,Houston Astros,False,Baseball Stars Autographs	BSA-BA	Bryan Abreu	Houston Astros
2024_topps_series1,2024,Topps,Series 1,Baseball Stars Autographs,,BSA-BAS,1,Osleivis Basabe,Tampa Bay Rays,False,Baseball Stars Autographs	BSA-BAS	Osleivis Basabe	Tampa Bay Rays
2024_topps_series1,2024,Topps,Series 1,Baseball Stars Autographs,,BSA-BB,1,Byron Buxton,Minnesota Twins,False,Baseball Stars Autographs	BSA-BB	Byron Buxton	Minnesota Twins
2024_topps_series1,2024,Topps,Series 1,Baseball Stars Autographs,,BSA-BD,1,Brendan Donovan,St. Louis Cardinals,False,Baseball Stars Autographs	BSA-BD	Brendan Donovan	St. Louis Cardinals
2024_topps_series1,2024,Topps,Series 1,Baseball Stars Autographs,,BSA-BDO,1,Brenton Doyle,Colorado Rockies,False,Baseball Stars Autographs	BSA-BDO	Brenton Doyle	Colorado Rockies
2024_topps_series1,2024,Topps,Series 1,Baseball Stars Autographs,,BSA-BE,1,Bryce Elder,Atlanta Braves,False,Baseball Stars Autographs	BSA-BE	Bryce Elder	Atlanta Braves
2024_topps_series1,2024,Topps,Series 1,Baseball Stars Autographs,,BSA-BWO,1,Bryan Woo,Seattle Mariners,False,Baseball Stars Autographs	BSA-BWO	Bryan Woo	Seattle Mariners
2024_topps_series1,2024,Topps,Series 1,Baseball Stars Autographs,,BSA-CAM,1,Junior Caminero,Tampa Bay Rays,False,Baseball Stars Autographs	BSA-CAM	Junior Caminero	Tampa Bay Rays
2024_topps_series1,2024,Topps,Series 1,Baseball Stars Autographs,,BSA-CC,1,Colton Cowser,Baltimore Orioles,False,Baseball Stars Autographs	BSA-CC	Colton Cowser	Baltimore Orioles
2024_topps_series1,2024,Topps,Series 1,Baseball Stars Autographs,,BSA-CE,1,Christian Encarnacion-Stra,Cincinnati Reds,False,Baseball Stars Autographs	BSA-CE	Christian Encarnacion-Stra	Cincinnati Reds
2024_topps_series1,2024,Topps,Series 1,Baseball Stars Autographs,,BSA-CM,1,Curtis Mead,Tampa Bay Rays,False,Baseball Stars Autographs	BSA-CM	Curtis Mead	Tampa Bay Rays
2024_topps_series1,2024,Topps,Series 1,Baseball Stars Autographs,,BSA-CON,1,Connor Phillips,Cincinnati Reds,False,Baseball Stars Autographs	BSA-CON	Connor Phillips	Cincinnati Reds
2024_topps_series1,2024,Topps,Series 1,Baseball Stars Autographs,,BSA-CS,1,Casey Schmitt,San Francisco Giants,False,Baseball Stars Autographs	BSA-CS	Casey Schmitt	San Francisco Giants
2024_topps_series1,2024,Topps,Series 1,Baseball Stars Autographs,,BSA-CSC,1,Clarke Schmidt,New York Yankees,False,Baseball Stars Autographs	BSA-CSC	Clarke Schmidt	New York Yankees
2024_topps_series1,2024,Topps,Series 1,,,Baseball Stars Autographs,1,BSA-CT,Chris Taylor,False,Baseball Stars Autographs	BSA-CT	Chris Taylor
2024_topps_series1,2024,Topps,Series 1,Baseball Stars Autographs,,BSA-DB,1,David Bednar,Pittsburgh Pirates,False,Baseball Stars Autographs	BSA-DB	David Bednar	Pittsburgh Pirates
2024_topps_series1,2024,Topps,Series 1,Baseball Stars Autographs,,BSA-DC,1,Dylan Carlson,St. Louis Cardinals,False,Baseball Stars Autographs	BSA-DC	Dylan Carlson	St. Louis Cardinals
2024_topps_series1,2024,Topps,Series 1,Baseball Stars Autographs,,BSA-DM,1,Dustin May,Los Angeles Dodgers,False,Baseball Stars Autographs	BSA-DM	Dustin May	Los Angeles Dodgers
2024_topps_series1,2024,Topps,Series 1,Baseball Stars Autographs,,BSA-DP,1,Daniel Palencia,Chicago Cubs,False,Baseball Stars Autographs	BSA-DP	Daniel Palencia	Chicago Cubs
2024_topps_series1,2024,Topps,Series 1,Baseball Stars Autographs,,BSA-DS,1,Darryl Strawberry,New York Mets,False,Baseball Stars Autographs	BSA-DS	Darryl Strawberry	New York Mets
2024_topps_series1,2024,Topps,Series 1,Baseball Stars Autographs,,BSA-DV,1,Daulton Varsho,Toronto Blue Jays,False,Baseball Stars Autographs	BSA-DV	Daulton Varsho	Toronto Blue Jays
2024_topps_series1,2024,Topps,Series 1,Baseball Stars Autographs,,BSA-ED,1,Elly De La Cruz,Cincinnati Reds,False,Baseball Stars Autographs	BSA-ED	Elly De La Cruz	Cincinnati Reds
2024_topps_series1,2024,Topps,Series 1,Baseball Stars Autographs,,BSA-ER,1,Endy Rodríguez,Pittsburgh Pirates,False,Baseball Stars Autographs	BSA-ER	Endy Rodríguez	Pittsburgh Pirates
2024_topps_series1,2024,Topps,Series 1,Baseball Stars Autographs,,BSA-EVE,1,Everson Pereira,New York Yankees,False,Baseball Stars Autographs	BSA-EVE	Everson Pereira	New York Yankees
2024_topps_series1,2024,Topps,Series 1,Baseball Stars Autographs,,BSA-GW,1,Gavin Williams,Cleveland Guardians,False,Baseball Stars Autographs	BSA-GW	Gavin Williams	Cleveland Guardians
2024_topps_series1,2024,Topps,Series 1,Baseball Stars Autographs,,BSA-HAN,1,Emerson Hancock,Seattle Mariners,False,Baseball Stars Autographs	BSA-HAN	Emerson Hancock	Seattle Mariners
2024_topps_series1,2024,Topps,Series 1,Baseball Stars Autographs,,BSA-HD,1,Henry Davis,Pittsburgh Pirates,False,Baseball Stars Autographs	BSA-HD	Henry Davis	Pittsburgh Pirates
2024_topps_series1,2024,Topps,Series 1,Baseball Stars Autographs,,BSA-HR,1,Hanley Ramirez,Florida Marlins,False,Baseball Stars Autographs	BSA-HR	Hanley Ramirez	Florida Marlins
2024_topps_series1,2024,Topps,Series 1,Baseball Stars Autographs,,BSA-JAS,1,Jasson Domínguez,New York Yankees,False,Baseball Stars Autographs	BSA-JAS	Jasson Domínguez	New York Yankees
2024_topps_series1,2024,Topps,Series 1,Baseball Stars Autographs,,BSA-JB,1,Jake Burger,Miami Marlins,False,Baseball Stars Autographs	BSA-JB	Jake Burger	Miami Marlins
2024_topps_series1,2024,Topps,Series 1,Baseball Stars Autographs,,BSA-JCA,1,Jose Canseco,Oakland Athletics,False,Baseball Stars Autographs	BSA-JCA	Jose Canseco	Oakland Athletics
2024_topps_series1,2024,Topps,Series 1,Baseball Stars Autographs,,BSA-JFN,1,José Fermín,St. Louis Cardinals,False,Baseball Stars Autographs	BSA-JFN	José Fermín	St. Louis Cardinals
2024_topps_series1,2024,Topps,Series 1,Baseball Stars Autographs,,BSA-JI,1,Jonathan India,Cincinnati Reds,False,Baseball Stars Autographs	BSA-JI	Jonathan India	Cincinnati Reds
2024_topps_series1,2024,Topps,Series 1,Baseball Stars Autographs,,BSA-JK,1,Jarred Kelenic,Seattle Mariners,False,Baseball Stars Autographs	BSA-JK	Jarred Kelenic	Seattle Mariners
2024_topps_series1,2024,Topps,Series 1,Baseball Stars Autographs,,BSA-JL,1,Jordan Lawlar,Arizona Diamondbacks,False,Baseball Stars Autographs	BSA-JL	Jordan Lawlar	Arizona Diamondbacks
2024_topps_series1,2024,Topps,Series 1,Baseball Stars Autographs,,BSA-JLO,1,Josh Lowe,Tampa Bay Rays,False,Baseball Stars Autographs	BSA-JLO	Josh Lowe	Tampa Bay Rays
2024_topps_series1,2024,Topps,Series 1,Baseball Stars Autographs,,BSA-JM,1,Justin Morneau,Minnesota Twins,False,Baseball Stars Autographs	BSA-JM	Justin Morneau	Minnesota Twins
2024_topps_series1,2024,Topps,Series 1,Baseball Stars Autographs,,BSA-JN,1,Josh Naylor,Cleveland Guardians,False,Baseball Stars Autographs	BSA-JN	Josh Naylor	Cleveland Guardians
2024_topps_series1,2024,Topps,Series 1,Baseball Stars Autographs,,BSA-JR,1,Jimmy Rollins,Philadelphia Phillies,False,Baseball Stars Autographs	BSA-JR	Jimmy Rollins	Philadelphia Phillies
2024_topps_series1,2024,Topps,Series 1,Baseball Stars Autographs,,BSA-JS,1,Jorge Soler,Miami Marlins,False,Baseball Stars Autographs	BSA-JS	Jorge Soler	Miami Marlins
2024_topps_series1,2024,Topps,Series 1,Baseball Stars Autographs,,BSA-JWE,1,Jordan Westburg,Baltimore Orioles,False,Baseball Stars Autographs	BSA-JWE	Jordan Westburg	Baltimore Orioles
2024_topps_series1,2024,Topps,Series 1,Baseball Stars Autographs,,BSA-JWF,1,Jackson Wolf,Pittsburgh Pirates,False,Baseball Stars Autographs	BSA-JWF	Jackson Wolf	Pittsburgh Pirates
2024_topps_series1,2024,Topps,Series 1,Baseball Stars Autographs,,BSA-JWI,1,Joey Wiemer,Milwaukee Brewers,False,Baseball Stars Autographs	BSA-JWI	Joey Wiemer	Milwaukee Brewers
2024_topps_series1,2024,Topps,Series 1,Baseball Stars Autographs,,BSA-KH,1,Ke'Bryan Hayes,Pittsburgh Pirates,False,Baseball Stars Autographs	BSA-KH	Ke'Bryan Hayes	Pittsburgh Pirates
2024_topps_series1,2024,Topps,Series 1,Baseball Stars Autographs,,BSA-KHA,1,Kyle Harrison,San Francisco Giants,False,Baseball Stars Autographs	BSA-KHA	Kyle Harrison	San Francisco Giants
2024_topps_series1,2024,Topps,Series 1,Baseball Stars Autographs,,BSA-LM,1,Luis Matos,San Francisco Giants,False,Baseball Stars Autographs	BSA-LM	Luis Matos	San Francisco Giants
2024_topps_series1,2024,Topps,Series 1,Baseball Stars Autographs,,BSA-LN,1,Lars Nootbaar,St. Louis Cardinals,False,Baseball Stars Autographs	BSA-LN	Lars Nootbaar	St. Louis Cardinals
2024_topps_series1,2024,Topps,Series 1,Baseball Stars Autographs,,BSA-LOF,1,Nick Loftin,Kansas City Royals,False,Baseball Stars Autographs	BSA-LOF	Nick Loftin	Kansas City Royals
2024_topps_series1,2024,Topps,Series 1,Baseball Stars Autographs,,BSA-MCO,1,Michael Conforto,San Francisco Giants,False,Baseball Stars Autographs	BSA-MCO	Michael Conforto	San Francisco Giants
2024_topps_series1,2024,Topps,Series 1,Baseball Stars Autographs,,BSA-MEA,1,Parker Meadows,Detroit Tigers,False,Baseball Stars Autographs	BSA-MEA	Parker Meadows	Detroit Tigers
2024_topps_series1,2024,Topps,Series 1,Baseball Stars Autographs,,BSA-MG,1,MacKenzie Gore,Washington Nationals,False,Baseball Stars Autographs	BSA-MG	MacKenzie Gore	Washington Nationals
2024_topps_series1,2024,Topps,Series 1,Baseball Stars Autographs,,BSA-MH,1,Matt Holliday,St. Louis Cardinals,False,Baseball Stars Autographs	BSA-MH	Matt Holliday	St. Louis Cardinals
2024_topps_series1,2024,Topps,Series 1,Baseball Stars Autographs,,BSA-MMC,1,Matt McLain,Cincinnati Reds,False,Baseball Stars Autographs	BSA-MMC	Matt McLain	Cincinnati Reds
2024_topps_series1,2024,Topps,Series 1,Baseball Stars Autographs,,BSA-MMI,1,Miles Mikolas,St. Louis Cardinals,False,Baseball Stars Autographs	BSA-MMI	Miles Mikolas	St. Louis Cardinals
2024_topps_series1,2024,Topps,Series 1,Baseball Stars Autographs,,BSA-MMO,1,Mickey Moniak,Los Angeles Angels,False,Baseball Stars Autographs	BSA-MMO	Mickey Moniak	Los Angeles Angels
2024_topps_series1,2024,Topps,Series 1,Baseball Stars Autographs,,BSA-MT,1,Mark Teixeira,New York Yankees,False,Baseball Stars Autographs	BSA-MT	Mark Teixeira	New York Yankees
2024_topps_series1,2024,Topps,Series 1,Baseball Stars Autographs,,BSA-NG,1,Nick Gonzales,Pittsburgh Pirates,False,Baseball Stars Autographs	BSA-NG	Nick Gonzales	Pittsburgh Pirates
2024_topps_series1,2024,Topps,Series 1,Baseball Stars Autographs,,BSA-NH,1,Nico Hoerner,Chicago Cubs,False,Baseball Stars Autographs	BSA-NH	Nico Hoerner	Chicago Cubs
2024_topps_series1,2024,Topps,Series 1,Baseball Stars Autographs,,BSA-NOE,1,Noelvi Marte,Cincinnati Reds,False,Baseball Stars Autographs	BSA-NOE	Noelvi Marte	Cincinnati Reds
2024_topps_series1,2024,Topps,Series 1,Baseball Stars Autographs,,BSA-OW,1,Owen White,Texas Rangers,False,Baseball Stars Autographs	BSA-OW	Owen White	Texas Rangers
2024_topps_series1,2024,Topps,Series 1,Baseball Stars Autographs,,BSA-PB,1,Prelander Berroa,Seattle Mariners,False,Baseball Stars Autographs	BSA-PB	Prelander Berroa	Seattle Mariners
2024_topps_series1,2024,Topps,Series 1,Baseball Stars Autographs,,BSA-PF,1,Prince Fielder,Milwaukee Brewers,False,Baseball Stars Autographs	BSA-PF	Prince Fielder	Milwaukee Brewers
2024_topps_series1,2024,Topps,Series 1,Baseball Stars Autographs,,BSA-PO,1,Paul O'Neill,New York Yankees,False,Baseball Stars Autographs	BSA-PO	Paul O'Neill	New York Yankees
2024_topps_series1,2024,Topps,Series 1,Baseball Stars Autographs,,BSA-QP,1,Quinn Priester,Pittsburgh Pirates,False,Baseball Stars Autographs	BSA-QP	Quinn Priester	Pittsburgh Pirates
2024_topps_series1,2024,Topps,Series 1,Baseball Stars Autographs,,BSA-RA,1,Rick Ankiel,St. Louis Cardinals,False,Baseball Stars Autographs	BSA-RA	Rick Ankiel	St. Louis Cardinals
2024_topps_series1,2024,Topps,Series 1,Baseball Stars Autographs,,BSA-RAF,1,Ceddanne Rafaela,Boston Red Sox,False,Baseball Stars Autographs	BSA-RAF	Ceddanne Rafaela	Boston Red Sox
2024_topps_series1,2024,Topps,Series 1,Baseball Stars Autographs,,BSA-RD,1,Reid Detmers,Los Angeles Angels,False,Baseball Stars Autographs	BSA-RD	Reid Detmers	Los Angeles Angels
2024_topps_series1,2024,Topps,Series 1,Baseball Stars Autographs,,BSA-RH,1,Ryan Howard,Philadelphia Phillies,False,Baseball Stars Autographs	BSA-RH	Ryan Howard	Philadelphia Phillies
2024_topps_series1,2024,Topps,Series 1,Baseball Stars Autographs,,BSA-SB,1,Shane Baz,Tampa Bay Rays,False,Baseball Stars Autographs	BSA-SB	Shane Baz	Tampa Bay Rays
2024_topps_series1,2024,Topps,Series 1,Baseball Stars Autographs,,BSA-SCH,1,Davis Schneider,Toronto Blue Jays,False,Baseball Stars Autographs	BSA-SCH	Davis Schneider	Toronto Blue Jays
2024_topps_series1,2024,Topps,Series 1,Baseball Stars Autographs,,BSA-SF,1,Sal Frelick,Milwaukee Brewers,False,Baseball Stars Autographs	BSA-SF	Sal Frelick	Milwaukee Brewers
2024_topps_series1,2024,Topps,Series 1,Baseball Stars Autographs,,BSA-SM,1,Shane McClanahan,Tampa Bay Rays,False,Baseball Stars Autographs	BSA-SM	Shane McClanahan	Tampa Bay Rays
2024_topps_series1,2024,Topps,Series 1,Baseball Stars Autographs,,BSA-SMA,1,Starling Marte,New York Mets,False,Baseball Stars Autographs	BSA-SMA	Starling Marte	New York Mets
2024_topps_series1,2024,Topps,Series 1,Baseball Stars Autographs,,BSA-TG,1,Tony Gonsolin,Los Angeles Dodgers,False,Baseball Stars Autographs	BSA-TG	Tony Gonsolin	Los Angeles Dodgers
2024_topps_series1,2024,Topps,Series 1,Baseball Stars Autographs,,BSA-TMC,1,Triston McKenzie,Cleveland Guardians,False,Baseball Stars Autographs	BSA-TMC	Triston McKenzie	Cleveland Guardians
2024_topps_series1,2024,Topps,Series 1,Baseball Stars Autographs,,BSA-TS,1,Tyler Soderstrom,Oakland Athletics,False,Baseball Stars Autographs	BSA-TS	Tyler Soderstrom	Oakland Athletics
2024_topps_series1,2024,Topps,Series 1,Baseball Stars Autographs,,BSA-VG,1,Vladimir Guerrero Jr.,Toronto Blue Jays,False,Baseball Stars Autographs	BSA-VG	Vladimir Guerrero Jr.	Toronto Blue Jays
2024_topps_series1,2024,Topps,Series 1,Baseball Stars Autographs,,BSA-VIN,1,Darius Vines,Atlanta Braves,False,Baseball Stars Autographs	BSA-VIN	Darius Vines	Atlanta Braves
2024_topps_series1,2024,Topps,Series 1,Baseball Stars Autographs,,BSA-WAB,1,Wilyer Abreu,Boston Red Sox,False,Baseball Stars Autographs	BSA-WAB	Wilyer Abreu	Boston Red Sox
2024_topps_series1,2024,Topps,Series 1,Baseball Stars Autographs,,BSA-WEL,1,Austin Wells,New York Yankees,False,Baseball Stars Autographs	BSA-WEL	Austin Wells	New York Yankees
2024_topps_series1,2024,Topps,Series 1,Baseball Stars Autographs,,BSA-WIC,1,Jordan Wicks,Chicago Cubs,False,Baseball Stars Autographs	BSA-WIC	Jordan Wicks	Chicago Cubs
2024_topps_series1,2024,Topps,Series 1,Baseball Stars Autographs,,BSA-WME,1,Wade Meckler,San Francisco Giants,False,Baseball Stars Autographs	BSA-WME	Wade Meckler	San Francisco Giants
2024_topps_series1,2024,Topps,Series 1,Baseball Stars Autographs,,BSA-ZG,1,Zack Gelof,Oakland Athletics,False,Baseball Stars Autographs	BSA-ZG	Zack Gelof	Oakland Athletics
2024_topps_series1,2024,Topps,Series 1,Baseball Stars Autographs,,BSA-ZN,1,Zach Neto,Los Angeles Angels,False,Baseball Stars Autographs	BSA-ZN	Zach Neto	Los Angeles Angels
2024_topps_series1,2024,Topps,Series 1,Baseball Stars Dual Autographs,,BSDA-BAB,1,Craig Biggio,Houston Astros,True,Baseball Stars Dual Autographs	BSDA-BAB	Craig Biggio / Jeff Bagwell	Houston Astros
2024_topps_series1,2024,Topps,Series 1,Baseball Stars Dual Autographs,,BSDA-BAB,2,Jeff Bagwell,Houston Astros,True,Baseball Stars Dual Autographs	BSDA-BAB	Craig Biggio / Jeff Bagwell	Houston Astros
2024_topps_series1,2024,Topps,Series 1,Baseball Stars Dual Autographs,,BSDA-BEV,1,Johnny Bench,Cincinnati Reds,True,Baseball Stars Dual Autographs	BSDA-BEV	Johnny Bench / Joey Votto	Cincinnati Reds
2024_topps_series1,2024,Topps,Series 1,Baseball Stars Dual Autographs,,BSDA-BEV,2,Joey Votto,Cincinnati Reds,True,Baseball Stars Dual Autographs	BSDA-BEV	Johnny Bench / Joey Votto	Cincinnati Reds
2024_topps_series1,2024,Topps,Series 1,Baseball Stars Dual Autographs,,BSDA-BOC,1,Wade Boggs,Boston Red Sox,True,Baseball Stars Dual Autographs	BSDA-BOC	Wade Boggs / Roger Clemens	Boston Red Sox
2024_topps_series1,2024,Topps,Series 1,Baseball Stars Dual Autographs,,BSDA-BOC,2,Roger Clemens,Boston Red Sox,True,Baseball Stars Dual Autographs	BSDA-BOC	Wade Boggs / Roger Clemens	Boston Red Sox
2024_topps_series1,2024,Topps,Series 1,Baseball Stars Dual Autographs,,BSDA-BRJ,1,Bo Jackson,Kansas City Royals,True,Baseball Stars Dual Autographs	BSDA-BRJ	Bo Jackson / George Brett	Kansas City Royals
2024_topps_series1,2024,Topps,Series 1,Baseball Stars Dual Autographs,,BSDA-BRJ,2,George Brett,Kansas City Royals,True,Baseball Stars Dual Autographs	BSDA-BRJ	Bo Jackson / George Brett	Kansas City Royals
2024_topps_series1,2024,Topps,Series 1,Baseball Stars Dual Autographs,,BSDA-CLP,1,Will Clark,San Francisco Giants,True,Baseball Stars Dual Autographs	BSDA-CLP	Will Clark / Buster Posey	San Francisco Giants
2024_topps_series1,2024,Topps,Series 1,Baseball Stars Dual Autographs,,BSDA-CLP,2,Buster Posey,San Francisco Giants,True,Baseball Stars Dual Autographs	BSDA-CLP	Will Clark / Buster Posey	San Francisco Giants
2024_topps_series1,2024,Topps,Series 1,Baseball Stars Dual Autographs,,BSDA-DAB,1,George Brett,Kansas City Royals,True,Baseball Stars Dual Autographs	BSDA-DAB	George Brett / Bobby Witt Jr.	Kansas City Royals
2024_topps_series1,2024,Topps,Series 1,Baseball Stars Dual Autographs,,BSDA-DAB,2,Bobby Witt Jr.,Kansas City Royals,True,Baseball Stars Dual Autographs	BSDA-DAB	George Brett / Bobby Witt Jr.	Kansas City Royals
2024_topps_series1,2024,Topps,Series 1,Baseball Stars Dual Autographs,,BSDA-GJI,1,Ichiro,Seattle Mariners,True,Baseball Stars Dual Autographs	BSDA-GJI	Ichiro / Ken Griffey Jr.	Seattle Mariners
2024_topps_series1,2024,Topps,Series 1,Baseball Stars Dual Autographs,,BSDA-GJI,2,Ken Griffey Jr.,Seattle Mariners,True,Baseball Stars Dual Autographs	BSDA-GJI	Ichiro / Ken Griffey Jr.	Seattle Mariners
2024_topps_series1,2024,Topps,Series 1,Baseball Stars Dual Autographs,,BSDA-GJR,1,Julio Rodríguez,Seattle Mariners,True,Baseball Stars Dual Autographs	BSDA-GJR	Julio Rodríguez / Ken Griffey Jr.	Seattle Mariners
2024_topps_series1,2024,Topps,Series 1,Baseball Stars Dual Autographs,,BSDA-GJR,2,Ken Griffey Jr.,Seattle Mariners,True,Baseball Stars Dual Autographs	BSDA-GJR	Julio Rodríguez / Ken Griffey Jr.	Seattle Mariners
2024_topps_series1,2024,Topps,Series 1,Baseball Stars Dual Autographs,,BSDA-HAT,1,Trea Turner,Philadelphia Phillies,True,Baseball Stars Dual Autographs	BSDA-HAT	Trea Turner / Bryce Harper	Philadelphia Phillies
2024_topps_series1,2024,Topps,Series 1,Baseball Stars Dual Autographs,,BSDA-HAT,2,Bryce Harper,Philadelphia Phillies,True,Baseball Stars Dual Autographs	BSDA-HAT	Trea Turner / Bryce Harper	Philadelphia Phillies
2024_topps_series1,2024,Topps,Series 1,Baseball Stars Dual Autographs,,BSDA-HOR,1,Jimmy Rollins,Philadelphia Phillies,True,Baseball Stars Dual Autographs	BSDA-HOR	Jimmy Rollins / Ryan Howard	Philadelphia Phillies
2024_topps_series1,2024,Topps,Series 1,Baseball Stars Dual Autographs,,BSDA-HOR,2,Ryan Howard,Philadelphia Phillies,True,Baseball Stars Dual Autographs	BSDA-HOR	Jimmy Rollins / Ryan Howard	Philadelphia Phillies
2024_topps_series1,2024,Topps,Series 1,Baseball Stars Dual Autographs,,BSDA-JAJ,1,Chipper Jones,Atlanta Braves,True,Baseball Stars Dual Autographs	BSDA-JAJ	Chipper Jones / Ronald Acuña Jr.	Atlanta Braves
2024_topps_series1,2024,Topps,Series 1,Baseball Stars Dual Autographs,,BSDA-JAJ,2,Ronald Acuña Jr.,Atlanta Braves,True,Baseball Stars Dual Autographs	BSDA-JAJ	Chipper Jones / Ronald Acuña Jr.	Atlanta Braves
2024_topps_series1,2024,Topps,Series 1,Baseball Stars Dual Autographs,,BSDA-JEJ,1,Aaron Judge,New York Yankees,True,Baseball Stars Dual Autographs	BSDA-JEJ	Aaron Judge / Derek Jeter	New York Yankees
2024_topps_series1,2024,Topps,Series 1,Baseball Stars Dual Autographs,,BSDA-JEJ,2,Derek Jeter,New York Yankees,True,Baseball Stars Dual Autographs	BSDA-JEJ	Aaron Judge / Derek Jeter	New York Yankees
2024_topps_series1,2024,Topps,Series 1,Baseball Stars Dual Autographs,,BSDA-JOM,1,Chipper Jones,Atlanta Braves,True,Baseball Stars Dual Autographs	BSDA-JOM	Chipper Jones / Greg Maddux	Atlanta Braves
2024_topps_series1,2024,Topps,Series 1,Baseball Stars Dual Autographs,,BSDA-JOM,2,Greg Maddux,Atlanta Braves,True,Baseball Stars Dual Autographs	BSDA-JOM	Chipper Jones / Greg Maddux	Atlanta Braves
2024_topps_series1,2024,Topps,Series 1,Baseball Stars Dual Autographs,,BSDA-JWJ,1,Bo Jackson,Kansas City Royals,True,Baseball Stars Dual Autographs	BSDA-JWJ	Bo Jackson / Bobby Witt Jr.	Kansas City Royals
2024_topps_series1,2024,Topps,Series 1,Baseball Stars Dual Autographs,,BSDA-JWJ,2,Bobby Witt Jr.,Kansas City Royals,True,Baseball Stars Dual Autographs	BSDA-JWJ	Bo Jackson / Bobby Witt Jr.	Kansas City Royals
2024_topps_series1,2024,Topps,Series 1,Baseball Stars Dual Autographs,,BSDA-LAV,1,Joey Votto,Cincinnati Reds,True,Baseball Stars Dual Autographs	BSDA-LAV	Joey Votto / Barry Larkin	Cincinnati Reds
2024_topps_series1,2024,Topps,Series 1,Baseball Stars Dual Autographs,,BSDA-LAV,2,Barry Larkin,Cincinnati Reds,True,Baseball Stars Dual Autographs	BSDA-LAV	Joey Votto / Barry Larkin	Cincinnati Reds
2024_topps_series1,2024,Topps,Series 1,Baseball Stars Dual Autographs,,BSDA-MAR,1,Anthony Rizzo,New York Yankees,True,Baseball Stars Dual Autographs	BSDA-MAR	Anthony Rizzo / Don Mattingly	New York Yankees
2024_topps_series1,2024,Topps,Series 1,Baseball Stars Dual Autographs,,BSDA-MAR,2,Don Mattingly,New York Yankees,True,Baseball Stars Dual Autographs	BSDA-MAR	Anthony Rizzo / Don Mattingly	New York Yankees
2024_topps_series1,2024,Topps,Series 1,Baseball Stars Dual Autographs,,BSDA-OMA,1,Pedro Martinez,Boston Red Sox,True,Baseball Stars Dual Autographs	BSDA-OMA	Pedro Martinez / David Ortiz	Boston Red Sox
2024_topps_series1,2024,Topps,Series 1,Baseball Stars Dual Autographs,,BSDA-OMA,2,David Ortiz,Boston Red Sox,True,Baseball Stars Dual Autographs	BSDA-OMA	Pedro Martinez / David Ortiz	Boston Red Sox
2024_topps_series1,2024,Topps,Series 1,Baseball Stars Dual Autographs,,BSDA-PAL,1,Pete Alonso,New York Mets,True,Baseball Stars Dual Autographs	BSDA-PAL	Pete Alonso / Mike Piazza	New York Mets
2024_topps_series1,2024,Topps,Series 1,Baseball Stars Dual Autographs,,BSDA-PAL,2,Mike Piazza,New York Mets,True,Baseball Stars Dual Autographs	BSDA-PAL	Pete Alonso / Mike Piazza	New York Mets
2024_topps_series1,2024,Topps,Series 1,Baseball Stars Dual Autographs,,BSDA-RJM,1,Cal Ripken Jr.,Baltimore Orioles,True,Baseball Stars Dual Autographs	BSDA-RJM	Cal Ripken Jr. / Eddie Murray	Baltimore Orioles
2024_topps_series1,2024,Topps,Series 1,Baseball Stars Dual Autographs,,BSDA-RJM,2,Eddie Murray,Baltimore Orioles,True,Baseball Stars Dual Autographs	BSDA-RJM	Cal Ripken Jr. / Eddie Murray	Baltimore Orioles
2024_topps_series1,2024,Topps,Series 1,Baseball Stars Dual Autographs,,BSDA-RRJ,1,Cal Ripken Jr.,Baltimore Orioles,True,Baseball Stars Dual Autographs	BSDA-RRJ	Cal Ripken Jr. / Brooks Robinson	Baltimore Orioles
2024_topps_series1,2024,Topps,Series 1,Baseball Stars Dual Autographs,,BSDA-RRJ,2,Brooks Robinson,Baltimore Orioles,True,Baseball Stars Dual Autographs	BSDA-RRJ	Cal Ripken Jr. / Brooks Robinson	Baltimore Orioles
2024_topps_series1,2024,Topps,Series 1,Baseball Stars Dual Autographs,,BSDA-RYJ,1,Randy Johnson,Seattle Mariners,True,Baseball Stars Dual Autographs	BSDA-RYJ	Randy Johnson / Nolan Ryan	Seattle Mariners
2024_topps_series1,2024,Topps,Series 1,Baseball Stars Dual Autographs,,BSDA-RYJ,2,Nolan Ryan,Seattle Mariners,True,Baseball Stars Dual Autographs	BSDA-RYJ	Randy Johnson / Nolan Ryan	Seattle Mariners
2024_topps_series1,2024,Topps,Series 1,Baseball Stars Dual Autographs,,BSDA-RYJ,1,Randy Johnson,Houston Astros,True,Baseball Stars Dual Autographs	BSDA-RYJ	Randy Johnson / Nolan Ryan	Houston Astros
2024_topps_series1,2024,Topps,Series 1,Baseball Stars Dual Autographs,,BSDA-RYJ,2,Nolan Ryan,Houston Astros,True,Baseball Stars Dual Autographs	BSDA-RYJ	Randy Johnson / Nolan Ryan	Houston Astros
2024_topps_series1,2024,Topps,Series 1,Baseball Stars Dual Autographs,,BSDA-SAM,1,Greg Maddux,Chicago Cubs,True,Baseball Stars Dual Autographs	BSDA-SAM	Greg Maddux / Ryne Sandberg	Chicago Cubs
2024_topps_series1,2024,Topps,Series 1,Baseball Stars Dual Autographs,,BSDA-SAM,2,Ryne Sandberg,Chicago Cubs,True,Baseball Stars Dual Autographs	BSDA-SAM	Greg Maddux / Ryne Sandberg	Chicago Cubs
2024_topps_series1,2024,Topps,Series 1,Baseball Stars Dual Autographs,,BSDA-SCH,1,Mike Schmidt,Philadelphia Phillies,True,Baseball Stars Dual Autographs	BSDA-SCH	Mike Schmidt / Bryce Harper	Philadelphia Phillies
2024_topps_series1,2024,Topps,Series 1,Baseball Stars Dual Autographs,,BSDA-SCH,2,Bryce Harper,Philadelphia Phillies,True,Baseball Stars Dual Autographs	BSDA-SCH	Mike Schmidt / Bryce Harper	Philadelphia Phillies
2024_topps_series1,2024,Topps,Series 1,Baseball Stars Dual Autographs,,BSDA-TJS,1,Juan Soto,San Diego Padres,True,Baseball Stars Dual Autographs	BSDA-TJS	Juan Soto / Fernando Tatis Jr.	San Diego Padres
2024_topps_series1,2024,Topps,Series 1,Baseball Stars Dual Autographs,,BSDA-TJS,2,Fernando Tatis Jr.,San Diego Padres,True,Baseball Stars Dual Autographs	BSDA-TJS	Juan Soto / Fernando Tatis Jr.	San Diego Padres
2024_topps_series1,2024,Topps,Series 1,Baseball Stars Dual Autographs,,BSDA-TOH,1,Mike Trout,Los Angeles Angels,True,Baseball Stars Dual Autographs	BSDA-TOH	Mike Trout / Shohei Ohtani	Los Angeles Angels
2024_topps_series1,2024,Topps,Series 1,Baseball Stars Dual Autographs,,BSDA-TOH,2,Shohei Ohtani,Los Angeles Angels,True,Baseball Stars Dual Autographs	BSDA-TOH	Mike Trout / Shohei Ohtani	Los Angeles Angels
2024_topps_series1,2024,Topps,Series 1,Baseball Stars Dual Autographs,,BSDA-VDLC,1,Joey Votto,Cincinnati Reds,True,Baseball Stars Dual Autographs	BSDA-VDLC	Joey Votto / Elly De La Cruz	Cincinnati Reds
2024_topps_series1,2024,Topps,Series 1,Baseball Stars Dual Autographs,,BSDA-VDLC,2,Elly De La Cruz,Cincinnati Reds,True,Baseball Stars Dual Autographs	BSDA-VDLC	Joey Votto / Elly De La Cruz	Cincinnati Reds
2024_topps_series1,2024,Topps,Series 1,Baseball Stars Dual Autographs,,BSDA-WA,1,Pete Alonso,New York Mets,True,Baseball Stars Dual Autographs	BSDA-WA	Pete Alonso / David Wright	New York Mets
2024_topps_series1,2024,Topps,Series 1,Baseball Stars Dual Autographs,,BSDA-WA,2,David Wright,New York Mets,True,Baseball Stars Dual Autographs	BSDA-WA	Pete Alonso / David Wright	New York Mets
2024_topps_series1,2024,Topps,Series 1,Baseball Stars Dual Autographs,,BSDA-YOF,1,Prince Fielder,Milwaukee Brewers,True,Baseball Stars Dual Autographs	BSDA-YOF	Prince Fielder / Robin Yount	Milwaukee Brewers
2024_topps_series1,2024,Topps,Series 1,Baseball Stars Dual Autographs,,BSDA-YOF,2,Robin Yount,Milwaukee Brewers,True,Baseball Stars Dual Autographs	BSDA-YOF	Prince Fielder / Robin Yount	Milwaukee Brewers
2024_topps_series1,2024,Topps,Series 1,Celebration of the Kid,,KID-1,1,Ken Griffey Jr.,Seattle Mariners,False,Celebration of the Kid	KID-1	Ken Griffey Jr.	Seattle Mariners
2024_topps_series1,2024,Topps,Series 1,Celebration of the Kid,,KID-2,1,Ken Griffey Jr.,Seattle Mariners,False,Celebration of the Kid	KID-2	Ken Griffey Jr.	Seattle Mariners
2024_topps_series1,2024,Topps,Series 1,Celebration of the Kid,,KID-3,1,Ken Griffey Jr.,Seattle Mariners,False,Celebration of the Kid	KID-3	Ken Griffey Jr.	Seattle Mariners
2024_topps_series1,2024,Topps,Series 1,Celebration of the Kid,,KID-4,1,Ken Griffey Jr.,Seattle Mariners,False,Celebration of the Kid	KID-4	Ken Griffey Jr.	Seattle Mariners
2024_topps_series1,2024,Topps,Series 1,Celebration of the Kid,,KID-5,1,Ken Griffey Jr.,Seattle Mariners,False,Celebration of the Kid	KID-5	Ken Griffey Jr.	Seattle Mariners
2024_topps_series1,2024,Topps,Series 1,Celebration of the Kid,,KID-6,1,Ken Griffey Jr.,Seattle Mariners,False,Celebration of the Kid	KID-6	Ken Griffey Jr.	Seattle Mariners
2024_topps_series1,2024,Topps,Series 1,Celebration of the Kid,,KID-7,1,Ken Griffey Jr.,Seattle Mariners,False,Celebration of the Kid	KID-7	Ken Griffey Jr.	Seattle Mariners
2024_topps_series1,2024,Topps,Series 1,Celebration of the Kid,,KID-8,1,Ken Griffey Jr.,Seattle Mariners,False,Celebration of the Kid	KID-8	Ken Griffey Jr.	Seattle Mariners
2024_topps_series1,2024,Topps,Series 1,Celebration of the Kid,,KID-9,1,Ken Griffey Jr.,Seattle Mariners,False,Celebration of the Kid	KID-9	Ken Griffey Jr.	Seattle Mariners
2024_topps_series1,2024,Topps,Series 1,Celebration of the Kid,,KID-10,1,Ken Griffey Jr.,Seattle Mariners,False,Celebration of the Kid	KID-10	Ken Griffey Jr.	Seattle Mariners
2024_topps_series1,2024,Topps,Series 1,Celebration of the Kid,,KID-11,1,Ken Griffey Jr.,Seattle Mariners,False,Celebration of the Kid	KID-11	Ken Griffey Jr.	Seattle Mariners
2024_topps_series1,2024,Topps,Series 1,Celebration of the Kid,,KID-12,1,Ken Griffey Jr.,Seattle Mariners,False,Celebration of the Kid	KID-12	Ken Griffey Jr.	Seattle Mariners
2024_topps_series1,2024,Topps,Series 1,Celebration of the Kid,,KID-13,1,Ken Griffey Jr.,Seattle Mariners,False,Celebration of the Kid	KID-13	Ken Griffey Jr.	Seattle Mariners
2024_topps_series1,2024,Topps,Series 1,Celebration of the Kid,,KID-14,1,Ken Griffey Jr.,Seattle Mariners,False,Celebration of the Kid	KID-14	Ken Griffey Jr.	Seattle Mariners
2024_topps_series1,2024,Topps,Series 1,Celebration of the Kid,,KID-15,1,Ken Griffey Jr.,Seattle Mariners,False,Celebration of the Kid	KID-15	Ken Griffey Jr.	Seattle Mariners
2024_topps_series1,2024,Topps,Series 1,Celebration of the Kid,,KID-16,1,Ken Griffey Jr.,Cincinnati Reds,False,Celebration of the Kid	KID-16	Ken Griffey Jr.	Cincinnati Reds
2024_topps_series1,2024,Topps,Series 1,Celebration of the Kid,,KID-17,1,Ken Griffey Jr.,Cincinnati Reds,False,Celebration of the Kid	KID-17	Ken Griffey Jr.	Cincinnati Reds
2024_topps_series1,2024,Topps,Series 1,Celebration of the Kid,,KID-18,1,Ken Griffey Jr.,Cincinnati Reds,False,Celebration of the Kid	KID-18	Ken Griffey Jr.	Cincinnati Reds
2024_topps_series1,2024,Topps,Series 1,Celebration of the Kid,,KID-19,1,Ken Griffey Jr.,Cincinnati Reds,False,Celebration of the Kid	KID-19	Ken Griffey Jr.	Cincinnati Reds
2024_topps_series1,2024,Topps,Series 1,Celebration of the Kid,,KID-20,1,Ken Griffey Jr.,Cincinnati Reds,False,Celebration of the Kid	KID-20	Ken Griffey Jr.	Cincinnati Reds
2024_topps_series1,2024,Topps,Series 1,Celebration of the Kid,,KID-21,1,Ken Griffey Jr.,Cincinnati Reds,False,Celebration of the Kid	KID-21	Ken Griffey Jr.	Cincinnati Reds
2024_topps_series1,2024,Topps,Series 1,Celebration of the Kid,,KID-22,1,Ken Griffey Jr.,Chicago White Sox,False,Celebration of the Kid	KID-22	Ken Griffey Jr.	Chicago White Sox
2024_topps_series1,2024,Topps,Series 1,Celebration of the Kid,,KID-23,1,Ken Griffey Jr.,Seattle Mariners,False,Celebration of the Kid	KID-23	Ken Griffey Jr.	Seattle Mariners
2024_topps_series1,2024,Topps,Series 1,Celebration of the Kid,,KID-24,1,Ken Griffey Jr.,Seattle Mariners,False,Celebration of the Kid	KID-24	Ken Griffey Jr.	Seattle Mariners
2024_topps_series1,2024,Topps,Series 1,Celebration of the Kid Autographs,,KIDA-KG1,1,Ken Griffey Jr.,Seattle Mariners,False,Celebration of the Kid Autographs	KIDA-KG1	Ken Griffey Jr.	Seattle Mariners
2024_topps_series1,2024,Topps,Series 1,Celebration of the Kid Autographs,,KIDA-KG2,1,Ken Griffey Jr.,Seattle Mariners,False,Celebration of the Kid Autographs	KIDA-KG2	Ken Griffey Jr.	Seattle Mariners
2024_topps_series1,2024,Topps,Series 1,Celebration of the Kid Autographs,,KIDA-KG3,1,Ken Griffey Jr.,Seattle Mariners,False,Celebration of the Kid Autographs	KIDA-KG3	Ken Griffey Jr.	Seattle Mariners
2024_topps_series1,2024,Topps,Series 1,Celebration of the Kid Autographs,,KIDA-KG4,1,Ken Griffey Jr.,Seattle Mariners,False,Celebration of the Kid Autographs	KIDA-KG4	Ken Griffey Jr.	Seattle Mariners
2024_topps_series1,2024,Topps,Series 1,Celebration of the Kid Autographs,,KIDA-KG5,1,Ken Griffey Jr.,Seattle Mariners,False,Celebration of the Kid Autographs	KIDA-KG5	Ken Griffey Jr.	Seattle Mariners
2024_topps_series1,2024,Topps,Series 1,Celebration of the Kid Autographs,,KIDA-KG6,1,Ken Griffey Jr.,Seattle Mariners,False,Celebration of the Kid Autographs	KIDA-KG6	Ken Griffey Jr.	Seattle Mariners
2024_topps_series1,2024,Topps,Series 1,Celebration of the Kid Autographs,,KIDA-KG7,1,Ken Griffey Jr.,Seattle Mariners,False,Celebration of the Kid Autographs	KIDA-KG7	Ken Griffey Jr.	Seattle Mariners
2024_topps_series1,2024,Topps,Series 1,Celebration of the Kid Autographs,,KIDA-KG8,1,Ken Griffey Jr.,Seattle Mariners,False,Celebration of the Kid Autographs	KIDA-KG8	Ken Griffey Jr.	Seattle Mariners
2024_topps_series1,2024,Topps,Series 1,Celebration of the Kid Autographs,,KIDA-KG9,1,Ken Griffey Jr.,Seattle Mariners,False,Celebration of the Kid Autographs	KIDA-KG9	Ken Griffey Jr.	Seattle Mariners
2024_topps_series1,2024,Topps,Series 1,Celebration of the Kid Autographs,,KIDA-KG10,1,Ken Griffey Jr.,Seattle Mariners,False,Celebration of the Kid Autographs	KIDA-KG10	Ken Griffey Jr.	Seattle Mariners
2024_topps_series1,2024,Topps,Series 1,Celebration of the Kid Autographs,,KIDA-KG11,1,Ken Griffey Jr.,Seattle Mariners,False,Celebration of the Kid Autographs	KIDA-KG11	Ken Griffey Jr.	Seattle Mariners
2024_topps_series1,2024,Topps,Series 1,Celebration of the Kid Autographs,,KIDA-KG12,1,Ken Griffey Jr.,Seattle Mariners,False,Celebration of the Kid Autographs	KIDA-KG12	Ken Griffey Jr.	Seattle Mariners
2024_topps_series1,2024,Topps,Series 1,Celebration of the Kid Autographs,,KIDA-KG13,1,Ken Griffey Jr.,Seattle Mariners,False,Celebration of the Kid Autographs	KIDA-KG13	Ken Griffey Jr.	Seattle Mariners
2024_topps_series1,2024,Topps,Series 1,Celebration of the Kid Autographs,,KIDA-KG14,1,Ken Griffey Jr.,Seattle Mariners,False,Celebration of the Kid Autographs	KIDA-KG14	Ken Griffey Jr.	Seattle Mariners
2024_topps_series1,2024,Topps,Series 1,Celebration of the Kid Autographs,,KIDA-KG15,1,Ken Griffey Jr.,Seattle Mariners,False,Celebration of the Kid Autographs	KIDA-KG15	Ken Griffey Jr.	Seattle Mariners
2024_topps_series1,2024,Topps,Series 1,Celebration of the Kid Autographs,,KIDA-KG16,1,Ken Griffey Jr.,Cincinnati Reds,False,Celebration of the Kid Autographs	KIDA-KG16	Ken Griffey Jr.	Cincinnati Reds
2024_topps_series1,2024,Topps,Series 1,Celebration of the Kid Autographs,,KIDA-KG17,1,Ken Griffey Jr.,Cincinnati Reds,False,Celebration of the Kid Autographs	KIDA-KG17	Ken Griffey Jr.	Cincinnati Reds
2024_topps_series1,2024,Topps,Series 1,Celebration of the Kid Autographs,,KIDA-KG18,1,Ken Griffey Jr.,Cincinnati Reds,False,Celebration of the Kid Autographs	KIDA-KG18	Ken Griffey Jr.	Cincinnati Reds
2024_topps_series1,2024,Topps,Series 1,Celebration of the Kid Autographs,,KIDA-KG19,1,Ken Griffey Jr.,Cincinnati Reds,False,Celebration of the Kid Autographs	KIDA-KG19	Ken Griffey Jr.	Cincinnati Reds
2024_topps_series1,2024,Topps,Series 1,Celebration of the Kid Autographs,,KIDA-KG20,1,Ken Griffey Jr.,Cincinnati Reds,False,Celebration of the Kid Autographs	KIDA-KG20	Ken Griffey Jr.	Cincinnati Reds
2024_topps_series1,2024,Topps,Series 1,Celebration of the Kid Autographs,,KIDA-KG21,1,Ken Griffey Jr.,Cincinnati Reds,False,Celebration of the Kid Autographs	KIDA-KG21	Ken Griffey Jr.	Cincinnati Reds
2024_topps_series1,2024,Topps,Series 1,Celebration of the Kid Autographs,,KIDA-KG22,1,Ken Griffey Jr.,Chicago White Sox,False,Celebration of the Kid Autographs	KIDA-KG22	Ken Griffey Jr.	Chicago White Sox
2024_topps_series1,2024,Topps,Series 1,Celebration of the Kid Autographs,,KIDA-KG23,1,Ken Griffey Jr.,Seattle Mariners,False,Celebration of the Kid Autographs	KIDA-KG23	Ken Griffey Jr.	Seattle Mariners
2024_topps_series1,2024,Topps,Series 1,Celebration of the Kid Autographs,,KIDA-KG24,1,Ken Griffey Jr.,Seattle Mariners,False,Celebration of the Kid Autographs	KIDA-KG24	Ken Griffey Jr.	Seattle Mariners
2024_topps_series1,2024,Topps,Series 1,City Connection Swatch Collection,,CC-AB,1,Alex Bregman,Houston Astros,False,City Connection Swatch Collection	CC-AB	Alex Bregman	Houston Astros
2024_topps_series1,2024,Topps,Series 1,City Connection Swatch Collection,,CC-AS,1,Anthony Santander,Baltimore Orioles,False,City Connection Swatch Collection	CC-AS	Anthony Santander	Baltimore Orioles
2024_topps_series1,2024,Topps,Series 1,City Connection Swatch Collection,,CC-BC,1,Brandon Crawford,San Francisco Giants,False,City Connection Swatch Collection	CC-BC	Brandon Crawford	San Francisco Giants
2024_topps_series1,2024,Topps,Series 1,City Connection Swatch Collection,,CC-CBL,1,Charlie Blackmon,Colorado Rockies,False,City Connection Swatch Collection	CC-CBL	Charlie Blackmon	Colorado Rockies
2024_topps_series1,2024,Topps,Series 1,City Connection Swatch Collection,,CC-CY,1,Christian Yelich,Milwaukee Brewers,False,City Connection Swatch Collection	CC-CY	Christian Yelich	Milwaukee Brewers
2024_topps_series1,2024,Topps,Series 1,City Connection Swatch Collection,,CC-EM,1,Elehuris Montero,Colorado Rockies,False,City Connection Swatch Collection	CC-EM	Elehuris Montero	Colorado Rockies
2024_topps_series1,2024,Topps,Series 1,City Connection Swatch Collection,,CC-EP,1,Eury Pérez,Miami Marlins,False,City Connection Swatch Collection	CC-EP	Eury Pérez	Miami Marlins
2024_topps_series1,2024,Topps,Series 1,City Connection Swatch Collection,,CC-ET,1,Ezequiel Tovar,Colorado Rockies,False,City Connection Swatch Collection	CC-ET	Ezequiel Tovar	Colorado Rockies
2024_topps_series1,2024,Topps,Series 1,City Connection Swatch Collection,,CC-GH,1,Gunnar Henderson,Baltimore Orioles,False,City Connection Swatch Collection	CC-GH	Gunnar Henderson	Baltimore Orioles
2024_topps_series1,2024,Topps,Series 1,City Connection Swatch Collection,,CC-GM,1,Garrett Mitchell,Milwaukee Brewers,False,City Connection Swatch Collection	CC-GM	Garrett Mitchell	Milwaukee Brewers
2024_topps_series1,2024,Topps,Series 1,City Connection Swatch Collection,,CC-HB,1,Hunter Brown,Houston Astros,False,City Connection Swatch Collection	CC-HB	Hunter Brown	Houston Astros
2024_topps_series1,2024,Topps,Series 1,City Connection Swatch Collection,,CC-JC,1,Jazz Chisholm Jr.,Miami Marlins,False,City Connection Swatch Collection	CC-JC	Jazz Chisholm Jr.	Miami Marlins
2024_topps_series1,2024,Topps,Series 1,City Connection Swatch Collection,,CC-JG,1,Josiah Gray,Washington Nationals,False,City Connection Swatch Collection	CC-JG	Josiah Gray	Washington Nationals
2024_topps_series1,2024,Topps,Series 1,City Connection Swatch Collection,,CC-JMA,1,Jorge Mateo,Baltimore Orioles,False,City Connection Swatch Collection	CC-JMA	Jorge Mateo	Baltimore Orioles
2024_topps_series1,2024,Topps,Series 1,City Connection Swatch Collection,,CC-JP,1,Jeremy Peña,Houston Astros,False,City Connection Swatch Collection	CC-JP	Jeremy Peña	Houston Astros
2024_topps_series1,2024,Topps,Series 1,City Connection Swatch Collection,,CC-JROD,1,Julio Rodríguez,Seattle Mariners,False,City Connection Swatch Collection	CC-JROD	Julio Rodríguez	Seattle Mariners
2024_topps_series1,2024,Topps,Series 1,City Connection Swatch Collection,,CC-JSO,1,Juan Soto,San Diego Padres,False,City Connection Swatch Collection	CC-JSO	Juan Soto	San Diego Padres
2024_topps_series1,2024,Topps,Series 1,City Connection Swatch Collection,,CC-KB,1,Kris Bryant,Colorado Rockies,False,City Connection Swatch Collection	CC-KB	Kris Bryant	Colorado Rockies
2024_topps_series1,2024,Topps,Series 1,City Connection Swatch Collection,,CC-KT,1,Kyle Tucker,Houston Astros,False,City Connection Swatch Collection	CC-KT	Kyle Tucker	Houston Astros
2024_topps_series1,2024,Topps,Series 1,City Connection Swatch Collection,,CC-LC,1,Luis Castillo,Seattle Mariners,False,City Connection Swatch Collection	CC-LC	Luis Castillo	Seattle Mariners
2024_topps_series1,2024,Topps,Series 1,City Connection Swatch Collection,,CC-LW,1,Logan Webb,San Francisco Giants,False,City Connection Swatch Collection	CC-LW	Logan Webb	San Francisco Giants
2024_topps_series1,2024,Topps,Series 1,City Connection Swatch Collection,,CC-MMA,1,Manny Machado,San Diego Padres,False,City Connection Swatch Collection	CC-MMA	Manny Machado	San Diego Padres
2024_topps_series1,2024,Topps,Series 1,City Connection Swatch Collection,,CC-MME,1,MJ Melendez,Kansas City Royals,False,City Connection Swatch Collection	CC-MME	MJ Melendez	Kansas City Royals
2024_topps_series1,2024,Topps,Series 1,City Connection Swatch Collection,,CC-MMU,1,Max Muncy,Los Angeles Dodgers,False,City Connection Swatch Collection	CC-MMU	Max Muncy	Los Angeles Dodgers
2024_topps_series1,2024,Topps,Series 1,City Connection Swatch Collection,,CC-MT,1,Mike Trout,Los Angeles Angels,False,City Connection Swatch Collection	CC-MT	Mike Trout	Los Angeles Angels
2024_topps_series1,2024,Topps,Series 1,City Connection Swatch Collection,,CC-MY,1,Mike Yastrzemski,San Francisco Giants,False,City Connection Swatch Collection	CC-MY	Mike Yastrzemski	San Francisco Giants
2024_topps_series1,2024,Topps,Series 1,City Connection Swatch Collection,,CC-NC,1,Nelson Cruz,San Diego Padres,False,City Connection Swatch Collection	CC-NC	Nelson Cruz	San Diego Padres
2024_topps_series1,2024,Topps,Series 1,City Connection Swatch Collection,,CC-RM,1,Ryan Mountcastle,Baltimore Orioles,False,City Connection Swatch Collection	CC-RM	Ryan Mountcastle	Baltimore Orioles
2024_topps_series1,2024,Topps,Series 1,City Connection Swatch Collection,,CC-SP,1,Salvador Perez,Kansas City Royals,False,City Connection Swatch Collection	CC-SP	Salvador Perez	Kansas City Royals
2024_topps_series1,2024,Topps,Series 1,City Connection Swatch Collection,,CC-TH,1,Teoscar Hernández,Seattle Mariners,False,City Connection Swatch Collection	CC-TH	Teoscar Hernández	Seattle Mariners
2024_topps_series1,2024,Topps,Series 1,City Connection Swatch Collection,,CC-WC,1,William Contreras,Milwaukee Brewers,False,City Connection Swatch Collection	CC-WC	William Contreras	Milwaukee Brewers
2024_topps_series1,2024,Topps,Series 1,City Connection Swatch Collection,,CC-XB,1,Xander Bogaerts,San Diego Padres,False,City Connection Swatch Collection	CC-XB	Xander Bogaerts	San Diego Padres
2024_topps_series1,2024,Topps,Series 1,Companion Cards,,COTB-1,1,Vladimir Guerrero Jr.,Toronto Blue Jays,False,Companion Cards	COTB-1	Vladimir Guerrero Jr.	Toronto Blue Jays
2024_topps_series1,2024,Topps,Series 1,Companion Cards,,COTB-2,1,Shohei Ohtani,Los Angeles Angels,False,Companion Cards	COTB-2	Shohei Ohtani	Los Angeles Angels
2024_topps_series1,2024,Topps,Series 1,Companion Cards,,COTB-3,1,Yordan Alvarez,Houston Astros,False,Companion Cards	COTB-3	Yordan Alvarez	Houston Astros
2024_topps_series1,2024,Topps,Series 1,Companion Cards,,COTB-4,1,Aaron Judge,New York Yankees,False,Companion Cards	COTB-4	Aaron Judge	New York Yankees
2024_topps_series1,2024,Topps,Series 1,Companion Cards,,COTB-5,1,Ronald Acuña Jr.,Atlanta Braves,False,Companion Cards	COTB-5	Ronald Acuña Jr.	Atlanta Braves
2024_topps_series1,2024,Topps,Series 1,Companion Cards,,COTB-6,1,Mike Trout,Los Angeles Angels,False,Companion Cards	COTB-6	Mike Trout	Los Angeles Angels
2024_topps_series1,2024,Topps,Series 1,Companion Cards,,COTB-7,1,Juan Soto,San Diego Padres,False,Companion Cards	COTB-7	Juan Soto	San Diego Padres
2024_topps_series1,2024,Topps,Series 1,Companion Cards,,COTB-8,1,Fernando Tatis Jr.,San Diego Padres,False,Companion Cards	COTB-8	Fernando Tatis Jr.	San Diego Padres
2024_topps_series1,2024,Topps,Series 1,Companion Cards,,COTB-9,1,Nolan Arenado,St. Louis Cardinals,False,Companion Cards	COTB-9	Nolan Arenado	St. Louis Cardinals
2024_topps_series1,2024,Topps,Series 1,Companion Cards,,COTB-10,1,Pete Alonso,New York Mets,False,Companion Cards	COTB-10	Pete Alonso	New York Mets
2024_topps_series1,2024,Topps,Series 1,Companion Cards,,COTB-11,1,Bryce Harper,Philadelphia Phillies,False,Companion Cards	COTB-11	Bryce Harper	Philadelphia Phillies
2024_topps_series1,2024,Topps,Series 1,Companion Cards,,COTB-12,1,Julio Rodríguez,Seattle Mariners,False,Companion Cards	COTB-12	Julio Rodríguez	Seattle Mariners
2024_topps_series1,2024,Topps,Series 1,Companion Cards,,COTB-13,1,Mookie Betts,Los Angeles Dodgers,False,Companion Cards	COTB-13	Mookie Betts	Los Angeles Dodgers
2024_topps_series1,2024,Topps,Series 1,Companion Cards,,COTB-14,1,Ronny Mauricio,New York Mets,False,Companion Cards	COTB-14	Ronny Mauricio	New York Mets
2024_topps_series1,2024,Topps,Series 1,Companion Cards,,COTB-15,1,Rafael Devers,Boston Red Sox,False,Companion Cards	COTB-15	Rafael Devers	Boston Red Sox
2024_topps_series1,2024,Topps,Series 1,Companion Cards,,COTB-16,1,Adley Rutschman,Baltimore Orioles,False,Companion Cards	COTB-16	Adley Rutschman	Baltimore Orioles
2024_topps_series1,2024,Topps,Series 1,Companion Cards,,COTB-17,1,Elly De La Cruz,Cincinnati Reds,False,Companion Cards	COTB-17	Elly De La Cruz	Cincinnati Reds
2024_topps_series1,2024,Topps,Series 1,Companion Cards,,COTB-18,1,Henry Davis,Pittsburgh Pirates,False,Companion Cards	COTB-18	Henry Davis	Pittsburgh Pirates
2024_topps_series1,2024,Topps,Series 1,Companion Cards,,COTB-19,1,Bobby Witt Jr.,Kansas City Royals,False,Companion Cards	COTB-19	Bobby Witt Jr.	Kansas City Royals
2024_topps_series1,2024,Topps,Series 1,Companion Cards,,COTB-20,1,Jazz Chisholm Jr.,Miami Marlins,False,Companion Cards	COTB-20	Jazz Chisholm Jr.	Miami Marlins
2024_topps_series1,2024,Topps,Series 1,Companion Cards,,COTB-21,1,Luis Robert Jr.,Chicago White Sox,False,Companion Cards	COTB-21	Luis Robert Jr.	Chicago White Sox
2024_topps_series1,2024,Topps,Series 1,Companion Cards,,COTB-22,1,Byron Buxton,Minnesota Twins,False,Companion Cards	COTB-22	Byron Buxton	Minnesota Twins
2024_topps_series1,2024,Topps,Series 1,Companion Cards,,COTB-23,1,Christian Yelich,Milwaukee Brewers,False,Companion Cards	COTB-23	Christian Yelich	Milwaukee Brewers
2024_topps_series1,2024,Topps,Series 1,Companion Cards,,COTB-24,1,Marco Luciano,San Francisco Giants,False,Companion Cards	COTB-24	Marco Luciano	San Francisco Giants
2024_topps_series1,2024,Topps,Series 1,Companion Cards,,COTB-25,1,Freddie Freeman,Los Angeles Dodgers,False,Companion Cards	COTB-25	Freddie Freeman	Los Angeles Dodgers
2024_topps_series1,2024,Topps,Series 1,Cut Signatures,,CSR-AK,1,Al Kaline,Detroit Tigers	1/1,False,Cut Signatures	CSR-AK	Al Kaline	Detroit Tigers	1/1
2024_topps_series1,2024,Topps,Series 1,Cut Signatures,,CSR-BD,1,Bill Dickey,New York Yankees	1/1,False,Cut Signatures	CSR-BD	Bill Dickey	New York Yankees	1/1
2024_topps_series1,2024,Topps,Series 1,Cut Signatures,,CSR-BF,1,Bob Feller,Cleveland	1/1,False,Cut Signatures	CSR-BF	Bob Feller	Cleveland	1/1
2024_topps_series1,2024,Topps,Series 1,Cut Signatures,,CSR-BG,1,Bob Gibson,St. Louis Cardinals	1/1,False,Cut Signatures	CSR-BG	Bob Gibson	St. Louis Cardinals	1/1
2024_topps_series1,2024,Topps,Series 1,Cut Signatures,,CSR-BGR,1,Burleigh Grimes,Brooklyn Dodgers	1/1,False,Cut Signatures	CSR-BGR	Burleigh Grimes	Brooklyn Dodgers	1/1
2024_topps_series1,2024,Topps,Series 1,Cut Signatures,,CSR-BH,1,Billy Herman,Chicago Cubs	1/1,False,Cut Signatures	CSR-BH	Billy Herman	Chicago Cubs	1/1
2024_topps_series1,2024,Topps,Series 1,Cut Signatures,,CSR-BR,1,Babe Ruth,New York Yankees	1/1,False,Cut Signatures	CSR-BR	Babe Ruth	New York Yankees	1/1
2024_topps_series1,2024,Topps,Series 1,Cut Signatures,,CSR-CG,1,Charlie Gehringer,Detroit Tigers	1/1,False,Cut Signatures	CSR-CG	Charlie Gehringer	Detroit Tigers	1/1
2024_topps_series1,2024,Topps,Series 1,Cut Signatures,,CSR-CM,1,Connie Mack,Philadelphia Athletics	1/1,False,Cut Signatures	CSR-CM	Connie Mack	Philadelphia Athletics	1/1
2024_topps_series1,2024,Topps,Series 1,Cut Signatures,,CSR-CY,1,Cy Young,Boston Red Sox	1/1,False,Cut Signatures	CSR-CY	Cy Young	Boston Red Sox	1/1
2024_topps_series1,2024,Topps,Series 1,Cut Signatures,,CSR-DD,1,Dizzy Dean,St. Louis Cardinals	1/1,False,Cut Signatures	CSR-DD	Dizzy Dean	St. Louis Cardinals	1/1
2024_topps_series1,2024,Topps,Series 1,Cut Signatures,,CSR-DS,1,Duke Snider,Brooklyn Dodgers	1/1,False,Cut Signatures	CSR-DS	Duke Snider	Brooklyn Dodgers	1/1
2024_topps_series1,2024,Topps,Series 1,Cut Signatures,,CSR-EB,1,Ernie Banks,Chicago Cubs	1/1,False,Cut Signatures	CSR-EB	Ernie Banks	Chicago Cubs	1/1
2024_topps_series1,2024,Topps,Series 1,Cut Signatures,,CSR-EM,1,Eddie Mathews,Milwaukee Braves	1/1,False,Cut Signatures	CSR-EM	Eddie Mathews	Milwaukee Braves	1/1
2024_topps_series1,2024,Topps,Series 1,Cut Signatures,,CSR-GH,1,Gil Hodges,Brooklyn Dodgers	1/1,False,Cut Signatures	CSR-GH	Gil Hodges	Brooklyn Dodgers	1/1
2024_topps_series1,2024,Topps,Series 1,Cut Signatures,,CSR-GK,1,George Kell,Detroit Tigers	1/1,False,Cut Signatures	CSR-GK	George Kell	Detroit Tigers	1/1
2024_topps_series1,2024,Topps,Series 1,Cut Signatures,,CSR-HA,1,Hank Aaron,Milwaukee Braves	1/1,False,Cut Signatures	CSR-HA	Hank Aaron	Milwaukee Braves	1/1
2024_topps_series1,2024,Topps,Series 1,Cut Signatures,,CSR-HG,1,Hank Greenberg,Detroit Tigers	1/1,False,Cut Signatures	CSR-HG	Hank Greenberg	Detroit Tigers	1/1
2024_topps_series1,2024,Topps,Series 1,Cut Signatures,,CSR-HK,1,Harmon Killebrew,Minnesota Twins	1/1,False,Cut Signatures	CSR-HK	Harmon Killebrew	Minnesota Twins	1/1
2024_topps_series1,2024,Topps,Series 1,Cut Signatures,,CSR-HWA,1,Honus Wagner,Pittsburgh Pirates	1/1,False,Cut Signatures	CSR-HWA	Honus Wagner	Pittsburgh Pirates	1/1
2024_topps_series1,2024,Topps,Series 1,Cut Signatures,,CSR-JH,1,"Jim ""Catfish"" Hunter",Oakland Athletics	1/1,False,"Cut Signatures	CSR-JH	Jim ""Catfish"" Hunter	Oakland Athletics	1/1"
2024_topps_series1,2024,Topps,Series 1,Cut Signatures,,CSR-JMI,1,Johnny Mize,St. Louis Cardinals	1/1,False,Cut Signatures	CSR-JMI	Johnny Mize	St. Louis Cardinals	1/1
2024_topps_series1,2024,Topps,Series 1,Cut Signatures,,CSR-JR,1,Jackie Robinson,Brooklyn Dodgers	1/1,False,Cut Signatures	CSR-JR	Jackie Robinson	Brooklyn Dodgers	1/1
2024_topps_series1,2024,Topps,Series 1,Cut Signatures,,CSR-KP,1,Kirby Puckett,Minnesota Twins	1/1,False,Cut Signatures	CSR-KP	Kirby Puckett	Minnesota Twins	1/1
2024_topps_series1,2024,Topps,Series 1,Cut Signatures,,CSR-LB,1,Lou Boudreau,Cleveland	1/1,False,Cut Signatures	CSR-LB	Lou Boudreau	Cleveland	1/1
2024_topps_series1,2024,Topps,Series 1,Cut Signatures,,CSR-MI,1,Monte Irvin,New York Giants	1/1,False,Cut Signatures	CSR-MI	Monte Irvin	New York Giants	1/1
2024_topps_series1,2024,Topps,Series 1,Cut Signatures,,CSR-MO,1,Mel Ott,New York Giants	1/1,False,Cut Signatures	CSR-MO	Mel Ott	New York Giants	1/1
2024_topps_series1,2024,Topps,Series 1,Cut Signatures,,CSR-PR,1,Pee Wee Reese,Brooklyn Dodgers	1/1,False,Cut Signatures	CSR-PR	Pee Wee Reese	Brooklyn Dodgers	1/1
2024_topps_series1,2024,Topps,Series 1,Cut Signatures,,CSR-PRZ,1,Phil Rizzuto,New York Yankees	1/1,False,Cut Signatures	CSR-PRZ	Phil Rizzuto	New York Yankees	1/1
2024_topps_series1,2024,Topps,Series 1,Cut Signatures,,CSR-PWR,1,Pee Wee Reese,Brooklyn Dodgers	1/1,False,Cut Signatures	CSR-PWR	Pee Wee Reese	Brooklyn Dodgers	1/1
2024_topps_series1,2024,Topps,Series 1,Cut Signatures,,CSR-RC,1,Roy Campanella,Brooklyn Dodgers	1/1,False,Cut Signatures	CSR-RC	Roy Campanella	Brooklyn Dodgers	1/1
2024_topps_series1,2024,Topps,Series 1,Cut Signatures,,CSR-RCL,1,Roberto Clemente,Pittsburgh Pirates	1/1,False,Cut Signatures	CSR-RCL	Roberto Clemente	Pittsburgh Pirates	1/1
2024_topps_series1,2024,Topps,Series 1,Cut Signatures,,CSR-RF,1,Rick Ferrell,St. Louis Browns	1/1,False,Cut Signatures	CSR-RF	Rick Ferrell	St. Louis Browns	1/1
2024_topps_series1,2024,Topps,Series 1,Cut Signatures,,CSR-RH,1,Rogers Hornsby,St. Louis Cardinals	1/1,False,Cut Signatures	CSR-RH	Rogers Hornsby	St. Louis Cardinals	1/1
2024_topps_series1,2024,Topps,Series 1,Cut Signatures,,CSR-RK,1,Ralph Kiner,Pittsburgh Pirates	1/1,False,Cut Signatures	CSR-RK	Ralph Kiner	Pittsburgh Pirates	1/1
2024_topps_series1,2024,Topps,Series 1,Cut Signatures,,CSR-RM,1,Roger Maris,New York Yankees	1/1,False,Cut Signatures	CSR-RM	Roger Maris	New York Yankees	1/1
2024_topps_series1,2024,Topps,Series 1,Cut Signatures,,CSR-RS,1,Ron Santo,Chicago Cubs	1/1,False,Cut Signatures	CSR-RS	Ron Santo	Chicago Cubs	1/1
2024_topps_series1,2024,Topps,Series 1,Cut Signatures,,CSR-RSC,1,Red Schoendienst,St. Louis Cardinals	1/1,False,Cut Signatures	CSR-RSC	Red Schoendienst	St. Louis Cardinals	1/1
2024_topps_series1,2024,Topps,Series 1,Cut Signatures,,CSR-SM,1,Stan Musial,St. Louis Cardinals	1/1,False,Cut Signatures	CSR-SM	Stan Musial	St. Louis Cardinals	1/1
2024_topps_series1,2024,Topps,Series 1,Cut Signatures,,CSR-SP,1,Satchel Paige,St. Louis Browns	1/1,False,Cut Signatures	CSR-SP	Satchel Paige	St. Louis Browns	1/1
2024_topps_series1,2024,Topps,Series 1,Cut Signatures,,CSR-TC,1,Ty Cobb,Detroit Tigers	1/1,False,Cut Signatures	CSR-TC	Ty Cobb	Detroit Tigers	1/1
2024_topps_series1,2024,Topps,Series 1,Cut Signatures,,CSR-TS,1,Tom Seaver,New York Mets	1/1,False,Cut Signatures	CSR-TS	Tom Seaver	New York Mets	1/1
2024_topps_series1,2024,Topps,Series 1,Cut Signatures,,CSR-TW,1,Ted Williams,Boston Red Sox	1/1,False,Cut Signatures	CSR-TW	Ted Williams	Boston Red Sox	1/1
2024_topps_series1,2024,Topps,Series 1,Cut Signatures,,CSR-WF,1,Whitey Ford,New York Yankees	1/1,False,Cut Signatures	CSR-WF	Whitey Ford	New York Yankees	1/1
2024_topps_series1,2024,Topps,Series 1,Cut Signatures,,CSR-WH,1,Waite Hoyt,New York Yankees	1/1,False,Cut Signatures	CSR-WH	Waite Hoyt	New York Yankees	1/1
2024_topps_series1,2024,Topps,Series 1,Cut Signatures,,CSR-WS,1,Warren Spahn,Milwaukee Braves	1/1,False,Cut Signatures	CSR-WS	Warren Spahn	Milwaukee Braves	1/1
2024_topps_series1,2024,Topps,Series 1,Grand Gamers,,GOG-1,1,Nolan Ryan,Houston Astros,False,Grand Gamers	GOG-1	Nolan Ryan	Houston Astros
2024_topps_series1,2024,Topps,Series 1,Grand Gamers,,GOG-2,1,Cal Ripken Jr.,Baltimore Orioles,False,Grand Gamers	GOG-2	Cal Ripken Jr.	Baltimore Orioles
2024_topps_series1,2024,Topps,Series 1,Grand Gamers,,GOG-3,1,Willie Mays,San Francisco Giants,False,Grand Gamers	GOG-3	Willie Mays	San Francisco Giants
2024_topps_series1,2024,Topps,Series 1,Grand Gamers,,GOG-4,1,Carl Yastrzemski,Boston Red Sox,False,Grand Gamers	GOG-4	Carl Yastrzemski	Boston Red Sox
2024_topps_series1,2024,Topps,Series 1,Grand Gamers,,GOG-5,1,Mike Schmidt,Philadelphia Phillies,False,Grand Gamers	GOG-5	Mike Schmidt	Philadelphia Phillies
2024_topps_series1,2024,Topps,Series 1,Grand Gamers,,GOG-6,1,Derek Jeter,New York Yankees,False,Grand Gamers	GOG-6	Derek Jeter	New York Yankees
2024_topps_series1,2024,Topps,Series 1,Grand Gamers,,GOG-7,1,Greg Maddux,Atlanta Braves,False,Grand Gamers	GOG-7	Greg Maddux	Atlanta Braves
2024_topps_series1,2024,Topps,Series 1,Grand Gamers,,GOG-8,1,Frank Thomas,Chicago White Sox,False,Grand Gamers	GOG-8	Frank Thomas	Chicago White Sox
2024_topps_series1,2024,Topps,Series 1,Grand Gamers,,GOG-9,1,Ken Griffey Jr.,Seattle Mariners,False,Grand Gamers	GOG-9	Ken Griffey Jr.	Seattle Mariners
2024_topps_series1,2024,Topps,Series 1,Grand Gamers,,GOG-10,1,Ozzie Smith,St. Louis Cardinals,False,Grand Gamers	GOG-10	Ozzie Smith	St. Louis Cardinals
2024_topps_series1,2024,Topps,Series 1,Grand Gamers,,GOG-11,1,Rod Carew,Minnesota Twins,False,Grand Gamers	GOG-11	Rod Carew	Minnesota Twins
2024_topps_series1,2024,Topps,Series 1,Grand Gamers,,GOG-12,1,Ryne Sandberg,Chicago Cubs,False,Grand Gamers	GOG-12	Ryne Sandberg	Chicago Cubs
2024_topps_series1,2024,Topps,Series 1,Grand Gamers,,GOG-13,1,Jackie Robinson,Brooklyn Dodgers,False,Grand Gamers	GOG-13	Jackie Robinson	Brooklyn Dodgers
2024_topps_series1,2024,Topps,Series 1,Grand Gamers,,GOG-14,1,Tony Gwynn,San Diego Padres,False,Grand Gamers	GOG-14	Tony Gwynn	San Diego Padres
2024_topps_series1,2024,Topps,Series 1,Grand Gamers,,GOG-15,1,Ted Williams,Boston Red Sox,False,Grand Gamers	GOG-15	Ted Williams	Boston Red Sox
2024_topps_series1,2024,Topps,Series 1,Grand Gamers,,GOG-16,1,Ty Cobb,Detroit Tigers,False,Grand Gamers	GOG-16	Ty Cobb	Detroit Tigers
2024_topps_series1,2024,Topps,Series 1,Grand Gamers,,GOG-17,1,Buster Posey,San Francisco Giants,False,Grand Gamers	GOG-17	Buster Posey	San Francisco Giants
2024_topps_series1,2024,Topps,Series 1,Grand Gamers,,GOG-18,1,Johnny Bench,Cincinnati Reds,False,Grand Gamers	GOG-18	Johnny Bench	Cincinnati Reds
2024_topps_series1,2024,Topps,Series 1,Grand Gamers,,GOG-19,1,Clayton Kershaw,Los Angeles Dodgers,False,Grand Gamers	GOG-19	Clayton Kershaw	Los Angeles Dodgers
2024_topps_series1,2024,Topps,Series 1,Grand Gamers,,GOG-20,1,Mike Trout,Los Angeles Angels,False,Grand Gamers	GOG-20	Mike Trout	Los Angeles Angels
2024_topps_series1,2024,Topps,Series 1,Grand Gamers,,GOG-21,1,George Brett,Kansas City Royals,False,Grand Gamers	GOG-21	George Brett	Kansas City Royals
2024_topps_series1,2024,Topps,Series 1,Grand Gamers,,GOG-22,1,Roberto Clemente,Pittsburgh Pirates,False,Grand Gamers	GOG-22	Roberto Clemente	Pittsburgh Pirates
2024_topps_series1,2024,Topps,Series 1,Grand Gamers,,GOG-23,1,Christy Mathewson,New York Giants,False,Grand Gamers	GOG-23	Christy Mathewson	New York Giants
2024_topps_series1,2024,Topps,Series 1,Grand Gamers,,GOG-24,1,Bob Feller,Cleveland,False,Grand Gamers	GOG-24	Bob Feller	Cleveland
2024_topps_series1,2024,Topps,Series 1,Grand Gamers,,GOG-25,1,Ichiro,Seattle Mariners,False,Grand Gamers	GOG-25	Ichiro	Seattle Mariners
2024_topps_series1,2024,Topps,Series 1,Grand Gamers,,GOG-26,1,Tom Seaver,New York Mets,False,Grand Gamers	GOG-26	Tom Seaver	New York Mets
2024_topps_series1,2024,Topps,Series 1,Grand Gamers Autographs,,GOGA-BP,1,Buster Posey,San Francisco Giants,False,Grand Gamers Autographs	GOGA-BP	Buster Posey	San Francisco Giants
2024_topps_series1,2024,Topps,Series 1,Grand Gamers Autographs,,GOGA-CR,1,Cal Ripken Jr.,Baltimore Orioles,False,Grand Gamers Autographs	GOGA-CR	Cal Ripken Jr.	Baltimore Orioles
2024_topps_series1,2024,Topps,Series 1,Grand Gamers Autographs,,GOGA-CY,1,Carl Yastrzemski,Boston Red Sox,False,Grand Gamers Autographs	GOGA-CY	Carl Yastrzemski	Boston Red Sox
2024_topps_series1,2024,Topps,Series 1,Grand Gamers Autographs,,GOGA-DJ,1,Derek Jeter,New York Yankees,False,Grand Gamers Autographs	GOGA-DJ	Derek Jeter	New York Yankees
2024_topps_series1,2024,Topps,Series 1,Grand Gamers Autographs,,GOGA-FT,1,Frank Thomas,Chicago White Sox,False,Grand Gamers Autographs	GOGA-FT	Frank Thomas	Chicago White Sox
2024_topps_series1,2024,Topps,Series 1,Grand Gamers Autographs,,GOGA-GB,1,George Brett,Kansas City Royals,False,Grand Gamers Autographs	GOGA-GB	George Brett	Kansas City Royals
2024_topps_series1,2024,Topps,Series 1,Grand Gamers Autographs,,GOGA-GM,1,Greg Maddux,Atlanta Braves,False,Grand Gamers Autographs	GOGA-GM	Greg Maddux	Atlanta Braves
2024_topps_series1,2024,Topps,Series 1,Grand Gamers Autographs,,GOGA-I,1,Ichiro,Seattle Mariners,False,Grand Gamers Autographs	GOGA-I	Ichiro	Seattle Mariners
2024_topps_series1,2024,Topps,Series 1,Grand Gamers Autographs,,GOGA-JB,1,Johnny Bench,Cincinnati Reds,False,Grand Gamers Autographs	GOGA-JB	Johnny Bench	Cincinnati Reds
2024_topps_series1,2024,Topps,Series 1,Grand Gamers Autographs,,GOGA-MS,1,Mike Schmidt,Philadelphia Phillies,False,Grand Gamers Autographs	GOGA-MS	Mike Schmidt	Philadelphia Phillies
2024_topps_series1,2024,Topps,Series 1,Grand Gamers Autographs,,GOGA-MT,1,Mike Trout,Los Angeles Angels,False,Grand Gamers Autographs	GOGA-MT	Mike Trout	Los Angeles Angels
2024_topps_series1,2024,Topps,Series 1,Grand Gamers Autographs,,GOGA-NR,1,Nolan Ryan,Houston Astros,False,Grand Gamers Autographs	GOGA-NR	Nolan Ryan	Houston Astros
2024_topps_series1,2024,Topps,Series 1,Grand Gamers Autographs,,GOGA-OS,1,Ozzie Smith,St. Louis Cardinals,False,Grand Gamers Autographs	GOGA-OS	Ozzie Smith	St. Louis Cardinals
2024_topps_series1,2024,Topps,Series 1,Grand Gamers Autographs,,GOGA-RS,1,Ryne Sandberg,Chicago Cubs,False,Grand Gamers Autographs	GOGA-RS	Ryne Sandberg	Chicago Cubs
2024_topps_series1,2024,Topps,Series 1,Heavy Lumber,,HL-1,1,Juan Soto,San Diego Padres,False,Heavy Lumber	HL-1	Juan Soto	San Diego Padres
2024_topps_series1,2024,Topps,Series 1,Heavy Lumber,,HL-2,1,Julio Rodríguez,Seattle Mariners,False,Heavy Lumber	HL-2	Julio Rodríguez	Seattle Mariners
2024_topps_series1,2024,Topps,Series 1,Heavy Lumber,,HL-3,1,Aaron Judge,New York Yankees,False,Heavy Lumber	HL-3	Aaron Judge	New York Yankees
2024_topps_series1,2024,Topps,Series 1,Heavy Lumber,,HL-4,1,Ronald Acuña Jr.,Atlanta Braves,False,Heavy Lumber	HL-4	Ronald Acuña Jr.	Atlanta Braves
2024_topps_series1,2024,Topps,Series 1,Heavy Lumber,,HL-5,1,Pete Alonso,New York Mets,False,Heavy Lumber	HL-5	Pete Alonso	New York Mets
2024_topps_series1,2024,Topps,Series 1,Heavy Lumber,,HL-6,1,Yordan Alvarez,Houston Astros,False,Heavy Lumber	HL-6	Yordan Alvarez	Houston Astros
2024_topps_series1,2024,Topps,Series 1,Heavy Lumber,,HL-7,1,Paul Goldschmidt,St. Louis Cardinals,False,Heavy Lumber	HL-7	Paul Goldschmidt	St. Louis Cardinals
2024_topps_series1,2024,Topps,Series 1,Heavy Lumber,,HL-8,1,Bryce Harper,Philadelphia Phillies,False,Heavy Lumber	HL-8	Bryce Harper	Philadelphia Phillies
2024_topps_series1,2024,Topps,Series 1,Heavy Lumber,,HL-9,1,Shohei Ohtani,Los Angeles Angels,False,Heavy Lumber	HL-9	Shohei Ohtani	Los Angeles Angels
2024_topps_series1,2024,Topps,Series 1,Heavy Lumber,,HL-10,1,Mike Trout,Los Angeles Angels,False,Heavy Lumber	HL-10	Mike Trout	Los Angeles Angels
2024_topps_series1,2024,Topps,Series 1,Heavy Lumber,,HL-11,1,Freddie Freeman,Los Angeles Dodgers,False,Heavy Lumber	HL-11	Freddie Freeman	Los Angeles Dodgers
2024_topps_series1,2024,Topps,Series 1,Heavy Lumber,,HL-12,1,Rafael Devers,Boston Red Sox,False,Heavy Lumber	HL-12	Rafael Devers	Boston Red Sox
2024_topps_series1,2024,Topps,Series 1,Heavy Lumber,,HL-13,1,Jazz Chisholm Jr.,Miami Marlins,False,Heavy Lumber	HL-13	Jazz Chisholm Jr.	Miami Marlins
2024_topps_series1,2024,Topps,Series 1,Heavy Lumber,,HL-14,1,Byron Buxton,Minnesota Twins,False,Heavy Lumber	HL-14	Byron Buxton	Minnesota Twins
2024_topps_series1,2024,Topps,Series 1,Heavy Lumber,,HL-15,1,Adley Rutschman,Baltimore Orioles,False,Heavy Lumber	HL-15	Adley Rutschman	Baltimore Orioles
2024_topps_series1,2024,Topps,Series 1,Heavy Lumber,,HL-16,1,Bobby Witt Jr.,Kansas City Royals,False,Heavy Lumber	HL-16	Bobby Witt Jr.	Kansas City Royals
2024_topps_series1,2024,Topps,Series 1,Heavy Lumber,,HL-17,1,Elly De La Cruz,Cincinnati Reds,False,Heavy Lumber	HL-17	Elly De La Cruz	Cincinnati Reds
2024_topps_series1,2024,Topps,Series 1,Heavy Lumber,,HL-18,1,Henry Davis,Pittsburgh Pirates,False,Heavy Lumber	HL-18	Henry Davis	Pittsburgh Pirates
2024_topps_series1,2024,Topps,Series 1,Heavy Lumber,,HL-19,1,Vladimir Guerrero Jr.,Toronto Blue Jays,False,Heavy Lumber	HL-19	Vladimir Guerrero Jr.	Toronto Blue Jays
2024_topps_series1,2024,Topps,Series 1,Heavy Lumber,,HL-20,1,Christopher Morel,Chicago Cubs,False,Heavy Lumber	HL-20	Christopher Morel	Chicago Cubs
2024_topps_series1,2024,Topps,Series 1,Heavy Lumber Autograph Relics,,HLA-AJ,1,Aaron Judge,New York Yankees,False,Heavy Lumber Autograph Relics	HLA-AJ	Aaron Judge	New York Yankees
2024_topps_series1,2024,Topps,Series 1,Heavy Lumber Autograph Relics,,HLA-BB,1,Byron Buxton,Minnesota Twins,False,Heavy Lumber Autograph Relics	HLA-BB	Byron Buxton	Minnesota Twins
2024_topps_series1,2024,Topps,Series 1,Heavy Lumber Autograph Relics,,HLA-JC,1,Jazz Chisholm Jr.,Miami Marlins,False,Heavy Lumber Autograph Relics	HLA-JC	Jazz Chisholm Jr.	Miami Marlins
2024_topps_series1,2024,Topps,Series 1,Heavy Lumber Autograph Relics,,HLA-JS,1,Juan Soto,San Diego Padres,False,Heavy Lumber Autograph Relics	HLA-JS	Juan Soto	San Diego Padres
2024_topps_series1,2024,Topps,Series 1,Heavy Lumber Autograph Relics,,HLA-MT,1,Mike Trout,Los Angeles Angels,False,Heavy Lumber Autograph Relics	HLA-MT	Mike Trout	Los Angeles Angels
2024_topps_series1,2024,Topps,Series 1,Heavy Lumber Autograph Relics,,HLA-PG,1,Paul Goldschmidt,St. Louis Cardinals,False,Heavy Lumber Autograph Relics	HLA-PG	Paul Goldschmidt	St. Louis Cardinals
2024_topps_series1,2024,Topps,Series 1,Heavy Lumber Autograph Relics,,HLA-RA,1,Ronald Acuña Jr.,Atlanta Braves,False,Heavy Lumber Autograph Relics	HLA-RA	Ronald Acuña Jr.	Atlanta Braves
2024_topps_series1,2024,Topps,Series 1,Heavy Lumber Autograph Relics,,HLA-SO,1,Shohei Ohtani,Los Angeles Angels,False,Heavy Lumber Autograph Relics	HLA-SO	Shohei Ohtani	Los Angeles Angels
2024_topps_series1,2024,Topps,Series 1,Heavy Lumber Autograph Relics,,HLA-YA,1,Yordan Alvarez,Houston Astros,False,Heavy Lumber Autograph Relics	HLA-YA	Yordan Alvarez	Houston Astros
2024_topps_series1,2024,Topps,Series 1,Home Run Challenge Code,,HRC-1,1,Shohei Ohtani,Los Angeles Angels,False,Home Run Challenge Code	HRC-1	Shohei Ohtani	Los Angeles Angels
2024_topps_series1,2024,Topps,Series 1,Home Run Challenge Code,,HRC-2,1,Mike Trout,Los Angeles Angels,False,Home Run Challenge Code	HRC-2	Mike Trout	Los Angeles Angels
2024_topps_series1,2024,Topps,Series 1,Home Run Challenge Code,,HRC-3,1,Corbin Carroll,Arizona Diamondbacks,False,Home Run Challenge Code	HRC-3	Corbin Carroll	Arizona Diamondbacks
2024_topps_series1,2024,Topps,Series 1,Home Run Challenge Code,,HRC-4,1,Ronald Acuña Jr.,Atlanta Braves,False,Home Run Challenge Code	HRC-4	Ronald Acuña Jr.	Atlanta Braves
2024_topps_series1,2024,Topps,Series 1,Home Run Challenge Code,,HRC-5,1,Matt Olson,Atlanta Braves,False,Home Run Challenge Code	HRC-5	Matt Olson	Atlanta Braves
2024_topps_series1,2024,Topps,Series 1,Home Run Challenge Code,,HRC-6,1,Ozzie Albies,Atlanta Braves,False,Home Run Challenge Code	HRC-6	Ozzie Albies	Atlanta Braves
2024_topps_series1,2024,Topps,Series 1,Home Run Challenge Code,,HRC-7,1,Adley Rutschman,Baltimore Orioles,False,Home Run Challenge Code	HRC-7	Adley Rutschman	Baltimore Orioles
2024_topps_series1,2024,Topps,Series 1,Home Run Challenge Code,,HRC-8,1,Rafael Devers,Boston Red Sox,False,Home Run Challenge Code	HRC-8	Rafael Devers	Boston Red Sox
2024_topps_series1,2024,Topps,Series 1,Home Run Challenge Code,,HRC-9,1,Luis Robert Jr.,Chicago White Sox,False,Home Run Challenge Code	HRC-9	Luis Robert Jr.	Chicago White Sox
2024_topps_series1,2024,Topps,Series 1,Home Run Challenge Code,,HRC-10,1,Elly De La Cruz,Cincinnati Reds,False,Home Run Challenge Code	HRC-10	Elly De La Cruz	Cincinnati Reds
2024_topps_series1,2024,Topps,Series 1,Home Run Challenge Code,,HRC-11,1,Yordan Alvarez,Houston Astros,False,Home Run Challenge Code	HRC-11	Yordan Alvarez	Houston Astros
2024_topps_series1,2024,Topps,Series 1,Home Run Challenge Code,,HRC-12,1,Freddie Freeman,Los Angeles Dodgers,False,Home Run Challenge Code	HRC-12	Freddie Freeman	Los Angeles Dodgers
2024_topps_series1,2024,Topps,Series 1,Home Run Challenge Code,,HRC-13,1,Mookie Betts,Los Angeles Dodgers,False,Home Run Challenge Code	HRC-13	Mookie Betts	Los Angeles Dodgers
2024_topps_series1,2024,Topps,Series 1,Home Run Challenge Code,,HRC-14,1,Byron Buxton,Minnesota Twins,False,Home Run Challenge Code	HRC-14	Byron Buxton	Minnesota Twins
2024_topps_series1,2024,Topps,Series 1,Home Run Challenge Code,,HRC-15,1,Pete Alonso,New York Mets,False,Home Run Challenge Code	HRC-15	Pete Alonso	New York Mets
2024_topps_series1,2024,Topps,Series 1,Home Run Challenge Code,,HRC-16,1,Francisco Lindor,New York Mets,False,Home Run Challenge Code	HRC-16	Francisco Lindor	New York Mets
2024_topps_series1,2024,Topps,Series 1,Home Run Challenge Code,,HRC-17,1,Aaron Judge,New York Yankees,False,Home Run Challenge Code	HRC-17	Aaron Judge	New York Yankees
2024_topps_series1,2024,Topps,Series 1,Home Run Challenge Code,,HRC-18,1,Bryce Harper,Philadelphia Phillies,False,Home Run Challenge Code	HRC-18	Bryce Harper	Philadelphia Phillies
2024_topps_series1,2024,Topps,Series 1,Home Run Challenge Code,,HRC-19,1,Henry Davis,Pittsburgh Pirates,False,Home Run Challenge Code	HRC-19	Henry Davis	Pittsburgh Pirates
2024_topps_series1,2024,Topps,Series 1,Home Run Challenge Code,,HRC-20,1,Juan Soto,San Diego Padres,False,Home Run Challenge Code	HRC-20	Juan Soto	San Diego Padres
2024_topps_series1,2024,Topps,Series 1,Home Run Challenge Code,,HRC-21,1,Fernando Tatis Jr.,San Diego Padres,False,Home Run Challenge Code	HRC-21	Fernando Tatis Jr.	San Diego Padres
2024_topps_series1,2024,Topps,Series 1,Home Run Challenge Code,,HRC-22,1,Julio Rodríguez,Seattle Mariners,False,Home Run Challenge Code	HRC-22	Julio Rodríguez	Seattle Mariners
2024_topps_series1,2024,Topps,Series 1,Home Run Challenge Code,,HRC-23,1,Nolan Arenado,St. Louis Cardinals,False,Home Run Challenge Code	HRC-23	Nolan Arenado	St. Louis Cardinals
2024_topps_series1,2024,Topps,Series 1,Home Run Challenge Code,,HRC-24,1,Paul Goldschmidt,St. Louis Cardinals,False,Home Run Challenge Code	HRC-24	Paul Goldschmidt	St. Louis Cardinals
2024_topps_series1,2024,Topps,Series 1,Home Run Challenge Code,,HRC-25,1,Randy Arozarena,Tampa Bay Rays,False,Home Run Challenge Code	HRC-25	Randy Arozarena	Tampa Bay Rays
2024_topps_series1,2024,Topps,Series 1,Home Run Challenge Code,,HRC-26,1,Josh Jung,Texas Rangers,False,Home Run Challenge Code	HRC-26	Josh Jung	Texas Rangers
2024_topps_series1,2024,Topps,Series 1,Home Run Challenge Code,,HRC-27,1,Vladimir Guerrero Jr.,Toronto Blue Jays,False,Home Run Challenge Code	HRC-27	Vladimir Guerrero Jr.	Toronto Blue Jays
2024_topps_series1,2024,Topps,Series 1,Home Run Challenge Code,,HRC-28,1,Bo Bichette,Toronto Blue Jays,False,Home Run Challenge Code	HRC-28	Bo Bichette	Toronto Blue Jays
2024_topps_series1,2024,Topps,Series 1,Home Run Challenge Code,,HRC-29,1,Bobby Witt Jr.,Kansas City Royals,False,Home Run Challenge Code	HRC-29	Bobby Witt Jr.	Kansas City Royals
2024_topps_series1,2024,Topps,Series 1,Home Run Challenge Code,,HRC-30,1,Jazz Chisholm Jr.,Miami Marlins,False,Home Run Challenge Code	HRC-30	Jazz Chisholm Jr.	Miami Marlins
2024_topps_series1,2024,Topps,Series 1,Home Sweet Home Stadium Medallions,,HSH-AB,1,Alex Bregman,Houston Astros,False,Home Sweet Home Stadium Medallions	HSH-AB	Alex Bregman	Houston Astros
2024_topps_series1,2024,Topps,Series 1,Home Sweet Home Stadium Medallions,,HSH-AJ,1,Aaron Judge,New York Yankees,False,Home Sweet Home Stadium Medallions	HSH-AJ	Aaron Judge	New York Yankees
2024_topps_series1,2024,Topps,Series 1,Home Sweet Home Stadium Medallions,,HSH-AM,1,Andrew McCutchen,Pittsburgh Pirates,False,Home Sweet Home Stadium Medallions	HSH-AM	Andrew McCutchen	Pittsburgh Pirates
2024_topps_series1,2024,Topps,Series 1,Home Sweet Home Stadium Medallions,,HSH-ARU,1,Adley Rutschman,Baltimore Orioles,False,Home Sweet Home Stadium Medallions	HSH-ARU	Adley Rutschman	Baltimore Orioles
2024_topps_series1,2024,Topps,Series 1,Home Sweet Home Stadium Medallions,,HSH-BB,1,Bo Bichette,Toronto Blue Jays,False,Home Sweet Home Stadium Medallions	HSH-BB	Bo Bichette	Toronto Blue Jays
2024_topps_series1,2024,Topps,Series 1,Home Sweet Home Stadium Medallions,,HSH-BBX,1,Byron Buxton,Minnesota Twins,False,Home Sweet Home Stadium Medallions	HSH-BBX	Byron Buxton	Minnesota Twins
2024_topps_series1,2024,Topps,Series 1,Home Sweet Home Stadium Medallions,,HSH-BH,1,Bryce Harper,Philadelphia Phillies,False,Home Sweet Home Stadium Medallions	HSH-BH	Bryce Harper	Philadelphia Phillies
2024_topps_series1,2024,Topps,Series 1,Home Sweet Home Stadium Medallions,,HSH-BW,1,Bobby Witt Jr.,Kansas City Royals,False,Home Sweet Home Stadium Medallions	HSH-BW	Bobby Witt Jr.	Kansas City Royals
2024_topps_series1,2024,Topps,Series 1,Home Sweet Home Stadium Medallions,,HSH-CC,1,Colton Cowser,Baltimore Orioles,False,Home Sweet Home Stadium Medallions	HSH-CC	Colton Cowser	Baltimore Orioles
2024_topps_series1,2024,Topps,Series 1,Home Sweet Home Stadium Medallions,,HSH-CCA,1,Corbin Carroll,Arizona Diamondbacks,False,Home Sweet Home Stadium Medallions	HSH-CCA	Corbin Carroll	Arizona Diamondbacks
2024_topps_series1,2024,Topps,Series 1,Home Sweet Home Stadium Medallions,,HSH-CK,1,Clayton Kershaw,Los Angeles Dodgers,False,Home Sweet Home Stadium Medallions	HSH-CK	Clayton Kershaw	Los Angeles Dodgers
2024_topps_series1,2024,Topps,Series 1,Home Sweet Home Stadium Medallions,,HSH-CM,1,Christopher Morel,Chicago Cubs,False,Home Sweet Home Stadium Medallions	HSH-CM	Christopher Morel	Chicago Cubs
2024_topps_series1,2024,Topps,Series 1,Home Sweet Home Stadium Medallions,,HSH-CS,1,Corey Seager,Texas Rangers,False,Home Sweet Home Stadium Medallions	HSH-CS	Corey Seager	Texas Rangers
2024_topps_series1,2024,Topps,Series 1,Home Sweet Home Stadium Medallions,,HSH-CY,1,Christian Yelich,Milwaukee Brewers,False,Home Sweet Home Stadium Medallions	HSH-CY	Christian Yelich	Milwaukee Brewers
2024_topps_series1,2024,Topps,Series 1,Home Sweet Home Stadium Medallions,,HSH-DS,1,Dansby Swanson,Chicago Cubs,False,Home Sweet Home Stadium Medallions	HSH-DS	Dansby Swanson	Chicago Cubs
2024_topps_series1,2024,Topps,Series 1,Home Sweet Home Stadium Medallions,,HSH-ED,1,Elly De La Cruz,Cincinnati Reds,False,Home Sweet Home Stadium Medallions	HSH-ED	Elly De La Cruz	Cincinnati Reds
2024_topps_series1,2024,Topps,Series 1,Home Sweet Home Stadium Medallions,,HSH-FF,1,Freddie Freeman,Los Angeles Dodgers,False,Home Sweet Home Stadium Medallions	HSH-FF	Freddie Freeman	Los Angeles Dodgers
2024_topps_series1,2024,Topps,Series 1,Home Sweet Home Stadium Medallions,,HSH-FL,1,Francisco Lindor,New York Mets,False,Home Sweet Home Stadium Medallions	HSH-FL	Francisco Lindor	New York Mets
2024_topps_series1,2024,Topps,Series 1,Home Sweet Home Stadium Medallions,,HSH-FT,1,Fernando Tatis Jr.,San Diego Padres,False,Home Sweet Home Stadium Medallions	HSH-FT	Fernando Tatis Jr.	San Diego Padres
2024_topps_series1,2024,Topps,Series 1,Home Sweet Home Stadium Medallions,,HSH-GC,1,Gerrit Cole,New York Yankees,False,Home Sweet Home Stadium Medallions	HSH-GC	Gerrit Cole	New York Yankees
2024_topps_series1,2024,Topps,Series 1,Home Sweet Home Stadium Medallions,,HSH-GEL,1,Zack Gelof,Oakland Athletics,False,Home Sweet Home Stadium Medallions	HSH-GEL	Zack Gelof	Oakland Athletics
2024_topps_series1,2024,Topps,Series 1,Home Sweet Home Stadium Medallions,,HSH-HD,1,Henry Davis,Pittsburgh Pirates,False,Home Sweet Home Stadium Medallions	HSH-HD	Henry Davis	Pittsburgh Pirates
2024_topps_series1,2024,Topps,Series 1,Home Sweet Home Stadium Medallions,,HSH-JA,1,Jose Altuve,Houston Astros,False,Home Sweet Home Stadium Medallions	HSH-JA	Jose Altuve	Houston Astros
2024_topps_series1,2024,Topps,Series 1,Home Sweet Home Stadium Medallions,,HSH-JC,1,Jazz Chisholm Jr.,Miami Marlins,False,Home Sweet Home Stadium Medallions	HSH-JC	Jazz Chisholm Jr.	Miami Marlins
2024_topps_series1,2024,Topps,Series 1,Home Sweet Home Stadium Medallions,,HSH-JR,1,José Ramírez,Cleveland Guardians,False,Home Sweet Home Stadium Medallions	HSH-JR	José Ramírez	Cleveland Guardians
2024_topps_series1,2024,Topps,Series 1,Home Sweet Home Stadium Medallions,,HSH-JROD,1,Julio Rodríguez,Seattle Mariners,False,Home Sweet Home Stadium Medallions	HSH-JROD	Julio Rodríguez	Seattle Mariners
2024_topps_series1,2024,Topps,Series 1,Home Sweet Home Stadium Medallions,,HSH-JS,1,Juan Soto,San Diego Padres,False,Home Sweet Home Stadium Medallions	HSH-JS	Juan Soto	San Diego Padres
2024_topps_series1,2024,Topps,Series 1,Home Sweet Home Stadium Medallions,,HSH-JV,1,Joey Votto,Cincinnati Reds,False,Home Sweet Home Stadium Medallions	HSH-JV	Joey Votto	Cincinnati Reds
2024_topps_series1,2024,Topps,Series 1,Home Sweet Home Stadium Medallions,,HSH-JW,1,Jordan Westburg,Baltimore Orioles,False,Home Sweet Home Stadium Medallions	HSH-JW	Jordan Westburg	Baltimore Orioles
2024_topps_series1,2024,Topps,Series 1,Home Sweet Home Stadium Medallions,,HSH-KB,1,Kris Bryant,Colorado Rockies,False,Home Sweet Home Stadium Medallions	HSH-KB	Kris Bryant	Colorado Rockies
2024_topps_series1,2024,Topps,Series 1,Home Sweet Home Stadium Medallions,,HSH-LR,1,Luis Robert Jr.,Chicago White Sox,False,Home Sweet Home Stadium Medallions	HSH-LR	Luis Robert Jr.	Chicago White Sox
2024_topps_series1,2024,Topps,Series 1,Home Sweet Home Stadium Medallions,,HSH-MB,1,Mookie Betts,Los Angeles Dodgers,False,Home Sweet Home Stadium Medallions	HSH-MB	Mookie Betts	Los Angeles Dodgers
2024_topps_series1,2024,Topps,Series 1,Home Sweet Home Stadium Medallions,,HSH-MC,1,Miguel Cabrera,Detroit Tigers,False,Home Sweet Home Stadium Medallions	HSH-MC	Miguel Cabrera	Detroit Tigers
2024_topps_series1,2024,Topps,Series 1,Home Sweet Home Stadium Medallions,,HSH-ML,1,Marco Luciano,San Francisco Giants,False,Home Sweet Home Stadium Medallions	HSH-ML	Marco Luciano	San Francisco Giants
2024_topps_series1,2024,Topps,Series 1,Home Sweet Home Stadium Medallions,,HSH-MM,1,Manny Machado,San Diego Padres,False,Home Sweet Home Stadium Medallions	HSH-MM	Manny Machado	San Diego Padres
2024_topps_series1,2024,Topps,Series 1,Home Sweet Home Stadium Medallions,,HSH-MO,1,Matt Olson,Atlanta Braves,False,Home Sweet Home Stadium Medallions	HSH-MO	Matt Olson	Atlanta Braves
2024_topps_series1,2024,Topps,Series 1,Home Sweet Home Stadium Medallions,,HSH-MT,1,Mike Trout,Los Angeles Angels,False,Home Sweet Home Stadium Medallions	HSH-MT	Mike Trout	Los Angeles Angels
2024_topps_series1,2024,Topps,Series 1,Home Sweet Home Stadium Medallions,,HSH-NA,1,Nolan Arenado,St. Louis Cardinals,False,Home Sweet Home Stadium Medallions	HSH-NA	Nolan Arenado	St. Louis Cardinals
2024_topps_series1,2024,Topps,Series 1,Home Sweet Home Stadium Medallions,,HSH-PA,1,Pete Alonso,New York Mets,False,Home Sweet Home Stadium Medallions	HSH-PA	Pete Alonso	New York Mets
2024_topps_series1,2024,Topps,Series 1,Home Sweet Home Stadium Medallions,,HSH-PG,1,Paul Goldschmidt,St. Louis Cardinals,False,Home Sweet Home Stadium Medallions	HSH-PG	Paul Goldschmidt	St. Louis Cardinals
2024_topps_series1,2024,Topps,Series 1,Home Sweet Home Stadium Medallions,,HSH-RA,1,Randy Arozarena,Tampa Bay Rays,False,Home Sweet Home Stadium Medallions	HSH-RA	Randy Arozarena	Tampa Bay Rays
2024_topps_series1,2024,Topps,Series 1,Home Sweet Home Stadium Medallions,,HSH-RAJ,1,Ronald Acuña Jr.,Atlanta Braves,False,Home Sweet Home Stadium Medallions	HSH-RAJ	Ronald Acuña Jr.	Atlanta Braves
2024_topps_series1,2024,Topps,Series 1,Home Sweet Home Stadium Medallions,,HSH-RD,1,Rafael Devers,Boston Red Sox,False,Home Sweet Home Stadium Medallions	HSH-RD	Rafael Devers	Boston Red Sox
2024_topps_series1,2024,Topps,Series 1,Home Sweet Home Stadium Medallions,,HSH-RG,1,Riley Greene,Detroit Tigers,False,Home Sweet Home Stadium Medallions	HSH-RG	Riley Greene	Detroit Tigers
2024_topps_series1,2024,Topps,Series 1,Home Sweet Home Stadium Medallions,,HSH-RMA,1,Ronny Mauricio,New York Mets,False,Home Sweet Home Stadium Medallions	HSH-RMA	Ronny Mauricio	New York Mets
2024_topps_series1,2024,Topps,Series 1,Home Sweet Home Stadium Medallions,,HSH-SO,1,Shohei Ohtani,Los Angeles Angels,False,Home Sweet Home Stadium Medallions	HSH-SO	Shohei Ohtani	Los Angeles Angels
2024_topps_series1,2024,Topps,Series 1,Home Sweet Home Stadium Medallions,,HSH-SS,1,Spencer Strider,Atlanta Braves,False,Home Sweet Home Stadium Medallions	HSH-SS	Spencer Strider	Atlanta Braves
2024_topps_series1,2024,Topps,Series 1,Home Sweet Home Stadium Medallions,,HSH-TT,1,Trea Turner,Philadelphia Phillies,False,Home Sweet Home Stadium Medallions	HSH-TT	Trea Turner	Philadelphia Phillies
2024_topps_series1,2024,Topps,Series 1,Home Sweet Home Stadium Medallions,,HSH-VG,1,Vladimir Guerrero Jr.,Toronto Blue Jays,False,Home Sweet Home Stadium Medallions	HSH-VG	Vladimir Guerrero Jr.	Toronto Blue Jays
2024_topps_series1,2024,Topps,Series 1,Home Sweet Home Stadium Medallions,,HSH-YA,1,Yordan Alvarez,Houston Astros,False,Home Sweet Home Stadium Medallions	HSH-YA	Yordan Alvarez	Houston Astros
2024_topps_series1,2024,Topps,Series 1,Home Sweet Home Stadium Medallions Autographs,,HSHA-AB,1,Alex Bregman,Houston Astros,False,Home Sweet Home Stadium Medallions Autographs	HSHA-AB	Alex Bregman	Houston Astros
2024_topps_series1,2024,Topps,Series 1,Home Sweet Home Stadium Medallions Autographs,,HSHA-AJ,1,Aaron Judge,New York Yankees,False,Home Sweet Home Stadium Medallions Autographs	HSHA-AJ	Aaron Judge	New York Yankees
2024_topps_series1,2024,Topps,Series 1,Home Sweet Home Stadium Medallions Autographs,,HSHA-ARU,1,Adley Rutschman,Baltimore Orioles,False,Home Sweet Home Stadium Medallions Autographs	HSHA-ARU	Adley Rutschman	Baltimore Orioles
2024_topps_series1,2024,Topps,Series 1,Home Sweet Home Stadium Medallions Autographs,,HSHA-BBX,1,Byron Buxton,Minnesota Twins,False,Home Sweet Home Stadium Medallions Autographs	HSHA-BBX	Byron Buxton	Minnesota Twins
2024_topps_series1,2024,Topps,Series 1,Home Sweet Home Stadium Medallions Autographs,,HSHA-BH,1,Bryce Harper,Philadelphia Phillies,False,Home Sweet Home Stadium Medallions Autographs	HSHA-BH	Bryce Harper	Philadelphia Phillies
2024_topps_series1,2024,Topps,Series 1,Home Sweet Home Stadium Medallions Autographs,,HSHA-BW,1,Bobby Witt Jr.,Kansas City Royals,False,Home Sweet Home Stadium Medallions Autographs	HSHA-BW	Bobby Witt Jr.	Kansas City Royals
2024_topps_series1,2024,Topps,Series 1,Home Sweet Home Stadium Medallions Autographs,,HSHA-CC,1,Colton Cowser,Baltimore Orioles,False,Home Sweet Home Stadium Medallions Autographs	HSHA-CC	Colton Cowser	Baltimore Orioles
2024_topps_series1,2024,Topps,Series 1,Home Sweet Home Stadium Medallions Autographs,,HSHA-CCA,1,Corbin Carroll,Arizona Diamondbacks,False,Home Sweet Home Stadium Medallions Autographs	HSHA-CCA	Corbin Carroll	Arizona Diamondbacks
2024_topps_series1,2024,Topps,Series 1,Home Sweet Home Stadium Medallions Autographs,,HSHA-CM,1,Christopher Morel,Chicago Cubs,False,Home Sweet Home Stadium Medallions Autographs	HSHA-CM	Christopher Morel	Chicago Cubs
2024_topps_series1,2024,Topps,Series 1,Home Sweet Home Stadium Medallions Autographs,,HSHA-CS,1,Corey Seager,Texas Rangers,False,Home Sweet Home Stadium Medallions Autographs	HSHA-CS	Corey Seager	Texas Rangers
2024_topps_series1,2024,Topps,Series 1,Home Sweet Home Stadium Medallions Autographs,,HSHA-CY,1,Christian Yelich,Milwaukee Brewers,False,Home Sweet Home Stadium Medallions Autographs	HSHA-CY	Christian Yelich	Milwaukee Brewers
2024_topps_series1,2024,Topps,Series 1,Home Sweet Home Stadium Medallions Autographs,,HSHA-DS,1,Dansby Swanson,Chicago Cubs,False,Home Sweet Home Stadium Medallions Autographs	HSHA-DS	Dansby Swanson	Chicago Cubs
2024_topps_series1,2024,Topps,Series 1,Home Sweet Home Stadium Medallions Autographs,,HSHA-ED,1,Elly De La Cruz,Cincinnati Reds,False,Home Sweet Home Stadium Medallions Autographs	HSHA-ED	Elly De La Cruz	Cincinnati Reds
2024_topps_series1,2024,Topps,Series 1,Home Sweet Home Stadium Medallions Autographs,,HSHA-FF,1,Freddie Freeman,Los Angeles Dodgers,False,Home Sweet Home Stadium Medallions Autographs	HSHA-FF	Freddie Freeman	Los Angeles Dodgers
2024_topps_series1,2024,Topps,Series 1,Home Sweet Home Stadium Medallions Autographs,,HSHA-FT,1,Fernando Tatis Jr.,San Diego Padres,False,Home Sweet Home Stadium Medallions Autographs	HSHA-FT	Fernando Tatis Jr.	San Diego Padres
2024_topps_series1,2024,Topps,Series 1,Home Sweet Home Stadium Medallions Autographs,,HSHA-GC,1,Gerrit Cole,New York Yankees,False,Home Sweet Home Stadium Medallions Autographs	HSHA-GC	Gerrit Cole	New York Yankees
2024_topps_series1,2024,Topps,Series 1,Home Sweet Home Stadium Medallions Autographs,,HSHA-GEL,1,Zack Gelof,Oakland Athletics,False,Home Sweet Home Stadium Medallions Autographs	HSHA-GEL	Zack Gelof	Oakland Athletics
2024_topps_series1,2024,Topps,Series 1,Home Sweet Home Stadium Medallions Autographs,,HSHA-HD,1,Henry Davis,Pittsburgh Pirates,False,Home Sweet Home Stadium Medallions Autographs	HSHA-HD	Henry Davis	Pittsburgh Pirates
2024_topps_series1,2024,Topps,Series 1,Home Sweet Home Stadium Medallions Autographs,,HSHA-JA,1,Jose Altuve,Houston Astros,False,Home Sweet Home Stadium Medallions Autographs	HSHA-JA	Jose Altuve	Houston Astros
2024_topps_series1,2024,Topps,Series 1,Home Sweet Home Stadium Medallions Autographs,,HSHA-JC,1,Jazz Chisholm Jr.,Miami Marlins,False,Home Sweet Home Stadium Medallions Autographs	HSHA-JC	Jazz Chisholm Jr.	Miami Marlins
2024_topps_series1,2024,Topps,Series 1,Home Sweet Home Stadium Medallions Autographs,,HSHA-JR,1,José Ramírez,Cleveland Guardians,False,Home Sweet Home Stadium Medallions Autographs	HSHA-JR	José Ramírez	Cleveland Guardians
2024_topps_series1,2024,Topps,Series 1,Home Sweet Home Stadium Medallions Autographs,,HSHA-JROD,1,Julio Rodríguez,Seattle Mariners,False,Home Sweet Home Stadium Medallions Autographs	HSHA-JROD	Julio Rodríguez	Seattle Mariners
2024_topps_series1,2024,Topps,Series 1,Home Sweet Home Stadium Medallions Autographs,,HSHA-JS,1,Juan Soto,San Diego Padres,False,Home Sweet Home Stadium Medallions Autographs	HSHA-JS	Juan Soto	San Diego Padres
2024_topps_series1,2024,Topps,Series 1,Home Sweet Home Stadium Medallions Autographs,,HSHA-JV,1,Joey Votto,Cincinnati Reds,False,Home Sweet Home Stadium Medallions Autographs	HSHA-JV	Joey Votto	Cincinnati Reds
2024_topps_series1,2024,Topps,Series 1,Home Sweet Home Stadium Medallions Autographs,,HSHA-JW,1,Jordan Westburg,Baltimore Orioles,False,Home Sweet Home Stadium Medallions Autographs	HSHA-JW	Jordan Westburg	Baltimore Orioles
2024_topps_series1,2024,Topps,Series 1,Home Sweet Home Stadium Medallions Autographs,,HSHA-KB,1,Kris Bryant,Colorado Rockies,False,Home Sweet Home Stadium Medallions Autographs	HSHA-KB	Kris Bryant	Colorado Rockies
2024_topps_series1,2024,Topps,Series 1,Home Sweet Home Stadium Medallions Autographs,,HSHA-LR,1,Luis Robert Jr.,Chicago White Sox,False,Home Sweet Home Stadium Medallions Autographs	HSHA-LR	Luis Robert Jr.	Chicago White Sox
2024_topps_series1,2024,Topps,Series 1,Home Sweet Home Stadium Medallions Autographs,,HSHA-MAU,1,Ronny Mauricio,New York Mets,False,Home Sweet Home Stadium Medallions Autographs	HSHA-MAU	Ronny Mauricio	New York Mets
2024_topps_series1,2024,Topps,Series 1,Home Sweet Home Stadium Medallions Autographs,,HSHA-MO,1,Matt Olson,Atlanta Braves,False,Home Sweet Home Stadium Medallions Autographs	HSHA-MO	Matt Olson	Atlanta Braves
2024_topps_series1,2024,Topps,Series 1,Home Sweet Home Stadium Medallions Autographs,,HSHA-MT,1,Mike Trout,Los Angeles Angels,False,Home Sweet Home Stadium Medallions Autographs	HSHA-MT	Mike Trout	Los Angeles Angels
2024_topps_series1,2024,Topps,Series 1,Home Sweet Home Stadium Medallions Autographs,,HSHA-PA,1,Pete Alonso,New York Mets,False,Home Sweet Home Stadium Medallions Autographs	HSHA-PA	Pete Alonso	New York Mets
2024_topps_series1,2024,Topps,Series 1,Home Sweet Home Stadium Medallions Autographs,,HSHA-PG,1,Paul Goldschmidt,St. Louis Cardinals,False,Home Sweet Home Stadium Medallions Autographs	HSHA-PG	Paul Goldschmidt	St. Louis Cardinals
2024_topps_series1,2024,Topps,Series 1,Home Sweet Home Stadium Medallions Autographs,,HSHA-RA,1,Randy Arozarena,Tampa Bay Rays,False,Home Sweet Home Stadium Medallions Autographs	HSHA-RA	Randy Arozarena	Tampa Bay Rays
2024_topps_series1,2024,Topps,Series 1,Home Sweet Home Stadium Medallions Autographs,,HSHA-RAJ,1,Ronald Acuña Jr.,Atlanta Braves,False,Home Sweet Home Stadium Medallions Autographs	HSHA-RAJ	Ronald Acuña Jr.	Atlanta Braves
2024_topps_series1,2024,Topps,Series 1,Home Sweet Home Stadium Medallions Autographs,,HSHA-RD,1,Rafael Devers,Boston Red Sox,False,Home Sweet Home Stadium Medallions Autographs	HSHA-RD	Rafael Devers	Boston Red Sox
2024_topps_series1,2024,Topps,Series 1,Home Sweet Home Stadium Medallions Autographs,,HSHA-RG,1,Riley Greene,Detroit Tigers,False,Home Sweet Home Stadium Medallions Autographs	HSHA-RG	Riley Greene	Detroit Tigers
2024_topps_series1,2024,Topps,Series 1,Home Sweet Home Stadium Medallions Autographs,,HSHA-SO,1,Shohei Ohtani,Los Angeles Angels,False,Home Sweet Home Stadium Medallions Autographs	HSHA-SO	Shohei Ohtani	Los Angeles Angels
2024_topps_series1,2024,Topps,Series 1,Home Sweet Home Stadium Medallions Autographs,,HSHA-SS,1,Spencer Strider,Atlanta Braves,False,Home Sweet Home Stadium Medallions Autographs	HSHA-SS	Spencer Strider	Atlanta Braves
2024_topps_series1,2024,Topps,Series 1,Home Sweet Home Stadium Medallions Autographs,,HSHA-TT,1,Trea Turner,Philadelphia Phillies,False,Home Sweet Home Stadium Medallions Autographs	HSHA-TT	Trea Turner	Philadelphia Phillies
2024_topps_series1,2024,Topps,Series 1,Home Sweet Home Stadium Medallions Autographs,,HSHA-VG,1,Vladimir Guerrero Jr.,Toronto Blue Jays,False,Home Sweet Home Stadium Medallions Autographs	HSHA-VG	Vladimir Guerrero Jr.	Toronto Blue Jays
2024_topps_series1,2024,Topps,Series 1,Home Sweet Home Stadium Medallions Autographs,,HSHA-YA,1,Yordan Alvarez,Houston Astros,False,Home Sweet Home Stadium Medallions Autographs	HSHA-YA	Yordan Alvarez	Houston Astros
2024_topps_series1,2024,Topps,Series 1,Homefield Advantage,,HFA-1,1,Elly De La Cruz,Cincinnati Reds,False,Homefield Advantage	HFA-1	Elly De La Cruz	Cincinnati Reds
2024_topps_series1,2024,Topps,Series 1,Homefield Advantage,,HFA-2,1,Clayton Kershaw,Los Angeles Dodgers,False,Homefield Advantage	HFA-2	Clayton Kershaw	Los Angeles Dodgers
2024_topps_series1,2024,Topps,Series 1,Homefield Advantage,,HFA-3,1,Yordan Alvarez,Houston Astros,False,Homefield Advantage	HFA-3	Yordan Alvarez	Houston Astros
2024_topps_series1,2024,Topps,Series 1,Homefield Advantage,,HFA-4,1,Andrew McCutchen,Pittsburgh Pirates,False,Homefield Advantage	HFA-4	Andrew McCutchen	Pittsburgh Pirates
2024_topps_series1,2024,Topps,Series 1,Homefield Advantage,,HFA-5,1,Nolan Arenado,St. Louis Cardinals,False,Homefield Advantage	HFA-5	Nolan Arenado	St. Louis Cardinals
2024_topps_series1,2024,Topps,Series 1,Homefield Advantage,,HFA-6,1,Fernando Tatis Jr.,San Diego Padres,False,Homefield Advantage	HFA-6	Fernando Tatis Jr.	San Diego Padres
2024_topps_series1,2024,Topps,Series 1,Homefield Advantage,,HFA-7,1,Julio Rodríguez,Seattle Mariners,False,Homefield Advantage	HFA-7	Julio Rodríguez	Seattle Mariners
2024_topps_series1,2024,Topps,Series 1,Homefield Advantage,,HFA-8,1,Mike Trout,Los Angeles Angels,False,Homefield Advantage	HFA-8	Mike Trout	Los Angeles Angels
2024_topps_series1,2024,Topps,Series 1,Homefield Advantage,,HFA-9,1,Randy Arozarena,Tampa Bay Rays,False,Homefield Advantage	HFA-9	Randy Arozarena	Tampa Bay Rays
2024_topps_series1,2024,Topps,Series 1,Homefield Advantage,,HFA-10,1,Bobby Witt Jr.,Kansas City Royals,False,Homefield Advantage	HFA-10	Bobby Witt Jr.	Kansas City Royals
2024_topps_series1,2024,Topps,Series 1,In the Name Relics,,ITN-AC,1,Alex Cobb,San Francisco Giants,False,In the Name Relics	ITN-AC	Alex Cobb	San Francisco Giants
2024_topps_series1,2024,Topps,Series 1,In the Name Relics,,ITN-AD,1,Alexis Díaz,Cincinnati Reds,False,In the Name Relics	ITN-AD	Alexis Díaz	Cincinnati Reds
2024_topps_series1,2024,Topps,Series 1,In the Name Relics,,ITN-AG,1,Adolis García,Texas Rangers,False,In the Name Relics	ITN-AG	Adolis García	Texas Rangers
2024_topps_series1,2024,Topps,Series 1,In the Name Relics,,ITN-AH,1,Austin Hays,Baltimore Orioles,False,In the Name Relics	ITN-AH	Austin Hays	Baltimore Orioles
2024_topps_series1,2024,Topps,Series 1,In the Name Relics,,ITN-AR,1,Austin Riley,Atlanta Braves,False,In the Name Relics	ITN-AR	Austin Riley	Atlanta Braves
2024_topps_series1,2024,Topps,Series 1,In the Name Relics,,ITN-ARU,1,Adley Rutschman,Baltimore Orioles,False,In the Name Relics	ITN-ARU	Adley Rutschman	Baltimore Orioles
2024_topps_series1,2024,Topps,Series 1,In the Name Relics,,ITN-BB,1,Bo Bichette,Toronto Blue Jays,False,In the Name Relics	ITN-BB	Bo Bichette	Toronto Blue Jays
2024_topps_series1,2024,Topps,Series 1,In the Name Relics,,ITN-CB,1,Corbin Burnes,Milwaukee Brewers,False,In the Name Relics	ITN-CB	Corbin Burnes	Milwaukee Brewers
2024_topps_series1,2024,Topps,Series 1,In the Name Relics,,ITN-CC,1,Corbin Carroll,Arizona Diamondbacks,False,In the Name Relics	ITN-CC	Corbin Carroll	Arizona Diamondbacks
2024_topps_series1,2024,Topps,Series 1,In the Name Relics,,ITN-CD,1,Camilo Doval,San Francisco Giants,False,In the Name Relics	ITN-CD	Camilo Doval	San Francisco Giants
2024_topps_series1,2024,Topps,Series 1,In the Name Relics,,ITN-CE,1,Carlos Estévez,Los Angeles Angels,False,In the Name Relics	ITN-CE	Carlos Estévez	Los Angeles Angels
2024_topps_series1,2024,Topps,Series 1,In the Name Relics,,ITN-CK,1,Craig Kimbrel,Philadelphia Phillies,False,In the Name Relics	ITN-CK	Craig Kimbrel	Philadelphia Phillies
2024_topps_series1,2024,Topps,Series 1,In the Name Relics,,ITN-CS,1,Corey Seager,Texas Rangers,False,In the Name Relics	ITN-CS	Corey Seager	Texas Rangers
2024_topps_series1,2024,Topps,Series 1,In the Name Relics,,ITN-DB,1,David Bednar,Pittsburgh Pirates,False,In the Name Relics	ITN-DB	David Bednar	Pittsburgh Pirates
2024_topps_series1,2024,Topps,Series 1,In the Name Relics,,ITN-DW,1,Devin Williams,Milwaukee Brewers,False,In the Name Relics	ITN-DW	Devin Williams	Milwaukee Brewers
2024_topps_series1,2024,Topps,Series 1,In the Name Relics,,ITN-ED,1,Elias Díaz,Colorado Rockies,False,In the Name Relics	ITN-ED	Elias Díaz	Colorado Rockies
2024_topps_series1,2024,Topps,Series 1,In the Name Relics,,ITN-FB,1,Félix Bautista,Baltimore Orioles,False,In the Name Relics	ITN-FB	Félix Bautista	Baltimore Orioles
2024_topps_series1,2024,Topps,Series 1,In the Name Relics,,ITN-FF,1,Freddie Freeman,Los Angeles Dodgers,False,In the Name Relics	ITN-FF	Freddie Freeman	Los Angeles Dodgers
2024_topps_series1,2024,Topps,Series 1,In the Name Relics,,ITN-GK,1,George Kirby,Seattle Mariners,False,In the Name Relics	ITN-GK	George Kirby	Seattle Mariners
2024_topps_series1,2024,Topps,Series 1,In the Name Relics,,ITN-GP,1,Geraldo Perdomo,Arizona Diamondbacks,False,In the Name Relics	ITN-GP	Geraldo Perdomo	Arizona Diamondbacks
2024_topps_series1,2024,Topps,Series 1,In the Name Relics,,ITN-JH,1,Josh Hader,San Diego Padres,False,In the Name Relics	ITN-JH	Josh Hader	San Diego Padres
2024_topps_series1,2024,Topps,Series 1,In the Name Relics,,ITN-JHE,1,Jonah Heim,Texas Rangers,False,In the Name Relics	ITN-JHE	Jonah Heim	Texas Rangers
2024_topps_series1,2024,Topps,Series 1,In the Name Relics,,ITN-JJ,1,Josh Jung,Texas Rangers,False,In the Name Relics	ITN-JJ	Josh Jung	Texas Rangers
2024_topps_series1,2024,Topps,Series 1,In the Name Relics,,ITN-JL,1,Jorge López,Minnesota Twins,False,In the Name Relics	ITN-JL	Jorge López	Minnesota Twins
2024_topps_series1,2024,Topps,Series 1,In the Name Relics,,ITN-JM,1,J.D. Martinez,Los Angeles Dodgers,False,In the Name Relics	ITN-JM	J.D. Martinez	Los Angeles Dodgers
2024_topps_series1,2024,Topps,Series 1,In the Name Relics,,ITN-JR,1,Jordan Romano,Toronto Blue Jays,False,In the Name Relics	ITN-JR	Jordan Romano	Toronto Blue Jays
2024_topps_series1,2024,Topps,Series 1,In the Name Relics,,ITN-JRA,1,José Ramírez,Cleveland Guardians,False,In the Name Relics	ITN-JRA	José Ramírez	Cleveland Guardians
2024_topps_series1,2024,Topps,Series 1,In the Name Relics,,ITN-JROD,1,Julio Rodríguez,Seattle Mariners,False,In the Name Relics	ITN-JROD	Julio Rodríguez	Seattle Mariners
2024_topps_series1,2024,Topps,Series 1,In the Name Relics,,ITN-JS,1,Justin Steele,Chicago Cubs,False,In the Name Relics	ITN-JS	Justin Steele	Chicago Cubs
2024_topps_series1,2024,Topps,Series 1,In the Name Relics,,ITN-JSO,1,Jorge Soler,Miami Marlins,False,In the Name Relics	ITN-JSO	Jorge Soler	Miami Marlins
2024_topps_series1,2024,Topps,Series 1,In the Name Relics,,ITN-JST,1,Juan Soto,San Diego Padres,False,In the Name Relics	ITN-JST	Juan Soto	San Diego Padres
2024_topps_series1,2024,Topps,Series 1,In the Name Relics,,ITN-KJ,1,Kenley Jansen,Boston Red Sox,False,In the Name Relics	ITN-KJ	Kenley Jansen	Boston Red Sox
2024_topps_series1,2024,Topps,Series 1,In the Name Relics,,ITN-KS,1,Kodai Senga,New York Mets,False,In the Name Relics	ITN-KS	Kodai Senga	New York Mets
2024_topps_series1,2024,Topps,Series 1,In the Name Relics,,ITN-KT,1,Kyle Tucker,Houston Astros,False,In the Name Relics	ITN-KT	Kyle Tucker	Houston Astros
2024_topps_series1,2024,Topps,Series 1,In the Name Relics,,ITN-LC,1,Luis Castillo,Seattle Mariners,False,In the Name Relics	ITN-LC	Luis Castillo	Seattle Mariners
2024_topps_series1,2024,Topps,Series 1,In the Name Relics,,ITN-LG,1,Lourdes Gurriel Jr.,Arizona Diamondbacks,False,In the Name Relics	ITN-LG	Lourdes Gurriel Jr.	Arizona Diamondbacks
2024_topps_series1,2024,Topps,Series 1,In the Name Relics,,ITN-MB,1,Mookie Betts,Los Angeles Dodgers,False,In the Name Relics	ITN-MB	Mookie Betts	Los Angeles Dodgers
2024_topps_series1,2024,Topps,Series 1,In the Name Relics,,ITN-MK,1,Mitch Keller,Pittsburgh Pirates,False,In the Name Relics	ITN-MK	Mitch Keller	Pittsburgh Pirates
2024_topps_series1,2024,Topps,Series 1,In the Name Relics,,ITN-ML,1,Michael Lorenzen,Detroit Tigers,False,In the Name Relics	ITN-ML	Michael Lorenzen	Detroit Tigers
2024_topps_series1,2024,Topps,Series 1,In the Name Relics,,ITN-MO,1,Matt Olson,Atlanta Braves,False,In the Name Relics	ITN-MO	Matt Olson	Atlanta Braves
2024_topps_series1,2024,Topps,Series 1,In the Name Relics,,ITN-MS,1,Marcus Semien,Texas Rangers,False,In the Name Relics	ITN-MS	Marcus Semien	Texas Rangers
2024_topps_series1,2024,Topps,Series 1,In the Name Relics,,ITN-NA,1,Nolan Arenado,St. Louis Cardinals,False,In the Name Relics	ITN-NA	Nolan Arenado	St. Louis Cardinals
2024_topps_series1,2024,Topps,Series 1,In the Name Relics,,ITN-NE,1,Nathan Eovaldi,Texas Rangers,False,In the Name Relics	ITN-NE	Nathan Eovaldi	Texas Rangers
2024_topps_series1,2024,Topps,Series 1,In the Name Relics,,ITN-OA,1,Ozzie Albies,Atlanta Braves,False,In the Name Relics	ITN-OA	Ozzie Albies	Atlanta Braves
2024_topps_series1,2024,Topps,Series 1,In the Name Relics,,ITN-OAR,1,Orlando Arcia,Atlanta Braves,False,In the Name Relics	ITN-OAR	Orlando Arcia	Atlanta Braves
2024_topps_series1,2024,Topps,Series 1,In the Name Relics,,ITN-PA,1,Pete Alonso,New York Mets,False,In the Name Relics	ITN-PA	Pete Alonso	New York Mets
2024_topps_series1,2024,Topps,Series 1,In the Name Relics,,ITN-RA,1,Ronald Acuña Jr.,Atlanta Braves,False,In the Name Relics	ITN-RA	Ronald Acuña Jr.	Atlanta Braves
2024_topps_series1,2024,Topps,Series 1,In the Name Relics,,ITN-RAR,1,Randy Arozarena,Tampa Bay Rays,False,In the Name Relics	ITN-RAR	Randy Arozarena	Tampa Bay Rays
2024_topps_series1,2024,Topps,Series 1,In the Name Relics,,ITN-SG,1,Sonny Gray,Minnesota Twins,False,In the Name Relics	ITN-SG	Sonny Gray	Minnesota Twins
2024_topps_series1,2024,Topps,Series 1,In the Name Relics,,ITN-SM,1,Shane McClanahan,Tampa Bay Rays,False,In the Name Relics	ITN-SM	Shane McClanahan	Tampa Bay Rays
2024_topps_series1,2024,Topps,Series 1,In the Name Relics,,ITN-SMU,1,Sean Murphy,Atlanta Braves,False,In the Name Relics	ITN-SMU	Sean Murphy	Atlanta Braves
2024_topps_series1,2024,Topps,Series 1,In the Name Relics,,ITN-SOH,1,Shohei Ohtani,Los Angeles Angels,False,In the Name Relics	ITN-SOH	Shohei Ohtani	Los Angeles Angels
2024_topps_series1,2024,Topps,Series 1,In the Name Relics,,ITN-SP,1,Salvador Perez,Kansas City Royals,False,In the Name Relics	ITN-SP	Salvador Perez	Kansas City Royals
2024_topps_series1,2024,Topps,Series 1,In the Name Relics,,ITN-VG,1,Vladimir Guerrero Jr.,Toronto Blue Jays,False,In the Name Relics	ITN-VG	Vladimir Guerrero Jr.	Toronto Blue Jays
2024_topps_series1,2024,Topps,Series 1,In the Name Relics,,ITN-WM,1,Whit Merrifield,Toronto Blue Jays,False,In the Name Relics	ITN-WM	Whit Merrifield	Toronto Blue Jays
2024_topps_series1,2024,Topps,Series 1,In the Name Relics,,ITN-WS,1,Will Smith,Los Angeles Dodgers,False,In the Name Relics	ITN-WS	Will Smith	Los Angeles Dodgers
2024_topps_series1,2024,Topps,Series 1,In the Name Relics,,ITN-YA,1,Yordan Alvarez,Houston Astros,False,In the Name Relics	ITN-YA	Yordan Alvarez	Houston Astros
2024_topps_series1,2024,Topps,Series 1,In the Name Relics,,ITN-YC,1,Yennier Cano,Baltimore Orioles,False,In the Name Relics	ITN-YC	Yennier Cano	Baltimore Orioles
2024_topps_series1,2024,Topps,Series 1,In the Name Relics,,ITN-YD,1,Yandy Díaz,Tampa Bay Rays,False,In the Name Relics	ITN-YD	Yandy Díaz	Tampa Bay Rays
2024_topps_series1,2024,Topps,Series 1,In the Name Relics,,ITN-ZG,1,Zac Gallen,Arizona Diamondbacks,False,In the Name Relics	ITN-ZG	Zac Gallen	Arizona Diamondbacks
2024_topps_series1,2024,Topps,Series 1,Legendary Homefield Advantage,,LHA-1,1,Mike Schmidt,Philadelphia Phillies,False,Legendary Homefield Advantage	LHA-1	Mike Schmidt	Philadelphia Phillies
2024_topps_series1,2024,Topps,Series 1,Legendary Homefield Advantage,,LHA-2,1,Johnny Bench,Cincinnati Reds,False,Legendary Homefield Advantage	LHA-2	Johnny Bench	Cincinnati Reds
2024_topps_series1,2024,Topps,Series 1,Legendary Homefield Advantage,,LHA-3,1,Randy Johnson,Arizona Diamondbacks,False,Legendary Homefield Advantage	LHA-3	Randy Johnson	Arizona Diamondbacks
2024_topps_series1,2024,Topps,Series 1,Legendary Homefield Advantage,,LHA-4,1,Bob Gibson,St. Louis Cardinals,False,Legendary Homefield Advantage	LHA-4	Bob Gibson	St. Louis Cardinals
2024_topps_series1,2024,Topps,Series 1,Legendary Homefield Advantage,,LHA-5,1,Yogi Berra,New York Yankees,False,Legendary Homefield Advantage	LHA-5	Yogi Berra	New York Yankees
2024_topps_series1,2024,Topps,Series 1,Major League Material,,MLM-AB,1,Alex Bregman,Houston Astros,False,Major League Material	MLM-AB	Alex Bregman	Houston Astros
2024_topps_series1,2024,Topps,Series 1,Major League Material,,MLM-AJ,1,Aaron Judge,New York Yankees,False,Major League Material	MLM-AJ	Aaron Judge	New York Yankees
2024_topps_series1,2024,Topps,Series 1,Major League Material,,MLM-AN,1,Aaron Nola,Philadelphia Phillies,False,Major League Material	MLM-AN	Aaron Nola	Philadelphia Phillies
2024_topps_series1,2024,Topps,Series 1,Major League Material,,MLM-AR,1,Anthony Rizzo,New York Yankees,False,Major League Material	MLM-AR	Anthony Rizzo	New York Yankees
2024_topps_series1,2024,Topps,Series 1,Major League Material,,MLM-ARI,1,Austin Riley,Atlanta Braves,False,Major League Material	MLM-ARI	Austin Riley	Atlanta Braves
2024_topps_series1,2024,Topps,Series 1,Major League Material,,MLM-AV,1,Anthony Volpe,New York Yankees,False,Major League Material	MLM-AV	Anthony Volpe	New York Yankees
2024_topps_series1,2024,Topps,Series 1,Major League Material,,MLM-BC,1,Brandon Crawford,San Francisco Giants,False,Major League Material	MLM-BC	Brandon Crawford	San Francisco Giants
2024_topps_series1,2024,Topps,Series 1,Major League Material,,MLM-BH,1,Bryce Harper,Philadelphia Phillies,False,Major League Material	MLM-BH	Bryce Harper	Philadelphia Phillies
2024_topps_series1,2024,Topps,Series 1,Major League Material,,MLM-BR,1,Bryan Reynolds,Pittsburgh Pirates,False,Major League Material	MLM-BR	Bryan Reynolds	Pittsburgh Pirates
2024_topps_series1,2024,Topps,Series 1,Major League Material,,MLM-BW,1,Bobby Witt Jr.,Kansas City Royals,False,Major League Material	MLM-BW	Bobby Witt Jr.	Kansas City Royals
2024_topps_series1,2024,Topps,Series 1,Major League Material,,MLM-CB,1,Corbin Burnes,Milwaukee Brewers,False,Major League Material	MLM-CB	Corbin Burnes	Milwaukee Brewers
2024_topps_series1,2024,Topps,Series 1,Major League Material,,MLM-CBE,1,Cody Bellinger,Chicago Cubs,False,Major League Material	MLM-CBE	Cody Bellinger	Chicago Cubs
2024_topps_series1,2024,Topps,Series 1,Major League Material,,MLM-CC,1,Carlos Correa,Minnesota Twins,False,Major League Material	MLM-CC	Carlos Correa	Minnesota Twins
2024_topps_series1,2024,Topps,Series 1,Major League Material,,MLM-CCA,1,Corbin Carroll,Arizona Diamondbacks,False,Major League Material	MLM-CCA	Corbin Carroll	Arizona Diamondbacks
2024_topps_series1,2024,Topps,Series 1,Major League Material,,MLM-CK,1,Clayton Kershaw,Los Angeles Dodgers,False,Major League Material	MLM-CK	Clayton Kershaw	Los Angeles Dodgers
2024_topps_series1,2024,Topps,Series 1,Major League Material,,MLM-CY,1,Christian Yelich,Milwaukee Brewers,False,Major League Material	MLM-CY	Christian Yelich	Milwaukee Brewers
2024_topps_series1,2024,Topps,Series 1,Major League Material,,MLM-DS,1,Dansby Swanson,Chicago Cubs,False,Major League Material	MLM-DS	Dansby Swanson	Chicago Cubs
2024_topps_series1,2024,Topps,Series 1,Major League Material,,MLM-ED,1,Elly De La Cruz,Cincinnati Reds,False,Major League Material	MLM-ED	Elly De La Cruz	Cincinnati Reds
2024_topps_series1,2024,Topps,Series 1,Major League Material,,MLM-EJ,1,Eloy Jiménez,Chicago White Sox,False,Major League Material	MLM-EJ	Eloy Jiménez	Chicago White Sox
2024_topps_series1,2024,Topps,Series 1,Major League Material,,MLM-FA,1,Francisco Alvarez,New York Mets,False,Major League Material	MLM-FA	Francisco Alvarez	New York Mets
2024_topps_series1,2024,Topps,Series 1,Major League Material,,MLM-FF,1,Freddie Freeman,Los Angeles Dodgers,False,Major League Material	MLM-FF	Freddie Freeman	Los Angeles Dodgers
2024_topps_series1,2024,Topps,Series 1,Major League Material,,MLM-FL,1,Francisco Lindor,New York Mets,False,Major League Material	MLM-FL	Francisco Lindor	New York Mets
2024_topps_series1,2024,Topps,Series 1,Major League Material,,MLM-FT,1,Fernando Tatis Jr.,San Diego Padres,False,Major League Material	MLM-FT	Fernando Tatis Jr.	San Diego Padres
2024_topps_series1,2024,Topps,Series 1,Major League Material,,MLM-GC,1,Gerrit Cole,New York Yankees,False,Major League Material	MLM-GC	Gerrit Cole	New York Yankees
2024_topps_series1,2024,Topps,Series 1,Major League Material,,MLM-GH,1,Gunnar Henderson,Baltimore Orioles,False,Major League Material	MLM-GH	Gunnar Henderson	Baltimore Orioles
2024_topps_series1,2024,Topps,Series 1,Major League Material,,MLM-GK,1,George Kirby,Seattle Mariners,False,Major League Material	MLM-GK	George Kirby	Seattle Mariners
2024_topps_series1,2024,Topps,Series 1,Major League Material,,MLM-GS,1,George Springer,Toronto Blue Jays,False,Major League Material	MLM-GS	George Springer	Toronto Blue Jays
2024_topps_series1,2024,Topps,Series 1,Major League Material,,MLM-GST,1,Giancarlo Stanton,New York Yankees,False,Major League Material	MLM-GST	Giancarlo Stanton	New York Yankees
2024_topps_series1,2024,Topps,Series 1,Major League Material,,MLM-GT,1,Gleyber Torres,New York Yankees,False,Major League Material	MLM-GT	Gleyber Torres	New York Yankees
2024_topps_series1,2024,Topps,Series 1,Major League Material,,MLM-HD,1,Henry Davis,Pittsburgh Pirates,False,Major League Material	MLM-HD	Henry Davis	Pittsburgh Pirates
2024_topps_series1,2024,Topps,Series 1,Major League Material,,MLM-HG,1,Hunter Greene,Cincinnati Reds,False,Major League Material	MLM-HG	Hunter Greene	Cincinnati Reds
2024_topps_series1,2024,Topps,Series 1,Major League Material,,MLM-JB,1,Javier Báez,Detroit Tigers,False,Major League Material	MLM-JB	Javier Báez	Detroit Tigers
2024_topps_series1,2024,Topps,Series 1,Major League Material,,MLM-JC,1,Jazz Chisholm Jr.,Miami Marlins,False,Major League Material	MLM-JC	Jazz Chisholm Jr.	Miami Marlins
2024_topps_series1,2024,Topps,Series 1,Major League Material,,MLM-JI,1,Jonathan India,Cincinnati Reds,False,Major League Material	MLM-JI	Jonathan India	Cincinnati Reds
2024_topps_series1,2024,Topps,Series 1,Major League Material,,MLM-JJ,1,Josh Jung,Texas Rangers,False,Major League Material	MLM-JJ	Josh Jung	Texas Rangers
2024_topps_series1,2024,Topps,Series 1,Major League Material,,MLM-JM,1,Joe Musgrove,San Diego Padres,False,Major League Material	MLM-JM	Joe Musgrove	San Diego Padres
2024_topps_series1,2024,Topps,Series 1,Major League Material,,MLM-JR,1,Julio Rodríguez,Seattle Mariners,False,Major League Material	MLM-JR	Julio Rodríguez	Seattle Mariners
2024_topps_series1,2024,Topps,Series 1,Major League Material,,MLM-JRA,1,José Ramírez,Cleveland Guardians,False,Major League Material	MLM-JRA	José Ramírez	Cleveland Guardians
2024_topps_series1,2024,Topps,Series 1,Major League Material,,MLM-JRY,1,Joe Ryan,Minnesota Twins,False,Major League Material	MLM-JRY	Joe Ryan	Minnesota Twins
2024_topps_series1,2024,Topps,Series 1,Major League Material,,MLM-JS,1,Juan Soto,San Diego Padres,False,Major League Material	MLM-JS	Juan Soto	San Diego Padres
2024_topps_series1,2024,Topps,Series 1,Major League Material,,MLM-JV,1,Joey Votto,Cincinnati Reds,False,Major League Material	MLM-JV	Joey Votto	Cincinnati Reds
2024_topps_series1,2024,Topps,Series 1,Major League Material,,MLM-KB,1,Kris Bryant,Colorado Rockies,False,Major League Material	MLM-KB	Kris Bryant	Colorado Rockies
2024_topps_series1,2024,Topps,Series 1,Major League Material,,MLM-KHA,1,Ke'Bryan Hayes,Pittsburgh Pirates,False,Major League Material	MLM-KHA	Ke'Bryan Hayes	Pittsburgh Pirates
2024_topps_series1,2024,Topps,Series 1,Major League Material,,MLM-KS,1,Kyle Schwarber,Philadelphia Phillies,False,Major League Material	MLM-KS	Kyle Schwarber	Philadelphia Phillies
2024_topps_series1,2024,Topps,Series 1,Major League Material,,MLM-KT,1,Kyle Tucker,Houston Astros,False,Major League Material	MLM-KT	Kyle Tucker	Houston Astros
2024_topps_series1,2024,Topps,Series 1,Major League Material,,MLM-LR,1,Luis Robert Jr.,Chicago White Sox,False,Major League Material	MLM-LR	Luis Robert Jr.	Chicago White Sox
2024_topps_series1,2024,Topps,Series 1,Major League Material,,MLM-LS,1,Luis Severino,New York Yankees,False,Major League Material	MLM-LS	Luis Severino	New York Yankees
2024_topps_series1,2024,Topps,Series 1,Major League Material,,MLM-LW,1,Logan Webb,San Francisco Giants,False,Major League Material	MLM-LW	Logan Webb	San Francisco Giants
2024_topps_series1,2024,Topps,Series 1,Major League Material,,MLM-MB,1,Mookie Betts,Los Angeles Dodgers,False,Major League Material	MLM-MB	Mookie Betts	Los Angeles Dodgers
2024_topps_series1,2024,Topps,Series 1,Major League Material,,MLM-MC,1,Miguel Cabrera,Detroit Tigers,False,Major League Material	MLM-MC	Miguel Cabrera	Detroit Tigers
2024_topps_series1,2024,Topps,Series 1,Major League Material,,MLM-MH,1,Michael Harris II,Atlanta Braves,False,Major League Material	MLM-MH	Michael Harris II	Atlanta Braves
2024_topps_series1,2024,Topps,Series 1,Major League Material,,MLM-MM,1,Manny Machado,San Diego Padres,False,Major League Material	MLM-MM	Manny Machado	San Diego Padres
2024_topps_series1,2024,Topps,Series 1,Major League Material,,MLM-MMU,1,Max Muncy,Los Angeles Dodgers,False,Major League Material	MLM-MMU	Max Muncy	Los Angeles Dodgers
2024_topps_series1,2024,Topps,Series 1,Major League Material,,MLM-MS,1,Marcus Semien,Texas Rangers,False,Major League Material	MLM-MS	Marcus Semien	Texas Rangers
2024_topps_series1,2024,Topps,Series 1,Major League Material,,MLM-MT,1,Mike Trout,Los Angeles Angels,False,Major League Material	MLM-MT	Mike Trout	Los Angeles Angels
2024_topps_series1,2024,Topps,Series 1,Major League Material,,MLM-MY,1,Mike Yastrzemski,San Francisco Giants,False,Major League Material	MLM-MY	Mike Yastrzemski	San Francisco Giants
2024_topps_series1,2024,Topps,Series 1,Major League Material,,MLM-MYO,1,Masataka Yoshida,Boston Red Sox,False,Major League Material	MLM-MYO	Masataka Yoshida	Boston Red Sox
2024_topps_series1,2024,Topps,Series 1,Major League Material,,MLM-NA,1,Nolan Arenado,St. Louis Cardinals,False,Major League Material	MLM-NA	Nolan Arenado	St. Louis Cardinals
2024_topps_series1,2024,Topps,Series 1,Major League Material,,MLM-OA,1,Ozzie Albies,Atlanta Braves,False,Major League Material	MLM-OA	Ozzie Albies	Atlanta Braves
2024_topps_series1,2024,Topps,Series 1,Major League Material,,MLM-OC,1,Oneil Cruz,Pittsburgh Pirates,False,Major League Material	MLM-OC	Oneil Cruz	Pittsburgh Pirates
2024_topps_series1,2024,Topps,Series 1,Major League Material,,MLM-PA,1,Pete Alonso,New York Mets,False,Major League Material	MLM-PA	Pete Alonso	New York Mets
2024_topps_series1,2024,Topps,Series 1,Major League Material,,MLM-PG,1,Paul Goldschmidt,St. Louis Cardinals,False,Major League Material	MLM-PG	Paul Goldschmidt	St. Louis Cardinals
2024_topps_series1,2024,Topps,Series 1,Major League Material,,MLM-RA,1,Randy Arozarena,Tampa Bay Rays,False,Major League Material	MLM-RA	Randy Arozarena	Tampa Bay Rays
2024_topps_series1,2024,Topps,Series 1,Major League Material,,MLM-RAJ,1,Ronald Acuña Jr.,Atlanta Braves,False,Major League Material	MLM-RAJ	Ronald Acuña Jr.	Atlanta Braves
2024_topps_series1,2024,Topps,Series 1,Major League Material,,MLM-RD,1,Rafael Devers,Boston Red Sox,False,Major League Material	MLM-RD	Rafael Devers	Boston Red Sox
2024_topps_series1,2024,Topps,Series 1,Major League Material,,MLM-RG,1,Riley Greene,Detroit Tigers,False,Major League Material	MLM-RG	Riley Greene	Detroit Tigers
2024_topps_series1,2024,Topps,Series 1,Major League Material,,MLM-RM,1,Ryan Mountcastle,Baltimore Orioles,False,Major League Material	MLM-RM	Ryan Mountcastle	Baltimore Orioles
2024_topps_series1,2024,Topps,Series 1,Major League Material,,MLM-SA,1,Sandy Alcantara,Miami Marlins,False,Major League Material	MLM-SA	Sandy Alcantara	Miami Marlins
2024_topps_series1,2024,Topps,Series 1,Major League Material,,MLM-SM,1,Shane McClanahan,Tampa Bay Rays,False,Major League Material	MLM-SM	Shane McClanahan	Tampa Bay Rays
2024_topps_series1,2024,Topps,Series 1,Major League Material,,MLM-SO,1,Shohei Ohtani,Los Angeles Angels,False,Major League Material	MLM-SO	Shohei Ohtani	Los Angeles Angels
2024_topps_series1,2024,Topps,Series 1,Major League Material,,MLM-SP,1,Salvador Perez,Kansas City Royals,False,Major League Material	MLM-SP	Salvador Perez	Kansas City Royals
2024_topps_series1,2024,Topps,Series 1,Major League Material,,MLM-SS,1,Seiya Suzuki,Chicago Cubs,False,Major League Material	MLM-SS	Seiya Suzuki	Chicago Cubs
2024_topps_series1,2024,Topps,Series 1,Major League Material,,MLM-ST,1,Spencer Torkelson,Detroit Tigers,False,Major League Material	MLM-ST	Spencer Torkelson	Detroit Tigers
2024_topps_series1,2024,Topps,Series 1,Major League Material,,MLM-TM,1,Triston McKenzie,Cleveland Guardians,False,Major League Material	MLM-TM	Triston McKenzie	Cleveland Guardians
2024_topps_series1,2024,Topps,Series 1,Major League Material,,MLM-TT,1,Trea Turner,Philadelphia Phillies,False,Major League Material	MLM-TT	Trea Turner	Philadelphia Phillies
2024_topps_series1,2024,Topps,Series 1,Major League Material,,MLM-VG,1,Vladimir Guerrero Jr.,Toronto Blue Jays,False,Major League Material	MLM-VG	Vladimir Guerrero Jr.	Toronto Blue Jays
2024_topps_series1,2024,Topps,Series 1,Major League Material,,MLM-WC,1,Willson Contreras,St. Louis Cardinals,False,Major League Material	MLM-WC	Willson Contreras	St. Louis Cardinals
2024_topps_series1,2024,Topps,Series 1,Major League Material,,MLM-XB,1,Xander Bogaerts,San Diego Padres,False,Major League Material	MLM-XB	Xander Bogaerts	San Diego Padres
2024_topps_series1,2024,Topps,Series 1,Major League Material,,MLM-YA,1,Yordan Alvarez,Houston Astros,False,Major League Material	MLM-YA	Yordan Alvarez	Houston Astros
2024_topps_series1,2024,Topps,Series 1,Major League Material Autographs,,MLMA-AG,1,Adolis García,Texas Rangers,False,Major League Material Autographs	MLMA-AG	Adolis García	Texas Rangers
2024_topps_series1,2024,Topps,Series 1,Major League Material Autographs,,MLMA-AN,1,Aaron Nola,Philadelphia Phillies,False,Major League Material Autographs	MLMA-AN	Aaron Nola	Philadelphia Phillies
2024_topps_series1,2024,Topps,Series 1,Major League Material Autographs,,MLMA-AR,1,Anthony Rizzo,New York Yankees,False,Major League Material Autographs	MLMA-AR	Anthony Rizzo	New York Yankees
2024_topps_series1,2024,Topps,Series 1,Major League Material Autographs,,MLMA-ARU,1,Adley Rutschman,Baltimore Orioles,False,Major League Material Autographs	MLMA-ARU	Adley Rutschman	Baltimore Orioles
2024_topps_series1,2024,Topps,Series 1,Major League Material Autographs,,MLMA-BB,1,Byron Buxton,Minnesota Twins,False,Major League Material Autographs	MLMA-BB	Byron Buxton	Minnesota Twins
2024_topps_series1,2024,Topps,Series 1,Major League Material Autographs,,MLMA-BS,1,Blake Snell,San Diego Padres,False,Major League Material Autographs	MLMA-BS	Blake Snell	San Diego Padres
2024_topps_series1,2024,Topps,Series 1,Major League Material Autographs,,MLMA-BWI,1,Bobby Witt Jr.,Kansas City Royals,False,Major League Material Autographs	MLMA-BWI	Bobby Witt Jr.	Kansas City Royals
2024_topps_series1,2024,Topps,Series 1,Major League Material Autographs,,MLMA-CB,1,Corbin Burnes,Milwaukee Brewers,False,Major League Material Autographs	MLMA-CB	Corbin Burnes	Milwaukee Brewers
2024_topps_series1,2024,Topps,Series 1,Major League Material Autographs,,MLMA-CM,1,Christopher Morel,Chicago Cubs,False,Major League Material Autographs	MLMA-CM	Christopher Morel	Chicago Cubs
2024_topps_series1,2024,Topps,Series 1,Major League Material Autographs,,MLMA-CS,1,Corey Seager,Texas Rangers,False,Major League Material Autographs	MLMA-CS	Corey Seager	Texas Rangers
2024_topps_series1,2024,Topps,Series 1,Major League Material Autographs,,MLMA-CY,1,Christian Yelich,Milwaukee Brewers,False,Major League Material Autographs	MLMA-CY	Christian Yelich	Milwaukee Brewers
2024_topps_series1,2024,Topps,Series 1,Major League Material Autographs,,MLMA-DS,1,Dansby Swanson,Chicago Cubs,False,Major League Material Autographs	MLMA-DS	Dansby Swanson	Chicago Cubs
2024_topps_series1,2024,Topps,Series 1,Major League Material Autographs,,MLMA-FT,1,Fernando Tatis Jr.,San Diego Padres,False,Major League Material Autographs	MLMA-FT	Fernando Tatis Jr.	San Diego Padres
2024_topps_series1,2024,Topps,Series 1,Major League Material Autographs,,MLMA-GK,1,George Kirby,Seattle Mariners,False,Major League Material Autographs	MLMA-GK	George Kirby	Seattle Mariners
2024_topps_series1,2024,Topps,Series 1,Major League Material Autographs,,MLMA-GS,1,George Springer,Toronto Blue Jays,False,Major League Material Autographs	MLMA-GS	George Springer	Toronto Blue Jays
2024_topps_series1,2024,Topps,Series 1,Major League Material Autographs,,MLMA-HD,1,Henry Davis,Pittsburgh Pirates,False,Major League Material Autographs	MLMA-HD	Henry Davis	Pittsburgh Pirates
2024_topps_series1,2024,Topps,Series 1,Major League Material Autographs,,MLMA-JA,1,Jose Altuve,Houston Astros,False,Major League Material Autographs	MLMA-JA	Jose Altuve	Houston Astros
2024_topps_series1,2024,Topps,Series 1,Major League Material Autographs,,MLMA-JI,1,Jonathan India,Cincinnati Reds,False,Major League Material Autographs	MLMA-JI	Jonathan India	Cincinnati Reds
2024_topps_series1,2024,Topps,Series 1,Major League Material Autographs,,MLMA-JR,1,Julio Rodríguez,Seattle Mariners,False,Major League Material Autographs	MLMA-JR	Julio Rodríguez	Seattle Mariners
2024_topps_series1,2024,Topps,Series 1,Major League Material Autographs,,MLMA-JRA,1,José Ramírez,Cleveland Guardians,False,Major League Material Autographs	MLMA-JRA	José Ramírez	Cleveland Guardians
2024_topps_series1,2024,Topps,Series 1,Major League Material Autographs,,MLMA-JS,1,Juan Soto,San Diego Padres,False,Major League Material Autographs	MLMA-JS	Juan Soto	San Diego Padres
2024_topps_series1,2024,Topps,Series 1,Major League Material Autographs,,MLMA-JV,1,Joey Votto,Cincinnati Reds,False,Major League Material Autographs	MLMA-JV	Joey Votto	Cincinnati Reds
2024_topps_series1,2024,Topps,Series 1,Major League Material Autographs,,MLMA-KSC,1,Kyle Schwarber,Philadelphia Phillies,False,Major League Material Autographs	MLMA-KSC	Kyle Schwarber	Philadelphia Phillies
2024_topps_series1,2024,Topps,Series 1,Major League Material Autographs,,MLMA-LW,1,Logan Webb,San Francisco Giants,False,Major League Material Autographs	MLMA-LW	Logan Webb	San Francisco Giants
2024_topps_series1,2024,Topps,Series 1,Major League Material Autographs,,MLMA-MH,1,Michael Harris II,Atlanta Braves,False,Major League Material Autographs	MLMA-MH	Michael Harris II	Atlanta Braves
2024_topps_series1,2024,Topps,Series 1,Major League Material Autographs,,MLMA-MM,1,Max Muncy,Los Angeles Dodgers,False,Major League Material Autographs	MLMA-MM	Max Muncy	Los Angeles Dodgers
2024_topps_series1,2024,Topps,Series 1,Major League Material Autographs,,MLMA-MT,1,Mike Trout,Los Angeles Angels,False,Major League Material Autographs	MLMA-MT	Mike Trout	Los Angeles Angels
2024_topps_series1,2024,Topps,Series 1,Major League Material Autographs,,MLMA-MY,1,Masataka Yoshida,Boston Red Sox,False,Major League Material Autographs	MLMA-MY	Masataka Yoshida	Boston Red Sox
2024_topps_series1,2024,Topps,Series 1,Major League Material Autographs,,MLMA-OA,1,Ozzie Albies,Atlanta Braves,False,Major League Material Autographs	MLMA-OA	Ozzie Albies	Atlanta Braves
2024_topps_series1,2024,Topps,Series 1,Major League Material Autographs,,MLMA-PA,1,Pete Alonso,New York Mets,False,Major League Material Autographs	MLMA-PA	Pete Alonso	New York Mets
2024_topps_series1,2024,Topps,Series 1,Major League Material Autographs,,MLMA-PG,1,Paul Goldschmidt,St. Louis Cardinals,False,Major League Material Autographs	MLMA-PG	Paul Goldschmidt	St. Louis Cardinals
2024_topps_series1,2024,Topps,Series 1,Major League Material Autographs,,MLMA-RA,1,Randy Arozarena,Tampa Bay Rays,False,Major League Material Autographs	MLMA-RA	Randy Arozarena	Tampa Bay Rays
2024_topps_series1,2024,Topps,Series 1,Major League Material Autographs,,MLMA-RD,1,Rafael Devers,Boston Red Sox,False,Major League Material Autographs	MLMA-RD	Rafael Devers	Boston Red Sox
2024_topps_series1,2024,Topps,Series 1,Major League Material Autographs,,MLMA-RG,1,Riley Greene,Detroit Tigers,False,Major League Material Autographs	MLMA-RG	Riley Greene	Detroit Tigers
2024_topps_series1,2024,Topps,Series 1,Major League Material Autographs,,MLMA-RM,1,Ronny Mauricio,New York Mets,False,Major League Material Autographs	MLMA-RM	Ronny Mauricio	New York Mets
2024_topps_series1,2024,Topps,Series 1,Major League Material Autographs,,MLMA-RMO,1,Ryan Mountcastle,Baltimore Orioles,False,Major League Material Autographs	MLMA-RMO	Ryan Mountcastle	Baltimore Orioles
2024_topps_series1,2024,Topps,Series 1,Major League Material Autographs,,MLMA-SB,1,Shane Bieber,Cleveland Guardians,False,Major League Material Autographs	MLMA-SB	Shane Bieber	Cleveland Guardians
2024_topps_series1,2024,Topps,Series 1,Major League Material Autographs,,MLMA-SG,1,Sonny Gray,Minnesota Twins,False,Major League Material Autographs	MLMA-SG	Sonny Gray	Minnesota Twins
2024_topps_series1,2024,Topps,Series 1,Major League Material Autographs,,MLMA-VG,1,Vladimir Guerrero Jr.,Toronto Blue Jays,False,Major League Material Autographs	MLMA-VG	Vladimir Guerrero Jr.	Toronto Blue Jays
2024_topps_series1,2024,Topps,Series 1,Major League Material Autographs,,MLMA-XB,1,Xander Bogaerts,San Diego Padres,False,Major League Material Autographs	MLMA-XB	Xander Bogaerts	San Diego Padres
2024_topps_series1,2024,Topps,Series 1,Major League Material Autographs,,MLMA-YA,1,Yordan Alvarez,Houston Astros,False,Major League Material Autographs	MLMA-YA	Yordan Alvarez	Houston Astros
2024_topps_series1,2024,Topps,Series 1,Oversized 2024 Topps Baseball,,OTB-1,1,Vladimir Guerrero Jr.,Toronto Blue Jays,False,Oversized 2024 Topps Baseball	OTB-1	Vladimir Guerrero Jr.	Toronto Blue Jays
2024_topps_series1,2024,Topps,Series 1,Oversized 2024 Topps Baseball,,OTB-2,1,Shohei Ohtani,Los Angeles Angels,False,Oversized 2024 Topps Baseball	OTB-2	Shohei Ohtani	Los Angeles Angels
2024_topps_series1,2024,Topps,Series 1,Oversized 2024 Topps Baseball,,OTB-3,1,Yordan Alvarez,Houston Astros,False,Oversized 2024 Topps Baseball	OTB-3	Yordan Alvarez	Houston Astros
2024_topps_series1,2024,Topps,Series 1,Oversized 2024 Topps Baseball,,OTB-4,1,Aaron Judge,New York Yankees,False,Oversized 2024 Topps Baseball	OTB-4	Aaron Judge	New York Yankees
2024_topps_series1,2024,Topps,Series 1,Oversized 2024 Topps Baseball,,OTB-5,1,Ronald Acuña Jr.,Atlanta Braves,False,Oversized 2024 Topps Baseball	OTB-5	Ronald Acuña Jr.	Atlanta Braves
2024_topps_series1,2024,Topps,Series 1,Oversized 2024 Topps Baseball,,OTB-6,1,Mike Trout,Los Angeles Angels,False,Oversized 2024 Topps Baseball	OTB-6	Mike Trout	Los Angeles Angels
2024_topps_series1,2024,Topps,Series 1,Oversized 2024 Topps Baseball,,OTB-7,1,Juan Soto,San Diego Padres,False,Oversized 2024 Topps Baseball	OTB-7	Juan Soto	San Diego Padres
2024_topps_series1,2024,Topps,Series 1,Oversized 2024 Topps Baseball,,OTB-8,1,Fernando Tatis Jr.,San Diego Padres,False,Oversized 2024 Topps Baseball	OTB-8	Fernando Tatis Jr.	San Diego Padres
2024_topps_series1,2024,Topps,Series 1,Oversized 2024 Topps Baseball,,OTB-9,1,Nolan Arenado,St. Louis Cardinals,False,Oversized 2024 Topps Baseball	OTB-9	Nolan Arenado	St. Louis Cardinals
2024_topps_series1,2024,Topps,Series 1,Oversized 2024 Topps Baseball,,OTB-10,1,Pete Alonso,New York Mets,False,Oversized 2024 Topps Baseball	OTB-10	Pete Alonso	New York Mets
2024_topps_series1,2024,Topps,Series 1,Oversized 2024 Topps Baseball,,OTB-11,1,Bryce Harper,Philadelphia Phillies,False,Oversized 2024 Topps Baseball	OTB-11	Bryce Harper	Philadelphia Phillies
2024_topps_series1,2024,Topps,Series 1,Oversized 2024 Topps Baseball,,OTB-12,1,Julio Rodríguez,Seattle Mariners,False,Oversized 2024 Topps Baseball	OTB-12	Julio Rodríguez	Seattle Mariners
2024_topps_series1,2024,Topps,Series 1,Oversized 2024 Topps Baseball,,OTB-13,1,Mookie Betts,Los Angeles Dodgers,False,Oversized 2024 Topps Baseball	OTB-13	Mookie Betts	Los Angeles Dodgers
2024_topps_series1,2024,Topps,Series 1,Oversized 2024 Topps Baseball,,OTB-14,1,Ronny Mauricio,New York Mets,False,Oversized 2024 Topps Baseball	OTB-14	Ronny Mauricio	New York Mets
2024_topps_series1,2024,Topps,Series 1,Oversized 2024 Topps Baseball,,OTB-15,1,Rafael Devers,Boston Red Sox,False,Oversized 2024 Topps Baseball	OTB-15	Rafael Devers	Boston Red Sox
2024_topps_series1,2024,Topps,Series 1,Oversized 2024 Topps Baseball,,OTB-16,1,Adley Rutschman,Baltimore Orioles,False,Oversized 2024 Topps Baseball	OTB-16	Adley Rutschman	Baltimore Orioles
2024_topps_series1,2024,Topps,Series 1,Oversized 2024 Topps Baseball,,OTB-17,1,Elly De La Cruz,Cincinnati Reds,False,Oversized 2024 Topps Baseball	OTB-17	Elly De La Cruz	Cincinnati Reds
2024_topps_series1,2024,Topps,Series 1,Oversized 2024 Topps Baseball,,OTB-18,1,Henry Davis,Pittsburgh Pirates,False,Oversized 2024 Topps Baseball	OTB-18	Henry Davis	Pittsburgh Pirates
2024_topps_series1,2024,Topps,Series 1,Oversized 2024 Topps Baseball,,OTB-19,1,Bobby Witt Jr.,Kansas City Royals,False,Oversized 2024 Topps Baseball	OTB-19	Bobby Witt Jr.	Kansas City Royals
2024_topps_series1,2024,Topps,Series 1,Oversized 2024 Topps Baseball,,OTB-20,1,Jazz Chisholm Jr.,Miami Marlins,False,Oversized 2024 Topps Baseball	OTB-20	Jazz Chisholm Jr.	Miami Marlins
2024_topps_series1,2024,Topps,Series 1,Oversized 2024 Topps Baseball,,OTB-21,1,Luis Robert Jr.,Chicago White Sox,False,Oversized 2024 Topps Baseball	OTB-21	Luis Robert Jr.	Chicago White Sox
2024_topps_series1,2024,Topps,Series 1,Oversized 2024 Topps Baseball,,OTB-22,1,Byron Buxton,Minnesota Twins,False,Oversized 2024 Topps Baseball	OTB-22	Byron Buxton	Minnesota Twins
2024_topps_series1,2024,Topps,Series 1,Oversized 2024 Topps Baseball,,OTB-23,1,Christian Yelich,Milwaukee Brewers,False,Oversized 2024 Topps Baseball	OTB-23	Christian Yelich	Milwaukee Brewers
2024_topps_series1,2024,Topps,Series 1,Oversized 2024 Topps Baseball,,OTB-24,1,Marco Luciano,San Francisco Giants,False,Oversized 2024 Topps Baseball	OTB-24	Marco Luciano	San Francisco Giants
2024_topps_series1,2024,Topps,Series 1,Oversized 2024 Topps Baseball,,OTB-25,1,Freddie Freeman,Los Angeles Dodgers,False,Oversized 2024 Topps Baseball	OTB-25	Freddie Freeman	Los Angeles Dodgers
2024_topps_series1,2024,Topps,Series 1,Postseason Performance Autograph Relics,,PPAR-AB,1,Alex Bregman,Houston Astros,False,Postseason Performance Autograph Relics	PPAR-AB	Alex Bregman	Houston Astros
2024_topps_series1,2024,Topps,Series 1,Postseason Performance Autograph Relics,,PPAR-ABR,1,José Abreu,Houston Astros,False,Postseason Performance Autograph Relics	PPAR-ABR	José Abreu	Houston Astros
2024_topps_series1,2024,Topps,Series 1,Postseason Performance Autograph Relics,,PPAR-AC,1,Aroldis Chapman,Texas Rangers,False,Postseason Performance Autograph Relics	PPAR-AC	Aroldis Chapman	Texas Rangers
2024_topps_series1,2024,Topps,Series 1,Postseason Performance Autograph Relics,,PPAR-AG,1,Adolis García,Texas Rangers,False,Postseason Performance Autograph Relics	PPAR-AG	Adolis García	Texas Rangers
2024_topps_series1,2024,Topps,Series 1,Postseason Performance Autograph Relics,,PPAR-AN,1,Aaron Nola,Philadelphia Phillies,False,Postseason Performance Autograph Relics	PPAR-AN	Aaron Nola	Philadelphia Phillies
2024_topps_series1,2024,Topps,Series 1,Postseason Performance Autograph Relics,,PPAR-AR,1,Adley Rutschman,Baltimore Orioles,False,Postseason Performance Autograph Relics	PPAR-AR	Adley Rutschman	Baltimore Orioles
2024_topps_series1,2024,Topps,Series 1,Postseason Performance Autograph Relics,,PPAR-AT,1,Alek Thomas,Arizona Diamondbacks,False,Postseason Performance Autograph Relics	PPAR-AT	Alek Thomas	Arizona Diamondbacks
2024_topps_series1,2024,Topps,Series 1,Postseason Performance Autograph Relics,,PPAR-BH,1,Bryce Harper,Philadelphia Phillies,False,Postseason Performance Autograph Relics	PPAR-BH	Bryce Harper	Philadelphia Phillies
2024_topps_series1,2024,Topps,Series 1,Postseason Performance Autograph Relics,,PPAR-BS,1,Bryson Stott,Philadelphia Phillies,False,Postseason Performance Autograph Relics	PPAR-BS	Bryson Stott	Philadelphia Phillies
2024_topps_series1,2024,Topps,Series 1,Postseason Performance Autograph Relics,,PPAR-CB,1,Corbin Burnes,Milwaukee Brewers,False,Postseason Performance Autograph Relics	PPAR-CB	Corbin Burnes	Milwaukee Brewers
2024_topps_series1,2024,Topps,Series 1,Postseason Performance Autograph Relics,,PPAR-CC,1,Corbin Carroll,Arizona Diamondbacks,False,Postseason Performance Autograph Relics	PPAR-CC	Corbin Carroll	Arizona Diamondbacks
2024_topps_series1,2024,Topps,Series 1,Postseason Performance Autograph Relics,,PPAR-CJ,1,Cristian Javier,Houston Astros,False,Postseason Performance Autograph Relics	PPAR-CJ	Cristian Javier	Houston Astros
2024_topps_series1,2024,Topps,Series 1,Postseason Performance Autograph Relics,,PPAR-CM,1,Chas McCormick,Houston Astros,False,Postseason Performance Autograph Relics	PPAR-CM	Chas McCormick	Houston Astros
2024_topps_series1,2024,Topps,Series 1,Postseason Performance Autograph Relics,,PPAR-CS,1,Corey Seager,Texas Rangers,False,Postseason Performance Autograph Relics	PPAR-CS	Corey Seager	Texas Rangers
2024_topps_series1,2024,Topps,Series 1,Postseason Performance Autograph Relics,,PPAR-CW,1,Christian Walker,Arizona Diamondbacks,False,Postseason Performance Autograph Relics	PPAR-CW	Christian Walker	Arizona Diamondbacks
2024_topps_series1,2024,Topps,Series 1,Postseason Performance Autograph Relics,,PPAR-CY,1,Christian Yelich,Milwaukee Brewers,False,Postseason Performance Autograph Relics	PPAR-CY	Christian Yelich	Milwaukee Brewers
2024_topps_series1,2024,Topps,Series 1,Postseason Performance Autograph Relics,,PPAR-FF,1,Freddie Freeman,Los Angeles Dodgers,False,Postseason Performance Autograph Relics	PPAR-FF	Freddie Freeman	Los Angeles Dodgers
2024_topps_series1,2024,Topps,Series 1,Postseason Performance Autograph Relics,,PPAR-FP,1,Freddy Peralta,Milwaukee Brewers,False,Postseason Performance Autograph Relics	PPAR-FP	Freddy Peralta	Milwaukee Brewers
2024_topps_series1,2024,Topps,Series 1,Postseason Performance Autograph Relics,,PPAR-GH,1,Gunnar Henderson,Baltimore Orioles,False,Postseason Performance Autograph Relics	PPAR-GH	Gunnar Henderson	Baltimore Orioles
2024_topps_series1,2024,Topps,Series 1,Postseason Performance Autograph Relics,,PPAR-GM,1,Gabriel Moreno,Arizona Diamondbacks,False,Postseason Performance Autograph Relics	PPAR-GM	Gabriel Moreno	Arizona Diamondbacks
2024_topps_series1,2024,Topps,Series 1,Postseason Performance Autograph Relics,,PPAR-GS,1,George Springer,Toronto Blue Jays,False,Postseason Performance Autograph Relics	PPAR-GS	George Springer	Toronto Blue Jays
2024_topps_series1,2024,Topps,Series 1,Postseason Performance Autograph Relics,,PPAR-HB,1,Hunter Brown,Houston Astros,False,Postseason Performance Autograph Relics	PPAR-HB	Hunter Brown	Houston Astros
2024_topps_series1,2024,Topps,Series 1,Postseason Performance Autograph Relics,,PPAR-JA,1,Jose Altuve,Houston Astros,False,Postseason Performance Autograph Relics	PPAR-JA	Jose Altuve	Houston Astros
2024_topps_series1,2024,Topps,Series 1,Postseason Performance Autograph Relics,,PPAR-JCJ,1,Jazz Chisholm Jr.,Miami Marlins,False,Postseason Performance Autograph Relics	PPAR-JCJ	Jazz Chisholm Jr.	Miami Marlins
2024_topps_series1,2024,Topps,Series 1,Postseason Performance Autograph Relics,,PPAR-JH,1,Jonah Heim,Texas Rangers,False,Postseason Performance Autograph Relics	PPAR-JH	Jonah Heim	Texas Rangers
2024_topps_series1,2024,Topps,Series 1,Postseason Performance Autograph Relics,,PPAR-JM,1,Jorge Mateo,Baltimore Orioles,False,Postseason Performance Autograph Relics	PPAR-JM	Jorge Mateo	Baltimore Orioles
2024_topps_series1,2024,Topps,Series 1,Postseason Performance Autograph Relics,,PPAR-JP,1,Jeremy Peña,Houston Astros,False,Postseason Performance Autograph Relics	PPAR-JP	Jeremy Peña	Houston Astros
2024_topps_series1,2024,Topps,Series 1,Postseason Performance Autograph Relics,,PPAR-JU,1,Jose Urquidy,Houston Astros,False,Postseason Performance Autograph Relics	PPAR-JU	Jose Urquidy	Houston Astros
2024_topps_series1,2024,Topps,Series 1,Postseason Performance Autograph Relics,,PPAR-KG,1,Kyle Gibson,Baltimore Orioles,False,Postseason Performance Autograph Relics	PPAR-KG	Kyle Gibson	Baltimore Orioles
2024_topps_series1,2024,Topps,Series 1,Postseason Performance Autograph Relics,,PPAR-KS,1,Kyle Schwarber,Philadelphia Phillies,False,Postseason Performance Autograph Relics	PPAR-KS	Kyle Schwarber	Philadelphia Phillies
2024_topps_series1,2024,Topps,Series 1,Postseason Performance Autograph Relics,,PPAR-MAR,1,Brandon Marsh,Philadelphia Phillies,False,Postseason Performance Autograph Relics	PPAR-MAR	Brandon Marsh	Philadelphia Phillies
2024_topps_series1,2024,Topps,Series 1,Postseason Performance Autograph Relics,,PPAR-MB,1,Michael Brantley,Houston Astros,False,Postseason Performance Autograph Relics	PPAR-MB	Michael Brantley	Houston Astros
2024_topps_series1,2024,Topps,Series 1,Postseason Performance Autograph Relics,,PPAR-MC,1,Matt Chapman,Toronto Blue Jays,False,Postseason Performance Autograph Relics	PPAR-MC	Matt Chapman	Toronto Blue Jays
2024_topps_series1,2024,Topps,Series 1,Postseason Performance Autograph Relics,,PPAR-NC,1,Nick Castellanos,Philadelphia Phillies,False,Postseason Performance Autograph Relics	PPAR-NC	Nick Castellanos	Philadelphia Phillies
2024_topps_series1,2024,Topps,Series 1,Postseason Performance Autograph Relics,,PPAR-NE,1,Nathan Eovaldi,Texas Rangers,False,Postseason Performance Autograph Relics	PPAR-NE	Nathan Eovaldi	Texas Rangers
2024_topps_series1,2024,Topps,Series 1,Postseason Performance Autograph Relics,,PPAR-PER,1,Geraldo Perdomo,Arizona Diamondbacks,False,Postseason Performance Autograph Relics	PPAR-PER	Geraldo Perdomo	Arizona Diamondbacks
2024_topps_series1,2024,Topps,Series 1,Postseason Performance Autograph Relics,,PPAR-RA,1,Randy Arozarena,Tampa Bay Rays,False,Postseason Performance Autograph Relics	PPAR-RA	Randy Arozarena	Tampa Bay Rays
2024_topps_series1,2024,Topps,Series 1,Postseason Performance Autograph Relics,,PPAR-RAJ,1,Ronald Acuña Jr.,Atlanta Braves,False,Postseason Performance Autograph Relics	PPAR-RAJ	Ronald Acuña Jr.	Atlanta Braves
2024_topps_series1,2024,Topps,Series 1,Postseason Performance Autograph Relics,,PPAR-RL,1,Royce Lewis,Minnesota Twins,False,Postseason Performance Autograph Relics	PPAR-RL	Royce Lewis	Minnesota Twins
2024_topps_series1,2024,Topps,Series 1,Postseason Performance Autograph Relics,,PPAR-RP,1,Ryan Pressly,Houston Astros,False,Postseason Performance Autograph Relics	PPAR-RP	Ryan Pressly	Houston Astros
2024_topps_series1,2024,Topps,Series 1,Postseason Performance Autograph Relics,,PPAR-SEM,1,Marcus Semien,Texas Rangers,False,Postseason Performance Autograph Relics	PPAR-SEM	Marcus Semien	Texas Rangers
2024_topps_series1,2024,Topps,Series 1,Postseason Performance Autograph Relics,,PPAR-SS,1,Spencer Strider,Atlanta Braves,False,Postseason Performance Autograph Relics	PPAR-SS	Spencer Strider	Atlanta Braves
2024_topps_series1,2024,Topps,Series 1,Postseason Performance Autograph Relics,,PPAR-TT,1,Trea Turner,Philadelphia Phillies,False,Postseason Performance Autograph Relics	PPAR-TT	Trea Turner	Philadelphia Phillies
2024_topps_series1,2024,Topps,Series 1,Postseason Performance Autograph Relics,,PPAR-VG,1,Vladimir Guerrero Jr.,Toronto Blue Jays,False,Postseason Performance Autograph Relics	PPAR-VG	Vladimir Guerrero Jr.	Toronto Blue Jays
2024_topps_series1,2024,Topps,Series 1,Postseason Performance Autograph Relics,,PPAR-WC,1,William Contreras,Milwaukee Brewers,False,Postseason Performance Autograph Relics	PPAR-WC	William Contreras	Milwaukee Brewers
2024_topps_series1,2024,Topps,Series 1,Postseason Performance Autograph Relics,,PPAR-WM,1,Whit Merrifield,Toronto Blue Jays,False,Postseason Performance Autograph Relics	PPAR-WM	Whit Merrifield	Toronto Blue Jays
2024_topps_series1,2024,Topps,Series 1,Postseason Performance Autograph Relics,,PPAR-YA,1,Yordan Alvarez,Houston Astros,False,Postseason Performance Autograph Relics	PPAR-YA	Yordan Alvarez	Houston Astros
2024_topps_series1,2024,Topps,Series 1,Postseason Performance Autograph Relics,,PPAR-ZG,1,Zac Gallen,Arizona Diamondbacks,False,Postseason Performance Autograph Relics	PPAR-ZG	Zac Gallen	Arizona Diamondbacks
2024_topps_series1,2024,Topps,Series 1,Postseason Performance Autographs,,PPA-AB,1,Alex Bregman,Houston Astros,False,Postseason Performance Autographs	PPA-AB	Alex Bregman	Houston Astros
2024_topps_series1,2024,Topps,Series 1,Postseason Performance Autographs,,PPA-ABR,1,José Abreu,Houston Astros,False,Postseason Performance Autographs	PPA-ABR	José Abreu	Houston Astros
2024_topps_series1,2024,Topps,Series 1,Postseason Performance Autographs,,PPA-AC,1,Aroldis Chapman,Texas Rangers,False,Postseason Performance Autographs	PPA-AC	Aroldis Chapman	Texas Rangers
2024_topps_series1,2024,Topps,Series 1,Postseason Performance Autographs,,PPA-AG,1,Adolis García,Texas Rangers,False,Postseason Performance Autographs	PPA-AG	Adolis García	Texas Rangers
2024_topps_series1,2024,Topps,Series 1,Postseason Performance Autographs,,PPA-AN,1,Aaron Nola,Philadelphia Phillies,False,Postseason Performance Autographs	PPA-AN	Aaron Nola	Philadelphia Phillies
2024_topps_series1,2024,Topps,Series 1,Postseason Performance Autographs,,PPA-AR,1,Adley Rutschman,Baltimore Orioles,False,Postseason Performance Autographs	PPA-AR	Adley Rutschman	Baltimore Orioles
2024_topps_series1,2024,Topps,Series 1,Postseason Performance Autographs,,PPA-AT,1,Alek Thomas,Arizona Diamondbacks,False,Postseason Performance Autographs	PPA-AT	Alek Thomas	Arizona Diamondbacks
2024_topps_series1,2024,Topps,Series 1,Postseason Performance Autographs,,PPA-BA,1,Bryan Abreu,Houston Astros,False,Postseason Performance Autographs	PPA-BA	Bryan Abreu	Houston Astros
2024_topps_series1,2024,Topps,Series 1,Postseason Performance Autographs,,PPA-BH,1,Bryce Harper,Philadelphia Phillies,False,Postseason Performance Autographs	PPA-BH	Bryce Harper	Philadelphia Phillies
2024_topps_series1,2024,Topps,Series 1,Postseason Performance Autographs,,PPA-BP,1,Brandon Pfaadt,Arizona Diamondbacks,False,Postseason Performance Autographs	PPA-BP	Brandon Pfaadt	Arizona Diamondbacks
2024_topps_series1,2024,Topps,Series 1,Postseason Performance Autographs,,PPA-BS,1,Bryson Stott,Philadelphia Phillies,False,Postseason Performance Autographs	PPA-BS	Bryson Stott	Philadelphia Phillies
2024_topps_series1,2024,Topps,Series 1,Postseason Performance Autographs,,PPA-CB,1,Corbin Burnes,Milwaukee Brewers,False,Postseason Performance Autographs	PPA-CB	Corbin Burnes	Milwaukee Brewers
2024_topps_series1,2024,Topps,Series 1,Postseason Performance Autographs,,PPA-CC,1,Corbin Carroll,Arizona Diamondbacks,False,Postseason Performance Autographs	PPA-CC	Corbin Carroll	Arizona Diamondbacks
2024_topps_series1,2024,Topps,Series 1,Postseason Performance Autographs,,PPA-CJ,1,Cristian Javier,Houston Astros,False,Postseason Performance Autographs	PPA-CJ	Cristian Javier	Houston Astros
2024_topps_series1,2024,Topps,Series 1,Postseason Performance Autographs,,PPA-CM,1,Chas McCormick,Houston Astros,False,Postseason Performance Autographs	PPA-CM	Chas McCormick	Houston Astros
2024_topps_series1,2024,Topps,Series 1,Postseason Performance Autographs,,PPA-CS,1,Corey Seager,Texas Rangers,False,Postseason Performance Autographs	PPA-CS	Corey Seager	Texas Rangers
2024_topps_series1,2024,Topps,Series 1,Postseason Performance Autographs,,PPA-CW,1,Christian Walker,Arizona Diamondbacks,False,Postseason Performance Autographs	PPA-CW	Christian Walker	Arizona Diamondbacks
2024_topps_series1,2024,Topps,Series 1,Postseason Performance Autographs,,PPA-CY,1,Christian Yelich,Milwaukee Brewers,False,Postseason Performance Autographs	PPA-CY	Christian Yelich	Milwaukee Brewers
2024_topps_series1,2024,Topps,Series 1,Postseason Performance Autographs,,PPA-DD,1,Dane Dunning,Texas Rangers,False,Postseason Performance Autographs	PPA-DD	Dane Dunning	Texas Rangers
2024_topps_series1,2024,Topps,Series 1,Postseason Performance Autographs,,PPA-EC,1,Evan Carter,Texas Rangers,False,Postseason Performance Autographs	PPA-EC	Evan Carter	Texas Rangers
2024_topps_series1,2024,Topps,Series 1,Postseason Performance Autographs,,PPA-EJ,1,Edouard Julien,Minnesota Twins,False,Postseason Performance Autographs	PPA-EJ	Edouard Julien	Minnesota Twins
2024_topps_series1,2024,Topps,Series 1,Postseason Performance Autographs,,PPA-FF,1,Freddie Freeman,Los Angeles Dodgers,False,Postseason Performance Autographs	PPA-FF	Freddie Freeman	Los Angeles Dodgers
2024_topps_series1,2024,Topps,Series 1,Postseason Performance Autographs,,PPA-FP,1,Freddy Peralta,Milwaukee Brewers,False,Postseason Performance Autographs	PPA-FP	Freddy Peralta	Milwaukee Brewers
2024_topps_series1,2024,Topps,Series 1,Postseason Performance Autographs,,PPA-GH,1,Gunnar Henderson,Baltimore Orioles,False,Postseason Performance Autographs	PPA-GH	Gunnar Henderson	Baltimore Orioles
2024_topps_series1,2024,Topps,Series 1,Postseason Performance Autographs,,PPA-GM,1,Gabriel Moreno,Arizona Diamondbacks,False,Postseason Performance Autographs	PPA-GM	Gabriel Moreno	Arizona Diamondbacks
2024_topps_series1,2024,Topps,Series 1,Postseason Performance Autographs,,PPA-GS,1,George Springer,Toronto Blue Jays,False,Postseason Performance Autographs	PPA-GS	George Springer	Toronto Blue Jays
2024_topps_series1,2024,Topps,Series 1,Postseason Performance Autographs,,PPA-HB,1,Hunter Brown,Houston Astros,False,Postseason Performance Autographs	PPA-HB	Hunter Brown	Houston Astros
2024_topps_series1,2024,Topps,Series 1,Postseason Performance Autographs,,PPA-JA,1,Jose Altuve,Houston Astros,False,Postseason Performance Autographs	PPA-JA	Jose Altuve	Houston Astros
2024_topps_series1,2024,Topps,Series 1,Postseason Performance Autographs,,PPA-JC,1,Junior Caminero,Tampa Bay Rays,False,Postseason Performance Autographs	PPA-JC	Junior Caminero	Tampa Bay Rays
2024_topps_series1,2024,Topps,Series 1,Postseason Performance Autographs,,PPA-JF,1,Jack Flaherty,Baltimore Orioles,False,Postseason Performance Autographs	PPA-JF	Jack Flaherty	Baltimore Orioles
2024_topps_series1,2024,Topps,Series 1,Postseason Performance Autographs,,PPA-JH,1,Jonah Heim,Texas Rangers,False,Postseason Performance Autographs	PPA-JH	Jonah Heim	Texas Rangers
2024_topps_series1,2024,Topps,Series 1,Postseason Performance Autographs,,PPA-JJ,1,Josh Jung,Texas Rangers,False,Postseason Performance Autographs	PPA-JJ	Josh Jung	Texas Rangers
2024_topps_series1,2024,Topps,Series 1,Postseason Performance Autographs,,PPA-JM,1,Jorge Mateo,Baltimore Orioles,False,Postseason Performance Autographs	PPA-JM	Jorge Mateo	Baltimore Orioles
2024_topps_series1,2024,Topps,Series 1,Postseason Performance Autographs,,PPA-JO,1,James Outman,Los Angeles Dodgers,False,Postseason Performance Autographs	PPA-JO	James Outman	Los Angeles Dodgers
2024_topps_series1,2024,Topps,Series 1,Postseason Performance Autographs,,PPA-JP,1,Jeremy Peña,Houston Astros,False,Postseason Performance Autographs	PPA-JP	Jeremy Peña	Houston Astros
2024_topps_series1,2024,Topps,Series 1,Postseason Performance Autographs,,PPA-JU,1,Jose Urquidy,Houston Astros,False,Postseason Performance Autographs	PPA-JU	Jose Urquidy	Houston Astros
2024_topps_series1,2024,Topps,Series 1,Postseason Performance Autographs,,PPA-KB,1,Kyle Bradish,Baltimore Orioles,False,Postseason Performance Autographs	PPA-KB	Kyle Bradish	Baltimore Orioles
2024_topps_series1,2024,Topps,Series 1,Postseason Performance Autographs,,PPA-KG,1,Kyle Gibson,Baltimore Orioles,False,Postseason Performance Autographs	PPA-KG	Kyle Gibson	Baltimore Orioles
2024_topps_series1,2024,Topps,Series 1,Postseason Performance Autographs,,PPA-KS,1,Kyle Schwarber,Philadelphia Phillies,False,Postseason Performance Autographs	PPA-KS	Kyle Schwarber	Philadelphia Phillies
2024_topps_series1,2024,Topps,Series 1,Postseason Performance Autographs,,PPA-LEO,1,Leody Taveras,Texas Rangers,False,Postseason Performance Autographs	PPA-LEO	Leody Taveras	Texas Rangers
2024_topps_series1,2024,Topps,Series 1,Postseason Performance Autographs,,PPA-MAR,1,Brandon Marsh,Philadelphia Phillies,False,Postseason Performance Autographs	PPA-MAR	Brandon Marsh	Philadelphia Phillies
2024_topps_series1,2024,Topps,Series 1,Postseason Performance Autographs,,PPA-MB,1,Michael Brantley,Houston Astros,False,Postseason Performance Autographs	PPA-MB	Michael Brantley	Houston Astros
2024_topps_series1,2024,Topps,Series 1,Postseason Performance Autographs,,PPA-MC,1,Matt Chapman,Toronto Blue Jays,False,Postseason Performance Autographs	PPA-MC	Matt Chapman	Toronto Blue Jays
2024_topps_series1,2024,Topps,Series 1,Postseason Performance Autographs,,PPA-MO,1,Matt Olson,Atlanta Braves,False,Postseason Performance Autographs	PPA-MO	Matt Olson	Atlanta Braves
2024_topps_series1,2024,Topps,Series 1,Postseason Performance Autographs,,PPA-NE,1,Nathan Eovaldi,Texas Rangers,False,Postseason Performance Autographs	PPA-NE	Nathan Eovaldi	Texas Rangers
2024_topps_series1,2024,Topps,Series 1,Postseason Performance Autographs,,PPA-PER,1,Geraldo Perdomo,Arizona Diamondbacks,False,Postseason Performance Autographs	PPA-PER	Geraldo Perdomo	Arizona Diamondbacks
2024_topps_series1,2024,Topps,Series 1,Postseason Performance Autographs,,PPA-RA,1,Randy Arozarena,Tampa Bay Rays,False,Postseason Performance Autographs	PPA-RA	Randy Arozarena	Tampa Bay Rays
2024_topps_series1,2024,Topps,Series 1,Postseason Performance Autographs,,PPA-RL,1,Royce Lewis,Minnesota Twins,False,Postseason Performance Autographs	PPA-RL	Royce Lewis	Minnesota Twins
2024_topps_series1,2024,Topps,Series 1,Postseason Performance Autographs,,PPA-RP,1,Ryan Pressly,Houston Astros,False,Postseason Performance Autographs	PPA-RP	Ryan Pressly	Houston Astros
2024_topps_series1,2024,Topps,Series 1,Postseason Performance Autographs,,PPA-SEM,1,Marcus Semien,Texas Rangers,False,Postseason Performance Autographs	PPA-SEM	Marcus Semien	Texas Rangers
2024_topps_series1,2024,Topps,Series 1,Postseason Performance Autographs,,PPA-SG,1,Sonny Gray,Minnesota Twins,False,Postseason Performance Autographs	PPA-SG	Sonny Gray	Minnesota Twins
2024_topps_series1,2024,Topps,Series 1,Postseason Performance Autographs,,PPA-SS,1,Spencer Strider,Atlanta Braves,False,Postseason Performance Autographs	PPA-SS	Spencer Strider	Atlanta Braves
2024_topps_series1,2024,Topps,Series 1,Postseason Performance Autographs,,PPA-TG,1,Tyler Glasnow,Tampa Bay Rays,False,Postseason Performance Autographs	PPA-TG	Tyler Glasnow	Tampa Bay Rays
2024_topps_series1,2024,Topps,Series 1,Postseason Performance Autographs,,PPA-TT,1,Trea Turner,Philadelphia Phillies,False,Postseason Performance Autographs	PPA-TT	Trea Turner	Philadelphia Phillies
2024_topps_series1,2024,Topps,Series 1,Postseason Performance Autographs,,PPA-VG,1,Vladimir Guerrero Jr.,Toronto Blue Jays,False,Postseason Performance Autographs	PPA-VG	Vladimir Guerrero Jr.	Toronto Blue Jays
2024_topps_series1,2024,Topps,Series 1,Postseason Performance Autographs,,PPA-WC,1,William Contreras,Milwaukee Brewers,False,Postseason Performance Autographs	PPA-WC	William Contreras	Milwaukee Brewers
2024_topps_series1,2024,Topps,Series 1,Postseason Performance Autographs,,PPA-WM,1,Whit Merrifield,Toronto Blue Jays,False,Postseason Performance Autographs	PPA-WM	Whit Merrifield	Toronto Blue Jays
2024_topps_series1,2024,Topps,Series 1,Postseason Performance Autographs,,PPA-YA,1,Yordan Alvarez,Houston Astros,False,Postseason Performance Autographs	PPA-YA	Yordan Alvarez	Houston Astros
2024_topps_series1,2024,Topps,Series 1,Postseason Performance Autographs,,PPA-ZG,1,Zac Gallen,Arizona Diamondbacks,False,Postseason Performance Autographs	PPA-ZG	Zac Gallen	Arizona Diamondbacks
2024_topps_series1,2024,Topps,Series 1,Postseason Performance Relics,,PPR-AB,1,Alex Bregman,Houston Astros,False,Postseason Performance Relics	PPR-AB	Alex Bregman	Houston Astros
2024_topps_series1,2024,Topps,Series 1,Postseason Performance Relics,,PPR-AG,1,Adolis García,Texas Rangers,False,Postseason Performance Relics	PPR-AG	Adolis García	Texas Rangers
2024_topps_series1,2024,Topps,Series 1,Postseason Performance Relics,,PPR-AN,1,Aaron Nola,Philadelphia Phillies,False,Postseason Performance Relics	PPR-AN	Aaron Nola	Philadelphia Phillies
2024_topps_series1,2024,Topps,Series 1,Postseason Performance Relics,,PPR-AR,1,Austin Riley,Atlanta Braves,False,Postseason Performance Relics	PPR-AR	Austin Riley	Atlanta Braves
2024_topps_series1,2024,Topps,Series 1,Postseason Performance Relics,,PPR-ARU,1,Adley Rutschman,Baltimore Orioles,False,Postseason Performance Relics	PPR-ARU	Adley Rutschman	Baltimore Orioles
2024_topps_series1,2024,Topps,Series 1,Postseason Performance Relics,,PPR-AT,1,Alek Thomas,Arizona Diamondbacks,False,Postseason Performance Relics	PPR-AT	Alek Thomas	Arizona Diamondbacks
2024_topps_series1,2024,Topps,Series 1,Postseason Performance Relics,,PPR-BB,1,Bo Bichette,Toronto Blue Jays,False,Postseason Performance Relics	PPR-BB	Bo Bichette	Toronto Blue Jays
2024_topps_series1,2024,Topps,Series 1,Postseason Performance Relics,,PPR-BH,1,Bryce Harper,Philadelphia Phillies,False,Postseason Performance Relics	PPR-BH	Bryce Harper	Philadelphia Phillies
2024_topps_series1,2024,Topps,Series 1,Postseason Performance Relics,,PPR-BS,1,Bryson Stott,Philadelphia Phillies,False,Postseason Performance Relics	PPR-BS	Bryson Stott	Philadelphia Phillies
2024_topps_series1,2024,Topps,Series 1,Postseason Performance Relics,,PPR-CB,1,Corbin Burnes,Milwaukee Brewers,False,Postseason Performance Relics	PPR-CB	Corbin Burnes	Milwaukee Brewers
2024_topps_series1,2024,Topps,Series 1,Postseason Performance Relics,,PPR-CC,1,Corbin Carroll,Arizona Diamondbacks,False,Postseason Performance Relics	PPR-CC	Corbin Carroll	Arizona Diamondbacks
2024_topps_series1,2024,Topps,Series 1,Postseason Performance Relics,,PPR-CCO,1,Carlos Correa,Minnesota Twins,False,Postseason Performance Relics	PPR-CCO	Carlos Correa	Minnesota Twins
2024_topps_series1,2024,Topps,Series 1,Postseason Performance Relics,,PPR-CK,1,Clayton Kershaw,Los Angeles Dodgers,False,Postseason Performance Relics	PPR-CK	Clayton Kershaw	Los Angeles Dodgers
2024_topps_series1,2024,Topps,Series 1,Postseason Performance Relics,,PPR-CM,1,Chas McCormick,Houston Astros,False,Postseason Performance Relics	PPR-CM	Chas McCormick	Houston Astros
2024_topps_series1,2024,Topps,Series 1,Postseason Performance Relics,,PPR-CS,1,Corey Seager,Texas Rangers,False,Postseason Performance Relics	PPR-CS	Corey Seager	Texas Rangers
2024_topps_series1,2024,Topps,Series 1,Postseason Performance Relics,,PPR-CW,1,Christian Walker,Arizona Diamondbacks,False,Postseason Performance Relics	PPR-CW	Christian Walker	Arizona Diamondbacks
2024_topps_series1,2024,Topps,Series 1,Postseason Performance Relics,,PPR-CY,1,Christian Yelich,Milwaukee Brewers,False,Postseason Performance Relics	PPR-CY	Christian Yelich	Milwaukee Brewers
2024_topps_series1,2024,Topps,Series 1,Postseason Performance Relics,,PPR-EL,1,Evan Longoria,Arizona Diamondbacks,False,Postseason Performance Relics	PPR-EL	Evan Longoria	Arizona Diamondbacks
2024_topps_series1,2024,Topps,Series 1,Postseason Performance Relics,,PPR-FF,1,Freddie Freeman,Los Angeles Dodgers,False,Postseason Performance Relics	PPR-FF	Freddie Freeman	Los Angeles Dodgers
2024_topps_series1,2024,Topps,Series 1,Postseason Performance Relics,,PPR-FP,1,Freddy Peralta,Milwaukee Brewers,False,Postseason Performance Relics	PPR-FP	Freddy Peralta	Milwaukee Brewers
2024_topps_series1,2024,Topps,Series 1,Postseason Performance Relics,,PPR-GH,1,Gunnar Henderson,Baltimore Orioles,False,Postseason Performance Relics	PPR-GH	Gunnar Henderson	Baltimore Orioles
2024_topps_series1,2024,Topps,Series 1,Postseason Performance Relics,,PPR-GM,1,Gabriel Moreno,Arizona Diamondbacks,False,Postseason Performance Relics	PPR-GM	Gabriel Moreno	Arizona Diamondbacks
2024_topps_series1,2024,Topps,Series 1,Postseason Performance Relics,,PPR-GR,1,Grayson Rodriguez,Baltimore Orioles,False,Postseason Performance Relics	PPR-GR	Grayson Rodriguez	Baltimore Orioles
2024_topps_series1,2024,Topps,Series 1,Postseason Performance Relics,,PPR-GS,1,George Springer,Toronto Blue Jays,False,Postseason Performance Relics	PPR-GS	George Springer	Toronto Blue Jays
2024_topps_series1,2024,Topps,Series 1,Postseason Performance Relics,,PPR-JA,1,Jose Altuve,Houston Astros,False,Postseason Performance Relics	PPR-JA	Jose Altuve	Houston Astros
2024_topps_series1,2024,Topps,Series 1,Postseason Performance Relics,,PPR-JB,1,José Berríos,Toronto Blue Jays,False,Postseason Performance Relics	PPR-JB	José Berríos	Toronto Blue Jays
2024_topps_series1,2024,Topps,Series 1,Postseason Performance Relics,,PPR-JC,1,Jazz Chisholm Jr.,Miami Marlins,False,Postseason Performance Relics	PPR-JC	Jazz Chisholm Jr.	Miami Marlins
2024_topps_series1,2024,Topps,Series 1,Postseason Performance Relics,,PPR-JH,1,Jonah Heim,Texas Rangers,False,Postseason Performance Relics	PPR-JH	Jonah Heim	Texas Rangers
2024_topps_series1,2024,Topps,Series 1,Postseason Performance Relics,,PPR-JP,1,Jeremy Peña,Houston Astros,False,Postseason Performance Relics	PPR-JP	Jeremy Peña	Houston Astros
2024_topps_series1,2024,Topps,Series 1,Postseason Performance Relics,,PPR-JR,1,J.T. Realmuto,Philadelphia Phillies,False,Postseason Performance Relics	PPR-JR	J.T. Realmuto	Philadelphia Phillies
2024_topps_series1,2024,Topps,Series 1,Postseason Performance Relics,,PPR-JV,1,Justin Verlander,Houston Astros,False,Postseason Performance Relics	PPR-JV	Justin Verlander	Houston Astros
2024_topps_series1,2024,Topps,Series 1,Postseason Performance Relics,,PPR-KEL,1,Merrill Kelly,Arizona Diamondbacks,False,Postseason Performance Relics	PPR-KEL	Merrill Kelly	Arizona Diamondbacks
2024_topps_series1,2024,Topps,Series 1,Postseason Performance Relics,,PPR-KG,1,Kevin Gausman,Toronto Blue Jays,False,Postseason Performance Relics	PPR-KG	Kevin Gausman	Toronto Blue Jays
2024_topps_series1,2024,Topps,Series 1,Postseason Performance Relics,,PPR-KM,1,Ketel Marte,Arizona Diamondbacks,False,Postseason Performance Relics	PPR-KM	Ketel Marte	Arizona Diamondbacks
2024_topps_series1,2024,Topps,Series 1,Postseason Performance Relics,,PPR-KS,1,Kyle Schwarber,Philadelphia Phillies,False,Postseason Performance Relics	PPR-KS	Kyle Schwarber	Philadelphia Phillies
2024_topps_series1,2024,Topps,Series 1,Postseason Performance Relics,,PPR-KT,1,Kyle Tucker,Houston Astros,False,Postseason Performance Relics	PPR-KT	Kyle Tucker	Houston Astros
2024_topps_series1,2024,Topps,Series 1,Postseason Performance Relics,,PPR-LA,1,Luis Arraez,Miami Marlins,False,Postseason Performance Relics	PPR-LA	Luis Arraez	Miami Marlins
2024_topps_series1,2024,Topps,Series 1,Postseason Performance Relics,,PPR-LOU,1,Lourdes Gurriel Jr.,Arizona Diamondbacks,False,Postseason Performance Relics	PPR-LOU	Lourdes Gurriel Jr.	Arizona Diamondbacks
2024_topps_series1,2024,Topps,Series 1,Postseason Performance Relics,,PPR-MAR,1,Brandon Marsh,Philadelphia Phillies,False,Postseason Performance Relics	PPR-MAR	Brandon Marsh	Philadelphia Phillies
2024_topps_series1,2024,Topps,Series 1,Postseason Performance Relics,,PPR-MB,1,Mookie Betts,Los Angeles Dodgers,False,Postseason Performance Relics	PPR-MB	Mookie Betts	Los Angeles Dodgers
2024_topps_series1,2024,Topps,Series 1,Postseason Performance Relics,,PPR-MBR,1,Michael Brantley,Houston Astros,False,Postseason Performance Relics	PPR-MBR	Michael Brantley	Houston Astros
2024_topps_series1,2024,Topps,Series 1,Postseason Performance Relics,,PPR-MC,1,Matt Chapman,Toronto Blue Jays,False,Postseason Performance Relics	PPR-MC	Matt Chapman	Toronto Blue Jays
2024_topps_series1,2024,Topps,Series 1,Postseason Performance Relics,,PPR-MH,1,Michael Harris II,Atlanta Braves,False,Postseason Performance Relics	PPR-MH	Michael Harris II	Atlanta Braves
2024_topps_series1,2024,Topps,Series 1,Postseason Performance Relics,,PPR-MM,1,Max Muncy,Los Angeles Dodgers,False,Postseason Performance Relics	PPR-MM	Max Muncy	Los Angeles Dodgers
2024_topps_series1,2024,Topps,Series 1,Postseason Performance Relics,,PPR-MS,1,Marcus Semien,Texas Rangers,False,Postseason Performance Relics	PPR-MS	Marcus Semien	Texas Rangers
2024_topps_series1,2024,Topps,Series 1,Postseason Performance Relics,,PPR-NC,1,Nick Castellanos,Philadelphia Phillies,False,Postseason Performance Relics	PPR-NC	Nick Castellanos	Philadelphia Phillies
2024_topps_series1,2024,Topps,Series 1,Postseason Performance Relics,,PPR-NE,1,Nathan Eovaldi,Texas Rangers,False,Postseason Performance Relics	PPR-NE	Nathan Eovaldi	Texas Rangers
2024_topps_series1,2024,Topps,Series 1,Postseason Performance Relics,,PPR-OA,1,Ozzie Albies,Atlanta Braves,False,Postseason Performance Relics	PPR-OA	Ozzie Albies	Atlanta Braves
2024_topps_series1,2024,Topps,Series 1,Postseason Performance Relics,,PPR-PER,1,Geraldo Perdomo,Arizona Diamondbacks,False,Postseason Performance Relics	PPR-PER	Geraldo Perdomo	Arizona Diamondbacks
2024_topps_series1,2024,Topps,Series 1,Postseason Performance Relics,,PPR-RA,1,Ronald Acuña Jr.,Atlanta Braves,False,Postseason Performance Relics	PPR-RA	Ronald Acuña Jr.	Atlanta Braves
2024_topps_series1,2024,Topps,Series 1,Postseason Performance Relics,,PPR-RAR,1,Randy Arozarena,Tampa Bay Rays,False,Postseason Performance Relics	PPR-RAR	Randy Arozarena	Tampa Bay Rays
2024_topps_series1,2024,Topps,Series 1,Postseason Performance Relics,,PPR-RL,1,Royce Lewis,Minnesota Twins,False,Postseason Performance Relics	PPR-RL	Royce Lewis	Minnesota Twins
2024_topps_series1,2024,Topps,Series 1,Postseason Performance Relics,,PPR-RM,1,Ryan Mountcastle,Baltimore Orioles,False,Postseason Performance Relics	PPR-RM	Ryan Mountcastle	Baltimore Orioles
2024_topps_series1,2024,Topps,Series 1,Postseason Performance Relics,,PPR-SF,1,Sal Frelick,Milwaukee Brewers,False,Postseason Performance Relics	PPR-SF	Sal Frelick	Milwaukee Brewers
2024_topps_series1,2024,Topps,Series 1,Postseason Performance Relics,,PPR-SS,1,Spencer Strider,Atlanta Braves,False,Postseason Performance Relics	PPR-SS	Spencer Strider	Atlanta Braves
2024_topps_series1,2024,Topps,Series 1,Postseason Performance Relics,,PPR-TG,1,Tyler Glasnow,Tampa Bay Rays,False,Postseason Performance Relics	PPR-TG	Tyler Glasnow	Tampa Bay Rays
2024_topps_series1,2024,Topps,Series 1,Postseason Performance Relics,,PPR-TT,1,Trea Turner,Philadelphia Phillies,False,Postseason Performance Relics	PPR-TT	Trea Turner	Philadelphia Phillies
2024_topps_series1,2024,Topps,Series 1,Postseason Performance Relics,,PPR-VG,1,Vladimir Guerrero Jr.,Toronto Blue Jays,False,Postseason Performance Relics	PPR-VG	Vladimir Guerrero Jr.	Toronto Blue Jays
2024_topps_series1,2024,Topps,Series 1,Postseason Performance Relics,,PPR-YA,1,Yordan Alvarez,Houston Astros,False,Postseason Performance Relics	PPR-YA	Yordan Alvarez	Houston Astros
2024_topps_series1,2024,Topps,Series 1,Postseason Performance Relics,,PPR-ZG,1,Zac Gallen,Arizona Diamondbacks,False,Postseason Performance Relics	PPR-ZG	Zac Gallen	Arizona Diamondbacks
2024_topps_series1,2024,Topps,Series 1,Postseason Performance Relics,,PPR-ZW,1,Zack Wheeler,Philadelphia Phillies,False,Postseason Performance Relics	PPR-ZW	Zack Wheeler	Philadelphia Phillies
2024_topps_series1,2024,Topps,Series 1,Social Media Follow Back Redemptions,,SMF-1,1,Corey Seager,Texas Rangers,False,Social Media Follow Back Redemptions	SMF-1	Corey Seager	Texas Rangers
2024_topps_series1,2024,Topps,Series 1,Social Media Follow Back Redemptions,,SMF-2,1,Anthony Volpe,New York Yankees,False,Social Media Follow Back Redemptions	SMF-2	Anthony Volpe	New York Yankees
2024_topps_series1,2024,Topps,Series 1,Social Media Follow Back Redemptions,,SMF-3,1,Kris Bryant,Colorado Rockies,False,Social Media Follow Back Redemptions	SMF-3	Kris Bryant	Colorado Rockies
2024_topps_series1,2024,Topps,Series 1,Social Media Follow Back Redemptions,,SMF-4,1,Jonathan India,Cincinnati Reds,False,Social Media Follow Back Redemptions	SMF-4	Jonathan India	Cincinnati Reds
2024_topps_series1,2024,Topps,Series 1,Social Media Follow Back Redemptions,,SMF-5,1,Carlos Correa,Minnesota Twins,False,Social Media Follow Back Redemptions	SMF-5	Carlos Correa	Minnesota Twins
2024_topps_series1,2024,Topps,Series 1,Social Media Follow Back Redemptions,,SMF-6,1,Xander Bogaerts,San Diego Padres,False,Social Media Follow Back Redemptions	SMF-6	Xander Bogaerts	San Diego Padres
2024_topps_series1,2024,Topps,Series 1,Social Media Follow Back Redemptions,,SMF-7,1,Julio Rodríguez,Seattle Mariners,False,Social Media Follow Back Redemptions	SMF-7	Julio Rodríguez	Seattle Mariners
2024_topps_series1,2024,Topps,Series 1,Social Media Follow Back Redemptions,,SMF-8,1,Jordan Walker,St. Louis Cardinals,False,Social Media Follow Back Redemptions	SMF-8	Jordan Walker	St. Louis Cardinals
2024_topps_series1,2024,Topps,Series 1,Social Media Follow Back Redemptions,,SMF-9,1,Matt Olson,Atlanta Braves,False,Social Media Follow Back Redemptions	SMF-9	Matt Olson	Atlanta Braves
2024_topps_series1,2024,Topps,Series 1,Social Media Follow Back Redemptions,,SMF-10,1,Juan Soto,San Diego Padres,False,Social Media Follow Back Redemptions	SMF-10	Juan Soto	San Diego Padres
2024_topps_series1,2024,Topps,Series 1,Stars of MLB,,SMLB-1,1,Paul Goldschmidt,St. Louis Cardinals,False,Stars of MLB	SMLB-1	Paul Goldschmidt	St. Louis Cardinals
2024_topps_series1,2024,Topps,Series 1,Stars of MLB,,SMLB-2,1,Mike Trout,Los Angeles Angels,False,Stars of MLB	SMLB-2	Mike Trout	Los Angeles Angels
2024_topps_series1,2024,Topps,Series 1,Stars of MLB,,SMLB-3,1,Ronald Acuña Jr.,Atlanta Braves,False,Stars of MLB	SMLB-3	Ronald Acuña Jr.	Atlanta Braves
2024_topps_series1,2024,Topps,Series 1,Stars of MLB,,SLMB-4,1,Jordan Lawlar,Arizona Diamondbacks,False,Stars of MLB	SLMB-4	Jordan Lawlar	Arizona Diamondbacks
2024_topps_series1,2024,Topps,Series 1,Stars of MLB,,SMLB-5,1,Riley Greene,Detroit Tigers,False,Stars of MLB	SMLB-5	Riley Greene	Detroit Tigers
2024_topps_series1,2024,Topps,Series 1,Stars of MLB,,SMLB-6,1,Luis Robert Jr.,Chicago White Sox,False,Stars of MLB	SMLB-6	Luis Robert Jr.	Chicago White Sox
2024_topps_series1,2024,Topps,Series 1,Stars of MLB,,SLMB-7,1,Christian Encarnacion-Stra,Cincinnati Reds,False,Stars of MLB	SLMB-7	Christian Encarnacion-Stra	Cincinnati Reds
2024_topps_series1,2024,Topps,Series 1,Stars of MLB,,SMLB-8,1,Yordan Alvarez,Houston Astros,False,Stars of MLB	SMLB-8	Yordan Alvarez	Houston Astros
2024_topps_series1,2024,Topps,Series 1,Stars of MLB,,SMLB-9,1,Mookie Betts,Los Angeles Dodgers,False,Stars of MLB	SMLB-9	Mookie Betts	Los Angeles Dodgers
2024_topps_series1,2024,Topps,Series 1,Stars of MLB,,SLMB-11,1,Ronny Mauricio,New York Mets,False,Stars of MLB	SLMB-11	Ronny Mauricio	New York Mets
2024_topps_series1,2024,Topps,Series 1,Stars of MLB,,SLMB-12,1,Sal Frelick,Milwaukee Brewers,False,Stars of MLB	SLMB-12	Sal Frelick	Milwaukee Brewers
2024_topps_series1,2024,Topps,Series 1,Stars of MLB,,SLMB-18,1,Tyler Soderstrom,Oakland Athletics,False,Stars of MLB	SLMB-18	Tyler Soderstrom	Oakland Athletics
2024_topps_series1,2024,Topps,Series 1,Stars of MLB,,SLMB-25,1,Pete Crow-Armstrong,Chicago Cubs,False,Stars of MLB	SLMB-25	Pete Crow-Armstrong	Chicago Cubs
2024_topps_series1,2024,Topps,Series 1,Stars of MLB,,SLMB-30,1,Marco Luciano,San Francisco Giants,False,Stars of MLB	SLMB-30	Marco Luciano	San Francisco Giants
2024_topps_series1,2024,Topps,Series 1,Stars of MLB,,SMLB-10,1,Jazz Chisholm Jr.,Miami Marlins,False,Stars of MLB	SMLB-10	Jazz Chisholm Jr.	Miami Marlins
2024_topps_series1,2024,Topps,Series 1,Stars of MLB,,SMLB-13,1,Aaron Judge,New York Yankees,False,Stars of MLB	SMLB-13	Aaron Judge	New York Yankees
2024_topps_series1,2024,Topps,Series 1,Stars of MLB,,SMLB-14,1,Bryce Harper,Philadelphia Phillies,False,Stars of MLB	SMLB-14	Bryce Harper	Philadelphia Phillies
2024_topps_series1,2024,Topps,Series 1,Stars of MLB,,SMLB-15,1,Fernando Tatis Jr.,San Diego Padres,False,Stars of MLB	SMLB-15	Fernando Tatis Jr.	San Diego Padres
2024_topps_series1,2024,Topps,Series 1,Stars of MLB,,SMLB-16,1,Julio Rodríguez,Seattle Mariners,False,Stars of MLB	SMLB-16	Julio Rodríguez	Seattle Mariners
2024_topps_series1,2024,Topps,Series 1,Stars of MLB,,SMLB-17,1,Bobby Witt Jr.,Kansas City Royals,False,Stars of MLB	SMLB-17	Bobby Witt Jr.	Kansas City Royals
2024_topps_series1,2024,Topps,Series 1,Stars of MLB,,SMLB-19,1,Vladimir Guerrero Jr.,Toronto Blue Jays,False,Stars of MLB	SMLB-19	Vladimir Guerrero Jr.	Toronto Blue Jays
2024_topps_series1,2024,Topps,Series 1,Stars of MLB,,SMLB-20,1,Juan Soto,San Diego Padres,False,Stars of MLB	SMLB-20	Juan Soto	San Diego Padres
2024_topps_series1,2024,Topps,Series 1,Stars of MLB,,SMLB-21,1,Shohei Ohtani,Los Angeles Angels,False,Stars of MLB	SMLB-21	Shohei Ohtani	Los Angeles Angels
2024_topps_series1,2024,Topps,Series 1,Stars of MLB,,SMLB-22,1,Adley Rutschman,Baltimore Orioles,False,Stars of MLB	SMLB-22	Adley Rutschman	Baltimore Orioles
2024_topps_series1,2024,Topps,Series 1,Stars of MLB,,SMLB-23,1,Elly De La Cruz,Cincinnati Reds,False,Stars of MLB	SMLB-23	Elly De La Cruz	Cincinnati Reds
2024_topps_series1,2024,Topps,Series 1,Stars of MLB,,SMLB-24,1,Pete Alonso,New York Mets,False,Stars of MLB	SMLB-24	Pete Alonso	New York Mets
2024_topps_series1,2024,Topps,Series 1,Stars of MLB,,SMLB-26,1,Freddie Freeman,Los Angeles Dodgers,False,Stars of MLB	SMLB-26	Freddie Freeman	Los Angeles Dodgers
2024_topps_series1,2024,Topps,Series 1,Stars of MLB,,SMLB-27,1,Henry Davis,Pittsburgh Pirates,False,Stars of MLB	SMLB-27	Henry Davis	Pittsburgh Pirates
2024_topps_series1,2024,Topps,Series 1,Stars of MLB,,SMLB-28,1,Corey Seager,Texas Rangers,False,Stars of MLB	SMLB-28	Corey Seager	Texas Rangers
2024_topps_series1,2024,Topps,Series 1,Stars of MLB,,SMLB-29,1,Corbin Carroll,Arizona Diamondbacks,False,Stars of MLB	SMLB-29	Corbin Carroll	Arizona Diamondbacks
2024_topps_series1,2024,Topps,Series 1,Stars of MLB,,SMLB-30,1,Marco Luciano,San Francisco Giants,False,Stars of MLB	SMLB-30	Marco Luciano	San Francisco Giants
2024_topps_series1,2024,Topps,Series 1,Stars of MLB Chrome,,CSMLB-1,1,Paul Goldschmidt,St. Louis Cardinals,False,Stars of MLB Chrome	CSMLB-1	Paul Goldschmidt	St. Louis Cardinals
2024_topps_series1,2024,Topps,Series 1,Stars of MLB Chrome,,CSMLB-2,1,Mike Trout,Los Angeles Angels,False,Stars of MLB Chrome	CSMLB-2	Mike Trout	Los Angeles Angels
2024_topps_series1,2024,Topps,Series 1,Stars of MLB Chrome,,CSMLB-3,1,Ronald Acuña Jr.,Atlanta Braves,False,Stars of MLB Chrome	CSMLB-3	Ronald Acuña Jr.	Atlanta Braves
2024_topps_series1,2024,Topps,Series 1,Stars of MLB Chrome,,CSMLB-4,1,Jordan Lawlar,Arizona Diamondbacks,False,Stars of MLB Chrome	CSMLB-4	Jordan Lawlar	Arizona Diamondbacks
2024_topps_series1,2024,Topps,Series 1,Stars of MLB Chrome,,CSMLB-5,1,Riley Greene,Detroit Tigers,False,Stars of MLB Chrome	CSMLB-5	Riley Greene	Detroit Tigers
2024_topps_series1,2024,Topps,Series 1,Stars of MLB Chrome,,CSMLB-6,1,Luis Robert Jr.,Chicago White Sox,False,Stars of MLB Chrome	CSMLB-6	Luis Robert Jr.	Chicago White Sox
2024_topps_series1,2024,Topps,Series 1,Stars of MLB Chrome,,CSMLB-7,1,Christian Encarnacion-Stra,Cincinnati Reds,False,Stars of MLB Chrome	CSMLB-7	Christian Encarnacion-Stra	Cincinnati Reds
2024_topps_series1,2024,Topps,Series 1,Stars of MLB Chrome,,CSMLB-8,1,Yordan Alvarez,Houston Astros,False,Stars of MLB Chrome	CSMLB-8	Yordan Alvarez	Houston Astros
2024_topps_series1,2024,Topps,Series 1,Stars of MLB Chrome,,CSMLB-9,1,Mookie Betts,Los Angeles Dodgers,False,Stars of MLB Chrome	CSMLB-9	Mookie Betts	Los Angeles Dodgers
2024_topps_series1,2024,Topps,Series 1,Stars of MLB Chrome,,CSMLB-10,1,Jazz Chisholm Jr.,Miami Marlins,False,Stars of MLB Chrome	CSMLB-10	Jazz Chisholm Jr.	Miami Marlins
2024_topps_series1,2024,Topps,Series 1,Stars of MLB Chrome,,CSMLB-11,1,Ronny Mauricio,New York Mets,False,Stars of MLB Chrome	CSMLB-11	Ronny Mauricio	New York Mets
2024_topps_series1,2024,Topps,Series 1,Stars of MLB Chrome,,CSMLB-12,1,Sal Frelick,Milwaukee Brewers,False,Stars of MLB Chrome	CSMLB-12	Sal Frelick	Milwaukee Brewers
2024_topps_series1,2024,Topps,Series 1,Stars of MLB Chrome,,CSMLB-13,1,Aaron Judge,New York Yankees,False,Stars of MLB Chrome	CSMLB-13	Aaron Judge	New York Yankees
2024_topps_series1,2024,Topps,Series 1,Stars of MLB Chrome,,CSMLB-14,1,Bryce Harper,Philadelphia Phillies,False,Stars of MLB Chrome	CSMLB-14	Bryce Harper	Philadelphia Phillies
2024_topps_series1,2024,Topps,Series 1,Stars of MLB Chrome,,CSMLB-15,1,Fernando Tatis Jr.,San Diego Padres,False,Stars of MLB Chrome	CSMLB-15	Fernando Tatis Jr.	San Diego Padres
2024_topps_series1,2024,Topps,Series 1,Stars of MLB Chrome,,CSMLB-16,1,Julio Rodríguez,Seattle Mariners,False,Stars of MLB Chrome	CSMLB-16	Julio Rodríguez	Seattle Mariners
2024_topps_series1,2024,Topps,Series 1,Stars of MLB Chrome,,CSMLB-17,1,Bobby Witt Jr.,Kansas City Royals,False,Stars of MLB Chrome	CSMLB-17	Bobby Witt Jr.	Kansas City Royals
2024_topps_series1,2024,Topps,Series 1,Stars of MLB Chrome,,CSMLB-18,1,Tyler Soderstrom,Oakland Athletics,False,Stars of MLB Chrome	CSMLB-18	Tyler Soderstrom	Oakland Athletics
2024_topps_series1,2024,Topps,Series 1,Stars of MLB Chrome,,CSMLB-19,1,Vladimir Guerrero Jr.,Toronto Blue Jays,False,Stars of MLB Chrome	CSMLB-19	Vladimir Guerrero Jr.	Toronto Blue Jays
2024_topps_series1,2024,Topps,Series 1,Stars of MLB Chrome,,CSMLB-20,1,Juan Soto,San Diego Padres,False,Stars of MLB Chrome	CSMLB-20	Juan Soto	San Diego Padres
2024_topps_series1,2024,Topps,Series 1,Stars of MLB Chrome,,CSMLB-21,1,Shohei Ohtani,Los Angeles Angels,False,Stars of MLB Chrome	CSMLB-21	Shohei Ohtani	Los Angeles Angels
2024_topps_series1,2024,Topps,Series 1,Stars of MLB Chrome,,CSMLB-22,1,Adley Rutschman,Baltimore Orioles,False,Stars of MLB Chrome	CSMLB-22	Adley Rutschman	Baltimore Orioles
2024_topps_series1,2024,Topps,Series 1,Stars of MLB Chrome,,CSMLB-23,1,Elly De La Cruz,Cincinnati Reds,False,Stars of MLB Chrome	CSMLB-23	Elly De La Cruz	Cincinnati Reds
2024_topps_series1,2024,Topps,Series 1,Stars of MLB Chrome,,CSMLB-24,1,Pete Alonso,New York Mets,False,Stars of MLB Chrome	CSMLB-24	Pete Alonso	New York Mets
2024_topps_series1,2024,Topps,Series 1,Stars of MLB Chrome,,CSMLB-25,1,Pete Crow-Armstrong,Chicago Cubs,False,Stars of MLB Chrome	CSMLB-25	Pete Crow-Armstrong	Chicago Cubs
2024_topps_series1,2024,Topps,Series 1,Stars of MLB Chrome,,CSMLB-26,1,Freddie Freeman,Los Angeles Dodgers,False,Stars of MLB Chrome	CSMLB-26	Freddie Freeman	Los Angeles Dodgers
2024_topps_series1,2024,Topps,Series 1,Stars of MLB Chrome,,CSMLB-27,1,Henry Davis,Pittsburgh Pirates,False,Stars of MLB Chrome	CSMLB-27	Henry Davis	Pittsburgh Pirates
2024_topps_series1,2024,Topps,Series 1,Stars of MLB Chrome,,CSMLB-28,1,Corey Seager,Texas Rangers,False,Stars of MLB Chrome	CSMLB-28	Corey Seager	Texas Rangers
2024_topps_series1,2024,Topps,Series 1,Stars of MLB Chrome,,CSMLB-29,1,Corbin Carroll,Arizona Diamondbacks,False,Stars of MLB Chrome	CSMLB-29	Corbin Carroll	Arizona Diamondbacks
2024_topps_series1,2024,Topps,Series 1,Stars of MLB Chrome,,CSMLB-30,1,Marco Luciano,San Francisco Giants,False,Stars of MLB Chrome	CSMLB-30	Marco Luciano	San Francisco Giants
2024_topps_series1,2024,Topps,Series 1,Superstar Blueprint,,SB-1,1,Aaron Judge,New York Yankees,False,Superstar Blueprint	SB-1	Aaron Judge	New York Yankees
2024_topps_series1,2024,Topps,Series 1,Superstar Blueprint,,SB-2,1,Mike Trout,Los Angeles Angels,False,Superstar Blueprint	SB-2	Mike Trout	Los Angeles Angels
2024_topps_series1,2024,Topps,Series 1,Superstar Blueprint,,SB-3,1,Shohei Ohtani,Los Angeles Angels,False,Superstar Blueprint	SB-3	Shohei Ohtani	Los Angeles Angels
2024_topps_series1,2024,Topps,Series 1,Superstar Blueprint,,SB-4,1,Bryce Harper,Philadelphia Phillies,False,Superstar Blueprint	SB-4	Bryce Harper	Philadelphia Phillies
2024_topps_series1,2024,Topps,Series 1,Superstar Blueprint,,SB-5,1,Fernando Tatis Jr.,San Diego Padres,False,Superstar Blueprint	SB-5	Fernando Tatis Jr.	San Diego Padres
2024_topps_series1,2024,Topps,Series 1,Superstar Blueprint,,SB-6,1,Julio Rodríguez,Seattle Mariners,False,Superstar Blueprint	SB-6	Julio Rodríguez	Seattle Mariners
2024_topps_series1,2024,Topps,Series 1,Superstar Blueprint,,SB-7,1,Ken Griffey Jr.,Seattle Mariners,False,Superstar Blueprint	SB-7	Ken Griffey Jr.	Seattle Mariners
2024_topps_series1,2024,Topps,Series 1,Superstar Blueprint,,SB-8,1,Ronald Acuña Jr.,Atlanta Braves,False,Superstar Blueprint	SB-8	Ronald Acuña Jr.	Atlanta Braves
2024_topps_series1,2024,Topps,Series 1,Superstar Blueprint,,SB-9,1,Juan Soto,San Diego Padres,False,Superstar Blueprint	SB-9	Juan Soto	San Diego Padres
2024_topps_series1,2024,Topps,Series 1,Superstar Blueprint,,SB-10,1,Vladimir Guerrero Jr.,Toronto Blue Jays,False,Superstar Blueprint	SB-10	Vladimir Guerrero Jr.	Toronto Blue Jays
2024_topps_series1,2024,Topps,Series 1,Superstar Blueprint,,SB-11,1,Adley Rutschman,Baltimore Orioles,False,Superstar Blueprint	SB-11	Adley Rutschman	Baltimore Orioles
2024_topps_series1,2024,Topps,Series 1,Superstar Blueprint,,SB-12,1,Freddie Freeman,Los Angeles Dodgers,False,Superstar Blueprint	SB-12	Freddie Freeman	Los Angeles Dodgers
2024_topps_series1,2024,Topps,Series 1,Superstar Blueprint,,SB-13,1,Pete Alonso,New York Mets,False,Superstar Blueprint	SB-13	Pete Alonso	New York Mets
2024_topps_series1,2024,Topps,Series 1,Superstar Blueprint,,SB-14,1,Corbin Carroll,Arizona Diamondbacks,False,Superstar Blueprint	SB-14	Corbin Carroll	Arizona Diamondbacks
2024_topps_series1,2024,Topps,Series 1,Superstar Blueprint,,SB-15,1,Elly De La Cruz,Cincinnati Reds,False,Superstar Blueprint	SB-15	Elly De La Cruz	Cincinnati Reds
2024_topps_series1,2024,Topps,Series 1,Superstar Blueprint,,SB-16,1,Joey Votto,Cincinnati Reds,False,Superstar Blueprint	SB-16	Joey Votto	Cincinnati Reds
2024_topps_series1,2024,Topps,Series 1,Superstar Blueprint,,SB-17,1,Mookie Betts,Los Angeles Dodgers,False,Superstar Blueprint	SB-17	Mookie Betts	Los Angeles Dodgers
2024_topps_series1,2024,Topps,Series 1,Superstar Blueprint,,SB-18,1,Derek Jeter,New York Yankees,False,Superstar Blueprint	SB-18	Derek Jeter	New York Yankees
2024_topps_series1,2024,Topps,Series 1,Superstar Blueprint,,SB-19,1,Clayton Kershaw,Los Angeles Dodgers,False,Superstar Blueprint	SB-19	Clayton Kershaw	Los Angeles Dodgers
2024_topps_series1,2024,Topps,Series 1,Superstar Blueprint,,SB-20,1,Paul Goldschmidt,St. Louis Cardinals,False,Superstar Blueprint	SB-20	Paul Goldschmidt	St. Louis Cardinals
2024_topps_series1,2024,Topps,Series 1,Superstar Blueprint,,SB-21,1,Bo Bichette,Toronto Blue Jays,False,Superstar Blueprint	SB-21	Bo Bichette	Toronto Blue Jays
2024_topps_series1,2024,Topps,Series 1,Superstar Blueprint,,SB-22,1,Andrew McCutchen,Pittsburgh Pirates,False,Superstar Blueprint	SB-22	Andrew McCutchen	Pittsburgh Pirates
2024_topps_series1,2024,Topps,Series 1,Superstar Blueprint,,SB-23,1,Gerrit Cole,New York Yankees,False,Superstar Blueprint	SB-23	Gerrit Cole	New York Yankees
2024_topps_series1,2024,Topps,Series 1,Superstar Blueprint,,SB-24,1,Nolan Arenado,St. Louis Cardinals,False,Superstar Blueprint	SB-24	Nolan Arenado	St. Louis Cardinals
2024_topps_series1,2024,Topps,Series 1,Superstar Blueprint,,SB-25,1,Bobby Witt Jr.,Kansas City Royals,False,Superstar Blueprint	SB-25	Bobby Witt Jr.	Kansas City Royals
2024_topps_series1,2024,Topps,Series 1,Superstar Blueprint Autographs,,SBA-AJ,1,Aaron Judge,New York Yankees,False,Superstar Blueprint Autographs	SBA-AJ	Aaron Judge	New York Yankees
2024_topps_series1,2024,Topps,Series 1,Superstar Blueprint Autographs,,SBA-AR,1,Adley Rutschman,Baltimore Orioles,False,Superstar Blueprint Autographs	SBA-AR	Adley Rutschman	Baltimore Orioles
2024_topps_series1,2024,Topps,Series 1,Superstar Blueprint Autographs,,SBA-BH,1,Bryce Harper,Philadelphia Phillies,False,Superstar Blueprint Autographs	SBA-BH	Bryce Harper	Philadelphia Phillies
2024_topps_series1,2024,Topps,Series 1,Superstar Blueprint Autographs,,SBA-BW,1,Bobby Witt Jr.,Kansas City Royals,False,Superstar Blueprint Autographs	SBA-BW	Bobby Witt Jr.	Kansas City Royals
2024_topps_series1,2024,Topps,Series 1,Superstar Blueprint Autographs,,SBA-DJ,1,Derek Jeter,New York Yankees,False,Superstar Blueprint Autographs	SBA-DJ	Derek Jeter	New York Yankees
2024_topps_series1,2024,Topps,Series 1,Superstar Blueprint Autographs,,SBA-ED,1,Elly De La Cruz,Cincinnati Reds,False,Superstar Blueprint Autographs	SBA-ED	Elly De La Cruz	Cincinnati Reds
2024_topps_series1,2024,Topps,Series 1,Superstar Blueprint Autographs,,SBA-FF,1,Freddie Freeman,Los Angeles Dodgers,False,Superstar Blueprint Autographs	SBA-FF	Freddie Freeman	Los Angeles Dodgers
2024_topps_series1,2024,Topps,Series 1,Superstar Blueprint Autographs,,SBA-FT,1,Fernando Tatis Jr.,San Diego Padres,False,Superstar Blueprint Autographs	SBA-FT	Fernando Tatis Jr.	San Diego Padres
2024_topps_series1,2024,Topps,Series 1,Superstar Blueprint Autographs,,SBA-G,1,Ken Griffey Jr.,Seattle Mariners,False,Superstar Blueprint Autographs	SBA-G	Ken Griffey Jr.	Seattle Mariners
2024_topps_series1,2024,Topps,Series 1,Superstar Blueprint Autographs,,SBA-GC,1,Gerrit Cole,New York Yankees,False,Superstar Blueprint Autographs	SBA-GC	Gerrit Cole	New York Yankees
2024_topps_series1,2024,Topps,Series 1,Superstar Blueprint Autographs,,SBA-JR,1,Julio Rodríguez,Seattle Mariners,False,Superstar Blueprint Autographs	SBA-JR	Julio Rodríguez	Seattle Mariners
2024_topps_series1,2024,Topps,Series 1,Superstar Blueprint Autographs,,SBA-JS,1,Juan Soto,San Diego Padres,False,Superstar Blueprint Autographs	SBA-JS	Juan Soto	San Diego Padres
2024_topps_series1,2024,Topps,Series 1,Superstar Blueprint Autographs,,SBA-JV,1,Joey Votto,Cincinnati Reds,False,Superstar Blueprint Autographs	SBA-JV	Joey Votto	Cincinnati Reds
2024_topps_series1,2024,Topps,Series 1,Superstar Blueprint Autographs,,SBA-MT,1,Mike Trout,Los Angeles Angels,False,Superstar Blueprint Autographs	SBA-MT	Mike Trout	Los Angeles Angels
2024_topps_series1,2024,Topps,Series 1,Superstar Blueprint Autographs,,SBA-PA,1,Pete Alonso,New York Mets,False,Superstar Blueprint Autographs	SBA-PA	Pete Alonso	New York Mets
2024_topps_series1,2024,Topps,Series 1,Superstar Blueprint Autographs,,SBA-PG,1,Paul Goldschmidt,St. Louis Cardinals,False,Superstar Blueprint Autographs	SBA-PG	Paul Goldschmidt	St. Louis Cardinals
2024_topps_series1,2024,Topps,Series 1,Superstar Blueprint Autographs,,SBA-SO,1,Shohei Ohtani,Los Angeles Angels,False,Superstar Blueprint Autographs	SBA-SO	Shohei Ohtani	Los Angeles Angels
2024_topps_series1,2024,Topps,Series 1,Superstar Blueprint Autographs,,SBA-VG,1,Vladimir Guerrero Jr.,Toronto Blue Jays,False,Superstar Blueprint Autographs	SBA-VG	Vladimir Guerrero Jr.	Toronto Blue Jays
2024_topps_series1,2024,Topps,Series 1,Team Color Border Variations,,1,1,Ronald Acuña Jr.,Atlanta Braves,False,Team Color Border Variations	1	Ronald Acuña Jr.	Atlanta Braves
2024_topps_series1,2024,Topps,Series 1,Team Color Border Variations,,3,1,Endy Rodríguez,Pittsburgh Pirates,False,Team Color Border Variations	3	Endy Rodríguez	Pittsburgh Pirates
2024_topps_series1,2024,Topps,Series 1,Team Color Border Variations,,4,1,Logan Webb,San Francisco Giants,False,Team Color Border Variations	4	Logan Webb	San Francisco Giants
2024_topps_series1,2024,Topps,Series 1,Team Color Border Variations,,5,1,Owen White,Texas Rangers,False,Team Color Border Variations	5	Owen White	Texas Rangers
2024_topps_series1,2024,Topps,Series 1,Team Color Border Variations,,7,1,Brendan Donovan,St. Louis Cardinals,False,Team Color Border Variations	7	Brendan Donovan	St. Louis Cardinals
2024_topps_series1,2024,Topps,Series 1,Team Color Border Variations,,8,1,Brendan White,Detroit Tigers,False,Team Color Border Variations	8	Brendan White	Detroit Tigers
2024_topps_series1,2024,Topps,Series 1,Team Color Border Variations,,9,1,Joey Wiemer,Milwaukee Brewers,False,Team Color Border Variations	9	Joey Wiemer	Milwaukee Brewers
2024_topps_series1,2024,Topps,Series 1,Team Color Border Variations,,10,1,Josh Naylor,Cleveland Guardians,False,Team Color Border Variations	10	Josh Naylor	Cleveland Guardians
2024_topps_series1,2024,Topps,Series 1,Team Color Border Variations,,11,1,Spencer Strider,Atlanta Braves,False,Team Color Border Variations	11	Spencer Strider	Atlanta Braves
2024_topps_series1,2024,Topps,Series 1,Team Color Border Variations,,12,1,Bryan Woo,Seattle Mariners,False,Team Color Border Variations	12	Bryan Woo	Seattle Mariners
2024_topps_series1,2024,Topps,Series 1,Team Color Border Variations,,13,1,Nick Robertson,Boston Red Sox,False,Team Color Border Variations	13	Nick Robertson	Boston Red Sox
2024_topps_series1,2024,Topps,Series 1,Team Color Border Variations,,14,1,Michael Massey,Kansas City Royals,False,Team Color Border Variations	14	Michael Massey	Kansas City Royals
2024_topps_series1,2024,Topps,Series 1,Team Color Border Variations,,15,1,José Soriano,Los Angeles Angels,False,Team Color Border Variations	15	José Soriano	Los Angeles Angels
2024_topps_series1,2024,Topps,Series 1,Team Color Border Variations,,16,1,Jon Gray,Texas Rangers,False,Team Color Border Variations	16	Jon Gray	Texas Rangers
2024_topps_series1,2024,Topps,Series 1,Team Color Border Variations,,17,1,Nick Pivetta,Boston Red Sox,False,Team Color Border Variations	17	Nick Pivetta	Boston Red Sox
2024_topps_series1,2024,Topps,Series 1,Team Color Border Variations,,18,1,Lars Nootbaar,St. Louis Cardinals,False,Team Color Border Variations	18	Lars Nootbaar	St. Louis Cardinals
2024_topps_series1,2024,Topps,Series 1,Team Color Border Variations,,19,1,Joey Votto,Cincinnati Reds,False,Team Color Border Variations	19	Joey Votto	Cincinnati Reds
2024_topps_series1,2024,Topps,Series 1,Team Color Border Variations,,20,1,Pete Alonso,New York Mets,False,Team Color Border Variations	20	Pete Alonso	New York Mets
2024_topps_series1,2024,Topps,Series 1,Team Color Border Variations,,21,1,Esteury Ruiz,Oakland Athletics,False,Team Color Border Variations	21	Esteury Ruiz	Oakland Athletics
2024_topps_series1,2024,Topps,Series 1,Team Color Border Variations,,22,1,Rafael Devers,Boston Red Sox,False,Team Color Border Variations	22	Rafael Devers	Boston Red Sox
2024_topps_series1,2024,Topps,Series 1,Team Color Border Variations,,23,1,Fernando Tatis Jr.,San Diego Padres,False,Team Color Border Variations	23	Fernando Tatis Jr.	San Diego Padres
2024_topps_series1,2024,Topps,Series 1,Team Color Border Variations,,24,1,Salvador Perez,Kansas City Royals,False,Team Color Border Variations	24	Salvador Perez	Kansas City Royals
2024_topps_series1,2024,Topps,Series 1,Team Color Border Variations,,25,1,Andy Ibáñez,Detroit Tigers,False,Team Color Border Variations	25	Andy Ibáñez	Detroit Tigers
2024_topps_series1,2024,Topps,Series 1,Team Color Border Variations,,26,1,Freddy Peralta,Milwaukee Brewers,False,Team Color Border Variations	26	Freddy Peralta	Milwaukee Brewers
2024_topps_series1,2024,Topps,Series 1,Team Color Border Variations,,27,1,Mike Trout,Los Angeles Angels,False,Team Color Border Variations	27	Mike Trout	Los Angeles Angels
2024_topps_series1,2024,Topps,Series 1,Team Color Border Variations,,28,1,Luis Matos,San Francisco Giants,False,Team Color Border Variations	28	Luis Matos	San Francisco Giants
2024_topps_series1,2024,Topps,Series 1,Team Color Border Variations,,29,1,Kris Bryant,Colorado Rockies,False,Team Color Border Variations	29	Kris Bryant	Colorado Rockies
2024_topps_series1,2024,Topps,Series 1,Team Color Border Variations,,30,1,Hunter Brown,Houston Astros	- Future Stars,False,Team Color Border Variations	30	Hunter Brown	Houston Astros	- Future Stars
2024_topps_series1,2024,Topps,Series 1,Team Color Border Variations,,31,1,Carmen Mlodzinski,Pittsburgh Pirates,False,Team Color Border Variations	31	Carmen Mlodzinski	Pittsburgh Pirates
2024_topps_series1,2024,Topps,Series 1,Team Color Border Variations,,32,1,Samad Taylor,Kansas City Royals,False,Team Color Border Variations	32	Samad Taylor	Kansas City Royals
2024_topps_series1,2024,Topps,Series 1,Team Color Border Variations,,33,1,Willy Adames,Milwaukee Brewers,False,Team Color Border Variations	33	Willy Adames	Milwaukee Brewers
2024_topps_series1,2024,Topps,Series 1,Team Color Border Variations,,34,1,Ryan Mountcastle,Baltimore Orioles,False,Team Color Border Variations	34	Ryan Mountcastle	Baltimore Orioles
2024_topps_series1,2024,Topps,Series 1,Team Color Border Variations,,35,1,Adley Rutschman,Baltimore Orioles,False,Team Color Border Variations	35	Adley Rutschman	Baltimore Orioles
2024_topps_series1,2024,Topps,Series 1,Team Color Border Variations,,36,1,Prelander Berroa,Seattle Mariners,False,Team Color Border Variations	36	Prelander Berroa	Seattle Mariners
2024_topps_series1,2024,Topps,Series 1,Team Color Border Variations,,37,1,CJ Abrams,Washington Nationals,False,Team Color Border Variations	37	CJ Abrams	Washington Nationals
2024_topps_series1,2024,Topps,Series 1,Team Color Border Variations,,39,1,Emerson Hancock,Seattle Mariners,False,Team Color Border Variations	39	Emerson Hancock	Seattle Mariners
2024_topps_series1,2024,Topps,Series 1,Team Color Border Variations,,40,1,Dylan Cease,Chicago White Sox,False,Team Color Border Variations	40	Dylan Cease	Chicago White Sox
2024_topps_series1,2024,Topps,Series 1,Team Color Border Variations,,41,1,Geraldo Perdomo,Arizona Diamondbacks,False,Team Color Border Variations	41	Geraldo Perdomo	Arizona Diamondbacks
2024_topps_series1,2024,Topps,Series 1,Team Color Border Variations,,42,1,Jorge Mateo,Baltimore Orioles,False,Team Color Border Variations	42	Jorge Mateo	Baltimore Orioles
2024_topps_series1,2024,Topps,Series 1,Team Color Border Variations,,43,1,Daulton Varsho,Toronto Blue Jays,False,Team Color Border Variations	43	Daulton Varsho	Toronto Blue Jays
2024_topps_series1,2024,Topps,Series 1,Team Color Border Variations,,44,1,Julio Rodríguez,Seattle Mariners,False,Team Color Border Variations	44	Julio Rodríguez	Seattle Mariners
2024_topps_series1,2024,Topps,Series 1,Team Color Border Variations,,45,1,Félix Bautista,Baltimore Orioles,False,Team Color Border Variations	45	Félix Bautista	Baltimore Orioles
2024_topps_series1,2024,Topps,Series 1,Team Color Border Variations,,46,1,Paul Goldschmidt,St. Louis Cardinals,False,Team Color Border Variations	46	Paul Goldschmidt	St. Louis Cardinals
2024_topps_series1,2024,Topps,Series 1,Team Color Border Variations,,47,1,Cavan Biggio,Toronto Blue Jays,False,Team Color Border Variations	47	Cavan Biggio	Toronto Blue Jays
2024_topps_series1,2024,Topps,Series 1,Team Color Border Variations,,48,1,Bryce Elder,Atlanta Braves,False,Team Color Border Variations	48	Bryce Elder	Atlanta Braves
2024_topps_series1,2024,Topps,Series 1,Team Color Border Variations,,49,1,J.P. Crawford,Seattle Mariners,False,Team Color Border Variations	49	J.P. Crawford	Seattle Mariners
2024_topps_series1,2024,Topps,Series 1,Team Color Border Variations,,50,1,Juan Soto,San Diego Padres,False,Team Color Border Variations	50	Juan Soto	San Diego Padres
2024_topps_series1,2024,Topps,Series 1,Team Color Border Variations,,51,1,Nestor Cortes Jr.,New York Yankees,False,Team Color Border Variations	51	Nestor Cortes Jr.	New York Yankees
2024_topps_series1,2024,Topps,Series 1,Team Color Border Variations,,52,1,Yandy Díaz,Tampa Bay Rays,False,Team Color Border Variations	52	Yandy Díaz	Tampa Bay Rays
2024_topps_series1,2024,Topps,Series 1,Team Color Border Variations,,53,1,Nolan Schanuel,Los Angeles Angels,False,Team Color Border Variations	53	Nolan Schanuel	Los Angeles Angels
2024_topps_series1,2024,Topps,Series 1,Team Color Border Variations,,54,1,Luis Castillo,Seattle Mariners,False,Team Color Border Variations	54	Luis Castillo	Seattle Mariners
2024_topps_series1,2024,Topps,Series 1,Team Color Border Variations,,55,1,Sean Murphy,Atlanta Braves,False,Team Color Border Variations	55	Sean Murphy	Atlanta Braves
2024_topps_series1,2024,Topps,Series 1,Team Color Border Variations,,56,1,Kyle Bradish,Baltimore Orioles,False,Team Color Border Variations	56	Kyle Bradish	Baltimore Orioles
2024_topps_series1,2024,Topps,Series 1,Team Color Border Variations,,58,1,Isaiah Campbell,Seattle Mariners,False,Team Color Border Variations	58	Isaiah Campbell	Seattle Mariners
2024_topps_series1,2024,Topps,Series 1,Team Color Border Variations,,59,1,Brandon Nimmo,New York Mets,False,Team Color Border Variations	59	Brandon Nimmo	New York Mets
2024_topps_series1,2024,Topps,Series 1,Team Color Border Variations,,60,1,Jasson Domínguez,New York Yankees,False,Team Color Border Variations	60	Jasson Domínguez	New York Yankees
2024_topps_series1,2024,Topps,Series 1,Team Color Border Variations,,61,1,William Contreras,Milwaukee Brewers,False,Team Color Border Variations	61	William Contreras	Milwaukee Brewers
2024_topps_series1,2024,Topps,Series 1,Team Color Border Variations,,62,1,Justin Verlander,Houston Astros,False,Team Color Border Variations	62	Justin Verlander	Houston Astros
2024_topps_series1,2024,Topps,Series 1,Team Color Border Variations,,63,1,Christian Walker,Arizona Diamondbacks,False,Team Color Border Variations	63	Christian Walker	Arizona Diamondbacks
2024_topps_series1,2024,Topps,Series 1,Team Color Border Variations,,64,1,J.D. Davis,San Francisco Giants,False,Team Color Border Variations	64	J.D. Davis	San Francisco Giants
2024_topps_series1,2024,Topps,Series 1,Team Color Border Variations,,66,1,Jordan Westburg,Baltimore Orioles,False,Team Color Border Variations	66	Jordan Westburg	Baltimore Orioles
2024_topps_series1,2024,Topps,Series 1,Team Color Border Variations,,67,1,Jorge Polanco,Minnesota Twins,False,Team Color Border Variations	67	Jorge Polanco	Minnesota Twins
2024_topps_series1,2024,Topps,Series 1,Team Color Border Variations,,68,1,Stone Garrett,Washington Nationals,False,Team Color Border Variations	68	Stone Garrett	Washington Nationals
2024_topps_series1,2024,Topps,Series 1,Team Color Border Variations,,69,1,Griffin Canning,Los Angeles Angels,False,Team Color Border Variations	69	Griffin Canning	Los Angeles Angels
2024_topps_series1,2024,Topps,Series 1,Team Color Border Variations,,71,1,Brandon Marsh,Philadelphia Phillies,False,Team Color Border Variations	71	Brandon Marsh	Philadelphia Phillies
2024_topps_series1,2024,Topps,Series 1,Team Color Border Variations,,72,1,George Springer,Toronto Blue Jays,False,Team Color Border Variations	72	George Springer	Toronto Blue Jays
2024_topps_series1,2024,Topps,Series 1,Team Color Border Variations,,73,1,Chris Murphy,Boston Red Sox,False,Team Color Border Variations	73	Chris Murphy	Boston Red Sox
2024_topps_series1,2024,Topps,Series 1,Team Color Border Variations,,74,1,Mickey Moniak,Los Angeles Angels,False,Team Color Border Variations	74	Mickey Moniak	Los Angeles Angels
2024_topps_series1,2024,Topps,Series 1,Team Color Border Variations,,75,1,George Kirby,Seattle Mariners,False,Team Color Border Variations	75	George Kirby	Seattle Mariners
2024_topps_series1,2024,Topps,Series 1,Team Color Border Variations,,76,1,Sal Frelick,Milwaukee Brewers,False,Team Color Border Variations	76	Sal Frelick	Milwaukee Brewers
2024_topps_series1,2024,Topps,Series 1,Team Color Border Variations,,77,1,Yainer Díaz,Houston Astros,False,Team Color Border Variations	77	Yainer Díaz	Houston Astros
2024_topps_series1,2024,Topps,Series 1,Team Color Border Variations,,78,1,Mark Vientos,New York Mets,False,Team Color Border Variations	78	Mark Vientos	New York Mets
2024_topps_series1,2024,Topps,Series 1,Team Color Border Variations,,79,1,Seth Brown,Oakland Athletics,False,Team Color Border Variations	79	Seth Brown	Oakland Athletics
2024_topps_series1,2024,Topps,Series 1,Team Color Border Variations,,81,1,Nick Fortes,Miami Marlins,False,Team Color Border Variations	81	Nick Fortes	Miami Marlins
2024_topps_series1,2024,Topps,Series 1,Team Color Border Variations,,82,1,Curtis Mead,Tampa Bay Rays,False,Team Color Border Variations	82	Curtis Mead	Tampa Bay Rays
2024_topps_series1,2024,Topps,Series 1,Team Color Border Variations,,83,1,Keaton Winn,San Francisco Giants,False,Team Color Border Variations	83	Keaton Winn	San Francisco Giants
2024_topps_series1,2024,Topps,Series 1,Team Color Border Variations,,84,1,Alex Bregman,Houston Astros,False,Team Color Border Variations	84	Alex Bregman	Houston Astros
2024_topps_series1,2024,Topps,Series 1,Team Color Border Variations,,85,1,Jose Ferrer,Washington Nationals,False,Team Color Border Variations	85	Jose Ferrer	Washington Nationals
2024_topps_series1,2024,Topps,Series 1,Team Color Border Variations,,86,1,José Rodríguez,Chicago White Sox,False,Team Color Border Variations	86	José Rodríguez	Chicago White Sox
2024_topps_series1,2024,Topps,Series 1,Team Color Border Variations,,87,1,Tony Gonsolin,Los Angeles Dodgers,False,Team Color Border Variations	87	Tony Gonsolin	Los Angeles Dodgers
2024_topps_series1,2024,Topps,Series 1,Team Color Border Variations,,88,1,Orlando Arcia,Atlanta Braves,False,Team Color Border Variations	88	Orlando Arcia	Atlanta Braves
2024_topps_series1,2024,Topps,Series 1,Team Color Border Variations,,89,1,Tyler Glasnow,Tampa Bay Rays,False,Team Color Border Variations	89	Tyler Glasnow	Tampa Bay Rays
2024_topps_series1,2024,Topps,Series 1,Team Color Border Variations,,90,1,Oneil Cruz,Pittsburgh Pirates,False,Team Color Border Variations	90	Oneil Cruz	Pittsburgh Pirates
2024_topps_series1,2024,Topps,Series 1,Team Color Border Variations,,91,1,Matt Wallner,Minnesota Twins,False,Team Color Border Variations	91	Matt Wallner	Minnesota Twins
2024_topps_series1,2024,Topps,Series 1,Team Color Border Variations,,92,1,Coco Montes,Colorado Rockies,False,Team Color Border Variations	92	Coco Montes	Colorado Rockies
2024_topps_series1,2024,Topps,Series 1,Team Color Border Variations,,93,1,Quinn Priester,Pittsburgh Pirates,False,Team Color Border Variations	93	Quinn Priester	Pittsburgh Pirates
2024_topps_series1,2024,Topps,Series 1,Team Color Border Variations,,94,1,Byron Buxton,Minnesota Twins,False,Team Color Border Variations	94	Byron Buxton	Minnesota Twins
2024_topps_series1,2024,Topps,Series 1,Team Color Border Variations,,95,1,Cole Ragans,Kansas City Royals,False,Team Color Border Variations	95	Cole Ragans	Kansas City Royals
2024_topps_series1,2024,Topps,Series 1,Team Color Border Variations,,97,1,Alex Verdugo,Boston Red Sox,False,Team Color Border Variations	97	Alex Verdugo	Boston Red Sox
2024_topps_series1,2024,Topps,Series 1,Team Color Border Variations,,98,1,José Quintana,New York Mets,False,Team Color Border Variations	98	José Quintana	New York Mets
2024_topps_series1,2024,Topps,Series 1,Team Color Border Variations,,99,1,Aaron Judge,New York Yankees,False,Team Color Border Variations	99	Aaron Judge	New York Yankees
2024_topps_series1,2024,Topps,Series 1,Team Color Border Variations,,100,1,Gerrit Cole,New York Yankees,False,Team Color Border Variations	100	Gerrit Cole	New York Yankees
2024_topps_series1,2024,Topps,Series 1,Team Color Border Variations,,101,1,Jordan Romano,Toronto Blue Jays,False,Team Color Border Variations	101	Jordan Romano	Toronto Blue Jays
2024_topps_series1,2024,Topps,Series 1,Team Color Border Variations,,102,1,Freddie Freeman,Los Angeles Dodgers,False,Team Color Border Variations	102	Freddie Freeman	Los Angeles Dodgers
2024_topps_series1,2024,Topps,Series 1,Team Color Border Variations,,103,1,Brandon Woodruff,Milwaukee Brewers,False,Team Color Border Variations	103	Brandon Woodruff	Milwaukee Brewers
2024_topps_series1,2024,Topps,Series 1,Team Color Border Variations,,104,1,Connor Wong,Boston Red Sox,False,Team Color Border Variations	104	Connor Wong	Boston Red Sox
2024_topps_series1,2024,Topps,Series 1,Team Color Border Variations,,105,1,Oscar Colás,Chicago White Sox,False,Team Color Border Variations	105	Oscar Colás	Chicago White Sox
2024_topps_series1,2024,Topps,Series 1,Team Color Border Variations,,107,1,Shane Bieber,Cleveland Guardians,False,Team Color Border Variations	107	Shane Bieber	Cleveland Guardians
2024_topps_series1,2024,Topps,Series 1,Team Color Border Variations,,108,1,Jarren Duran,Boston Red Sox,False,Team Color Border Variations	108	Jarren Duran	Boston Red Sox
2024_topps_series1,2024,Topps,Series 1,Team Color Border Variations,,110,1,Zac Gallen,Arizona Diamondbacks,False,Team Color Border Variations	110	Zac Gallen	Arizona Diamondbacks
2024_topps_series1,2024,Topps,Series 1,Team Color Border Variations,,111,1,Grayson Rodriguez,Baltimore Orioles	- Future Stars,False,Team Color Border Variations	111	Grayson Rodriguez	Baltimore Orioles	- Future Stars
2024_topps_series1,2024,Topps,Series 1,Team Color Border Variations,,112,1,Merrill Kelly,Arizona Diamondbacks,False,Team Color Border Variations	112	Merrill Kelly	Arizona Diamondbacks
2024_topps_series1,2024,Topps,Series 1,Team Color Border Variations,,113,1,MacKenzie Gore,Washington Nationals,False,Team Color Border Variations	113	MacKenzie Gore	Washington Nationals
2024_topps_series1,2024,Topps,Series 1,Team Color Border Variations,,114,1,José Ramírez,Cleveland Guardians,False,Team Color Border Variations	114	José Ramírez	Cleveland Guardians
2024_topps_series1,2024,Topps,Series 1,Team Color Border Variations,,115,1,Bobby Miller,Los Angeles Dodgers	- Future Stars,False,Team Color Border Variations	115	Bobby Miller	Los Angeles Dodgers	- Future Stars
2024_topps_series1,2024,Topps,Series 1,Team Color Border Variations,,116,1,Emmanuel Clase,Cleveland Guardians,False,Team Color Border Variations	116	Emmanuel Clase	Cleveland Guardians
2024_topps_series1,2024,Topps,Series 1,Team Color Border Variations,,117,1,AJ Smith-Shawver,Atlanta Braves,False,Team Color Border Variations	117	AJ Smith-Shawver	Atlanta Braves
2024_topps_series1,2024,Topps,Series 1,Team Color Border Variations,,118,1,Nolan Arenado,St. Louis Cardinals,False,Team Color Border Variations	118	Nolan Arenado	St. Louis Cardinals
2024_topps_series1,2024,Topps,Series 1,Team Color Border Variations,,119,1,Hunter Greene,Cincinnati Reds,False,Team Color Border Variations	119	Hunter Greene	Cincinnati Reds
2024_topps_series1,2024,Topps,Series 1,Team Color Border Variations,,120,1,Edwin Díaz,New York Mets,False,Team Color Border Variations	120	Edwin Díaz	New York Mets
2024_topps_series1,2024,Topps,Series 1,Team Color Border Variations,,121,1,Bailey Ober,Minnesota Twins,False,Team Color Border Variations	121	Bailey Ober	Minnesota Twins
2024_topps_series1,2024,Topps,Series 1,Team Color Border Variations,,122,1,Cal Raleigh,Seattle Mariners,False,Team Color Border Variations	122	Cal Raleigh	Seattle Mariners
2024_topps_series1,2024,Topps,Series 1,Team Color Border Variations,,123,1,Jesús Luzardo,Miami Marlins,False,Team Color Border Variations	123	Jesús Luzardo	Miami Marlins
2024_topps_series1,2024,Topps,Series 1,Team Color Border Variations,,124,1,Mike Yastrzemski,San Francisco Giants,False,Team Color Border Variations	124	Mike Yastrzemski	San Francisco Giants
2024_topps_series1,2024,Topps,Series 1,Team Color Border Variations,,125,1,Jake Burger,Miami Marlins,False,Team Color Border Variations	125	Jake Burger	Miami Marlins
2024_topps_series1,2024,Topps,Series 1,Team Color Border Variations,,127,1,Ha-Seong Kim,San Diego Padres,False,Team Color Border Variations	127	Ha-Seong Kim	San Diego Padres
2024_topps_series1,2024,Topps,Series 1,Team Color Border Variations,,128,1,Christopher Morel,Chicago Cubs	- Future Stars,False,Team Color Border Variations	128	Christopher Morel	Chicago Cubs	- Future Stars
2024_topps_series1,2024,Topps,Series 1,Team Color Border Variations,,129,1,Adbert Alzolay,Chicago Cubs,False,Team Color Border Variations	129	Adbert Alzolay	Chicago Cubs
2024_topps_series1,2024,Topps,Series 1,Team Color Border Variations,,130,1,Grant Hartwig,New York Mets,False,Team Color Border Variations	130	Grant Hartwig	New York Mets
2024_topps_series1,2024,Topps,Series 1,Team Color Border Variations,,131,1,Eduardo Rodriguez,Detroit Tigers,False,Team Color Border Variations	131	Eduardo Rodriguez	Detroit Tigers
2024_topps_series1,2024,Topps,Series 1,Team Color Border Variations,,134,1,Adolis García,Texas Rangers,False,Team Color Border Variations	134	Adolis García	Texas Rangers
2024_topps_series1,2024,Topps,Series 1,Team Color Border Variations,,135,1,Devin Williams,Milwaukee Brewers,False,Team Color Border Variations	135	Devin Williams	Milwaukee Brewers
2024_topps_series1,2024,Topps,Series 1,Team Color Border Variations,,136,1,Kyle Schwarber,Philadelphia Phillies,False,Team Color Border Variations	136	Kyle Schwarber	Philadelphia Phillies
2024_topps_series1,2024,Topps,Series 1,Team Color Border Variations,,137,1,Reid Detmers,Los Angeles Angels,False,Team Color Border Variations	137	Reid Detmers	Los Angeles Angels
2024_topps_series1,2024,Topps,Series 1,Team Color Border Variations,,139,1,Bryson Stott,Philadelphia Phillies,False,Team Color Border Variations	139	Bryson Stott	Philadelphia Phillies
2024_topps_series1,2024,Topps,Series 1,Team Color Border Variations,,141,1,Elly De La Cruz,Cincinnati Reds,False,Team Color Border Variations	141	Elly De La Cruz	Cincinnati Reds
2024_topps_series1,2024,Topps,Series 1,Team Color Border Variations,,142,1,Joey Meneses,Washington Nationals,False,Team Color Border Variations	142	Joey Meneses	Washington Nationals
2024_topps_series1,2024,Topps,Series 1,Team Color Border Variations,,143,1,David Bednar,Pittsburgh Pirates,False,Team Color Border Variations	143	David Bednar	Pittsburgh Pirates
2024_topps_series1,2024,Topps,Series 1,Team Color Border Variations,,144,1,Jacob Amaya,Miami Marlins,False,Team Color Border Variations	144	Jacob Amaya	Miami Marlins
2024_topps_series1,2024,Topps,Series 1,Team Color Border Variations,,145,1,Christian Yelich,Milwaukee Brewers,False,Team Color Border Variations	145	Christian Yelich	Milwaukee Brewers
2024_topps_series1,2024,Topps,Series 1,Team Color Border Variations,,146,1,Max Fried,Atlanta Braves,False,Team Color Border Variations	146	Max Fried	Atlanta Braves
2024_topps_series1,2024,Topps,Series 1,Team Color Border Variations,,148,1,Alex Kirilloff,Minnesota Twins,False,Team Color Border Variations	148	Alex Kirilloff	Minnesota Twins
2024_topps_series1,2024,Topps,Series 1,Team Color Border Variations,,150,1,Corey Seager,Texas Rangers,False,Team Color Border Variations	150	Corey Seager	Texas Rangers
2024_topps_series1,2024,Topps,Series 1,Team Color Border Variations,,151,1,Seiya Suzuki,Chicago Cubs,False,Team Color Border Variations	151	Seiya Suzuki	Chicago Cubs
2024_topps_series1,2024,Topps,Series 1,Team Color Border Variations,,152,1,Lane Thomas,Washington Nationals,False,Team Color Border Variations	152	Lane Thomas	Washington Nationals
2024_topps_series1,2024,Topps,Series 1,Team Color Border Variations,,153,1,Kyle Finnegan,Washington Nationals,False,Team Color Border Variations	153	Kyle Finnegan	Washington Nationals
2024_topps_series1,2024,Topps,Series 1,Team Color Border Variations,,156,1,Corbin Carroll,Arizona Diamondbacks,False,Team Color Border Variations	156	Corbin Carroll	Arizona Diamondbacks
2024_topps_series1,2024,Topps,Series 1,Team Color Border Variations,,157,1,Trent Grisham,San Diego Padres,False,Team Color Border Variations	157	Trent Grisham	San Diego Padres
2024_topps_series1,2024,Topps,Series 1,Team Color Border Variations,,158,1,Yennier Cano,Baltimore Orioles,False,Team Color Border Variations	158	Yennier Cano	Baltimore Orioles
2024_topps_series1,2024,Topps,Series 1,Team Color Border Variations,,160,1,Ji Hwan Bae,Pittsburgh Pirates,False,Team Color Border Variations	160	Ji Hwan Bae	Pittsburgh Pirates
2024_topps_series1,2024,Topps,Series 1,Team Color Border Variations,,161,1,Elias Díaz,Colorado Rockies,False,Team Color Border Variations	161	Elias Díaz	Colorado Rockies
2024_topps_series1,2024,Topps,Series 1,Team Color Border Variations,,162,1,Matt Waldron,San Diego Padres,False,Team Color Border Variations	162	Matt Waldron	San Diego Padres
2024_topps_series1,2024,Topps,Series 1,Team Color Border Variations,,163,1,Alec Marsh,Kansas City Royals,False,Team Color Border Variations	163	Alec Marsh	Kansas City Royals
2024_topps_series1,2024,Topps,Series 1,Team Color Border Variations,,164,1,Dansby Swanson,Chicago Cubs,False,Team Color Border Variations	164	Dansby Swanson	Chicago Cubs
2024_topps_series1,2024,Topps,Series 1,Team Color Border Variations,,166,1,Zack Gelof,Oakland Athletics,False,Team Color Border Variations	166	Zack Gelof	Oakland Athletics
2024_topps_series1,2024,Topps,Series 1,Team Color Border Variations,,168,1,Nick Gonzales,Pittsburgh Pirates,False,Team Color Border Variations	168	Nick Gonzales	Pittsburgh Pirates
2024_topps_series1,2024,Topps,Series 1,Team Color Border Variations,,169,1,Tyler O'Neill,St. Louis Cardinals,False,Team Color Border Variations	169	Tyler O'Neill	St. Louis Cardinals
2024_topps_series1,2024,Topps,Series 1,Team Color Border Variations,,170,1,Aaron Civale,Tampa Bay Rays,False,Team Color Border Variations	170	Aaron Civale	Tampa Bay Rays
2024_topps_series1,2024,Topps,Series 1,Team Color Border Variations,,171,1,Jacob deGrom,Texas Rangers,False,Team Color Border Variations	171	Jacob deGrom	Texas Rangers
2024_topps_series1,2024,Topps,Series 1,Team Color Border Variations,,172,1,Spencer Horwitz,Toronto Blue Jays,False,Team Color Border Variations	172	Spencer Horwitz	Toronto Blue Jays
2024_topps_series1,2024,Topps,Series 1,Team Color Border Variations,,173,1,Brady Singer,Kansas City Royals,False,Team Color Border Variations	173	Brady Singer	Kansas City Royals
2024_topps_series1,2024,Topps,Series 1,Team Color Border Variations,,174,1,Nathaniel Lowe,Texas Rangers,False,Team Color Border Variations	174	Nathaniel Lowe	Texas Rangers
2024_topps_series1,2024,Topps,Series 1,Team Color Border Variations,,175,1,Joe Ryan,Minnesota Twins,False,Team Color Border Variations	175	Joe Ryan	Minnesota Twins
2024_topps_series1,2024,Topps,Series 1,Team Color Border Variations,,176,1,Taylor Rogers,San Francisco Giants,False,Team Color Border Variations	176	Taylor Rogers	San Francisco Giants
2024_topps_series1,2024,Topps,Series 1,Team Color Border Variations,,177,1,Jonathan India,Cincinnati Reds,False,Team Color Border Variations	177	Jonathan India	Cincinnati Reds
2024_topps_series1,2024,Topps,Series 1,Team Color Border Variations,,178,1,Daniel Palencia,Chicago Cubs,False,Team Color Border Variations	178	Daniel Palencia	Chicago Cubs
2024_topps_series1,2024,Topps,Series 1,Team Color Border Variations,,180,1,Anthony Volpe,New York Yankees	- Future Stars,False,Team Color Border Variations	180	Anthony Volpe	New York Yankees	- Future Stars
2024_topps_series1,2024,Topps,Series 1,Team Color Border Variations,,182,1,Jameson Taillon,Chicago Cubs,False,Team Color Border Variations	182	Jameson Taillon	Chicago Cubs
2024_topps_series1,2024,Topps,Series 1,Team Color Border Variations,,184,1,Anthony Rizzo,New York Yankees,False,Team Color Border Variations	184	Anthony Rizzo	New York Yankees
2024_topps_series1,2024,Topps,Series 1,Team Color Border Variations,,185,1,Spencer Torkelson,Detroit Tigers,False,Team Color Border Variations	185	Spencer Torkelson	Detroit Tigers
2024_topps_series1,2024,Topps,Series 1,Team Color Border Variations,,186,1,Brent Rooker,Oakland Athletics,False,Team Color Border Variations	186	Brent Rooker	Oakland Athletics
2024_topps_series1,2024,Topps,Series 1,Team Color Border Variations,,187,1,Joe Jacques,Boston Red Sox,False,Team Color Border Variations	187	Joe Jacques	Boston Red Sox
2024_topps_series1,2024,Topps,Series 1,Team Color Border Variations,,188,1,Dane Myers,Miami Marlins,False,Team Color Border Variations	188	Dane Myers	Miami Marlins
2024_topps_series1,2024,Topps,Series 1,Team Color Border Variations,,189,1,Davis Schneider,Toronto Blue Jays,False,Team Color Border Variations	189	Davis Schneider	Toronto Blue Jays
2024_topps_series1,2024,Topps,Series 1,Team Color Border Variations,,191,1,Bo Naylor,Cleveland Guardians	- Future Stars,False,Team Color Border Variations	191	Bo Naylor	Cleveland Guardians	- Future Stars
2024_topps_series1,2024,Topps,Series 1,Team Color Border Variations,,193,1,Brandon Walter,Boston Red Sox,False,Team Color Border Variations	193	Brandon Walter	Boston Red Sox
2024_topps_series1,2024,Topps,Series 1,Team Color Border Variations,,194,1,J.T. Realmuto,Philadelphia Phillies,False,Team Color Border Variations	194	J.T. Realmuto	Philadelphia Phillies
2024_topps_series1,2024,Topps,Series 1,Team Color Border Variations,,195,1,Dominic Canzone,Seattle Mariners,False,Team Color Border Variations	195	Dominic Canzone	Seattle Mariners
2024_topps_series1,2024,Topps,Series 1,Team Color Border Variations,,196,1,Walker Buehler,Los Angeles Dodgers,False,Team Color Border Variations	196	Walker Buehler	Los Angeles Dodgers
2024_topps_series1,2024,Topps,Series 1,Team Color Border Variations,,197,1,Eury Pérez,Miami Marlins	- Future Stars,False,Team Color Border Variations	197	Eury Pérez	Miami Marlins	- Future Stars
2024_topps_series1,2024,Topps,Series 1,Team Color Border Variations,,198,1,Kyle Freeland,Colorado Rockies,False,Team Color Border Variations	198	Kyle Freeland	Colorado Rockies
2024_topps_series1,2024,Topps,Series 1,Team Color Border Variations,,199,1,Leody Taveras,Texas Rangers,False,Team Color Border Variations	199	Leody Taveras	Texas Rangers
2024_topps_series1,2024,Topps,Series 1,Team Color Border Variations,,200,1,Bryce Harper,Philadelphia Phillies,False,Team Color Border Variations	200	Bryce Harper	Philadelphia Phillies
2024_topps_series1,2024,Topps,Series 1,Team Color Border Variations,,201,1,Miguel Cabrera,Detroit Tigers,False,Team Color Border Variations	201	Miguel Cabrera	Detroit Tigers
2024_topps_series1,2024,Topps,Series 1,Team Color Border Variations,,202,1,David Hamilton,Boston Red Sox,False,Team Color Border Variations	202	David Hamilton	Boston Red Sox
2024_topps_series1,2024,Topps,Series 1,Team Color Border Variations,,203,1,Chas McCormick,Houston Astros,False,Team Color Border Variations	203	Chas McCormick	Houston Astros
2024_topps_series1,2024,Topps,Series 1,Team Color Border Variations,,204,1,Nico Hoerner,Chicago Cubs,False,Team Color Border Variations	204	Nico Hoerner	Chicago Cubs
2024_topps_series1,2024,Topps,Series 1,Team Color Border Variations,,205,1,Joe Musgrove,San Diego Padres,False,Team Color Border Variations	205	Joe Musgrove	San Diego Padres
2024_topps_series1,2024,Topps,Series 1,Team Color Border Variations,,207,1,Luken Baker,St. Louis Cardinals,False,Team Color Border Variations	207	Luken Baker	St. Louis Cardinals
2024_topps_series1,2024,Topps,Series 1,Team Color Border Variations,,208,1,Royce Lewis,Minnesota Twins,False,Team Color Border Variations	208	Royce Lewis	Minnesota Twins
2024_topps_series1,2024,Topps,Series 1,Team Color Border Variations,,209,1,Johan Rojas,Philadelphia Phillies,False,Team Color Border Variations	209	Johan Rojas	Philadelphia Phillies
2024_topps_series1,2024,Topps,Series 1,Team Color Border Variations,,210,1,Gleyber Torres,New York Yankees,False,Team Color Border Variations	210	Gleyber Torres	New York Yankees
2024_topps_series1,2024,Topps,Series 1,Team Color Border Variations,,213,1,Camilo Doval,San Francisco Giants,False,Team Color Border Variations	213	Camilo Doval	San Francisco Giants
2024_topps_series1,2024,Topps,Series 1,Team Color Border Variations,,214,1,Andrew Abbott,Cincinnati Reds,False,Team Color Border Variations	214	Andrew Abbott	Cincinnati Reds
2024_topps_series1,2024,Topps,Series 1,Team Color Border Variations,,215,1,Bryan De La Cruz,Miami Marlins,False,Team Color Border Variations	215	Bryan De La Cruz	Miami Marlins
2024_topps_series1,2024,Topps,Series 1,Team Color Border Variations,,216,1,Kevin Gausman,Toronto Blue Jays,False,Team Color Border Variations	216	Kevin Gausman	Toronto Blue Jays
2024_topps_series1,2024,Topps,Series 1,Team Color Border Variations,,217,1,Luis Campusano,San Diego Padres,False,Team Color Border Variations	217	Luis Campusano	San Diego Padres
2024_topps_series1,2024,Topps,Series 1,Team Color Border Variations,,218,1,Ke'Bryan Hayes,Pittsburgh Pirates,False,Team Color Border Variations	218	Ke'Bryan Hayes	Pittsburgh Pirates
2024_topps_series1,2024,Topps,Series 1,Team Color Border Variations,,219,1,Christian Encarnacion-Stra,Cincinnati Reds,False,Team Color Border Variations	219	Christian Encarnacion-Stra	Cincinnati Reds
2024_topps_series1,2024,Topps,Series 1,Team Color Border Variations,,220,1,Framber Valdez,Houston Astros,False,Team Color Border Variations	220	Framber Valdez	Houston Astros
2024_topps_series1,2024,Topps,Series 1,Team Color Border Variations,,221,1,Charlie Morton,Atlanta Braves,False,Team Color Border Variations	221	Charlie Morton	Atlanta Braves
2024_topps_series1,2024,Topps,Series 1,Team Color Border Variations,,222,1,Zach Remillard,Chicago White Sox,False,Team Color Border Variations	222	Zach Remillard	Chicago White Sox
2024_topps_series1,2024,Topps,Series 1,Team Color Border Variations,,223,1,Jazz Chisholm Jr.,Miami Marlins,False,Team Color Border Variations	223	Jazz Chisholm Jr.	Miami Marlins
2024_topps_series1,2024,Topps,Series 1,Team Color Border Variations,,224,1,Ronny Mauricio,New York Mets,False,Team Color Border Variations	224	Ronny Mauricio	New York Mets
2024_topps_series1,2024,Topps,Series 1,Team Color Border Variations,,225,1,Brusdar Graterol,Los Angeles Dodgers,False,Team Color Border Variations	225	Brusdar Graterol	Los Angeles Dodgers
2024_topps_series1,2024,Topps,Series 1,Team Color Border Variations,,226,1,Grae Kessinger,Houston Astros,False,Team Color Border Variations	226	Grae Kessinger	Houston Astros
2024_topps_series1,2024,Topps,Series 1,Team Color Border Variations,,227,1,Jhoan Duran,Minnesota Twins,False,Team Color Border Variations	227	Jhoan Duran	Minnesota Twins
2024_topps_series1,2024,Topps,Series 1,Team Color Border Variations,,228,1,Masataka Yoshida,Boston Red Sox,False,Team Color Border Variations	228	Masataka Yoshida	Boston Red Sox
2024_topps_series1,2024,Topps,Series 1,Team Color Border Variations,,229,1,Ranger Suárez,Philadelphia Phillies,False,Team Color Border Variations	229	Ranger Suárez	Philadelphia Phillies
2024_topps_series1,2024,Topps,Series 1,Team Color Border Variations,,230,1,Mitch Keller,Pittsburgh Pirates,False,Team Color Border Variations	230	Mitch Keller	Pittsburgh Pirates
2024_topps_series1,2024,Topps,Series 1,Team Color Border Variations,,231,1,Eugenio Suárez,Seattle Mariners,False,Team Color Border Variations	231	Eugenio Suárez	Seattle Mariners
2024_topps_series1,2024,Topps,Series 1,Team Color Border Variations,,232,1,Marco Luciano,San Francisco Giants,False,Team Color Border Variations	232	Marco Luciano	San Francisco Giants
2024_topps_series1,2024,Topps,Series 1,Team Color Border Variations,,233,1,Jonny Deluca,Los Angeles Dodgers,False,Team Color Border Variations	233	Jonny Deluca	Los Angeles Dodgers
2024_topps_series1,2024,Topps,Series 1,Team Color Border Variations,,234,1,Wilmer Flores,San Francisco Giants,False,Team Color Border Variations	234	Wilmer Flores	San Francisco Giants
2024_topps_series1,2024,Topps,Series 1,Team Color Border Variations,,235,1,Jonah Heim,Texas Rangers,False,Team Color Border Variations	235	Jonah Heim	Texas Rangers
2024_topps_series1,2024,Topps,Series 1,Team Color Border Variations,,236,1,Patrick Corbin,Washington Nationals,False,Team Color Border Variations	236	Patrick Corbin	Washington Nationals
2024_topps_series1,2024,Topps,Series 1,Team Color Border Variations,,237,1,Jake Cronenworth,San Diego Padres,False,Team Color Border Variations	237	Jake Cronenworth	San Diego Padres
2024_topps_series1,2024,Topps,Series 1,Team Color Border Variations,,239,1,Keibert Ruiz,Washington Nationals,False,Team Color Border Variations	239	Keibert Ruiz	Washington Nationals
2024_topps_series1,2024,Topps,Series 1,Team Color Border Variations,,240,1,Andruw Monasterio,Milwaukee Brewers,False,Team Color Border Variations	240	Andruw Monasterio	Milwaukee Brewers
2024_topps_series1,2024,Topps,Series 1,Team Color Border Variations,,242,1,Gavin Williams,Cleveland Guardians,False,Team Color Border Variations	242	Gavin Williams	Cleveland Guardians
2024_topps_series1,2024,Topps,Series 1,Team Color Border Variations,,243,1,Michael Harris II,Atlanta Braves,False,Team Color Border Variations	243	Michael Harris II	Atlanta Braves
2024_topps_series1,2024,Topps,Series 1,Team Color Border Variations,,244,1,Tyler Soderstrom,Oakland Athletics,False,Team Color Border Variations	244	Tyler Soderstrom	Oakland Athletics
2024_topps_series1,2024,Topps,Series 1,Team Color Border Variations,,245,1,Michael Wacha,San Diego Padres,False,Team Color Border Variations	245	Michael Wacha	San Diego Padres
2024_topps_series1,2024,Topps,Series 1,Team Color Border Variations,,246,1,Chris Taylor,Los Angeles Dodgers,False,Team Color Border Variations	246	Chris Taylor	Los Angeles Dodgers
2024_topps_series1,2024,Topps,Series 1,Team Color Border Variations,,247,1,Clay Holmes,New York Yankees,False,Team Color Border Variations	247	Clay Holmes	New York Yankees
2024_topps_series1,2024,Topps,Series 1,Team Color Border Variations,,248,1,Tyler Anderson,Los Angeles Angels,False,Team Color Border Variations	248	Tyler Anderson	Los Angeles Angels
2024_topps_series1,2024,Topps,Series 1,Team Color Border Variations,,249,1,Luis Robert Jr.,Chicago White Sox,False,Team Color Border Variations	249	Luis Robert Jr.	Chicago White Sox
2024_topps_series1,2024,Topps,Series 1,Team Color Border Variations,,250,1,Mookie Betts,Los Angeles Dodgers,False,Team Color Border Variations	250	Mookie Betts	Los Angeles Dodgers
2024_topps_series1,2024,Topps,Series 1,Team Color Border Variations,,251,1,Tyler Wells,Baltimore Orioles,False,Team Color Border Variations	251	Tyler Wells	Baltimore Orioles
2024_topps_series1,2024,Topps,Series 1,Team Color Border Variations,,253,1,Josh Lowe,Tampa Bay Rays,False,Team Color Border Variations	253	Josh Lowe	Tampa Bay Rays
2024_topps_series1,2024,Topps,Series 1,Team Color Border Variations,,254,1,Bobby Witt Jr.,Kansas City Royals,False,Team Color Border Variations	254	Bobby Witt Jr.	Kansas City Royals
2024_topps_series1,2024,Topps,Series 1,Team Color Border Variations,,255,1,Andrew Vaughn,Chicago White Sox,False,Team Color Border Variations	255	Andrew Vaughn	Chicago White Sox
2024_topps_series1,2024,Topps,Series 1,Team Color Border Variations,,256,1,Harold Ramírez,Tampa Bay Rays,False,Team Color Border Variations	256	Harold Ramírez	Tampa Bay Rays
2024_topps_series1,2024,Topps,Series 1,Team Color Border Variations,,257,1,Colton Cowser,Baltimore Orioles,False,Team Color Border Variations	257	Colton Cowser	Baltimore Orioles
2024_topps_series1,2024,Topps,Series 1,Team Color Border Variations,,258,1,Nathan Eovaldi,Texas Rangers,False,Team Color Border Variations	258	Nathan Eovaldi	Texas Rangers
2024_topps_series1,2024,Topps,Series 1,Team Color Border Variations,,259,1,Justin Lawrence,Colorado Rockies,False,Team Color Border Variations	259	Justin Lawrence	Colorado Rockies
2024_topps_series1,2024,Topps,Series 1,Team Color Border Variations,,261,1,Jake Fraley,Cincinnati Reds,False,Team Color Border Variations	261	Jake Fraley	Cincinnati Reds
2024_topps_series1,2024,Topps,Series 1,Team Color Border Variations,,262,1,Zack Wheeler,Philadelphia Phillies,False,Team Color Border Variations	262	Zack Wheeler	Philadelphia Phillies
2024_topps_series1,2024,Topps,Series 1,Team Color Border Variations,,263,1,Jordan Balazovic,Minnesota Twins,False,Team Color Border Variations	263	Jordan Balazovic	Minnesota Twins
2024_topps_series1,2024,Topps,Series 1,Team Color Border Variations,,264,1,Clarke Schmidt,New York Yankees,False,Team Color Border Variations	264	Clarke Schmidt	New York Yankees
2024_topps_series1,2024,Topps,Series 1,Team Color Border Variations,,265,1,Alika Williams,Pittsburgh Pirates,False,Team Color Border Variations	265	Alika Williams	Pittsburgh Pirates
2024_topps_series1,2024,Topps,Series 1,Team Color Border Variations,,266,1,Alec Bohm,Philadelphia Phillies,False,Team Color Border Variations	266	Alec Bohm	Philadelphia Phillies
2024_topps_series1,2024,Topps,Series 1,Team Color Border Variations,,267,1,Kenley Jansen,Boston Red Sox,False,Team Color Border Variations	267	Kenley Jansen	Boston Red Sox
2024_topps_series1,2024,Topps,Series 1,Team Color Border Variations,,268,1,Gabriel Moreno,Arizona Diamondbacks	- Future Stars,False,Team Color Border Variations	268	Gabriel Moreno	Arizona Diamondbacks	- Future Stars
2024_topps_series1,2024,Topps,Series 1,Team Color Border Variations,,269,1,Cristian Javier,Houston Astros,False,Team Color Border Variations	269	Cristian Javier	Houston Astros
2024_topps_series1,2024,Topps,Series 1,Team Color Border Variations,,270,1,Victor Mederos,Los Angeles Angels,False,Team Color Border Variations	270	Victor Mederos	Los Angeles Angels
2024_topps_series1,2024,Topps,Series 1,Team Color Border Variations,,271,1,Paul Sewald,Arizona Diamondbacks,False,Team Color Border Variations	271	Paul Sewald	Arizona Diamondbacks
2024_topps_series1,2024,Topps,Series 1,Team Color Border Variations,,272,1,José Berríos,Toronto Blue Jays,False,Team Color Border Variations	272	José Berríos	Toronto Blue Jays
2024_topps_series1,2024,Topps,Series 1,Team Color Border Variations,,273,1,Yordan Alvarez,Houston Astros,False,Team Color Border Variations	273	Yordan Alvarez	Houston Astros
2024_topps_series1,2024,Topps,Series 1,Team Color Border Variations,,274,1,Riley Greene,Detroit Tigers	- Future Stars,False,Team Color Border Variations	274	Riley Greene	Detroit Tigers	- Future Stars
2024_topps_series1,2024,Topps,Series 1,Team Color Border Variations,,277,1,Matt Manning,Detroit Tigers,False,Team Color Border Variations	277	Matt Manning	Detroit Tigers
2024_topps_series1,2024,Topps,Series 1,Team Color Border Variations,,278,1,Shea Langeliers,Oakland Athletics,False,Team Color Border Variations	278	Shea Langeliers	Oakland Athletics
2024_topps_series1,2024,Topps,Series 1,Team Color Border Variations,,280,1,Evan Carter,Texas Rangers,False,Team Color Border Variations	280	Evan Carter	Texas Rangers
2024_topps_series1,2024,Topps,Series 1,Team Color Border Variations,,281,1,Jared Triolo,Pittsburgh Pirates,False,Team Color Border Variations	281	Jared Triolo	Pittsburgh Pirates
2024_topps_series1,2024,Topps,Series 1,Team Color Border Variations,,282,1,Alek Thomas,Arizona Diamondbacks,False,Team Color Border Variations	282	Alek Thomas	Arizona Diamondbacks
2024_topps_series1,2024,Topps,Series 1,Team Color Border Variations,,283,1,Emmet Sheehan,Los Angeles Dodgers,False,Team Color Border Variations	283	Emmet Sheehan	Los Angeles Dodgers
2024_topps_series1,2024,Topps,Series 1,Team Color Border Variations,,284,1,Randy Arozarena,Tampa Bay Rays,False,Team Color Border Variations	284	Randy Arozarena	Tampa Bay Rays
2024_topps_series1,2024,Topps,Series 1,Team Color Border Variations,,285,1,Willi Castro,Minnesota Twins,False,Team Color Border Variations	285	Willi Castro	Minnesota Twins
2024_topps_series1,2024,Topps,Series 1,Team Color Border Variations,,286,1,Cade Marlowe,Seattle Mariners,False,Team Color Border Variations	286	Cade Marlowe	Seattle Mariners
2024_topps_series1,2024,Topps,Series 1,Team Color Border Variations,,287,1,Miles Mikolas,St. Louis Cardinals,False,Team Color Border Variations	287	Miles Mikolas	St. Louis Cardinals
2024_topps_series1,2024,Topps,Series 1,Team Color Border Variations,,289,1,Andrés Giménez,Cleveland Guardians,False,Team Color Border Variations	289	Andrés Giménez	Cleveland Guardians
2024_topps_series1,2024,Topps,Series 1,Team Color Border Variations,,290,1,Thairo Estrada,San Francisco Giants,False,Team Color Border Variations	290	Thairo Estrada	San Francisco Giants
2024_topps_series1,2024,Topps,Series 1,Team Color Border Variations,,291,1,Seth Lugo,San Diego Padres,False,Team Color Border Variations	291	Seth Lugo	San Diego Padres
2024_topps_series1,2024,Topps,Series 1,Team Color Border Variations,,292,1,Kodai Senga,New York Mets,False,Team Color Border Variations	292	Kodai Senga	New York Mets
2024_topps_series1,2024,Topps,Series 1,Team Color Border Variations,,294,1,Tarik Skubal,Detroit Tigers,False,Team Color Border Variations	294	Tarik Skubal	Detroit Tigers
2024_topps_series1,2024,Topps,Series 1,Team Color Border Variations,,295,1,Henry Davis,Pittsburgh Pirates,False,Team Color Border Variations	295	Henry Davis	Pittsburgh Pirates
2024_topps_series1,2024,Topps,Series 1,Team Color Border Variations,,296,1,Willson Contreras,St. Louis Cardinals,False,Team Color Border Variations	296	Willson Contreras	St. Louis Cardinals
2024_topps_series1,2024,Topps,Series 1,Team Color Border Variations,,297,1,Alexis Díaz,Cincinnati Reds,False,Team Color Border Variations	297	Alexis Díaz	Cincinnati Reds
2024_topps_series1,2024,Topps,Series 1,Team Color Border Variations,,298,1,Logan O'Hoppe,Los Angeles Angels	- Future Stars,False,Team Color Border Variations	298	Logan O'Hoppe	Los Angeles Angels	- Future Stars
2024_topps_series1,2024,Topps,Series 1,Team Color Border Variations,,299,1,Luis Arraez,Miami Marlins,False,Team Color Border Variations	299	Luis Arraez	Miami Marlins
2024_topps_series1,2024,Topps,Series 1,Team Color Border Variations,,300,1,Enmanuel Valdez,Boston Red Sox,False,Team Color Border Variations	300	Enmanuel Valdez	Boston Red Sox
2024_topps_series1,2024,Topps,Series 1,Team Color Border Variations,,303,1,Connor Joe,Pittsburgh Pirates,False,Team Color Border Variations	303	Connor Joe	Pittsburgh Pirates
2024_topps_series1,2024,Topps,Series 1,Team Color Border Variations,,304,1,Evan Longoria,Arizona Diamondbacks,False,Team Color Border Variations	304	Evan Longoria	Arizona Diamondbacks
2024_topps_series1,2024,Topps,Series 1,Team Color Border Variations,,305,1,José Fermín,St. Louis Cardinals,False,Team Color Border Variations	305	José Fermín	St. Louis Cardinals
2024_topps_series1,2024,Topps,Series 1,Team Color Border Variations,,306,1,Andrew Benintendi,Chicago White Sox,False,Team Color Border Variations	306	Andrew Benintendi	Chicago White Sox
2024_topps_series1,2024,Topps,Series 1,Team Color Border Variations,,307,1,Austin Hays,Baltimore Orioles,False,Team Color Border Variations	307	Austin Hays	Baltimore Orioles
2024_topps_series1,2024,Topps,Series 1,Team Color Border Variations,,308,1,Reese Olson,Detroit Tigers,False,Team Color Border Variations	308	Reese Olson	Detroit Tigers
2024_topps_series1,2024,Topps,Series 1,Team Color Border Variations,,310,1,Abner Uribe,Milwaukee Brewers,False,Team Color Border Variations	310	Abner Uribe	Milwaukee Brewers
2024_topps_series1,2024,Topps,Series 1,Team Color Border Variations,,311,1,Will Brennan,Cleveland Guardians,False,Team Color Border Variations	311	Will Brennan	Cleveland Guardians
2024_topps_series1,2024,Topps,Series 1,Team Color Border Variations,,312,1,Steven Kwan,Cleveland Guardians,False,Team Color Border Variations	312	Steven Kwan	Cleveland Guardians
2024_topps_series1,2024,Topps,Series 1,Team Color Border Variations,,313,1,Ceddanne Rafaela,Boston Red Sox,False,Team Color Border Variations	313	Ceddanne Rafaela	Boston Red Sox
2024_topps_series1,2024,Topps,Series 1,Team Color Border Variations,,314,1,Max Muncy,Los Angeles Dodgers,False,Team Color Border Variations	314	Max Muncy	Los Angeles Dodgers
2024_topps_series1,2024,Topps,Series 1,Team Color Border Variations,,317,1,Starling Marte,New York Mets,False,Team Color Border Variations	317	Starling Marte	New York Mets
2024_topps_series1,2024,Topps,Series 1,Team Color Border Variations,,318,1,Justin Steele,Chicago Cubs,False,Team Color Border Variations	318	Justin Steele	Chicago Cubs
2024_topps_series1,2024,Topps,Series 1,Team Color Border Variations,,319,1,Miguel Amaya,Chicago Cubs,False,Team Color Border Variations	319	Miguel Amaya	Chicago Cubs
2024_topps_series1,2024,Topps,Series 1,Team Color Border Variations,,321,1,Trey Cabbage,Los Angeles Angels,False,Team Color Border Variations	321	Trey Cabbage	Los Angeles Angels
2024_topps_series1,2024,Topps,Series 1,Team Color Border Variations,,322,1,Brendan Rodgers,Colorado Rockies,False,Team Color Border Variations	322	Brendan Rodgers	Colorado Rockies
2024_topps_series1,2024,Topps,Series 1,Team Color Border Variations,,323,1,Braxton Garrett,Miami Marlins,False,Team Color Border Variations	323	Braxton Garrett	Miami Marlins
2024_topps_series1,2024,Topps,Series 1,Team Color Border Variations,,325,1,Justin Martinez,Arizona Diamondbacks,False,Team Color Border Variations	325	Justin Martinez	Arizona Diamondbacks
2024_topps_series1,2024,Topps,Series 1,Team Color Border Variations,,326,1,Mauricio Dubón,Houston Astros,False,Team Color Border Variations	326	Mauricio Dubón	Houston Astros
2024_topps_series1,2024,Topps,Series 1,Team Color Border Variations,,327,1,Matt McLain,Cincinnati Reds,False,Team Color Border Variations	327	Matt McLain	Cincinnati Reds
2024_topps_series1,2024,Topps,Series 1,Team Color Border Variations,,328,1,Patrick Wisdom,Chicago Cubs,False,Team Color Border Variations	328	Patrick Wisdom	Chicago Cubs
2024_topps_series1,2024,Topps,Series 1,Team Color Border Variations,,330,1,Vladimir Guerrero Jr.,Toronto Blue Jays,False,Team Color Border Variations	330	Vladimir Guerrero Jr.	Toronto Blue Jays
2024_topps_series1,2024,Topps,Series 1,Team Color Border Variations,,331,1,Ryan Pressly,Houston Astros,False,Team Color Border Variations	331	Ryan Pressly	Houston Astros
2024_topps_series1,2024,Topps,Series 1,Team Color Border Variations,,332,1,Taylor Ward,Los Angeles Angels,False,Team Color Border Variations	332	Taylor Ward	Los Angeles Angels
2024_topps_series1,2024,Topps,Series 1,Team Color Border Variations,,333,1,Jo Adell,Los Angeles Angels,False,Team Color Border Variations	333	Jo Adell	Los Angeles Angels
2024_topps_series1,2024,Topps,Series 1,Team Color Border Variations,,335,1,Ryan O'Hearn,Baltimore Orioles,False,Team Color Border Variations	335	Ryan O'Hearn	Baltimore Orioles
2024_topps_series1,2024,Topps,Series 1,Team Color Border Variations,,336,1,Dean Kremer,Baltimore Orioles,False,Team Color Border Variations	336	Dean Kremer	Baltimore Orioles
2024_topps_series1,2024,Topps,Series 1,Team Color Border Variations,,337,1,Hayden Wesneski,Chicago Cubs,False,Team Color Border Variations	337	Hayden Wesneski	Chicago Cubs
2024_topps_series1,2024,Topps,Series 1,Team Color Border Variations,,338,1,Nick Senzel,Cincinnati Reds,False,Team Color Border Variations	338	Nick Senzel	Cincinnati Reds
2024_topps_series1,2024,Topps,Series 1,Team Color Border Variations,,339,1,Logan Allen,Cleveland Guardians,False,Team Color Border Variations	339	Logan Allen	Cleveland Guardians
2024_topps_series1,2024,Topps,Series 1,Team Color Border Variations,,341,1,Elehuris Montero,Colorado Rockies,False,Team Color Border Variations	341	Elehuris Montero	Colorado Rockies
2024_topps_series1,2024,Topps,Series 1,Team Color Border Variations,,343,1,Rowdy Tellez,Milwaukee Brewers,False,Team Color Border Variations	343	Rowdy Tellez	Milwaukee Brewers
2024_topps_series1,2024,Topps,Series 1,Team Color Border Variations,,344,1,Ryan Jeffers,Minnesota Twins,False,Team Color Border Variations	344	Ryan Jeffers	Minnesota Twins
2024_topps_series1,2024,Topps,Series 1,Team Color Border Variations,,345,1,Daniel Vogelbach,New York Mets,False,Team Color Border Variations	345	Daniel Vogelbach	New York Mets
2024_topps_series1,2024,Topps,Series 1,Team Color Border Variations,,346,1,Patrick Bailey,San Francisco Giants,False,Team Color Border Variations	346	Patrick Bailey	San Francisco Giants
2024_topps_series1,2024,Topps,Series 1,Team Color Border Variations,,347,1,Manuel Margot,Tampa Bay Rays,False,Team Color Border Variations	347	Manuel Margot	Tampa Bay Rays
2024_topps_series1,2024,Topps,Series 1,Team Color Border Variations,,348,1,Dane Dunning,Texas Rangers,False,Team Color Border Variations	348	Dane Dunning	Texas Rangers
2024_topps_series1,2024,Topps,Series 1,Team Color Border Variations,,349,1,Danny Jansen,Toronto Blue Jays,False,Team Color Border Variations	349	Danny Jansen	Toronto Blue Jays
2024_topps_series1,2024,Topps,Series 1,Team Color Border Variations,,350,1,Matt Olson,Atlanta Braves,False,Team Color Border Variations	350	Matt Olson	Atlanta Braves
2024_topps_series1,2024,Topps,Series 1,Topps Mega Star,,TMS-1,1,Mike Trout,Los Angeles Angels,False,Topps Mega Star	TMS-1	Mike Trout	Los Angeles Angels
2024_topps_series1,2024,Topps,Series 1,Topps Mega Star,,TMS-2,1,Shohei Ohtani,Los Angeles Angels,False,Topps Mega Star	TMS-2	Shohei Ohtani	Los Angeles Angels
2024_topps_series1,2024,Topps,Series 1,Topps Mega Star,,TMS-3,1,Ronald Acuña Jr.,Atlanta Braves,False,Topps Mega Star	TMS-3	Ronald Acuña Jr.	Atlanta Braves
2024_topps_series1,2024,Topps,Series 1,Topps Mega Star,,TMS-4,1,Adley Rutschman,Baltimore Orioles,False,Topps Mega Star	TMS-4	Adley Rutschman	Baltimore Orioles
2024_topps_series1,2024,Topps,Series 1,Topps Mega Star,,TMS-5,1,Elly De La Cruz,Cincinnati Reds,False,Topps Mega Star	TMS-5	Elly De La Cruz	Cincinnati Reds
2024_topps_series1,2024,Topps,Series 1,Topps Mega Star,,TMS-6,1,Yordan Alvarez,Houston Astros,False,Topps Mega Star	TMS-6	Yordan Alvarez	Houston Astros
2024_topps_series1,2024,Topps,Series 1,Topps Mega Star,,TMS-7,1,Freddie Freeman,Los Angeles Dodgers,False,Topps Mega Star	TMS-7	Freddie Freeman	Los Angeles Dodgers
2024_topps_series1,2024,Topps,Series 1,Topps Mega Star,,TMS-8,1,Mookie Betts,Los Angeles Dodgers,False,Topps Mega Star	TMS-8	Mookie Betts	Los Angeles Dodgers
2024_topps_series1,2024,Topps,Series 1,Topps Mega Star,,TMS-9,1,Pete Alonso,New York Mets,False,Topps Mega Star	TMS-9	Pete Alonso	New York Mets
2024_topps_series1,2024,Topps,Series 1,Topps Mega Star,,TMS-10,1,Aaron Judge,New York Yankees,False,Topps Mega Star	TMS-10	Aaron Judge	New York Yankees
2024_topps_series1,2024,Topps,Series 1,Topps Mega Star,,TMS-11,1,Bryce Harper,Philadelphia Phillies,False,Topps Mega Star	TMS-11	Bryce Harper	Philadelphia Phillies
2024_topps_series1,2024,Topps,Series 1,Topps Mega Star,,TMS-12,1,Fernando Tatis Jr.,San Diego Padres,False,Topps Mega Star	TMS-12	Fernando Tatis Jr.	San Diego Padres
2024_topps_series1,2024,Topps,Series 1,Topps Mega Star,,TMS-13,1,Juan Soto,San Diego Padres,False,Topps Mega Star	TMS-13	Juan Soto	San Diego Padres
2024_topps_series1,2024,Topps,Series 1,Topps Mega Star,,TMS-14,1,Julio Rodríguez,Seattle Mariners,False,Topps Mega Star	TMS-14	Julio Rodríguez	Seattle Mariners
2024_topps_series1,2024,Topps,Series 1,Topps Mega Star,,TMS-15,1,Paul Goldschmidt,St. Louis Cardinals,False,Topps Mega Star	TMS-15	Paul Goldschmidt	St. Louis Cardinals
2024_topps_series1,2024,Topps,Series 1,Topps Mega Star,,TMS-16,1,Nolan Arenado,St. Louis Cardinals,False,Topps Mega Star	TMS-16	Nolan Arenado	St. Louis Cardinals
2024_topps_series1,2024,Topps,Series 1,Topps Mega Star,,TMS-17,1,Marco Luciano,San Francisco Giants,False,Topps Mega Star	TMS-17	Marco Luciano	San Francisco Giants
2024_topps_series1,2024,Topps,Series 1,Topps Mega Star,,TMS-18,1,Vladimir Guerrero Jr.,Toronto Blue Jays,False,Topps Mega Star	TMS-18	Vladimir Guerrero Jr.	Toronto Blue Jays
2024_topps_series1,2024,Topps,Series 1,Topps Mega Star,,TMS-19,1,Henry Davis,Pittsburgh Pirates,False,Topps Mega Star	TMS-19	Henry Davis	Pittsburgh Pirates
2024_topps_series1,2024,Topps,Series 1,Topps Mega Star,,TMS-20,1,Colton Cowser,Baltimore Orioles,False,Topps Mega Star	TMS-20	Colton Cowser	Baltimore Orioles
2024_topps_series1,2024,Topps,Series 1,Topps Reverence Autograph Patch,,TRAP-AB,1,Adrián Beltré,Texas Rangers,False,Topps Reverence Autograph Patch	TRAP-AB	Adrián Beltré	Texas Rangers
2024_topps_series1,2024,Topps,Series 1,Topps Reverence Autograph Patch,,TRAP-AJ,1,Aaron Judge,New York Yankees,False,Topps Reverence Autograph Patch	TRAP-AJ	Aaron Judge	New York Yankees
2024_topps_series1,2024,Topps,Series 1,Topps Reverence Autograph Patch,,TRAP-AR,1,Anthony Rizzo,New York Yankees,False,Topps Reverence Autograph Patch	TRAP-AR	Anthony Rizzo	New York Yankees
2024_topps_series1,2024,Topps,Series 1,Topps Reverence Autograph Patch,,TRAP-ARI,1,Austin Riley,Atlanta Braves,False,Topps Reverence Autograph Patch	TRAP-ARI	Austin Riley	Atlanta Braves
2024_topps_series1,2024,Topps,Series 1,Topps Reverence Autograph Patch,,TRAP-ARU,1,Adley Rutschman,Baltimore Orioles,False,Topps Reverence Autograph Patch	TRAP-ARU	Adley Rutschman	Baltimore Orioles
2024_topps_series1,2024,Topps,Series 1,Topps Reverence Autograph Patch,,TRAP-AV,1,Anthony Volpe,New York Yankees,False,Topps Reverence Autograph Patch	TRAP-AV	Anthony Volpe	New York Yankees
2024_topps_series1,2024,Topps,Series 1,Topps Reverence Autograph Patch,,TRAP-BB,1,Byron Buxton,Minnesota Twins,False,Topps Reverence Autograph Patch	TRAP-BB	Byron Buxton	Minnesota Twins
2024_topps_series1,2024,Topps,Series 1,Topps Reverence Autograph Patch,,TRAP-BH,1,Bryce Harper,Philadelphia Phillies,False,Topps Reverence Autograph Patch	TRAP-BH	Bryce Harper	Philadelphia Phillies
2024_topps_series1,2024,Topps,Series 1,Topps Reverence Autograph Patch,,TRAP-CB,1,Corbin Burnes,Milwaukee Brewers,False,Topps Reverence Autograph Patch	TRAP-CB	Corbin Burnes	Milwaukee Brewers
2024_topps_series1,2024,Topps,Series 1,Topps Reverence Autograph Patch,,TRAP-CBI,1,Craig Biggio,Houston Astros,False,Topps Reverence Autograph Patch	TRAP-CBI	Craig Biggio	Houston Astros
2024_topps_series1,2024,Topps,Series 1,Topps Reverence Autograph Patch,,TRAP-CC,1,Corbin Carroll,Arizona Diamondbacks,False,Topps Reverence Autograph Patch	TRAP-CC	Corbin Carroll	Arizona Diamondbacks
2024_topps_series1,2024,Topps,Series 1,Topps Reverence Autograph Patch,,TRAP-CCS,1,CC Sabathia,New York Yankees,False,Topps Reverence Autograph Patch	TRAP-CCS	CC Sabathia	New York Yankees
2024_topps_series1,2024,Topps,Series 1,Topps Reverence Autograph Patch,,TRAP-CJ,1,Chipper Jones,Atlanta Braves,False,Topps Reverence Autograph Patch	TRAP-CJ	Chipper Jones	Atlanta Braves
2024_topps_series1,2024,Topps,Series 1,Topps Reverence Autograph Patch,,TRAP-CR,1,Cal Ripken Jr.,Baltimore Orioles,False,Topps Reverence Autograph Patch	TRAP-CR	Cal Ripken Jr.	Baltimore Orioles
2024_topps_series1,2024,Topps,Series 1,Topps Reverence Autograph Patch,,TRAP-CY,1,Christian Yelich,Milwaukee Brewers,False,Topps Reverence Autograph Patch	TRAP-CY	Christian Yelich	Milwaukee Brewers
2024_topps_series1,2024,Topps,Series 1,Topps Reverence Autograph Patch,,TRAP-DJ,1,Derek Jeter,New York Yankees,False,Topps Reverence Autograph Patch	TRAP-DJ	Derek Jeter	New York Yankees
2024_topps_series1,2024,Topps,Series 1,Topps Reverence Autograph Patch,,TRAP-DO,1,David Ortiz,Boston Red Sox,False,Topps Reverence Autograph Patch	TRAP-DO	David Ortiz	Boston Red Sox
2024_topps_series1,2024,Topps,Series 1,Topps Reverence Autograph Patch,,TRAP-DP,1,Dustin Pedroia,Boston Red Sox,False,Topps Reverence Autograph Patch	TRAP-DP	Dustin Pedroia	Boston Red Sox
2024_topps_series1,2024,Topps,Series 1,Topps Reverence Autograph Patch,,TRAP-DW,1,David Wright,New York Mets,False,Topps Reverence Autograph Patch	TRAP-DW	David Wright	New York Mets
2024_topps_series1,2024,Topps,Series 1,Topps Reverence Autograph Patch,,TRAP-ED,1,Elly De La Cruz,Cincinnati Reds,False,Topps Reverence Autograph Patch	TRAP-ED	Elly De La Cruz	Cincinnati Reds
2024_topps_series1,2024,Topps,Series 1,Topps Reverence Autograph Patch,,TRAP-FT,1,Fernando Tatis Jr.,San Diego Padres,False,Topps Reverence Autograph Patch	TRAP-FT	Fernando Tatis Jr.	San Diego Padres
2024_topps_series1,2024,Topps,Series 1,Topps Reverence Autograph Patch,,TRAP-FTH,1,Frank Thomas,Chicago White Sox,False,Topps Reverence Autograph Patch	TRAP-FTH	Frank Thomas	Chicago White Sox
2024_topps_series1,2024,Topps,Series 1,Topps Reverence Autograph Patch,,TRAP-GC,1,Gerrit Cole,New York Yankees,False,Topps Reverence Autograph Patch	TRAP-GC	Gerrit Cole	New York Yankees
2024_topps_series1,2024,Topps,Series 1,Topps Reverence Autograph Patch,,TRAP-GS,1,George Springer,Toronto Blue Jays,False,Topps Reverence Autograph Patch	TRAP-GS	George Springer	Toronto Blue Jays
2024_topps_series1,2024,Topps,Series 1,Topps Reverence Autograph Patch,,TRAP-HG,1,Hunter Greene,Cincinnati Reds,False,Topps Reverence Autograph Patch	TRAP-HG	Hunter Greene	Cincinnati Reds
2024_topps_series1,2024,Topps,Series 1,Topps Reverence Autograph Patch,,TRAP-JA,1,Jose Altuve,Houston Astros,False,Topps Reverence Autograph Patch	TRAP-JA	Jose Altuve	Houston Astros
2024_topps_series1,2024,Topps,Series 1,Topps Reverence Autograph Patch,,TRAP-JCJ,1,Jazz Chisholm Jr.,Miami Marlins,False,Topps Reverence Autograph Patch	TRAP-JCJ	Jazz Chisholm Jr.	Miami Marlins
2024_topps_series1,2024,Topps,Series 1,Topps Reverence Autograph Patch,,TRAP-JD,1,Jasson Domínguez,New York Yankees,False,Topps Reverence Autograph Patch	TRAP-JD	Jasson Domínguez	New York Yankees
2024_topps_series1,2024,Topps,Series 1,Topps Reverence Autograph Patch,,TRAP-JL,1,Jordan Lawlar,Arizona Diamondbacks,False,Topps Reverence Autograph Patch	TRAP-JL	Jordan Lawlar	Arizona Diamondbacks
2024_topps_series1,2024,Topps,Series 1,Topps Reverence Autograph Patch,,TRAP-JRA,1,José Ramírez,Cleveland Guardians,False,Topps Reverence Autograph Patch	TRAP-JRA	José Ramírez	Cleveland Guardians
2024_topps_series1,2024,Topps,Series 1,Topps Reverence Autograph Patch,,TRAP-JROD,1,Julio Rodríguez,Seattle Mariners,False,Topps Reverence Autograph Patch	TRAP-JROD	Julio Rodríguez	Seattle Mariners
2024_topps_series1,2024,Topps,Series 1,Topps Reverence Autograph Patch,,TRAP-JS,1,Juan Soto,San Diego Padres,False,Topps Reverence Autograph Patch	TRAP-JS	Juan Soto	San Diego Padres
2024_topps_series1,2024,Topps,Series 1,Topps Reverence Autograph Patch,,TRAP-JSM,1,John Smoltz,Atlanta Braves,False,Topps Reverence Autograph Patch	TRAP-JSM	John Smoltz	Atlanta Braves
2024_topps_series1,2024,Topps,Series 1,Topps Reverence Autograph Patch,,TRAP-JVO,1,Joey Votto,Cincinnati Reds,False,Topps Reverence Autograph Patch	TRAP-JVO	Joey Votto	Cincinnati Reds
2024_topps_series1,2024,Topps,Series 1,Topps Reverence Autograph Patch,,TRAP-LW,1,Larry Walker,Colorado Rockies,False,Topps Reverence Autograph Patch	TRAP-LW	Larry Walker	Colorado Rockies
2024_topps_series1,2024,Topps,Series 1,Topps Reverence Autograph Patch,,TRAP-MC,1,Matt Chapman,Toronto Blue Jays,False,Topps Reverence Autograph Patch	TRAP-MC	Matt Chapman	Toronto Blue Jays
2024_topps_series1,2024,Topps,Series 1,Topps Reverence Autograph Patch,,TRAP-MMU,1,Max Muncy,Los Angeles Dodgers,False,Topps Reverence Autograph Patch	TRAP-MMU	Max Muncy	Los Angeles Dodgers
2024_topps_series1,2024,Topps,Series 1,Topps Reverence Autograph Patch,,TRAP-MP,1,Mike Piazza,New York Mets,False,Topps Reverence Autograph Patch	TRAP-MP	Mike Piazza	New York Mets
2024_topps_series1,2024,Topps,Series 1,Topps Reverence Autograph Patch,,TRAP-MT,1,Mike Trout,Los Angeles Angels,False,Topps Reverence Autograph Patch	TRAP-MT	Mike Trout	Los Angeles Angels
2024_topps_series1,2024,Topps,Series 1,Topps Reverence Autograph Patch,,TRAP-OA,1,Ozzie Albies,Atlanta Braves,False,Topps Reverence Autograph Patch	TRAP-OA	Ozzie Albies	Atlanta Braves
2024_topps_series1,2024,Topps,Series 1,Topps Reverence Autograph Patch,,TRAP-OS,1,Ozzie Smith,St. Louis Cardinals,False,Topps Reverence Autograph Patch	TRAP-OS	Ozzie Smith	St. Louis Cardinals
2024_topps_series1,2024,Topps,Series 1,Topps Reverence Autograph Patch,,TRAP-PG,1,Paul Goldschmidt,St. Louis Cardinals,False,Topps Reverence Autograph Patch	TRAP-PG	Paul Goldschmidt	St. Louis Cardinals
2024_topps_series1,2024,Topps,Series 1,Topps Reverence Autograph Patch,,TRAP-RAJ,1,Ronald Acuña Jr.,Atlanta Braves,False,Topps Reverence Autograph Patch	TRAP-RAJ	Ronald Acuña Jr.	Atlanta Braves
2024_topps_series1,2024,Topps,Series 1,Topps Reverence Autograph Patch,,TRAP-RM,1,Ryan Mountcastle,Baltimore Orioles,False,Topps Reverence Autograph Patch	TRAP-RM	Ryan Mountcastle	Baltimore Orioles
2024_topps_series1,2024,Topps,Series 1,Topps Reverence Autograph Patch,,TRAP-SCH,1,Mike Schmidt,Philadelphia Phillies,False,Topps Reverence Autograph Patch	TRAP-SCH	Mike Schmidt	Philadelphia Phillies
2024_topps_series1,2024,Topps,Series 1,Topps Reverence Autograph Patch,,TRAP-SO,1,Shohei Ohtani,Los Angeles Angels,False,Topps Reverence Autograph Patch	TRAP-SO	Shohei Ohtani	Los Angeles Angels
2024_topps_series1,2024,Topps,Series 1,Topps Reverence Autograph Patch,,TRAP-SR,1,Scott Rolen,Cincinnati Reds,False,Topps Reverence Autograph Patch	TRAP-SR	Scott Rolen	Cincinnati Reds
2024_topps_series1,2024,Topps,Series 1,Topps Reverence Autograph Patch,,TRAP-TG,1,Tom Glavine,New York Mets,False,Topps Reverence Autograph Patch	TRAP-TG	Tom Glavine	New York Mets
2024_topps_series1,2024,Topps,Series 1,Topps Reverence Autograph Patch,,TRAP-TGL,1,Tom Glavine,Atlanta Braves,False,Topps Reverence Autograph Patch	TRAP-TGL	Tom Glavine	Atlanta Braves
2024_topps_series1,2024,Topps,Series 1,Topps Reverence Autograph Patch,,TRAP-VG,1,Vladimir Guerrero Jr.,Toronto Blue Jays,False,Topps Reverence Autograph Patch	TRAP-VG	Vladimir Guerrero Jr.	Toronto Blue Jays
2024_topps_series1,2024,Topps,Series 1,Topps Reverence Autograph Patch,,TRAP-YA,1,Yordan Alvarez,Houston Astros,False,Topps Reverence Autograph Patch	TRAP-YA	Yordan Alvarez	Houston Astros
2024_topps_series1,2024,Topps,Series 1,World Champion Autographs,,WSA-AC,1,Aroldis Chapman,Texas Rangers,False,World Champion Autographs	WSA-AC	Aroldis Chapman	Texas Rangers
2024_topps_series1,2024,Topps,Series 1,World Champion Autographs,,WSA-AG,1,Adolis García,Texas Rangers,False,World Champion Autographs	WSA-AG	Adolis García	Texas Rangers
2024_topps_series1,2024,Topps,Series 1,World Champion Autographs,,WSA-CS,1,Corey Seager,Texas Rangers,False,World Champion Autographs	WSA-CS	Corey Seager	Texas Rangers
2024_topps_series1,2024,Topps,Series 1,World Champion Autographs,,WSA-EC,1,Evan Carter,Texas Rangers,False,World Champion Autographs	WSA-EC	Evan Carter	Texas Rangers
2024_topps_series1,2024,Topps,Series 1,World Champion Autographs,,WSA-JH,1,Jonah Heim,Texas Rangers,False,World Champion Autographs	WSA-JH	Jonah Heim	Texas Rangers
2024_topps_series1,2024,Topps,Series 1,World Champion Autographs,,WSA-JJ,1,Josh Jung,Texas Rangers,False,World Champion Autographs	WSA-JJ	Josh Jung	Texas Rangers
2024_topps_series1,2024,Topps,Series 1,World Champion Autographs,,WSA-JS,1,Josh Smith,Texas Rangers,False,World Champion Autographs	WSA-JS	Josh Smith	Texas Rangers
2024_topps_series1,2024,Topps,Series 1,World Champion Autographs,,WSA-LT,1,Leody Taveras,Texas Rangers,False,World Champion Autographs	WSA-LT	Leody Taveras	Texas Rangers
2024_topps_series1,2024,Topps,Series 1,World Champion Autographs,,WSA-MS,1,Max Scherzer,Texas Rangers,False,World Champion Autographs	WSA-MS	Max Scherzer	Texas Rangers
2024_topps_series1,2024,Topps,Series 1,World Champion Autographs,,WSA-NE,1,Nathan Eovaldi,Texas Rangers,False,World Champion Autographs	WSA-NE	Nathan Eovaldi	Texas Rangers
2024_topps_series1,2024,Topps,Series 1,World Champion Autographs,,WSA-SEM,1,Marcus Semien,Texas Rangers,False,World Champion Autographs	WSA-SEM	Marcus Semien	Texas Rangers
2024_topps_series1,2024,Topps,Series 1,World Champion Relics,,WSR-AC,1,Aroldis Chapman,Texas Rangers,False,World Champion Relics	WSR-AC	Aroldis Chapman	Texas Rangers
2024_topps_series1,2024,Topps,Series 1,World Champion Relics,,WSR-AG,1,Adolis García,Texas Rangers,False,World Champion Relics	WSR-AG	Adolis García	Texas Rangers
2024_topps_series1,2024,Topps,Series 1,World Champion Relics,,WSR-CS,1,Corey Seager,Texas Rangers,False,World Champion Relics	WSR-CS	Corey Seager	Texas Rangers
2024_topps_series1,2024,Topps,Series 1,World Champion Relics,,WSR-JH,1,Jonah Heim,Texas Rangers,False,World Champion Relics	WSR-JH	Jonah Heim	Texas Rangers
2024_topps_series1,2024,Topps,Series 1,World Champion Relics,,WSR-MS,1,Marcus Semien,Texas Rangers,False,World Champion Relics	WSR-MS	Marcus Semien	Texas Rangers
2024_topps_series1,2024,Topps,Series 1,World Champion Relics,,WSR-NE,1,Nathan Eovaldi,Texas Rangers,False,World Champion Relics	WSR-NE	Nathan Eovaldi	Texas Rangers
2024_topps_series1,2024,Topps,Series 1,World Champion Relics,,WSR-SCH,1,Max Scherzer,Texas Rangers,False,World Champion Relics	WSR-SCH	Max Scherzer	Texas Rangers
2024_topps_series1,2024,Topps,Series 1,World Series Champion Autograph Relics,,WSAR-AC,1,Aroldis Chapman,Texas Rangers,False,World Series Champion Autograph Relics	WSAR-AC	Aroldis Chapman	Texas Rangers
2024_topps_series1,2024,Topps,Series 1,World Series Champion Autograph Relics,,WSAR-AG,1,Adolis García,Texas Rangers,False,World Series Champion Autograph Relics	WSAR-AG	Adolis García	Texas Rangers
2024_topps_series1,2024,Topps,Series 1,World Series Champion Autograph Relics,,WSAR-JH,1,Jonah Heim,Texas Rangers,False,World Series Champion Autograph Relics	WSAR-JH	Jonah Heim	Texas Rangers
2024_topps_series1,2024,Topps,Series 1,World Series Champion Autograph Relics,,WSAR-MS,1,Max Scherzer,Texas Rangers,False,World Series Champion Autograph Relics	WSAR-MS	Max Scherzer	Texas Rangers
2024_topps_series1,2024,Topps,Series 1,World Series Champion Autograph Relics,,WSAR-NE,1,Nathan Eovaldi,Texas Rangers,False,World Series Champion Autograph Relics	WSAR-NE	Nathan Eovaldi	Texas Rangers
2024_topps_series1,2024,Topps,Series 1,World Series Champion Autograph Relics,,WSAR-SEM,1,Marcus Semien,Texas Rangers,False,World Series Champion Autograph Relics	WSAR-SEM	Marcus Semien	Texas Rangers
