player,card_type,listing_count
(unknown player),Chrome · Auto,9
(unknown player),Chrome · Refractor,4
(unknown player),Chrome · Sky Blue /499,4
(unknown player),Chrome · Blue /150,3
(unknown player),Chrome · Yellow /75 · Auto,2
(unknown player),Chrome · Purple /250,2
(unknown player),Chrome · Base,2
(unknown player),Chrome · Purple /250 · Auto,1
(unknown player),Chrome · Gold /50,1
Aaron Walton,Base-Paper,14
Aaron Walton,Chrome · Auto,31
Aaron Walton,Chrome · Refractor,20
Aaron Walton,Chrome · Base,12
Aaron Walton,Chrome · Sky Blue /499,9
Aaron Walton,Chrome · Sky Blue /499 · Auto,8
Aaron Walton,Chrome · Blue /150,4
Aaron Walton,Chrome · Orange /25,4
Aaron Walton,Chrome · Aqua /125,4
Aaron Walton,Chrome · Purple /250,4
Aaron Walton,Chrome · Blue /150 · Auto,3
Aaron Walton,Chrome · Purple /250 · Auto,3
Aaron Walton,Chrome · X-Fractor,3
Aaron Walton,Chrome · Aqua /125 · Auto,2
Aaron Walton,Chrome · Green /99 · Auto,2
Aaron Walton,Chrome · Steel Metal /100,2
Aaron Walton,Chrome · Black /73 · Auto,1
Aaron Watson,Base-Paper,17
Aaron Watson,Chrome · Auto,24
Aaron Watson,Chrome · Refractor,12
Aaron Watson,Chrome · Base,11
Aaron Watson,Chrome · X-Fractor,6
Aaron Watson,Chrome · Aqua /125,4
Aaron Watson,Chrome · Steel Metal /100,4
Aaron Watson,Chrome · Yellow /75,3
Aaron Watson,Chrome · Green /99,3
Aaron Watson,Chrome · Sky Blue /499 · Auto,3
Aaron Watson,Chrome · Aqua /125 · Auto,2
Aaron Watson,Chrome · Speckle Refractor,2
Aaron Watson,Chrome · Blue /150,2
Aaron Watson,Chrome · Sky Blue /499,1
Aaron Watson,Chrome · Purple /250,1
Aaron Watson,Chrome · Red /5,1
Aaron Watson,Chrome · Green /99 · Auto,1
Adonys Guzman,Base-Paper,16
Adonys Guzman,Chrome · Auto,31
Adonys Guzman,Chrome · Refractor,28
Adonys Guzman,Chrome · Base,17
Adonys Guzman,Chrome · Green /99,7
Adonys Guzman,Chrome · Gold /50,6
Adonys Guzman,Chrome · Aqua /125 · Auto,5
Adonys Guzman,Chrome · X-Fractor,4
Adonys Guzman,Chrome · Sparkle,4
Adonys Guzman,Chrome · Blue /150,4
Adonys Guzman,Chrome · Parallel · Auto,4
Adonys Guzman,Chrome · Gold /50 · Auto,2
Adonys Guzman,Chrome · Purple /250,2
Adonys Guzman,Chrome · Green /99 · Auto,2
Adonys Guzman,Chrome · Yellow /75 · Auto,2
Adonys Guzman,Chrome · Yellow /75,2
Adonys Guzman,Chrome · Logo Refractor /35,2
Adonys Guzman,Chrome · Orange /25,2
Adonys Guzman,Chrome · Blue /150 · Auto,2
Adonys Guzman,Chrome · Fuchsia Reptilian /199,2
Adonys Guzman,Chrome · Sky Blue /499,2
Adonys Guzman,Chrome · Sky Blue /499 · Auto,2
Aidan Miller,Base-Paper,6
Aidan Miller,Chrome · Refractor,23
Aidan Miller,Chrome · Base,12
Aidan Miller,Chrome · Blue /150,4
Aidan Miller,Chrome · Aqua /125,2
Aidan Miller,Chrome · Purple /250,2
Aidan Miller,Chrome · Yellow /75,1
Aidan West,Base-Paper,20
Aidan West,Chrome · Auto,24
Aidan West,Chrome · Refractor,23
Aidan West,Chrome · Base,15
Aidan West,Chrome · Sky Blue /499 · Auto,9
Aidan West,Chrome · Yellow /75 · Auto,6
Aidan West,Chrome · X-Fractor,6
Aidan West,Chrome · Blue /150 · Auto,4
Aidan West,Chrome · Sky Blue /499,4
Aidan West,Chrome · Gold /50,3
Aidan West,Chrome · Yellow /75,3
Aidan West,Chrome · Green /99,3
Aidan West,Chrome · Fuchsia Reptilian /199 · Auto,2
Aidan West,Chrome · Orange /25 · Auto,2
Aidan West,Chrome · Gold /50 · Auto,2
Aidan West,Chrome · Red /5,2
Aidan West,Chrome · Purple /250 · Auto,2
Aidan West,Chrome · Aqua /125,2
Aidan West,Chrome · Aqua /125 · Auto,2
Aidan West,Chrome · Green /99 · Auto,2
AJ Russell,Base-Paper,18
AJ Russell,Chrome · Refractor,24
AJ Russell,Chrome · Auto,19
AJ Russell,Chrome · Sky Blue /499,12
AJ Russell,Chrome · Sky Blue /499 · Auto,8
AJ Russell,Chrome · X-Fractor,7
AJ Russell,Chrome · Base,7
AJ Russell,Chrome · Purple /250 · Auto,5
AJ Russell,Chrome · Green /99 · Auto,5
AJ Russell,Chrome · Purple /250,2
AJ Russell,Chrome · Blue /150,2
AJ Russell,Chrome · Yellow /75,2
AJ Russell,Chrome · Yellow /75 · Auto,2
AJ Russell,Chrome · Blue /150 · Auto,2
AJ Russell,Chrome · Gold /50,2
AJ Russell,Chrome · Green /99,1
AJ Russell,Chrome · Aqua /125,1
AJ Russell,Chrome · Superfractor,1
AJ Russell,Snack-Pack,2
Alfredo Duno,Base-Paper,10
Alfredo Duno,Chrome · Refractor,14
Alfredo Duno,Chrome · Base,13
Alfredo Duno,Chrome · Aqua /125,4
Alfredo Duno,Chrome · X-Fractor,4
Alfredo Duno,Chrome · Sky Blue /499,3
Alfredo Duno,Chrome · Logo Refractor /35,1
Andrew Salas,Base-Paper,14
Andrew Salas,Bowman Axis · Base,39
Andrew Salas,Bowman Axis · Mini Diamond,4
Andrew Salas,Bowman Axis · Gold,2
Andrew Salas,Bowman In Action,12
Andrew Salas,Bowman In Action · Mini Diamond /150,2
Andrew Salas,Bowman In Action · Gold /50,2
Andrew Salas,Bowman In Action · Green /99,2
Andrew Salas,Chrome · Refractor,24
Andrew Salas,Chrome · Base,13
Andrew Salas,Chrome · Purple /250,8
Andrew Salas,Chrome · Sky Blue /499,7
Andrew Salas,Chrome · Fuchsia Reptilian /199,6
Andrew Salas,Chrome · Green /99,4
Andrew Salas,Chrome · Yellow /75,2
Andrew Salas,Chrome · Green /99 · Auto,2
Andrew Salas,Chrome · X-Fractor,2
Anthony Eyanson,Base-Paper,18
Anthony Eyanson,Base-Paper · Black Border,2
Anthony Eyanson,Chrome · Red /5 · Auto,9
Anthony Eyanson,Chrome · Fuchsia Reptilian /199,5
Anthony Eyanson,Chrome · X-Fractor,5
Anthony Eyanson,Chrome · Base,4
Anthony Eyanson,Chrome · Blue /150,4
Anthony Eyanson,Chrome · Yellow /75,3
Anthony Eyanson,Chrome · Orange /25,3
Anthony Eyanson,Chrome · Sky Blue /499 · Auto,2
Anthony Eyanson,Chrome · Red /5,2
Anthony Eyanson,Chrome · Green /99,2
Anthony Eyanson,Chrome · Blue /150 · Auto,2
Anthony Eyanson,Chrome · Auto,2
Anthony Eyanson,Chrome · Refractor,2
Anthony Eyanson,Chrome · Aqua /125 · Auto,2
Anthony Eyanson,Chrome · Mini Diamond /71 · Auto,2
Anthony Eyanson,Chrome · Purple /250,1
Anthony Eyanson,Snack-Pack,2
Antonio Jimenez,Base-Paper,25
Antonio Jimenez,Chrome · Refractor,28
Antonio Jimenez,Chrome · Base,17
Antonio Jimenez,Chrome · Auto,17
Antonio Jimenez,Chrome · Blue /150 · Auto,5
Antonio Jimenez,Chrome · Blue /150,4
Antonio Jimenez,Chrome · Sky Blue /499 · Auto,4
Antonio Jimenez,Chrome · Green /99,4
Antonio Jimenez,Chrome · Purple /250 · Auto,4
Antonio Jimenez,Chrome · Fuchsia Reptilian /199 · Auto,4
Antonio Jimenez,Chrome · X-Fractor,3
Antonio Jimenez,Chrome · Purple /250,3
Antonio Jimenez,Chrome · Aqua /125 · Auto,3
Antonio Jimenez,Chrome · Sky Blue /499,3
Antonio Jimenez,Chrome · Aqua /125,2
Antonio Jimenez,Chrome · Red /5,2
Antonio Jimenez,Chrome · Logo Refractor /35,2
Antonio Jimenez,Chrome · Fuchsia Reptilian /199,2
Antonio Jimenez,Chrome · Printing Plate,2
Antonio Jimenez,Chrome · Yellow /75,1
Antonio Jimenez,Chrome · Gold /50 · Auto,1
Antonio Jimenez,Snack-Pack,2
Arjun Nimmala,Base-Paper,14
Arjun Nimmala,Bowman Axis · Base,49
Arjun Nimmala,Bowman Axis · Superfractor,2
Arjun Nimmala,Bowman Axis · Parallel,2
Arjun Nimmala,Chrome · Base,12
Arjun Nimmala,Chrome · Blue /150,10
Arjun Nimmala,Chrome · Refractor,8
Arjun Nimmala,Chrome · Sky Blue /499,4
Arjun Nimmala,Chrome · X-Fractor,2
Aroon Escobar,Base-Paper,8
Aroon Escobar,Chrome · Refractor,22
Aroon Escobar,Chrome · Base,6
Aroon Escobar,Chrome · Purple /250,4
Aroon Escobar,Chrome · Steel Metal /100,4
Aroon Escobar,Chrome · Sky Blue /499,4
Aroon Escobar,Chrome · Green /99,2
Aroon Escobar,Chrome · Sparkle,2
Aroon Escobar,Chrome · X-Fractor,2
Aroon Escobar,Chrome · Logo Refractor /35,2
Ben Jacobs,Base-Paper,14
Ben Jacobs,Chrome · Refractor,17
Ben Jacobs,Chrome · Base,10
Ben Jacobs,Chrome · Yellow /75,4
Ben Jacobs,Chrome · Aqua Reptilian,2
Ben Jacobs,Chrome · Sky Blue /499,2
Ben Jacobs,Chrome · Purple /250,1
Ben Jacobs,Snack-Pack,1
Billy Carlson,Base-Paper,78
Billy Carlson,Bowman Axis · Base,65
Billy Carlson,Bowman Axis · Green,4
Billy Carlson,Bowman Axis · Gold,2
Billy Carlson,Bowman Axis · Parallel,1
Billy Carlson,Bowman In Action,45
Billy Carlson,Bowman In Action · Gold /50,5
Billy Carlson,Bowman In Action · Orange /25,2
Billy Carlson,Bowman In Action · Red /5,1
Billy Carlson,Bowman In Action /75 · Auto,3
Billy Carlson,Bowman Spotlight,6
Billy Carlson,Chrome · Refractor,83
Billy Carlson,Chrome · Base,40
Billy Carlson,Chrome · Auto,23
Billy Carlson,Chrome · Sky Blue /499,14
Billy Carlson,Chrome · Gold /50 · Auto,11
Billy Carlson,Chrome · Sky Blue /499 · Auto,8
Billy Carlson,Chrome · Green /99,7
Billy Carlson,Chrome · Aqua Reptilian,6
Billy Carlson,Chrome · Steel Metal /100,5
Billy Carlson,Chrome · Fuchsia Reptilian /199,5
Billy Carlson,Chrome · Blue /150 · Auto,5
Billy Carlson,Chrome · Yellow /75 · Auto,4
Billy Carlson,Chrome · X-Fractor,4
Billy Carlson,Chrome · Blue /150,4
Billy Carlson,Chrome · Purple /250 · Auto,4
Billy Carlson,Chrome · Purple /250,3
Billy Carlson,Chrome · Sparkle · Auto,3
Billy Carlson,Chrome · Gold /50,3
Billy Carlson,Chrome · Green /99 · Auto,3
Billy Carlson,Chrome · Logo Refractor /35,2
Billy Carlson,Chrome · Aqua /125,2
Billy Carlson,Chrome · Orange /25,2
Billy Carlson,Chrome · Speckle Refractor,2
Billy Carlson,Chrome · Orange /25 · Auto,1
Billy Carlson,Chrome · Aqua /125 · Auto,1
Billy Carlson,Crystallized · Orange /25,2
Billy Carlson,Crystallized,1
Billy Carlson,Etched in Glass,5
Billy Carlson,Final Draft,7
Billy Carlson,Image Variations · Auto,2
Billy Carlson,Image Variations,2
Billy Carlson,Image Variations · Green · Auto,1
Billy Carlson,Prized Prospects,73
Billy Carlson,Prized Prospects · Auto,4
Billy Carlson,Prized Prospects · Green /99,4
Billy Carlson,Prized Prospects · Gold /50,1
Billy Carlson,Prized Prospects /250,1
Billy Carlson,Prized Prospects /99 · Auto,1
Blake Mitchell,Base-Paper,8
Blake Mitchell,Chrome · Refractor,14
Blake Mitchell,Chrome · Base,8
Blake Mitchell,Chrome · Mini Diamond,6
Blake Mitchell,Chrome · Gold /50,4
Blake Mitchell,Chrome · Yellow /75,2
Blake Mitchell,Chrome · Blue /150,2
Blake Mitchell,Chrome · Purple /250,2
Blake Mitchell,Chrome · Steel Metal /100,2
Blake Mitchell,Chrome · Black Geometric /10,2
Braden Montgomery,Base-Paper,16
Braden Montgomery,Bowman Spotlight,2
Braden Montgomery,Chrome · Refractor,29
Braden Montgomery,Chrome · Base,16
Braden Montgomery,Chrome · Purple /250 · Auto,6
Braden Montgomery,Chrome · Sky Blue /499,4
Braden Montgomery,Chrome · X-Fractor,4
Braden Montgomery,Chrome · Orange /25,2
Braden Montgomery,Chrome · Purple /250,2
Braden Montgomery,Chrome · Green /99,2
Braden Montgomery,Chrome · Magenta Printing Plate,2
Braden Montgomery,Snack-Pack,2
Brady Ebel,Base-Paper,34
Brady Ebel,Bowman In Action,20
Brady Ebel,Chrome · Refractor,37
Brady Ebel,Chrome · Base,34
Brady Ebel,Chrome · Auto,30
Brady Ebel,Chrome · Sky Blue /499 · Auto,13
Brady Ebel,Chrome · Green /99 · Auto,9
Brady Ebel,Chrome · Gold /50 · Auto,6
Brady Ebel,Chrome · Sky Blue /499,5
Brady Ebel,Chrome · Purple /250 · Auto,5
Brady Ebel,Chrome · Gold /50,5
Brady Ebel,Chrome · Blue /150 · Auto,4
Brady Ebel,Chrome · Blue /150,4
Brady Ebel,Chrome · Yellow /75,2
Brady Ebel,Chrome · Aqua /125 · Auto,2
Brady Ebel,Chrome · Red /5,2
Brady Ebel,Chrome · Purple /250,2
Brady Ebel,Chrome · Green /99,2
Brady Ebel,Chrome · X-Fractor,2
Brady Ebel,Chrome · Black /73 · Auto,2
Brady Ebel,Chrome · Aqua Reptilian,1
Brady Ebel,Chrome · Aqua /125,1
Brady Ebel,Chrome · Speckle Refractor · Auto,1
Brady Ebel,Prized Prospects,49
Brady Ebel,Prized Prospects · Gold /50,4
Brady Ebel,Prized Prospects · Mini Diamond /150,2
Brady Ebel,Prized Prospects /150,2
Brady Ebel,Prized Prospects /250,1
Brady Ebel,Prized Prospects /99,2
Brady Ebel,Snack-Pack,2
Brandon Compton,Base-Paper,24
Brandon Compton,Chrome · Auto,28
Brandon Compton,Chrome · Refractor,20
Brandon Compton,Chrome · Gold /50 · Auto,6
Brandon Compton,Chrome · Blue /150 · Auto,6
Brandon Compton,Chrome · Base,4
Brandon Compton,Chrome · Sky Blue /499 · Auto,4
Brandon Compton,Chrome · Yellow /75,4
Brandon Compton,Chrome · Steel Metal /100,4
Brandon Compton,Chrome · X-Fractor,2
Brandon Compton,Chrome · Purple /250,2
Brandon Compton,Chrome · Parallel · Auto,2
Brandon Compton,Chrome · Sky Blue /499,2
Brandon Compton,Chrome · True Black /10,2
Brandon Compton,Chrome · Orange /25,2
Brandon Compton,Chrome · Aqua /125,2
Brandon Compton,Chrome · Green /99,2
Brandon Compton,Chrome · Aqua /125 · Auto,2
Brandon Compton,Chrome · Purple /250 · Auto,2
Brandon Compton,Chrome · Fuchsia Reptilian /199,1
Brandon Compton,Chrome · Blue /150,1
Brian Curley,Base-Paper,10
Brian Curley,Chrome · Refractor,16
Brian Curley,Chrome · Base,10
Brian Curley,Chrome · Blue /150,1
Brian Curley,Chrome · X-Fractor,1
Brian Curley,Chrome · Gold /50,1
Briggs McKenzie,Base-Paper,10
Briggs McKenzie,Chrome · Auto,22
Briggs McKenzie,Chrome · Refractor,18
Briggs McKenzie,Chrome · Base,10
Briggs McKenzie,Chrome · Sky Blue /499 · Auto,10
Briggs McKenzie,Chrome · Green /99,7
Briggs McKenzie,Chrome · Purple /250 · Auto,7
Briggs McKenzie,Chrome · Sky Blue /499,5
Briggs McKenzie,Chrome · Green /99 · Auto,5
Briggs McKenzie,Chrome · Fuchsia Reptilian /199 · Auto,4
Briggs McKenzie,Chrome · X-Fractor,4
Briggs McKenzie,Chrome · Purple /250,2
Briggs McKenzie,Chrome · Blue /150 · Auto,2
Briggs McKenzie,Chrome · Orange /25 · Auto,2
Briggs McKenzie,Chrome · Fuchsia Reptilian /199,2
Briggs McKenzie,Chrome · Yellow /75 · Auto,2
Briggs McKenzie,Chrome · Logo Refractor /35,2
Briggs McKenzie,Chrome · Blue /150,2
Briggs McKenzie,Chrome · Aqua /125,1
Briggs McKenzie,Snack-Pack,4
Brody Brecht,Base-Paper,10
Brody Brecht,Chrome · Refractor,14
Brody Brecht,Chrome · Base,10
Brody Brecht,Chrome · Sky Blue /499,8
Brody Brecht,Chrome · Fuchsia Reptilian /199,8
Brody Brecht,Chrome · Yellow /75,4
Brody Brecht,Chrome · Green /99,4
Brody Brecht,Chrome · Gold /50,2
Brody Brecht,Chrome · Orange /25,2
Brody Brecht,Chrome · X-Fractor,2
Brody Brecht,Chrome · Sparkle,2
Bryce Cunningham,Base-Paper,9
Bryce Cunningham,Chrome · Refractor,21
Bryce Cunningham,Chrome · Base,10
Bryce Cunningham,Chrome · Steel Metal /100,4
Bryce Cunningham,Chrome · Red /5,4
Bryce Cunningham,Chrome · Gold /50,3
Bryce Cunningham,Chrome · Green /99,3
Bryce Cunningham,Chrome · Logo Refractor /35,2
Bryce Cunningham,Chrome · Yellow Printing Plate,2
Bryce Cunningham,Chrome · Fuchsia Reptilian /199,1
Bryce Cunningham,Chrome · Blue /150,1
Bryce Cunningham,Chrome · Aqua /125,1
Cade Crossland,Base-Paper,16
Cade Crossland,Chrome · Refractor,14
Cade Crossland,Chrome · Base,10
Cade Crossland,Chrome · X-Fractor,8
Cade Crossland,Chrome · Sky Blue /499,6
Cade Crossland,Chrome · Aqua /125,4
Cade Crossland,Chrome · Green /99,4
Cade Crossland,Chrome · Fuchsia Reptilian /199,3
Cade Crossland,Chrome · Mini Diamond,2
Cade Crossland,Chrome · Orange /25,2
Cade Crossland,Snack-Pack,1
Cade Obermueller,Base-Paper,14
Cade Obermueller,Chrome · Refractor,25
Cade Obermueller,Chrome · Auto,12
Cade Obermueller,Chrome · Sky Blue /499,10
Cade Obermueller,Chrome · Base,10
Cade Obermueller,Chrome · Sky Blue /499 · Auto,4
Cade Obermueller,Chrome · Gold /50,3
Cade Obermueller,Chrome · Yellow /75,2
Cade Obermueller,Chrome · X-Fractor · Auto,2
Cade Obermueller,Chrome · X-Fractor,2
Cade Obermueller,Chrome · Green /99 · Auto,2
Cade Obermueller,Chrome · Aqua /125,2
Cade Obermueller,Chrome · Orange /25 · Auto,2
Cade Obermueller,Chrome · Blue /150,2
Cade Obermueller,Chrome · Red /5 · Auto,1
Cade Obermueller,Chrome · Yellow /75 · Auto,1
Cade Obermueller,Snack-Pack,1
Caden Bodine,Base-Paper,30
Caden Bodine,Bowman Axis · Base,27
Caden Bodine,Bowman Axis · Parallel,1
Caden Bodine,Chrome · Refractor,52
Caden Bodine,Chrome · Auto,30
Caden Bodine,Chrome · Base,24
Caden Bodine,Chrome · Blue /150,10
Caden Bodine,Chrome · Orange /25,8
Caden Bodine,Chrome · Sky Blue /499 · Auto,8
Caden Bodine,Chrome · Sky Blue /499,7
Caden Bodine,Chrome · Green /99 · Auto,7
Caden Bodine,Chrome · Fuchsia Reptilian /199,5
Caden Bodine,Chrome · Aqua Reptilian,4
Caden Bodine,Chrome · Blue /150 · Auto,2
Caden Bodine,Chrome · Fuchsia Reptilian /199 · Auto,2
Caden Bodine,Chrome · Mini Diamond,2
Caden Bodine,Chrome · Gold /50,2
Caden Bodine,Chrome · Gold /50 · Auto,2
Caden Bodine,Chrome · Green /99,2
Caden Bodine,Chrome · Aqua /125,2
Caden Bodine,Chrome · X-Fractor,2
Caden Bodine,Chrome · Printing Plate,2
Caden Bodine,Chrome · Yellow /75,2
Caden Bodine,Snack-Pack,4
Caden Bodine/Ike Irish,Chrome · Green /99 · Auto,8
Caleb Bonemer,Base-Paper,15
Caleb Bonemer,Chrome · Refractor,24
Caleb Bonemer,Chrome · Base,21
Caleb Bonemer,Chrome · Green /99,8
Caleb Bonemer,Chrome · Fuchsia Reptilian /199,5
Caleb Bonemer,Chrome · Yellow /75,3
Caleb Bonemer,Chrome · Gold /50,3
Caleb Bonemer,Chrome · Mini Diamond,2
Caleb Bonemer,Chrome · Orange /25,1
Caleb Bonemer,Chrome · Blue /150,1
Caleb Bonemer,Chrome · Aqua /125,1
Caleb Bonemer,Chrome · Aqua Reptilian,1
Caleb Bonemer,Snack-Pack,2
Caleb Leys,Base-Paper,7
Caleb Leys,Chrome · Refractor,10
Caleb Leys,Chrome · Base,3
Caleb Leys,Chrome · Gold /50,2
Caleb Leys,Chrome · Sky Blue /499,2
Caleb Leys,Chrome · Yellow /75,1
Caleb Leys,Chrome · X-Fractor,1
Cam Caminiti,Base-Paper,16
Cam Caminiti,Chrome · Refractor,21
Cam Caminiti,Chrome · Green /99,10
Cam Caminiti,Chrome · Base,6
Cam Caminiti,Chrome · X-Fractor,5
Cam Caminiti,Chrome · Sky Blue /499,4
Cam Caminiti,Chrome · Logo Refractor /35,4
Cam Caminiti,Chrome · Purple /250 · Auto,3
Cam Caminiti,Chrome · Yellow /75,2
Cam Caminiti,Chrome · Blue /150,2
Cam Caminiti,Chrome · Purple /250,2
Cam Caminiti,Chrome · Sparkle,2
Cam Caminiti,Chrome · Gold /50 · Auto,1
Cameron Maldonado,Base-Paper,14
Cameron Maldonado,Chrome · Refractor,24
Cameron Maldonado,Chrome · Auto,21
Cameron Maldonado,Chrome · Aqua /125 · Auto,7
Cameron Maldonado,Chrome · Sky Blue /499,6
Cameron Maldonado,Chrome · Aqua /125,6
Cameron Maldonado,Chrome · Sky Blue /499 · Auto,6
Cameron Maldonado,Chrome · Fuchsia Reptilian /199,4
Cameron Maldonado,Chrome · X-Fractor,4
Cameron Maldonado,Chrome · Yellow /75,4
Cameron Maldonado,Chrome · Blue /150 · Auto,4
Cameron Maldonado,Chrome · Gold /50,4
Cameron Maldonado,Chrome · Base,4
Cameron Maldonado,Chrome · Purple /250,3
Cameron Maldonado,Chrome · Purple /250 · Auto,3
Cameron Maldonado,Chrome · Blue /150,2
Cameron Maldonado,Chrome · Gold /50 · Auto,2
Cameron Maldonado,Chrome · Red /5 · Auto,2
Cameron Maldonado,Chrome · Green /99 · Auto,2
Cameron Maldonado,Chrome · Green /99,2
Cameron Maldonado,Chrome · Black /73 · Auto,2
Cameron Maldonado,Chrome · Speckle Refractor · Auto,2
Cameron Maldonado,Chrome · Aqua Reptilian,1
Cameron Maldonado,Snack-Pack,1
Cameron Millar,Base-Paper,8
Cameron Millar,Chrome · Auto,19
Cameron Millar,Chrome · Refractor,8
Cameron Millar,Chrome · Base,6
Cameron Millar,Chrome · Purple /250 · Auto,6
Cameron Millar,Chrome · Blue /150 · Auto,5
Cameron Millar,Chrome · Yellow /75 · Auto,4
Cameron Millar,Chrome · Sky Blue /499,3
Cameron Millar,Chrome · True Black /10 · Auto,3
Cameron Millar,Chrome · Green /99,3
Cameron Millar,Chrome · Orange /25,2
Cameron Millar,Chrome · Purple /250,2
Cameron Millar,Chrome · Fuchsia Reptilian /199 · Auto,2
Cameron Millar,Chrome · Gold /50 · Auto,2
Cameron Millar,Chrome · Yellow /75,2
Cameron Millar,Chrome · Aqua /125,2
Cameron Millar,Chrome · Green /99 · Auto,2
Cameron Millar,Chrome · Fuchsia Reptilian /199,2
Cameron Millar,Chrome · Sky Blue /499 · Auto,2
Cameron Millar,Chrome · Parallel · Auto,1
Cameron Millar,Chrome · Steel Metal /100,1
Cameron Millar,Snack-Pack,4
Cameron Nelson,Base-Paper,18
Cameron Nelson,Chrome · Auto,24
Cameron Nelson,Chrome · Refractor,23
Cameron Nelson,Chrome · Base,16
Cameron Nelson,Chrome · Sparkle · Auto,6
Cameron Nelson,Chrome · Purple /250 · Auto,6
Cameron Nelson,Chrome · Sky Blue /499 · Auto,6
Cameron Nelson,Chrome · Steel Metal /100,4
Cameron Nelson,Chrome · Blue /150 · Auto,3
Cameron Nelson,Chrome · Blue /150,3
Cameron Nelson,Chrome · Purple /250,2
Cameron Nelson,Chrome · Yellow /75 · Auto,2
Cameron Nelson,Chrome · Aqua /125 · Auto,2
Cameron Nelson,Chrome · Gold /50 · Auto,2
Cameron Nelson,Chrome · Gold /50,2
Cameron Nelson,Chrome · Sky Blue /499,2
Cameron Nelson,Chrome · Red /5 · Auto,2
Cameron Nelson,Chrome · Logo Refractor /35,1
Cameron Nelson,Snack-Pack,4
Carlos Lagrange,Base-Paper,11
Carlos Lagrange,Chrome · Refractor,22
Carlos Lagrange,Chrome · Base,7
Carlos Lagrange,Chrome · Green /99,4
Carlos Lagrange,Chrome · Aqua Reptilian,4
Carlos Lagrange,Chrome · Logo Refractor /35,4
Carlos Lagrange,Chrome · Purple /250,2
Carlos Lagrange,Chrome · Fuchsia Reptilian /199,2
Carlos Lagrange,Chrome · Gold /50,2
Carson Benge,Base-Paper,16
Carson Benge,Bowman In Action,10
Carson Benge,Bowman In Action · Mini Diamond /150,4
Carson Benge,Chrome · Refractor,32
Carson Benge,Chrome · Base,17
Carson Benge,Chrome · Green /99,9
Carson Benge,Chrome · Sky Blue /499,6
Carson Benge,Chrome · X-Fractor,6
Carson Benge,Chrome · Blue /150,3
Carson Benge,Chrome · Aqua /125,2
Carson Benge,Chrome · Purple /250,2
Carson Benge,Chrome · Aqua Reptilian,2
Carson Benge,Snack-Pack,2
Charles Davalan,Base-Paper,22
Charles Davalan,Chrome · Auto,27
Charles Davalan,Chrome · Refractor,16
Charles Davalan,Chrome · Base,13
Charles Davalan,Chrome · Sky Blue /499,9
Charles Davalan,Chrome · Green /99,9
Charles Davalan,Chrome · Blue /150 · Auto,6
Charles Davalan,Chrome · Aqua /125,6
Charles Davalan,Chrome · Aqua /125 · Auto,5
Charles Davalan,Chrome · X-Fractor,3
Charles Davalan,Chrome · Fuchsia Reptilian /199,3
Charles Davalan,Chrome · Steel Metal /100,2
Charles Davalan,Chrome · Purple /250 · Auto,2
Charles Davalan,Chrome · Sky Blue /499 · Auto,2
Charles Davalan,Chrome · Parallel · Auto,2
Charles Davalan,Chrome · Orange /25 · Auto,2
Charles Davalan,Chrome · Yellow /75 · Auto,2
Charles Davalan,Chrome · Gold /50 · Auto,2
Charles Davalan,Chrome Prospect College Variations,2
Charles Davalan,Chrome Prospect College Variations · Red /5,2
Charles Davalan,Etched in Glass,6
Charles Davalan,Snack-Pack,4
Charlie Condon,Base-Paper,26
Charlie Condon,Bowman In Action,12
Charlie Condon,Bowman In Action · Mini Diamond /150,4
Charlie Condon,Chrome · Refractor,24
Charlie Condon,Chrome · Base,19
Charlie Condon,Chrome · Sky Blue /499,10
Charlie Condon,Chrome · Green /99,3
Charlie Condon,Chrome · Sparkle,3
Charlie Condon,Chrome · Green /99 · Auto,2
Charlie Condon,Chrome · Yellow /75,2
Charlie Condon,Chrome · Aqua /125,2
Charlie Condon,Chrome · X-Fractor,2
Charlie Condon,Chrome · Logo Refractor /35,2
Charlie Condon,Chrome · Steel Metal /100,1
Charlie Condon,Final Draft,10
Charlie Condon,Prized Prospects,39
Charlie Condon,Prized Prospects /99,2
Chase Shores,Base-Paper,13
Chase Shores,Chrome · Auto,16
Chase Shores,Chrome · Purple /250 · Auto,5
Chase Shores,Chrome · Blue /150,4
Chase Shores,Chrome · Sky Blue /499 · Auto,4
Chase Shores,Chrome · Sky Blue /499,4
Chase Shores,Chrome · Aqua /125 · Auto,4
Chase Shores,Chrome · Blue /150 · Auto,3
Chase Shores,Chrome · Green /99,3
Chase Shores,Chrome · Logo Refractor /35,2
Chase Shores,Chrome · Base,2
Chase Shores,Chrome · Refractor,2
Chase Shores,Chrome · Yellow /75,2
Chase Shores,Chrome · Fuchsia Reptilian /199,1
Chase Shores,Chrome · Speckle Refractor,1
Chase Shores,Chrome · Purple /250,1
Ching-Hsien Ko,Base-Paper,11
Ching-Hsien Ko,Chrome · Refractor,18
Ching-Hsien Ko,Chrome · Base,10
Ching-Hsien Ko,Chrome · Purple /250,7
Ching-Hsien Ko,Chrome · Blue /150,5
Ching-Hsien Ko,Chrome · Yellow /75,3
Ching-Hsien Ko,Chrome · Fuchsia Reptilian /199,2
Ching-Hsien Ko,Chrome · Steel Metal /100,2
Ching-Hsien Ko,Chrome · Orange /25,2
Ching-Hsien Ko,Chrome · Red /5,2
Ching-Hsien Ko,Chrome · Green /99,1
Christian Foutch,Base-Paper,16
Christian Foutch,Chrome · Base,10
Christian Foutch,Chrome · Red /5,10
Christian Foutch,Chrome · Refractor,9
Christian Foutch,Chrome · Purple /250,8
Christian Foutch,Chrome · Yellow /75,6
Christian Foutch,Chrome · Sky Blue /499,6
Christian Foutch,Chrome · Green /99,5
Christian Foutch,Chrome · X-Fractor,2
Christian Foutch,Chrome · Fuchsia Reptilian /199,2
Christian Foutch,Chrome · Speckle Refractor,1
Christian Foutch,Chrome · Aqua Reptilian,1
CJ Gray,Base-Paper,18
CJ Gray,Chrome · Refractor,14
CJ Gray,Chrome · Base,10
CJ Gray,Chrome · X-Fractor,6
CJ Gray,Chrome · Gold /50,4
CJ Gray,Chrome · Logo Refractor /35,2
CJ Gray,Chrome · Steel Metal /100,2
CJ Gray,Chrome · Fuchsia Reptilian /199,1
Cody Bowker,Base-Paper,6
Cody Bowker,Chrome · Refractor,9
Cody Bowker,Chrome · Base,2
Cody Bowker,Chrome · Sky Blue /499,2
Cody Bowker,Chrome · Green /99,1
Cody Bowker,Chrome · X-Fractor,1
Cody Miller,Base-Paper,16
Cody Miller,Chrome · Auto,17
Cody Miller,Chrome · Base,11
Cody Miller,Chrome · Refractor,4
Cody Miller,Chrome · Blue /150 · Auto,3
Cody Miller,Chrome · Sky Blue /499,3
Cody Miller,Chrome · Aqua /125,2
Cody Miller,Chrome · Red /5,2
Cody Miller,Chrome · Parallel,2
Cody Miller,Chrome · Yellow /75 · Auto,2
Cody Miller,Chrome · Green /99 · Auto,2
Cody Miller,Chrome · Green /99,1
Cody Miller,Chrome · Yellow /75,1
Cody Miller,Chrome · Sky Blue /499 · Auto,1
Cody Miller,Chrome · Steel Metal /100,1
Cody Miller,Snack-Pack,4
Colin Yeaman,Base-Paper,10
Colin Yeaman,Chrome · Auto,32
Colin Yeaman,Chrome · Refractor,23
Colin Yeaman,Chrome · Base,11
Colin Yeaman,Chrome · Sky Blue /499,7
Colin Yeaman,Chrome · Blue /150,6
Colin Yeaman,Chrome · Sky Blue /499 · Auto,4
Colin Yeaman,Chrome · Yellow /75 · Auto,4
Colin Yeaman,Chrome · Aqua Reptilian,3
Colin Yeaman,Chrome · Purple /250 · Auto,3
Colin Yeaman,Chrome · Yellow /75,2
Colin Yeaman,Chrome · Sparkle · Auto,2
Colin Yeaman,Chrome · Green /99,2
Colin Yeaman,Chrome · X-Fractor,2
Colin Yeaman,Chrome · Purple /250,2
Colin Yeaman,Chrome · Parallel · Auto,2
Colin Yeaman,Chrome · Aqua /125 · Auto,2
Colin Yeaman,Chrome · Green /99 · Auto,2
Colin Yeaman,Chrome · Red /5 · Auto,2
Colin Yeaman,Chrome · Blue /150 · Auto,2
Colin Yeaman,Chrome · Aqua /125,2
Colin Yeaman,Chrome · Orange /25,2
Colin Yeaman,Chrome · Orange /25 · Auto,2
Colin Yeaman,Chrome · Gold /50 · Auto,1
Colin Yeaman,Snack-Pack,3
Conor Essenburg,Base-Paper,12
Conor Essenburg,Chrome · Refractor,11
Conor Essenburg,Chrome · Base,7
Conor Essenburg,Chrome · Sky Blue /499 · Auto,6
Conor Essenburg,Chrome · Aqua /125 · Auto,6
Conor Essenburg,Chrome · Blue /150,4
Conor Essenburg,Chrome · Auto,4
Conor Essenburg,Chrome · Purple /250,3
Conor Essenburg,Chrome · Green /99,3
Conor Essenburg,Chrome · Blue /150 · Auto,3
Conor Essenburg,Chrome · Steel Metal /100,3
Conor Essenburg,Chrome · Gold /50,2
Conor Essenburg,Chrome · Yellow /75 · Auto,2
Conor Essenburg,Chrome · Fuchsia Reptilian /199,2
Conor Essenburg,Chrome · Fuchsia Reptilian /199 · Auto,2
Conor Essenburg,Chrome · Sparkle,2
Conor Essenburg,Chrome · Sky Blue /499,2
Conor Essenburg,Chrome · Purple /250 · Auto,2
Conor Essenburg,Chrome · Yellow /75,2
Conor Essenburg,Chrome · X-Fractor,1
Cooper Flemming,Base-Paper,18
Cooper Flemming,Chrome · Auto,27
Cooper Flemming,Chrome · Refractor,13
Cooper Flemming,Chrome · Base,9
Cooper Flemming,Chrome · Sky Blue /499,8
Cooper Flemming,Chrome · X-Fractor,8
Cooper Flemming,Chrome · Blue /150 · Auto,4
Cooper Flemming,Chrome · Purple /250 · Auto,4
Cooper Flemming,Chrome · Sky Blue /499 · Auto,3
Cooper Flemming,Chrome · Red /5,2
Cooper Flemming,Chrome · Sparkle,2
Cooper Flemming,Chrome · Gold /50,2
Cooper Flemming,Chrome · Gold /50 · Auto,2
Cooper Flemming,Chrome · Blue /150,2
Cooper Flemming,Chrome · Steel Metal /100,2
Cooper Flemming,Chrome · Yellow /75,1
Cooper Flemming,Chrome · Orange /25 · Auto,1
Cooper Flemming,Chrome · Parallel · Auto,1
Cooper Flemming,Chrome · Green /99 · Auto,1
Cooper Flemming,Snack-Pack,5
Cooper Pratt,Base-Paper,12
Cooper Pratt,Chrome · Refractor,23
Cooper Pratt,Chrome · Sky Blue /499,12
Cooper Pratt,Chrome · Base,8
Cooper Pratt,Chrome · Blue /150,4
Cooper Pratt,Chrome · Aqua /125,3
Cooper Pratt,Chrome · Purple /250,2
Cooper Pratt,Chrome · Fuchsia Reptilian /199,2
Cooper Pratt,Chrome · X-Fractor,1
Dakota Jordan,Base-Paper,6
Dakota Jordan,Chrome · Refractor,17
Dakota Jordan,Chrome · Base,12
Dakota Jordan,Chrome · Blue /150,4
Dakota Jordan,Chrome · Fuchsia Reptilian /199,2
Dakota Jordan,Chrome · Green /99,2
Dakota Jordan,Chrome · Sky Blue /499,2
Dakota Jordan,Chrome · Gold /50,1
Dakota Jordan,Chrome · Aqua /125,1
Dante Nori,Base-Paper,20
Dante Nori,Chrome · Refractor,16
Dante Nori,Chrome · Base,4
Dante Nori,Chrome · Blue /150,2
Dante Nori,Chrome · Sky Blue /499,2
Dante Nori,Chrome · Steel Metal /100 · Auto,2
Dante Nori,Chrome · Gold /50,1
Dante Nori,Chrome · Purple /250,1
Dax Kilby,Base-Paper,48
Dax Kilby,Bowman In Action,10
Dax Kilby,Bowman In Action · Green /99,4
Dax Kilby,Bowman In Action · Blue /150,2
Dax Kilby,Chrome · Auto,52
Dax Kilby,Chrome · Refractor,43
Dax Kilby,Chrome · Base,30
Dax Kilby,Chrome · Sky Blue /499,21
Dax Kilby,Chrome · X-Fractor,8
Dax Kilby,Chrome · Green /99,6
Dax Kilby,Chrome · Yellow /75 · Auto,6
Dax Kilby,Chrome · Green /99 · Auto,6
Dax Kilby,Chrome · Sky Blue /499 · Auto,5
Dax Kilby,Chrome · Sparkle · Auto,5
Dax Kilby,Chrome · Purple /250,4
Dax Kilby,Chrome · Steel Metal /100,4
Dax Kilby,Chrome · Blue /150 · Auto,4
Dax Kilby,Chrome · Blue /150,2
Dax Kilby,Chrome · Speckle Refractor,2
Dax Kilby,Chrome · Fuchsia Reptilian /199,2
Dax Kilby,Chrome · Printing Plate,2
Dax Kilby,Chrome · Purple /250 · Auto,2
Dax Kilby,Chrome · Gold /50 · Auto,2
Dax Kilby,Chrome · Magenta Printing Plate,2
Dax Kilby,Chrome · Gold /50,1
Dax Kilby,Chrome · Orange /25 · Auto,1
Dax Kilby,Prized Prospects,31
Dax Kilby,Prized Prospects · Orange /25,2
Dax Kilby,Prized Prospects · Gold /50,1
Dax Kilby,Prized Prospects /250,2
Dax Kilby,Snack-Pack,2
Dean Curley,Base-Paper,16
Dean Curley,Chrome · Auto,31
Dean Curley,Chrome · Refractor,19
Dean Curley,Chrome · Base,12
Dean Curley,Chrome · Sky Blue /499 · Auto,8
Dean Curley,Chrome · Aqua /125,6
Dean Curley,Chrome · Green /99,4
Dean Curley,Chrome · Orange /25,4
Dean Curley,Chrome · Blue /150,4
Dean Curley,Chrome · Speckle Refractor,2
Dean Curley,Chrome · Aqua /125 · Auto,2
Dean Curley,Chrome · Steel Metal /100,2
Dean Curley,Chrome · Purple /250 · Auto,2
Dean Curley,Chrome · Mini Diamond,2
Dean Curley,Chrome · Fuchsia Reptilian /199,2
Dean Curley,Chrome · Gold /50 · Auto,2
Dean Curley,Chrome · Sky Blue /499,2
Dean Curley,Chrome · Green /99 · Auto,1
Dean Curley,Chrome · Yellow /75,1
Dean Curley,Chrome · Blue /150 · Auto,1
Dean Curley,Chrome · Red /5,1
Dean Curley,Chrome Prospect College Variations · Red /5,2
Dean Curley,Image Variations,4
Dean Curley,Snack-Pack,4
Dean Livingston,Base-Paper,16
Dean Livingston,Chrome · Auto,26
Dean Livingston,Chrome · Refractor,20
Dean Livingston,Chrome · Green /99,8
Dean Livingston,Chrome · Sky Blue /499 · Auto,8
Dean Livingston,Chrome · Base,4
Dean Livingston,Chrome · Blue /150 · Auto,4
Dean Livingston,Chrome · Yellow /75,4
Dean Livingston,Chrome · Sky Blue /499,4
Dean Livingston,Chrome · X-Fractor · Auto,2
Dean Livingston,Chrome · Fuchsia Reptilian · Wave /199 · Auto,2
Dean Livingston,Chrome · Fuchsia Reptilian /199,2
Dean Livingston,Chrome · Purple /250 · Auto,2
Dean Livingston,Chrome · Blue /150,2
Dean Livingston,Chrome · Yellow /75 · Auto,1
Dean Moss,Base-Paper,22
Dean Moss,Chrome · Auto,31
Dean Moss,Chrome · Refractor,19
Dean Moss,Chrome · Sky Blue /499,11
Dean Moss,Chrome · Sky Blue /499 · Auto,9
Dean Moss,Chrome · Aqua /125 · Auto,8
Dean Moss,Chrome · Base,7
Dean Moss,Chrome · Yellow /75,6
Dean Moss,Chrome · Purple /250,5
Dean Moss,Chrome · Blue /150 · Auto,5
Dean Moss,Chrome · Fuchsia Reptilian /199,3
Dean Moss,Chrome · Gold /50 · Auto,3
Dean Moss,Chrome · Gold /50,2
Dean Moss,Chrome · Red /5 · Auto,2
Dean Moss,Chrome · Green /99 · Auto,2
Dean Moss,Chrome · Green /99,2
Dean Moss,Chrome · Purple /250 · Auto,2
Dean Moss,Chrome · Printing Plate · Auto,2
Dean Moss,Chrome · Orange /25 · Auto,1
Dean Moss,Snack-Pack,2
Devin Taylor,Base-Paper,22
Devin Taylor,Chrome · Auto,58
Devin Taylor,Chrome · Refractor,21
Devin Taylor,Chrome · Base,11
Devin Taylor,Chrome · Sky Blue /499,6
Devin Taylor,Chrome · Blue /150 · Auto,6
Devin Taylor,Chrome · Purple /250 · Auto,5
Devin Taylor,Chrome · Sky Blue /499 · Auto,5
Devin Taylor,Chrome · Blue /150,4
Devin Taylor,Chrome · Parallel · Auto,4
Devin Taylor,Chrome · Fuchsia Reptilian /199 · Auto,4
Devin Taylor,Chrome · Steel Metal /100,2
Devin Taylor,Chrome · Aqua /125,2
Devin Taylor,Chrome · Black Geometric /10 · Auto,2
Devin Taylor,Chrome · Green /99,1
Devin Taylor,Chrome · X-Fractor,1
Devin Taylor,Chrome · Gold /50,1
Devin Taylor,Snack-Pack,2
Dominic Fritton,Base-Paper,10
Dominic Fritton,Chrome · Refractor,28
Dominic Fritton,Chrome · Base,13
Dominic Fritton,Chrome · Sky Blue /499,9
Dominic Fritton,Chrome · Green /99,8
Dominic Fritton,Chrome · Blue /150,5
Dominic Fritton,Chrome · Gold /50,4
Dominic Fritton,Chrome · Steel Metal /100,4
Dominic Fritton,Chrome · Yellow /75,2
Dominic Fritton,Chrome · Purple /250,2
Dominic Fritton,Chrome · Aqua Reptilian,2
Dominick Reid,Base-Paper,12
Dominick Reid,Chrome · Purple /250,14
Dominick Reid,Chrome · Refractor,13
Dominick Reid,Chrome · Red /5,4
Dominick Reid,Chrome · Green /99,3
Dominick Reid,Chrome · Orange /25,2
Dominick Reid,Chrome · X-Fractor,2
Dominick Reid,Chrome · Steel Metal /100,2
Dominick Reid,Chrome · Base,2
Dominick Reid,Chrome · Blue /150,2
Dominick Reid,Chrome · Aqua /125,1
Easton Carmichael,Base-Paper,5
Easton Carmichael,Chrome · Auto,25
Easton Carmichael,Chrome · Refractor,9
Easton Carmichael,Chrome · Base,4
Easton Carmichael,Chrome · Purple /250,2
Easton Carmichael,Chrome · Aqua Reptilian,2
Easton Carmichael,Chrome · Blue /150,2
Easton Carmichael,Chrome · Parallel · Auto,2
Easton Carmichael,Chrome · Sky Blue /499 · Auto,1
Easton Carmichael,Chrome · Yellow /75,1
Easton Carmichael,Chrome · Orange /25,1
Easton Carmichael,Chrome · Superfractor,1
Easton Carmichael,Chrome · Yellow /75 · Auto,1
Easton Carmichael,Snack-Pack,4
Eduardo Quintero,Base-Paper,12
Eduardo Quintero,Bowman In Action,13
Eduardo Quintero,Bowman In Action · Green /99,2
Eduardo Quintero,Bowman In Action · Orange /25,1
Eduardo Quintero,Chrome · Refractor,26
Eduardo Quintero,Chrome · Base,18
Eduardo Quintero,Chrome · Sky Blue /499,8
Eduardo Quintero,Chrome · Purple /250 · Auto,6
Eduardo Quintero,Chrome · Gold /50,6
Eduardo Quintero,Chrome · Steel Metal /100,4
Eduardo Quintero,Chrome · Aqua /125,4
Eduardo Quintero,Chrome · Aqua Reptilian,3
Eduardo Quintero,Chrome · Green /99 · Auto,3
Eduardo Quintero,Chrome · Gold /50 · Auto,3
Eduardo Quintero,Chrome · Red /5 · Auto,2
Eduardo Quintero,Chrome · Yellow Printing Plate,2
Eduardo Quintero,Chrome · Fuchsia Reptilian /199,2
Eduardo Tait,Base-Paper,10
Eduardo Tait,Chrome · Base,19
Eduardo Tait,Chrome · Refractor,10
Eduardo Tait,Chrome · Sky Blue /499,9
Eduardo Tait,Chrome · Gold /50,4
Eduardo Tait,Chrome · Green /99,4
Eduardo Tait,Chrome · Yellow /75,2
Eduardo Tait,Chrome · Logo Refractor /35,2
Eduardo Tait,Chrome · Steel Metal /100,2
Eduardo Tait,Chrome · Black /73,2
Eduardo Tait,Snack-Pack,3
Eli Willits,Base-Paper,89
Eli Willits,Bowman Axis · Base,26
Eli Willits,Bowman Axis · Orange,4
Eli Willits,Bowman Axis · Mini Diamond,2
Eli Willits,Bowman Axis · Parallel,1
Eli Willits,Bowman Draft Night,61
Eli Willits,Bowman Draft Night · Gold /50,9
Eli Willits,Bowman Draft Night · Mini Diamond /150,6
Eli Willits,Bowman Draft Night · Gold /50 · Mini Diamond · Auto,3
Eli Willits,Bowman Draft Night /250,2
Eli Willits,Bowman Draft Night /99 · Auto,3
Eli Willits,Bowman In Action,32
Eli Willits,Bowman In Action · Gold /50,3
Eli Willits,Bowman In Action · Green /99,1
Eli Willits,Bowman In Action /75 · Auto,2
Eli Willits,Bowman Spotlight,5
Eli Willits,Chrome · Refractor,97
Eli Willits,Chrome · Base,92
Eli Willits,Chrome · Auto,44
Eli Willits,Chrome · Green /99 · Auto,31
Eli Willits,Chrome · Sky Blue /499,15
Eli Willits,Chrome · Blue /150,14
Eli Willits,Chrome · Purple /250 · Auto,13
Eli Willits,Chrome · Purple /250,10
Eli Willits,Chrome · Sky Blue /499 · Auto,9
Eli Willits,Chrome · X-Fractor,8
Eli Willits,Chrome · Green /99,8
Eli Willits,Chrome · Aqua /125,5
Eli Willits,Chrome · Speckle Refractor,4
Eli Willits,Chrome · Gold /50,4
Eli Willits,Chrome · Aqua Reptilian,4
Eli Willits,Chrome · Gold /50 · Auto,4
Eli Willits,Chrome · Blue /150 · Auto,4
Eli Willits,Chrome · Orange /25,3
Eli Willits,Chrome · Fuchsia Reptilian /199 · Auto,3
Eli Willits,Chrome · Yellow /75,3
Eli Willits,Chrome · Fuchsia Reptilian /199,3
Eli Willits,Chrome · Yellow /75 · Auto,2
Eli Willits,Chrome · Aqua /125 · Auto,1
Eli Willits,Chrome · Parallel · Auto,1
Eli Willits,Chrome · Orange /25 · Auto,1
Eli Willits,Chrome · Sapphire,1
Eli Willits,Crystallized · Gold /50,5
Eli Willits,Crystallized · Orange /25,1
Eli Willits,Etched in Glass,20
Eli Willits,Final Draft,8
Eli Willits,Image Variations,13
Eli Willits,Image Variations · Green · Auto,2
Eli Willits,Image Variations · Purple · Auto,1
Eli Willits,Prized Prospects,58
Eli Willits,Prized Prospects · Green /99,4
Eli Willits,Prized Prospects · Mini Diamond /150,2
Eli Willits,Prized Prospects · Gold /50,1
Eli Willits,Prized Prospects · Blue /150,1
Eli Willits,Prized Prospects /250,4
Eli Willits,Prized Prospects /99 · Auto,1
Eli Willits,Snack-Pack,1
Elian Peña,Base-Paper,6
Elian Peña,Chrome · Refractor,14
Elian Peña,Chrome · Green /99,6
Elian Peña,Chrome · Purple /250 · Auto,4
Elian Peña,Chrome · Base,3
Elian Peña,Chrome · Green /99 · Auto,3
Enrique Bradfield Jr.,Base-Paper,12
Enrique Bradfield Jr.,Chrome · Refractor,24
Enrique Bradfield Jr.,Chrome · Base,12
Enrique Bradfield Jr.,Chrome · Yellow /75,4
Enrique Bradfield Jr.,Chrome · Green /99,4
Enrique Bradfield Jr.,Chrome · Steel Metal /100,4
Enrique Bradfield Jr.,Chrome · Sky Blue /499,2
Enrique Bradfield Jr.,Chrome · Mini Diamond,2
Enrique Bradfield Jr.,Chrome · Fuchsia Reptilian /199,2
Enrique Bradfield Jr.,Chrome · X-Fractor,2
Esmerlyn Valdez,Base-Paper,4
Esmerlyn Valdez,Chrome · Refractor,11
Esmerlyn Valdez,Chrome · Base,9
Esmerlyn Valdez,Chrome · Sky Blue /499,4
Esmerlyn Valdez,Chrome · Blue /150,4
Esmerlyn Valdez,Chrome · Purple /250,2
Esmerlyn Valdez,Chrome · Green /99,2
Esmerlyn Valdez,Chrome · Logo Refractor /35,2
Esmerlyn Valdez,Chrome · Aqua Reptilian,2
Esmerlyn Valdez,Chrome · Aqua /125,2
Esmerlyn Valdez,Chrome · Steel Metal /100,1
Esmerlyn Valdez,Snack-Pack,4
Ethan Conrad,Base-Paper,29
Ethan Conrad,Chrome · Auto,42
Ethan Conrad,Chrome · Refractor,30
Ethan Conrad,Chrome · Base,29
Ethan Conrad,Chrome · Blue /150 · Auto,8
Ethan Conrad,Chrome · Gold /50 · Auto,7
Ethan Conrad,Chrome · Blue /150,6
Ethan Conrad,Chrome · Sky Blue /499 · Auto,6
Ethan Conrad,Chrome · Purple /250 · Auto,5
Ethan Conrad,Chrome · X-Fractor,4
Ethan Conrad,Chrome · Yellow /75,4
Ethan Conrad,Chrome · Fuchsia Reptilian /199,4
Ethan Conrad,Chrome · Sparkle · Auto,4
Ethan Conrad,Chrome · Orange /25 · Auto,3
Ethan Conrad,Chrome · Green /99,2
Ethan Conrad,Chrome · Magenta Printing Plate,2
Ethan Conrad,Chrome · Green /99 · Auto,2
Ethan Conrad,Chrome · Orange /25,2
Ethan Conrad,Chrome · X-Fractor · Auto,1
Ethan Conrad,Chrome · Aqua /125,1
Ethan Conrad,Etched in Glass,11
Ethan Frey,Base-Paper,7
Ethan Frey,Chrome · Auto,25
Ethan Frey,Chrome · Refractor,11
Ethan Frey,Chrome · Green /99 · Auto,6
Ethan Frey,Chrome · Sky Blue /499 · Auto,5
Ethan Frey,Chrome · Gold /50 · Auto,4
Ethan Frey,Chrome · Green /99,2
Ethan Frey,Chrome · Logo Refractor /35,2
Ethan Frey,Chrome · Yellow /75 · Auto,2
Ethan Frey,Chrome · Aqua /125 · Auto,2
Ethan Frey,Chrome · Fuchsia Reptilian /199,1
Ethan Frey,Snack-Pack,2
Ethan Hedges,Base-Paper,16
Ethan Hedges,Chrome · Auto,30
Ethan Hedges,Chrome · Base,21
Ethan Hedges,Chrome · Refractor,16
Ethan Hedges,Chrome · Sky Blue /499 · Auto,8
Ethan Hedges,Chrome · Yellow /75,7
Ethan Hedges,Chrome · Blue /150 · Auto,7
Ethan Hedges,Chrome · Purple /250 · Auto,6
Ethan Hedges,Chrome · Gold /50 · Auto,5
Ethan Hedges,Chrome · Green /99,4
Ethan Hedges,Chrome · Parallel · Auto,4
Ethan Hedges,Chrome · X-Fractor,4
Ethan Hedges,Chrome · Steel Metal /100,4
Ethan Hedges,Chrome · Aqua /125 · Auto,2
Ethan Hedges,Chrome · Fuchsia Reptilian /199 · Auto,2
Ethan Hedges,Chrome · Gold /50,2
Ethan Hedges,Chrome · Speckle /71 · Auto,2
Ethan Hedges,Chrome · Sky Blue /499,1
Ethan Hedges,Snack-Pack,2
Ethan Petry,Base-Paper,20
Ethan Petry,Chrome · Refractor,23
Ethan Petry,Chrome · Blue /150 · Auto,10
Ethan Petry,Chrome · Auto,5
Ethan Petry,Chrome · Base,5
Ethan Petry,Chrome · Purple /250 · Auto,5
Ethan Petry,Chrome · Purple /250,4
Ethan Petry,Chrome · Yellow /75 · Auto,4
Ethan Petry,Chrome · X-Fractor,3
Ethan Petry,Chrome · Sky Blue /499,3
Ethan Petry,Chrome · Green /99,2
Ethan Petry,Chrome · Fuchsia Reptilian /199,2
Ethan Petry,Chrome · Sparkle · Auto,2
Ethan Petry,Chrome · Yellow /75,2
Ethan Petry,Chrome · Blue /150,2
Ethan Petry,Chrome · Aqua /125,2
Ethan Petry,Chrome · X-Fractor · Auto,2
Ethan Petry,Chrome · Orange /25,1
Ethan Petry,Chrome · Gold /50 · Auto,1
Ethan Petry,Chrome · Red /5 · Auto,1
Ethan Petry,Snack-Pack,2
Felnin Celesten,Base-Paper,28
Felnin Celesten,Bowman In Action,1
Felnin Celesten,Chrome · Refractor,40
Felnin Celesten,Chrome · Base,22
Felnin Celesten,Chrome · Sky Blue /499,5
Felnin Celesten,Chrome · X-Fractor,4
Felnin Celesten,Chrome · Green /99,4
Felnin Celesten,Chrome · Yellow /75,4
Felnin Celesten,Chrome · Blue /150,4
Felnin Celesten,Chrome · Aqua Reptilian,3
Felnin Celesten,Chrome · Purple /250,2
Felnin Celesten,Chrome · Mini Diamond,1
Felnin Celesten,Chrome · Aqua /125,1
Felnin Celesten,Chrome · Fuchsia Reptilian /199,1
Franklin Arias,Base-Paper,10
Franklin Arias,Bowman In Action · Red /5,10
Franklin Arias,Bowman In Action · Mini Diamond /150,4
Franklin Arias,Bowman In Action,3
Franklin Arias,Chrome · Refractor,14
Franklin Arias,Chrome · Base,11
Franklin Arias,Chrome · Red /5,9
Franklin Arias,Chrome · Gold /50 · Auto,4
Franklin Arias,Chrome · Purple /250 · Auto,4
Franklin Arias,Chrome · X-Fractor,4
Franklin Arias,Chrome · Speckle Refractor,2
Franklin Arias,Chrome · Purple /250,2
Franklin Arias,Chrome · Green /99,2
Franklin Arias,Chrome · Sky Blue /499,2
Franklin Arias,Chrome · Gold /50,2
Franklin Arias,Chrome · Yellow /75,2
Franklin Arias,Chrome · Fuchsia Reptilian /199,2
Franklin Arias,Final Draft,3
Gabe Davis,Base-Paper,16
Gabe Davis,Chrome · Refractor,28
Gabe Davis,Chrome · Base,14
Gabe Davis,Chrome · Gold /50,2
Gabe Davis,Chrome · X-Fractor,2
Gabe Davis,Chrome · Blue /150,2
Gabe Davis,Chrome · Yellow /75,1
Gage Wood,Base-Paper,27
Gage Wood,Chrome · Base,26
Gage Wood,Chrome · Auto,23
Gage Wood,Chrome · Refractor,18
Gage Wood,Chrome · Sky Blue /499,14
Gage Wood,Chrome · Purple /250 · Auto,8
Gage Wood,Chrome · Sky Blue /499 · Auto,8
Gage Wood,Chrome · X-Fractor,8
Gage Wood,Chrome · Green /99,5
Gage Wood,Chrome · Fuchsia Reptilian /199,4
Gage Wood,Chrome · Blue /150 · Auto,4
Gage Wood,Chrome · Steel Metal /100,4
Gage Wood,Chrome · Gold /50 · Auto,4
Gage Wood,Chrome · Orange /25 · Auto,3
Gage Wood,Chrome · Sparkle · Auto,2
Gage Wood,Chrome · Red /5,2
Gage Wood,Chrome · Green /99 · Auto,2
Gage Wood,Chrome · True Black /10,2
Gage Wood,Chrome · Aqua /125 · Auto,2
Gage Wood,Chrome · Blue /150,2
Gage Wood,Chrome · Yellow /75 · Auto,1
Gage Wood,Chrome · Aqua /125,1
Gage Wood,Chrome Prospect College Variations · Gold /50,4
Gage Wood,Chrome Prospect College Variations · Orange /25,2
Gage Wood,Chrome Prospect College Variations,2
Gage Wood,Chrome Prospect College Variations · Black /73,2
Gage Wood,Etched in Glass,3
Gage Wood,Image Variations,1
Gavin Fien,Base-Paper,40
Gavin Fien,Bowman Draft Night,43
Gavin Fien,Bowman Draft Night · Gold /50,6
Gavin Fien,Bowman Draft Night · Mini Diamond /150,4
Gavin Fien,Bowman Draft Night /250,2
Gavin Fien,Bowman Draft Night /99 · Auto,4
Gavin Fien,Bowman In Action,40
Gavin Fien,Bowman In Action · Orange /25,3
Gavin Fien,Bowman In Action · Wave /75 · Auto,2
Gavin Fien,Bowman In Action · Gold /50 · Auto,2
Gavin Fien,Bowman In Action /75 · Auto,2
Gavin Fien,Bowman Spotlight,3
Gavin Fien,Chrome · Refractor,34
Gavin Fien,Chrome · Base,28
Gavin Fien,Chrome · Auto,18
Gavin Fien,Chrome · Sky Blue /499 · Auto,10
Gavin Fien,Chrome · Purple /250 · Auto,10
Gavin Fien,Chrome · Sky Blue /499,8
Gavin Fien,Chrome · X-Fractor,7
Gavin Fien,Chrome · Blue /150 · Auto,4
Gavin Fien,Chrome · Yellow /75 · Auto,4
Gavin Fien,Chrome · Green /99,4
Gavin Fien,Chrome · Logo Refractor /35,3
Gavin Fien,Chrome · Yellow /75,3
Gavin Fien,Chrome · Green /99 · Auto,3
Gavin Fien,Chrome · Aqua /125 · Auto,3
Gavin Fien,Chrome · Orange /25,2
Gavin Fien,Chrome · Steel Metal /100,2
Gavin Fien,Chrome · Red /5,2
Gavin Fien,Chrome · Purple /250,2
Gavin Fien,Chrome · Aqua Reptilian,1
Gavin Fien,Chrome · Blue /150,1
Gavin Fien,Chrome · Red /5 · Auto,1
Gavin Fien,Chrome · Black Printing Plate,1
Gavin Fien,Chrome · Fuchsia Reptilian /199,1
Gavin Fien,Crystallized,2
Gavin Fien,Crystallized · Black /73,2
Gavin Fien,Crystallized · Red /5,1
Gavin Fien,Etched in Glass,9
Gavin Fien,Final Draft,6
Gavin Kilen,Base-Paper,37
Gavin Kilen,Bowman Axis · Base,44
Gavin Kilen,Bowman Axis · Green,2
Gavin Kilen,Bowman In Action,5
Gavin Kilen,Bowman In Action · Gold /50,2
Gavin Kilen,Bowman In Action · Mini Diamond,1
Gavin Kilen,Bowman In Action /99 · Auto,1
Gavin Kilen,Chrome · Refractor,36
Gavin Kilen,Chrome · Base,33
Gavin Kilen,Chrome · Auto,30
Gavin Kilen,Chrome · Sky Blue /499,10
Gavin Kilen,Chrome · Green /99,10
Gavin Kilen,Chrome · Gold /50 · Auto,8
Gavin Kilen,Chrome · X-Fractor,6
Gavin Kilen,Chrome · Blue /150,4
Gavin Kilen,Chrome · Orange /25 · Auto,3
Gavin Kilen,Chrome · Blue /150 · Auto,3
Gavin Kilen,Chrome · Gold /50,2
Gavin Kilen,Chrome · Purple /250,2
Gavin Kilen,Chrome · Red /5,2
Gavin Kilen,Chrome · Orange /25,2
Gavin Kilen,Chrome · Mini Diamond,2
Gavin Kilen,Chrome · Purple /250 · Auto,2
Gavin Kilen,Chrome · Sparkle,2
Gavin Kilen,Chrome · Sky Blue /499 · Auto,1
Gavin Kilen,Chrome · Fuchsia Reptilian /199 · Auto,1
Gavin Kilen,Chrome · Mini Diamond · Auto,1
Gavin Kilen,Chrome · Green /99 · Auto,1
Gavin Kilen,Chrome · Fuchsia Reptilian /199,1
Gavin Kilen,Chrome Prospect College Variations · Orange /25,1
Gavin Kilen,Etched in Glass,4
Gavin Kilen,Final Draft,2
Gavin Kilen,Image Variations,4
Gavin Kilen,Prized Prospects,58
Gavin Kilen,Prized Prospects · Gold /50,2
Gavin Kilen,Prized Prospects · Green /99,2
Gavin Kilen,Prized Prospects /150,1
Gavin Kilen,Prized Prospects /250,6
Gavin Kilen,Snack-Pack,1
Gavin Turley,Base-Paper,18
Gavin Turley,Chrome · Refractor,10
Gavin Turley,Chrome · Base,6
Gavin Turley,Chrome · Green /99,4
Gavin Turley,Chrome · X-Fractor,4
Gavin Turley,Chrome · Gold /50,3
Gavin Turley,Chrome · Sky Blue /499,2
Gavin Turley,Chrome · Purple /250,2
Gavin Turley,Chrome · Red /5,2
Gavin Turley,Chrome · Aqua Reptilian,2
George Lombard Jr.,Base-Paper,18
George Lombard Jr.,Bowman In Action,18
George Lombard Jr.,Bowman In Action · Gold /50,3
George Lombard Jr.,Bowman In Action · Orange /25 · Auto,2
George Lombard Jr.,Bowman In Action · Gold /50 · Auto,2
George Lombard Jr.,Bowman In Action · Wave /75 · Auto,1
George Lombard Jr.,Chrome · Refractor,27
George Lombard Jr.,Chrome · Base,16
George Lombard Jr.,Chrome · Sky Blue /499,6
George Lombard Jr.,Chrome · Green /99,4
George Lombard Jr.,Chrome · Blue /150,4
George Lombard Jr.,Chrome · Steel Metal /100,2
George Lombard Jr.,Chrome · Gold /50,2
George Lombard Jr.,Chrome · Green /99 · Auto,2
George Lombard Jr.,Chrome · Purple /250,2
George Lombard Jr.,Chrome · Yellow /75,2
George Lombard Jr.,Chrome · Fuchsia Reptilian /199,2
George Lombard Jr.,Prized Prospects,45
George Lombard Jr.,Prized Prospects /250,2
George Lombard Jr.,Prized Prospects /50,3
George Lombard Jr.,Prized Prospects /99,2
George Lombard Jr.,Snack-Pack,1
Grant Richardson,Base-Paper,14
Grant Richardson,Chrome · Refractor,20
Grant Richardson,Chrome · Gold /50,6
Grant Richardson,Chrome · Base,6
Grant Richardson,Chrome · Sky Blue /499,5
Grant Richardson,Chrome · Blue /150,4
Grant Richardson,Chrome · X-Fractor,3
Grant Richardson,Chrome · Sparkle,2
Grant Richardson,Chrome · Aqua /125,2
Grant Richardson,Chrome · Logo Refractor /35,2
Grant Richardson,Chrome · Purple /250,1
Griffin Hugus,Base-Paper,27
Griffin Hugus,Chrome · Auto,53
Griffin Hugus,Chrome · Refractor,51
Griffin Hugus,Chrome · Base,33
Griffin Hugus,Chrome · Purple /250 · Auto,15
Griffin Hugus,Chrome · Blue /150 · Auto,14
Griffin Hugus,Chrome · Yellow /75,11
Griffin Hugus,Chrome · Sky Blue /499 · Auto,10
Griffin Hugus,Chrome · Purple /250,8
Griffin Hugus,Chrome · Sky Blue /499,7
Griffin Hugus,Chrome · Yellow /75 · Auto,6
Griffin Hugus,Chrome · Aqua Reptilian,6
Griffin Hugus,Chrome · Green /99,5
Griffin Hugus,Chrome · X-Fractor,4
Griffin Hugus,Chrome · Sparkle · Auto,3
Griffin Hugus,Chrome · Aqua /125 · Auto,3
Griffin Hugus,Chrome · Green /99 · Auto,2
Griffin Hugus,Chrome · Blue /150,2
Griffin Hugus,Chrome · Aqua /125,2
Griffin Hugus,Chrome · Steel Metal /100,2
Griffin Hugus,Chrome · Gold /50,1
Griffin Hugus,Chrome · Fuchsia Reptilian /199,1
Griffin Hugus,Chrome · Orange /25 · Auto,1
Griffin Hugus,Chrome · Speckle /71 · Auto,1
Griffin Hugus,Chrome · Black /73,1
Griffin Hugus,Chrome · Logo Refractor /35,1
Griffin Hugus,Snack-Pack,1
Gustavo Melendez,Base-Paper,8
Gustavo Melendez,Chrome · Auto,21
Gustavo Melendez,Chrome · Refractor,14
Gustavo Melendez,Chrome · Sky Blue /499 · Auto,6
Gustavo Melendez,Chrome · Green /99,5
Gustavo Melendez,Chrome · Speckle Refractor,4
Gustavo Melendez,Chrome · Gold /50,4
Gustavo Melendez,Chrome · Yellow /75,4
Gustavo Melendez,Chrome · Base,4
Gustavo Melendez,Chrome · Blue /150 · Auto,4
Gustavo Melendez,Chrome · Sky Blue /499,3
Gustavo Melendez,Chrome · Aqua /125,3
Gustavo Melendez,Chrome · Aqua /125 · Auto,2
Gustavo Melendez,Chrome · Logo Refractor /35,2
Gustavo Melendez,Chrome · Purple /250 · Auto,2
Gustavo Melendez,Chrome · Red /5,2
Gustavo Melendez,Chrome · Orange /25,2
Gustavo Melendez,Chrome · X-Fractor · Auto,2
Gustavo Melendez,Chrome · Black /73 · Auto,2
Gustavo Melendez,Chrome · X-Fractor,1
Gustavo Melendez,Chrome · Gold /50 · Auto,1
Gustavo Melendez,Chrome · Superfractor,1
Hagen Smith,Base-Paper,10
Hagen Smith,Chrome · Refractor,24
Hagen Smith,Chrome · Base,9
Hagen Smith,Chrome · Sky Blue /499,4
Hagen Smith,Chrome · Purple /250,2
Hagen Smith,Chrome · Green /99,2
Hagen Smith,Chrome · Blue /150 · Auto,2
Hagen Smith,Chrome · Aqua Reptilian,2
Hagen Smith,Chrome · Blue /150,2
Hagen Smith,Chrome · Orange /25,1
Ike Irish,Base-Paper,55
Ike Irish,Bowman Axis · Base,26
Ike Irish,Bowman Axis · Parallel,5
Ike Irish,Bowman Axis · Green,3
Ike Irish,Bowman Axis · Gold,3
Ike Irish,Bowman Draft Night,48
Ike Irish,Bowman Draft Night · Mini Diamond /150,2
Ike Irish,Bowman Draft Night · Gold /50,2
Ike Irish,Bowman Draft Night /250,4
Ike Irish,Bowman In Action,23
Ike Irish,Bowman In Action · Green /99,1
Ike Irish,Bowman Spotlight,2
Ike Irish,Chrome · Refractor,36
Ike Irish,Chrome · Sky Blue /499,12
Ike Irish,Chrome · Auto,11
Ike Irish,Chrome · Aqua Reptilian,8
Ike Irish,Chrome · Gold /50 · Auto,7
Ike Irish,Chrome · Base,7
Ike Irish,Chrome · Purple /250 · Auto,5
Ike Irish,Chrome · Fuchsia Reptilian /199,4
Ike Irish,Chrome · X-Fractor,3
Ike Irish,Chrome · Green /99,3
Ike Irish,Chrome · Blue /150,3
Ike Irish,Chrome · Sky Blue /499 · Auto,3
Ike Irish,Chrome · Magenta Printing Plate,2
Ike Irish,Chrome · Aqua /125 · Auto,2
Ike Irish,Chrome · Aqua /125,2
Ike Irish,Chrome · Yellow /75,2
Ike Irish,Chrome · Purple /250,2
Ike Irish,Chrome · Speckle Refractor,1
Ike Irish,Chrome · Blue /150 · Auto,1
Ike Irish,Chrome Prospect College Variations,2
Ike Irish,Chrome Prospect College Variations · Gold /50,1
Ike Irish,Crystallized,6
Ike Irish,Crystallized · Black /73,2
Ike Irish,Crystallized /25,2
Ike Irish,Etched in Glass,6
Ike Irish,Image Variations,14
Ike Irish,Prized Prospects,38
Ike Irish,Prized Prospects · Mini Diamond /150,2
Ike Irish,Prized Prospects /25,1
J.D. Thompson,Base-Paper,6
J.D. Thompson,Chrome · Auto,16
J.D. Thompson,Chrome · Sky Blue /499 · Auto,9
J.D. Thompson,Chrome · Base,8
J.D. Thompson,Chrome · Refractor,7
J.D. Thompson,Chrome · Aqua /125,4
J.D. Thompson,Chrome · Orange /25,4
J.D. Thompson,Chrome · Yellow /75,2
J.D. Thompson,Chrome · Sparkle · Auto,2
J.D. Thompson,Chrome · Gold /50 · Auto,2
J.D. Thompson,Chrome · Blue /150,2
J.D. Thompson,Chrome · X-Fractor,2
J.D. Thompson,Chrome · Aqua /125 · Auto,2
J.D. Thompson,Chrome · Green /99 · Auto,2
J.D. Thompson,Chrome · Sky Blue /499,1
Jack Gurevitch,Base-Paper,18
Jack Gurevitch,Chrome · Refractor,23
Jack Gurevitch,Chrome · Base,13
Jack Gurevitch,Chrome · Auto,13
Jack Gurevitch,Chrome · Blue /150,7
Jack Gurevitch,Chrome · Aqua /125,7
Jack Gurevitch,Chrome · Purple /250,7
Jack Gurevitch,Chrome · Green /99,6
Jack Gurevitch,Chrome · Green /99 · Auto,5
Jack Gurevitch,Chrome · Purple /250 · Auto,4
Jack Gurevitch,Chrome · Blue /150 · Auto,4
Jack Gurevitch,Chrome · Aqua Reptilian,4
Jack Gurevitch,Chrome · Aqua /125 · Auto,3
Jack Gurevitch,Chrome · Orange /25,3
Jack Gurevitch,Chrome · Steel Metal /100,2
Jack Gurevitch,Chrome · Fuchsia Reptilian /199,2
Jack Gurevitch,Chrome · Speckle Refractor,2
Jack Gurevitch,Chrome · Sky Blue /499 · Auto,2
Jack Gurevitch,Chrome · Mini Diamond,2
Jack Gurevitch,Chrome · Fuchsia Reptilian /199 · Auto,2
Jack Gurevitch,Chrome · X-Fractor · Auto,2
Jack Gurevitch,Chrome · Gold /50 · Auto,1
Jacob Morrison,Base-Paper,16
Jacob Morrison,Chrome · Auto,10
Jacob Morrison,Chrome · Sky Blue /499 · Auto,8
Jacob Morrison,Chrome · Aqua /125 · Auto,8
Jacob Morrison,Chrome · Green /99,7
Jacob Morrison,Chrome · Refractor,7
Jacob Morrison,Chrome · Base,5
Jacob Morrison,Chrome · Fuchsia Reptilian /199,4
Jacob Morrison,Chrome · Purple /250 · Auto,3
Jacob Morrison,Chrome · Green /99 · Auto,3
Jacob Morrison,Chrome · Gold /50,2
Jacob Morrison,Chrome · Steel Metal /100,2
Jacob Morrison,Chrome · Logo Refractor /35,2
Jacob Morrison,Chrome · Blue /150,2
Jacob Morrison,Chrome · Sky Blue /499,2
Jacob Morrison,Chrome · Orange /25,2
Jacob Morrison,Chrome · X-Fractor,2
Jacob Morrison,Chrome · Sparkle · Auto,2
Jacob Morrison,Snack-Pack,1
Jacob Reimer,Base-Paper,10
Jacob Reimer,Chrome · Refractor,16
Jacob Reimer,Chrome · X-Fractor,4
Jacob Reimer,Chrome · Base,4
Jacob Reimer,Chrome · Green /99,2
Jacob Reimer,Chrome · Blue /150,2
Jacob Reimer,Chrome · Aqua Reptilian,2
Jacob Reimer,Chrome · Yellow /75,2
Jacob Reimer,Chrome · Orange /25,2
Jake Cook,Base-Paper,5
Jake Cook,Chrome · Auto,26
Jake Cook,Chrome · Blue /150 · Auto,12
Jake Cook,Chrome · Refractor,12
Jake Cook,Chrome · Blue /150,11
Jake Cook,Chrome · Base,6
Jake Cook,Chrome · Sky Blue /499,4
Jake Cook,Chrome · X-Fractor,4
Jake Cook,Chrome · Sky Blue /499 · Auto,3
Jake Cook,Chrome · Fuchsia Reptilian /199,3
Jake Cook,Chrome · Logo Refractor /35,2
Jake Cook,Chrome · Yellow /75 · Auto,2
Jake Cook,Chrome · Gold /50,2
Jake Cook,Chrome · Steel Metal /100,2
Jake Cook,Chrome · Purple /250 · Auto,1
Jake Cook,Snack-Pack,2
Jake Munroe,Base-Paper,10
Jake Munroe,Chrome · Auto,31
Jake Munroe,Chrome · Refractor,22
Jake Munroe,Chrome · Green /99,6
Jake Munroe,Chrome · Blue /150 · Auto,5
Jake Munroe,Chrome · Green /99 · Auto,4
Jake Munroe,Chrome · Sky Blue /499 · Auto,4
Jake Munroe,Chrome · Yellow /75,2
Jake Munroe,Chrome · Yellow /75 · Auto,2
Jake Munroe,Chrome · Fuchsia Reptilian /199 · Auto,2
Jake Munroe,Chrome · Base,2
Jake Munroe,Chrome · Aqua /125,2
Jake Munroe,Chrome · Sky Blue /499,1
Jake Munroe,Chrome · Purple /250 · Auto,1
Jake Munroe,Snack-Pack,8
James Ellwanger,Base-Paper,20
James Ellwanger,Chrome · Refractor,16
James Ellwanger,Chrome · Base,14
James Ellwanger,Chrome · Purple /250,8
James Ellwanger,Chrome · Yellow /75,2
James Ellwanger,Chrome · Orange /25,2
James Ellwanger,Chrome · Sky Blue /499,2
James Ellwanger,Chrome · Steel Metal /100,1
James Tibbs III,Base-Paper,11
James Tibbs III,Chrome · Refractor,149
James Tibbs III,Chrome · Base,61
James Tibbs III,Chrome · Sky Blue /499,44
James Tibbs III,Chrome · Green /99,31
James Tibbs III,Chrome · X-Fractor,28
James Tibbs III,Chrome · Blue /150,28
James Tibbs III,Chrome · Aqua /125,18
James Tibbs III,Chrome · Sapphire,17
James Tibbs III,Chrome · Logo Refractor /35,11
James Tibbs III,Chrome · Gold /50,6
James Tibbs III,Chrome · Aqua Reptilian,5
James Tibbs III,Chrome · Speckle Refractor,5
James Tibbs III,Chrome · Fuchsia Reptilian /199,4
James Tibbs III,Chrome · Purple /250,1
James Tibbs III,Snack-Pack,2
Jamie Arnold,Base-Paper,43
Jamie Arnold,Bowman Draft Night,43
Jamie Arnold,Bowman Draft Night · Orange /25,2
Jamie Arnold,Bowman Draft Night /250,2
Jamie Arnold,Bowman In Action,16
Jamie Arnold,Bowman In Action · Green /99,2
Jamie Arnold,Bowman In Action · Mini Diamond /150,2
Jamie Arnold,Bowman Spotlight,8
Jamie Arnold,Chrome · Refractor,77
Jamie Arnold,Chrome · Base,31
Jamie Arnold,Chrome · Auto,19
Jamie Arnold,Chrome · Gold /50 · Auto,7
Jamie Arnold,Chrome · Orange /25 · Auto,5
Jamie Arnold,Chrome · Aqua /125,5
Jamie Arnold,Chrome · Aqua /125 · Auto,4
Jamie Arnold,Chrome · X-Fractor,4
Jamie Arnold,Chrome · Sparkle · Auto,4
Jamie Arnold,Chrome · Blue /150,4
Jamie Arnold,Chrome · Blue /150 · Auto,3
Jamie Arnold,Chrome · Yellow /75,2
Jamie Arnold,Chrome · Sparkle,2
Jamie Arnold,Chrome · Green /99,2
Jamie Arnold,Chrome · Sky Blue /499 · Auto,2
Jamie Arnold,Chrome · Purple /250,1
Jamie Arnold,Chrome · Speckle Refractor,1
Jamie Arnold,Chrome · Fuchsia Reptilian /199 · Auto,1
Jamie Arnold,Chrome · Sky Blue /499,1
Jamie Arnold,Chrome · Parallel · Auto,1
Jamie Arnold,Etched in Glass,2
Jamie Arnold,Image Variations,4
Jamie Arnold,Prized Prospects,46
Jamie Arnold,Prized Prospects · Green /99,2
Jamie Arnold,Prized Prospects /250,2
Jamie Arnold,Snack-Pack,2
Jared Thomas,Base-Paper,14
Jared Thomas,Chrome · Refractor,18
Jared Thomas,Chrome · Base,12
Jared Thomas,Chrome · Sky Blue /499,8
Jared Thomas,Chrome · X-Fractor,2
Jaxon Wiggins,Base-Paper,12
Jaxon Wiggins,Chrome · Refractor,6
Jaxon Wiggins,Chrome · Blue /150,4
Jaxon Wiggins,Chrome · Base,4
Jaxon Wiggins,Chrome · Purple /250,2
Jaxon Wiggins,Chrome · True Black /10,2
Jaxon Wiggins,Chrome · Sky Blue /499,2
JB Middleton,Base-Paper,18
JB Middleton,Chrome · Refractor,20
JB Middleton,Chrome · Base,18
JB Middleton,Chrome · Auto,14
JB Middleton,Chrome · Blue /150,12
JB Middleton,Chrome · Sky Blue /499,8
JB Middleton,Chrome · Aqua /125 · Auto,6
JB Middleton,Chrome · Green /99,6
JB Middleton,Chrome · Gold /50,4
JB Middleton,Chrome · Blue /150 · Auto,3
JB Middleton,Chrome · Sky Blue /499 · Auto,2
JB Middleton,Chrome · Yellow /75,2
JB Middleton,Chrome · Gold /50 · Auto,2
JB Middleton,Chrome · Yellow /75 · Auto,2
JB Middleton,Chrome · Orange /25 · Auto,2
JB Middleton,Chrome · Parallel · Auto,2
JB Middleton,Snack-Pack,1
JD Dix,Base-Paper,8
JD Dix,Chrome · Refractor,12
JD Dix,Chrome · Base,6
JD Dix,Chrome · Green /99,4
JD Dix,Chrome · Gold /50,4
JD Dix,Chrome · Sky Blue /499,4
JD Dix,Chrome · Logo Refractor /35,2
JD Dix,Chrome · Purple /250,2
JD Dix,Snack-Pack,4
Jefferson Rojas,Base-Paper,10
Jefferson Rojas,Chrome · Refractor,8
Jefferson Rojas,Chrome · Base,6
Jefferson Rojas,Chrome · Yellow /75,4
Jefferson Rojas,Chrome · Purple /250,3
Jefferson Rojas,Chrome · Green /99,3
Jefferson Rojas,Chrome · Sky Blue /499,2
Jefferson Rojas,Chrome · X-Fractor,2
Jefferson Rojas,Chrome · Fuchsia Reptilian /199,2
Jefferson Rojas,Chrome · Steel Metal /100,2
Jefferson Rojas,Snack-Pack,2
Jesús Made,Base-Paper,10
Jesús Made,Bowman Axis · Base,24
Jesús Made,Bowman In Action,9
Jesús Made,Bowman In Action · Gold /50,2
Jesús Made,Bowman In Action · Green /99,2
Jesús Made,Bowman In Action /75 · Auto,2
Jesús Made,Chrome · Base,12
Jesús Made,Chrome · Refractor,6
Jesús Made,Chrome · Sky Blue /499,2
Jesús Made,Chrome · Aqua Reptilian,2
Jesús Made,Chrome · Gold /50 · Auto,1
Jesús Made,Chrome · Gold /50,1
Jesús Made,Prized Prospects,27
Jhonny Level,Base-Paper,6
Jhonny Level,Chrome · Refractor,15
Jhonny Level,Chrome · Sky Blue /499,8
Jhonny Level,Chrome · Base,7
Jhonny Level,Chrome · Green /99,4
Jhonny Level,Chrome · Fuchsia Reptilian /199,2
Jhonny Level,Chrome · Blue /150,2
Jhonny Level,Chrome · Purple /250,2
Jhonny Level,Chrome · Orange /25,2
Jhonny Level,Chrome · Sparkle,2
Jhonny Level,Chrome · Auto,2
Jhonny Level,Chrome · X-Fractor,1
JJ Wetherholt,Base-Paper,12
JJ Wetherholt,Bowman Axis · Base,44
JJ Wetherholt,Bowman Axis · Green,2
JJ Wetherholt,Bowman In Action,6
JJ Wetherholt,Bowman In Action · Orange /25 · Auto,2
JJ Wetherholt,Bowman In Action · Gold /50,2
JJ Wetherholt,Bowman In Action · Orange /25,2
JJ Wetherholt,Bowman In Action /10,2
JJ Wetherholt,Bowman In Action /75 · Auto,1
JJ Wetherholt,Chrome · Refractor,29
JJ Wetherholt,Chrome · Base,12
JJ Wetherholt,Chrome · Yellow /75,6
JJ Wetherholt,Chrome · Mini Diamond,4
JJ Wetherholt,Chrome · X-Fractor,3
JJ Wetherholt,Chrome · Aqua Reptilian,3
JJ Wetherholt,Chrome · Blue /150,2
JJ Wetherholt,Chrome · Sky Blue /499,2
JJ Wetherholt,Chrome · Aqua /125,2
JJ Wetherholt,Chrome · Green /99,2
JJ Wetherholt,Chrome · Speckle Refractor,2
JJ Wetherholt,Chrome · Purple /250 · Auto,1
JJ Wetherholt,Prized Prospects,26
JJ Wetherholt,Prized Prospects · Green /99,4
JJ Wetherholt,Prized Prospects · Mini Diamond /150,2
JJ Wetherholt,Prized Prospects · Orange /25,2
JJ Wetherholt,Prized Prospects /250,4
Johnny Slawinski,Base-Paper,10
Johnny Slawinski,Chrome · Auto,14
Johnny Slawinski,Chrome · Refractor,8
Johnny Slawinski,Chrome · Sky Blue /499,6
Johnny Slawinski,Chrome · Sky Blue /499 · Auto,5
Johnny Slawinski,Chrome · Yellow /75,4
Johnny Slawinski,Chrome · Blue /150 · Auto,4
Johnny Slawinski,Chrome · Speckle Refractor,4
Johnny Slawinski,Chrome · Base,4
Johnny Slawinski,Chrome · Green /99,3
Johnny Slawinski,Chrome · Blue /150,2
Johnny Slawinski,Chrome · Gold /50,2
Johnny Slawinski,Chrome · Aqua /125,2
Johnny Slawinski,Chrome · Parallel · Auto,2
Johnny Slawinski,Chrome · Aqua /125 · Auto,2
Johnny Slawinski,Chrome · Fuchsia Reptilian /199,2
Johnny Slawinski,Chrome · X-Fractor,1
Johnny Slawinski,Chrome · Green /99 · Auto,1
Johnny Slawinski,Snack-Pack,4
JoJo Parker,Base-Paper,68
JoJo Parker,Bowman Axis · Base,32
JoJo Parker,Bowman Axis · Green,2
JoJo Parker,Bowman Axis · Parallel,1
JoJo Parker,Bowman In Action,11
JoJo Parker,Bowman In Action · Gold /50,3
JoJo Parker,Bowman In Action · Orange /25,2
JoJo Parker,Bowman In Action /150,2
JoJo Parker,Bowman Spotlight,3
JoJo Parker,Bowman Spotlight · Red /5,2
JoJo Parker,Chrome · Blue /150,42
JoJo Parker,Chrome · Base,29
JoJo Parker,Chrome · Refractor,28
JoJo Parker,Chrome · Sky Blue /499,13
JoJo Parker,Chrome · Auto,12
JoJo Parker,Chrome · Sky Blue /499 · Auto,4
JoJo Parker,Chrome · X-Fractor,3
JoJo Parker,Chrome · Aqua /125,3
JoJo Parker,Chrome · Aqua Reptilian,2
JoJo Parker,Chrome · Green /99,2
JoJo Parker,Chrome · Yellow /75 · Auto,2
JoJo Parker,Chrome · Yellow /75,2
JoJo Parker,Chrome · Purple /250,2
JoJo Parker,Chrome · Purple /250 · Auto,2
JoJo Parker,Chrome · Parallel · Auto,2
JoJo Parker,Chrome · Gold /50,2
JoJo Parker,Chrome · Mini Diamond,1
JoJo Parker,Chrome · Green /99 · Auto,1
JoJo Parker,Chrome · Orange /25,1
JoJo Parker,Chrome · Steel Metal /100,1
JoJo Parker,Chrome · Gold /50 · Auto,1
JoJo Parker,Chrome · Fuchsia Reptilian /199 · Auto,1
JoJo Parker,Crystallized,4
JoJo Parker,Etched in Glass,2
JoJo Parker,Final Draft,2
JoJo Parker,Image Variations,7
JoJo Parker,Image Variations · Green · Auto,2
JoJo Parker,Prized Prospects,43
JoJo Parker,Prized Prospects · Orange /25,2
JoJo Parker,Prized Prospects /250,4
Jonny Farmelo,Base-Paper,21
Jonny Farmelo,Base-Paper · Black Border,2
Jonny Farmelo,Chrome · Refractor,113
Jonny Farmelo,Chrome · Sky Blue /499,40
Jonny Farmelo,Chrome · Base,26
Jonny Farmelo,Chrome · Purple /250,18
Jonny Farmelo,Chrome · X-Fractor,15
Jonny Farmelo,Chrome · Fuchsia Reptilian /199,13
Jonny Farmelo,Chrome · Green /99,13
Jonny Farmelo,Chrome · Blue /150,9
Jonny Farmelo,Chrome · Gold /50,8
Jonny Farmelo,Chrome · Sapphire,8
Jonny Farmelo,Chrome · Steel Metal /100,7
Jonny Farmelo,Chrome · Aqua /125,6
Jonny Farmelo,Chrome · Yellow /75,6
Jonny Farmelo,Chrome · Orange /25,4
Jonny Farmelo,Chrome · Speckle Refractor,3
Jonny Farmelo,Chrome · Aqua Reptilian,2
Jonny Farmelo,Chrome · Magenta Printing Plate,2
Jonny Farmelo,Chrome · Logo Refractor /35,2
Jonny Farmelo,Chrome · Sparkle,2
Jonny Farmelo,Sapphire,1
Jonny Farmelo,Snack-Pack,2
Jordan Yost,Base-Paper,30
Jordan Yost,Chrome · Auto,43
Jordan Yost,Chrome · Refractor,31
Jordan Yost,Chrome · Base,18
Jordan Yost,Chrome · Green /99,7
Jordan Yost,Chrome · Purple /250,7
Jordan Yost,Chrome · Blue /150 · Auto,7
Jordan Yost,Chrome · Purple /250 · Auto,6
Jordan Yost,Chrome · Sky Blue /499 · Auto,6
Jordan Yost,Chrome · Sky Blue /499,6
Jordan Yost,Chrome · Blue /150,4
Jordan Yost,Chrome · Aqua /125,4
Jordan Yost,Chrome · Gold /50 · Auto,3
Jordan Yost,Chrome · Yellow /75 · Auto,3
Jordan Yost,Chrome · X-Fractor,3
Jordan Yost,Chrome · Sparkle · Auto,2
Jordan Yost,Chrome · Green /99 · Auto,2
Jordan Yost,Chrome · Black /73 · Auto,2
Jordan Yost,Chrome · Aqua Reptilian,2
Jordan Yost,Chrome · Fuchsia Reptilian /199,2
Jordan Yost,Chrome · Yellow Printing Plate · Auto,2
Jordan Yost,Chrome · Aqua /125 · Auto,2
Joseph Dzierwa,Base-Paper,11
Joseph Dzierwa,Chrome · Refractor,21
Joseph Dzierwa,Chrome · Base,12
Joseph Dzierwa,Chrome · Auto,10
Joseph Dzierwa,Chrome · Blue /150 · Auto,3
Joseph Dzierwa,Chrome · Sky Blue /499 · Auto,2
Joseph Dzierwa,Chrome · Steel Metal /100,2
Joseph Dzierwa,Chrome · Sky Blue /499,2
Joseph Dzierwa,Chrome · Aqua /125 · Auto,2
Joseph Dzierwa,Chrome · Aqua /125,2
Joseph Dzierwa,Chrome · Red /5,2
Joseph Dzierwa,Chrome · Gold /50 · Auto,1
Joseph Dzierwa,Chrome · Purple /250 · Auto,1
Joseph Dzierwa,Chrome · Sparkle /71 · Auto,1
Josh Hammond,Base-Paper,27
Josh Hammond,Bowman In Action,16
Josh Hammond,Bowman In Action /75 · Auto,1
Josh Hammond,Bowman In Action /99 · Auto,1
Josh Hammond,Chrome · Refractor,34
Josh Hammond,Chrome · Auto,25
Josh Hammond,Chrome · Base,24
Josh Hammond,Chrome · Green /99,7
Josh Hammond,Chrome · Sky Blue /499,6
Josh Hammond,Chrome · Aqua /125,4
Josh Hammond,Chrome · Blue /150,4
Josh Hammond,Chrome · Purple /250,4
Josh Hammond,Chrome · Purple /250 · Auto,4
Josh Hammond,Chrome · Steel Metal /100,4
Josh Hammond,Chrome · Aqua /125 · Auto,3
Josh Hammond,Chrome · Sky Blue /499 · Auto,3
Josh Hammond,Chrome · Orange /25,2
Josh Hammond,Chrome · Yellow /75,2
Josh Hammond,Chrome · Orange /25 · Auto,2
Josh Hammond,Chrome · Gold /50,2
Josh Hammond,Chrome · Superfractor,2
Josh Hammond,Chrome · Mini Diamond,2
Josh Hammond,Chrome · Green /99 · Auto,2
Josh Hammond,Chrome · Sparkle,2
Josh Hammond,Chrome · X-Fractor,2
Josh Hammond,Chrome · Fuchsia Reptilian /199,2
Josh Hammond,Chrome · True Black /10 · Auto,2
Josh Hammond,Chrome · Speckle Refractor,1
Josh Hammond,Etched in Glass,5
Josh Owens,Base-Paper,18
Josh Owens,Chrome · Refractor,16
Josh Owens,Chrome · Base,15
Josh Owens,Chrome · Auto,13
Josh Owens,Chrome · X-Fractor,6
Josh Owens,Chrome · Fuchsia Reptilian /199 · Auto,4
Josh Owens,Chrome · Sky Blue /499,4
Josh Owens,Chrome · Green /99,2
Josh Owens,Chrome · Gold /50,2
Josh Owens,Chrome · Sky Blue /499 · Auto,2
Josh Owens,Chrome · Purple /250,2
Josh Owens,Chrome · Blue /150 · Auto,2
Josh Owens,Chrome · Aqua Reptilian,2
Josh Owens,Chrome · Yellow /75 · Auto,2
Josh Owens,Chrome · Yellow /75,1
Josh Owens,Chrome · Blue /150,1
Josh Owens,Chrome · Steel Metal /100,1
Joshua Flores,Base-Paper,16
Joshua Flores,Chrome · Base,6
Joshua Flores,Chrome · Refractor,6
Joshua Flores,Chrome · Sky Blue /499,4
Joshua Flores,Chrome · Blue /150,2
Joshua Flores,Chrome · Logo Refractor /35,2
Joshua Kuroda-Grauer,Base-Paper,4
Joshua Kuroda-Grauer,Chrome · Refractor,26
Joshua Kuroda-Grauer,Chrome · Base,12
Joshua Kuroda-Grauer,Chrome · Sky Blue /499,8
Joshua Kuroda-Grauer,Chrome · X-Fractor,4
Joshua Kuroda-Grauer,Chrome · Purple /250,4
Joshua Kuroda-Grauer,Chrome · Gold /50,2
Joshua Kuroda-Grauer,Chrome · Blue /150,2
Joshua Kuroda-Grauer,Chrome · Green /99,2
Joshua Kuroda-Grauer,Chrome · Aqua Reptilian,2
Josiah Hartshorn,Base-Paper,20
Josiah Hartshorn,Chrome · Refractor,25
Josiah Hartshorn,Chrome · Auto,17
Josiah Hartshorn,Chrome · Base,15
Josiah Hartshorn,Chrome · Sky Blue /499,8
Josiah Hartshorn,Chrome · X-Fractor,5
Josiah Hartshorn,Chrome · Purple /250,4
Josiah Hartshorn,Chrome · Purple /250 · Auto,3
Josiah Hartshorn,Chrome · Gold /50 · Auto,3
Josiah Hartshorn,Chrome · Sky Blue /499 · Auto,2
Josiah Hartshorn,Chrome · Fuchsia Reptilian /199,2
Josiah Hartshorn,Chrome · Red /5 · Auto,2
Josiah Hartshorn,Chrome · Yellow /75 · Auto,2
Josiah Hartshorn,Chrome · Steel Metal /100,1
Josiah Hartshorn,Chrome · Blue /150 · Auto,1
Josiah Hartshorn,Chrome · Aqua /125,1
Josuar Gonzalez,Base-Paper,10
Josuar Gonzalez,Bowman Axis · Base,38
Josuar Gonzalez,Bowman Axis · Gold,3
Josuar Gonzalez,Bowman Axis · Orange,2
Josuar Gonzalez,Bowman Axis · Mini Diamond,2
Josuar Gonzalez,Chrome · Refractor,21
Josuar Gonzalez,Chrome · Base,15
Josuar Gonzalez,Chrome · Blue /150,6
Josuar Gonzalez,Chrome · Sky Blue /499,6
Josuar Gonzalez,Chrome · X-Fractor,6
Josuar Gonzalez,Chrome · Green /99,4
Josuar Gonzalez,Chrome · Gold /50,4
Josuar Gonzalez,Chrome · Purple /250,4
Josuar Gonzalez,Chrome · Yellow /75,4
Josuar Gonzalez,Chrome · Aqua /125,4
Josuar Gonzalez,Chrome · Purple /250 · Auto,2
Josuar Gonzalez,Chrome · Green /99 · Auto,2
Josuar Gonzalez,Chrome · Logo Refractor /35,1
Josuar Gonzalez,Final Draft,4
Josuar Gonzalez,Final Draft · Red /5,2
Josue Briceño,Base-Paper,4
Josue Briceño,Chrome · Refractor,10
Josue Briceño,Chrome · Base,2
Josue De Paula,Final Draft,3
Joswa Lugo,Base-Paper,8
Joswa Lugo,Chrome · Refractor,25
Joswa Lugo,Chrome · Base,9
Joswa Lugo,Chrome · Green /99,8
Joswa Lugo,Chrome · Yellow /75,4
Joswa Lugo,Chrome · Blue /150,2
Joswa Lugo,Chrome · Blue /150 · Auto,2
Joswa Lugo,Chrome · Logo Refractor /35,1
JR Ritchie,Base-Paper,12
JR Ritchie,Chrome · Refractor,13
JR Ritchie,Chrome · Base,5
JR Ritchie,Chrome · Aqua Reptilian,2
JT Quinn,Base-Paper,10
JT Quinn,Chrome · Auto,28
JT Quinn,Chrome · Refractor,27
JT Quinn,Chrome · Base,20
JT Quinn,Chrome · Sky Blue /499 · Auto,10
JT Quinn,Chrome · Blue /150 · Auto,7
JT Quinn,Chrome · X-Fractor,6
JT Quinn,Chrome · Green /99,4
JT Quinn,Chrome · Gold /50 · Auto,4
JT Quinn,Chrome · Sky Blue /499,4
JT Quinn,Chrome · Purple /250 · Auto,4
JT Quinn,Chrome · Sparkle,2
JT Quinn,Chrome · Purple /250,2
JT Quinn,Chrome · Aqua Reptilian,2
JT Quinn,Chrome · Gold /50,2
JT Quinn,Chrome · Fuchsia Reptilian /199,2
JT Quinn,Chrome · Logo Refractor /35,2
JT Quinn,Chrome · Speckle Refractor,1
JT Quinn,Chrome · Yellow /75,1
Justin Lamkin,Base-Paper,14
Justin Lamkin,Chrome · Refractor,16
Justin Lamkin,Chrome · Base,16
Justin Lamkin,Chrome · Auto,14
Justin Lamkin,Chrome · Green /99 · Auto,6
Justin Lamkin,Chrome · Sky Blue /499,5
Justin Lamkin,Chrome · X-Fractor,4
Justin Lamkin,Chrome · Gold /50,3
Justin Lamkin,Chrome · Aqua Reptilian,2
Justin Lamkin,Chrome · Orange /25,2
Justin Lamkin,Chrome · Yellow /75 · Auto,2
Justin Lamkin,Chrome · Red /5,2
Justin Lamkin,Chrome · Gold /50 · Auto,2
Justin Lamkin,Chrome · Blue /150 · Auto,1
Kade Anderson,Base-Paper,58
Kade Anderson,Bowman Draft Night,50
Kade Anderson,Bowman Draft Night · Gold /50,2
Kade Anderson,Bowman Draft Night · Green /99,2
Kade Anderson,Bowman Draft Night · Orange /25 · Auto,1
Kade Anderson,Bowman Draft Night /250,4
Kade Anderson,Bowman Draft Night /99 · Auto,1
Kade Anderson,Bowman In Action,22
Kade Anderson,Bowman In Action · Green /99,7
Kade Anderson,Bowman In Action · Gold /50,3
Kade Anderson,Bowman In Action · Black /73,2
Kade Anderson,Bowman In Action · Mini Diamond /150,2
Kade Anderson,Bowman In Action · Wave /75 · Auto,1
Kade Anderson,Bowman In Action · Blue /150,1
Kade Anderson,Bowman In Action /150,3
Kade Anderson,Bowman In Action /99 · Auto,2
Kade Anderson,Bowman Spotlight,6
Kade Anderson,Chrome · Refractor,86
Kade Anderson,Chrome · Auto,39
Kade Anderson,Chrome · Base,34
Kade Anderson,Chrome · Blue /150,15
Kade Anderson,Chrome · Sky Blue /499,10
Kade Anderson,Chrome · Purple /250 · Auto,9
Kade Anderson,Chrome · X-Fractor,9
Kade Anderson,Chrome · Green /99 · Auto,8
Kade Anderson,Chrome · Green /99,7
Kade Anderson,Chrome · Yellow /75 · Auto,6
Kade Anderson,Chrome · Gold /50 · Auto,6
Kade Anderson,Chrome · Yellow /75,6
Kade Anderson,Chrome · Sky Blue /499 · Auto,5
Kade Anderson,Chrome · Steel Metal /100,5
Kade Anderson,Chrome · Blue /150 · Auto,5
Kade Anderson,Chrome · Speckle /71 · Auto,4
Kade Anderson,Chrome · Fuchsia Reptilian /199,4
Kade Anderson,Chrome · Purple /250,3
Kade Anderson,Chrome · Orange /25 · Auto,3
Kade Anderson,Chrome · Sapphire,3
Kade Anderson,Chrome · Fuchsia Reptilian /199 · Auto,2
Kade Anderson,Chrome · Aqua /125,2
Kade Anderson,Chrome · Orange /25,2
Kade Anderson,Chrome · Gold /50,2
Kade Anderson,Chrome · Speckle Refractor,1
Kade Anderson,Chrome · Aqua /125 · Auto,1
Kade Anderson,Chrome · Parallel · Auto,1
Kade Anderson,Chrome · Red /5,1
Kade Anderson,Chrome Prospect College Variations,3
Kade Anderson,Chrome Prospect College Variations · Auto,2
Kade Anderson,Chrome Prospect College Variations · Purple /250,1
Kade Anderson,Crystallized /25,1
Kade Anderson,Etched in Glass,5
Kade Anderson,Final Draft,9
Kade Anderson,Image Variations,9
Kade Anderson,Image Variations · Auto,3
Kade Anderson,Image Variations · Orange,2
Kade Anderson,Prized Prospects,65
Kade Anderson,Prized Prospects · Orange /25,3
Kade Anderson,Prized Prospects · Gold /50,2
Kade Anderson,Prized Prospects · Mini Diamond /150,1
Kade Anderson,Prized Prospects · Purple /250,1
Kade Anderson,Prized Prospects /199,2
Kade Anderson,Prized Prospects /250,1
Kade Anderson,Prized Prospects /99 · Auto,2
Kade Anderson,Sapphire,3
Kaeden Kent,Base-Paper,12
Kaeden Kent,Chrome · Auto,37
Kaeden Kent,Chrome · Base,12
Kaeden Kent,Chrome · Refractor,12
Kaeden Kent,Chrome · Sky Blue /499 · Auto,10
Kaeden Kent,Chrome · Gold /50 · Auto,7
Kaeden Kent,Chrome · X-Fractor,4
Kaeden Kent,Chrome · Yellow /75,3
Kaeden Kent,Chrome · Sky Blue /499,3
Kaeden Kent,Chrome · Green /99,3
Kaeden Kent,Chrome · Superfractor · Auto,2
Kaeden Kent,Chrome · Purple /250 · Auto,2
Kaeden Kent,Chrome · X-Fractor · Auto,2
Kaeden Kent,Chrome · Green /99 · Auto,2
Kaeden Kent,Chrome · Blue /150 · Auto,2
Kaeden Kent,Chrome · Aqua /125,1
Kaeden Kent,Chrome · Blue /150,1
Kaeden Kent,Chrome · Fuchsia Reptilian /199 · Auto,1
Kaeden Kent,Chrome · Red /5 · Auto,1
Kaeden Kent,Chrome · Sparkle · Auto,1
Kaelen Culpepper,Base-Paper,10
Kaelen Culpepper,Chrome · Refractor,14
Kaelen Culpepper,Chrome · Base,10
Kaelen Culpepper,Chrome · Sky Blue /499,9
Kaelen Culpepper,Chrome · Yellow /75,4
Kaelen Culpepper,Chrome · X-Fractor,4
Kaelen Culpepper,Chrome · Blue /150,2
Kaelen Culpepper,Chrome · Green /99,1
Kaleb Wing,Base-Paper,12
Kaleb Wing,Chrome · Refractor,24
Kaleb Wing,Chrome · Base,8
Kaleb Wing,Chrome · X-Fractor,6
Kaleb Wing,Chrome · Blue /150,4
Kaleb Wing,Chrome · Sky Blue /499,3
Kaleb Wing,Chrome · Gold /50,2
Kaleb Wing,Chrome · Orange /25,2
Kane Kepley,Base-Paper,15
Kane Kepley,Chrome · Auto,11
Kane Kepley,Chrome · Refractor,9
Kane Kepley,Chrome · Purple /250 · Auto,7
Kane Kepley,Chrome · Blue /150 · Auto,7
Kane Kepley,Chrome · Sky Blue /499,6
Kane Kepley,Chrome · Yellow /75 · Auto,4
Kane Kepley,Chrome · Green /99 · Auto,4
Kane Kepley,Chrome · Blue /150,3
Kane Kepley,Chrome · Aqua /125 · Auto,3
Kane Kepley,Chrome · Sky Blue /499 · Auto,2
Kane Kepley,Chrome · Fuchsia Reptilian /199 · Auto,2
Kane Kepley,Chrome · X-Fractor · Auto,2
Kane Kepley,Chrome · Base,2
Kane Kepley,Chrome · Green /99,1
Kane Kepley,Chrome · Gold /50 · Auto,1
Kane Kepley,Chrome · Black Geometric /10,1
Kane Kepley,Snack-Pack,1
Kash Mayfield,Base-Paper,8
Kash Mayfield,Chrome · Refractor,23
Kash Mayfield,Chrome · Base,10
Kash Mayfield,Chrome · Steel Metal /100,4
Kash Mayfield,Chrome · Sparkle,4
Kash Mayfield,Chrome · Aqua Reptilian,2
Kash Mayfield,Chrome · Speckle Refractor,2
Kash Mayfield,Chrome · Gold /50,2
Kash Mayfield,Chrome · Fuchsia Reptilian /199,2
Kash Mayfield,Chrome · X-Fractor,2
Kayson Cunningham,Base-Paper,34
Kayson Cunningham,Bowman Axis · Base,50
Kayson Cunningham,Bowman Axis · Mini Diamond,4
Kayson Cunningham,Bowman Axis · Gold,2
Kayson Cunningham,Bowman Axis · Orange,2
Kayson Cunningham,Bowman Axis · Green,2
Kayson Cunningham,Bowman Draft Night,50
Kayson Cunningham,Bowman Draft Night · Purple /250,2
Kayson Cunningham,Bowman Draft Night · Gold /50,2
Kayson Cunningham,Bowman Draft Night /250,4
Kayson Cunningham,Bowman Draft Night /99,2
Kayson Cunningham,Chrome · Refractor,34
Kayson Cunningham,Chrome · Base,33
Kayson Cunningham,Chrome · Auto,32
Kayson Cunningham,Chrome · Purple /250,8
Kayson Cunningham,Chrome · Yellow /75,7
Kayson Cunningham,Chrome · Green /99,6
Kayson Cunningham,Chrome · Green /99 · Auto,6
Kayson Cunningham,Chrome · Blue /150 · Auto,5
Kayson Cunningham,Chrome · Fuchsia Reptilian /199,5
Kayson Cunningham,Chrome · Sparkle · Auto,4
Kayson Cunningham,Chrome · Sky Blue /499,4
Kayson Cunningham,Chrome · Sparkle,4
Kayson Cunningham,Chrome · Sky Blue /499 · Auto,3
Kayson Cunningham,Chrome · Yellow /75 · Auto,3
Kayson Cunningham,Chrome · Fuchsia Reptilian /199 · Auto,3
Kayson Cunningham,Chrome · Purple /250 · Auto,2
Kayson Cunningham,Chrome · True Black /10,2
Kayson Cunningham,Chrome · Blue /150,2
Kayson Cunningham,Chrome · Logo Refractor /35,2
Kayson Cunningham,Chrome · Red /5,2
Kayson Cunningham,Chrome · Orange /25,2
Kayson Cunningham,Chrome · Aqua /125 · Auto,1
Kayson Cunningham,Chrome · Aqua /125,1
Kayson Cunningham,Chrome · Gold /50,1
Kayson Cunningham,Etched in Glass,10
Kayson Cunningham,Final Draft,2
Kayson Cunningham,Snack-Pack,2
Kevin McGonigle,Base-Paper,27
Kevin McGonigle,Bowman Axis · Base,49
Kevin McGonigle,Bowman Axis · Parallel,4
Kevin McGonigle,Bowman In Action,27
Kevin McGonigle,Bowman In Action · Speckle /150,4
Kevin McGonigle,Bowman In Action · Lava /75 · Auto,2
Kevin McGonigle,Bowman In Action /150,5
Kevin McGonigle,Bowman In Action /99 · Auto,2
Kevin McGonigle,Chrome · Refractor,36
Kevin McGonigle,Chrome · Base,17
Kevin McGonigle,Chrome · Sky Blue /499,7
Kevin McGonigle,Chrome · Steel Metal /100,6
Kevin McGonigle,Chrome · Green /99,6
Kevin McGonigle,Chrome · Blue /150,4
Kevin McGonigle,Chrome · Aqua /125,4
Kevin McGonigle,Chrome · Green /99 · Auto,4
Kevin McGonigle,Chrome · Orange /25,4
Kevin McGonigle,Chrome · X-Fractor,4
Kevin McGonigle,Chrome · Purple /250 · Auto,3
Kevin McGonigle,Chrome · Aqua Reptilian,2
Kevin McGonigle,Chrome · Gold /50 · Auto,2
Kevin McGonigle,Chrome · Auto,2
Kevin McGonigle,Chrome · Red /5 · Auto,1
Kevin McGonigle,Prized Prospects,39
Kevin McGonigle,Prized Prospects · Green /99,2
Kevin McGonigle,Prized Prospects · Green /99 · Auto,1
Kevin McGonigle,Prized Prospects /250,4
Kevin McGonigle,Prized Prospects /5 · Auto,2
Kevin McGonigle,Prized Prospects /99 · Auto,2
Konnor Griffin,Base-Paper,55
Konnor Griffin,Base-Paper · Black Border,1
Konnor Griffin,Bowman Draft Night,2
Konnor Griffin,Chrome · Refractor,81
Konnor Griffin,Chrome · Base,60
Konnor Griffin,Chrome · X-Fractor,9
Konnor Griffin,Chrome · Green /99,9
Konnor Griffin,Chrome · Yellow /75,6
Konnor Griffin,Chrome · Sky Blue /499,6
Konnor Griffin,Chrome · Fuchsia Reptilian /199,4
Konnor Griffin,Chrome · Sparkle,4
Konnor Griffin,Chrome · Logo Refractor /35,3
Konnor Griffin,Chrome · Purple /250,3
Konnor Griffin,Chrome · Mini Diamond,2
Konnor Griffin,Chrome · Orange /25,2
Konnor Griffin,Chrome · Gold /50 · Auto,2
Konnor Griffin,Chrome · Purple /250 · Auto,2
Konnor Griffin,Chrome · Green /99 · Auto,2
Konnor Griffin,Chrome · Aqua Reptilian,1
Konnor Griffin,Chrome · Blue /150,1
Konnor Griffin,Chrome · Steel Metal /100,1
Konnor Griffin,Chrome · Aqua /125,1
Konnor Griffin,Crystallized · Orange /25,5
Konnor Griffin,Crystallized · Gold /50,2
Konnor Griffin,Crystallized · Red /5,1
Konnor Griffin,Prized Prospects,76
Konnor Griffin,Prized Prospects · Mini Diamond /150,4
Konnor Griffin,Prized Prospects · Orange /25,1
Konnor Griffin,Prized Prospects /250,4
Konnor Griffin,Prized Prospects /5 · Auto,2
Konnor Griffin,Prized Prospects /99 · Auto,2
Konnor Griffin,Snack-Pack,1
Korbyn Dickerson,Base-Paper,18
Korbyn Dickerson,Chrome · Refractor,21
Korbyn Dickerson,Chrome · Base,13
Korbyn Dickerson,Chrome · Green /99,4
Korbyn Dickerson,Chrome · Gold /50,2
Korbyn Dickerson,Chrome · Sky Blue /499,2
Korbyn Dickerson,Chrome · Aqua /125,2
Korbyn Dickerson,Chrome · Yellow /75,1
Korbyn Dickerson,Chrome · Blue /150,1
Korbyn Dickerson,Chrome · Aqua Reptilian,1
Kyle Lodise,Base-Paper,20
Kyle Lodise,Chrome · Base,17
Kyle Lodise,Chrome · Auto,16
Kyle Lodise,Chrome · Refractor,11
Kyle Lodise,Chrome · Sky Blue /499,8
Kyle Lodise,Chrome · Sky Blue /499 · Auto,5
Kyle Lodise,Chrome · Yellow /75 · Auto,5
Kyle Lodise,Chrome · Blue /150,4
Kyle Lodise,Chrome · Green /99,4
Kyle Lodise,Chrome · X-Fractor,3
Kyle Lodise,Chrome · Speckle Refractor · Auto,3
Kyle Lodise,Chrome · Green /99 · Auto,2
Kyle Lodise,Chrome · Aqua /125,2
Kyle Lodise,Chrome · Blue /150 · Auto,2
Kyle Lodise,Chrome · Purple /250 · Auto,2
Kyle Lodise,Chrome · Fuchsia Reptilian /199,2
Kyson Witherspoon,Base-Paper,36
Kyson Witherspoon,Bowman In Action · Red /5,12
Kyson Witherspoon,Bowman In Action,7
Kyson Witherspoon,Bowman In Action · Mini Diamond /150,2
Kyson Witherspoon,Bowman In Action · Superfractor /1,2
Kyson Witherspoon,Bowman In Action · Red /5 · Auto,2
Kyson Witherspoon,Bowman In Action · Green /99,1
Kyson Witherspoon,Bowman Spotlight · Red /5,7
Kyson Witherspoon,Bowman Spotlight,2
Kyson Witherspoon,Chrome · Auto,24
Kyson Witherspoon,Chrome · Refractor,14
Kyson Witherspoon,Chrome · Red /5 · Auto,11
Kyson Witherspoon,Chrome · Red /5,8
Kyson Witherspoon,Chrome · Green /99,7
Kyson Witherspoon,Chrome · Base,6
Kyson Witherspoon,Chrome · Purple /250 · Auto,6
Kyson Witherspoon,Chrome · Purple /250,5
Kyson Witherspoon,Chrome · Blue /150 · Auto,5
Kyson Witherspoon,Chrome · Blue /150,4
Kyson Witherspoon,Chrome · Sky Blue /499 · Auto,4
Kyson Witherspoon,Chrome · Parallel · Auto,4
Kyson Witherspoon,Chrome · Fuchsia Reptilian /199,3
Kyson Witherspoon,Chrome · Gold /50,3
Kyson Witherspoon,Chrome · Fuchsia Reptilian /199 · Auto,3
Kyson Witherspoon,Chrome · Orange /25,2
Kyson Witherspoon,Chrome · Green /99 · Auto,2
Kyson Witherspoon,Chrome · Speckle Refractor,2
Kyson Witherspoon,Chrome · Steel Metal /100,2
Kyson Witherspoon,Chrome · Aqua /125,2
Kyson Witherspoon,Chrome · Sky Blue /499,1
Kyson Witherspoon,Chrome · Printing Plate,1
Kyson Witherspoon,Chrome Prospect College Variations,4
Kyson Witherspoon,Etched in Glass,2
Kyson Witherspoon,Snack-Pack,2
Landon Harmon,Base-Paper,8
Landon Harmon,Chrome · Auto,31
Landon Harmon,Chrome · Refractor,15
Landon Harmon,Chrome · Sky Blue /499 · Auto,9
Landon Harmon,Chrome · Base,8
Landon Harmon,Chrome · Sky Blue /499,6
Landon Harmon,Chrome · Green /99 · Auto,6
Landon Harmon,Chrome · Purple /250,6
Landon Harmon,Chrome · Blue /150,5
Landon Harmon,Chrome · Green /99,3
Landon Harmon,Chrome · Blue /150 · Auto,2
Landon Harmon,Chrome · Yellow /75 · Auto,2
Landon Harmon,Chrome · Orange /25,2
Landon Harmon,Chrome · Steel Metal /100,2
Landon Harmon,Chrome · Aqua /125 · Auto,1
Landon Harmon,Chrome · Gold /50,1
Landon Hodge,Base-Paper,14
Landon Hodge,Chrome · Auto,22
Landon Hodge,Chrome · Refractor,14
Landon Hodge,Chrome · Sky Blue /499 · Auto,7
Landon Hodge,Chrome · Sky Blue /499,6
Landon Hodge,Chrome · Aqua /125 · Auto,4
Landon Hodge,Chrome · Blue /150,4
Landon Hodge,Chrome · Purple /250 · Auto,4
Landon Hodge,Chrome · Base,3
Landon Hodge,Chrome · Orange /25,2
Landon Hodge,Chrome · Blue /150 · Auto,2
Landon Hodge,Chrome · Purple /250,2
Landon Hodge,Chrome · Yellow /75 · Auto,2
Landon Hodge,Chrome · Fuchsia Reptilian /199,2
Landon Hodge,Chrome · Green /99,2
Landyn Vidourek,Base-Paper,16
Landyn Vidourek,Chrome · Refractor,20
Landyn Vidourek,Chrome · Base,13
Landyn Vidourek,Chrome · Auto,10
Landyn Vidourek,Chrome · Sky Blue /499,4
Landyn Vidourek,Chrome · Blue /150,4
Landyn Vidourek,Chrome · Sky Blue /499 · Auto,4
Landyn Vidourek,Chrome · Orange /25,4
Landyn Vidourek,Chrome · Purple /250 · Auto,3
Landyn Vidourek,Chrome · Red /5,2
Landyn Vidourek,Chrome · Aqua /125,2
Landyn Vidourek,Chrome · Green /99 · Auto,2
Landyn Vidourek,Chrome · Fuchsia Reptilian /199 · Auto,2
Landyn Vidourek,Chrome · Yellow /75 · Auto,2
Landyn Vidourek,Chrome · Fuchsia Reptilian /199,2
Landyn Vidourek,Chrome · X-Fractor,1
Landyn Vidourek,Chrome · Blue /150 · Auto,1
Leo De Vries,Base-Paper,13
Leo De Vries,Bowman Axis · Base,61
Leo De Vries,Bowman Axis · Gold,4
Leo De Vries,Bowman Axis · Parallel,4
Leo De Vries,Chrome · Refractor,32
Leo De Vries,Chrome · Base,7
Leo De Vries,Chrome · Blue /150,5
Leo De Vries,Chrome · Green /99,4
Leo De Vries,Chrome · Sky Blue /499,3
Leo De Vries,Chrome · Fuchsia Reptilian /199,2
Leo De Vries,Chrome · Steel Metal /100,2
Leo De Vries,Chrome · Aqua /125,2
Leo De Vries,Chrome · X-Fractor,2
Leo De Vries,Chrome · Gold /50 · Auto,1
Leo De Vries,Chrome · Yellow /75,1
Leo De Vries,Chrome · Orange /25,1
Leo De Vries,Chrome · Purple /250 · Auto,1
Leo De Vries,Snack-Pack,4
Liam Doyle,Base-Paper,39
Liam Doyle,Bowman In Action,6
Liam Doyle,Bowman In Action · Mini Diamond /150,3
Liam Doyle,Bowman In Action · Orange /25,2
Liam Doyle,Bowman In Action · Gold /50,2
Liam Doyle,Bowman In Action · Red /5,2
Liam Doyle,Bowman In Action · Green /99,2
Liam Doyle,Bowman Spotlight,5
Liam Doyle,Bowman Spotlight /5,2
Liam Doyle,Chrome · Auto,49
Liam Doyle,Chrome · Refractor,44
Liam Doyle,Chrome · Base,34
Liam Doyle,Chrome · Sky Blue /499 · Auto,15
Liam Doyle,Chrome · Green /99,11
Liam Doyle,Chrome · Blue /150 · Auto,9
Liam Doyle,Chrome · Blue /150,7
Liam Doyle,Chrome · Purple /250 · Auto,6
Liam Doyle,Chrome · Green /99 · Auto,6
Liam Doyle,Chrome · Sky Blue /499,4
Liam Doyle,Chrome · Yellow /75 · Auto,4
Liam Doyle,Chrome · X-Fractor,3
Liam Doyle,Chrome · Gold /50,2
Liam Doyle,Chrome · Gold /50 · Auto,2
Liam Doyle,Chrome · Aqua /125,2
Liam Doyle,Chrome · Fuchsia Reptilian /199 · Auto,2
Liam Doyle,Chrome · Sparkle · Auto,2
Liam Doyle,Chrome · Magenta Printing Plate,1
Liam Doyle,Chrome · Refractor · Auto,1
Liam Doyle,Chrome · Purple /250,1
Liam Doyle,Chrome · Orange /25 · Auto,1
Liam Doyle,Crystallized,6
Liam Doyle,Crystallized · Orange /25,2
Liam Doyle,Crystallized · Gold /50,1
Liam Doyle,Etched in Glass,4
Liam Doyle,Final Draft,5
Liam Doyle,Image Variations,8
Liam Doyle,Image Variations · Orange,2
Liam Doyle,Prized Prospects,37
Liam Doyle,Prized Prospects · Gold /50,2
Liam Doyle,Prized Prospects · Orange /25,2
Liam Doyle,Prized Prospects /250,2
Liam Doyle,Prized Prospects /99,1
Liam Doyle,Snack-Pack,5
Luis Peña,Base-Paper,19
Luis Peña,Bowman Spotlight,4
Luis Peña,Chrome · Refractor,28
Luis Peña,Chrome · Base,19
Luis Peña,Chrome · Yellow /75,5
Luis Peña,Chrome · Green /99,4
Luis Peña,Chrome · Purple /250,3
Luis Peña,Chrome · Blue /150,2
Luis Peña,Chrome · Aqua /125,2
Luis Peña,Chrome · Fuchsia Reptilian /199,1
Luis Peña,Chrome · Green /99 · Auto,1
Luis Peña,Chrome · Sky Blue /499,1
Luis Peña,Chrome · Gold /50,1
Luis Peña,Prized Prospects,15
Luis Peña,Prized Prospects · Red /5,1
Luis Peña,Prized Prospects · Gold /50,1
Luis Peña,Prized Prospects /250,5
Luke Dickerson,Base-Paper,12
Luke Dickerson,Chrome · Refractor,20
Luke Dickerson,Chrome · Base,8
Luke Dickerson,Chrome · X-Fractor,2
Luke Dickerson,Chrome · Sky Blue /499,2
Luke Dickerson,Chrome · Yellow /75,1
Luke Lacourse,Base-Paper,12
Luke Lacourse,Chrome · Refractor,25
Luke Lacourse,Chrome · Green /99,4
Luke Lacourse,Chrome · Base,2
Luke Lacourse,Chrome · Blue /150,2
Luke Lacourse,Chrome · X-Fractor,2
Luke Lacourse,Chrome · Purple /250,1
Luke Lacourse,Chrome · Fuchsia Reptilian /199,1
Malachi Witherspoon,Base-Paper,17
Malachi Witherspoon,Chrome · Auto,24
Malachi Witherspoon,Chrome · Refractor,13
Malachi Witherspoon,Chrome · Green /99,6
Malachi Witherspoon,Chrome · Sky Blue /499,6
Malachi Witherspoon,Chrome · Base,4
Malachi Witherspoon,Chrome · Purple /250 · Auto,4
Malachi Witherspoon,Chrome · Blue /150,3
Malachi Witherspoon,Chrome · Gold /50 · Auto,3
Malachi Witherspoon,Chrome · Orange /25 · Auto,2
Malachi Witherspoon,Chrome · X-Fractor,2
Malachi Witherspoon,Chrome · Purple /250,2
Malachi Witherspoon,Chrome · Blue /150 · Auto,2
Malachi Witherspoon,Chrome · Sky Blue /499 · Auto,2
Malachi Witherspoon,Chrome · Speckle /71 · Auto,1
Malachi Witherspoon,Chrome · Steel Metal /100,1
Malachi Witherspoon,Snack-Pack,2
Malachi Witherspoon/Kyson Witherspoon,Chrome · Green /99 · Auto,4
Malcolm Moore,Base-Paper,16
Malcolm Moore,Chrome · Refractor,24
Malcolm Moore,Chrome · Base,12
Malcolm Moore,Chrome · Sky Blue /499,6
Malcolm Moore,Chrome · Green /99,6
Malcolm Moore,Chrome · Blue /150,4
Malcolm Moore,Chrome · Fuchsia Reptilian /199,3
Malcolm Moore,Chrome · Purple /250,2
Malcolm Moore,Chrome · X-Fractor,2
Malcolm Moore,Chrome · Orange /25,2
Malcolm Moore,Snack-Pack,2
Marcus Phillips,Base-Paper,18
Marcus Phillips,Chrome · Red /5 · Auto,14
Marcus Phillips,Chrome · Red /5,10
Marcus Phillips,Chrome · Green /99,8
Marcus Phillips,Chrome · X-Fractor,7
Marcus Phillips,Chrome · Auto,7
Marcus Phillips,Chrome · Base,4
Marcus Phillips,Chrome · Blue /150 · Auto,4
Marcus Phillips,Chrome · Fuchsia Reptilian /199,4
Marcus Phillips,Chrome · Refractor,4
Marcus Phillips,Chrome · Gold /50 · Auto,4
Marcus Phillips,Chrome · Sky Blue /499 · Auto,3
Marcus Phillips,Chrome · Green /99 · Auto,2
Marcus Phillips,Chrome · Blue /150,2
Marcus Phillips,Chrome · Mini Diamond,2
Marcus Phillips,Chrome · Sparkle · Auto,2
Marcus Phillips,Chrome · Sky Blue /499,2
Marcus Phillips,Chrome · Logo Refractor /35,2
Marcus Phillips,Chrome · Speckle Refractor,2
Marcus Phillips,Chrome · Purple /250,2
Marcus Phillips,Chrome · Black Printing Plate,2
Marcus Phillips,Chrome · X-Fractor · Auto,2
Marcus Phillips,Chrome · Purple /250 · Auto,1
Marcus Phillips,Snack-Pack,2
Mason McConnaughey,Base-Paper,12
Mason McConnaughey,Chrome · Refractor,16
Mason McConnaughey,Chrome · Yellow /75,5
Mason McConnaughey,Chrome · X-Fractor,5
Mason McConnaughey,Chrome · Aqua /125,4
Mason McConnaughey,Chrome · Fuchsia Reptilian /199,3
Mason McConnaughey,Chrome · Sky Blue /499,2
Mason McConnaughey,Chrome · Speckle Refractor,1
Mason McConnaughey,Chrome · Base,1
Mason McConnaughey,Chrome · Purple /250,1
Mason Morris,Base-Paper,10
Mason Morris,Chrome · Auto,20
Mason Morris,Chrome · Refractor,16
Mason Morris,Chrome · Base,12
Mason Morris,Chrome · Sky Blue /499,6
Mason Morris,Chrome · Purple /250 · Auto,4
Mason Morris,Chrome · Green /99,3
Mason Morris,Chrome · Fuchsia Reptilian /199,3
Mason Morris,Chrome · Yellow /75 · Auto,2
Mason Morris,Chrome · Orange /25 · Auto,2
Mason Morris,Chrome · Orange /25,2
Mason Morris,Chrome · Blue /150 · Auto,2
Mason Morris,Chrome · Aqua /125 · Auto,2
Mason Morris,Chrome · True Black /10,2
Mason Morris,Chrome · Purple /250,2
Mason Morris,Chrome · Aqua Reptilian,2
Mason Morris,Chrome · Mini Diamond,2
Mason Morris,Chrome · X-Fractor,1
Mason Morris,Chrome · Sky Blue /499 · Auto,1
Mason Morris,Chrome · Red /5,1
Mason Morris,Chrome /1 · Auto,1
Mason Neville,Base-Paper,14
Mason Neville,Chrome · Refractor,14
Mason Neville,Chrome · X-Fractor,7
Mason Neville,Chrome · Base,6
Mason Neville,Chrome · Sky Blue /499 · Auto,5
Mason Neville,Chrome · Green /99 · Auto,4
Mason Neville,Chrome · Sky Blue /499,4
Mason Neville,Chrome · Fuchsia Reptilian /199,3
Mason Neville,Chrome · Green /99,3
Mason Neville,Chrome · Purple /250,3
Mason Neville,Chrome · Auto,2
Mason Neville,Chrome · Orange /25,2
Mason Neville,Chrome · Sparkle,2
Mason Neville,Chrome · Gold /50 · Auto,1
Mason Neville,Chrome · Speckle Refractor,1
Mason Neville,Chrome · Aqua /125,1
Mason Neville,Chrome · Purple /250 · Auto,1
Mason Neville,Snack-Pack,2
Mason Peters,Base-Paper,12
Mason Peters,Chrome · Refractor,60
Mason Peters,Chrome · Base,25
Mason Peters,Chrome · Sky Blue /499,21
Mason Peters,Chrome · Aqua /125,8
Mason Peters,Chrome · X-Fractor,7
Mason Peters,Chrome · Yellow /75,6
Mason Peters,Chrome · Green /99,6
Mason Peters,Chrome · Blue /150,5
Mason Peters,Chrome · Fuchsia Reptilian /199,5
Mason Peters,Chrome · Sapphire,5
Mason Peters,Chrome · Purple /250,4
Mason Peters,Chrome · Steel Metal /100,3
Mason Peters,Chrome · Gold /50,2
Mason Peters,Chrome · Sparkle,2
Mason Peters,Chrome · Red /5,1
Mason Peters,Chrome · Orange /25,1
Mason Peters,Sapphire,1
Mason Peters,Snack-Pack,2
Matt Barr,Base-Paper,14
Matt Barr,Chrome · Refractor,10
Matt Barr,Chrome · Base,7
Matt Barr,Chrome · X-Fractor,4
Matt Barr,Chrome · Green /99,3
Matt Barr,Chrome · Logo Refractor /35,2
Matt Barr,Chrome · Purple /250,2
Matt Barr,Chrome · Sky Blue /499,2
Matthew Fisher,Base-Paper,20
Matthew Fisher,Chrome · Auto,36
Matthew Fisher,Chrome · Refractor,26
Matthew Fisher,Chrome · Base,13
Matthew Fisher,Chrome · Green /99 · Auto,11
Matthew Fisher,Chrome · Blue /150 · Auto,11
Matthew Fisher,Chrome · Blue /150,9
Matthew Fisher,Chrome · Green /99,8
Matthew Fisher,Chrome · Sky Blue /499,6
Matthew Fisher,Chrome · Purple /250 · Auto,6
Matthew Fisher,Chrome · Gold /50 · Auto,5
Matthew Fisher,Chrome · Aqua /125 · Auto,5
Matthew Fisher,Chrome · Steel Metal /100,4
Matthew Fisher,Chrome · Aqua /125,4
Matthew Fisher,Chrome · Purple /250,3
Matthew Fisher,Chrome · Black /73 · Auto,3
Matthew Fisher,Chrome · Yellow /75,3
Matthew Fisher,Chrome · X-Fractor,3
Matthew Fisher,Chrome · Orange /25 · Auto,2
Matthew Fisher,Chrome · Yellow /75 · Auto,2
Matthew Fisher,Chrome · Sky Blue /499 · Auto,1
Matthew Fisher,Snack-Pack,5
Matthew Miura,Base-Paper,8
Matthew Miura,Chrome · Refractor,15
Matthew Miura,Chrome · Auto,13
Matthew Miura,Chrome · Blue /150,10
Matthew Miura,Chrome · Purple /250 · Auto,8
Matthew Miura,Chrome · Green /99,7
Matthew Miura,Chrome · Blue /150 · Auto,6
Matthew Miura,Chrome · Base,6
Matthew Miura,Chrome · Yellow /75,5
Matthew Miura,Chrome · Gold /50 · Auto,4
Matthew Miura,Chrome · Gold /50,4
Matthew Miura,Chrome · Sky Blue /499,3
Matthew Miura,Chrome · Sparkle,2
Matthew Miura,Chrome · Mini Diamond,2
Matthew Miura,Chrome · Purple /250,2
Matthew Miura,Chrome · Yellow /75 · Auto,2
Matthew Miura,Chrome · Green /99 · Auto,2
Matthew Miura,Chrome · Black /73 · Auto,2
Matthew Miura,Chrome · Aqua /125 · Auto,2
Matthew Miura,Chrome · X-Fractor · Auto,2
Matthew Miura,Chrome · Sky Blue /499 · Auto,2
Matthew Miura,Chrome · X-Fractor,1
Matthew Miura,Chrome · Parallel · Auto,1
Matthew Miura,Snack-Pack,2
Max Belyeu,Base-Paper,16
Max Belyeu,Chrome · Refractor,32
Max Belyeu,Chrome · Auto,30
Max Belyeu,Chrome · Blue /150 · Auto,12
Max Belyeu,Chrome · Base,12
Max Belyeu,Chrome · Sky Blue /499,12
Max Belyeu,Chrome · Aqua /125,4
Max Belyeu,Chrome · Purple /250 · Auto,4
Max Belyeu,Chrome · Green /99,3
Max Belyeu,Chrome · Gold /50 · Auto,3
Max Belyeu,Chrome · Fuchsia Reptilian /199,2
Max Belyeu,Chrome · X-Fractor,2
Max Belyeu,Chrome · Sparkle,2
Max Belyeu,Chrome · Sky Blue /499 · Auto,2
Max Belyeu,Chrome · Mini Diamond,2
Max Belyeu,Chrome · Yellow /75,2
Max Belyeu,Chrome · Blue /150,1
Max Clark,Base-Paper,14
Max Clark,Chrome · Refractor,26
Max Clark,Chrome · Base,16
Max Clark,Chrome · Sky Blue /499,10
Max Clark,Chrome · Gold /50,5
Max Clark,Chrome · Purple /250,4
Max Clark,Chrome · Green /99,4
Max Clark,Crystallized,5
Max Williams,Base-Paper,18
Max Williams,Chrome · Auto,20
Max Williams,Chrome · Refractor,15
Max Williams,Chrome · Base,12
Max Williams,Chrome · Sky Blue /499 · Auto,10
Max Williams,Chrome · Sky Blue /499,8
Max Williams,Chrome · X-Fractor,7
Max Williams,Chrome · Fuchsia Reptilian /199,6
Max Williams,Chrome · Green /99,4
Max Williams,Chrome · Blue /150 · Auto,4
Max Williams,Chrome · Gold /50 · Auto,2
Max Williams,Chrome · Speckle Refractor · Auto,2
Max Williams,Chrome · Purple /250 · Auto,2
Max Williams,Chrome · Aqua Reptilian,2
Max Williams,Chrome · Fuchsia Reptilian /199 · Auto,2
Max Williams,Chrome · Aqua /125 · Auto,2
Max Williams,Chrome · X-Fractor · Auto,2
Max Williams,Chrome · Blue /150,2
Max Williams,Chrome · Aqua /125,1
Max Williams,Chrome · Black /73 · Auto,1
Max Williams,Chrome · Sparkle,1
Michael Lombardi,Base-Paper,13
Michael Lombardi,Chrome · Refractor,16
Michael Lombardi,Chrome · Blue /150 · Auto,10
Michael Lombardi,Chrome · Auto,10
Michael Lombardi,Chrome · Base,7
Michael Lombardi,Chrome · Purple /250 · Auto,5
Michael Lombardi,Chrome · Gold /50,4
Michael Lombardi,Chrome · Aqua /125 · Auto,4
Michael Lombardi,Chrome · X-Fractor,4
Michael Lombardi,Chrome · Blue /150,2
Michael Lombardi,Chrome · Green /99,2
Michael Lombardi,Chrome · True Black /10,2
Michael Lombardi,Chrome · Aqua Reptilian,2
Michael Lombardi,Chrome · Red /5,2
Michael Lombardi,Chrome · Gold /50 · Auto,2
Michael Lombardi,Chrome · Yellow /75 · Auto,2
Michael Lombardi,Chrome · Sky Blue /499 · Auto,2
Michael Lombardi,Chrome · Fuchsia Reptilian /199 · Auto,2
Michael Lombardi,Chrome · Sky Blue /499,1
Michael Lombardi,Chrome · Speckle Refractor · Auto,1
Michael Lombardi,Snack-Pack,2
Michael Oliveto,Base-Paper,4
Michael Oliveto,Chrome · Auto,67
Michael Oliveto,Chrome · Refractor,16
Michael Oliveto,Chrome · Base,14
Michael Oliveto,Chrome · Blue /150 · Auto,11
Michael Oliveto,Chrome · Sky Blue /499 · Auto,10
Michael Oliveto,Chrome · Aqua /125,4
Michael Oliveto,Chrome · Blue /150,2
Michael Oliveto,Chrome · Aqua /125 · Auto,2
Michael Oliveto,Chrome · Yellow /75,2
Michael Oliveto,Chrome · Gold /50,2
Michael Oliveto,Chrome · Purple /250 · Auto,2
Michael Oliveto,Chrome · Sparkle · Auto,2
Michael Oliveto,Chrome · X-Fractor,2
Michael Oliveto,Chrome · Green /99 · Auto,2
Michael Oliveto,Chrome · Parallel · Auto,2
Michael Oliveto,Chrome · Sky Blue /499,1
Michael Oliveto,Chrome · Fuchsia Reptilian /199,1
Michael Oliveto,Chrome · Green /99,1
Michael Oliveto,Chrome · Gold /50 · Auto,1
Michael Oliveto,Snack-Pack,2
Michael Salina,Base-Paper,12
Michael Salina,Chrome · Sky Blue /499,12
Michael Salina,Chrome · Refractor,12
Michael Salina,Chrome · Base,12
Michael Salina,Chrome · Green /99,7
Michael Salina,Chrome · Fuchsia Reptilian /199,4
Michael Salina,Chrome · Logo Refractor /35,4
Michael Salina,Chrome · Steel Metal /100,2
Michael Salina,Chrome · Red /5,2
Michael Salina,Chrome · Yellow /75,2
Michael Salina,Chrome · Gold /50,1
Miguel Sime Jr.,Base-Paper,12
Miguel Sime Jr.,Chrome · Base,24
Miguel Sime Jr.,Chrome · Auto,22
Miguel Sime Jr.,Chrome · Refractor,15
Miguel Sime Jr.,Chrome · Blue /150 · Auto,8
Miguel Sime Jr.,Chrome · Aqua /125 · Auto,6
Miguel Sime Jr.,Chrome · Gold /50 · Auto,6
Miguel Sime Jr.,Chrome · Purple /250,5
Miguel Sime Jr.,Chrome · Green /99,5
Miguel Sime Jr.,Chrome · Speckle Refractor · Auto,5
Miguel Sime Jr.,Chrome · X-Fractor,4
Miguel Sime Jr.,Chrome · Fuchsia Reptilian /199 · Auto,4
Miguel Sime Jr.,Chrome · X-Fractor · Auto,4
Miguel Sime Jr.,Chrome · Green /99 · Auto,3
Miguel Sime Jr.,Chrome · Aqua /125,2
Miguel Sime Jr.,Chrome · Sky Blue /499,2
Miguel Sime Jr.,Chrome · Superfractor,2
Miguel Sime Jr.,Chrome · Sky Blue /499 · Auto,2
Miguel Sime Jr.,Chrome · Wave · Auto,1
Miguel Sime Jr.,Chrome · Blue /150,1
Mike Sirota,Base-Paper,10
Mike Sirota,Chrome · Refractor,23
Mike Sirota,Chrome · Base,8
Mike Sirota,Chrome · Sky Blue /499,6
Mike Sirota,Chrome · Fuchsia Reptilian /199,5
Mike Sirota,Chrome · Green /99,4
Mike Sirota,Chrome · Blue /150,2
Mike Sirota,Chrome · Orange /25,2
Mike Sirota,Chrome · Purple /250,2
Mike Sirota,Chrome · Gold /50,1
Mike Sirota,Chrome · Yellow /75,1
Mitch Voit,Base-Paper,34
Mitch Voit,Bowman Draft Night,46
Mitch Voit,Bowman Draft Night · Gold /50,2
Mitch Voit,Bowman Draft Night · Red /5,1
Mitch Voit,Chrome · Auto,40
Mitch Voit,Chrome · Refractor,27
Mitch Voit,Chrome · Base,19
Mitch Voit,Chrome · Sky Blue /499 · Auto,10
Mitch Voit,Chrome · Green /99,8
Mitch Voit,Chrome · X-Fractor,6
Mitch Voit,Chrome · Sky Blue /499,5
Mitch Voit,Chrome · Speckle Refractor,4
Mitch Voit,Chrome · Yellow /75 · Auto,4
Mitch Voit,Chrome · Yellow /75,4
Mitch Voit,Chrome · Aqua /125,3
Mitch Voit,Chrome · Fuchsia Reptilian /199,2
Mitch Voit,Chrome · Blue /150 · Auto,2
Mitch Voit,Chrome · Parallel · Auto,2
Mitch Voit,Chrome · Blue /150,2
Mitch Voit,Chrome · Purple /250,1
Mitch Voit,Chrome · Orange /25,1
Mitch Voit,Prized Prospects,40
Mitch Voit,Prized Prospects · Green /99,2
Mitch Voit,Prized Prospects · Sparkle /150,2
Mitch Voit,Snack-Pack,2
Murf Gray,Base-Paper,10
Murf Gray,Chrome · Refractor,16
Murf Gray,Chrome · Auto,14
Murf Gray,Chrome · Base,13
Murf Gray,Chrome · Aqua /125 · Auto,6
Murf Gray,Chrome · Orange /25 · Auto,4
Murf Gray,Chrome · Purple /250 · Auto,3
Murf Gray,Chrome · Yellow /75 · Auto,2
Murf Gray,Chrome · Sky Blue /499 · Auto,2
Murf Gray,Chrome · Gold /50,2
Murf Gray,Chrome · Parallel · Auto,2
Murf Gray,Chrome · Green /99 · Auto,2
Murf Gray,Chrome · Sky Blue /499,1
Murf Gray,Chrome /10 · Auto,2
Nate George,Base-Paper,6
Nate George,Chrome · Refractor,9
Nate George,Chrome · Base,7
Nate George,Chrome · Blue /150,6
Nate George,Chrome · Green /99,4
Nate George,Chrome · Purple /250,2
Nate George,Chrome · Gold /50,1
Nate Snead,Base-Paper,8
Nate Snead,Chrome · Refractor,23
Nate Snead,Chrome · Auto,16
Nate Snead,Chrome · Purple /250 · Auto,4
Nate Snead,Chrome · Blue /150 · Auto,4
Nate Snead,Chrome · Purple /250,4
Nate Snead,Chrome · Base,4
Nate Snead,Chrome · Sky Blue /499 · Auto,3
Nate Snead,Chrome · Aqua /125,2
Nate Snead,Chrome · Gold /50,2
Nate Snead,Chrome · Sky Blue /499,2
Nate Snead,Chrome · Blue /150,2
Nate Snead,Chrome · Parallel · Auto,2
Nate Snead,Chrome · Fuchsia Reptilian /199,2
Nate Snead,Chrome · Mini Diamond /71 · Auto,2
Nate Snead,Chrome · Aqua /125 · Auto,2
Nate Snead,Chrome · Black /73 · Auto,2
Nate Snead,Chrome · Gold /50 · Auto,1
Nate Snead,Chrome · Yellow /75 · Auto,1
Nate Snead,Chrome · Orange /25,1
Nate Snead,Chrome · True Black /10 · Auto,1
Nick Becker,Base-Paper,35
Nick Becker,Chrome · Auto,48
Nick Becker,Chrome · Refractor,46
Nick Becker,Chrome · Base,20
Nick Becker,Chrome · Sky Blue /499,13
Nick Becker,Chrome · Sky Blue /499 · Auto,11
Nick Becker,Chrome · Blue /150 · Auto,10
Nick Becker,Chrome · Purple /250 · Auto,6
Nick Becker,Chrome · Green /99,5
Nick Becker,Chrome · Yellow /75,4
Nick Becker,Chrome · Aqua /125,4
Nick Becker,Chrome · True Black /10,3
Nick Becker,Chrome · Aqua /125 · Auto,3
Nick Becker,Chrome · Blue /150,3
Nick Becker,Chrome · Gold /50,2
Nick Becker,Chrome · X-Fractor · Auto,2
Nick Becker,Chrome · Parallel · Auto,2
Nick Becker,Chrome · Green /99 · Auto,2
Nick Becker,Chrome · Gold /50 · Auto,2
Nick Becker,Chrome · Red /5,1
Nick Becker,Chrome · Speckle Refractor · Auto,1
Nick Becker,Chrome · Orange /25 · Auto,1
Nick Becker,Chrome · Yellow /75 · Auto,1
Nick Becker,Chrome · Steel Metal /100,1
Nick Becker,Chrome · Purple /250,1
Nick Becker,Chrome · Logo Refractor /35,1
Nick Becker,Chrome · X-Fractor,1
Nick Becker,Chrome · Fuchsia Reptilian /199,1
Nick Becker,Snack-Pack,5
Nolan Sailors,Base-Paper,10
Nolan Sailors,Chrome · Auto,15
Nolan Sailors,Chrome · Base,9
Nolan Sailors,Chrome · Sky Blue /499 · Auto,8
Nolan Sailors,Chrome · Refractor,7
Nolan Sailors,Chrome · Blue /150 · Auto,3
Nolan Sailors,Chrome · Fuchsia Reptilian /199 · Auto,2
Nolan Sailors,Chrome · Blue /150,1
Nolan Sailors,Chrome · X-Fractor,1
Nolan Sailors,Chrome · Purple /250 · Auto,1
Nolan Schubart,Base-Paper,18
Nolan Schubart,Chrome · Refractor,18
Nolan Schubart,Chrome · Base,12
Nolan Schubart,Chrome · Purple /250 · Auto,8
Nolan Schubart,Chrome · Green /99 · Auto,6
Nolan Schubart,Chrome · Blue /150 · Auto,6
Nolan Schubart,Chrome · Auto,5
Nolan Schubart,Chrome · Fuchsia Reptilian /199,4
Nolan Schubart,Chrome · Green /99,4
Nolan Schubart,Chrome · Gold /50 · Auto,4
Nolan Schubart,Chrome · Purple /250,4
Nolan Schubart,Chrome · Aqua Reptilian,3
Nolan Schubart,Chrome · True Black /10 · Auto,3
Nolan Schubart,Chrome · X-Fractor · Auto,2
Nolan Schubart,Chrome · Sky Blue /499 · Auto,2
Nolan Schubart,Chrome · Yellow /75 · Auto,2
Nolan Schubart,Chrome · X-Fractor,2
Nolan Schubart,Chrome · Blue /150,1
Nolan Schubart,Chrome · Sky Blue /499,1
Nolan Schubart,Chrome · Black Printing Plate,1
Nolan Schubart,Snack-Pack,2
Patrick Forbes,Base-Paper,26
Patrick Forbes,Chrome · Auto,37
Patrick Forbes,Chrome · Refractor,31
Patrick Forbes,Chrome · Base,14
Patrick Forbes,Chrome · Blue /150 · Auto,8
Patrick Forbes,Chrome · Yellow /75,6
Patrick Forbes,Chrome · Sky Blue /499,5
Patrick Forbes,Chrome · Green /99,5
Patrick Forbes,Chrome · X-Fractor,4
Patrick Forbes,Chrome · Speckle Refractor · Auto,4
Patrick Forbes,Chrome · Sky Blue /499 · Auto,3
Patrick Forbes,Chrome · Green /99 · Auto,2
Patrick Forbes,Chrome · Logo Refractor /35,2
Patrick Forbes,Chrome · Red /5 · Auto,2
Patrick Forbes,Chrome · Yellow /75 · Auto,2
Patrick Forbes,Chrome · Red /5,2
Patrick Forbes,Chrome · Steel Metal /100,2
Patrick Forbes,Chrome · Gold /50,1
Patrick Forbes,Snack-Pack,4
Peter Kussow,Base-Paper,17
Peter Kussow,Chrome · Refractor,16
Peter Kussow,Chrome · Base,12
Peter Kussow,Chrome · Auto,11
Peter Kussow,Chrome · Green /99,7
Peter Kussow,Chrome · Blue /150 · Auto,5
Peter Kussow,Chrome · Sky Blue /499,4
Peter Kussow,Chrome · Sky Blue /499 · Auto,4
Peter Kussow,Chrome · Fuchsia Reptilian /199,4
Peter Kussow,Chrome · Yellow /75,4
Peter Kussow,Chrome · Yellow /75 · Auto,3
Peter Kussow,Chrome · Fuchsia Reptilian /199 · Auto,3
Peter Kussow,Chrome · Black /73,2
Peter Kussow,Chrome · X-Fractor,2
Peter Kussow,Chrome · Purple /250 · Auto,2
Peter Kussow,Chrome · Parallel,2
Peter Kussow,Chrome · Gold /50 · Auto,2
Peter Kussow,Chrome · Aqua /125,2
Peter Kussow,Chrome · Purple /250,1
Peter Kussow,Chrome · Aqua /125 · Auto,1
Peter Kussow,Chrome · Green /99 · Auto,1
Peter Kussow,Chrome · Printing Plate · Auto,1
Pico Kohn,Base-Paper,10
Pico Kohn,Chrome · Refractor,25
Pico Kohn,Chrome · Base,14
Pico Kohn,Chrome · Auto,12
Pico Kohn,Chrome · Blue /150 · Auto,12
Pico Kohn,Chrome · Sky Blue /499 · Auto,8
Pico Kohn,Chrome · Purple /250 · Auto,6
Pico Kohn,Chrome · Sky Blue /499,5
Pico Kohn,Chrome · Aqua Reptilian,4
Pico Kohn,Chrome · X-Fractor · Auto,4
Pico Kohn,Chrome · Yellow /75,3
Pico Kohn,Chrome · Green /99 · Auto,2
Pico Kohn,Chrome · Red /5 · Auto,2
Pico Kohn,Chrome · Purple /250,2
Pico Kohn,Chrome · Fuchsia Reptilian /199 · Auto,2
Pico Kohn,Chrome · Yellow /75 · Auto,2
Pico Kohn,Chrome · Green /99,2
Pico Kohn,Chrome · Steel Metal /100,2
Pico Kohn,Chrome · Black /73,1
Pico Kohn,Chrome · Gold /50,1
Pico Kohn,Chrome · Gold /50 · Auto,1
Quentin Young,Base-Paper,25
Quentin Young,Bowman Axis · Base,45
Quentin Young,Bowman Axis · Orange,2
Quentin Young,Bowman Axis · Parallel,2
Quentin Young,Chrome · Auto,40
Quentin Young,Chrome · Refractor,15
Quentin Young,Chrome · Purple /250,6
Quentin Young,Chrome · X-Fractor,6
Quentin Young,Chrome · Green /99,6
Quentin Young,Chrome · Sky Blue /499 · Auto,4
Quentin Young,Chrome · Yellow /75 · Auto,3
Quentin Young,Chrome · Aqua /125,3
Quentin Young,Chrome · True Black /10 · Auto,2
Quentin Young,Chrome · Base,2
Quentin Young,Chrome · Sky Blue /499,2
Quentin Young,Chrome · Blue /150 · Auto,2
Quentin Young,Chrome · Aqua /125 · Auto,2
Quentin Young,Chrome · Purple /250 · Auto,2
Quentin Young,Chrome · Steel Metal /100,1
Quentin Young,Chrome · Sparkle · Auto,1
Quentin Young,Chrome · Fuchsia Reptilian /199 · Auto,1
Quentin Young,Snack-Pack,3
Rainiel Rodriguez,Base-Paper,2
Rainiel Rodriguez,Chrome · Refractor,15
Rainiel Rodriguez,Chrome · Base,7
Rainiel Rodriguez,Chrome · Purple /250,5
Rainiel Rodriguez,Chrome · Sky Blue /499,2
Rainiel Rodriguez,Chrome · True Black /10,2
Rainiel Rodriguez,Chrome · Blue /150,2
Riley Kelly,Base-Paper,16
Riley Kelly,Chrome · Auto,29
Riley Kelly,Chrome · Base,14
Riley Kelly,Chrome · Refractor,13
Riley Kelly,Chrome · Sky Blue /499,9
Riley Kelly,Chrome · X-Fractor,8
Riley Kelly,Chrome · Gold /50 · Auto,6
Riley Kelly,Chrome · Orange /25 · Auto,4
Riley Kelly,Chrome · Aqua /125,4
Riley Kelly,Chrome · Orange /25,2
Riley Kelly,Chrome · Purple /250,2
Riley Kelly,Chrome · Aqua Reptilian,2
Riley Kelly,Chrome · Sparkle · Auto,2
Riley Kelly,Chrome · Fuchsia Reptilian /199,2
Riley Kelly,Chrome · Green /99,2
Riley Kelly,Chrome · Superfractor · Auto,2
Riley Kelly,Chrome · Blue /150 · Auto,2
Riley Kelly,Chrome · Aqua /125 · Auto,1
Riley Kelly,Snack-Pack,2
Riley Quick,Base-Paper,22
Riley Quick,Chrome · Refractor,23
Riley Quick,Chrome · Base,17
Riley Quick,Chrome · Auto,16
Riley Quick,Chrome · Blue /150 · Auto,7
Riley Quick,Chrome · Green /99 · Auto,5
Riley Quick,Chrome · Sky Blue /499,5
Riley Quick,Chrome · Fuchsia Reptilian /199 · Auto,4
Riley Quick,Chrome · Purple /250 · Auto,3
Riley Quick,Chrome · Gold /50,2
Riley Quick,Chrome · Green /99,2
Riley Quick,Chrome · Gold /50 · Auto,2
Riley Quick,Chrome · Yellow /75,2
Riley Quick,Chrome · Steel Metal /100,2
Riley Quick,Chrome · Aqua /125,2
Riley Quick,Chrome · Sparkle,2
Riley Quick,Chrome · Sky Blue /499 · Auto,1
Riley Quick,Chrome · Yellow /75 · Auto,1
Riley Quick,Chrome · True Black /10 · Auto,1
Riley Quick,Snack-Pack,7
Roc Riggio,Base-Paper,8
Roc Riggio,Chrome · Refractor,22
Roc Riggio,Chrome · Purple /250,8
Roc Riggio,Chrome · Base,8
Roc Riggio,Chrome · Sky Blue /499,7
Roc Riggio,Chrome · Yellow /75,6
Roc Riggio,Chrome · Blue /150,2
Roc Riggio,Chrome · Gold /50,2
Roc Riggio,Chrome · Steel Metal /100,2
Roc Riggio,Chrome · X-Fractor,2
Roc Riggio,Chrome · Green /99,1
Ryan Mitchell,Base-Paper,24
Ryan Mitchell,Chrome · Base,23
Ryan Mitchell,Chrome · Refractor,15
Ryan Mitchell,Chrome · Auto,13
Ryan Mitchell,Chrome · Sky Blue /499 · Auto,10
Ryan Mitchell,Chrome · X-Fractor,8
Ryan Mitchell,Chrome · Sky Blue /499,5
Ryan Mitchell,Chrome · Blue /150,4
Ryan Mitchell,Chrome · Fuchsia Reptilian /199 · Auto,4
Ryan Mitchell,Chrome · Aqua /125,3
Ryan Mitchell,Chrome · Fuchsia Reptilian /199,3
Ryan Mitchell,Chrome · Gold /50,2
Ryan Mitchell,Chrome · Aqua /125 · Auto,2
Ryan Mitchell,Chrome · Orange /25,2
Ryan Mitchell,Chrome · Yellow /75 · Auto,2
Ryan Mitchell,Chrome · Purple /250 · Auto,2
Ryan Mitchell,Chrome · Gold /50 · Auto,2
Ryan Mitchell,Chrome · Logo Refractor /35,2
Ryan Mitchell,Chrome · Green /99,1
Ryan Mitchell,Chrome · Red /5 · Auto,1
Ryan Mitchell,Chrome · Green /99 · Auto,1
Ryan Mitchell,Chrome · Mini Diamond,1
Ryan Sloan,Base-Paper,8
Ryan Sloan,Chrome · Refractor,17
Ryan Sloan,Chrome · Sky Blue /499,11
Ryan Sloan,Chrome · Fuchsia Reptilian /199,2
Ryan Sloan,Chrome · X-Fractor,2
Ryan Sloan,Chrome · Blue /150,2
Ryan Sloan,Chrome · Steel Metal /100,2
Ryan Waldschmidt,Base-Paper,10
Ryan Waldschmidt,Chrome · Refractor,24
Ryan Waldschmidt,Chrome · Sky Blue /499,6
Ryan Waldschmidt,Chrome · Base,4
Ryan Waldschmidt,Chrome · Blue /150,4
Ryan Waldschmidt,Chrome · Steel Metal /100,4
Ryan Waldschmidt,Chrome · X-Fractor,3
Ryan Waldschmidt,Chrome · Fuchsia Reptilian /199,2
Ryan Waldschmidt,Chrome · Red /5,2
Ryan Waldschmidt,Chrome · Black /73,2
Ryan Waldschmidt,Chrome · Mini Diamond,2
Ryan Waldschmidt,Chrome · Yellow /75,1
Ryan Waldschmidt,Snack-Pack,4
Ryan Wideman,Base-Paper,13
Ryan Wideman,Chrome · Base,18
Ryan Wideman,Chrome · Auto,11
Ryan Wideman,Chrome · Refractor,4
Ryan Wideman,Chrome · Purple /250,2
Ryan Wideman,Chrome · Gold /50,2
Ryan Wideman,Chrome · Steel Metal /100,2
Ryan Wideman,Chrome · Blue /150 · Auto,2
Ryan Wideman,Chrome · Purple /250 · Auto,1
Ryan Wideman,Chrome · Sky Blue /499 · Auto,1
Ryan Wideman,Chrome · Gold /50 · Auto,1
Sammy Stafura,Base-Paper,10
Sammy Stafura,Chrome · Refractor,18
Sammy Stafura,Chrome · Sky Blue /499,11
Sammy Stafura,Chrome · Base,8
Sammy Stafura,Chrome · Blue /150,2
Sammy Stafura,Chrome · Sky Blue /499 · Auto,2
Sammy Stafura,Chrome · Purple /250,1
Sammy Stafura,Chrome · Yellow /75,1
Sean Episcope,Base-Paper,20
Sean Episcope,Chrome · Refractor,26
Sean Episcope,Chrome · Base,8
Sean Episcope,Chrome · Green /99,6
Sean Episcope,Chrome · Gold /50,4
Sean Episcope,Chrome · X-Fractor,4
Sean Episcope,Chrome · Steel Metal /100,2
Sean Episcope,Snack-Pack,2
Sean Gamble,Base-Paper,36
Sean Gamble,Chrome · Refractor,27
Sean Gamble,Chrome · Base,22
Sean Gamble,Chrome · Auto,17
Sean Gamble,Chrome · Green /99,4
Sean Gamble,Chrome · Blue /150 · Auto,3
Sean Gamble,Chrome · Sky Blue /499 · Auto,3
Sean Gamble,Chrome · Gold /50 · Auto,3
Sean Gamble,Chrome · Sky Blue /499,2
Sean Gamble,Chrome · Yellow /75,2
Sean Gamble,Chrome · Red /5,2
Sean Gamble,Chrome · Green /99 · Auto,2
Sean Gamble,Chrome · Yellow /75 · Auto,2
Sean Gamble,Chrome · Parallel · Auto,2
Sean Gamble,Chrome · Aqua /125 · Auto,2
Sean Gamble,Chrome · Purple /250,1
Sean Gamble,Chrome · Fuchsia Reptilian /199 · Auto,1
Sean Gamble,Chrome · Fuchsia Reptilian /199,1
Sean Gamble,Chrome · Blue /150,1
Sean Youngerman,Base-Paper,26
Sean Youngerman,Chrome · Refractor,45
Sean Youngerman,Chrome · Base,17
Sean Youngerman,Chrome · X-Fractor,14
Sean Youngerman,Chrome · Aqua /125,8
Sean Youngerman,Chrome · Purple /250,8
Sean Youngerman,Chrome · Green /99,5
Sean Youngerman,Chrome · Blue /150,5
Sean Youngerman,Chrome · Sky Blue /499,5
Sean Youngerman,Chrome · Steel Metal /100,3
Sean Youngerman,Chrome · Gold /50,1
Sean Youngerman,Chrome · Sparkle,1
Sean Youngerman,Chrome · Speckle Refractor,1
Sean Youngerman,Chrome · Fuchsia Reptilian /199,1
Sean Youngerman,Snack-Pack,3
Sebastian Walcott,Base-Paper,12
Sebastian Walcott,Chrome · Refractor,34
Sebastian Walcott,Chrome · Base,12
Sebastian Walcott,Chrome · Aqua /125,6
Sebastian Walcott,Chrome · Sky Blue /499,3
Sebastian Walcott,Chrome · X-Fractor,2
Sebastian Walcott,Chrome · Fuchsia Reptilian /199,2
Sebastian Walcott,Chrome · Green /99,2
Sebastian Walcott,Crystallized · Orange /25,3
Sebastian Walcott,Crystallized,2
Sebastian Walcott,Crystallized · Gold /50,2
Sebastian Walcott,Final Draft,2
Sebastian Walcott,Snack-Pack,2
Seth Hernandez,Base-Paper,72
Seth Hernandez,Bowman Draft Night,24
Seth Hernandez,Bowman Draft Night · Superfractor /1 · Auto,2
Seth Hernandez,Bowman Draft Night /150,2
Seth Hernandez,Bowman Draft Night /250,1
Seth Hernandez,Bowman Draft Night /99 · Auto,3
Seth Hernandez,Bowman In Action,20
Seth Hernandez,Bowman In Action · Gold /50,2
Seth Hernandez,Bowman In Action · Mini Diamond /150,2
Seth Hernandez,Bowman In Action · Green /99,2
Seth Hernandez,Bowman Spotlight,3
Seth Hernandez,Chrome · Base,41
Seth Hernandez,Chrome · Refractor,32
Seth Hernandez,Chrome · Auto,22
Seth Hernandez,Chrome · Sky Blue /499 · Auto,11
Seth Hernandez,Chrome · Sky Blue /499,9
Seth Hernandez,Chrome · Green /99 · Auto,7
Seth Hernandez,Chrome · Green /99,6
Seth Hernandez,Chrome · Blue /150,6
Seth Hernandez,Chrome · Aqua Reptilian,6
Seth Hernandez,Chrome · Yellow /75 · Auto,5
Seth Hernandez,Chrome · Gold /50 · Auto,4
Seth Hernandez,Chrome · Aqua /125,4
Seth Hernandez,Chrome · Blue /150 · Auto,4
Seth Hernandez,Chrome · Yellow /75,3
Seth Hernandez,Chrome · Purple /250 · Auto,3
Seth Hernandez,Chrome · Steel Metal /100,3
Seth Hernandez,Chrome · Gold /50,3
Seth Hernandez,Chrome · Orange /25 · Auto,3
Seth Hernandez,Chrome · Parallel · Auto,3
Seth Hernandez,Chrome · X-Fractor,2
Seth Hernandez,Chrome · Sparkle,2
Seth Hernandez,Chrome · Purple /250,2
Seth Hernandez,Chrome · X-Fractor · Auto,2
Seth Hernandez,Chrome · Aqua /125 · Auto,2
Seth Hernandez,Chrome · Fuchsia Reptilian /199 · Auto,1
Seth Hernandez,Chrome · Black Printing Plate · Auto,1
Seth Hernandez,Crystallized,2
Seth Hernandez,Crystallized · Red /5,1
Seth Hernandez,Crystallized · Orange /25,1
Seth Hernandez,Etched in Glass,2
Seth Hernandez,Final Draft,5
Seth Hernandez,Image Variations,5
Seth Hernandez,Image Variations · Auto,1
Seth Hernandez,Snack-Pack,2
Shotaro Morii,Base-Paper,27
Shotaro Morii,Bowman Axis · Base,51
Shotaro Morii,Bowman Axis · Parallel,2
Shotaro Morii,Bowman Axis · Gold,1
Shotaro Morii,Chrome · Refractor,25
Shotaro Morii,Chrome · Base,21
Shotaro Morii,Chrome · Sky Blue /499,4
Shotaro Morii,Chrome · Fuchsia Reptilian /199,4
Shotaro Morii,Chrome · Green /99,3
Shotaro Morii,Chrome · X-Fractor,2
Shotaro Morii,Chrome · Blue /150,2
Shotaro Morii,Chrome · Orange /25,1
Shotaro Morii,Chrome · Speckle Refractor,1
Shotaro Morii,Final Draft,3
Shotaro Morii,Prized Prospects,46
Shotaro Morii,Prized Prospects · Mini Diamond,2
Slade Caldwell,Base-Paper,10
Slade Caldwell,Chrome · Base,15
Slade Caldwell,Chrome · Refractor,14
Slade Caldwell,Chrome · Sky Blue /499,6
Slade Caldwell,Chrome · Green /99,5
Slade Caldwell,Chrome · Purple /250 · Auto,4
Slade Caldwell,Chrome · X-Fractor,2
Slade Caldwell,Chrome · Mini Diamond,2
Slade Caldwell,Chrome · Fuchsia Reptilian /199,2
Slade Caldwell,Chrome · Steel Metal /100,2
Slade Caldwell,Chrome · True Black /10,2
Spencer Jones,Base-Paper,14
Spencer Jones,Chrome · Refractor,29
Spencer Jones,Chrome · Base,18
Spencer Jones,Chrome · Sky Blue /499,11
Spencer Jones,Chrome · Green /99,6
Spencer Jones,Chrome · Sparkle,4
Spencer Jones,Chrome · Purple /250,4
Spencer Jones,Chrome · Yellow /75,3
Spencer Jones,Chrome · Blue /150,2
Spencer Jones,Chrome · X-Fractor,2
Steele Hall,Base-Paper,65
Steele Hall,Bowman Axis · Base,31
Steele Hall,Bowman Axis · Green,2
Steele Hall,Bowman Axis · Parallel,2
Steele Hall,Bowman In Action,17
Steele Hall,Bowman In Action · Mini Diamond /150,2
Steele Hall,Bowman Spotlight,3
Steele Hall,Chrome · Base,55
Steele Hall,Chrome · Refractor,53
Steele Hall,Chrome · Auto,33
Steele Hall,Chrome · Sky Blue /499 · Auto,11
Steele Hall,Chrome · Sky Blue /499,10
Steele Hall,Chrome · Purple /250 · Auto,8
Steele Hall,Chrome · Green /99 · Auto,7
Steele Hall,Chrome · Yellow /75 · Auto,6
Steele Hall,Chrome · Purple /250,5
Steele Hall,Chrome · Blue /150 · Auto,5
Steele Hall,Chrome · Aqua Reptilian,5
Steele Hall,Chrome · Aqua /125,4
Steele Hall,Chrome · Sparkle,4
Steele Hall,Chrome · X-Fractor,4
Steele Hall,Chrome · Green /99,4
Steele Hall,Chrome · Red /5,3
Steele Hall,Chrome · Orange /25,2
Steele Hall,Chrome · Blue /150,2
Steele Hall,Chrome · Gold /50 · Auto,2
Steele Hall,Chrome · Fuchsia Reptilian /199 · Auto,2
Steele Hall,Chrome · Parallel · Auto,1
Steele Hall,Chrome · Aqua /125 · Auto,1
Steele Hall,Chrome · Speckle Refractor,1
Steele Hall,Chrome · Sparkle · Auto,1
Steele Hall,Chrome · Gold /50,1
Steele Hall,Crystallized · Gold /50,3
Steele Hall,Etched in Glass,5
Steele Hall,Final Draft,4
Steele Hall,Snack-Pack,4
Taitn Gray,Base-Paper,6
Taitn Gray,Chrome · Auto,16
Taitn Gray,Chrome · Refractor,12
Taitn Gray,Chrome · Gold /50 · Auto,8
Taitn Gray,Chrome · Base,7
Taitn Gray,Chrome · Sky Blue /499,6
Taitn Gray,Chrome · Green /99,3
Taitn Gray,Chrome · Yellow /75 · Auto,3
Taitn Gray,Chrome · Sky Blue /499 · Auto,2
Taitn Gray,Chrome · Aqua /125 · Auto,2
Taitn Gray,Chrome · Green /99 · Auto,2
Taitn Gray,Chrome · Blue /150 · Auto,1
Taitn Gray,Snack-Pack,2
Tanner Franklin,Base-Paper,12
Tanner Franklin,Chrome · Purple /250 · Auto,14
Tanner Franklin,Chrome · Refractor,14
Tanner Franklin,Chrome · Blue /150,8
Tanner Franklin,Chrome · Green /99 · Auto,8
Tanner Franklin,Chrome · Sky Blue /499,8
Tanner Franklin,Chrome · Auto,8
Tanner Franklin,Chrome · Purple /250,7
Tanner Franklin,Chrome · Base,7
Tanner Franklin,Chrome · Green /99,6
Tanner Franklin,Chrome · Gold /50,4
Tanner Franklin,Chrome · Sky Blue /499 · Auto,4
Tanner Franklin,Chrome · X-Fractor,3
Tanner Franklin,Chrome · Gold /50 · Auto,2
Tanner Franklin,Chrome · Blue /150 · Auto,2
Tanner Franklin,Chrome · Parallel · Auto,2
Tanner Franklin,Chrome · Yellow /75,2
Tanner Franklin,Chrome · X-Fractor · Auto,2
Tanner Franklin,Chrome · Fuchsia Reptilian /199,1
Tanner Franklin,Chrome · Aqua /125,1
Tanner Franklin,Chrome · Aqua /125 · Auto,1
Tanner Franklin,Snack-Pack,3
Tate Southisene,Base-Paper,34
Tate Southisene,Bowman Draft Night,42
Tate Southisene,Bowman Draft Night · Orange /25,1
Tate Southisene,Bowman Draft Night /25,1
Tate Southisene,Bowman Spotlight,8
Tate Southisene,Bowman Spotlight · Red /5,1
Tate Southisene,Chrome · Refractor,32
Tate Southisene,Chrome · Base,29
Tate Southisene,Chrome · Auto,22
Tate Southisene,Chrome · Purple /250,8
Tate Southisene,Chrome · Sky Blue /499 · Auto,8
Tate Southisene,Chrome · Aqua /125 · Auto,4
Tate Southisene,Chrome · Blue /150 · Auto,4
Tate Southisene,Chrome · Sky Blue /499,3
Tate Southisene,Chrome · Blue /150,3
Tate Southisene,Chrome · Fuchsia Reptilian /199,3
Tate Southisene,Chrome · Green /99,3
Tate Southisene,Chrome · X-Fractor,2
Tate Southisene,Chrome · Aqua Reptilian,2
Tate Southisene,Chrome · Logo Refractor /35,2
Tate Southisene,Chrome · Yellow /75 · Auto,2
Tate Southisene,Chrome · Gold /50 · Auto,2
Tate Southisene,Chrome · Magenta Printing Plate,1
Tate Southisene,Chrome · Gold /50,1
Tate Southisene,Chrome · Orange /25,1
Tate Southisene,Chrome · Green /99 · Auto,1
Tate Southisene,Etched in Glass,6
Tate Southisene,Snack-Pack,2
Thayron Liranzo,Base-Paper,10
Thayron Liranzo,Chrome · Refractor,14
Thayron Liranzo,Chrome · Base,8
Thayron Liranzo,Chrome · Blue /150,6
Thayron Liranzo,Chrome · Sky Blue /499,3
Thayron Liranzo,Chrome · Green /99,3
Thayron Liranzo,Chrome · Yellow /75,2
Thayron Liranzo,Chrome · Purple /250,2
Thayron Liranzo,Chrome · Red /5,2
Thayron Liranzo,Chrome · Gold /50,1
Theo Gillen,Base-Paper,10
Theo Gillen,Bowman In Action,24
Theo Gillen,Chrome · Refractor,24
Theo Gillen,Chrome · Aqua /125,6
Theo Gillen,Chrome · Base,6
Theo Gillen,Chrome · Orange /25,2
Theo Gillen,Chrome · Green /99,2
Theo Gillen,Chrome · Blue /150,2
Theo Gillen,Chrome · X-Fractor,2
Theo Gillen,Chrome · Gold /50,1
Thomas White,Base-Paper,14
Thomas White,Chrome · Refractor,23
Thomas White,Chrome · Base,15
Thomas White,Chrome · Gold /50,2
Thomas White,Chrome · Sky Blue /499,2
Thomas White,Chrome · Steel Metal /100,2
Thomas White,Chrome · Blue /150,1
Thomas White,Chrome · Sparkle,1
Thomas White,Chrome · Logo Refractor /35,1
Thomas White,Chrome · Green /99,1
Thomas White,Chrome · Black Geometric /10,1
Tim Piasentin,Base-Paper,16
Tim Piasentin,Chrome · Blue /150,22
Tim Piasentin,Chrome · Base,10
Tim Piasentin,Chrome · Auto,8
Tim Piasentin,Chrome · Refractor,8
Tim Piasentin,Chrome · Sky Blue /499,7
Tim Piasentin,Chrome · Purple /250 · Auto,7
Tim Piasentin,Chrome · Logo Refractor /35,6
Tim Piasentin,Chrome · Aqua /125,5
Tim Piasentin,Chrome · X-Fractor,4
Tim Piasentin,Chrome · Purple /250,4
Tim Piasentin,Chrome · Blue /150 · Auto,4
Tim Piasentin,Chrome · Aqua /125 · Auto,4
Tim Piasentin,Chrome · Yellow /75,2
Tim Piasentin,Chrome · Sky Blue /499 · Auto,2
Tim Piasentin,Chrome · True Black /10,2
Tim Piasentin,Chrome · Yellow /75 · Auto,2
Tim Piasentin,Chrome · Sparkle · Auto,2
Tim Piasentin,Chrome · Aqua Reptilian,1
Tommy Troy,Base-Paper,6
Tommy Troy,Chrome · Refractor,24
Tommy Troy,Chrome · X-Fractor,10
Tommy Troy,Chrome · Base,10
Tommy Troy,Chrome · Sky Blue /499,5
Tommy Troy,Chrome · Purple /250,5
Tommy Troy,Chrome · Gold /50,3
Tommy Troy,Chrome · Blue /150,2
Tommy Troy,Chrome · Sparkle,2
Tommy Troy,Chrome · Mini Diamond,2
Tommy Troy,Chrome · Aqua /125,2
Tommy Troy,Chrome · Green /99,2
Tommy Troy,Chrome · Aqua Reptilian,2
Tommy White,Base-Paper,10
Tommy White,Chrome · Refractor,18
Tommy White,Chrome · Base,7
Tommy White,Chrome · Aqua /125,6
Tommy White,Chrome · Sky Blue /499,4
Tommy White,Chrome · Logo Refractor /35,3
Tommy White,Chrome · Red /5,2
Tommy White,Chrome · Blue /150,2
Tommy White,Chrome · Yellow /75,2
Tommy White,Chrome · Purple /250,2
Travis Bazzana,Base-Paper,16
Travis Bazzana,Chrome · Refractor,25
Travis Bazzana,Chrome · Base,17
Travis Bazzana,Chrome · Sky Blue /499,6
Travis Bazzana,Chrome · X-Fractor,5
Travis Bazzana,Chrome · Purple /250 · Auto,5
Travis Bazzana,Chrome · Green /99 · Auto,5
Travis Bazzana,Chrome · Yellow /75,4
Travis Bazzana,Chrome · Blue /150,2
Travis Bazzana,Chrome · Purple /250,2
Travis Bazzana,Chrome · Blue /150 · Auto,2
Travis Bazzana,Chrome · Steel Metal /100,2
Travis Bazzana,Chrome · Speckle Refractor,2
Travis Bazzana,Chrome · Mini Diamond,2
Travis Bazzana,Chrome · Black /73,1
Travis Bazzana,Chrome · Red /5,1
Travis Bazzana,Prized Prospects,57
Travis Bazzana,Prized Prospects · Gold /50,2
Travis Bazzana,Prized Prospects · Mini Diamond /150,1
Travis Bazzana,Prized Prospects /250,5
Travis Sykora,Base-Paper,8
Travis Sykora,Chrome · Refractor,31
Travis Sykora,Chrome · Base,9
Travis Sykora,Chrome · Sky Blue /499,7
Travis Sykora,Chrome · Green /99,5
Travis Sykora,Chrome · Aqua Reptilian,5
Travis Sykora,Chrome · X-Fractor,5
Travis Sykora,Chrome · Steel Metal /100,4
Travis Sykora,Chrome · Orange /25,2
Travis Sykora,Chrome · Blue /150,2
Travis Sykora,Chrome · Logo Refractor /35,1
Trevor Cohen,Base-Paper,8
Trevor Cohen,Chrome · Refractor,21
Trevor Cohen,Chrome · Auto,19
Trevor Cohen,Chrome · Gold /50 · Auto,10
Trevor Cohen,Chrome · Base,8
Trevor Cohen,Chrome · Purple /250 · Auto,4
Trevor Cohen,Chrome · Blue /150,4
Trevor Cohen,Chrome · X-Fractor,4
Trevor Cohen,Chrome · Aqua /125,4
Trevor Cohen,Chrome · Green /99,3
Trevor Cohen,Chrome · Sky Blue /499,3
Trevor Cohen,Chrome · Orange /25 · Auto,2
Trevor Cohen,Chrome · Sky Blue /499 · Auto,2
Trevor Cohen,Chrome · Blue /150 · Auto,2
Trevor Cohen,Chrome · Aqua /125 · Auto,1
Trevor Cohen,Chrome · Parallel · Auto,1
Ty Harvey,Base-Paper,6
Ty Harvey,Chrome · Auto,41
Ty Harvey,Chrome · Refractor,15
Ty Harvey,Chrome · Base,10
Ty Harvey,Chrome · Aqua /125 · Auto,8
Ty Harvey,Chrome · Sky Blue /499,6
Ty Harvey,Chrome · Purple /250 · Auto,5
Ty Harvey,Chrome · Sky Blue /499 · Auto,5
Ty Harvey,Chrome · Purple /250,3
Ty Harvey,Chrome · True Black /10 · Auto,2
Ty Harvey,Chrome · Gold /50,2
Ty Harvey,Chrome · Green /99,2
Ty Harvey,Chrome · Yellow /75,2
Ty Harvey,Chrome · Black Geometric /10,2
Ty Harvey,Chrome · X-Fractor · Auto,2
Ty Harvey,Chrome · Orange /25 · Auto,2
Ty Harvey,Chrome · X-Fractor,1
Ty Harvey,Snack-Pack,2
Tyler Bremner,Base-Paper,59
Tyler Bremner,Bowman In Action,17
Tyler Bremner,Bowman In Action · Mini Diamond /150,2
Tyler Bremner,Bowman In Action · Lava /75 · Auto,2
Tyler Bremner,Bowman In Action · Green /99,1
Tyler Bremner,Bowman In Action /150,2
Tyler Bremner,Bowman In Action /99 · Auto,4
Tyler Bremner,Bowman In Action /99,2
Tyler Bremner,Bowman Spotlight,5
Tyler Bremner,Chrome · Base,73
Tyler Bremner,Chrome · Refractor,65
Tyler Bremner,Chrome · Auto,35
Tyler Bremner,Chrome · Green /99,6
Tyler Bremner,Chrome · X-Fractor,6
Tyler Bremner,Chrome · Aqua /125,6
Tyler Bremner,Chrome · Blue /150,5
Tyler Bremner,Chrome · Sky Blue /499,4
Tyler Bremner,Chrome · Yellow /75 · Auto,4
Tyler Bremner,Chrome · Yellow /75,3
Tyler Bremner,Chrome · Blue /150 · Auto,3
Tyler Bremner,Chrome · Purple /250 · Auto,3
Tyler Bremner,Chrome · Sky Blue /499 · Auto,2
Tyler Bremner,Chrome · Steel Metal /100,2
Tyler Bremner,Chrome · Purple /250,2
Tyler Bremner,Chrome · Parallel · Auto,2
Tyler Bremner,Chrome · Green /99 · Auto,2
Tyler Bremner,Chrome · Sparkle,1
Tyler Bremner,Chrome · Fuchsia Reptilian /199,1
Tyler Bremner,Chrome · Aqua /125 · Auto,1
Tyler Bremner,Chrome Prospect College Variations,2
Tyler Bremner,Crystallized,3
Tyler Bremner,Crystallized · Gold /50,1
Tyler Bremner,Etched in Glass,4
Tyler Bremner,Final Draft,5
Tyler Bremner,Image Variations,6
Tyson Lewis,Base-Paper,14
Tyson Lewis,Chrome · Refractor,18
Tyson Lewis,Chrome · Base,14
Tyson Lewis,Chrome · Sky Blue /499,6
Tyson Lewis,Chrome · Red /5,5
Tyson Lewis,Chrome · Black /73,2
Tyson Lewis,Chrome · X-Fractor,2
Tyson Lewis,Chrome · Gold /50,2
Tyson Lewis,Chrome · Blue /150,1
Walker Janek,Base-Paper,8
Walker Janek,Chrome · Refractor,22
Walker Janek,Chrome · Base,13
Walker Janek,Chrome · Purple /250,4
Walker Janek,Chrome · Sky Blue /499,3
Walker Janek,Chrome · Green /99,3
Walker Janek,Chrome · Fuchsia Reptilian /199,2
Walker Janek,Chrome · Aqua /125,2
Walker Janek,Chrome · Orange /25,2
Walker Janek,Chrome · Aqua Reptilian,2
Walker Janek,Chrome · Red /5,2
Walker Janek,Chrome · Gold /50,1
Walker Janek,Chrome · Blue /150,1
Walker Janek,Snack-Pack,2
Walker Jenkins,Base-Paper,12
Walker Jenkins,Bowman Axis · Base,45
Walker Jenkins,Bowman Axis · Mini Diamond,5
Walker Jenkins,Bowman Axis · Gold,4
Walker Jenkins,Chrome · Refractor,24
Walker Jenkins,Chrome · Base,10
Walker Jenkins,Chrome · Sky Blue /499,6
Walker Jenkins,Chrome · Green /99,3
Walker Jenkins,Chrome · Orange /25,3
Walker Jenkins,Chrome · Sparkle,3
Walker Jenkins,Chrome · Speckle Refractor,2
Walker Jenkins,Chrome · X-Fractor,2
Walker Jenkins,Chrome · Yellow /75,2
Walker Jenkins,Chrome · Black Geometric /10,2
Xavier Neyens,Base-Paper,40
Xavier Neyens,Base-Paper · Black Border,1
Xavier Neyens,Bowman Axis · Base,46
Xavier Neyens,Bowman Axis · Parallel,6
Xavier Neyens,Bowman Axis · Red,1
Xavier Neyens,Bowman Axis · Mini Diamond,1
Xavier Neyens,Bowman Axis · Gold,1
Xavier Neyens,Bowman Draft Night,54
Xavier Neyens,Bowman Draft Night · Green /99,3
Xavier Neyens,Bowman Draft Night · Mini Diamond /150,1
Xavier Neyens,Bowman Draft Night /99 · Auto,1
Xavier Neyens,Bowman In Action,12
Xavier Neyens,Bowman In Action · Mini Diamond /150,5
Xavier Neyens,Bowman In Action · Orange /25,2
Xavier Neyens,Bowman In Action · Blue /150,2
Xavier Neyens,Bowman In Action · Purple /250,1
Xavier Neyens,Bowman In Action /199,1
Xavier Neyens,Bowman In Action /99,1
Xavier Neyens,Chrome · Refractor,55
Xavier Neyens,Chrome · Auto,37
Xavier Neyens,Chrome · Base,35
Xavier Neyens,Chrome · Sky Blue /499,19
Xavier Neyens,Chrome · Purple /250 · Auto,18
Xavier Neyens,Chrome · X-Fractor,9
Xavier Neyens,Chrome · Fuchsia Reptilian /199 · Auto,8
Xavier Neyens,Chrome · Blue /150 · Auto,8
Xavier Neyens,Chrome · Sapphire,8
Xavier Neyens,Chrome · Green /99 · Auto,7
Xavier Neyens,Chrome · Green /99,6
Xavier Neyens,Chrome · Aqua /125,6
Xavier Neyens,Chrome · Blue /150,6
Xavier Neyens,Chrome · Yellow /75,5
Xavier Neyens,Chrome · Gold /50 · Auto,5
Xavier Neyens,Chrome · Aqua Reptilian,5
Xavier Neyens,Chrome · Black /73 · Auto,4
Xavier Neyens,Chrome · Fuchsia Reptilian /199,4
Xavier Neyens,Chrome · Sky Blue /499 · Auto,4
Xavier Neyens,Chrome · Purple /250,3
Xavier Neyens,Chrome · Aqua /125 · Auto,3
Xavier Neyens,Chrome · Orange /25,3
Xavier Neyens,Chrome · Yellow /75 · Auto,3
Xavier Neyens,Chrome · Parallel · Auto,3
Xavier Neyens,Chrome · Steel Metal /100,2
Xavier Neyens,Chrome · Gold /50,2
Xavier Neyens,Chrome · Sparkle,1
Xavier Neyens,Etched in Glass,5
Xavier Neyens,Snack-Pack,1
Yandel Ricardo,Base-Paper,6
Yandel Ricardo,Chrome · Refractor,18
Yandel Ricardo,Chrome · Base,8
Yandel Ricardo,Chrome · Green /99,4
Yandel Ricardo,Chrome · Yellow /75,4
Yandel Ricardo,Chrome · Sky Blue /499,3
Yandel Ricardo,Chrome · Steel Metal /100,2
Yandel Ricardo,Chrome · Aqua /125,2
Yandel Ricardo,Chrome · Blue /150,1
Yohandy Morales,Base-Paper,8
Yohandy Morales,Chrome · Refractor,20
Yohandy Morales,Chrome · Base,12
Yohandy Morales,Chrome · Yellow /75,7
Yohandy Morales,Chrome · Blue /150,6
Yohandy Morales,Chrome · Sky Blue /499,6
Yohandy Morales,Chrome · Green /99,2
Yohandy Morales,Chrome · X-Fractor,2
Yohandy Morales,Chrome · Red /5,2
Yohandy Morales,Chrome · Fuchsia Reptilian /199,1
Yolfran Castillo,Base-Paper,27
Yolfran Castillo,Chrome · Refractor,44
Yolfran Castillo,Chrome · Base,16
Yolfran Castillo,Chrome · Yellow /75,10
Yolfran Castillo,Chrome · Green /99,8
Yolfran Castillo,Chrome · Blue /150,5
Yolfran Castillo,Chrome · Logo Refractor /35,5
Yolfran Castillo,Chrome · X-Fractor,4
Yolfran Castillo,Chrome · Purple /250,3
Yolfran Castillo,Chrome · Fuchsia Reptilian /199,3
Yolfran Castillo,Chrome · Aqua /125,3
Yolfran Castillo,Chrome · Sky Blue /499,2
Yolfran Castillo,Chrome · Speckle Refractor,1
Yolfran Castillo,Chrome · Gold /50,1
Zach Root,Base-Paper,27
Zach Root,Chrome · Auto,58
Zach Root,Chrome · Refractor,26
Zach Root,Chrome · Base,14
Zach Root,Chrome · Sky Blue /499 · Auto,10
Zach Root,Chrome · Blue /150 · Auto,8
Zach Root,Chrome · Sky Blue /499,6
Zach Root,Chrome · Aqua /125,4
Zach Root,Chrome · Orange /25 · Auto,4
Zach Root,Chrome · Green /99 · Auto,4
Zach Root,Chrome · X-Fractor · Auto,3
Zach Root,Chrome · Blue /150,2
Zach Root,Chrome · Orange /25,2
Zach Root,Chrome · X-Fractor,2
Zach Root,Chrome · Sparkle · Auto,2
Zach Root,Chrome · Purple /250 · Auto,2
Zach Root,Chrome · Fuchsia Reptilian /199 · Auto,2
Zach Root,Chrome · Yellow /75,1
Zach Root,Chrome · Gold /50 · Auto,1
Zach Root,Chrome · Black /73 · Auto,1
Zach Root,Chrome · Refractor · Auto,1
Zach Root,Chrome · Red /5 · Auto,1
Zach Root,Chrome · Printing Plate /1 · Auto,1
Zach Root,Snack-Pack,1
Zyhir Hope,Final Draft,1
