title,all_in_price,CT_any,CT_diamante,CT_x_fractor,CT_pick_your_card,CT_purple_rainbow,CT_blue_rainbow,CT_green_foil,CT_foil_fractor_1of1,CT_first_card_1of1,CT_platinum_1of1,CT_red_5,CT_gold_2025,CT_gold_50,CT_black_10,CT_clear_10,CT_orange_25,CT_independence_day_76,CT_vintage_99,CT_printing_plate_1of1,CT_canvas_50,CT_wood_25,CT_holiday_witch_hat_5,CT_sandglitter,CT_golden_mirror,CT_photo_variation,CT_own_the_name,CT_ssp,CT_holiday_jackolantern,CT_holiday_ghost,CT_holiday_mummy,CT_holiday_black_cat,CT_holiday_witch_hat,CT_holiday_bats,CT_holiday_base,CT_lot
2025 Topps Update Series Francisco Lindor Flagship Autograph Patch Card #1/5,700.0,False,False,False,False,False,False,False,False,False,False,False,False,False,False,False,False,False,False,False,False,False,False,False,False,False,False,False,False,False,False,False,False,False,False,False
2025 Topps Update True Photo Veteran Combos Ohtani/Sasaki #US-269 Dodgers,505.0,False,False,False,False,False,False,False,False,False,False,False,False,False,False,False,False,False,False,False,False,False,False,False,False,False,False,False,False,False,False,False,False,False,False,False
2025 Topps Update True Photo Veteran Combos Ohtani/Sasaki #US-269 Dodgers,505.0,False,False,False,False,False,False,False,False,False,False,False,False,False,False,False,False,False,False,False,False,False,False,False,False,False,False,False,False,False,False,False,False,False,False,False
2025 Topps Update Nathaniel Lowe  US230 Printing Plate 1 Of 1 Nationals 🔥,504.98,False,False,False,False,False,False,False,False,False,False,False,False,False,False,False,False,False,False,False,False,False,False,False,False,False,False,False,False,False,False,False,False,False,False,False
2025 Topps Update Francisco Lindor Sketch Card 1/1 Phil Hassewer Meta,500.0,False,False,False,False,False,False,False,False,False,False,False,False,False,False,False,False,False,False,False,False,False,False,False,False,False,False,False,False,False,False,False,False,False,False,False
2025 Topps Update Series Randy Rodriguez #US240 Jack-O'-Lantern Foil 1/1,499.0,False,False,False,False,False,False,False,False,False,False,False,False,False,False,False,False,False,False,False,False,False,False,False,False,False,False,False,False,False,False,False,False,False,False,False
2025 Topps Update Bryce Harper Bleacher Reachers 1/1 Phillies #BR-17  One Of One,405.0,False,False,False,False,False,False,False,False,False,False,False,False,False,False,False,False,False,False,False,False,False,False,False,False,False,False,False,False,False,False,False,False,False,False,False
"2025 Topps Update Chrome - Drake Baldwin, ROTY /5",400.0,False,False,False,False,False,False,False,False,False,False,False,False,False,False,False,False,False,False,False,False,False,False,False,False,False,False,False,False,False,False,False,False,False,False,False
"2025 Topps Update Chrome - Drake Baldwin, ROTY /5",400.0,False,False,False,False,False,False,False,False,False,False,False,False,False,False,False,False,False,False,False,False,False,False,False,False,False,False,False,False,False,False,False,False,False,False,False
2025 Topps Updates Veteran Combos Shohei Ohtani Roki Sasaki Orange /50 US269 FS,395.0,False,False,False,False,False,False,False,False,False,False,False,False,False,False,False,False,False,False,False,False,False,False,False,False,False,False,False,False,False,False,False,False,False,False,False
2025 Topps Update 35th Bryce Harper Jersey Match Team Color Match 3/5,353.0,False,False,False,False,False,False,False,False,False,False,False,False,False,False,False,False,False,False,False,False,False,False,False,False,False,False,False,False,False,False,False,False,False,False,False
2025 Topps Update Series - Jorge Soler #US343 Bat Foil 1/1  !! 🔥🔥,299.99,False,False,False,False,False,False,False,False,False,False,False,False,False,False,False,False,False,False,False,False,False,False,False,False,False,False,False,False,False,False,False,False,False,False,False
2025 Topps Update Veterans Combo Shohei Ohtani/Roki Sasaki us269 RC Topps Foil,257.0,False,False,False,False,False,False,False,False,False,False,False,False,False,False,False,False,False,False,False,False,False,False,False,False,False,False,False,False,False,False,False,False,False,False,False
2025 Topps Update DRAKE BALDWIN - Rookie of Year - ROY - CANVAS - #US113 13/50,254.5,False,False,False,False,False,False,False,False,False,False,False,False,False,False,False,False,False,False,False,False,False,False,False,False,False,False,False,False,False,False,False,False,False,False,False
2025 Topps Update DRAKE BALDWIN - Rookie of Year - ROY - CANVAS - #US113 13/50,254.5,False,False,False,False,False,False,False,False,False,False,False,False,False,False,False,False,False,False,False,False,False,False,False,False,False,False,False,False,False,False,False,False,False,False,False
2025 Topps Update #US107 Bryce Harper / Nick Castellanos VC Acetate 1/10,250.98,False,False,False,False,False,False,False,False,False,False,False,False,False,False,False,False,False,False,False,False,False,False,False,False,False,False,False,False,False,False,False,False,False,False,False
2025 Topps Update - 1990 Topps Baseball Auto - James Wood 23/50 - Sealed - Nats,245.99,False,False,False,False,False,False,False,False,False,False,False,False,False,False,False,False,False,False,False,False,False,False,False,False,False,False,False,False,False,False,False,False,False,False,False
2025 Topps Update Series #MMAU-HK Hyeseong Kim ROOKIE Patch Autograph card /25,237.98000000000002,False,False,False,False,False,False,False,False,False,False,False,False,False,False,False,False,False,False,False,False,False,False,False,False,False,False,False,False,False,False,False,False,False,False,False
2025 Topps Update Series - Baseball Stars Autographs Jack Dreyer #BSAU-JD Black,235.0,False,False,False,False,False,False,False,False,False,False,False,False,False,False,False,False,False,False,False,False,False,False,False,False,False,False,False,False,False,False,False,False,False,False,False
2025 Topps Update Drake Baldwin RC Rookie Canvis /50 #US87,233.75,False,False,False,False,False,False,False,False,False,False,False,False,False,False,False,False,False,False,False,False,False,False,False,False,False,False,False,False,False,False,False,False,False,False,False
2025 Topps Update Drake Baldwin RC Rookie Canvis /50 #US87,233.75,False,False,False,False,False,False,False,False,False,False,False,False,False,False,False,False,False,False,False,False,False,False,False,False,False,False,False,False,False,False,False,False,False,False,False
JERSEY # MATCH! 2025 Topps Update Chrome Roki Sasaki Purple 11/75! LAD ROOKIE!,229.75,False,False,False,False,False,False,False,False,False,False,False,False,False,False,False,False,False,False,False,False,False,False,False,False,False,False,False,False,False,False,False,False,False,False,False
2025 Topps Update Shohei Ohtani Major League Materials GAME USED BAT /99,224.95,False,False,False,False,False,False,False,False,False,False,False,False,False,False,False,False,False,False,False,False,False,False,False,False,False,False,False,False,False,False,False,False,False,False,False
2025 Topps Update Chase Petty 1990 Topps Chrome Mojo Auto RC /25 #U90C89 Reds,206.0,False,False,False,False,False,False,False,False,False,False,False,False,False,False,False,False,False,False,False,False,False,False,False,False,False,False,False,False,False,False,False,False,False,False,False
2025 Topps Update Rising Sons Shohei Ohtani / Roki Sasaki Canvas 31/50,204.64000000000001,False,False,False,False,False,False,False,False,False,False,False,False,False,False,False,False,False,False,False,False,False,False,False,False,False,False,False,False,False,False,False,False,False,False,False
2025 Topps Update Series - Tommy Pham #US266 Rainbow Foil 1/1,200.0,False,False,False,False,False,False,False,False,False,False,False,False,False,False,False,False,False,False,False,False,False,False,False,False,False,False,False,False,False,False,False,False,False,False,False
2025 Topps Update Series Michael Darrell-hicks 5/5,200.0,False,False,False,False,False,False,False,False,False,False,False,False,False,False,False,False,False,False,False,False,False,False,False,False,False,False,False,False,False,False,False,False,False,False,False
20/25 Fernando Tatis Jr 2025 Topps Update 2025 ASG Auto/Relic Padres 2 Color,199.99,False,False,False,False,False,False,False,False,False,False,False,False,False,False,False,False,False,False,False,False,False,False,False,False,False,False,False,False,False,False,False,False,False,False,False
Shohei Ohtani 2025 Topps Update 1990 Game Used Memorabilia 33/50,199.0,False,False,False,False,False,False,False,False,False,False,False,False,False,False,False,False,False,False,False,False,False,False,False,False,False,False,False,False,False,False,False,False,False,False,False
2025 Topps Update Chandler Simpson MLB DEBUT  RC WICHES HAT   3/5 #US277,199.0,False,False,False,False,False,False,False,False,False,False,False,False,False,False,False,False,False,False,False,False,False,False,False,False,False,False,False,False,False,False,False,False,False,False,False
2025 Topps Update Chandler Simpson MLB DEBUT  RC WICHES HAT   3/5 #US277,199.0,False,False,False,False,False,False,False,False,False,False,False,False,False,False,False,False,False,False,False,False,False,False,False,False,False,False,False,False,False,False,False,False,False,False,False
2025 Topps Update Gold Mirror Image #US209 Young &Hungry (Melendez/Witt Jr),180.0,False,False,False,False,False,False,False,False,False,False,False,False,False,False,False,False,False,False,False,False,False,False,False,False,False,False,False,False,False,False,False,False,False,False,False
Roki Sasaki 2025 Topps Update MLB Relic Card Major League Material RC,166.99,False,False,False,False,False,False,False,False,False,False,False,False,False,False,False,False,False,False,False,False,False,False,False,False,False,False,False,False,False,False,False,False,False,False,False
2025 Topps Update Series Brooks Lee Rookie Heavy Lumber Auto #HLAR2-BL Twins RC,165.0,False,False,False,False,False,False,False,False,False,False,False,False,False,False,False,False,False,False,False,False,False,False,False,False,False,False,False,False,False,False,False,False,False,False,False
2025 Topps Update Jacob Wilson Rookie Memorial Day Camo #/25 Rookie Debut RC SP,164.99,False,False,False,False,False,False,False,False,False,False,False,False,False,False,False,False,False,False,False,False,False,False,False,False,False,False,False,False,False,False,False,False,False,False,False
2025 Topps Update  Major League Material Shohei Ohtani Game Used Bat /99 Relic,164.87,False,False,False,False,False,False,False,False,False,False,False,False,False,False,False,False,False,False,False,False,False,False,False,False,False,False,False,False,False,False,False,False,False,False,False
🔥2025 Topps Update “True Photo” Variation RC #US113 Drake Baldwin CASE HIT 🔥,159.0,False,False,False,False,False,False,False,False,False,False,False,False,False,False,False,False,False,False,False,False,False,False,False,False,False,False,False,False,False,False,False,False,False,False,False
2025 Topps Update Keegan Hall Artwork James Wood Card KHAC-39,156.45,False,False,False,False,False,False,False,False,False,False,False,False,False,False,False,False,False,False,False,False,False,False,False,False,False,False,False,False,False,False,False,False,False,False,False
2025 Topps Update Luke Keaschall 937003,156.07,False,False,False,False,False,False,False,False,False,False,False,False,False,False,False,False,False,False,False,False,False,False,False,False,False,False,False,False,False,False,False,False,False,False,False
2025 Topps Update Luke Keaschall 937003,156.07,False,False,False,False,False,False,False,False,False,False,False,False,False,False,False,False,False,False,False,False,False,False,False,False,False,False,False,False,False,False,False,False,False,False,False
2025 Topps Update Series Jacob Wilson Canvas Rookie Debut RC/50 #US180 Athletics,156.0,False,False,False,False,False,False,False,False,False,False,False,False,False,False,False,False,False,False,False,False,False,False,False,False,False,False,False,False,False,False,False,False,False,False,False
2025 Topps Update Ben Rice Major League Materials Rookie Jersey Auto /25 Yankees,155.7,False,False,False,False,False,False,False,False,False,False,False,False,False,False,False,False,False,False,False,False,False,False,False,False,False,False,False,False,False,False,False,False,False,False,False
2025 TOPPS UPDATE SERIES BASEBALL - HOBBY BOX - FACTORY SEALED,155.0,False,False,False,False,False,False,False,False,False,False,False,False,False,False,False,False,False,False,False,False,False,False,False,False,False,False,False,False,False,False,False,False,False,False,False
JERSEY # MATCH! 2025 Topps Update Roki Sasaki Rookie GU Jersey 11/150! DODGERS!,154.75,False,False,False,False,False,False,False,False,False,False,False,False,False,False,False,False,False,False,False,False,False,False,False,False,False,False,False,False,False,False,False,False,False,False,False
2025 Topps Update Major League Material Autograph Rookie Dylan Crews 8/50 Auto,150.0,False,False,False,False,False,False,False,False,False,False,False,False,False,False,False,False,False,False,False,False,False,False,False,False,False,False,False,False,False,False,False,False,False,False,False
2025 Topps Update Jacob Wilson 1990 Design Triple Color Patch Relic /25!!! RC,150.0,False,False,False,False,False,False,False,False,False,False,False,False,False,False,False,False,False,False,False,False,False,False,False,False,False,False,False,False,False,False,False,False,False,False,False
2025 Topps Update Series Ryan Rolison 29/30 White Foil RC,150.0,False,False,False,False,False,False,False,False,False,False,False,False,False,False,False,False,False,False,False,False,False,False,False,False,False,False,False,False,False,False,False,False,False,False,False
2025 Topps Update Series - 1990 Topps Baseball Relics 1/5 Jackson Jobe #90RU-JJ,150.0,False,False,False,False,False,False,False,False,False,False,False,False,False,False,False,False,False,False,False,False,False,False,False,False,False,False,False,False,False,False,False,False,False,False,False
2025 Topps Update Roki Sasaki RC Home Field Advantage,150.0,False,False,False,False,False,False,False,False,False,False,False,False,False,False,False,False,False,False,False,False,False,False,False,False,False,False,False,False,False,False,False,False,False,False,False
2025 Topps Update Series - Marcelo Mayer #US105 (RC) Autograph Red Sox Rookie,150.0,False,False,False,False,False,False,False,False,False,False,False,False,False,False,False,False,False,False,False,False,False,False,False,False,False,False,False,False,False,False,False,False,False,False,False
2025 Topps Update Series - Marcelo Mayer #US105 (RC) Autograph Red Sox Rookie,150.0,False,False,False,False,False,False,False,False,False,False,False,False,False,False,False,False,False,False,False,False,False,False,False,False,False,False,False,False,False,False,False,False,False,False,False
2025 Topps Update Hyeseong Kim 1990 Topps On Card Rookie Auto SP Dodgers,149.99,False,False,False,False,False,False,False,False,False,False,False,False,False,False,False,False,False,False,False,False,False,False,False,False,False,False,False,False,False,False,False,False,False,False,False
Kevin Alcántara AUTO 8/10 RC Baseball Stars 2025 Topps Update PRICE NEGOTIABLE!,149.99,False,False,False,False,False,False,False,False,False,False,False,False,False,False,False,False,False,False,False,False,False,False,False,False,False,False,False,False,False,False,False,False,False,False,False
2025 Topps Update Drake Baldwin #MMAU-DB Rookie Major League Material Auto 8/25,145.74,False,False,False,False,False,False,False,False,False,False,False,False,False,False,False,False,False,False,False,False,False,False,False,False,False,False,False,False,False,False,False,False,False,False,False
2025 Topps Update Drake Baldwin #MMAU-DB Rookie Major League Material Auto 8/25,145.74,False,False,False,False,False,False,False,False,False,False,False,False,False,False,False,False,False,False,False,False,False,False,False,False,False,False,False,False,False,False,False,False,False,False,False
2025 Topps Update Hyeseong Kim RC Chrome Mojo Auto /199 LA Dodgers U90C-66 /199,140.99,False,False,False,False,False,False,False,False,False,False,False,False,False,False,False,False,False,False,False,False,False,False,False,False,False,False,False,False,False,False,False,False,False,False,False
2025 Topps Update Series Aaron Judge Jazz Chisholm Jr US85 Gold Mirror SP,140.6,False,False,False,False,False,False,False,False,False,False,False,False,False,False,False,False,False,False,False,False,False,False,False,False,False,False,False,False,False,False,False,False,False,False,False
2025 Topps Update Series - Johnathan Rodriguez #US142 Holofoil 1/1,135.0,False,False,False,False,False,False,False,False,False,False,False,False,False,False,False,False,False,False,False,False,False,False,False,False,False,False,False,False,False,False,False,False,False,False,False
2025 Topps Update Series - Rookie Debut Drake Baldwin #US113 Canvas 01/50 NL ROY,129.99,False,False,False,False,False,False,False,False,False,False,False,False,False,False,False,False,False,False,False,False,False,False,False,False,False,False,False,False,False,False,False,False,False,False,False
Shohei Ohtani 2025 Topps Update All-Star Stitches #AS-SO Event Worn Jersey,129.99,False,False,False,False,False,False,False,False,False,False,False,False,False,False,False,False,False,False,False,False,False,False,False,False,False,False,False,False,False,False,False,False,False,False,False
2025 Topps Update Silver Pack Cam Smith Rookie Auto /199,127.25,False,False,False,False,False,False,False,False,False,False,False,False,False,False,False,False,False,False,False,False,False,False,False,False,False,False,False,False,False,False,False,False,False,False,False
2025 Topps Update Silver Pack Cam Smith Rookie Auto /199,127.25,False,False,False,False,False,False,False,False,False,False,False,False,False,False,False,False,False,False,False,False,False,False,False,False,False,False,False,False,False,False,False,False,False,False,False
2025 TOPPS UPDATE TOPPS CHROME MOJO SILVER PACK AUTO JACOB WILSON  108/199,126.0,False,False,False,False,False,False,False,False,False,False,False,False,False,False,False,False,False,False,False,False,False,False,False,False,False,False,False,False,False,False,False,False,False,False,False
2025 Topps Update Series - Miguel Rojas #US166 Holofoil,125.0,False,False,False,False,False,False,False,False,False,False,False,False,False,False,False,False,False,False,False,False,False,False,False,False,False,False,False,False,False,False,False,False,False,False,False
2025 Topps Update- Kristian Campbell- Auto/patch #25/50,125.0,False,False,False,False,False,False,False,False,False,False,False,False,False,False,False,False,False,False,False,False,False,False,False,False,False,False,False,False,False,False,False,False,False,False,False
#’d 23/25 (Jersey #!) Fernando Tatis Jr 2025 Topps Update 2025 ASG Auto/Relic,125.0,False,False,False,False,False,False,False,False,False,False,False,False,False,False,False,False,False,False,False,False,False,False,False,False,False,False,False,False,False,False,False,False,False,False,False
2025 Topps Update- Kristian Campbell- Auto/patch #25/50,125.0,False,False,False,False,False,False,False,False,False,False,False,False,False,False,False,False,False,False,False,False,False,False,False,False,False,False,False,False,False,False,False,False,False,False,False
2025 Topps Update Ben Williamson Relic Auto /25,120.0,False,False,False,False,False,False,False,False,False,False,False,False,False,False,False,False,False,False,False,False,False,False,False,False,False,False,False,False,False,False,False,False,False,False,False
Shohei Ohtani 2025 Topps Update Series All Star Game Stitches Player-Worn Relic,119.0,False,False,False,False,False,False,False,False,False,False,False,False,False,False,False,False,False,False,False,False,False,False,False,False,False,False,False,False,False,False,False,False,False,False,False
2025 Topps Update Jake Mangum 1990 Topps RC Auto # /10 !! 🔥🔥 Tampa Bay Rays,115.94,False,False,False,False,False,False,False,False,False,False,False,False,False,False,False,False,False,False,False,False,False,False,False,False,False,False,False,False,False,False,False,False,False,False,False
2025 Topps Update Series #U90-33 Shohei Ohtani 35th Anniversary,105.83999999999999,False,False,False,False,False,False,False,False,False,False,False,False,False,False,False,False,False,False,False,False,False,False,False,False,False,False,False,False,False,False,False,False,False,False,False
Spencer Schwellenbach 2025 Topps Update TRUE PHOTO RC SP,104.99,False,False,False,False,False,False,False,False,False,False,False,False,False,False,False,False,False,False,False,False,False,False,False,False,False,False,False,False,False,False,False,False,False,False,False
2025 TOPPS UPDATE REAL ONE NOAH CAMERON RC AUTO ROYALS #US65,104.97999999999999,False,False,False,False,False,False,False,False,False,False,False,False,False,False,False,False,False,False,False,False,False,False,False,False,False,False,False,False,False,False,False,False,False,False,False
2025 Topps Update Ryan Bergert Acetate Rookie /10 San Diego Padres RC,104.94,False,False,False,False,False,False,False,False,False,False,False,False,False,False,False,False,False,False,False,False,False,False,False,False,False,False,False,False,False,False,False,False,False,False,False
Shohei Ohtani 2025 Topps Update All Star Stitches #AS-SO EVENT WORN Relic,103.95,False,False,False,False,False,False,False,False,False,False,False,False,False,False,False,False,False,False,False,False,False,False,False,False,False,False,False,False,False,False,False,False,False,False,False
2025 Topps Update Rising Sons Ohtani Topps Foil & Roki Sasaki HFA SP RC #HA-41.,100.5,False,False,False,False,False,False,False,False,False,False,False,False,False,False,False,False,False,False,False,False,False,False,False,False,False,False,False,False,False,False,False,False,False,False,False
2025 Topps Update Mason Fluharty Auto /99,100.0,False,False,False,False,False,False,False,False,False,False,False,False,False,False,False,False,False,False,False,False,False,False,False,False,False,False,False,False,False,False,False,False,False,False,False
2025 Topps Update Series Major League Material Jackson Jobe /25,100.0,False,False,False,False,False,False,False,False,False,False,False,False,False,False,False,False,False,False,False,False,False,False,False,False,False,False,False,False,False,False,False,False,False,False,False
2025 Topps Update Mick Abel RC Memorial Day Camo #17/25 Philadelphia Phillies,99.99,False,False,False,False,False,False,False,False,False,False,False,False,False,False,False,False,False,False,False,False,False,False,False,False,False,False,False,False,False,False,False,False,False,False,False
2025 Topps Update Mick Abel RC Memorial Day Camo #17/25 Philadelphia Phillies,99.99,False,False,False,False,False,False,False,False,False,False,False,False,False,False,False,False,False,False,False,False,False,False,False,False,False,False,False,False,False,False,False,False,False,False,False
NICK KURTZ Tinsel showing on 2025 Topps Update Series Meijer Blister RC #US201,99.0,False,False,False,False,False,False,False,False,False,False,False,False,False,False,False,False,False,False,False,False,False,False,False,False,False,False,False,False,False,False,False,False,False,False,False
NICK KURTZ Tinsel showing on 2025 Topps Update Series Meijer Blister RC #US201,99.0,False,False,False,False,False,False,False,False,False,False,False,False,False,False,False,False,False,False,False,False,False,False,False,False,False,False,False,False,False,False,False,False,False,False,False
2025 Topps Update Series - Yaramil Hiraldo #US210 (RC) 10/10 Bookend!!,96.97999999999999,False,False,False,False,False,False,False,False,False,False,False,False,False,False,False,False,False,False,False,False,False,False,False,False,False,False,False,False,False,False,False,False,False,False,False
HYESEONG KIM 2025 TOPPS UPDATE 1990 ON CARD AUTOGRAPH ROOKIE RC DODGERS,95.5,False,False,False,False,False,False,False,False,False,False,False,False,False,False,False,False,False,False,False,False,False,False,False,False,False,False,False,False,False,False,False,False,False,False,False
JACOB WILSON 2025 TOPPS UPDATE 3 COLOR PATCH RELIC /25 ROOKIE RC ATHLETICS,95.5,False,False,False,False,False,False,False,False,False,False,False,False,False,False,False,False,False,False,False,False,False,False,False,False,False,False,False,False,False,False,False,False,False,False,False
2025 Topps Update Major League Material Kumar Rocker patch auto 6/10 RC rangers,95.0,False,False,False,False,False,False,False,False,False,False,False,False,False,False,False,False,False,False,False,False,False,False,False,False,False,False,False,False,False,False,False,False,False,False,False
2025 Topps Update Series Mitch Spence #US20 Athletics 5/5,94.99,False,False,False,False,False,False,False,False,False,False,False,False,False,False,False,False,False,False,False,False,False,False,False,False,False,False,False,False,False,False,False,False,False,False,False
2025 Topps Update Cade Horton Real One Auto RC #US140 D67,91.49,False,False,False,False,False,False,False,False,False,False,False,False,False,False,False,False,False,False,False,False,False,False,False,False,False,False,False,False,False,False,False,False,False,False,False
2025 Topps Update Cade Horton Real One Auto RC #US140 D67,91.49,False,False,False,False,False,False,False,False,False,False,False,False,False,False,False,False,False,False,False,False,False,False,False,False,False,False,False,False,False,False,False,False,False,False,False
2025 Topps Update Series - Jeff Hoffman #US9,90.0,False,False,False,False,False,False,False,False,False,False,False,False,False,False,False,False,False,False,False,False,False,False,False,False,False,False,False,False,False,False,False,False,False,False,False
2025 Topps Update Max Muncy Mojo Refractor 5/10,90.0,False,False,False,False,False,False,False,False,False,False,False,False,False,False,False,False,False,False,False,False,False,False,False,False,False,False,False,False,False,False,False,False,False,False,False
Cam Smith RC 2025 Topps Update #U90C-96 Silver Pack Mojo Refractor Auto /199,90.0,False,False,False,False,False,False,False,False,False,False,False,False,False,False,False,False,False,False,False,False,False,False,False,False,False,False,False,False,False,False,False,False,False,False,False
Cam Smith RC 2025 Topps Update #U90C-96 Silver Pack Mojo Refractor Auto /199,90.0,False,False,False,False,False,False,False,False,False,False,False,False,False,False,False,False,False,False,False,False,False,False,False,False,False,False,False,False,False,False,False,False,False,False,False
2025 Topps Update Baseball Bryce Harper Keegan Hall Art Cards #KHAC-11,89.99,False,False,False,False,False,False,False,False,False,False,False,False,False,False,False,False,False,False,False,False,False,False,False,False,False,False,False,False,False,False,False,False,False,False,False
"2025 Topps Update #US260 Francisco Lindor / Juan Soto VC, SN25 Orange Foil",89.99,False,False,False,False,False,False,False,False,False,False,False,False,False,False,False,False,False,False,False,False,False,False,False,False,False,False,False,False,False,False,False,False,False,False,False
2025 Topps Update Series - Rising Rookie Relics Caden Dana /25 #RRR-CDA,89.99,False,False,False,False,False,False,False,False,False,False,False,False,False,False,False,False,False,False,False,False,False,False,False,False,False,False,False,False,False,False,False,False,False,False,False
Shohei Ohtani #US84 Nod and Smile Jack O’Lantern Parallel 2025 Topps Update,89.03,False,False,False,False,False,False,False,False,False,False,False,False,False,False,False,False,False,False,False,False,False,False,False,False,False,False,False,False,False,False,False,False,False,False,False
Cam Smith - 2025 Topps Update 90 Topps  AUTO Rookie Card,86.99,False,False,False,False,False,False,False,False,False,False,False,False,False,False,False,False,False,False,False,False,False,False,False,False,False,False,False,False,False,False,False,False,False,False,False
Cam Smith - 2025 Topps Update 90 Topps  AUTO Rookie Card,86.99,False,False,False,False,False,False,False,False,False,False,False,False,False,False,False,False,False,False,False,False,False,False,False,False,False,False,False,False,False,False,False,False,False,False,False
2025 Topps Update Series Raymond Burgos Rookie #US115 Giants /10,86.9,False,False,False,False,False,False,False,False,False,False,False,False,False,False,False,False,False,False,False,False,False,False,False,False,False,False,False,False,False,False,False,False,False,False,False
2025 Topps Update Series - 1990 Topps Baseball Autographs Drake Baldwin #90AU-DB,86.0,False,False,False,False,False,False,False,False,False,False,False,False,False,False,False,False,False,False,False,False,False,False,False,False,False,False,False,False,False,False,False,False,False,False,False
2025 Topps Update Series - Luis Torrens #US297,86.0,False,False,False,False,False,False,False,False,False,False,False,False,False,False,False,False,False,False,False,False,False,False,False,False,False,False,False,False,False,False,False,False,False,False,False
2025 Topps Update #U90C-9 Denzel Clarke Rookie Auto /299 Chrome A'S,85.0,False,False,False,False,False,False,False,False,False,False,False,False,False,False,False,False,False,False,False,False,False,False,False,False,False,False,False,False,False,False,False,False,False,False,False
Luke Keaschall 💥/76 Independence Day 🦅2025 Topps Update Low # 06/75 RC Twins,85.0,False,False,False,False,False,False,False,False,False,False,False,False,False,False,False,False,False,False,False,False,False,False,False,False,False,False,False,False,False,False,False,False,False,False,False
Luke Keaschall 💥/76 Independence Day 🦅2025 Topps Update Low # 06/75 RC Twins,85.0,False,False,False,False,False,False,False,False,False,False,False,False,False,False,False,False,False,False,False,False,False,False,False,False,False,False,False,False,False,False,False,False,False,False,False
2025 Topps Update - #US229 Power In Pairs Acetate Ozuna/Albies /10,85.0,False,False,False,False,False,False,False,False,False,False,False,False,False,False,False,False,False,False,False,False,False,False,False,False,False,False,False,False,False,False,False,False,False,False,False
2025 Topps Update Luke Keaschall Real One Auto RC #US16,84.99,False,False,False,False,False,False,False,False,False,False,False,False,False,False,False,False,False,False,False,False,False,False,False,False,False,False,False,False,False,False,False,False,False,False,False
2025 Topps Update Brooks Lee RC Major League Materials Auto Patch #/10 #MMAU-BL,84.99,False,False,False,False,False,False,False,False,False,False,False,False,False,False,False,False,False,False,False,False,False,False,False,False,False,False,False,False,False,False,False,False,False,False,False
2025 Topps Update Luke Keaschall Real One Auto RC #US16,84.99,False,False,False,False,False,False,False,False,False,False,False,False,False,False,False,False,False,False,False,False,False,False,False,False,False,False,False,False,False,False,False,False,False,False,False
2025 TOPPS UPDATE SPENCER SCHWELLENBACH RC TRUE PHOTO SP NO. US327 BRAVES,82.5,False,False,False,False,False,False,False,False,False,False,False,False,False,False,False,False,False,False,False,False,False,False,False,False,False,False,False,False,False,False,False,False,False,False,False
2025 Topps Update Robert Hassell III Baseball Stars Auto RC/50 #BSAURH Nationals,81.0,False,False,False,False,False,False,False,False,False,False,False,False,False,False,False,False,False,False,False,False,False,False,False,False,False,False,False,False,False,False,False,False,False,False,False
2025 Topps Update Logan Henderson Baseball Stars Auto RC /50 #BSAULH Brewers,81.0,False,False,False,False,False,False,False,False,False,False,False,False,False,False,False,False,False,False,False,False,False,False,False,False,False,False,False,False,False,False,False,False,False,False,False
2025 Topps Update Dylan Crews Major League Materials 3 Color Patch Rookie /25,80.7,False,False,False,False,False,False,False,False,False,False,False,False,False,False,False,False,False,False,False,False,False,False,False,False,False,False,False,False,False,False,False,False,False,False,False
2025 Topps Update - Jackson Merrill/Tatis Jr. - Cool Customers Canvas #'d 5/50,80.5,False,False,False,False,False,False,False,False,False,False,False,False,False,False,False,False,False,False,False,False,False,False,False,False,False,False,False,False,False,False,False,False,False,False,False
"2025 Topps Update Series Veteran Combos Shohei Ohtani, Roki Sasaki /2025 US269",80.0,False,False,False,False,False,False,False,False,False,False,False,False,False,False,False,False,False,False,False,False,False,False,False,False,False,False,False,False,False,False,False,False,False,False,False
2025 Topps Update Hunter Dobbins RC “1990 Topps” On Card Auto /99 Red Sox,80.0,False,False,False,False,False,False,False,False,False,False,False,False,False,False,False,False,False,False,False,False,False,False,False,False,False,False,False,False,False,False,False,False,False,False,False
2025 Topps Update Series - Season Highlights Checklist Elly De La Cruz #US235,79.99,False,False,False,False,False,False,False,False,False,False,False,False,False,False,False,False,False,False,False,False,False,False,False,False,False,False,False,False,False,False,False,False,False,False,False
2025 Topps Update HYESEONG KIM Rookie Card 1990 AUTO,79.31,False,False,False,False,False,False,False,False,False,False,False,False,False,False,False,False,False,False,False,False,False,False,False,False,False,False,False,False,False,False,False,False,False,False,False
2025 Topps Update Luke Keaschall Real One Auto RC #US16,78.99,False,False,False,False,False,False,False,False,False,False,False,False,False,False,False,False,False,False,False,False,False,False,False,False,False,False,False,False,False,False,False,False,False,False,False
2025 Topps Update Luke Keaschall Real One Auto RC #US16,78.99,False,False,False,False,False,False,False,False,False,False,False,False,False,False,False,False,False,False,False,False,False,False,False,False,False,False,False,False,False,False,False,False,False,False,False
"2025 Topps Update Series - Flagship Real One Autographs Cade Horton #US140 (AU,",76.0,False,False,False,False,False,False,False,False,False,False,False,False,False,False,False,False,False,False,False,False,False,False,False,False,False,False,False,False,False,False,False,False,False,False,False
"2025 Topps Update Series - Flagship Real One Autographs Cade Horton #US140 (AU,",76.0,False,False,False,False,False,False,False,False,False,False,False,False,False,False,False,False,False,False,False,False,False,False,False,False,False,False,False,False,False,False,False,False,False,False,False
"2025 Topps Update 1990 Autograph- Hyeseong Kim 90AU-HK (RC, AU)",75.99,False,False,False,False,False,False,False,False,False,False,False,False,False,False,False,False,False,False,False,False,False,False,False,False,False,False,False,False,False,False,False,False,False,False,False
2025 Topps Update Series Chase Petty Cincinnati Reds Rookie #US275 Serial /25,75.0,False,False,False,False,False,False,False,False,False,False,False,False,False,False,False,False,False,False,False,False,False,False,False,False,False,False,False,False,False,False,False,False,False,False,False
2025 Topps Update Series US47 True Photo Chase Shugart R.C.,75.0,False,False,False,False,False,False,False,False,False,False,False,False,False,False,False,False,False,False,False,False,False,False,False,False,False,False,False,False,False,False,False,False,False,False,False
2025 Topps Update  Aaron Judge Jazz Chisholm /25 New York Veteran Camo Combos,75.0,False,False,False,False,False,False,False,False,False,False,False,False,False,False,False,False,False,False,False,False,False,False,False,False,False,False,False,False,False,False,False,False,False,False,False
2025 Topps Update Dylan Crews Keegan Hall Sketch Card RC Rookie Card +bonus card,75.0,False,False,False,False,False,False,False,False,False,False,False,False,False,False,False,False,False,False,False,False,False,False,False,False,False,False,False,False,False,False,False,False,False,False,False
2025 Topps Update Sapphire Matt Svanson /25,75.0,False,False,False,False,False,False,False,False,False,False,False,False,False,False,False,False,False,False,False,False,False,False,False,False,False,False,False,False,False,False,False,False,False,False,False
Jason Heyward 2025 Topps Update Series Baseball Memorial Day Camo 10/25 [blg4,74.99,False,False,False,False,False,False,False,False,False,False,False,False,False,False,False,False,False,False,False,False,False,False,False,False,False,False,False,False,False,False,False,False,False,False,False
2025 Topps Update Series Chad Patrick Rookie Camo Parallel /25 Brewers,74.99,False,False,False,False,False,False,False,False,False,False,False,False,False,False,False,False,False,False,False,False,False,False,False,False,False,False,False,False,False,False,False,False,False,False,False
2025 Topps Update CADE HORTON Silver Pack Rookie AUTO Cubs 244/299 #U90C-72,74.97999999999999,False,False,False,False,False,False,False,False,False,False,False,False,False,False,False,False,False,False,False,False,False,False,False,False,False,False,False,False,False,False,False,False,False,False,False
Mickey Gasper 2025 Topps Update Acetate 6/10 Card #US291 CASE HIT!!!!!!,74.97999999999999,False,False,False,False,False,False,False,False,False,False,False,False,False,False,False,False,False,False,False,False,False,False,False,False,False,False,False,False,False,False,False,False,False,False,False
2025 Topps Update CADE HORTON Silver Pack Rookie AUTO Cubs 244/299 #U90C-72,74.97999999999999,False,False,False,False,False,False,False,False,False,False,False,False,False,False,False,False,False,False,False,False,False,False,False,False,False,False,False,False,False,False,False,False,False,False,False
Brooks Lee 2025 Topps Update Flagship Autograph Patch /30 Minnesota Twins RC,74.95,False,False,False,False,False,False,False,False,False,False,False,False,False,False,False,False,False,False,False,False,False,False,False,False,False,False,False,False,False,False,False,False,False,False,False
Matt Shaw 2025 Topps Update 35th Anniversary Gold Foil #U90-35 Chicago Cubs RC,73.99,False,False,False,False,False,False,False,False,False,False,False,False,False,False,False,False,False,False,False,False,False,False,False,False,False,False,False,False,False,False,False,False,False,False,False
Matt Shaw 2025 Topps Update 35th Anniversary Gold Foil #U90-35 Chicago Cubs RC,73.99,False,False,False,False,False,False,False,False,False,False,False,False,False,False,False,False,False,False,False,False,False,False,False,False,False,False,False,False,False,False,False,False,False,False,False
2025 Topps Update #US139 Jon Berti WoodGrain #04/25 Chicago Cubs,73.5,False,False,False,False,False,False,False,False,False,False,False,False,False,False,False,False,False,False,False,False,False,False,False,False,False,False,False,False,False,False,False,False,False,False,False
2025 Topps Update Luke Keaschall Rookie Real Ones Autograph Minnesota Twins US16,72.99,False,False,False,False,False,False,False,False,False,False,False,False,False,False,False,False,False,False,False,False,False,False,False,False,False,False,False,False,False,False,False,False,False,False,False
2025 Topps Update Luke Keaschall Rookie Real Ones Autograph Minnesota Twins US16,72.99,False,False,False,False,False,False,False,False,False,False,False,False,False,False,False,False,False,False,False,False,False,False,False,False,False,False,False,False,False,False,False,False,False,False,False
Shohei Ohtani Tinsel showing in 2025 Topps Update Meijer Blister Pack #US84,70.0,False,False,False,False,False,False,False,False,False,False,False,False,False,False,False,False,False,False,False,False,False,False,False,False,False,False,False,False,False,False,False,False,False,False,False
2025 Topps Update Bryce Harper Keegan Hall Sketch Card KHAC-9  Phillies,70.0,False,False,False,False,False,False,False,False,False,False,False,False,False,False,False,False,False,False,False,False,False,False,False,False,False,False,False,False,False,False,False,False,False,False,False
2025 Topps Update Jorbit Vivas Yankees 1990 Silver Pack Orange Mojo 45/50 RC SP,70.0,False,False,False,False,False,False,False,False,False,False,False,False,False,False,False,False,False,False,False,False,False,False,False,False,False,False,False,False,False,False,False,False,False,False,False
2025 Topps Update Series - Matthew Lugo #US314 (RC) mirror gold insert,69.99,False,False,False,False,False,False,False,False,False,False,False,False,False,False,False,False,False,False,False,False,False,False,False,False,False,False,False,False,False,False,False,False,False,False,False
2025 Topps Update Mirror Gold US314 Matthew Lugo RC,69.99,False,False,False,False,False,False,False,False,False,False,False,False,False,False,False,False,False,False,False,False,False,False,False,False,False,False,False,False,False,False,False,False,False,False,False
2025 Topps Update #US341 NOLAN JONES  Mummy Foil 34/50,69.99,False,False,False,False,False,False,False,False,False,False,False,False,False,False,False,False,False,False,False,False,False,False,False,False,False,False,False,False,False,False,False,False,False,False,False
2025 Topps Update Series - Season Highlights Checklist Pete Crow-Armstrong...,69.99,False,False,False,False,False,False,False,False,False,False,False,False,False,False,False,False,False,False,False,False,False,False,False,False,False,False,False,False,False,False,False,False,False,False,False
2025 Topps Update Series - Ryan Johnson #US121 Memorial Day Camo /25 (RC),69.0,False,False,False,False,False,False,False,False,False,False,False,False,False,False,False,False,False,False,False,False,False,False,False,False,False,False,False,False,False,False,False,False,False,False,False
2025 Topps Update Series Yellow Tinsel Nick Kurtz Rookie Parallel Walgreens RARE,68.98,False,False,False,False,False,False,False,False,False,False,False,False,False,False,False,False,False,False,False,False,False,False,False,False,False,False,False,False,False,False,False,False,False,False,False
2025 Topps Update Mojo Refractor Purple Roki Sasaki RC 60/75 Los Angeles Dodgers,68.98,False,False,False,False,False,False,False,False,False,False,False,False,False,False,False,False,False,False,False,False,False,False,False,False,False,False,False,False,False,False,False,False,False,False,False
2025 Topps Update Series Yellow Tinsel Nick Kurtz Rookie Parallel Walgreens RARE,68.98,False,False,False,False,False,False,False,False,False,False,False,False,False,False,False,False,False,False,False,False,False,False,False,False,False,False,False,False,False,False,False,False,False,False,False
2025 Topps Update Robert Hassell III Baseball Stars Auto #BSAU-RH 4/50,67.06,False,False,False,False,False,False,False,False,False,False,False,False,False,False,False,False,False,False,False,False,False,False,False,False,False,False,False,False,False,False,False,False,False,False,False
2025 Topps Update COMPLETE BASE SET (#1-350) + STARS OF MLB SET (#61-85),67.0,False,False,False,False,False,False,False,False,False,False,False,False,False,False,False,False,False,False,False,False,False,False,False,False,False,False,False,False,False,False,False,False,False,False,False
2025 Topps Update COMPLETE BASE SET (#1-350) + STARS OF MLB SET (#61-85),67.0,False,False,False,False,False,False,False,False,False,False,False,False,False,False,False,False,False,False,False,False,False,False,False,False,False,False,False,False,False,False,False,False,False,False,False
2025 Topps Update Series - Rookie Debut Ben Rice #US25 True Photo (RC) ROOKIE.,66.0,False,False,False,False,False,False,False,False,False,False,False,False,False,False,False,False,False,False,False,False,False,False,False,False,False,False,False,False,False,False,False,False,False,False,False
2025 Topps Update Series Beantown Boys 06/50 Kristian Campbell/Marcelo Mayer,65.7,False,False,False,False,False,False,False,False,False,False,False,False,False,False,False,False,False,False,False,False,False,False,False,False,False,False,False,False,False,False,False,False,False,False,False
2025 Topps Update Ben Rice Relic/99 New York Yankees 💥🔥,65.2,False,False,False,False,False,False,False,False,False,False,False,False,False,False,False,False,False,False,False,False,False,False,False,False,False,False,False,False,False,False,False,False,False,False,False
"2025 Topps Update Series - Veteran Combos Fernando Tatís Jr., Jackson Merrill...",65.0,False,False,False,False,False,False,False,False,False,False,False,False,False,False,False,False,False,False,False,False,False,False,False,False,False,False,False,False,False,False,False,False,False,False,False
Robert Garcia  -  2025 Topps Update Series Canvas 35/50 Texas Rangers #US329,65.0,False,False,False,False,False,False,False,False,False,False,False,False,False,False,False,False,False,False,False,False,False,False,False,False,False,False,False,False,False,False,False,False,False,False,False
2025 Topps Update AJ Blubaugh Canvas /50 RC #US177 Houston Astros Rookie SP,65.0,False,False,False,False,False,False,False,False,False,False,False,False,False,False,False,False,False,False,False,False,False,False,False,False,False,False,False,False,False,False,False,False,False,False,False
2025 Topps Update Ronny Simon RC Woodgrain /25,65.0,False,False,False,False,False,False,False,False,False,False,False,False,False,False,False,False,False,False,False,False,False,False,False,False,False,False,False,False,False,False,False,False,False,False,False
2025 Topps Update Series Tim Tawa auto rc,65.0,False,False,False,False,False,False,False,False,False,False,False,False,False,False,False,False,False,False,False,False,False,False,False,False,False,False,False,False,False,False,False,False,False,False,False
2025 Topps Update DENZEL CLARKE RC ROOKIE AUTO /50 Baseball Stars BSAU-DC,65.0,False,False,False,False,False,False,False,False,False,False,False,False,False,False,False,False,False,False,False,False,False,False,False,False,False,False,False,False,False,False,False,False,False,False,False
Robert Garcia  -  2025 Topps Update Series Canvas 35/50 Texas Rangers #US329,65.0,False,False,False,False,False,False,False,False,False,False,False,False,False,False,False,False,False,False,False,False,False,False,False,False,False,False,False,False,False,False,False,False,False,False,False
AARON JUDGE 2025 Topps Update Pink Foil Black Gold + 19 Topps & Panini Cards,65.0,False,False,False,False,False,False,False,False,False,False,False,False,False,False,False,False,False,False,False,False,False,False,False,False,False,False,False,False,False,False,False,False,False,False,False
2025 Topps Update Nic Enright /50 RC,65.0,False,False,False,False,False,False,False,False,False,False,False,False,False,False,False,False,False,False,False,False,False,False,False,False,False,False,False,False,False,False,False,False,False,False,False
🔥2025 Topps Update Camo /25 #US264 Kumar Rocker RC Texas Rangers🔥,64.99,False,False,False,False,False,False,False,False,False,False,False,False,False,False,False,False,False,False,False,False,False,False,False,False,False,False,False,False,False,False,False,False,False,False,False
2025 Topps Update US270 Hunter Dobbins Real One Auto On-Card Autograph RC Rookie,64.74000000000001,False,False,False,False,False,False,False,False,False,False,False,False,False,False,False,False,False,False,False,False,False,False,False,False,False,False,False,False,False,False,False,False,False,False,False
2025 Topps Update Ben Rice Baseball Stars Auto RC Rookie #BSAU-BRI Yankees,64.49000000000001,False,False,False,False,False,False,False,False,False,False,False,False,False,False,False,False,False,False,False,False,False,False,False,False,False,False,False,False,False,False,False,False,False,False,False
2025 Topps Update Gage Workman Auto RC /50 #US118 Detroit Tigers,64.0,False,False,False,False,False,False,False,False,False,False,False,False,False,False,False,False,False,False,False,False,False,False,False,False,False,False,False,False,False,False,False,False,False,False,False
Shohei Ohtani Smile & Nod #US84 2025 Topps Update Series Ghost Foil Parallel SP,60.0,False,False,False,False,False,False,False,False,False,False,False,False,False,False,False,False,False,False,False,False,False,False,False,False,False,False,False,False,False,False,False,False,False,False,False
2025 Topps Update Series - Braxton Ashcraft US32 Witchcraft 1/5,60.0,False,False,False,False,False,False,False,False,False,False,False,False,False,False,False,False,False,False,False,False,False,False,False,False,False,False,False,False,False,False,False,False,False,False,False
2025 Topps Update Series Baseball US114 Grant Wolfram RC CAMO #/25,60.0,False,False,False,False,False,False,False,False,False,False,False,False,False,False,False,False,False,False,False,False,False,False,False,False,False,False,False,False,False,False,False,False,False,False,False
2025 Topps Update Kevin Alcantara Patch /25,60.0,False,False,False,False,False,False,False,False,False,False,False,False,False,False,False,False,False,False,False,False,False,False,False,False,False,False,False,False,False,False,False,False,False,False,False
2025 Topps Update Series - Travis Jankowski #US74,60.0,False,False,False,False,False,False,False,False,False,False,False,False,False,False,False,False,False,False,False,False,False,False,False,False,False,False,False,False,False,False,False,False,False,False,False
2025 Topps Update Series - Maverick Handley Wood Parallel Case Hit!  #US274 (RC),59.99,False,False,False,False,False,False,False,False,False,False,False,False,False,False,False,False,False,False,False,False,False,False,False,False,False,False,False,False,False,False,False,False,False,False,False
2025 Topps Update Series - Spencer Schwellenbach #US327 Memorial Day Camo /25,59.99,False,False,False,False,False,False,False,False,False,False,False,False,False,False,False,False,False,False,False,False,False,False,False,False,False,False,False,False,False,False,False,False,False,False,False
2025 Topps Update Series Alexander Canario Gold Mirror Variation US204,59.99,False,False,False,False,False,False,False,False,False,False,False,False,False,False,False,False,False,False,False,False,False,False,False,False,False,False,False,False,False,False,False,False,False,False,False
2025 Topps Update Kevin Alcantara RC US128!   Numbered /50.  Only One On eBay!,59.99,False,False,False,False,False,False,False,False,False,False,False,False,False,False,False,False,False,False,False,False,False,False,False,False,False,False,False,False,False,False,False,False,False,False,False
2025 Topps Update Complete Set #US1-US350 Nick Kurtz RC ⚾️,59.95,False,False,False,False,False,False,False,False,False,False,False,False,False,False,False,False,False,False,False,False,False,False,False,False,False,False,False,False,False,False,False,False,False,False,False
2025 Topps Update Complete Set #US1-US350 Nick Kurtz RC ⚾️,59.95,False,False,False,False,False,False,False,False,False,False,False,False,False,False,False,False,False,False,False,False,False,False,False,False,False,False,False,False,False,False,False,False,False,False,False
2025 Topps Update Complete Set #US1-US350 Nick Kurtz RC,59.5,False,False,False,False,False,False,False,False,False,False,False,False,False,False,False,False,False,False,False,False,False,False,False,False,False,False,False,False,False,False,False,False,False,False,False
2025 Topps Update Complete Set #US1-US350 Nick Kurtz RC,59.5,False,False,False,False,False,False,False,False,False,False,False,False,False,False,False,False,False,False,False,False,False,False,False,False,False,False,False,False,False,False,False,False,False,False,False
2025 Topps Update Los Angeles Dodgers Team Set 8 - NM/MT 7163272,59.49,False,False,False,False,False,False,False,False,False,False,False,False,False,False,False,False,False,False,False,False,False,False,False,False,False,False,False,False,False,False,False,False,False,False,False
2025 Topps Update Complete Set #US1-US350 Nick Kurtz RC (plus Stars of MLB Set),57.480000000000004,False,False,False,False,False,False,False,False,False,False,False,False,False,False,False,False,False,False,False,False,False,False,False,False,False,False,False,False,False,False,False,False,False,False,False
2025 Topps Update Complete Set #US1-US350 Nick Kurtz RC (plus Stars of MLB Set),57.480000000000004,False,False,False,False,False,False,False,False,False,False,False,False,False,False,False,False,False,False,False,False,False,False,False,False,False,False,False,False,False,False,False,False,False,False,False
2025 Topps Update Nic Enright /50 RC,56.99,False,False,False,False,False,False,False,False,False,False,False,False,False,False,False,False,False,False,False,False,False,False,False,False,False,False,False,False,False,False,False,False,False,False,False
Blake Snell / Tyler Glasnow 2025 Topps Update Memorial Day Camo #US119 #/25,56.0,False,False,False,False,False,False,False,False,False,False,False,False,False,False,False,False,False,False,False,False,False,False,False,False,False,False,False,False,False,False,False,False,False,False,False
2025 Topps Update Bryce Harper Keegan Hall Sketch Card #KHAC-11 Phillies,56.0,False,False,False,False,False,False,False,False,False,False,False,False,False,False,False,False,False,False,False,False,False,False,False,False,False,False,False,False,False,False,False,False,False,False,False
2025 Topps Update Roki Sasaki RC 1990 Topps Patch Relic PLAYER WORN # 90RU-RS,56.0,False,False,False,False,False,False,False,False,False,False,False,False,False,False,False,False,False,False,False,False,False,False,False,False,False,False,False,False,False,False,False,False,False,False,False
2025 Topps Update Fabulous First Tatis Walks Off Angels #US217 Retro Stock /99,55.99,False,False,False,False,False,False,False,False,False,False,False,False,False,False,False,False,False,False,False,False,False,False,False,False,False,False,False,False,False,False,False,False,False,False,False
2025 Topps Update Agustin Ramirez RC Memorial Day Camo /25 #US332 Miami Marlins,55.74,False,False,False,False,False,False,False,False,False,False,False,False,False,False,False,False,False,False,False,False,False,False,False,False,False,False,False,False,False,False,False,False,False,False,False
2025 Topps Update Agustin Ramirez RC Memorial Day Camo /25 #US332 Miami Marlins,55.74,False,False,False,False,False,False,False,False,False,False,False,False,False,False,False,False,False,False,False,False,False,False,False,False,False,False,False,False,False,False,False,False,False,False,False
2025 Topps Update US119 Blake Snell Tyler Glasnow Veteran Combos Camo /25 Let Em,55.24,False,False,False,False,False,False,False,False,False,False,False,False,False,False,False,False,False,False,False,False,False,False,False,False,False,False,False,False,False,False,False,False,False,False,False
2025 Topps Update Bobby Witt MJ Veteran Combos Skeleton Ghost Halloween 25/50,55.0,False,False,False,False,False,False,False,False,False,False,False,False,False,False,False,False,False,False,False,False,False,False,False,False,False,False,False,False,False,False,False,False,False,False,False
Roki Sasaki 2025 Topps Update US199 Rookie Debut #77/99,55.0,False,False,False,False,False,False,False,False,False,False,False,False,False,False,False,False,False,False,False,False,False,False,False,False,False,False,False,False,False,False,False,False,False,False,False
Tim Elko RC #BSAU-TE 2025 Topps Update Series Baseball Stars Autograph Auto /50,55.0,False,False,False,False,False,False,False,False,False,False,False,False,False,False,False,False,False,False,False,False,False,False,False,False,False,False,False,False,False,False,False,False,False,False,False
2025 Topps Update - Fernando Tatis Jr. #US217 Fabulous First Independence Day...,55.0,False,False,False,False,False,False,False,False,False,False,False,False,False,False,False,False,False,False,False,False,False,False,False,False,False,False,False,False,False,False,False,False,False,False,False
2025 Topps Update Series Noah Cameron 1990 35th Anny Auto #64/199 RC KCR U90C-85,55.0,False,False,False,False,False,False,False,False,False,False,False,False,False,False,False,False,False,False,False,False,False,False,False,False,False,False,False,False,False,False,False,False,False,False,False
2025 Topps Update Denzel Clarke Silver Pack RC Auto /299,55.0,False,False,False,False,False,False,False,False,False,False,False,False,False,False,False,False,False,False,False,False,False,False,False,False,False,False,False,False,False,False,False,False,False,False,False
2025 Topps Update Francisco Lindor Keegan Hall Art Card SP #KHAC-25 Mets,54.99,False,False,False,False,False,False,False,False,False,False,False,False,False,False,False,False,False,False,False,False,False,False,False,False,False,False,False,False,False,False,False,False,False,False,False
2025 Topps Update Series Veteran Combos Cleveland Guardians #US26 Camo Foil /25,54.99,False,False,False,False,False,False,False,False,False,False,False,False,False,False,False,False,False,False,False,False,False,False,False,False,False,False,False,False,False,False,False,False,False,False,False
2025 Topps Update #US267 Adrian Del Castillo Rookie Debut Camo Parallel/25,54.99,False,False,False,False,False,False,False,False,False,False,False,False,False,False,False,False,False,False,False,False,False,False,False,False,False,False,False,False,False,False,False,False,False,False,False
Brady Singer 2025 Topps Update Vintage Stock #US344 Cincinnati Reds SN,54.99,False,False,False,False,False,False,False,False,False,False,False,False,False,False,False,False,False,False,False,False,False,False,False,False,False,False,False,False,False,False,False,False,False,False,False
2025 Topps Update Series Memorial Day Camo /25 US116 Aroldis Chapman Red Sox,54.99,False,False,False,False,False,False,False,False,False,False,False,False,False,False,False,False,False,False,False,False,False,False,False,False,False,False,False,False,False,False,False,False,False,False,False
2025 Topps Update Bryce Harper Keegan Hall Sketch Card #KHAC-11,54.95,False,False,False,False,False,False,False,False,False,False,False,False,False,False,False,False,False,False,False,False,False,False,False,False,False,False,False,False,False,False,False,False,False,False,False
2025 Topps Update Doug Nikhazy RC Camouflage /25 #US44 Guardians Item-6870,54.79,False,False,False,False,False,False,False,False,False,False,False,False,False,False,False,False,False,False,False,False,False,False,False,False,False,False,False,False,False,False,False,False,False,False,False
2025 Topps Update Chandler Simpson Rookie Debut Camo /25,54.75,False,False,False,False,False,False,False,False,False,False,False,False,False,False,False,False,False,False,False,False,False,False,False,False,False,False,False,False,False,False,False,False,False,False,False
2025 Topps Update Chandler Simpson Rookie Debut Camo /25,54.75,False,False,False,False,False,False,False,False,False,False,False,False,False,False,False,False,False,False,False,False,False,False,False,False,False,False,False,False,False,False,False,False,False,False,False
2025 Topps Update Mick Abel RC Memorial Day Camo 15/25 SP Debut #US270 Mint,54.49,False,False,False,False,False,False,False,False,False,False,False,False,False,False,False,False,False,False,False,False,False,False,False,False,False,False,False,False,False,False,False,False,False,False,False
2025 Topps Update Matt Shaw Real One Auto US200 RC Auto Chicago Cubs,54.49,False,False,False,False,False,False,False,False,False,False,False,False,False,False,False,False,False,False,False,False,False,False,False,False,False,False,False,False,False,False,False,False,False,False,False
2025 Topps Update Matt Shaw Real One Auto US200 RC Auto Chicago Cubs,54.49,False,False,False,False,False,False,False,False,False,False,False,False,False,False,False,False,False,False,False,False,False,False,False,False,False,False,False,False,False,False,False,False,False,False,False
2025 Topps Update Mick Abel RC Memorial Day Camo 15/25 SP Debut #US270 Mint,54.49,False,False,False,False,False,False,False,False,False,False,False,False,False,False,False,False,False,False,False,False,False,False,False,False,False,False,False,False,False,False,False,False,False,False,False
James Wood 2025 Topps Update Allstar Game Refractor,54.45,False,False,False,False,False,False,False,False,False,False,False,False,False,False,False,False,False,False,False,False,False,False,False,False,False,False,False,False,False,False,False,False,False,False,False
2025 Topps Update Series LANDEN ROUPP Cats /10 #US135,54.24,False,False,False,False,False,False,False,False,False,False,False,False,False,False,False,False,False,False,False,False,False,False,False,False,False,False,False,False,False,False,False,False,False,False,False
2025 Topps Update Baseball 90A-MSH Matt Shaw RC Rookie 1990 On Card Auto🔥Cubs🔥,54.0,False,False,False,False,False,False,False,False,False,False,False,False,False,False,False,False,False,False,False,False,False,False,False,False,False,False,False,False,False,False,False,False,False,False,False
2025 Topps Update Baseball 90A-MSH Matt Shaw RC Rookie 1990 On Card Auto🔥Cubs🔥,54.0,False,False,False,False,False,False,False,False,False,False,False,False,False,False,False,False,False,False,False,False,False,False,False,False,False,False,False,False,False,False,False,False,False,False,False
2025 Topps Update Series John Rave RC Auto Black & White Speckled SP,53.99,False,False,False,False,False,False,False,False,False,False,False,False,False,False,False,False,False,False,False,False,False,False,False,False,False,False,False,False,False,False,False,False,False,False,False
2025 Topps Update Series - True Photo Rookie Variation - Ben Rice #US25 (RC),53.99,False,False,False,False,False,False,False,False,False,False,False,False,False,False,False,False,False,False,False,False,False,False,False,False,False,False,False,False,False,False,False,False,False,False,False
Cam Smith 2025 Topps Update Series US298 Canvas #1/50 Astros Rookie,53.0,False,False,False,False,False,False,False,False,False,False,False,False,False,False,False,False,False,False,False,False,False,False,False,False,False,False,False,False,False,False,False,False,False,False,False
Cam Smith 2025 Topps Update Series US298 Canvas #1/50 Astros Rookie,53.0,False,False,False,False,False,False,False,False,False,False,False,False,False,False,False,False,False,False,False,False,False,False,False,False,False,False,False,False,False,False,False,False,False,False,False
2025 Topps Update #US204 Alexander Canario Orange Holo Foil,52.5,False,False,False,False,False,False,False,False,False,False,False,False,False,False,False,False,False,False,False,False,False,False,False,False,False,False,False,False,False,False,False,False,False,False,False
2025 Topps Update True Photo Max Muncy #US250 03lu,52.24,False,False,False,False,False,False,False,False,False,False,False,False,False,False,False,False,False,False,False,False,False,False,False,False,False,False,False,False,False,False,False,False,False,False,False
2025 Topps Update Series - Rising Rookie Relics Hayden Birdsong #RRR-HB /25,52.0,False,False,False,False,False,False,False,False,False,False,False,False,False,False,False,False,False,False,False,False,False,False,False,False,False,False,False,False,False,False,False,False,False,False,False
2025 Topps Update Series Michael McGreevy RC Autograph Relic /25 🔥 St Louis,51.25,False,False,False,False,False,False,False,False,False,False,False,False,False,False,False,False,False,False,False,False,False,False,False,False,False,False,False,False,False,False,False,False,False,False,False
2025 Topps Update MARCELO MAYER Home Field Advantage RC #HA-47 SP! *Red Sox,50.5,False,False,False,False,False,False,False,False,False,False,False,False,False,False,False,False,False,False,False,False,False,False,False,False,False,False,False,False,False,False,False,False,False,False,False
2025 Topps Update MARCELO MAYER Home Field Advantage RC #HA-47 SP! *Red Sox,50.5,False,False,False,False,False,False,False,False,False,False,False,False,False,False,False,False,False,False,False,False,False,False,False,False,False,False,False,False,False,False,False,False,False,False,False
2025 Topps Update MATT SHAW (#U90C-95) Mojo 1990 Chrome Rookie Auto /199 (RC),50.0,False,False,False,False,False,False,False,False,False,False,False,False,False,False,False,False,False,False,False,False,False,False,False,False,False,False,False,False,False,False,False,False,False,False,False
2025 Topps Update Series Gunnar Hoglund #US254 Mummy Foil /50 (RC),50.0,False,False,False,False,False,False,False,False,False,False,False,False,False,False,False,False,False,False,False,False,False,False,False,False,False,False,False,False,False,False,False,False,False,False,False
2025 Topps Update Dirt Dynamos /25 Dansby Swanson Matt Shaw Rookie Chicago Cubs,50.0,False,False,False,False,False,False,False,False,False,False,False,False,False,False,False,False,False,False,False,False,False,False,False,False,False,False,False,False,False,False,False,False,False,False,False
2025 Topps Update Series Gavin Sheets Acetate/10 US225,50.0,False,False,False,False,False,False,False,False,False,False,False,False,False,False,False,False,False,False,False,False,False,False,False,False,False,False,False,False,False,False,False,False,False,False,False
2025 Topps Update Series Steven Matz Mummy Foil /50 St. Louis Cardinals,50.0,False,False,False,False,False,False,False,False,False,False,False,False,False,False,False,False,False,False,False,False,False,False,False,False,False,False,False,False,False,False,False,False,False,False,False
2025 Topps Update Grant Wolfram Mummy/Skeleton Foil /50 SP (Rare) US114,50.0,False,False,False,False,False,False,False,False,False,False,False,False,False,False,False,False,False,False,False,False,False,False,False,False,False,False,False,False,False,False,False,False,False,False,False
2025 Topps Update MATT SHAW (#U90C-95) Mojo 1990 Chrome Rookie Auto /199 (RC),50.0,False,False,False,False,False,False,False,False,False,False,False,False,False,False,False,False,False,False,False,False,False,False,False,False,False,False,False,False,False,False,False,False,False,False,False
2025 Topps Update Drew Avans /25,50.0,False,False,False,False,False,False,False,False,False,False,False,False,False,False,False,False,False,False,False,False,False,False,False,False,False,False,False,False,False,False,False,False,False,False,False
2025 Topps Update James Wood RC All-Star Game Washington Nationals - CGC 10,50.0,False,False,False,False,False,False,False,False,False,False,False,False,False,False,False,False,False,False,False,False,False,False,False,False,False,False,False,False,False,False,False,False,False,False,False
2025 Topps Update Series US148 Carlos Santana Memorial Day Camo #09/25,50.0,False,False,False,False,False,False,False,False,False,False,False,False,False,False,False,False,False,False,False,False,False,False,False,False,False,False,False,False,False,False,False,False,False,False,False
2025 Topps Update Baseball MLB Twins RC Armando Alvarez Canvas Foil /50,50.0,False,False,False,False,False,False,False,False,False,False,False,False,False,False,False,False,False,False,False,False,False,False,False,False,False,False,False,False,False,False,False,False,False,False,False
2025 Topps Update Series Chrome Jack Dreyer Autograph Beautiful Color Match /150,49.99,False,False,False,False,False,False,False,False,False,False,False,False,False,False,False,False,False,False,False,False,False,False,False,False,False,False,False,False,False,False,False,False,False,False,False
"2025 Topps Update Series - Veteran Combos Shohei Ohtani, Roki Sasaki #US269 Pink",49.99,False,False,False,False,False,False,False,False,False,False,False,False,False,False,False,False,False,False,False,False,False,False,False,False,False,False,False,False,False,False,False,False,False,False,False
2025 Topps Update Ben Rice Baseball Stars Auto RC Rookie Yankees #BSAU-BRI,49.99,False,False,False,False,False,False,False,False,False,False,False,False,False,False,False,False,False,False,False,False,False,False,False,False,False,False,False,False,False,False,False,False,False,False,False
🔥Juan Mejia RC No Border -2025 Topps Update #US285 Colorado Rockies,49.99,False,False,False,False,False,False,False,False,False,False,False,False,False,False,False,False,False,False,False,False,False,False,False,False,False,False,False,False,False,False,False,False,False,False,False
"2025 Topps Update Complete Base Set #1-350 & Stars of MLB  Kurtz, Smith, Baldwin",49.99,False,False,False,False,False,False,False,False,False,False,False,False,False,False,False,False,False,False,False,False,False,False,False,False,False,False,False,False,False,False,False,False,False,False,False
2025 Topps Update Series - Jake Mangum #US306 (RC) Independece Day Variation /76,49.99,False,False,False,False,False,False,False,False,False,False,False,False,False,False,False,False,False,False,False,False,False,False,False,False,False,False,False,False,False,False,False,False,False,False,False
AARON JUDGE New York Yankees 2025 Topps Update All-Star Game #ASG-2 SILVER FOIL,49.99,False,False,False,False,False,False,False,False,False,False,False,False,False,False,False,False,False,False,False,False,False,False,False,False,False,False,False,False,False,False,False,False,False,False,False
2025 TOPPS UPDATE - Logan Henderson RC #90AU-LOG 1990 35th Anniversary Auto /50,49.99,False,False,False,False,False,False,False,False,False,False,False,False,False,False,False,False,False,False,False,False,False,False,False,False,False,False,False,False,False,False,False,False,False,False,False
2025 Topps Update Amed Rosario Canvas Parallel #US322 (26/50),49.99,False,False,False,False,False,False,False,False,False,False,False,False,False,False,False,False,False,False,False,False,False,False,False,False,False,False,False,False,False,False,False,False,False,False,False
2025 Topps Update Series - Jorbit Vivas #US258 Canvas /50 (RC),49.99,False,False,False,False,False,False,False,False,False,False,False,False,False,False,False,False,False,False,False,False,False,False,False,False,False,False,False,False,False,False,False,False,False,False,False
2025 Topps Update Mason Fluharty AUTO ON CARD Rookie Card - Blue Jays,49.95,False,False,False,False,False,False,False,False,False,False,False,False,False,False,False,False,False,False,False,False,False,False,False,False,False,False,False,False,False,False,False,False,False,False,False
2025 Topps Update Nick Kurtz #US201 Rookie RC Meijer Exclusive Tinsel ROY!,49.95,False,False,False,False,False,False,False,False,False,False,False,False,False,False,False,False,False,False,False,False,False,False,False,False,False,False,False,False,False,False,False,False,False,False,False
2025 Topps Update Nick Kurtz #US201 Rookie RC Meijer Exclusive Tinsel ROY!,49.95,False,False,False,False,False,False,False,False,False,False,False,False,False,False,False,False,False,False,False,False,False,False,False,False,False,False,False,False,False,False,False,False,False,False,False
Mason Fluharty 2025 Topps Update REAL ONE AUTOGRAPH RC AUTO ON CARD Rookie,49.480000000000004,False,False,False,False,False,False,False,False,False,False,False,False,False,False,False,False,False,False,False,False,False,False,False,False,False,False,False,False,False,False,False,False,False,False,False
2025 Topps Update Justin Verlander Camo #US100 Giants /25,49.0,False,False,False,False,False,False,False,False,False,False,False,False,False,False,False,False,False,False,False,False,False,False,False,False,False,False,False,False,False,False,False,False,False,False,False
2025 Topps Update #US299 ANDREW HEANEY Acetate Variation /10 Pirates,49.0,False,False,False,False,False,False,False,False,False,False,False,False,False,False,False,False,False,False,False,False,False,False,False,False,False,False,False,False,False,False,False,False,False,False,False
2025 Topps Update Francisco Lindor Artwork Keegan Hall SP Case Hit #KHAC-26,48.99,False,False,False,False,False,False,False,False,False,False,False,False,False,False,False,False,False,False,False,False,False,False,False,False,False,False,False,False,False,False,False,False,False,False,False
2025 Topps Update Kansas City Royals Team Set 8 - NM/MT 7163287,48.49,False,False,False,False,False,False,False,False,False,False,False,False,False,False,False,False,False,False,False,False,False,False,False,False,False,False,False,False,False,False,False,False,False,False,False
2025 Topps Update Chandler Simpson #US349 Canvas 11/50 (RC) Rays,47.69,False,False,False,False,False,False,False,False,False,False,False,False,False,False,False,False,False,False,False,False,False,False,False,False,False,False,False,False,False,False,False,False,False,False,False
2025 Topps Update Chandler Simpson #US349 Canvas 11/50 (RC) Rays,47.69,False,False,False,False,False,False,False,False,False,False,False,False,False,False,False,False,False,False,False,False,False,False,False,False,False,False,False,False,False,False,False,False,False,False,False
2025 Topps Update Series Michael Taylor /150 #US57,47.1,False,False,False,False,False,False,False,False,False,False,False,False,False,False,False,False,False,False,False,False,False,False,False,False,False,False,False,False,False,False,False,False,False,False,False
Zak Kent 2025 Topps Update Cleveland Guardians #US238 RC,47.0,False,False,False,False,False,False,False,False,False,False,False,False,False,False,False,False,False,False,False,False,False,False,False,False,False,False,False,False,False,False,False,False,False,False,False
Myles Straw [Canvas Parallel] #US340 | 2025 Topps Update  SKELETON 37/50,46.87,False,False,False,False,False,False,False,False,False,False,False,False,False,False,False,False,False,False,False,False,False,False,False,False,False,False,False,False,False,False,False,False,False,False,False
2025 Topps Update - Ribbie Royalty - Bryce Harper - US184 - Canvas /50,46.75,False,False,False,False,False,False,False,False,False,False,False,False,False,False,False,False,False,False,False,False,False,False,False,False,False,False,False,False,False,False,False,False,False,False,False
2025 Topps Update Chrome #U90C-30 James Wood Purple /75 FIRST ON PRINT RC,46.5,False,False,False,False,False,False,False,False,False,False,False,False,False,False,False,False,False,False,False,False,False,False,False,False,False,False,False,False,False,False,False,False,False,False,False
2025 Topps Update Silver Pack 35th Auto Ben Williamson 052/299 #U90C-10,46.34,False,False,False,False,False,False,False,False,False,False,False,False,False,False,False,False,False,False,False,False,False,False,False,False,False,False,False,False,False,False,False,False,False,False,False
2025 Topps Update Lake Bachar Canvas /50,45.99,False,False,False,False,False,False,False,False,False,False,False,False,False,False,False,False,False,False,False,False,False,False,False,False,False,False,False,False,False,False,False,False,False,False,False
2025 Topps Update Series José Fermin US338 Angels Rookie Serial #11/25,45.99,False,False,False,False,False,False,False,False,False,False,False,False,False,False,False,False,False,False,False,False,False,False,False,False,False,False,False,False,False,False,False,False,False,False,False
2025 Topps Update Series Rookie Debut Spencer Schwellenbach Vintage Stock,45.980000000000004,False,False,False,False,False,False,False,False,False,False,False,False,False,False,False,False,False,False,False,False,False,False,False,False,False,False,False,False,False,False,False,False,False,False,False
2025 Topps Update US116 Aroldis Chapman White Canvas /50 + Silver Holo foil,45.95,False,False,False,False,False,False,False,False,False,False,False,False,False,False,False,False,False,False,False,False,False,False,False,False,False,False,False,False,False,False,False,False,False,False,False
2025 Topps Update Series Baseball Canvas Variant /50 Luis Urias,45.5,False,False,False,False,False,False,False,False,False,False,False,False,False,False,False,False,False,False,False,False,False,False,False,False,False,False,False,False,False,False,False,False,False,False,False
2025 Topps Update Series - Edgar Quero #US145 (RC),45.0,False,False,False,False,False,False,False,False,False,False,False,False,False,False,False,False,False,False,False,False,False,False,False,False,False,False,False,False,False,False,False,False,False,False,False
Chase Meidroth 2025 Topps Update Baseball Stars Auto 32/50 White Sox,45.0,False,False,False,False,False,False,False,False,False,False,False,False,False,False,False,False,False,False,False,False,False,False,False,False,False,False,False,False,False,False,False,False,False,False,False
2025 Topps Update  #US177  AJ Blubaugh Canvas  2/50 RC Houston Astros Rookie SP,45.0,False,False,False,False,False,False,False,False,False,False,False,False,False,False,False,False,False,False,False,False,False,False,False,False,False,False,False,False,False,False,False,False,False,False,False
2025 Topps Update Gabriel Arias “Canvas” Parallel #30/50 Guardians,45.0,False,False,False,False,False,False,False,False,False,False,False,False,False,False,False,False,False,False,False,False,False,False,False,False,False,False,False,False,False,False,False,False,False,False,False
2025 Topps Update Series - Edgar Quero #US145 (RC),45.0,False,False,False,False,False,False,False,False,False,False,False,False,False,False,False,False,False,False,False,False,False,False,False,False,False,False,False,False,False,False,False,False,False,False,False
2025 TOPPS UPDATE DENZEL CLARKE ROOKIE AUTO MOJO /299 REFRACTOR #U90C-9 ATHLETIC,45.0,False,False,False,False,False,False,False,False,False,False,False,False,False,False,False,False,False,False,False,False,False,False,False,False,False,False,False,False,False,False,False,False,False,False,False
2025 Topps Update Flagship Real One Auto Hunter Dobbins /299 Purple Speckle,45.0,False,False,False,False,False,False,False,False,False,False,False,False,False,False,False,False,False,False,False,False,False,False,False,False,False,False,False,False,False,False,False,False,False,False,False
2025 Topps Update Series Miguel Rojas #US166 Canvas /50 Dodgers,45.0,False,False,False,False,False,False,False,False,False,False,False,False,False,False,False,False,False,False,False,False,False,False,False,False,False,False,False,False,False,False,False,False,False,False,False
NICK KURTZ 2025 Topps Update MEIJER EXCLUSIVE TINSEL ROOKIE RC PARALLEL #US201,44.99,False,False,False,False,False,False,False,False,False,False,False,False,False,False,False,False,False,False,False,False,False,False,False,False,False,False,False,False,False,False,False,False,False,False,False
Kristian Campbell 2025 Topps Update Rookie Mystical Insert 49/50 Card #MYS-12,44.99,False,False,False,False,False,False,False,False,False,False,False,False,False,False,False,False,False,False,False,False,False,False,False,False,False,False,False,False,False,False,False,False,False,False,False
2025 Topps Update Hayden Birdsong Canvas Parallel /50 Giants Rookie Debut RD,44.99,False,False,False,False,False,False,False,False,False,False,False,False,False,False,False,False,False,False,False,False,False,False,False,False,False,False,False,False,False,False,False,False,False,False,False
NICK KURTZ 2025 Topps Update MEIJER EXCLUSIVE TINSEL ROOKIE RC PARALLEL #US201,44.99,False,False,False,False,False,False,False,False,False,False,False,False,False,False,False,False,False,False,False,False,False,False,False,False,False,False,False,False,False,False,False,False,False,False,False
Logan Henderson 2025 Topps Update Real One Autograph Milwaukee Brewers #US137,44.99,False,False,False,False,False,False,False,False,False,False,False,False,False,False,False,False,False,False,False,False,False,False,False,False,False,False,False,False,False,False,False,False,False,False,False
Kristian Campbell 2025 Topps Update Rookie Mystical Insert 49/50 Card #MYS-12,44.99,False,False,False,False,False,False,False,False,False,False,False,False,False,False,False,False,False,False,False,False,False,False,False,False,False,False,False,False,False,False,False,False,False,False,False
2025 Topps Update Blade Tidwell RC Rookie Skeleton Parallel SP #/50 🔥 Mets,44.99,False,False,False,False,False,False,False,False,False,False,False,False,False,False,False,False,False,False,False,False,False,False,False,False,False,False,False,False,False,False,False,False,False,False,False
2025 Topps Update Francisco Lindor Mets KHAC-27 Keegan Hall Artwork SP,44.980000000000004,False,False,False,False,False,False,False,False,False,False,False,False,False,False,False,False,False,False,False,False,False,False,False,False,False,False,False,False,False,False,False,False,False,False,False
JERSEY # MATCH! 2025 Topps Update Bryce Harper 3/250! SO PHABULOUS US107!,44.75,False,False,False,False,False,False,False,False,False,False,False,False,False,False,False,False,False,False,False,False,False,False,False,False,False,False,False,False,False,False,False,False,False,False,False
2025 Topps Update CHASE SHUGART RC Camo Parallel 16/25 #US47 Pirates,44.49,False,False,False,False,False,False,False,False,False,False,False,False,False,False,False,False,False,False,False,False,False,False,False,False,False,False,False,False,False,False,False,False,False,False,False
LOGAN VanWEY—2025 Topps Update Chrome Purple Speckle Rookie Autograph #AC-LV,44.260000000000005,False,False,False,False,False,False,False,False,False,False,False,False,False,False,False,False,False,False,False,False,False,False,False,False,False,False,False,False,False,False,False,False,False,False,False
"2025 Topps Update Series - Veteran Combos Shohei Ohtani, Roki Sasaki #US269 Gold",44.0,False,False,False,False,False,False,False,False,False,False,False,False,False,False,False,False,False,False,False,False,False,False,False,False,False,False,False,False,False,False,False,False,False,False,False
Fernando Tatis Jr 2025 Topps Update Walks Off Camo /25,43.99,False,False,False,False,False,False,False,False,False,False,False,False,False,False,False,False,False,False,False,False,False,False,False,False,False,False,False,False,False,False,False,False,False,False,False
Cody Bellinger 2025 Topps Update Independece Day /76 #US50 New York Yankees,43.980000000000004,False,False,False,False,False,False,False,False,False,False,False,False,False,False,False,False,False,False,False,False,False,False,False,False,False,False,False,False,False,False,False,False,False,False,False
GARRETT MCDANIELS 2025 TOPPS UPDATE SERIES ROOKIE REFRACTOR CARD #22/50,43.24,False,False,False,False,False,False,False,False,False,False,False,False,False,False,False,False,False,False,False,False,False,False,False,False,False,False,False,False,False,False,False,False,False,False,False
Aaron Judge & Jazz Chisholm US85  2025 Topps Update SP Jack-o-lantern & ASG Foil,42.99,False,False,False,False,False,False,False,False,False,False,False,False,False,False,False,False,False,False,False,False,False,False,False,False,False,False,False,False,False,False,False,False,False,False,False
OMAR CRUZ 2025 TOPPS UPDATE SERIES ROOKIE REFRACTOR CARD #13/25,42.24,False,False,False,False,False,False,False,False,False,False,False,False,False,False,False,False,False,False,False,False,False,False,False,False,False,False,False,False,False,False,False,False,False,False,False
2025 Topps Update #90AU-JMN Jake Mangum 35th Anniversary Autographs (RC) On-Card,41.6,False,False,False,False,False,False,False,False,False,False,False,False,False,False,False,False,False,False,False,False,False,False,False,False,False,False,False,False,False,False,False,False,False,False,False
2025 Topps Update Chase Meidroth Rookie RC #US337 SP NO NAME,41.0,False,False,False,False,False,False,False,False,False,False,False,False,False,False,False,False,False,False,False,False,False,False,False,False,False,False,False,False,False,False,False,False,False,False,False
2025 Topps Update Bryce Harper Keegan Hall #KHAC-9,40.980000000000004,False,False,False,False,False,False,False,False,False,False,False,False,False,False,False,False,False,False,False,False,False,False,False,False,False,False,False,False,False,False,False,False,False,False,False
2025 Topps Update Rafael Devers Gold San Francisco Giants,40.980000000000004,False,False,False,False,False,False,False,False,False,False,False,False,False,False,False,False,False,False,False,False,False,False,False,False,False,False,False,False,False,False,False,False,False,False,False
Dylan Crews 2025 Topps Update Memorial Day Camo Rookie Card RC #'d 20/25 (US223),40.980000000000004,False,False,False,False,False,False,False,False,False,False,False,False,False,False,False,False,False,False,False,False,False,False,False,False,False,False,False,False,False,False,False,False,False,False,False
2025 Topps Update Chandler Simpson Silver Pack Mojo Rookie Auto SP /199 Rays,40.7,False,False,False,False,False,False,False,False,False,False,False,False,False,False,False,False,False,False,False,False,False,False,False,False,False,False,False,False,False,False,False,False,False,False,False
2025 Topps Update Chandler Simpson Silver Pack Mojo Rookie Auto SP /199 Rays,40.7,False,False,False,False,False,False,False,False,False,False,False,False,False,False,False,False,False,False,False,False,False,False,False,False,False,False,False,False,False,False,False,False,False,False,False
2025 Topps Update Hunter Dobbins RC 1990 Auto Red Sox,40.29,False,False,False,False,False,False,False,False,False,False,False,False,False,False,False,False,False,False,False,False,False,False,False,False,False,False,False,False,False,False,False,False,False,False,False
"2025 Topps Update- Veteran Combos Fernando Tatís Jr., Jackson Merrill True Photo",40.25,False,False,False,False,False,False,False,False,False,False,False,False,False,False,False,False,False,False,False,False,False,False,False,False,False,False,False,False,False,False,False,False,False,False,False
2025 Topps Update CADE HORTON RC US140 AQUA FOIL Chicago Cubs Rookie PR:/110~ SP,40.2,False,False,False,False,False,False,False,False,False,False,False,False,False,False,False,False,False,False,False,False,False,False,False,False,False,False,False,False,False,False,False,False,False,False,False
2025 Topps Update CADE HORTON RC US140 AQUA FOIL Chicago Cubs Rookie PR:/110~ SP,40.2,False,False,False,False,False,False,False,False,False,False,False,False,False,False,False,False,False,False,False,False,False,False,False,False,False,False,False,False,False,False,False,False,False,False,False
"2025 Topps Update Gabriel Arias Canvas Insert 28/50 Cleveland Guardians, Card 🔥",40.0,False,False,False,False,False,False,False,False,False,False,False,False,False,False,False,False,False,False,False,False,False,False,False,False,False,False,False,False,False,False,False,False,False,False,False
Tyler Heineman 2025 Topps Update Series Canvas Parallel /50 Toronto Bluejays SP,40.0,False,False,False,False,False,False,False,False,False,False,False,False,False,False,False,False,False,False,False,False,False,False,False,False,False,False,False,False,False,False,False,False,False,False,False
2025 Topps Update- Edgar Quero RC Major League Material Patch Auto 45/50 RPA,40.0,False,False,False,False,False,False,False,False,False,False,False,False,False,False,False,False,False,False,False,False,False,False,False,False,False,False,False,False,False,False,False,False,False,False,False
2025 Topps Update Juan Morillo RC “Canvas” #46/50 Diamondbacks,40.0,False,False,False,False,False,False,False,False,False,False,False,False,False,False,False,False,False,False,False,False,False,False,False,False,False,False,False,False,False,False,False,False,False,False,False
2025 Topps Update Maverick Handley Rookie RC American Flag /76 Orioles #US274,40.0,False,False,False,False,False,False,False,False,False,False,False,False,False,False,False,False,False,False,False,False,False,False,False,False,False,False,False,False,False,False,False,False,False,False,False
2025 Topps Update - Let 'Em Eat! CANVAS!  /50 #US119 Glasnow/Snell DODGERS🔥,40.0,False,False,False,False,False,False,False,False,False,False,False,False,False,False,False,False,False,False,False,False,False,False,False,False,False,False,False,False,False,False,False,False,False,False,False
Rhett Lowder 3/10 - 2025 Topps Update Series Rising Rookies Patch Reds,40.0,False,False,False,False,False,False,False,False,False,False,False,False,False,False,False,False,False,False,False,False,False,False,False,False,False,False,False,False,False,False,False,False,False,False,False
2025 Topps Update Shohei Ohtani & Roki Sasaki Ghost Foilboard #US269,40.0,False,False,False,False,False,False,False,False,False,False,False,False,False,False,False,False,False,False,False,False,False,False,False,False,False,False,False,False,False,False,False,False,False,False,False
2025 Topps Update Matt Shaw Mystical 40/50,40.0,False,False,False,False,False,False,False,False,False,False,False,False,False,False,False,False,False,False,False,False,False,False,False,False,False,False,False,False,False,False,False,False,False,False,False
2025 Topps Update Series Chad Patrick #US307 (RC) /99,40.0,False,False,False,False,False,False,False,False,False,False,False,False,False,False,False,False,False,False,False,False,False,False,False,False,False,False,False,False,False,False,False,False,False,False,False
KRIS BUBIC 2025 Topps Update #’d/50 Skeletons Parallel KC Royals SP,40.0,False,False,False,False,False,False,False,False,False,False,False,False,False,False,False,False,False,False,False,False,False,False,False,False,False,False,False,False,False,False,False,False,False,False,False
2025 Topps Update- Edgar Quero RC Major League Material Patch Auto 45/50 RPA,40.0,False,False,False,False,False,False,False,False,False,False,False,False,False,False,False,False,False,False,False,False,False,False,False,False,False,False,False,False,False,False,False,False,False,False,False
2025 Topps Update Matt Shaw Mystical 40/50,40.0,False,False,False,False,False,False,False,False,False,False,False,False,False,False,False,False,False,False,False,False,False,False,False,False,False,False,False,False,False,False,False,False,False,False,False
2025 Topps Update - Evan Sisk #US176 Memorial Day Camo /25 (RC),40.0,False,False,False,False,False,False,False,False,False,False,False,False,False,False,False,False,False,False,False,False,False,False,False,False,False,False,False,False,False,False,False,False,False,False,False
2025 Topps Update Series Curtis Mead 4/5 Us41,40.0,False,False,False,False,False,False,False,False,False,False,False,False,False,False,False,False,False,False,False,False,False,False,False,False,False,False,False,False,False,False,False,False,False,False,False
2025 Topps Update James Wood RC All-Star Game Washington Nationals - CGC 10,40.0,False,False,False,False,False,False,False,False,False,False,False,False,False,False,False,False,False,False,False,False,False,False,False,False,False,False,False,False,False,False,False,False,False,False,False
2025 Topps Update Series Major League Material Patch Auto Ben Williamson #5/50,40.0,False,False,False,False,False,False,False,False,False,False,False,False,False,False,False,False,False,False,False,False,False,False,False,False,False,False,False,False,False,False,False,False,False,False,False
2025 Topps Update Series Tim Elko Rookie Canvas # /50,40.0,False,False,False,False,False,False,False,False,False,False,False,False,False,False,False,False,False,False,False,False,False,False,False,False,False,False,False,False,False,False,False,False,False,False,False
2025 Topps Update Luisangel Acuña 1990 Topps Baseball 35th Anniversary Auto,40.0,False,False,False,False,False,False,False,False,False,False,False,False,False,False,False,False,False,False,False,False,False,False,False,False,False,False,False,False,False,False,False,False,False,False,False
2025 Topps Update - Brooks Lee Debut /25 (RC) #US243 Twins,40.0,False,False,False,False,False,False,False,False,False,False,False,False,False,False,False,False,False,False,False,False,False,False,False,False,False,False,False,False,False,False,False,False,False,False,False
2025 Topps Update Aaron Judge City Boys w/ Jazz Vintage  US85,40.0,False,False,False,False,False,False,False,False,False,False,False,False,False,False,False,False,False,False,False,False,False,False,False,False,False,False,False,False,False,False,False,False,False,False,False
2025 Topps Update Series - Connor Joe #US58 Memorial Day Camo 1/25 Reds,40.0,False,False,False,False,False,False,False,False,False,False,False,False,False,False,False,False,False,False,False,False,False,False,False,False,False,False,False,False,False,False,False,False,False,False,False
2025 Topps Update #US92 Drew Avans (RC) Canvas Parallel /50,39.99,False,False,False,False,False,False,False,False,False,False,False,False,False,False,False,False,False,False,False,False,False,False,False,False,False,False,False,False,False,False,False,False,False,False,False
Noah Cameron On Card Rookie Auto - 2025 Topps Update Series #US65,39.99,False,False,False,False,False,False,False,False,False,False,False,False,False,False,False,False,False,False,False,False,False,False,False,False,False,False,False,False,False,False,False,False,False,False,False
2025 Topps Update Series Caleb Durbin #US170 RC Memorial Day Camo /25 Brewers,39.99,False,False,False,False,False,False,False,False,False,False,False,False,False,False,False,False,False,False,False,False,False,False,False,False,False,False,False,False,False,False,False,False,False,False,False
2025 Topps Update Jaun Morillo Acetate #ed 01/10,39.99,False,False,False,False,False,False,False,False,False,False,False,False,False,False,False,False,False,False,False,False,False,False,False,False,False,False,False,False,False,False,False,False,False,False,False
2025 Topps Update Noah Cameron Auto RC Real One #US65 Kansas City Royals,39.99,False,False,False,False,False,False,False,False,False,False,False,False,False,False,False,False,False,False,False,False,False,False,False,False,False,False,False,False,False,False,False,False,False,False,False
2025 Topps Update Series Dairon Blanco #US88 Camo /25 SP,39.99,False,False,False,False,False,False,False,False,False,False,False,False,False,False,False,False,False,False,False,False,False,False,False,False,False,False,False,False,False,False,False,False,False,False,False
2025 Topps Update Chrome Robert Hassell III Mojo Refractor RC Auto #U90C-28 /299,39.99,False,False,False,False,False,False,False,False,False,False,False,False,False,False,False,False,False,False,False,False,False,False,False,False,False,False,False,False,False,False,False,False,False,False,False
2025 Topps Update Brady Singer /25 Major League Material AUTO Relic Reds MMAU-BS,39.99,False,False,False,False,False,False,False,False,False,False,False,False,False,False,False,False,False,False,False,False,False,False,False,False,False,False,False,False,False,False,False,False,False,False,False
⚾️🪵 2025 Topps Update Series Carlos Duran RCWood Parallel/25 Athletics,39.99,False,False,False,False,False,False,False,False,False,False,False,False,False,False,False,False,False,False,False,False,False,False,False,False,False,False,False,False,False,False,False,False,False,False,False
2025 Topps Update Series Caleb Durbin #US170 RC Memorial Day Camo /25 Brewers,39.99,False,False,False,False,False,False,False,False,False,False,False,False,False,False,False,False,False,False,False,False,False,False,False,False,False,False,False,False,False,False,False,False,False,False,False
2025 Topps Update TYLOR MEGILL CANVAS 10/50 #US271 NEW YORK METS,39.980000000000004,False,False,False,False,False,False,False,False,False,False,False,False,False,False,False,False,False,False,False,False,False,False,False,False,False,False,False,False,False,False,False,False,False,False,False
2025 Topps Update JONATHAN INDIA TRUE PHOTO #US175 KANSAS CITY ROYALS,39.980000000000004,False,False,False,False,False,False,False,False,False,False,False,False,False,False,False,False,False,False,False,False,False,False,False,False,False,False,False,False,False,False,False,False,False,False,False
2025 Topps Update - Brooks Lee #HL-66 Heavy Lumber (RC)  Minnesota Twins,39.980000000000004,False,False,False,False,False,False,False,False,False,False,False,False,False,False,False,False,False,False,False,False,False,False,False,False,False,False,False,False,False,False,False,False,False,False,False
2025 Topps Update Ryan Zeferjahn #US324 Memorial Day Camo /25 Los Angeles Angels,39.95,False,False,False,False,False,False,False,False,False,False,False,False,False,False,False,False,False,False,False,False,False,False,False,False,False,False,False,False,False,False,False,False,False,False,False
2025 Topps Update Silver Pack U90C-9 Purple Denzel Clarke /75,39.74,False,False,False,False,False,False,False,False,False,False,False,False,False,False,False,False,False,False,False,False,False,False,False,False,False,False,False,False,False,False,False,False,False,False,False
2025 Topps Update US300 Rafael Devers True Photo Borderless Variation - SP,39.480000000000004,False,False,False,False,False,False,False,False,False,False,False,False,False,False,False,False,False,False,False,False,False,False,False,False,False,False,False,False,False,False,False,False,False,False,False
2025 Topps Update Nick Kurtz 1990 Topps Rookie GMG Graded 10 Gem Mint 💎,39.45,False,False,False,False,False,False,False,False,False,False,False,False,False,False,False,False,False,False,False,False,False,False,False,False,False,False,False,False,False,False,False,False,False,False,False
2025 Topps Update Nick Kurtz 1990 Topps Rookie GMG Graded 10 Gem Mint 💎,39.45,False,False,False,False,False,False,False,False,False,False,False,False,False,False,False,False,False,False,False,False,False,False,False,False,False,False,False,False,False,False,False,False,False,False,False
2025 Topps Update Robert Hassell III Rookie Auto BS GMG Graded 10 Gem Mint 💎 RC,39.45,False,False,False,False,False,False,False,False,False,False,False,False,False,False,False,False,False,False,False,False,False,False,False,False,False,False,False,False,False,False,False,False,False,False,False
2025 Topps Update Justin Steele Foilboard Parallel /50 Chicago Cubs US248,39.35,False,False,False,False,False,False,False,False,False,False,False,False,False,False,False,False,False,False,False,False,False,False,False,False,False,False,False,False,False,False,False,False,False,False,False
Grant Koch 2025 Topps Update Memorial Day Camo /25 RC Pirates Rookie,39.33,False,False,False,False,False,False,False,False,False,False,False,False,False,False,False,False,False,False,False,False,False,False,False,False,False,False,False,False,False,False,False,False,False,False,False
TIM TAWA 2025 TOPPS UPDATE SERIES REAL ONE AUTOGRAPHS RC #US236 AUTO,39.0,False,False,False,False,False,False,False,False,False,False,False,False,False,False,False,False,False,False,False,False,False,False,False,False,False,False,False,False,False,False,False,False,False,False,False
Drake Baldwin Tinsel Parallel showing In 2025 Topps Update Meijer Blister Pack,39.0,False,False,False,False,False,False,False,False,False,False,False,False,False,False,False,False,False,False,False,False,False,False,False,False,False,False,False,False,False,False,False,False,False,False,False
Drake Baldwin Tinsel Parallel showing In 2025 Topps Update Meijer Blister Pack,39.0,False,False,False,False,False,False,False,False,False,False,False,False,False,False,False,False,False,False,False,False,False,False,False,False,False,False,False,False,False,False,False,False,False,False,False
2025 Topps Update  Nick Kurtz Super Box Silver Patterned Foil Board RC US 197,38.99,False,False,False,False,False,False,False,False,False,False,False,False,False,False,False,False,False,False,False,False,False,False,False,False,False,False,False,False,False,False,False,False,False,False,False
2025 Topps Update  Nick Kurtz Super Box Silver Patterned Foil Board RC US 197,38.99,False,False,False,False,False,False,False,False,False,False,False,False,False,False,False,False,False,False,False,False,False,False,False,False,False,False,False,False,False,False,False,False,False,False,False
2025 Topps Update BRADY SINGER #/50 CANVAS SP Royals Cincinnati REDS US344,38.95,False,False,False,False,False,False,False,False,False,False,False,False,False,False,False,False,False,False,False,False,False,False,False,False,False,False,False,False,False,False,False,False,False,False,False
2025 Topps Update Chase Dollander RC Camo /25,38.24,False,False,False,False,False,False,False,False,False,False,False,False,False,False,False,False,False,False,False,False,False,False,False,False,False,False,False,False,False,False,False,False,False,False,False
2025 Topps Update Chase Dollander RC Camo /25,38.24,False,False,False,False,False,False,False,False,False,False,False,False,False,False,False,False,False,False,False,False,False,False,False,False,False,False,False,False,False,False,False,False,False,False,False
2025 Topps Update Mick Abel Rookie Debut US270 Canvas Parallel 48/50 Phillies RC,38.0,False,False,False,False,False,False,False,False,False,False,False,False,False,False,False,False,False,False,False,False,False,False,False,False,False,False,False,False,False,False,False,False,False,False,False
2025 Topps Update Ben Rice RC “1990 Topps” Pinstripe Jersey /99 Yankees,38.0,False,False,False,False,False,False,False,False,False,False,False,False,False,False,False,False,False,False,False,False,False,False,False,False,False,False,False,False,False,False,False,False,False,False,False
2025 Topps Update Mick Abel Rookie Debut US270 Canvas Parallel 48/50 Phillies RC,38.0,False,False,False,False,False,False,False,False,False,False,False,False,False,False,False,False,False,False,False,False,False,False,False,False,False,False,False,False,False,False,False,False,False,False,False
Tsung-Che Cheng 2025 Topps Update #US72 True Photo Rookie RC Pittsburgh Pirates,38.0,False,False,False,False,False,False,False,False,False,False,False,False,False,False,False,False,False,False,False,False,False,False,False,False,False,False,False,False,False,False,False,False,False,False,False
2025 Topps Update Luisangel Acuña RC #90AU-LA 1990 35th Auto News York Mets,37.99,False,False,False,False,False,False,False,False,False,False,False,False,False,False,False,False,False,False,False,False,False,False,False,False,False,False,False,False,False,False,False,False,False,False,False
Dominic Canzone 2025 Topps Update Series /76 American Flag Mariners (CBR),37.989999999999995,False,False,False,False,False,False,False,False,False,False,False,False,False,False,False,False,False,False,False,False,False,False,False,False,False,False,False,False,False,False,False,False,False,False,False
2025 Topps Update Jacob Wilson 35th Anniversary Chrome /150,37.49,False,False,False,False,False,False,False,False,False,False,False,False,False,False,False,False,False,False,False,False,False,False,False,False,False,False,False,False,False,False,False,False,False,False,False
2025 Topps Update Rookie Debut #US199 Roki Sasaki (RC) Dodgers ERROR MISCUT RARE,37.49,False,False,False,False,False,False,False,False,False,False,False,False,False,False,False,False,False,False,False,False,False,False,False,False,False,False,False,False,False,False,False,False,False,False,False
TYLER OWENS 2025 TOPPS UPDATE SERIES ROOKIE CANVAS CARD # 10/50,37.24,False,False,False,False,False,False,False,False,False,False,False,False,False,False,False,False,False,False,False,False,False,False,False,False,False,False,False,False,False,False,False,False,False,False,False
2025 Topps Update - Braydon Fisher RC - TRUE PHOTO SHORT PRINT! Rookie,37.0,False,False,False,False,False,False,False,False,False,False,False,False,False,False,False,False,False,False,False,False,False,False,False,False,False,False,False,False,False,False,False,False,False,False,False
2025 Topps Update Memorial Day Camo /25 Thomas Saggese (US21) Cardinals RC Debut,37.0,False,False,False,False,False,False,False,False,False,False,False,False,False,False,False,False,False,False,False,False,False,False,False,False,False,False,False,False,False,False,False,False,False,False,False
2025 Topps Update HUNTER DOBBINS RC Real One AUTOGRAPH On-Card SP #US270 Red Sox,36.99,False,False,False,False,False,False,False,False,False,False,False,False,False,False,False,False,False,False,False,False,False,False,False,False,False,False,False,False,False,False,False,False,False,False,False
2025 Topps Update Series Autographs Chase Petty #US275 /199,36.25,False,False,False,False,False,False,False,False,False,False,False,False,False,False,False,False,False,False,False,False,False,False,False,False,False,False,False,False,False,False,False,False,False,False,False
2025 Topps Update 1990 Topps Baseball Chandler Simpson RC Auto #90AU-CSI Rays,35.99,False,False,False,False,False,False,False,False,False,False,False,False,False,False,False,False,False,False,False,False,False,False,False,False,False,False,False,False,False,False,False,False,False,False,False
2025 Topps Update 1990 Topps Baseball Chandler Simpson RC Auto #90AU-CSI Rays,35.99,False,False,False,False,False,False,False,False,False,False,False,False,False,False,False,False,False,False,False,False,False,False,False,False,False,False,False,False,False,False,False,False,False,False,False
2025 Topps Update US31 Zach Agnos RC Memorial Day Camo 14/25 Rockies Rookie,35.99,False,False,False,False,False,False,False,False,False,False,False,False,False,False,False,False,False,False,False,False,False,False,False,False,False,False,False,False,False,False,False,False,False,False,False
2025 Topps Update JACE JUNG Rookie RC Heavy Lumber - HL-67,35.98,False,False,False,False,False,False,False,False,False,False,False,False,False,False,False,False,False,False,False,False,False,False,False,False,False,False,False,False,False,False,False,False,False,False,False
2025 Topps Update Edgar Quero Canvas RC 18/50 #US325 Chicago White Sox,35.98,False,False,False,False,False,False,False,False,False,False,False,False,False,False,False,False,False,False,False,False,False,False,False,False,False,False,False,False,False,False,False,False,False,False,False
2025 Topps Update Edgar Quero Canvas RC 18/50 #US325 Chicago White Sox,35.98,False,False,False,False,False,False,False,False,False,False,False,False,False,False,False,False,False,False,False,False,False,False,False,False,False,False,False,False,False,False,False,False,False,False,False
2025 Topps Update Series - Highlights Checklist Elly De La Cruz #US235 Holofoil,35.5,False,False,False,False,False,False,False,False,False,False,False,False,False,False,False,False,False,False,False,False,False,False,False,False,False,False,False,False,False,False,False,False,False,False,False
2025 Topps Update Series Baseball Dalton Rushing Home Field Advantage HFA-48,35.489999999999995,False,False,False,False,False,False,False,False,False,False,False,False,False,False,False,False,False,False,False,False,False,False,False,False,False,False,False,False,False,False,False,False,False,False,False
2025 Topps Update Jace Jung RC Canvas Variation 22/50 #US93 Detroit Tigers SP,35.25,False,False,False,False,False,False,False,False,False,False,False,False,False,False,False,False,False,False,False,False,False,False,False,False,False,False,False,False,False,False,False,False,False,False,False
2025 Topps Update #US323 Luis Contreras  Gold Mirror Image Houston Astros RC,35.239999999999995,False,False,False,False,False,False,False,False,False,False,False,False,False,False,False,False,False,False,False,False,False,False,False,False,False,False,False,False,False,False,False,False,False,False,False
2025 Topps Update #US22 Brady Feigl RC Wooden #’d 22/25 Minnesota Twins,35.239999999999995,False,False,False,False,False,False,False,False,False,False,False,False,False,False,False,False,False,False,False,False,False,False,False,False,False,False,False,False,False,False,False,False,False,False,False
"2025 TOPPS UPDATE RRR-KR KUMAR ROCKER, RANGERS, TRI-COLOR RELIC 18/25, MINT",35.2,False,False,False,False,False,False,False,False,False,False,False,False,False,False,False,False,False,False,False,False,False,False,False,False,False,False,False,False,False,False,False,False,False,False,False
2025 Topps Update Chase Meidroth Silver Pack Auto #/299 Rookie White Sox RC MT,35.15,False,False,False,False,False,False,False,False,False,False,False,False,False,False,False,False,False,False,False,False,False,False,False,False,False,False,False,False,False,False,False,False,False,False,False
2025 TOPPS UPDATE JUSTIN STEELE CANVAS PARALLEL SP CARD #US248 #D/50 CUBS,35.0,False,False,False,False,False,False,False,False,False,False,False,False,False,False,False,False,False,False,False,False,False,False,False,False,False,False,False,False,False,False,False,False,False,False,False
2025 Topps Update - Brooks Lee RC #MMAU-BL Major League Materials Auto /25 TWINS,35.0,False,False,False,False,False,False,False,False,False,False,False,False,False,False,False,False,False,False,False,False,False,False,False,False,False,False,False,False,False,False,False,False,False,False,False
"2025 Topps Update Series Veteran Combos Dansby Swanson, Matt Shaw #US309 /50",35.0,False,False,False,False,False,False,False,False,False,False,False,False,False,False,False,False,False,False,False,False,False,False,False,False,False,False,False,False,False,False,False,False,False,False,False
2025 Topps Update Kristian Campbell HFA RC Home Field Advantage #HA-43 Red Sox,35.0,False,False,False,False,False,False,False,False,False,False,False,False,False,False,False,False,False,False,False,False,False,False,False,False,False,False,False,False,False,False,False,False,False,False,False
2025 Topps Update Dalton Rushing 1990 Baseball On Card Rookie Auto Dodgers RARE,35.0,False,False,False,False,False,False,False,False,False,False,False,False,False,False,False,False,False,False,False,False,False,False,False,False,False,False,False,False,False,False,False,False,False,False,False
2025 Topps Update Series Kumar Rocker Canvas /50 RC Rookie Texas Rangers,35.0,False,False,False,False,False,False,False,False,False,False,False,False,False,False,False,False,False,False,False,False,False,False,False,False,False,False,False,False,False,False,False,False,False,False,False
2025 Topps Update Kristian Campbell HFA RC Home Field Advantage #HA-43 Red Sox,35.0,False,False,False,False,False,False,False,False,False,False,False,False,False,False,False,False,False,False,False,False,False,False,False,False,False,False,False,False,False,False,False,False,False,False,False
2025 Topps Update Hunter Dobbins Topps Certified Autograph On Card | Campbell RC,35.0,False,False,False,False,False,False,False,False,False,False,False,False,False,False,False,False,False,False,False,False,False,False,False,False,False,False,False,False,False,False,False,False,False,False,False
2025 Topps Update Max Muncy RC #U90C-70 Silver Pack Mojo 35th Auto /199 A’s,35.0,False,False,False,False,False,False,False,False,False,False,False,False,False,False,False,False,False,False,False,False,False,False,False,False,False,False,False,False,False,False,False,False,False,False,False
2025 Topps Update Aaron Judge “MVP” Pink Foil SP Yankees,35.0,False,False,False,False,False,False,False,False,False,False,False,False,False,False,False,False,False,False,False,False,False,False,False,False,False,False,False,False,False,False,False,False,False,False,False
2025 Topps Update Series - 1990 Topps Baseball (RPA) Shane Smith #90AU-SSM 23/99,35.0,False,False,False,False,False,False,False,False,False,False,False,False,False,False,False,False,False,False,False,False,False,False,False,False,False,False,False,False,False,False,False,False,False,False,False
2025 Topps Update Shohei Ohtani & Roki Sasaki Ghost Foilboard #US269,35.0,False,False,False,False,False,False,False,False,False,False,False,False,False,False,False,False,False,False,False,False,False,False,False,False,False,False,False,False,False,False,False,False,False,False,False
Hunter Dobbins 2025 Topps Update Memorial Day Camo /25  (RC)  Boston Red Socks,35.0,False,False,False,False,False,False,False,False,False,False,False,False,False,False,False,False,False,False,False,False,False,False,False,False,False,False,False,False,False,False,False,False,False,False,False
2025 Topps Update Fernando Tatis Jr. 1990 35th Anniversary Padres /50 #U90-23,35.0,False,False,False,False,False,False,False,False,False,False,False,False,False,False,False,False,False,False,False,False,False,False,False,False,False,False,False,False,False,False,False,False,False,False,False
2025 Topps Update Isaac Paredes CAMOUFLAGE 2/25,35.0,False,False,False,False,False,False,False,False,False,False,False,False,False,False,False,False,False,False,False,False,False,False,False,False,False,False,False,False,False,False,False,False,False,False,False
2025 Topps Update- Rookie Autographs Marc Church #RA-MAC (AU RC) Camo /25 SP,35.0,False,False,False,False,False,False,False,False,False,False,False,False,False,False,False,False,False,False,False,False,False,False,False,False,False,False,False,False,False,False,False,False,False,False,False
2025 Topps Update Braydon Fisher Rookie Canvas Parallel /50,35.0,False,False,False,False,False,False,False,False,False,False,False,False,False,False,False,False,False,False,False,False,False,False,False,False,False,False,False,False,False,False,False,False,False,False,False
2025 Topps Update Thomas Saggese Red White Blue American Flag Parallel 64/76,35.0,False,False,False,False,False,False,False,False,False,False,False,False,False,False,False,False,False,False,False,False,False,False,False,False,False,False,False,False,False,False,False,False,False,False,False
2025 Topps Update Chrome Purple Speckle Nathan Wiles (Auto RC) #127/299,35.0,False,False,False,False,False,False,False,False,False,False,False,False,False,False,False,False,False,False,False,False,False,False,False,False,False,False,False,False,False,False,False,False,False,False,False
2025 Topps Update #US269 Shohei Ohtani & Roki Sasaki Rising Sons - FANATICS EXC,35.0,False,False,False,False,False,False,False,False,False,False,False,False,False,False,False,False,False,False,False,False,False,False,False,False,False,False,False,False,False,False,False,False,False,False,False
Aaron Judge Jazz Chisholm  2025 Topps Update Series - Veteran Combos #US85 AGS,35.0,False,False,False,False,False,False,False,False,False,False,False,False,False,False,False,False,False,False,False,False,False,False,False,False,False,False,False,False,False,False,False,False,False,False,False
2025 Topps Update Series Brooks Lee Rising Rookies Patch /10,35.0,False,False,False,False,False,False,False,False,False,False,False,False,False,False,False,False,False,False,False,False,False,False,False,False,False,False,False,False,False,False,False,False,False,False,False
2025 Topps Update Series - Lake Bachar #US158 True Photo,35.0,False,False,False,False,False,False,False,False,False,False,False,False,False,False,False,False,False,False,False,False,False,False,False,False,False,False,False,False,False,False,False,False,False,False,False
2025 Topps Update Kristian Campbell 35th Anniversary Rookie Auto,35.0,False,False,False,False,False,False,False,False,False,False,False,False,False,False,False,False,False,False,False,False,False,False,False,False,False,False,False,False,False,False,False,False,False,False,False
2025 Topps Update DEVIN WILLIAMS TRUE PHOTO #US178 NEW YORK YANKEES,35.0,False,False,False,False,False,False,False,False,False,False,False,False,False,False,False,False,False,False,False,False,False,False,False,False,False,False,False,False,False,False,False,False,False,False,False
2025 Topps Update - Major League Material Auto #MMAU-RL Rhett Lowder (RC) 07/50,35.0,False,False,False,False,False,False,False,False,False,False,False,False,False,False,False,False,False,False,False,False,False,False,False,False,False,False,False,False,False,False,False,False,False,False,False
2025 Topps Update Series Miles Mastrobuoni 44/50 Canvas US313 Seattle  Mariners,35.0,False,False,False,False,False,False,False,False,False,False,False,False,False,False,False,False,False,False,False,False,False,False,False,False,False,False,False,False,False,False,False,False,False,False,False
2025 Topps Update Kristian Campbell 35th Anniversary Rookie Auto,35.0,False,False,False,False,False,False,False,False,False,False,False,False,False,False,False,False,False,False,False,False,False,False,False,False,False,False,False,False,False,False,False,False,False,False,False
2025 Topps Update Dalton Rushing 1990 Baseball On Card Rookie Auto Dodgers RARE,35.0,False,False,False,False,False,False,False,False,False,False,False,False,False,False,False,False,False,False,False,False,False,False,False,False,False,False,False,False,False,False,False,False,False,False,False
2025 Topps Update - 1990 Topps Relic - #90RU-FT - Fernando Tatis Jr. - 09/25,35.0,False,False,False,False,False,False,False,False,False,False,False,False,False,False,False,False,False,False,False,False,False,False,False,False,False,False,False,False,False,False,False,False,False,False,False
Luisangel Acuna 2025 Topps Update #US336 Skeletons Rookie RC /50 New York Mets,35.0,False,False,False,False,False,False,False,False,False,False,False,False,False,False,False,False,False,False,False,False,False,False,False,False,False,False,False,False,False,False,False,False,False,False,False
2025 Topps Update Series Evan Sisk  1/25,35.0,False,False,False,False,False,False,False,False,False,False,False,False,False,False,False,False,False,False,False,False,False,False,False,False,False,False,False,False,False,False,False,False,False,False,False
2025 Topps Update Series Marc Church RC #US227 Camo Parallel 21/25 Texas Rangers,35.0,False,False,False,False,False,False,False,False,False,False,False,False,False,False,False,False,False,False,False,False,False,False,False,False,False,False,False,False,False,False,False,False,False,False,False
2025 Topps Update - BRADY SINGER - Canvas /50 - Royals Reds,35.0,False,False,False,False,False,False,False,False,False,False,False,False,False,False,False,False,False,False,False,False,False,False,False,False,False,False,False,False,False,False,False,False,False,False,False
2025 Topps Update Mick Abel #US270 Memorial Day Camo #'d 07/25 RC Phillies,34.99,False,False,False,False,False,False,False,False,False,False,False,False,False,False,False,False,False,False,False,False,False,False,False,False,False,False,False,False,False,False,False,False,False,False,False
2025 Topps Update Canvas Parallel Spencer Schwellenbach 11/50 US327 Braves,34.99,False,False,False,False,False,False,False,False,False,False,False,False,False,False,False,False,False,False,False,False,False,False,False,False,False,False,False,False,False,False,False,False,False,False,False
2025 Topps Update Mick Abel #US270 Memorial Day Camo #'d 07/25 RC Phillies,34.99,False,False,False,False,False,False,False,False,False,False,False,False,False,False,False,False,False,False,False,False,False,False,False,False,False,False,False,False,False,False,False,False,False,False,False
🔥2 Cards🔥 2025 Topps Update Veteran Combo Snell & Glasnow #US119 /25 AND /2025,34.99,False,False,False,False,False,False,False,False,False,False,False,False,False,False,False,False,False,False,False,False,False,False,False,False,False,False,False,False,False,False,False,False,False,False,False
Ben Williamson 2025 Topps Update CANVAS RC /50,34.99,False,False,False,False,False,False,False,False,False,False,False,False,False,False,False,False,False,False,False,False,False,False,False,False,False,False,False,False,False,False,False,False,False,False,False
2025 Topps Update Series Mick Abel #U90-25 RC 35th Anniversary Foil  #d' 44/50,34.989999999999995,False,False,False,False,False,False,False,False,False,False,False,False,False,False,False,False,False,False,False,False,False,False,False,False,False,False,False,False,False,False,False,False,False,False,False
2025 Topps Update Series Mick Abel #U90-25 RC 35th Anniversary Foil  #d' 44/50,34.989999999999995,False,False,False,False,False,False,False,False,False,False,False,False,False,False,False,False,False,False,False,False,False,False,False,False,False,False,False,False,False,False,False,False,False,False,False
2025 Topps Update Memorial Day CAMO  Jared Triolo #US54 03/25 🔥🔥🔥🔥,34.98,False,False,False,False,False,False,False,False,False,False,False,False,False,False,False,False,False,False,False,False,False,False,False,False,False,False,False,False,False,False,False,False,False,False,False
2025 Topps Update -  Kris Bubic #US-83 Memorial Day Camo 13/25 Royals,34.98,False,False,False,False,False,False,False,False,False,False,False,False,False,False,False,False,False,False,False,False,False,False,False,False,False,False,False,False,False,False,False,False,False,False,False
Gio Urshela 2025 Topps Update #US23 Memorial Day Camo #/25 Athletics,34.95,False,False,False,False,False,False,False,False,False,False,False,False,False,False,False,False,False,False,False,False,False,False,False,False,False,False,False,False,False,False,False,False,False,False,False
2025 Topps Update Veteran Combos Harper & Castellanos True Image SP #US107,34.94,False,False,False,False,False,False,False,False,False,False,False,False,False,False,False,False,False,False,False,False,False,False,False,False,False,False,False,False,False,False,False,False,False,False,False
2025 Topps Update Veteran Combos Harper & Castellanos True Image SP #US107,34.94,False,False,False,False,False,False,False,False,False,False,False,False,False,False,False,False,False,False,False,False,False,False,False,False,False,False,False,False,False,False,False,False,False,False,False
2025 Topps Update Series Eli White Memorial Day Camo Parallel #'d 22/25,34.839999999999996,False,False,False,False,False,False,False,False,False,False,False,False,False,False,False,False,False,False,False,False,False,False,False,False,False,False,False,False,False,False,False,False,False,False,False
2025 Topps Update #US85 Aaron Judge / Jazz Chisholm Jr. SN76 Independence Day,34.74,False,False,False,False,False,False,False,False,False,False,False,False,False,False,False,False,False,False,False,False,False,False,False,False,False,False,False,False,False,False,False,False,False,False,False
2025 Topps Update Shane Smith Mojo /25,34.5,False,False,False,False,False,False,False,False,False,False,False,False,False,False,False,False,False,False,False,False,False,False,False,False,False,False,False,False,False,False,False,False,False,False,False
Cody Bellinger 2025 Topps Update Series Canvas /50 New York Yankees #US50,34.5,False,False,False,False,False,False,False,False,False,False,False,False,False,False,False,False,False,False,False,False,False,False,False,False,False,False,False,False,False,False,False,False,False,False,False
2025 Topps Update HUNTER DOBBINS Real One Auto Autograph Red Sox RC,34.5,False,False,False,False,False,False,False,False,False,False,False,False,False,False,False,False,False,False,False,False,False,False,False,False,False,False,False,False,False,False,False,False,False,False,False
2025 Topps Update True Photo Caden Dana RC Los Angeles Angels #US187,34.489999999999995,False,False,False,False,False,False,False,False,False,False,False,False,False,False,False,False,False,False,False,False,False,False,False,False,False,False,False,False,False,False,False,False,False,False,False
2025 Topps Update #US52 Liam Hicks Memorial Day Camo #/25,34.45,False,False,False,False,False,False,False,False,False,False,False,False,False,False,False,False,False,False,False,False,False,False,False,False,False,False,False,False,False,False,False,False,False,False,False
2025 Topps Update Noah Cameron Rookie GMG Graded 10 Gem Mint 💎 Chrome Mojo Ref,34.45,False,False,False,False,False,False,False,False,False,False,False,False,False,False,False,False,False,False,False,False,False,False,False,False,False,False,False,False,False,False,False,False,False,False,False
2025 Topps Update - Chandler Simpson Mojo Chrome Silver Pack Auto /199 (U90C-27),34.44,False,False,False,False,False,False,False,False,False,False,False,False,False,False,False,False,False,False,False,False,False,False,False,False,False,False,False,False,False,False,False,False,False,False,False
2025 Topps Update - Chandler Simpson Mojo Chrome Silver Pack Auto /199 (U90C-27),34.44,False,False,False,False,False,False,False,False,False,False,False,False,False,False,False,False,False,False,False,False,False,False,False,False,False,False,False,False,False,False,False,False,False,False,False
2025 Topps Update Kyren Paris #MMAU-KP Major League Material Relic Autograph /50,34.42,False,False,False,False,False,False,False,False,False,False,False,False,False,False,False,False,False,False,False,False,False,False,False,False,False,False,False,False,False,False,False,False,False,False,False
2025 Topps Update John Rave True Photo Short Print! (RC) #US192,34.25,False,False,False,False,False,False,False,False,False,False,False,False,False,False,False,False,False,False,False,False,False,False,False,False,False,False,False,False,False,False,False,False,False,False,False
2025 Topps Update Baseball Veteran Combos Harper/Castellanos US107 Canvas /50 SP,34.0,False,False,False,False,False,False,False,False,False,False,False,False,False,False,False,False,False,False,False,False,False,False,False,False,False,False,False,False,False,False,False,False,False,False,False
KRISTIAN CAMPBELL 2025 Topps Update HOME FIELD ADVANTAGE ROOKIE RC PARALLEL,33.99,False,False,False,False,False,False,False,False,False,False,False,False,False,False,False,False,False,False,False,False,False,False,False,False,False,False,False,False,False,False,False,False,False,False,False
KRISTIAN CAMPBELL 2025 Topps Update HOME FIELD ADVANTAGE ROOKIE RC PARALLEL,33.99,False,False,False,False,False,False,False,False,False,False,False,False,False,False,False,False,False,False,False,False,False,False,False,False,False,False,False,False,False,False,False,False,False,False,False
Tsung-Che Cheng 2025 Topps Update #US72 True Photo Rookie RC Pittsburgh Pirates,33.99,False,False,False,False,False,False,False,False,False,False,False,False,False,False,False,False,False,False,False,False,False,False,False,False,False,False,False,False,False,False,False,False,False,False,False
Jack Dreyer 2025 Topps Update Series Orange Skull Rookie 20/50 Dodgers,33.98,False,False,False,False,False,False,False,False,False,False,False,False,False,False,False,False,False,False,False,False,False,False,False,False,False,False,False,False,False,False,False,False,False,False,False
2025 Topps Update Home Field Advantage Kristian Campbell #HA-43 Rookie - TCCCX,32.99,False,False,False,False,False,False,False,False,False,False,False,False,False,False,False,False,False,False,False,False,False,False,False,False,False,False,False,False,False,False,False,False,False,False,False
2025 Topps Update Home Field Advantage Kristian Campbell #HA-43 Rookie - TCCCX,32.99,False,False,False,False,False,False,False,False,False,False,False,False,False,False,False,False,False,False,False,False,False,False,False,False,False,False,False,False,False,False,False,False,False,False,False
2025 Topps Update John Rave ROOKIE /50 Parallel #US192 Royals,32.98,False,False,False,False,False,False,False,False,False,False,False,False,False,False,False,False,False,False,False,False,False,False,False,False,False,False,False,False,False,False,False,False,False,False,False
2025 Topps Update Shane Smith /75 Silver Pack #U90C-84 Purple Refractor,32.78,False,False,False,False,False,False,False,False,False,False,False,False,False,False,False,False,False,False,False,False,False,False,False,False,False,False,False,False,False,False,False,False,False,False,False
Nick Kurtz 2025 Topps Update Pink Holo Foil US201 Rookie RC,32.75,False,False,False,False,False,False,False,False,False,False,False,False,False,False,False,False,False,False,False,False,False,False,False,False,False,False,False,False,False,False,False,False,False,False,False
Nick Kurtz 2025 Topps Update Pink Holo Foil US201 Rookie RC,32.75,False,False,False,False,False,False,False,False,False,False,False,False,False,False,False,False,False,False,False,False,False,False,False,False,False,False,False,False,False,False,False,False,False,False,False
2025 TOPPS UPDATE SERIES CHASE MEIDROTH #US337 CANVAS /50,32.68,False,False,False,False,False,False,False,False,False,False,False,False,False,False,False,False,False,False,False,False,False,False,False,False,False,False,False,False,False,False,False,False,False,False,False
2025 Topps Update Kristian Campbell Home Field Advantage HA-43 RC Red Sox,32.0,False,False,False,False,False,False,False,False,False,False,False,False,False,False,False,False,False,False,False,False,False,False,False,False,False,False,False,False,False,False,False,False,False,False,False
2025 Topps Update Kristian Campbell Home Field Advantage HA-43 RC Red Sox,32.0,False,False,False,False,False,False,False,False,False,False,False,False,False,False,False,False,False,False,False,False,False,False,False,False,False,False,False,False,False,False,False,False,False,False,False
2025 Topps Update Series -  Autographs Hunter Dobbins #36/499 BALTIMORE RED SOX,32.0,False,False,False,False,False,False,False,False,False,False,False,False,False,False,False,False,False,False,False,False,False,False,False,False,False,False,False,False,False,False,False,False,False,False,False
Matt Shaw 2025 Topps Update Baseball Stars Autograph Card #BSAU-MS,31.99,False,False,False,False,False,False,False,False,False,False,False,False,False,False,False,False,False,False,False,False,False,False,False,False,False,False,False,False,False,False,False,False,False,False,False
Matt Shaw 2025 Topps Update Baseball Stars Autograph Card #BSAU-MS,31.99,False,False,False,False,False,False,False,False,False,False,False,False,False,False,False,False,False,False,False,False,False,False,False,False,False,False,False,False,False,False,False,False,False,False,False
Gage Workman 2025 Topps Update Memorial Day Camo /25 Rookie Card #US118 Tigers,31.979999999999997,False,False,False,False,False,False,False,False,False,False,False,False,False,False,False,False,False,False,False,False,False,False,False,False,False,False,False,False,False,False,False,False,False,False,False
Kevin Alcantara 2025 Topps Update Canvas Rookie Debut  46/50 Card #US128,31.979999999999997,False,False,False,False,False,False,False,False,False,False,False,False,False,False,False,False,False,False,False,False,False,False,False,False,False,False,False,False,False,False,False,False,False,False,False
2025 Topps Update CHASE LEE RC Memorial Day Camo /25 #US167 Tigers  SP!,31.0,False,False,False,False,False,False,False,False,False,False,False,False,False,False,False,False,False,False,False,False,False,False,False,False,False,False,False,False,False,False,False,False,False,False,False
2025 TOPPS UPDATE #U90-28 JAMES WOOD #/99 FOIL RC WASHINGTON NATIONALS,30.979999999999997,False,False,False,False,False,False,False,False,False,False,False,False,False,False,False,False,False,False,False,False,False,False,False,False,False,False,False,False,False,False,False,False,False,False,False
2025 Topps Update Chase Meidroth Silver Pack 1990 Chrome Auto /299 #U90C-52 Rc,30.979999999999997,False,False,False,False,False,False,False,False,False,False,False,False,False,False,False,False,False,False,False,False,False,False,False,False,False,False,False,False,False,False,False,False,False,False,False
2025 Topps Update CJ Alexander Acetate #3/10 #US143,30.5,False,False,False,False,False,False,False,False,False,False,False,False,False,False,False,False,False,False,False,False,False,False,False,False,False,False,False,False,False,False,False,False,False,False,False
2025 Topps Update Mickey Gasper Skeleton Holo Foil 34/50 #US291 RC Rookie,30.49,False,False,False,False,False,False,False,False,False,False,False,False,False,False,False,False,False,False,False,False,False,False,False,False,False,False,False,False,False,False,False,False,False,False,False
Mike Vasil 2025 Topps Update Rookie Canvas Parallel /50 #US219 (RC) White Sox,30.0,False,False,False,False,False,False,False,False,False,False,False,False,False,False,False,False,False,False,False,False,False,False,False,False,False,False,False,False,False,False,False,False,False,False,False
2025 Topps Update Series - Zac Veen #US2 True Photo (RC),30.0,False,False,False,False,False,False,False,False,False,False,False,False,False,False,False,False,False,False,False,False,False,False,False,False,False,False,False,False,False,False,False,False,False,False,False
2025 Topps Update Series - Zac Veen #US2 True Photo (RC),30.0,False,False,False,False,False,False,False,False,False,False,False,False,False,False,False,False,False,False,False,False,False,False,False,False,False,False,False,False,False,False,False,False,False,False,False
Justin Steele 2025 Topps Update Canvas US248 2/50,30.0,False,False,False,False,False,False,False,False,False,False,False,False,False,False,False,False,False,False,False,False,False,False,False,False,False,False,False,False,False,False,False,False,False,False,False
Connor Thomas True Photo Rookie Card 2025 Topps Update Milwaukee Brewers SP US63,30.0,False,False,False,False,False,False,False,False,False,False,False,False,False,False,False,False,False,False,False,False,False,False,False,False,False,False,False,False,False,False,False,False,False,False,False
"2025 Topps Update Series - Veteran Combos Shohei Ohtani, Roki Sasaki #US269 Gold",30.0,False,False,False,False,False,False,False,False,False,False,False,False,False,False,False,False,False,False,False,False,False,False,False,False,False,False,False,False,False,False,False,False,False,False,False
2025 topps update series luarbert arias skeleton skull foil 12/50 RC Marlins SP,30.0,False,False,False,False,False,False,False,False,False,False,False,False,False,False,False,False,False,False,False,False,False,False,False,False,False,False,False,False,False,False,False,False,False,False,False
2025 Topps Update Series - 1990 Topps Baseball  - Logan Henderson -90AU-LOG,30.0,False,False,False,False,False,False,False,False,False,False,False,False,False,False,False,False,False,False,False,False,False,False,False,False,False,False,False,False,False,False,False,False,False,False,False
2025 Topps Update Series - Aaron Judge Ghosts Foil - Checklist Card,30.0,False,False,False,False,False,False,False,False,False,False,False,False,False,False,False,False,False,False,False,False,False,False,False,False,False,False,False,False,False,False,False,False,False,False,False
2025 Topps update Noah Cameron true photo #US65,30.0,False,False,False,False,False,False,False,False,False,False,False,False,False,False,False,False,False,False,False,False,False,False,False,False,False,False,False,False,False,False,False,False,False,False,False
Hunter Dobbins RC #90AU-HD 2025 Topps Update 1990 On Card Autograph Auto Rookie,30.0,False,False,False,False,False,False,False,False,False,False,False,False,False,False,False,False,False,False,False,False,False,False,False,False,False,False,False,False,False,False,False,False,False,False,False
2025 Topps Update Series Kyle Hendricks #US136 Memorial Day Camo /25,30.0,False,False,False,False,False,False,False,False,False,False,False,False,False,False,False,False,False,False,False,False,False,False,False,False,False,False,False,False,False,False,False,False,False,False,False
Isaac Paredes 2025 Topps Update Canvas 46/50 Houston Astros #US195,30.0,False,False,False,False,False,False,False,False,False,False,False,False,False,False,False,False,False,False,False,False,False,False,False,False,False,False,False,False,False,False,False,False,False,False,False
2025 Topps Update Series US156 Carson Kelly Chicago Cubs CANVAS Parallel 15/50,30.0,False,False,False,False,False,False,False,False,False,False,False,False,False,False,False,False,False,False,False,False,False,False,False,False,False,False,False,False,False,False,False,False,False,False,False
Logan Henderson RC US137 2025 Topps Update On Card Autograph Auto Rookie Brewers,30.0,False,False,False,False,False,False,False,False,False,False,False,False,False,False,False,False,False,False,False,False,False,False,False,False,False,False,False,False,False,False,False,False,False,False,False
Connor Joe 2025 Topps Update Series #US58 Memorial Day Camo /25 Reds,30.0,False,False,False,False,False,False,False,False,False,False,False,False,False,False,False,False,False,False,False,False,False,False,False,False,False,False,False,False,False,False,False,False,False,False,False
2025 Topps Update Series - Edgar Quero #US145 Vintage Stock (RC),30.0,False,False,False,False,False,False,False,False,False,False,False,False,False,False,False,False,False,False,False,False,False,False,False,False,False,False,False,False,False,False,False,False,False,False,False
2025 Topps Update Red #5 Colin Rea,30.0,False,False,False,False,False,False,False,False,False,False,False,False,False,False,False,False,False,False,False,False,False,False,False,False,False,False,False,False,False,False,False,False,False,False,False
2025 Topps Update Series - Ji Hwan Bae #US64 USA Stars and Stripes /76 Pirates,30.0,False,False,False,False,False,False,False,False,False,False,False,False,False,False,False,False,False,False,False,False,False,False,False,False,False,False,False,False,False,False,False,False,False,False,False
2025 Topps Update COBY MAYO Ghost Foil Rookie Debut Card RC #US282 Orioles SP,30.0,False,False,False,False,False,False,False,False,False,False,False,False,False,False,False,False,False,False,False,False,False,False,False,False,False,False,False,False,False,False,False,False,False,False,False
"2025 Topps Update Series Baseball US19 Rowdy Tellez, Seattle Mariners",30.0,False,False,False,False,False,False,False,False,False,False,False,False,False,False,False,False,False,False,False,False,False,False,False,False,False,False,False,False,False,False,False,False,False,False,False
2025 Topps Update Series Victor Mesa Jr. #US220 Canvas /50 (RC) Plus More,30.0,False,False,False,False,False,False,False,False,False,False,False,False,False,False,False,False,False,False,False,False,False,False,False,False,False,False,False,False,False,False,False,False,False,False,False
2025 Topps Update Tyler Callihan RC “Mummy” Variation #06/50 Reds Blaster Only,30.0,False,False,False,False,False,False,False,False,False,False,False,False,False,False,False,False,False,False,False,False,False,False,False,False,False,False,False,False,False,False,False,False,False,False,False
2025 Topps Update Dairon Blanco True Photo US88,30.0,False,False,False,False,False,False,False,False,False,False,False,False,False,False,False,False,False,False,False,False,False,False,False,False,False,False,False,False,False,False,False,False,False,False,False
2025 Topps Update Michael Darrell Hicks True Photo,30.0,False,False,False,False,False,False,False,False,False,False,False,False,False,False,False,False,False,False,False,False,False,False,False,False,False,False,False,False,False,False,False,False,False,False,False
2025 Topps Update Series - Chad Patrick #US307 (RC),30.0,False,False,False,False,False,False,False,False,False,False,False,False,False,False,False,False,False,False,False,False,False,False,False,False,False,False,False,False,False,False,False,False,False,False,False
2025 Topps Update Grant Koch RC “Canvas” Variation #32/50 Pirates,30.0,False,False,False,False,False,False,False,False,False,False,False,False,False,False,False,False,False,False,False,False,False,False,False,False,False,False,False,False,False,False,False,False,False,False,False
2025 Topps Update David Morgan RC “Mummy” Variation  /50 Padres,30.0,False,False,False,False,False,False,False,False,False,False,False,False,False,False,False,False,False,False,False,False,False,False,False,False,False,False,False,False,False,False,False,False,False,False,False
2025 Topps Update Series - Edgar Quero #US145 Vintage Stock (RC),30.0,False,False,False,False,False,False,False,False,False,False,False,False,False,False,False,False,False,False,False,False,False,False,False,False,False,False,False,False,False,False,False,False,False,False,False
Caden Dana 2025 Topps Update #US187 True Photo Rookie RC SP Los Angeles Angels,30.0,False,False,False,False,False,False,False,False,False,False,False,False,False,False,False,False,False,False,False,False,False,False,False,False,False,False,False,False,False,False,False,False,False,False,False
2025 Topps Update Francisco Lindor Mets KHAC-26 Keegan Hall Artwork SP,30.0,False,False,False,False,False,False,False,False,False,False,False,False,False,False,False,False,False,False,False,False,False,False,False,False,False,False,False,False,False,False,False,False,False,False,False
2025 Topps Update Chad Patrick Auto US307 Brewers,30.0,False,False,False,False,False,False,False,False,False,False,False,False,False,False,False,False,False,False,False,False,False,False,False,False,False,False,False,False,False,False,False,False,False,False,False
2025 Topps Update Memorial Day Camo Santiago Espinal #06/25 (US150) Reds,29.990000000000002,False,False,False,False,False,False,False,False,False,False,False,False,False,False,False,False,False,False,False,False,False,False,False,False,False,False,False,False,False,False,False,False,False,False,False
Ji Hwan Bae - 2025 Topps Update Series #US64 Canvas 48/50 Pittsburgh Pirates,29.990000000000002,False,False,False,False,False,False,False,False,False,False,False,False,False,False,False,False,False,False,False,False,False,False,False,False,False,False,False,False,False,False,False,False,False,False,False
2025 Topps Update Series - Logan Henderson Real One Rookie Autograph #US137 (RC),29.990000000000002,False,False,False,False,False,False,False,False,False,False,False,False,False,False,False,False,False,False,False,False,False,False,False,False,False,False,False,False,False,False,False,False,False,False,False
Spencer Schwellenbach 2025 Topps Update RC Autographed Card 79/99 90AU-SSH,29.99,False,False,False,False,False,False,False,False,False,False,False,False,False,False,False,False,False,False,False,False,False,False,False,False,False,False,False,False,False,False,False,False,False,False,False
2025 Topps Update Memorial Day Camo #US59 Caleb Durbin RC Brewers 22/25 Birthday,29.99,False,False,False,False,False,False,False,False,False,False,False,False,False,False,False,False,False,False,False,False,False,False,False,False,False,False,False,False,False,False,False,False,False,False,False
2025 Topps Update Series Serial Numbered Carlos Estévez Royals #US237 /99,29.99,False,False,False,False,False,False,False,False,False,False,False,False,False,False,False,False,False,False,False,False,False,False,False,False,False,False,False,False,False,False,False,False,False,False,False
2025 Topps Update Series - Luis Urias #US334 Silver Patterned Foilboard,29.99,False,False,False,False,False,False,False,False,False,False,False,False,False,False,False,False,False,False,False,False,False,False,False,False,False,False,False,False,False,False,False,False,False,False,False
2025 Topps Update Series Chad Patrick AC-CPA Auto /499 Nm/Mt,29.99,False,False,False,False,False,False,False,False,False,False,False,False,False,False,False,False,False,False,False,False,False,False,False,False,False,False,False,False,False,False,False,False,False,False,False
2025 Topps Update Series - Craig Yoho RC US261 TRUE PHOTO Variant - Brewers! 🔥,29.99,False,False,False,False,False,False,False,False,False,False,False,False,False,False,False,False,False,False,False,False,False,False,False,False,False,False,False,False,False,False,False,False,False,False,False
TRAVIS D'ARNAUD #/50 2025 Topps Update Mummy PARALLEL #US33 Angels,29.99,False,False,False,False,False,False,False,False,False,False,False,False,False,False,False,False,False,False,False,False,False,False,False,False,False,False,False,False,False,False,False,False,False,False,False
2025 topps update US234 Bryan De La Cruz Memorial Day Camo /25,29.99,False,False,False,False,False,False,False,False,False,False,False,False,False,False,False,False,False,False,False,False,False,False,False,False,False,False,False,False,False,False,False,False,False,False,False
2025 Topps Update - #US201 Topps Logo Foil - Nick Kurtz,29.99,False,False,False,False,False,False,False,False,False,False,False,False,False,False,False,False,False,False,False,False,False,False,False,False,False,False,False,False,False,False,False,False,False,False,False
"Caleb Durbin Rookie Autograph 2025 Topps Update #US170 (AU, RC) Auto CLEAN",29.99,False,False,False,False,False,False,False,False,False,False,False,False,False,False,False,False,False,False,False,False,False,False,False,False,False,False,False,False,False,False,False,False,False,False,False
2025 Topps Update Series Rookie #/99 Austin Kitchen Mariners #US320,29.99,False,False,False,False,False,False,False,False,False,False,False,False,False,False,False,False,False,False,False,False,False,False,False,False,False,False,False,False,False,False,False,False,False,False,False
"Caleb Durbin Rookie Autograph 2025 Topps Update #US170 (AU, RC) Auto CLEAN",29.99,False,False,False,False,False,False,False,False,False,False,False,False,False,False,False,False,False,False,False,False,False,False,False,False,False,False,False,False,False,False,False,False,False,False,False
2025 Topps Update Memorial Day Camo #US59 Caleb Durbin RC Brewers 22/25 Birthday,29.99,False,False,False,False,False,False,False,False,False,False,False,False,False,False,False,False,False,False,False,False,False,False,False,False,False,False,False,False,False,False,False,False,False,False,False
2025 Topps Update Brady Singer /25 Major League Material AUTO Relic Reds MMAU-BS,29.99,False,False,False,False,False,False,False,False,False,False,False,False,False,False,False,False,False,False,False,False,False,False,False,False,False,False,False,False,False,False,False,False,False,False,False
2025 Topps Update 1990 35th Athletics Max Muncy On Card Autograph RC,29.99,False,False,False,False,False,False,False,False,False,False,False,False,False,False,False,False,False,False,False,False,False,False,False,False,False,False,False,False,False,False,False,False,False,False,False
2025 Topps Update Series #US130 Ben Williamson (RC) Auto,29.99,False,False,False,False,False,False,False,False,False,False,False,False,False,False,False,False,False,False,False,False,False,False,False,False,False,False,False,False,False,False,False,False,False,False,False
"2025 Topps Update Veteran Combos Bryce Harper, Nick Castellanos /25 #US107",29.99,False,False,False,False,False,False,False,False,False,False,False,False,False,False,False,False,False,False,False,False,False,False,False,False,False,False,False,False,False,False,False,False,False,False,False
2025 Topps Update Bailey Horn Ghost Foil RC #US162 Detroit Tigers 👻,29.99,False,False,False,False,False,False,False,False,False,False,False,False,False,False,False,False,False,False,False,False,False,False,False,False,False,False,False,False,False,False,False,False,False,False,False
2025 Topps Update - Jake Mangum - CANVAS /50 - #US306 SP - Rays - RC,29.99,False,False,False,False,False,False,False,False,False,False,False,False,False,False,False,False,False,False,False,False,False,False,False,False,False,False,False,False,False,False,False,False,False,False,False
2025 Topps Update - Heavy Lumber Kevin Alcántara #HL-69 Chicago Cubs,29.99,False,False,False,False,False,False,False,False,False,False,False,False,False,False,False,False,False,False,False,False,False,False,False,False,False,False,False,False,False,False,False,False,False,False,False
2025 Topps Update - #US201 Topps Logo Foil - Nick Kurtz,29.99,False,False,False,False,False,False,False,False,False,False,False,False,False,False,False,False,False,False,False,False,False,False,False,False,False,False,False,False,False,False,False,False,False,False,False
Tommy Pham 2025 Topps Update Series True Image Card,29.99,False,False,False,False,False,False,False,False,False,False,False,False,False,False,False,False,False,False,False,False,False,False,False,False,False,False,False,False,False,False,False,False,False,False,False
2025 Topps Update #US12 Andrés Muñoz Memorial Day Camo #/25,29.99,False,False,False,False,False,False,False,False,False,False,False,False,False,False,False,False,False,False,False,False,False,False,False,False,False,False,False,False,False,False,False,False,False,False,False
2025 topps update Luarbert Arias skeleton skull foil 39/50 RC Marlins US53 SP,29.99,False,False,False,False,False,False,False,False,False,False,False,False,False,False,False,False,False,False,False,False,False,False,False,False,False,False,False,False,False,False,False,False,False,False,False
2025 Topps Update Chrome Purple Speckle Nathan Wiles #AC-NW (Auto RC) #081/299,29.99,False,False,False,False,False,False,False,False,False,False,False,False,False,False,False,False,False,False,False,False,False,False,False,False,False,False,False,False,False,False,False,False,False,False,False
"2025 Topps Update Veteran Combos Bryce Harper, Nick Castellanos /25 #US107",29.99,False,False,False,False,False,False,False,False,False,False,False,False,False,False,False,False,False,False,False,False,False,False,False,False,False,False,False,False,False,False,False,False,False,False,False
Kristian Campbell 2025 Topps Update Rookie Debut Canvas #40/50 Red Sox #US129,29.979999999999997,False,False,False,False,False,False,False,False,False,False,False,False,False,False,False,False,False,False,False,False,False,False,False,False,False,False,False,False,False,False,False,False,False,False,False
Kristian Campbell 2025 Topps Update Rookie Debut Canvas #40/50 Red Sox #US129,29.979999999999997,False,False,False,False,False,False,False,False,False,False,False,False,False,False,False,False,False,False,False,False,False,False,False,False,False,False,False,False,False,False,False,False,False,False,False
2025 Topps Update Thomas Harrington 1990 Topps Rookie Autograph /50 Pirates,29.979999999999997,False,False,False,False,False,False,False,False,False,False,False,False,False,False,False,False,False,False,False,False,False,False,False,False,False,False,False,False,False,False,False,False,False,False,False
2025 Topps Update Shane Smith Purple Chrome Mojo /75 RC,29.979999999999997,False,False,False,False,False,False,False,False,False,False,False,False,False,False,False,False,False,False,False,False,False,False,False,False,False,False,False,False,False,False,False,False,False,False,False
2025 Topps Update Dalton Rushing Auto Silver Pack Mojo /299 #U90C-41 LA Dodgers,29.9,False,False,False,False,False,False,False,False,False,False,False,False,False,False,False,False,False,False,False,False,False,False,False,False,False,False,False,False,False,False,False,False,False,False,False
2025 Topps Update Raymond Burgos RC Memorial Day Camo #14/25 SF Giants #US115,29.9,False,False,False,False,False,False,False,False,False,False,False,False,False,False,False,False,False,False,False,False,False,False,False,False,False,False,False,False,False,False,False,False,False,False,False
2025 Topps Update Dalton Rushing Auto Silver Pack Mojo /299 #U90C-41 LA Dodgers,29.9,False,False,False,False,False,False,False,False,False,False,False,False,False,False,False,False,False,False,False,False,False,False,False,False,False,False,False,False,False,False,False,False,False,False,False
Jace Jung 2025 Topps Update Skeleton Foil #US93 14/50 TIGERS               S80,29.8,False,False,False,False,False,False,False,False,False,False,False,False,False,False,False,False,False,False,False,False,False,False,False,False,False,False,False,False,False,False,False,False,False,False,False
2025 Topps Update Shohei Ohtani/Roki Sasaki Rising Sons GMG Graded 10 Gem Mint,29.45,False,False,False,False,False,False,False,False,False,False,False,False,False,False,False,False,False,False,False,False,False,False,False,False,False,False,False,False,False,False,False,False,False,False,False
2025 Topps Update Drake Baldwin Rookie GMG Graded 10 Gem Mint 💎 #US113 RC Debut,29.45,False,False,False,False,False,False,False,False,False,False,False,False,False,False,False,False,False,False,False,False,False,False,False,False,False,False,False,False,False,False,False,False,False,False,False
2025 Topps Update Drake Baldwin Rookie GMG Graded 10 Gem Mint 💎 #US113 RC Debut,29.45,False,False,False,False,False,False,False,False,False,False,False,False,False,False,False,False,False,False,False,False,False,False,False,False,False,False,False,False,False,False,False,False,False,False,False
2025 Topps Update James Wood Rookie Mystical GMG Graded 10 Gem Mint 💎 RC,29.45,False,False,False,False,False,False,False,False,False,False,False,False,False,False,False,False,False,False,False,False,False,False,False,False,False,False,False,False,False,False,False,False,False,False,False
2025 Topps Update Rising Sons Shohei Ohtani - Roki Sasaki Jack O Lantern LAD,29.0,False,False,False,False,False,False,False,False,False,False,False,False,False,False,False,False,False,False,False,False,False,False,False,False,False,False,False,False,False,False,False,False,False,False,False
2025 Topps Update Series - Flagship Real One Autographs Hunter Dobbins #US270...,29.0,False,False,False,False,False,False,False,False,False,False,False,False,False,False,False,False,False,False,False,False,False,False,False,False,False,False,False,False,False,False,False,False,False,False,False
"2025 Topps Update Series - Veteran Combos Shohei Ohtani, Roki Sasaki #US269...",29.0,False,False,False,False,False,False,False,False,False,False,False,False,False,False,False,False,False,False,False,False,False,False,False,False,False,False,False,False,False,False,False,False,False,False,False
2025 Topps Update Mick Abel Skull Parallel /50 RC US127,29.0,False,False,False,False,False,False,False,False,False,False,False,False,False,False,False,False,False,False,False,False,False,False,False,False,False,False,False,False,False,False,False,False,False,False,False
2025 Topps Update Series - Flagship Real One Autographs Hunter Dobbins #US270,29.0,False,False,False,False,False,False,False,False,False,False,False,False,False,False,False,False,False,False,False,False,False,False,False,False,False,False,False,False,False,False,False,False,False,False,False
2025 Topps Update Series - Kyle Higashioka #US207 True Photo,29.0,False,False,False,False,False,False,False,False,False,False,False,False,False,False,False,False,False,False,False,False,False,False,False,False,False,False,False,False,False,False,False,False,False,False,False
2025 Topps Update Mick Abel Skull Parallel /50 RC US127,29.0,False,False,False,False,False,False,False,False,False,False,False,False,False,False,False,False,False,False,False,False,False,False,False,False,False,False,False,False,False,False,False,False,False,False,False
2025 Topps Update-  Nathan Wiles RC US216 No Border SP,29.0,False,False,False,False,False,False,False,False,False,False,False,False,False,False,False,False,False,False,False,False,False,False,False,False,False,False,False,False,False,False,False,False,False,False,False
2025 Topps Update Andres Munoz Memorial Day Camo #23/25. Card# US12.,28.99,False,False,False,False,False,False,False,False,False,False,False,False,False,False,False,False,False,False,False,False,False,False,False,False,False,False,False,False,False,False,False,False,False,False,False
SPENCER SCHWELLENBACH 35th Anniversary AUTO #90AU-SSH Braves - 2025 Topps Update,28.979999999999997,False,False,False,False,False,False,False,False,False,False,False,False,False,False,False,False,False,False,False,False,False,False,False,False,False,False,False,False,False,False,False,False,False,False,False
2025 Topps Update Thomas Harrington RC Auto /10 Baseball Stars,28.84,False,False,False,False,False,False,False,False,False,False,False,False,False,False,False,False,False,False,False,False,False,False,False,False,False,False,False,False,False,False,False,False,False,False,False
2025 Topps Update - Brady Feigl RC #US333 Canvas Stock Variation /50 Twins,28.49,False,False,False,False,False,False,False,False,False,False,False,False,False,False,False,False,False,False,False,False,False,False,False,False,False,False,False,False,False,False,False,False,False,False,False
2025 Topps Update Rowdy Tellez Canvas SP /50 #US19 - Mariners 15/50,28.349999999999998,False,False,False,False,False,False,False,False,False,False,False,False,False,False,False,False,False,False,False,False,False,False,False,False,False,False,False,False,False,False,False,False,False,False,False
Luke Keaschall 2025 Topps Update Baseball Stars RC Auto Twins Rookie Autograph,28.33,False,False,False,False,False,False,False,False,False,False,False,False,False,False,False,False,False,False,False,False,False,False,False,False,False,False,False,False,False,False,False,False,False,False,False
Luke Keaschall 2025 Topps Update Baseball Stars RC Auto Twins Rookie Autograph,28.33,False,False,False,False,False,False,False,False,False,False,False,False,False,False,False,False,False,False,False,False,False,False,False,False,False,False,False,False,False,False,False,False,False,False,False
2025 Topps Update Series Blaine Crim #US205 Canvas /50 (RC) Texas Rangers Rookie,28.0,False,False,False,False,False,False,False,False,False,False,False,False,False,False,False,False,False,False,False,False,False,False,False,False,False,False,False,False,False,False,False,False,False,False,False
2025 Topps Update Series Fernando Tatis Jr. Bleacher Reachers  7/50,27.99,False,False,False,False,False,False,False,False,False,False,False,False,False,False,False,False,False,False,False,False,False,False,False,False,False,False,False,False,False,False,False,False,False,False,False
2025 Topps Update Carlos Estevez TRUE PHOTO #US237 KANSAS CITY ROYALS,27.99,False,False,False,False,False,False,False,False,False,False,False,False,False,False,False,False,False,False,False,False,False,False,False,False,False,False,False,False,False,False,False,False,False,False,False
2025 Topps update - Mike Tauchman US43 True Photo,27.979999999999997,False,False,False,False,False,False,False,False,False,False,False,False,False,False,False,False,False,False,False,False,False,False,False,False,False,False,False,False,False,False,False,False,False,False,False
2025 Topps Update Series Ryan Gusto AUTO Rookie Card RC Astros Marlins US292,27.979999999999997,False,False,False,False,False,False,False,False,False,False,False,False,False,False,False,False,False,False,False,False,False,False,False,False,False,False,False,False,False,False,False,False,False,False,False
🔥 2025 Topps Update #US52 Liam Hicks Memorial Day Camo #/25 Miami Marlins 🔥,27.979999999999997,False,False,False,False,False,False,False,False,False,False,False,False,False,False,False,False,False,False,False,False,False,False,False,False,False,False,False,False,False,False,False,False,False,False,False
2025 Topps Update Series Dustin May #US70 Dodgers,27.839999999999996,False,False,False,False,False,False,False,False,False,False,False,False,False,False,False,False,False,False,False,False,False,False,False,False,False,False,False,False,False,False,False,False,False,False,False
Kevin Alcantara 2025 Topps Update Major League Material Auto /50 Cubs RC,27.53,False,False,False,False,False,False,False,False,False,False,False,False,False,False,False,False,False,False,False,False,False,False,False,False,False,False,False,False,False,False,False,False,False,False,False
2025 Topps Update Series - Manny Margot #US42 True Photo,27.5,False,False,False,False,False,False,False,False,False,False,False,False,False,False,False,False,False,False,False,False,False,False,False,False,False,False,False,False,False,False,False,False,False,False,False
2025 Topps Update Home Field Advantage Dalton Rushing RC #HA-48 LA Dodgers,27.5,False,False,False,False,False,False,False,False,False,False,False,False,False,False,False,False,False,False,False,False,False,False,False,False,False,False,False,False,False,False,False,False,False,False,False
2025 Topps Update Home Field Advantage Dalton Rushing RC #HA-48 LA Dodgers,27.5,False,False,False,False,False,False,False,False,False,False,False,False,False,False,False,False,False,False,False,False,False,False,False,False,False,False,False,False,False,False,False,False,False,False,False
2025 Topps Update #US65 Noah Cameron,27.3,False,False,False,False,False,False,False,False,False,False,False,False,False,False,False,False,False,False,False,False,False,False,False,False,False,False,False,False,False,False,False,False,False,False,False
2025 Topps Update Keegan Hall Art Cards Francisco Lindor #KHAC-26 6m7,27.22,False,False,False,False,False,False,False,False,False,False,False,False,False,False,False,False,False,False,False,False,False,False,False,False,False,False,False,False,False,False,False,False,False,False,False
2025 Topps Update Series - 1990 Topps Baseball Autographs Max Muncy #90AU-MMU...,27.200000000000003,False,False,False,False,False,False,False,False,False,False,False,False,False,False,False,False,False,False,False,False,False,False,False,False,False,False,False,False,False,False,False,False,False,False,False
2025 Topps Update Series - Omar Cruz #US90 Silver Holo Foil RC Rookie Card SP,27.1,False,False,False,False,False,False,False,False,False,False,False,False,False,False,False,False,False,False,False,False,False,False,False,False,False,False,False,False,False,False,False,False,False,False,False
Brad Lord 2025 Topps Update Series Aqua Wave Auto 22/199 Washington Nationals,27.0,False,False,False,False,False,False,False,False,False,False,False,False,False,False,False,False,False,False,False,False,False,False,False,False,False,False,False,False,False,False,False,False,False,False,False
2025 Topps Update Caleb Durbin Real One Auto RC Rookie #US170 Brewers,26.99,False,False,False,False,False,False,False,False,False,False,False,False,False,False,False,False,False,False,False,False,False,False,False,False,False,False,False,False,False,False,False,False,False,False,False
2025 Topps Update Caleb Durbin Real One Auto RC Rookie #US170 Brewers,26.99,False,False,False,False,False,False,False,False,False,False,False,False,False,False,False,False,False,False,False,False,False,False,False,False,False,False,False,False,False,False,False,False,False,False,False
2025 Topps Update Manuel Margot Camo Foil /25 SP Tigers,26.86,False,False,False,False,False,False,False,False,False,False,False,False,False,False,False,False,False,False,False,False,False,False,False,False,False,False,False,False,False,False,False,False,False,False,False
2025 Topps Update Holloween Orange and Black Parallels Choose from Our Stock!!,26.29,False,False,False,False,False,False,False,False,False,False,False,False,False,False,False,False,False,False,False,False,False,False,False,False,False,False,False,False,False,False,False,False,False,False,False
2025 Topps Update Holloween Orange and Black Parallels Choose from Our Stock!!,26.29,False,False,False,False,False,False,False,False,False,False,False,False,False,False,False,False,False,False,False,False,False,False,False,False,False,False,False,False,False,False,False,False,False,False,False
"2025 Topps Update #US241 Marcelo Mayer / Kristian Campbell VC, SN2025 Gold",26.25,False,False,False,False,False,False,False,False,False,False,False,False,False,False,False,False,False,False,False,False,False,False,False,False,False,False,False,False,False,False,False,False,False,False,False
2025 Topps Update Series Jack Dreyer #US77 LA Dodgers Pitcher Rc /99,26.0,False,False,False,False,False,False,False,False,False,False,False,False,False,False,False,False,False,False,False,False,False,False,False,False,False,False,False,False,False,False,False,False,False,False,False
2025 Topps Update #US11 Agustín Ramírez,26.0,False,False,False,False,False,False,False,False,False,False,False,False,False,False,False,False,False,False,False,False,False,False,False,False,False,False,False,False,False,False,False,False,False,False,False
"Joe Boyle 2025 Topps Update #US62 True Photo SP and Halloween ""Ghosts"" Foil SP",26.0,False,False,False,False,False,False,False,False,False,False,False,False,False,False,False,False,False,False,False,False,False,False,False,False,False,False,False,False,False,False,False,False,False,False,False
2025 Topps Update #US11 Agustín Ramírez,26.0,False,False,False,False,False,False,False,False,False,False,False,False,False,False,False,False,False,False,False,False,False,False,False,False,False,False,False,False,False,False,False,False,False,False,False
2025 Topps Update #US72 Tsung-Che Cheng,26.0,False,False,False,False,False,False,False,False,False,False,False,False,False,False,False,False,False,False,False,False,False,False,False,False,False,False,False,False,False,False,False,False,False,False,False
2025 Topps Update Tsung-Che Cheng Baseball Stars Rookie Auto BSAU-TC,25.990000000000002,False,False,False,False,False,False,False,False,False,False,False,False,False,False,False,False,False,False,False,False,False,False,False,False,False,False,False,False,False,False,False,False,False,False,False
2025 Topps Update Coby Mayo Ghost Foil Rookie Debut Card RC #US282 Orioles SP,25.939999999999998,False,False,False,False,False,False,False,False,False,False,False,False,False,False,False,False,False,False,False,False,False,False,False,False,False,False,False,False,False,False,False,False,False,False,False
2025 Topps Update MLB #US16 Luke Keaschall Oversized SP!,25.5,False,False,False,False,False,False,False,False,False,False,False,False,False,False,False,False,False,False,False,False,False,False,False,False,False,False,False,False,False,False,False,False,False,False,False
2025 Topps Update MLB #US16 Luke Keaschall Oversized SP!,25.5,False,False,False,False,False,False,False,False,False,False,False,False,False,False,False,False,False,False,False,False,False,False,False,False,False,False,False,False,False,False,False,False,False,False,False
2025 Topps Update Max Muncy 1990 Auto #90AU-MMU RC Athletics,25.490000000000002,False,False,False,False,False,False,False,False,False,False,False,False,False,False,False,False,False,False,False,False,False,False,False,False,False,False,False,False,False,False,False,False,False,False,False
MICK ABEL 2025 TOPPS UPDATE STARS ROOKIE AUTOGRAPH PHILLIES RC AUTO Q6017,25.25,False,False,False,False,False,False,False,False,False,False,False,False,False,False,False,False,False,False,False,False,False,False,False,False,False,False,False,False,False,False,False,False,False,False,False
2025 Topps Update CAMO FOIL RC Braxton Fulford 17/25 Rockies,25.25,False,False,False,False,False,False,False,False,False,False,False,False,False,False,False,False,False,False,False,False,False,False,False,False,False,False,False,False,False,False,False,False,False,False,False
MICK ABEL 2025 TOPPS UPDATE STARS ROOKIE AUTOGRAPH PHILLIES RC AUTO Q6017,25.25,False,False,False,False,False,False,False,False,False,False,False,False,False,False,False,False,False,False,False,False,False,False,False,False,False,False,False,False,False,False,False,False,False,False,False
2025 Topps Update Series ALEXANDER CANARIO Memorial Day Camo 02/25 -PIRATES-,25.16,False,False,False,False,False,False,False,False,False,False,False,False,False,False,False,False,False,False,False,False,False,False,False,False,False,False,False,False,False,False,False,False,False,False,False
2025 Topps Update Series Fernando Tatis Jr. Bleacher Reachers /50,25.0,False,False,False,False,False,False,False,False,False,False,False,False,False,False,False,False,False,False,False,False,False,False,False,False,False,False,False,False,False,False,False,False,False,False,False
2025 Topps Update- Shane Smith Mummy Foil /50 Rare RC White Sox,25.0,False,False,False,False,False,False,False,False,False,False,False,False,False,False,False,False,False,False,False,False,False,False,False,False,False,False,False,False,False,False,False,False,False,False,False
2025 Topps Update Logan VanWey #US117 Rookie #/99 - Houston Astros,25.0,False,False,False,False,False,False,False,False,False,False,False,False,False,False,False,False,False,False,False,False,False,False,False,False,False,False,False,False,False,False,False,False,False,False,False
2025 Topps Update Noah Murdock RC Kansas City /50 Royals #US134 Skeleton,25.0,False,False,False,False,False,False,False,False,False,False,False,False,False,False,False,False,False,False,False,False,False,False,False,False,False,False,False,False,False,False,False,False,False,False,False
2025 Topps Update Series - Ronny Simon #US111 Mummy Foil 04/50 Pirates RC,25.0,False,False,False,False,False,False,False,False,False,False,False,False,False,False,False,False,False,False,False,False,False,False,False,False,False,False,False,False,False,False,False,False,False,False,False
2025 Topps Update Spencer Schwellenbach 1990 Anniversary Auto #90AU-SSH (RC),25.0,False,False,False,False,False,False,False,False,False,False,False,False,False,False,False,False,False,False,False,False,False,False,False,False,False,False,False,False,False,False,False,False,False,False,False
2025 Topps Update Tsung-Che Cheng US72 #/76 (READ DESCRIPTION!),25.0,False,False,False,False,False,False,False,False,False,False,False,False,False,False,False,False,False,False,False,False,False,False,False,False,False,False,False,False,False,False,False,False,False,False,False
2025 Topps Update - Craig Yoho (RC) Canvas SP /50 Milwaukee Brewers,25.0,False,False,False,False,False,False,False,False,False,False,False,False,False,False,False,False,False,False,False,False,False,False,False,False,False,False,False,False,False,False,False,False,False,False,False
2025 Topps Update Dylan Crews Rookie Debut Companion Set! Jumbo & Small + Extras,25.0,False,False,False,False,False,False,False,False,False,False,False,False,False,False,False,False,False,False,False,False,False,False,False,False,False,False,False,False,False,False,False,False,False,False,False
2025 Topps Update Series - HAYDEN BIRDSONG - # US34    RARE CAMO   18/25,25.0,False,False,False,False,False,False,False,False,False,False,False,False,False,False,False,False,False,False,False,False,False,False,False,False,False,False,False,False,False,False,False,False,False,False,False
2025 Topps Update Dalton Rushing 1990 Baseball On Card Rookie Auto Dodgers,25.0,False,False,False,False,False,False,False,False,False,False,False,False,False,False,False,False,False,False,False,False,False,False,False,False,False,False,False,False,False,False,False,False,False,False,False
Josh Naylor 2025 Topps Update Memorial Day Camo 11/25 Card #US110,25.0,False,False,False,False,False,False,False,False,False,False,False,False,False,False,False,False,False,False,False,False,False,False,False,False,False,False,False,False,False,False,False,False,False,False,False
"2025 Topps Update Series - Veteran Combos Dansby Swanson, Matt Shaw #US309...",25.0,False,False,False,False,False,False,False,False,False,False,False,False,False,False,False,False,False,False,False,False,False,False,False,False,False,False,False,False,False,False,False,False,False,False,False
2025 Topps Update Dalton Rushing 1990 Baseball On Card Rookie Auto Dodgers,25.0,False,False,False,False,False,False,False,False,False,False,False,False,False,False,False,False,False,False,False,False,False,False,False,False,False,False,False,False,False,False,False,False,False,False,False
2025 Topps Update Series Luis Contreras American Flag Variation /76,25.0,False,False,False,False,False,False,False,False,False,False,False,False,False,False,False,False,False,False,False,False,False,False,False,False,False,False,False,False,False,False,False,False,False,False,False
2025 Topps Update Matt Thaiss - True Photo US48,25.0,False,False,False,False,False,False,False,False,False,False,False,False,False,False,False,False,False,False,False,False,False,False,False,False,False,False,False,False,False,False,False,False,False,False,False
2025 Topps Update Series - 2-For-1 Swing Francisco Lindor #US290 True Photo Vari,25.0,False,False,False,False,False,False,False,False,False,False,False,False,False,False,False,False,False,False,False,False,False,False,False,False,False,False,False,False,False,False,False,False,False,False,False
2025 Topps Update Series Cody Bellinger Canvas /50 New York Yankees #US50,25.0,False,False,False,False,False,False,False,False,False,False,False,False,False,False,False,False,False,False,False,False,False,False,False,False,False,False,False,False,False,False,False,False,False,False,False
2025 Topps Update Hunter Dobbins RC “1990 Topps” On Card  Auto Red Sox,25.0,False,False,False,False,False,False,False,False,False,False,False,False,False,False,False,False,False,False,False,False,False,False,False,False,False,False,False,False,False,False,False,False,False,False,False
2025 Topps Update Canvas Max Lazar RC /50 #194 Phillies,25.0,False,False,False,False,False,False,False,False,False,False,False,False,False,False,False,False,False,False,False,False,False,False,False,False,False,False,False,False,False,False,False,False,False,False,False
2025 Topps Update Mystical - James Wood RC #MYS-1 Nationals Pink Border Sp /600,25.0,False,False,False,False,False,False,False,False,False,False,False,False,False,False,False,False,False,False,False,False,False,False,False,False,False,False,False,False,False,False,False,False,False,False,False
2025 Topps Update Mummy Foil Michael Darrell Hicks,25.0,False,False,False,False,False,False,False,False,False,False,False,False,False,False,False,False,False,False,False,False,False,False,False,False,False,False,False,False,False,False,False,False,False,False,False
2025 Topps Update Series - Fernando Cruz #US163 True Photo,25.0,False,False,False,False,False,False,False,False,False,False,False,False,False,False,False,False,False,False,False,False,False,False,False,False,False,False,False,False,False,False,False,False,False,False,False
2025 Topps Update Series - Justin Sterner #US252 (RC),25.0,False,False,False,False,False,False,False,False,False,False,False,False,False,False,False,False,False,False,False,False,False,False,False,False,False,False,False,False,False,False,False,False,False,False,False
2025 TOPPS UPDATE  SKELETON  FOIL MITCH SPENCE /50 A’s SP,25.0,False,False,False,False,False,False,False,False,False,False,False,False,False,False,False,False,False,False,False,False,False,False,False,False,False,False,False,False,False,False,False,False,False,False,False
2025 Topps Update Tommy Pham Canvas /50,25.0,False,False,False,False,False,False,False,False,False,False,False,False,False,False,False,False,False,False,False,False,False,False,False,False,False,False,False,False,False,False,False,False,False,False,False
2025 Topps Update Christian Vazquez Acetate  /10 Minnesota Twins,25.0,False,False,False,False,False,False,False,False,False,False,False,False,False,False,False,False,False,False,False,False,False,False,False,False,False,False,False,False,False,False,False,False,False,False,False
2025 Topps Update - BRADY SINGER - Canvas #14/50  Reds,25.0,False,False,False,False,False,False,False,False,False,False,False,False,False,False,False,False,False,False,False,False,False,False,False,False,False,False,False,False,False,False,False,False,False,False,False
2025 Topps Update Series Matt Svanson RC Auto AC-MS /499,25.0,False,False,False,False,False,False,False,False,False,False,False,False,False,False,False,False,False,False,False,False,False,False,False,False,False,False,False,False,False,False,False,False,False,False,False
2025 Topps Update Denzel Clarke Memorial Day CAMO /25 #US14 RC. *See Pics,25.0,False,False,False,False,False,False,False,False,False,False,False,False,False,False,False,False,False,False,False,False,False,False,False,False,False,False,False,False,False,False,False,False,False,False,False
2025 Topps Update #US344 Brady Singer Mummy #/50 Cincinnati Reds,25.0,False,False,False,False,False,False,False,False,False,False,False,False,False,False,False,False,False,False,False,False,False,False,False,False,False,False,False,False,False,False,False,False,False,False,False
2025 Topps Update Series Nathan Wiles #US216 Golden  Variations (RC) #449/2025,25.0,False,False,False,False,False,False,False,False,False,False,False,False,False,False,False,False,False,False,False,False,False,False,False,False,False,False,False,False,False,False,False,False,False,False,False
2025 Topps Update Series  Walker Buehler True Photo #US103,24.99,False,False,False,False,False,False,False,False,False,False,False,False,False,False,False,False,False,False,False,False,False,False,False,False,False,False,False,False,False,False,False,False,False,False,False
2025 Topps Update #MV-2 MVP Insert Shohei Ohtani LA Dodgers Pink Foil Parallel,24.99,False,False,False,False,False,False,False,False,False,False,False,False,False,False,False,False,False,False,False,False,False,False,False,False,False,False,False,False,False,False,False,False,False,False,False
2025 Topps Update - Craig Yoho (RC) Canvas SP /50 Milwaukee Brewers,24.99,False,False,False,False,False,False,False,False,False,False,False,False,False,False,False,False,False,False,False,False,False,False,False,False,False,False,False,False,False,False,False,False,False,False,False
2025 Topps Update - #US347 Canvas 34/50 - Michael Soroka,24.99,False,False,False,False,False,False,False,False,False,False,False,False,False,False,False,False,False,False,False,False,False,False,False,False,False,False,False,False,False,False,False,False,False,False,False
2025 Topps Update #US173 Mark Leiter Jr. Holo Foil,24.99,False,False,False,False,False,False,False,False,False,False,False,False,False,False,False,False,False,False,False,False,False,False,False,False,False,False,False,False,False,False,False,False,False,False,False
2025 Topps Update - Kody Clemens - #US208 /76 Independence Twins,24.99,False,False,False,False,False,False,False,False,False,False,False,False,False,False,False,False,False,False,False,False,False,False,False,False,False,False,False,False,False,False,False,False,False,False,False
2025 Topps Update - Brady Feigl RC #US333 Canvas Stock Variation 10/50 Twins,24.99,False,False,False,False,False,False,False,False,False,False,False,False,False,False,False,False,False,False,False,False,False,False,False,False,False,False,False,False,False,False,False,False,False,False,False
2025 Topps Update True Photo SP Dylan Carlson US181,24.99,False,False,False,False,False,False,False,False,False,False,False,False,False,False,False,False,False,False,False,False,False,False,False,False,False,False,False,False,False,False,False,False,False,False,False
2025 Topps Update Series J.C. Escarra CANVAS /50 New York Yankees RC,24.99,False,False,False,False,False,False,False,False,False,False,False,False,False,False,False,False,False,False,False,False,False,False,False,False,False,False,False,False,False,False,False,False,False,False,False
2025 Topps Update Silver Pack Mojo - Cam Smith RC 35th Anniverary /99 - Astros,24.99,False,False,False,False,False,False,False,False,False,False,False,False,False,False,False,False,False,False,False,False,False,False,False,False,False,False,False,False,False,False,False,False,False,False,False
2025 Topps Update Braxton Ashcraft Mummy Foil /50,24.99,False,False,False,False,False,False,False,False,False,False,False,False,False,False,False,False,False,False,False,False,False,False,False,False,False,False,False,False,False,False,False,False,False,False,False
2025 Topps Update Silver Pack Mojo - Cam Smith RC 35th Anniverary /99 - Astros,24.99,False,False,False,False,False,False,False,False,False,False,False,False,False,False,False,False,False,False,False,False,False,False,False,False,False,False,False,False,False,False,False,False,False,False,False
2025 Topps Update Isaac Paredes CAMOUFLAGE /25 Houston Astros,24.99,False,False,False,False,False,False,False,False,False,False,False,False,False,False,False,False,False,False,False,False,False,False,False,False,False,False,False,False,False,False,False,False,False,False,False
2025 Topps Update Series Zack Littell #US66 Mummy Foil /50,24.99,False,False,False,False,False,False,False,False,False,False,False,False,False,False,False,False,False,False,False,False,False,False,False,False,False,False,False,False,False,False,False,False,False,False,False
2025 Topps Update - Nick Kurtz & Jacob Wilson Fanatics Exclusive Topps Foil RC,24.99,False,False,False,False,False,False,False,False,False,False,False,False,False,False,False,False,False,False,False,False,False,False,False,False,False,False,False,False,False,False,False,False,False,False,False
2025 Topps Update Series - Denzel Clarke #US14 Silver Patterened Foil (RC),24.99,False,False,False,False,False,False,False,False,False,False,False,False,False,False,False,False,False,False,False,False,False,False,False,False,False,False,False,False,False,False,False,False,False,False,False
2025 Topps Update Series Jose Fermin #US338 Memorial Day Camo RC /25 Angels,24.99,False,False,False,False,False,False,False,False,False,False,False,False,False,False,False,False,False,False,False,False,False,False,False,False,False,False,False,False,False,False,False,False,False,False,False
2025 Topps Update Baseball Elly De La Cruz Silver Pack Purple Mojo 69/75 #U90C-5,24.99,False,False,False,False,False,False,False,False,False,False,False,False,False,False,False,False,False,False,False,False,False,False,False,False,False,False,False,False,False,False,False,False,False,False,False
2025 Topps Update Series - Santiago Espinal #US150 Memorial Day Camo /25,24.99,False,False,False,False,False,False,False,False,False,False,False,False,False,False,False,False,False,False,False,False,False,False,False,False,False,False,False,False,False,False,False,False,False,False,False
2025 Topps Update Series #US55 Tomoyuki Sugano RC Rookie Debut Canvas /50 *Mint*,24.979999999999997,False,False,False,False,False,False,False,False,False,False,False,False,False,False,False,False,False,False,False,False,False,False,False,False,False,False,False,False,False,False,False,False,False,False,False
2025 Topps Update Series Meijer Tinsel Foil Shohei Ohtani / Roki Sasaki #US269,24.979999999999997,False,False,False,False,False,False,False,False,False,False,False,False,False,False,False,False,False,False,False,False,False,False,False,False,False,False,False,False,False,False,False,False,False,False,False
2025 Topps Update DEVIN WILLIAMS Canvas 26/50 #US178 (YANKEES),24.95,False,False,False,False,False,False,False,False,False,False,False,False,False,False,False,False,False,False,False,False,False,False,False,False,False,False,False,False,False,False,False,False,False,False,False
ROKI SASAKI 2025 TOPPS UPDATE 35th ANNIVERSARY RELIC RC #90RU-RS DODGERS 1990,24.939999999999998,False,False,False,False,False,False,False,False,False,False,False,False,False,False,False,False,False,False,False,False,False,False,False,False,False,False,False,False,False,False,False,False,False,False,False
2025 Topps Update DALTON RUSHING #90AU-DR RC 1990 Topps Autograph Dodgers,24.49,False,False,False,False,False,False,False,False,False,False,False,False,False,False,False,False,False,False,False,False,False,False,False,False,False,False,False,False,False,False,False,False,False,False,False
Hunter Dobbins 2025 Topps Update #US270 Real Ones On Card Auto Rookie,24.49,False,False,False,False,False,False,False,False,False,False,False,False,False,False,False,False,False,False,False,False,False,False,False,False,False,False,False,False,False,False,False,False,False,False,False
2025 Topps Update DALTON RUSHING #90AU-DR RC 1990 Topps Autograph Dodgers,24.49,False,False,False,False,False,False,False,False,False,False,False,False,False,False,False,False,False,False,False,False,False,False,False,False,False,False,False,False,False,False,False,False,False,False,False
2025 Topps Update Noah Cameron Rookie GMG Graded 10 Gem Mint 💎 #US65 RC,24.45,False,False,False,False,False,False,False,False,False,False,False,False,False,False,False,False,False,False,False,False,False,False,False,False,False,False,False,False,False,False,False,False,False,False,False
2025 Topps Update Roki Sasaki Rookie GMG Graded 10 Gem Mint 💎 Debut RC,24.45,False,False,False,False,False,False,False,False,False,False,False,False,False,False,False,False,False,False,False,False,False,False,False,False,False,False,False,False,False,False,False,False,False,False,False
2025 TOPPS UPDATE ELVIS ALVARDO RC CAMO 14/25  #US61 ATHLETICS,24.3,False,False,False,False,False,False,False,False,False,False,False,False,False,False,False,False,False,False,False,False,False,False,False,False,False,False,False,False,False,False,False,False,False,False,False
Chase Meidroth Canvas SP 02/50 Rookie RC 2025 Topps Update Card #US337 White Sox,24.24,False,False,False,False,False,False,False,False,False,False,False,False,False,False,False,False,False,False,False,False,False,False,False,False,False,False,False,False,False,False,False,False,False,False,False
Nick Kurtz Holo Foil Rookie RC 2025 Topps Update Series #US201 Athletics,24.0,False,False,False,False,False,False,False,False,False,False,False,False,False,False,False,False,False,False,False,False,False,False,False,False,False,False,False,False,False,False,False,False,False,False,False
Nick Kurtz Holo Foil Rookie RC 2025 Topps Update Series #US201 Athletics,24.0,False,False,False,False,False,False,False,False,False,False,False,False,False,False,False,False,False,False,False,False,False,False,False,False,False,False,False,False,False,False,False,False,False,False,False
2025 Topps Update Mystical Pink Foil Francisco Lindor (#MYS-7) Mets SP,23.990000000000002,False,False,False,False,False,False,False,False,False,False,False,False,False,False,False,False,False,False,False,False,False,False,False,False,False,False,False,False,False,False,False,False,False,False,False
2025 Topps Update Series - Chase Meidroth #US337 True Photo (RC),23.979999999999997,False,False,False,False,False,False,False,False,False,False,False,False,False,False,False,False,False,False,False,False,False,False,False,False,False,False,False,False,False,False,False,False,False,False,False
2025 Topps Update - Denzel Clarke - Baseball Stars Auto - RC - Topps Sealed,23.95,False,False,False,False,False,False,False,False,False,False,False,False,False,False,False,False,False,False,False,False,False,False,False,False,False,False,False,False,False,False,False,False,False,False,False
2025 Topps Update Jared Triolo Canvas /50 #US54 Pittsburgh Pirates,23.939999999999998,False,False,False,False,False,False,False,False,False,False,False,False,False,False,False,False,False,False,False,False,False,False,False,False,False,False,False,False,False,False,False,False,False,False,False
2025 Topps Update #US331 Elly De La Cruz / Matt McClain Jack-o-lantern (SP),23.49,False,False,False,False,False,False,False,False,False,False,False,False,False,False,False,False,False,False,False,False,False,False,False,False,False,False,False,False,False,False,False,False,False,False,False
2025 Topps update Shohei Ohtani Roki Sasaki collector box silver pack SP,23.25,False,False,False,False,False,False,False,False,False,False,False,False,False,False,False,False,False,False,False,False,False,False,False,False,False,False,False,False,False,False,False,False,False,False,False
2025 Topps Update #US225 Gavin Sheets Memorial Day Camo 15/25,23.15,False,False,False,False,False,False,False,False,False,False,False,False,False,False,False,False,False,False,False,False,False,False,False,False,False,False,False,False,False,False,False,False,False,False,False
2025 Topps Update Series - Baseball Stars Autographs Tsung-Che Cheng #BSAU-TC...,23.11,False,False,False,False,False,False,False,False,False,False,False,False,False,False,False,False,False,False,False,False,False,False,False,False,False,False,False,False,False,False,False,False,False,False,False
2025 Topps Update ALEJANDRO OSUNA RC Cammo /25 Texas Rangers,23.07,False,False,False,False,False,False,False,False,False,False,False,False,False,False,False,False,False,False,False,False,False,False,False,False,False,False,False,False,False,False,False,False,False,False,False
2025 Topps Update Series Kris Bubic /50,23.0,False,False,False,False,False,False,False,False,False,False,False,False,False,False,False,False,False,False,False,False,False,False,False,False,False,False,False,False,False,False,False,False,False,False,False
2025 Topps Update Series - Tyler Callihan #US315 True Photo (RC),23.0,False,False,False,False,False,False,False,False,False,False,False,False,False,False,False,False,False,False,False,False,False,False,False,False,False,False,False,False,False,False,False,False,False,False,False
2025 Topps Update Series Fernando Tatis Jr. Bleacher Reachers 50/50,23.0,False,False,False,False,False,False,False,False,False,False,False,False,False,False,False,False,False,False,False,False,False,False,False,False,False,False,False,False,False,False,False,False,False,False,False
2025 Topps Update Series - Mystical James Wood #MYS-1 Foil /99 (RC),23.0,False,False,False,False,False,False,False,False,False,False,False,False,False,False,False,False,False,False,False,False,False,False,False,False,False,False,False,False,False,False,False,False,False,False,False
2025 Topps Update Roki Sasaki 35th Anniversary 1990 RC Relic,23.0,False,False,False,False,False,False,False,False,False,False,False,False,False,False,False,False,False,False,False,False,False,False,False,False,False,False,False,False,False,False,False,False,False,False,False
2025 Topps Update Series Alex Verdugo Canvas Print /50 #US4 Braves,22.99,False,False,False,False,False,False,False,False,False,False,False,False,False,False,False,False,False,False,False,False,False,False,False,False,False,False,False,False,False,False,False,False,False,False,False
2025 Topps Update #US304 Daniel Robert Logo Foil Pattern,22.99,False,False,False,False,False,False,False,False,False,False,False,False,False,False,False,False,False,False,False,False,False,False,False,False,False,False,False,False,False,False,False,False,False,False,False
🔥2025 Topps Update Anthony Banda Mummy Foil 50/50 #US132 - LA Dodgers🔥,22.99,False,False,False,False,False,False,False,False,False,False,False,False,False,False,False,False,False,False,False,False,False,False,False,False,False,False,False,False,False,False,False,False,False,False,False
2025 Topps Update- Raymond Burgos #US115 RC Canvas 45/50,22.979999999999997,False,False,False,False,False,False,False,False,False,False,False,False,False,False,False,False,False,False,False,False,False,False,False,False,False,False,False,False,False,False,False,False,False,False,False
2025 Topps Update Kyren Paris Major League Material Patch  Auto #14/25 Angels,22.95,False,False,False,False,False,False,False,False,False,False,False,False,False,False,False,False,False,False,False,False,False,False,False,False,False,False,False,False,False,False,False,False,False,False,False
2025 Topps Update Thomas Saggese NO BORDER SP Variation US 21 St. Louis Cards,22.95,False,False,False,False,False,False,False,False,False,False,False,False,False,False,False,False,False,False,False,False,False,False,False,False,False,False,False,False,False,False,False,False,False,False,False
2025 TOPPS UPDATE LOGAN EVANS REAL ONES  ON CARD AUTO  RC,22.5,False,False,False,False,False,False,False,False,False,False,False,False,False,False,False,False,False,False,False,False,False,False,False,False,False,False,False,False,False,False,False,False,False,False,False
"2025 Topps Update Series, Agustín Ramrírez Rising Rookies, Game Worn Relic, RC",22.5,False,False,False,False,False,False,False,False,False,False,False,False,False,False,False,False,False,False,False,False,False,False,False,False,False,False,False,False,False,False,False,False,False,False,False
2025 Topps Update Series - JoJo Romero #US346 Jack-O'-Lantern Foil #37/50,22.5,False,False,False,False,False,False,False,False,False,False,False,False,False,False,False,False,False,False,False,False,False,False,False,False,False,False,False,False,False,False,False,False,False,False,False
"2025 Topps Update Series, Agustín Ramrírez Rising Rookies, Game Worn Relic, RC",22.5,False,False,False,False,False,False,False,False,False,False,False,False,False,False,False,False,False,False,False,False,False,False,False,False,False,False,False,False,False,False,False,False,False,False,False
2025 Topps Update Jorbit Vivas #U90C-2 1990 Silver Pack Auto /199 RC Yankees,22.5,False,False,False,False,False,False,False,False,False,False,False,False,False,False,False,False,False,False,False,False,False,False,False,False,False,False,False,False,False,False,False,False,False,False,False
2025 Topps Update Series - Caleb Freeman #US253 Orange Geometric /2025 (RC),22.25,False,False,False,False,False,False,False,False,False,False,False,False,False,False,False,False,False,False,False,False,False,False,False,False,False,False,False,False,False,False,False,False,False,False,False
2025 Topps Update Cody Bellinger Major League Material Bat Relic #MMU-CB Yankees,22.0,False,False,False,False,False,False,False,False,False,False,False,False,False,False,False,False,False,False,False,False,False,False,False,False,False,False,False,False,False,False,False,False,False,False,False
2025 Topps Update Series - Liam Hicks #US52 Rainbow Foil (RC) #/150,22.0,False,False,False,False,False,False,False,False,False,False,False,False,False,False,False,False,False,False,False,False,False,False,False,False,False,False,False,False,False,False,False,False,False,False,False
2025 Topps Update Series - Daniel Robert #US304 (RC) #/2025,22.0,False,False,False,False,False,False,False,False,False,False,False,False,False,False,False,False,False,False,False,False,False,False,False,False,False,False,False,False,False,False,False,False,False,False,False
2025 Topps Update Series - Patrick Monteverde #US211 (RC) USA 65/76,22.0,False,False,False,False,False,False,False,False,False,False,False,False,False,False,False,False,False,False,False,False,False,False,False,False,False,False,False,False,False,False,False,False,False,False,False
2025 Topps update series Dodgers team pack 40 total Baseball cards,22.0,False,False,False,False,False,False,False,False,False,False,False,False,False,False,False,False,False,False,False,False,False,False,False,False,False,False,False,False,False,False,False,False,False,False,False
2025 Topps Update Jacob Wilson RC Jersey Relic SP All-Star Stitches Rookie,21.990000000000002,False,False,False,False,False,False,False,False,False,False,False,False,False,False,False,False,False,False,False,False,False,False,False,False,False,False,False,False,False,False,False,False,False,False,False
2025 Topps Update-#U90C-41 Dalton Rushing (RC) Silver Pack Mojo Auto /299,21.99,False,False,False,False,False,False,False,False,False,False,False,False,False,False,False,False,False,False,False,False,False,False,False,False,False,False,False,False,False,False,False,False,False,False,False
2025 Topps Update Series - Most Valuable Shohei Ohtani #MV-2 Pink Foil,21.99,False,False,False,False,False,False,False,False,False,False,False,False,False,False,False,False,False,False,False,False,False,False,False,False,False,False,False,False,False,False,False,False,False,False,False
2025 Topps Update-#U90C-41 Dalton Rushing (RC) Silver Pack Mojo Auto /299,21.99,False,False,False,False,False,False,False,False,False,False,False,False,False,False,False,False,False,False,False,False,False,False,False,False,False,False,False,False,False,False,False,False,False,False,False
2025 Topps Update CVS Blister 4-Pack (56 Cards) + Logan Allen Yellow Parallel,21.99,False,False,False,False,False,False,False,False,False,False,False,False,False,False,False,False,False,False,False,False,False,False,False,False,False,False,False,False,False,False,False,False,False,False,False
Jorbit Vivas 2025 Topps Update Canvas Rookie 02/50 Card #US258,21.979999999999997,False,False,False,False,False,False,False,False,False,False,False,False,False,False,False,False,False,False,False,False,False,False,False,False,False,False,False,False,False,False,False,False,False,False,False
2025 Topps Update Series Luarbert Arias #US53 Memorial Day Camo /25 (RC),21.95,False,False,False,False,False,False,False,False,False,False,False,False,False,False,False,False,False,False,False,False,False,False,False,False,False,False,False,False,False,False,False,False,False,False,False
2025 Topps Update Chrome Robert Hassell III Mojo Refractor RC Auto #U90C-28 /299,21.9,False,False,False,False,False,False,False,False,False,False,False,False,False,False,False,False,False,False,False,False,False,False,False,False,False,False,False,False,False,False,False,False,False,False,False
2025 Topps Update US275 - Chase Petty - Rookie Canvas SP /50 - Cincinnati Reds,21.88,False,False,False,False,False,False,False,False,False,False,False,False,False,False,False,False,False,False,False,False,False,False,False,False,False,False,False,False,False,False,False,False,False,False,False
2025 Topps Update Chrome - Drake Baldwin #USC96 Teal RayWave  /299 (RC),21.58,False,False,False,False,False,False,False,False,False,False,False,False,False,False,False,False,False,False,False,False,False,False,False,False,False,False,False,False,False,False,False,False,False,False,False
2025 Topps Update - Rhett Lowder RC Auto #CRDA-RL,21.58,False,False,False,False,False,False,False,False,False,False,False,False,False,False,False,False,False,False,False,False,False,False,False,False,False,False,False,False,False,False,False,False,False,False,False
2025 Topps Update Mickey Moniak Memorial Day Camo 2/25 #US246 Colorado Rockies,21.5,False,False,False,False,False,False,False,False,False,False,False,False,False,False,False,False,False,False,False,False,False,False,False,False,False,False,False,False,False,False,False,False,False,False,False
2025 Topps Update Series Jojo Romero True Photo St.Louis Cardinals #US346,21.5,False,False,False,False,False,False,False,False,False,False,False,False,False,False,False,False,False,False,False,False,False,False,False,False,False,False,False,False,False,False,False,False,False,False,False
2025 Topps Update Nic Enright #US67 Jack-O’-Lantern Cleveland Guardians,21.5,False,False,False,False,False,False,False,False,False,False,False,False,False,False,False,False,False,False,False,False,False,False,False,False,False,False,False,False,False,False,False,False,False,False,False
Logan Evans RC 2025 Topps Update True Photo Rookie Mariners SP,21.5,False,False,False,False,False,False,False,False,False,False,False,False,False,False,False,False,False,False,False,False,False,False,False,False,False,False,False,False,False,False,False,False,False,False,False
2025 topps update series baseball No.US224 Tim Elko Orange Pumpkin,21.5,False,False,False,False,False,False,False,False,False,False,False,False,False,False,False,False,False,False,False,False,False,False,False,False,False,False,False,False,False,False,False,False,False,False,False
2025 Topps Update Series Shohei Ohtani All-Star Game 🌈 Foil | Roki Sasaki Debut,21.5,False,False,False,False,False,False,False,False,False,False,False,False,False,False,False,False,False,False,False,False,False,False,False,False,False,False,False,False,False,False,False,False,False,False,False
2025 Topps Update - Chad Patrick 1990 Rookie Auto #90AU-CPK Brewers RC,21.49,False,False,False,False,False,False,False,False,False,False,False,False,False,False,False,False,False,False,False,False,False,False,False,False,False,False,False,False,False,False,False,False,False,False,False
2025 Topps Update Skeletons Michael Petersen RC /50,21.49,False,False,False,False,False,False,False,False,False,False,False,False,False,False,False,False,False,False,False,False,False,False,False,False,False,False,False,False,False,False,False,False,False,False,False
2025 Topps Update Tyler Tolbert RC #US60 Aqua Wave Auto # /199 Royals,21.479999999999997,False,False,False,False,False,False,False,False,False,False,False,False,False,False,False,False,False,False,False,False,False,False,False,False,False,False,False,False,False,False,False,False,False,False,False
2025 Topps Update Baseball - Robert Hassell III Silver Pack Auto /299 (#U90C-28),21.439999999999998,False,False,False,False,False,False,False,False,False,False,False,False,False,False,False,False,False,False,False,False,False,False,False,False,False,False,False,False,False,False,False,False,False,False,False
2025 Topps Update Series - Flagship Real One Autographs Omar Cruz #US256...,21.43,False,False,False,False,False,False,False,False,False,False,False,False,False,False,False,False,False,False,False,False,False,False,False,False,False,False,False,False,False,False,False,False,False,False,False
Pete Crow-Armstrong 2025 Topps Update Jack O’ Lantern Foil PCA Has A Day #US164,21.43,False,False,False,False,False,False,False,False,False,False,False,False,False,False,False,False,False,False,False,False,False,False,False,False,False,False,False,False,False,False,False,False,False,False,False
Jared Triolo 2025 Topps Update True Photo #US54 Pirates,21.31,False,False,False,False,False,False,False,False,False,False,False,False,False,False,False,False,False,False,False,False,False,False,False,False,False,False,False,False,False,False,False,False,False,False,False
Lawrence Butler / Brent Rooker VC 2025 Topps Update Aqua Holo Foil #US80 A's,21.31,False,False,False,False,False,False,False,False,False,False,False,False,False,False,False,False,False,False,False,False,False,False,False,False,False,False,False,False,False,False,False,False,False,False,False
Francisco Lindor / Juan Soto VC 2025 Topps Update Aqua Rainbow Foil #US260 Mets,21.31,False,False,False,False,False,False,False,False,False,False,False,False,False,False,False,False,False,False,False,False,False,False,False,False,False,False,False,False,False,False,False,False,False,False,False
2025 Topps Update '90 Topps Autographs #90AUMMU Max Muncy Auto,21.25,False,False,False,False,False,False,False,False,False,False,False,False,False,False,False,False,False,False,False,False,False,False,False,False,False,False,False,False,False,False,False,False,False,False,False
Bryan De La Cruz Memorial Day Camo Foil 09/25 2025 Topps Update #US234 Yankees,21.24,False,False,False,False,False,False,False,False,False,False,False,False,False,False,False,False,False,False,False,False,False,False,False,False,False,False,False,False,False,False,False,False,False,False,False
2025 Topps Update DEVIN WILLIAMS Independence Day Parallel 75/75 #US178,21.24,False,False,False,False,False,False,False,False,False,False,False,False,False,False,False,False,False,False,False,False,False,False,False,False,False,False,False,False,False,False,False,False,False,False,False
Ohtani and Sasaki 2025 Topps Update US269 Veteran Combos Ghosts Parallel SP,21.24,False,False,False,False,False,False,False,False,False,False,False,False,False,False,False,False,False,False,False,False,False,False,False,False,False,False,False,False,False,False,False,False,False,False,False
2025 Topps Update Mike Vasil Canvas  25/50 #US219 (RC) White Sox,21.24,False,False,False,False,False,False,False,False,False,False,False,False,False,False,False,False,False,False,False,False,False,False,False,False,False,False,False,False,False,False,False,False,False,False,False
Ohtani and Sasaki 2025 Topps Update US269 Veteran Combos Ghosts Parallel SP,21.24,False,False,False,False,False,False,False,False,False,False,False,False,False,False,False,False,False,False,False,False,False,False,False,False,False,False,False,False,False,False,False,False,False,False,False
2025 Topps Update Clay Holmes “Canvas” Variation #18/50 Mets,21.0,False,False,False,False,False,False,False,False,False,False,False,False,False,False,False,False,False,False,False,False,False,False,False,False,False,False,False,False,False,False,False,False,False,False,False
2025 Topps Update Series #US269 Shohei Ohtani/Rookie Sasaki Silver Crackle Foil.,21.0,False,False,False,False,False,False,False,False,False,False,False,False,False,False,False,False,False,False,False,False,False,False,False,False,False,False,False,False,False,False,False,False,False,False,False
2025 Topps Update Series - Kevin Pillar #US311,21.0,False,False,False,False,False,False,False,False,False,False,False,False,False,False,False,False,False,False,False,False,False,False,False,False,False,False,False,False,False,False,False,False,False,False,False
2025 Topps Update Bryce Harper “Mystical” Pink Foil SP Phillies,21.0,False,False,False,False,False,False,False,False,False,False,False,False,False,False,False,False,False,False,False,False,False,False,False,False,False,False,False,False,False,False,False,False,False,False,False
2025 Topps Update MIKE VASIL TRUE Photo Parallel White Sox RC,21.0,False,False,False,False,False,False,False,False,False,False,False,False,False,False,False,False,False,False,False,False,False,False,False,False,False,False,False,False,False,False,False,False,False,False,False
2025 Topps Update TAYLER SAUCEDO True Photo Parallel SP Card,21.0,False,False,False,False,False,False,False,False,False,False,False,False,False,False,False,False,False,False,False,False,False,False,False,False,False,False,False,False,False,False,False,False,False,False,False
2025 Topps Update Canvas Jack O'Loughlin RC 12/50 Colorado Rockies #US215,20.99,False,False,False,False,False,False,False,False,False,False,False,False,False,False,False,False,False,False,False,False,False,False,False,False,False,False,False,False,False,False,False,False,False,False,False
2025 Topps Update Mojo Refractor Purple Dylan Crews RC 60/75 Nationals,20.98,False,False,False,False,False,False,False,False,False,False,False,False,False,False,False,False,False,False,False,False,False,False,False,False,False,False,False,False,False,False,False,False,False,False,False
2025 Topps Update Series Drake Baldwin #US87 Rookie RC Meijer Exclusive Tinsel,20.979999999999997,False,False,False,False,False,False,False,False,False,False,False,False,False,False,False,False,False,False,False,False,False,False,False,False,False,False,False,False,False,False,False,False,False,False,False
2025 Topps Update Series Drake Baldwin #US87 Rookie RC Meijer Exclusive Tinsel,20.979999999999997,False,False,False,False,False,False,False,False,False,False,False,False,False,False,False,False,False,False,False,False,False,False,False,False,False,False,False,False,False,False,False,False,False,False,False
2025 Topps Update Series Daylen Lile #US172 Rookie RC Meijer Exclusive Tinsel,20.979999999999997,False,False,False,False,False,False,False,False,False,False,False,False,False,False,False,False,False,False,False,False,False,False,False,False,False,False,False,False,False,False,False,False,False,False,False
2025 topps update TRUE IMAGE PHOTO VARATION Braydon Fisher RC Blue Jays ROOKIE💥,20.979999999999997,False,False,False,False,False,False,False,False,False,False,False,False,False,False,False,False,False,False,False,False,False,False,False,False,False,False,False,False,False,False,False,False,False,False,False
"2025 Topps Update - Ryan Gusto Rookie Autograph Ryan Gusto #US292 (AU, RC)",20.979999999999997,False,False,False,False,False,False,False,False,False,False,False,False,False,False,False,False,False,False,False,False,False,False,False,False,False,False,False,False,False,False,False,False,False,False,False
"2025 Topps Update #US250 Max Muncy Gold Holo Foil SN,RC Athletics",20.979999999999997,False,False,False,False,False,False,False,False,False,False,False,False,False,False,False,False,False,False,False,False,False,False,False,False,False,False,False,False,False,False,False,False,False,False,False
2025 Topps Update Series Drake Baldwin #US87 Rookie RC Meijer Exclusive Tinsel,20.979999999999997,False,False,False,False,False,False,False,False,False,False,False,False,False,False,False,False,False,False,False,False,False,False,False,False,False,False,False,False,False,False,False,False,False,False,False
2025 Topps Update DENZEL CLARKE RC Baseball Stars ROOKIE AUTO Athletics BSAU-DC,20.939999999999998,False,False,False,False,False,False,False,False,False,False,False,False,False,False,False,False,False,False,False,False,False,False,False,False,False,False,False,False,False,False,False,False,False,False,False
Romy Gonzalez 10/25 Memorial Day Camo 2025 Topps Update #US112 Red Sox MLB,20.49,False,False,False,False,False,False,False,False,False,False,False,False,False,False,False,False,False,False,False,False,False,False,False,False,False,False,False,False,False,False,False,False,False,False,False
2025 Topps Update Series SHANE SMITH RC 1990 Topps Baseball Autograph -WHITE SOX,20.16,False,False,False,False,False,False,False,False,False,False,False,False,False,False,False,False,False,False,False,False,False,False,False,False,False,False,False,False,False,False,False,False,False,False,False
2025 Topps Update 1990 Topps Baseball Autographs Max Muncy RC,20.0,False,False,False,False,False,False,False,False,False,False,False,False,False,False,False,False,False,False,False,False,False,False,False,False,False,False,False,False,False,False,False,False,False,False,False
2025 Topps Update Fraser Ellard RC Rookie Card Retro Stock Variation SP /50,20.0,False,False,False,False,False,False,False,False,False,False,False,False,False,False,False,False,False,False,False,False,False,False,False,False,False,False,False,False,False,False,False,False,False,False,False
2025 Topps Update Series Baseball 1990 Insert Auto Shane Smith RC,20.0,False,False,False,False,False,False,False,False,False,False,False,False,False,False,False,False,False,False,False,False,False,False,False,False,False,False,False,False,False,False,False,False,False,False,False
2025 Topps Update Anthony Banda Halloween Mummy Foil 13/50 #US132 - LA Dodgers,20.0,False,False,False,False,False,False,False,False,False,False,False,False,False,False,False,False,False,False,False,False,False,False,False,False,False,False,False,False,False,False,False,False,False,False,False
2025 Topps Update Edgar Quero Auto /299 1990 Chrome Silver Mojo Pack RC Rookie,20.0,False,False,False,False,False,False,False,False,False,False,False,False,False,False,False,False,False,False,False,False,False,False,False,False,False,False,False,False,False,False,False,False,False,False,False
2025 Topps Update Series - Carson Kelly #US156,20.0,False,False,False,False,False,False,False,False,False,False,False,False,False,False,False,False,False,False,False,False,False,False,False,False,False,False,False,False,False,False,False,False,False,False,False
BEN WILLIAMSON 2025 TOPPS UPDATE MOJO REFRACTOR AUTO /299,20.0,False,False,False,False,False,False,False,False,False,False,False,False,False,False,False,False,False,False,False,False,False,False,False,False,False,False,False,False,False,False,False,False,False,False,False
2025 Topps Update Mick Abel/25 & Baseball Stars Auto🔥,20.0,False,False,False,False,False,False,False,False,False,False,False,False,False,False,False,False,False,False,False,False,False,False,False,False,False,False,False,False,False,False,False,False,False,False,False
2025 Topps Update Jorbit Vivas #U90C-2 1990 Silver Pack Auto /199 RC Yankees,20.0,False,False,False,False,False,False,False,False,False,False,False,False,False,False,False,False,False,False,False,False,False,False,False,False,False,False,False,False,False,False,False,False,False,False,False
2025 Topps Update SO PHABULOUS Jack O’lantern  Harper Castellanos SP Phillies 🔥,20.0,False,False,False,False,False,False,False,False,False,False,False,False,False,False,False,False,False,False,False,False,False,False,False,False,False,False,False,False,False,False,False,False,False,False,False
2025 Topps Update Series Tim Elko Auto White Sox  #AC-TEO /499,20.0,False,False,False,False,False,False,False,False,False,False,False,False,False,False,False,False,False,False,False,False,False,False,False,False,False,False,False,False,False,False,False,False,False,False,False
2025 Topps Update Gold #US87 Drake Baldwin RC,20.0,False,False,False,False,False,False,False,False,False,False,False,False,False,False,False,False,False,False,False,False,False,False,False,False,False,False,False,False,False,False,False,False,False,False,False
2025 Topps Update Series Clay Holmes SP Canvas Parallel 44 /50 Mets #US245,20.0,False,False,False,False,False,False,False,False,False,False,False,False,False,False,False,False,False,False,False,False,False,False,False,False,False,False,False,False,False,False,False,False,False,False,False
2025 Topps Update Gold #US87 Drake Baldwin RC,20.0,False,False,False,False,False,False,False,False,False,False,False,False,False,False,False,False,False,False,False,False,False,False,False,False,False,False,False,False,False,False,False,False,False,False,False
Drake Baldwin 2025 Topps Update 35th Anniversary  RC #U90-32 Braves Rainbow Foil,20.0,False,False,False,False,False,False,False,False,False,False,False,False,False,False,False,False,False,False,False,False,False,False,False,False,False,False,False,False,False,False,False,False,False,False,False
2025 Topps Update Roki Sasaki COMPANION Card #CC3-14 SP LA,20.0,False,False,False,False,False,False,False,False,False,False,False,False,False,False,False,False,False,False,False,False,False,False,False,False,False,False,False,False,False,False,False,False,False,False,False
2025 Topps Update Series - Rookie Debut Brooks Lee #US243 True Photo (RC),20.0,False,False,False,False,False,False,False,False,False,False,False,False,False,False,False,False,False,False,False,False,False,False,False,False,False,False,False,False,False,False,False,False,False,False,False
Mitch Spence 2025 Topps Update #US20 Canvas Rookie RC SP 14/50 Athletics,20.0,False,False,False,False,False,False,False,False,False,False,False,False,False,False,False,False,False,False,False,False,False,False,False,False,False,False,False,False,False,False,False,False,False,False,False
2025 Topps Update Series - Chase Meidroth #US337 (RC),20.0,False,False,False,False,False,False,False,False,False,False,False,False,False,False,False,False,False,False,False,False,False,False,False,False,False,False,False,False,False,False,False,False,False,False,False
2025 Topps Update Series - 2025 All-Star Game Pete Crow-Armstrong #ASG-6...,20.0,False,False,False,False,False,False,False,False,False,False,False,False,False,False,False,False,False,False,False,False,False,False,False,False,False,False,False,False,False,False,False,False,False,False,False
Connor Joe 2025 Topps Update #US58 True Photo SP Cincinnati Reds,20.0,False,False,False,False,False,False,False,False,False,False,False,False,False,False,False,False,False,False,False,False,False,False,False,False,False,False,False,False,False,False,False,False,False,False,False
Denzel Clarke 2025 Topps Update Series Chrome Mojo Purple /75 Athletics RC,20.0,False,False,False,False,False,False,False,False,False,False,False,False,False,False,False,False,False,False,False,False,False,False,False,False,False,False,False,False,False,False,False,False,False,False,False
2025 topps Update Series Base Rookie cards- 51 Total Cards Ft Edgar Quero,20.0,False,False,False,False,False,False,False,False,False,False,False,False,False,False,False,False,False,False,False,False,False,False,False,False,False,False,False,False,False,False,False,False,False,False,False
2025 Topps Update Cody Bellinger Pin,20.0,False,False,False,False,False,False,False,False,False,False,False,False,False,False,False,False,False,False,False,False,False,False,False,False,False,False,False,False,False,False,False,False,False,False,False
2025 Topps Update Robert Hassell III RC Auto Silver Pack Mojo /299 Autograph,20.0,False,False,False,False,False,False,False,False,False,False,False,False,False,False,False,False,False,False,False,False,False,False,False,False,False,False,False,False,False,False,False,False,False,False,False
2025 Topps Update Rookie LOGAN VANWEY #US117  SP True Photo - Houston Astros,20.0,False,False,False,False,False,False,False,False,False,False,False,False,False,False,False,False,False,False,False,False,False,False,False,False,False,False,False,False,False,False,False,False,False,False,False
2025 Topps Update Series - Kyle Hendricks #US136 Indepence Parallel /76,20.0,False,False,False,False,False,False,False,False,False,False,False,False,False,False,False,False,False,False,False,False,False,False,False,False,False,False,False,False,False,False,False,False,False,False,False
2025 Topps Update Series - Nick Kurtz (RC) Companion Card #CC3-5,20.0,False,False,False,False,False,False,False,False,False,False,False,False,False,False,False,False,False,False,False,False,False,False,False,False,False,False,False,False,False,False,False,False,False,False,False
2025 Topps Update Yaramil Hiraldo (RC) Memorial Day Camo /25 SP #US210 Orioles,20.0,False,False,False,False,False,False,False,False,False,False,False,False,False,False,False,False,False,False,False,False,False,False,False,False,False,False,False,False,False,False,False,False,False,False,False
2025 Topps Update Noah Murdock RC /250,20.0,False,False,False,False,False,False,False,False,False,False,False,False,False,False,False,False,False,False,False,False,False,False,False,False,False,False,False,False,False,False,False,False,False,False,False
2025 topps Update Series Base Rookie cards- 51 Total Cards Ft Edgar Quero,20.0,False,False,False,False,False,False,False,False,False,False,False,False,False,False,False,False,False,False,False,False,False,False,False,False,False,False,False,False,False,False,False,False,False,False,False
2025 Topps Update Cam Smith 35th Anniverary RC /99 #90CU-15 - Astros,20.0,False,False,False,False,False,False,False,False,False,False,False,False,False,False,False,False,False,False,False,False,False,False,False,False,False,False,False,False,False,False,False,False,False,False,False
2025 Topps Update Cam Smith 35th Anniverary RC /99 #90CU-15 - Astros,20.0,False,False,False,False,False,False,False,False,False,False,False,False,False,False,False,False,False,False,False,False,False,False,False,False,False,False,False,False,False,False,False,False,False,False,False
2025 Topps Update Mick Abel/25 & Baseball Stars Auto🔥,20.0,False,False,False,False,False,False,False,False,False,False,False,False,False,False,False,False,False,False,False,False,False,False,False,False,False,False,False,False,False,False,False,False,False,False,False
2025 Topps Update - 90AU-SSM - Shane Smith - 1990 Autograph,20.0,False,False,False,False,False,False,False,False,False,False,False,False,False,False,False,False,False,False,False,False,False,False,False,False,False,False,False,False,False,False,False,False,False,False,False
2025 Topps Update #US210 Yaramil Hiraldo Memorial Day Camo #/25,20.0,False,False,False,False,False,False,False,False,False,False,False,False,False,False,False,False,False,False,False,False,False,False,False,False,False,False,False,False,False,False,False,False,False,False,False
2025 Topps Update AJ Blubaugh 1990 Chrome Silver Pack PURPLE MOJO /75 RC,20.0,False,False,False,False,False,False,False,False,False,False,False,False,False,False,False,False,False,False,False,False,False,False,False,False,False,False,False,False,False,False,False,False,False,False,False
2025 Topps Update Bleacher Reachers Pink Foil Shohei Ohtani (#BR-1) Dodgers SP,20.0,False,False,False,False,False,False,False,False,False,False,False,False,False,False,False,False,False,False,False,False,False,False,False,False,False,False,False,False,False,False,False,False,False,False,False
2025 Topps Update Series - Nick Kurtz (RC) Companion Card #CC3-5,20.0,False,False,False,False,False,False,False,False,False,False,False,False,False,False,False,False,False,False,False,False,False,False,False,False,False,False,False,False,False,False,False,False,False,False,False
"2025 Topps Update Series - 1990 Topps Baseball Relics Ben Rice #90RU-BR (MEM,...",20.0,False,False,False,False,False,False,False,False,False,False,False,False,False,False,False,False,False,False,False,False,False,False,False,False,False,False,False,False,False,False,False,False,False,False,False
2025 Topps Update Series Chase Meidroth #US337 Canvas /50  (RC),20.0,False,False,False,False,False,False,False,False,False,False,False,False,False,False,False,False,False,False,False,False,False,False,False,False,False,False,False,False,False,False,False,False,False,False,False
2025 Topps Update Edgar Quero Auto /299 1990 Chrome Silver Mojo Pack RC Rookie,20.0,False,False,False,False,False,False,False,False,False,False,False,False,False,False,False,False,False,False,False,False,False,False,False,False,False,False,False,False,False,False,False,False,False,False,False
2025 Topps Update Series - Cade Gibson Memorial Day Camo #US131 (RC),20.0,False,False,False,False,False,False,False,False,False,False,False,False,False,False,False,False,False,False,False,False,False,False,False,False,False,False,False,False,False,False,False,False,False,False,False
Drake Baldwin 2025 Topps Update 35th Anniversary  RC #U90-32 Braves Rainbow Foil,20.0,False,False,False,False,False,False,False,False,False,False,False,False,False,False,False,False,False,False,False,False,False,False,False,False,False,False,False,False,False,False,False,False,False,False,False
2025 Topps Update Series Chris Paddack Minnesota Twins #US73 Base Set,20.0,False,False,False,False,False,False,False,False,False,False,False,False,False,False,False,False,False,False,False,False,False,False,False,False,False,False,False,False,False,False,False,False,False,False,False
2025 Topps Update Series #US90 Omar Cruz Camo FOIL /25 (RC),20.0,False,False,False,False,False,False,False,False,False,False,False,False,False,False,False,False,False,False,False,False,False,False,False,False,False,False,False,False,False,False,False,False,False,False,False
2025 Topps Update Kyle Higashioka Pink Holo Foil #US 207,20.0,False,False,False,False,False,False,False,False,False,False,False,False,False,False,False,False,False,False,False,False,False,False,False,False,False,False,False,False,False,False,False,False,False,False,False
2025 Topps Update Player Worn Memorabilia Relic James Wood RC /150 MMU-JW,20.0,False,False,False,False,False,False,False,False,False,False,False,False,False,False,False,False,False,False,False,False,False,False,False,False,False,False,False,False,False,False,False,False,False,False,False
"ALAN RODEN (RC,AU,/99)2025 Topps Update 1990 Topps Auto #90AU-ARO (+4RC’s)",20.0,False,False,False,False,False,False,False,False,False,False,False,False,False,False,False,False,False,False,False,False,False,False,False,False,False,False,False,False,False,False,False,False,False,False,False
Gio Urshela 2025 Topps Update #US23 Memorial Day Camo #/25 Athletics,20.0,False,False,False,False,False,False,False,False,False,False,False,False,False,False,False,False,False,False,False,False,False,False,False,False,False,False,False,False,False,False,False,False,False,False,False
2025 Topps Update Series - Walker Buehler #US103,20.0,False,False,False,False,False,False,False,False,False,False,False,False,False,False,False,False,False,False,False,False,False,False,False,False,False,False,False,False,False,False,False,False,False,False,False
2025 Topps Update Maverick Handley   Rookie RC Independence Day #/75 Orioles,19.99,False,False,False,False,False,False,False,False,False,False,False,False,False,False,False,False,False,False,False,False,False,False,False,False,False,False,False,False,False,False,False,False,False,False,False
2025 Topps Update Braxton Fulford #US123 Canvas /50,19.99,False,False,False,False,False,False,False,False,False,False,False,False,False,False,False,False,False,False,False,False,False,False,False,False,False,False,False,False,False,False,False,False,False,False,False
"2025 Topps Update Caleb Durbin #US170 Aqua Holo Foil, estimated print run of 100",19.99,False,False,False,False,False,False,False,False,False,False,False,False,False,False,False,False,False,False,False,False,False,False,False,False,False,False,False,False,False,False,False,False,False,False,False
2025 Topps Update CHAD PATRICK RC AUTO 1990 Topps Baseball Brewers,19.99,False,False,False,False,False,False,False,False,False,False,False,False,False,False,False,False,False,False,False,False,False,False,False,False,False,False,False,False,False,False,False,False,False,False,False
2025 Topps Update MASON FLUHARTY Jack-O-Lanterns Blue Jays RC SP!,19.99,False,False,False,False,False,False,False,False,False,False,False,False,False,False,False,False,False,False,False,False,False,False,False,False,False,False,False,False,False,False,False,False,False,False,False
2025 Topps Update Series - Chris Paddack Topps Refractor US73 Twins,19.99,False,False,False,False,False,False,False,False,False,False,False,False,False,False,False,False,False,False,False,False,False,False,False,False,False,False,False,False,False,False,False,False,False,False,False
2025 Topps Update Hayden Senger Rookie Canvas /50 #US126,19.99,False,False,False,False,False,False,False,False,False,False,False,False,False,False,False,False,False,False,False,False,False,False,False,False,False,False,False,False,False,False,False,False,False,False,False
2025 Topps Update Series Roki Sasaki 1990 Topps Rookie RC Relic,19.99,False,False,False,False,False,False,False,False,False,False,False,False,False,False,False,False,False,False,False,False,False,False,False,False,False,False,False,False,False,False,False,False,False,False,False
2025 Topps Update Michael Lorenzen Silver Foilboard #US222 Kansas City Royals,19.99,False,False,False,False,False,False,False,False,False,False,False,False,False,False,False,False,False,False,False,False,False,False,False,False,False,False,False,False,False,False,False,False,False,False,False
Matt Shaw/Dansby Swanson 23/50 - 2025 Topps Update Skeleton Foil Chicago Cubs,19.99,False,False,False,False,False,False,False,False,False,False,False,False,False,False,False,False,False,False,False,False,False,False,False,False,False,False,False,False,False,False,False,False,False,False,False
2025 Topps Update Series - Max Kepler #US82 - CANVAS STOCK /50,19.99,False,False,False,False,False,False,False,False,False,False,False,False,False,False,False,False,False,False,False,False,False,False,False,False,False,False,False,False,False,False,False,False,False,False,False
2025 Topps Update Nick Kurtz #USC197 Aqua Holo Foil (RC) Rookie Debut SP,19.99,False,False,False,False,False,False,False,False,False,False,False,False,False,False,False,False,False,False,False,False,False,False,False,False,False,False,False,False,False,False,False,False,False,False,False
2025 Topps Update Series - Baseball Stars Autographs Denzel Clarke #BSAU-DC Blue,19.99,False,False,False,False,False,False,False,False,False,False,False,False,False,False,False,False,False,False,False,False,False,False,False,False,False,False,False,False,False,False,False,False,False,False,False
Mike Vasil 2025 Topps Update Rookie Canvas Parallel /50 #US219 (RC) White Sox,19.99,False,False,False,False,False,False,False,False,False,False,False,False,False,False,False,False,False,False,False,False,False,False,False,False,False,False,False,False,False,False,False,False,False,False,False
2025 Topps Update TIRSO ORNELAS RC #/150 ROOKIE AUTO Baseball Stars Autograph,19.99,False,False,False,False,False,False,False,False,False,False,False,False,False,False,False,False,False,False,False,False,False,False,False,False,False,False,False,False,False,False,False,False,False,False,False
2025 Topps Update Doug Nikhazy Rookie Canvas /50 #US44,19.99,False,False,False,False,False,False,False,False,False,False,False,False,False,False,False,False,False,False,False,False,False,False,False,False,False,False,False,False,False,False,False,False,False,False,False
2025 Topps Update Series Oliver Dunn #US169 #/25 Camo Milwaukee Brewers,19.99,False,False,False,False,False,False,False,False,False,False,False,False,False,False,False,False,False,False,False,False,False,False,False,False,False,False,False,False,False,False,False,False,False,False,False
2025 Topps Update Series Donovan Solano Silver Foil Patterned Us281,19.99,False,False,False,False,False,False,False,False,False,False,False,False,False,False,False,False,False,False,False,False,False,False,False,False,False,False,False,False,False,False,False,False,False,False,False
2025 Topps Update-Logan Henderson Rookie 35th Anniversary Autograph-Brewers,19.99,False,False,False,False,False,False,False,False,False,False,False,False,False,False,False,False,False,False,False,False,False,False,False,False,False,False,False,False,False,False,False,False,False,False,False
2025 Topps Update Series - Rookie Debut Caleb Durbin #US59 True Photo (RC),19.99,False,False,False,False,False,False,False,False,False,False,False,False,False,False,False,False,False,False,False,False,False,False,False,False,False,False,False,False,False,False,False,False,False,False,False
"2025 Topps Update Series - Veteran Combos Blake Snell, Tyler Glasnow #US119 Gold",19.99,False,False,False,False,False,False,False,False,False,False,False,False,False,False,False,False,False,False,False,False,False,False,False,False,False,False,False,False,False,False,False,False,False,False,False
2025 Topps Update Chase Meidroth #U90C-52 Sox 1990 Chrome Silver Mojo Purple /75,19.99,False,False,False,False,False,False,False,False,False,False,False,False,False,False,False,False,False,False,False,False,False,False,False,False,False,False,False,False,False,False,False,False,False,False,False
2025 Topps Update Gerson Garabito Rookie Canvas /50 #US249,19.99,False,False,False,False,False,False,False,False,False,False,False,False,False,False,False,False,False,False,False,False,False,False,False,False,False,False,False,False,False,False,False,False,False,False,False
2025 Topps Update Anthony Banda Halloween Mummy Foil 19/50 #US132 - LA Dodgers,19.99,False,False,False,False,False,False,False,False,False,False,False,False,False,False,False,False,False,False,False,False,False,False,False,False,False,False,False,False,False,False,False,False,False,False,False
"2025 Topps Update Series - Major League Material Roki Sasaki #MMU-RS (MEM, RC)",19.99,False,False,False,False,False,False,False,False,False,False,False,False,False,False,False,False,False,False,False,False,False,False,False,False,False,False,False,False,False,False,False,False,False,False,False
CADEN DANA 2025 TOPPS UPDATE SERIES RC '90 TOPPS BASEBALL AUTO #90AU-CD ANGELS,19.99,False,False,False,False,False,False,False,False,False,False,False,False,False,False,False,False,False,False,False,False,False,False,False,False,False,False,False,False,False,False,False,False,False,False,False
2025 Topps Update Series - Flagship Real One Autographs Tim Tawa #US236 Green...,19.99,False,False,False,False,False,False,False,False,False,False,False,False,False,False,False,False,False,False,False,False,False,False,False,False,False,False,False,False,False,False,False,False,False,False,False
2025 Topps Update ~ Adam Frazier  #US51 ~  Memorial Day Camo 12/25 ~ Pirates,19.99,False,False,False,False,False,False,False,False,False,False,False,False,False,False,False,False,False,False,False,False,False,False,False,False,False,False,False,False,False,False,False,False,False,False,False
2025 Topps Update Series - Ryan Walker Topps Refractor #US179 Giants,19.99,False,False,False,False,False,False,False,False,False,False,False,False,False,False,False,False,False,False,False,False,False,False,False,False,False,False,False,False,False,False,False,False,False,False,False
2025 Topps Update Logan Henderson RC /50 Mummy Parallel SP Milwaukee Brewers ⚾️,19.99,False,False,False,False,False,False,False,False,False,False,False,False,False,False,False,False,False,False,False,False,False,False,False,False,False,False,False,False,False,False,False,False,False,False,False
2025 Topps Update RC - Tirso Ornelas- Camo - /25 Padres ⚾️🔥,19.99,False,False,False,False,False,False,False,False,False,False,False,False,False,False,False,False,False,False,False,False,False,False,False,False,False,False,False,False,False,False,False,False,False,False,False
2025 Topps Update Series - Johnathan Rodriguez Memorial Day Camo 25/25 Guardians,19.99,False,False,False,False,False,False,False,False,False,False,False,False,False,False,False,False,False,False,False,False,False,False,False,False,False,False,False,False,False,False,False,False,False,False,False
2025 Topps Update Martin Maldonado Camo /25 #US76,19.99,False,False,False,False,False,False,False,False,False,False,False,False,False,False,False,False,False,False,False,False,False,False,False,False,False,False,False,False,False,False,False,False,False,False,False
2025 Topps Update - Carson Palmquist RC #US321 True Photo - Rockies Rookie,19.99,False,False,False,False,False,False,False,False,False,False,False,False,False,False,False,False,False,False,False,False,False,False,False,False,False,False,False,False,False,False,False,False,False,False,False
2025 Topps Update David Morgan Canvas /50 US348 Sand Diego Padres,19.99,False,False,False,False,False,False,False,False,False,False,False,False,False,False,False,False,False,False,False,False,False,False,False,False,False,False,False,False,False,False,False,False,False,False,False
2025 Topps Update Series Blake Treinen Canvas #50 Los Angeles Dodgers,19.99,False,False,False,False,False,False,False,False,False,False,False,False,False,False,False,False,False,False,False,False,False,False,False,False,False,False,False,False,False,False,False,False,False,False,False
2025 Topps Update #US331 Elly De La Cruz & Matt McClain Jack-o-Lantern,19.99,False,False,False,False,False,False,False,False,False,False,False,False,False,False,False,False,False,False,False,False,False,False,False,False,False,False,False,False,False,False,False,False,False,False,False
Luken Baker 2025 Topps Update Series Canvas /50 St. Louis Cardinals #US153,19.99,False,False,False,False,False,False,False,False,False,False,False,False,False,False,False,False,False,False,False,False,False,False,False,False,False,False,False,False,False,False,False,False,False,False,False
2025 Topps Update #US150 Signed Santiago Espinal Autographed Reds Card Auto,19.99,False,False,False,False,False,False,False,False,False,False,False,False,False,False,False,False,False,False,False,False,False,False,False,False,False,False,False,False,False,False,False,False,False,False,False
2025 Topps Update Spencer Schwellenbach Rookie Debut Ghost Foil Braves #US327,19.99,False,False,False,False,False,False,False,False,False,False,False,False,False,False,False,False,False,False,False,False,False,False,False,False,False,False,False,False,False,False,False,False,False,False,False
2025 Topps Update Series Rookie Debut Adrian Del Castillo #US267 Canvas /50 (RC),19.99,False,False,False,False,False,False,False,False,False,False,False,False,False,False,False,False,False,False,False,False,False,False,False,False,False,False,False,False,False,False,False,False,False,False,False
2025 Topps Update Series Baseball Stars Autographs Denzel Clarke #BSAU-DC RC,19.99,False,False,False,False,False,False,False,False,False,False,False,False,False,False,False,False,False,False,False,False,False,False,False,False,False,False,False,False,False,False,False,False,False,False,False
2025 Topps Update Series Carlos Duran RC Canvas Parallel /50 Athletics,19.99,False,False,False,False,False,False,False,False,False,False,False,False,False,False,False,False,False,False,False,False,False,False,False,False,False,False,False,False,False,False,False,False,False,False,False
2025 Topps Update Series - Nick Kurtz (RC) Companion Card #CC3-5,19.99,False,False,False,False,False,False,False,False,False,False,False,False,False,False,False,False,False,False,False,False,False,False,False,False,False,False,False,False,False,False,False,False,False,False,False
2025 Topps Update US269 Shohei Ohtani Roki Sasaki Pink Foil Pari Rule LA Dodgers,19.99,False,False,False,False,False,False,False,False,False,False,False,False,False,False,False,False,False,False,False,False,False,False,False,False,False,False,False,False,False,False,False,False,False,False,False
2025 Topps Update Nick Kurtz #USC197 Aqua Holo Foil (RC) Rookie Debut SP,19.99,False,False,False,False,False,False,False,False,False,False,False,False,False,False,False,False,False,False,False,False,False,False,False,False,False,False,False,False,False,False,False,False,False,False,False
2025 TOPPS UPDATE BASEBALL STARS AUTOGRAPHS #BSAU-DC DENZEL CLARKE ATHLETICS,19.99,False,False,False,False,False,False,False,False,False,False,False,False,False,False,False,False,False,False,False,False,False,False,False,False,False,False,False,False,False,False,False,False,False,False,False
2025 Topps Update Ben Rice RC “1990 Topps Pinstripe Jersey #/150 Yankees,19.99,False,False,False,False,False,False,False,False,False,False,False,False,False,False,False,False,False,False,False,False,False,False,False,False,False,False,False,False,False,False,False,False,False,False,False
2025 Topps Update Series - Baseball Stars Autographs Luke Keaschall #BSAU-LK,19.99,False,False,False,False,False,False,False,False,False,False,False,False,False,False,False,False,False,False,False,False,False,False,False,False,False,False,False,False,False,False,False,False,False,False,False
2025 Topps Update Johnathan Rodriguez Camo /25 #US142,19.99,False,False,False,False,False,False,False,False,False,False,False,False,False,False,False,False,False,False,False,False,False,False,False,False,False,False,False,False,False,False,False,False,False,False,False
2025 Topps Update Pink Diamanté Foil #US320 Austin Kitchen,19.99,False,False,False,False,False,False,False,False,False,False,False,False,False,False,False,False,False,False,False,False,False,False,False,False,False,False,False,False,False,False,False,False,False,False,False
2025 Topps Update Paul DeJong Skeletons /50,19.99,False,False,False,False,False,False,False,False,False,False,False,False,False,False,False,False,False,False,False,False,False,False,False,False,False,False,False,False,False,False,False,False,False,False,False
2025 Topps Update Series - Nick Kurtz (RC) Companion Card #CC3-5,19.99,False,False,False,False,False,False,False,False,False,False,False,False,False,False,False,False,False,False,False,False,False,False,False,False,False,False,False,False,False,False,False,False,False,False,False
LOGAN EVANS 2025 Topps Update Real One Rookie RC Autograph Auto #US302,19.99,False,False,False,False,False,False,False,False,False,False,False,False,False,False,False,False,False,False,False,False,False,False,False,False,False,False,False,False,False,False,False,False,False,False,False
2025 Topps Update Derek Hill Memorial Day Camo 15/25 SP Miami Marlins,19.99,False,False,False,False,False,False,False,False,False,False,False,False,False,False,False,False,False,False,False,False,False,False,False,False,False,False,False,False,False,False,False,False,False,False,False
2025 Topps Update Series Dais Martin True Photo #US294,19.99,False,False,False,False,False,False,False,False,False,False,False,False,False,False,False,False,False,False,False,False,False,False,False,False,False,False,False,False,False,False,False,False,False,False,False
2025 Topps Update Series - Baseball Stars Autographs Luke Keaschall #BSAU-LK,19.99,False,False,False,False,False,False,False,False,False,False,False,False,False,False,False,False,False,False,False,False,False,False,False,False,False,False,False,False,False,False,False,False,False,False,False
2025 Topps Update Robert Hassell III Silver Pack Auto /299 #U90C-28,19.99,False,False,False,False,False,False,False,False,False,False,False,False,False,False,False,False,False,False,False,False,False,False,False,False,False,False,False,False,False,False,False,False,False,False,False
"2025 Topps Update Caleb Durbin #US170 Aqua Holo Foil, estimated print run of 100",19.99,False,False,False,False,False,False,False,False,False,False,False,False,False,False,False,False,False,False,False,False,False,False,False,False,False,False,False,False,False,False,False,False,False,False,False
2025 Topps Update Nick Kurtz Fanatics Topps Logo Foil #US201 Athletics Rookie RC,19.99,False,False,False,False,False,False,False,False,False,False,False,False,False,False,False,False,False,False,False,False,False,False,False,False,False,False,False,False,False,False,False,False,False,False,False
2025 Topps Update Series - Denzel Clarke #US14 Silver Patterened Foil (RC),19.99,False,False,False,False,False,False,False,False,False,False,False,False,False,False,False,False,False,False,False,False,False,False,False,False,False,False,False,False,False,False,False,False,False,False,False
2025 Topps Update Jose Fermin Rookie Canvas /50 #US338,19.99,False,False,False,False,False,False,False,False,False,False,False,False,False,False,False,False,False,False,False,False,False,False,False,False,False,False,False,False,False,False,False,False,False,False,False
2025 Topps Update Series Tommy Pham 25/50 #USC45,19.99,False,False,False,False,False,False,False,False,False,False,False,False,False,False,False,False,False,False,False,False,False,False,False,False,False,False,False,False,False,False,False,False,False,False,False
2025 Topps Update James Wood #218 (RC) PSA 9,19.99,False,False,False,False,False,False,False,False,False,False,False,False,False,False,False,False,False,False,False,False,False,False,False,False,False,False,False,False,False,False,False,False,False,False,False
Denzel Clarke 2025 Topps Update #BSAU-DC Athletics Baseball Stars Rookie Auto,19.99,False,False,False,False,False,False,False,False,False,False,False,False,False,False,False,False,False,False,False,False,False,False,False,False,False,False,False,False,False,False,False,False,False,False,False
2025 Topps Update Series Camilo Doval #US328 Canvas /50,19.99,False,False,False,False,False,False,False,False,False,False,False,False,False,False,False,False,False,False,False,False,False,False,False,False,False,False,False,False,False,False,False,False,False,False,False
2025 Topps Update Alejandro Osuna Rookie Canvas /50 #US10,19.99,False,False,False,False,False,False,False,False,False,False,False,False,False,False,False,False,False,False,False,False,False,False,False,False,False,False,False,False,False,False,False,False,False,False,False
2025 TOPPS UPDATE RAYMOND BURGOS SAN FRANCISCO GIANTS RC TRUE PHOTO - FREE S&H!,19.99,False,False,False,False,False,False,False,False,False,False,False,False,False,False,False,False,False,False,False,False,False,False,False,False,False,False,False,False,False,False,False,False,False,False,False
Roki Sasaki - 2025 Topps Update - 1990 Relic RC Player Worn #90RU-RS Dodgers,19.99,False,False,False,False,False,False,False,False,False,False,False,False,False,False,False,False,False,False,False,False,False,False,False,False,False,False,False,False,False,False,False,False,False,False,False
2025 Topps Update Nick Kurtz Fanatics Topps Logo Foil #US201 Athletics Rookie RC,19.99,False,False,False,False,False,False,False,False,False,False,False,False,False,False,False,False,False,False,False,False,False,False,False,False,False,False,False,False,False,False,False,False,False,False,False
2025 Topps Update Series - Rookie Debut Caleb Durbin #US59 True Photo (RC),19.99,False,False,False,False,False,False,False,False,False,False,False,False,False,False,False,False,False,False,False,False,False,False,False,False,False,False,False,False,False,False,False,False,False,False,False
2025 Topps Update Doug Nikhazy RC Orange Skull Parallel /50 Guardians Rookie,19.99,False,False,False,False,False,False,False,False,False,False,False,False,False,False,False,False,False,False,False,False,False,False,False,False,False,False,False,False,False,False,False,False,False,False,False
2025 Topps Update Chase Meidroth #U90C-52 Sox 1990 Chrome Mojo Purple 5/75,19.98,False,False,False,False,False,False,False,False,False,False,False,False,False,False,False,False,False,False,False,False,False,False,False,False,False,False,False,False,False,False,False,False,False,False,False
2025 Topps Update Series - Shohei Ohtani & Roki Sasaki #US269 - Yellow Border,19.979999999999997,False,False,False,False,False,False,False,False,False,False,False,False,False,False,False,False,False,False,False,False,False,False,False,False,False,False,False,False,False,False,False,False,False,False,False
2025 Topps Update Series Marcelo Mayer #US105 Rookie RC Meijer Exclusive Tinsel,19.979999999999997,False,False,False,False,False,False,False,False,False,False,False,False,False,False,False,False,False,False,False,False,False,False,False,False,False,False,False,False,False,False,False,False,False,False,False
2025 Topps Update Series Marcelo Mayer #US105 Rookie RC Meijer Exclusive Tinsel,19.979999999999997,False,False,False,False,False,False,False,False,False,False,False,False,False,False,False,False,False,False,False,False,False,False,False,False,False,False,False,False,False,False,False,False,False,False,False
2025 Topps Update Series - Shohei Ohtani & Roki Sasaki #US269 - Yellow Border,19.979999999999997,False,False,False,False,False,False,False,False,False,False,False,False,False,False,False,False,False,False,False,False,False,False,False,False,False,False,False,False,False,False,False,False,False,False,False
2025 Topps Update Series - Shohei Ohtani & Roki Sasaki #US269 - Yellow Border,19.979999999999997,False,False,False,False,False,False,False,False,False,False,False,False,False,False,False,False,False,False,False,False,False,False,False,False,False,False,False,False,False,False,False,False,False,False,False
2025 Topps Update Robert Hassell III Baseball Stars Auto #BSAU-RH 35/50,19.95,False,False,False,False,False,False,False,False,False,False,False,False,False,False,False,False,False,False,False,False,False,False,False,False,False,False,False,False,False,False,False,False,False,False,False
2025 Topps Update Baseball Jonathan Bermudez Canvas RC 37/50 Miami Marlins,19.95,False,False,False,False,False,False,False,False,False,False,False,False,False,False,False,False,False,False,False,False,False,False,False,False,False,False,False,False,False,False,False,False,False,False,False
2025 Topps Update David Morgan RC “Mummy” Variation  /50 Padres & 2 Others ⚾️,19.95,False,False,False,False,False,False,False,False,False,False,False,False,False,False,False,False,False,False,False,False,False,False,False,False,False,False,False,False,False,False,False,False,False,False,False
2025 Topps Update Series - Raymond Burgos #US115 True Photo (RC) GIANTS,19.95,False,False,False,False,False,False,False,False,False,False,False,False,False,False,False,False,False,False,False,False,False,False,False,False,False,False,False,False,False,False,False,False,False,False,False
Zac Veen 2025 Topps Update #US286 Real Ones Autograph Colorado Rockies RC Auto,19.95,False,False,False,False,False,False,False,False,False,False,False,False,False,False,False,False,False,False,False,False,False,False,False,False,False,False,False,False,False,False,False,False,False,False,False
2025 Topps Update Series - 2025 All-Star Game Shohei Ohtani #ASG-1 Pink Foil,19.95,False,False,False,False,False,False,False,False,False,False,False,False,False,False,False,False,False,False,False,False,False,False,False,False,False,False,False,False,False,False,False,False,False,False,False
2025 Topps Update Jamie Westbrook RARE Aqua Rainbow Foil RC (100 Copies),19.95,False,False,False,False,False,False,False,False,False,False,False,False,False,False,False,False,False,False,False,False,False,False,False,False,False,False,False,False,False,False,False,False,False,False,False
2025 Topps Update Robert Hassell III 06/75 Purple Mojo Refractor RC 1990 Chrome,19.95,False,False,False,False,False,False,False,False,False,False,False,False,False,False,False,False,False,False,False,False,False,False,False,False,False,False,False,False,False,False,False,False,False,False,False
Zac Veen 2025 Topps Update #US286 Real Ones Autograph Colorado Rockies RC Auto,19.95,False,False,False,False,False,False,False,False,False,False,False,False,False,False,False,False,False,False,False,False,False,False,False,False,False,False,False,False,False,False,False,False,False,False,False
2025 Topps Update Chicago White Sox Shane Smith 35th Anniversary RC /50,19.95,False,False,False,False,False,False,False,False,False,False,False,False,False,False,False,False,False,False,False,False,False,False,False,False,False,False,False,False,False,False,False,False,False,False,False
2025 Topps Update Chrome Carson McCusker BW Mini Diamond Rookie Auto #AC-CMC,19.95,False,False,False,False,False,False,False,False,False,False,False,False,False,False,False,False,False,False,False,False,False,False,False,False,False,False,False,False,False,False,False,False,False,False,False
"2025 Topps Update Series - 1990 Topps Relics Roki Sasaki #90RU-RS (MEM, RC)",19.95,False,False,False,False,False,False,False,False,False,False,False,False,False,False,False,False,False,False,False,False,False,False,False,False,False,False,False,False,False,False,False,False,False,False,False
2025 Topps Update Series - Alex Vesia #US239 Rainbow Foil Pink Parallel Dodgers,19.88,False,False,False,False,False,False,False,False,False,False,False,False,False,False,False,False,False,False,False,False,False,False,False,False,False,False,False,False,False,False,False,False,False,False,False
Michael Darrell-Hicks (RC) 2025 Topps Update Canvas Variation SP 36/50 Angels,19.79,False,False,False,False,False,False,False,False,False,False,False,False,False,False,False,False,False,False,False,False,False,False,False,False,False,False,False,False,False,False,False,False,False,False,False
2025 Topps Update #90AU-CPK Chad Patrick 35th Anniversary Autographs RC,19.779999999999998,False,False,False,False,False,False,False,False,False,False,False,False,False,False,False,False,False,False,False,False,False,False,False,False,False,False,False,False,False,False,False,False,False,False,False
2025 Topps Update Baseball Stars Autographs Denzel Clarke Auto #BSAU-DC (RC),19.75,False,False,False,False,False,False,False,False,False,False,False,False,False,False,False,False,False,False,False,False,False,False,False,False,False,False,False,False,False,False,False,False,False,False,False
2025 Topps Update #US320 Austin Kitchen Orange Rainbow Foil Mariners,19.74,False,False,False,False,False,False,False,False,False,False,False,False,False,False,False,False,False,False,False,False,False,False,False,False,False,False,False,False,False,False,False,False,False,False,False
2025 Topps Update Nick Kurtz Rookie RC Athletics #US197,19.6,False,False,False,False,False,False,False,False,False,False,False,False,False,False,False,False,False,False,False,False,False,False,False,False,False,False,False,False,False,False,False,False,False,False,False
2025 Topps Update Nick Kurtz Rookie RC Athletics #US197,19.6,False,False,False,False,False,False,False,False,False,False,False,False,False,False,False,False,False,False,False,False,False,False,False,False,False,False,False,False,False,False,False,False,False,False,False
2025 Topps Update Glitter Sparkle Levi Jordan RC /150 Reds #US6 SP,19.5,False,False,False,False,False,False,False,False,False,False,False,False,False,False,False,False,False,False,False,False,False,False,False,False,False,False,False,False,False,False,False,False,False,False,False
⚾️ 2025 Topps Update Nick Kurtz RC RD Fanatics Exclusive Topps Foil,19.5,False,False,False,False,False,False,False,False,False,False,False,False,False,False,False,False,False,False,False,False,False,False,False,False,False,False,False,False,False,False,False,False,False,False,False
⚾️ 2025 Topps Update Nick Kurtz RC RD Fanatics Exclusive Topps Foil,19.5,False,False,False,False,False,False,False,False,False,False,False,False,False,False,False,False,False,False,False,False,False,False,False,False,False,False,False,False,False,False,False,False,False,False,False
2025 Topps Update Series Elvis Alvarado RC Canvas #30/50. Card# US61.,19.49,False,False,False,False,False,False,False,False,False,False,False,False,False,False,False,False,False,False,False,False,False,False,False,False,False,False,False,False,False,False,False,False,False,False,False
2025 Topps Update US200 Matt Shaw Aqua Holo Parallel RC Rookie SP,19.31,False,False,False,False,False,False,False,False,False,False,False,False,False,False,False,False,False,False,False,False,False,False,False,False,False,False,False,False,False,False,False,False,False,False,False
2025 Topps Update US200 Matt Shaw Aqua Holo Parallel RC Rookie SP,19.31,False,False,False,False,False,False,False,False,False,False,False,False,False,False,False,False,False,False,False,False,False,False,False,False,False,False,False,False,False,False,False,False,False,False,False
2025 Topps Update #US279 Carson McCusker No Border SP Variation Twins RC,19.28,False,False,False,False,False,False,False,False,False,False,False,False,False,False,False,False,False,False,False,False,False,False,False,False,False,False,False,False,False,False,False,False,False,False,False
ALL STAR SHOHEI OHTANI RAINBOW FOIL 2025 Topps Update #ASG - Los Angeles Dodgers,19.18,False,False,False,False,False,False,False,False,False,False,False,False,False,False,False,False,False,False,False,False,False,False,False,False,False,False,False,False,False,False,False,False,False,False,False
2025 Topps Update Chad Patrick RC AUTO  Brewers US307,19.0,False,False,False,False,False,False,False,False,False,False,False,False,False,False,False,False,False,False,False,False,False,False,False,False,False,False,False,False,False,False,False,False,False,False,False
2025 Topps Update Logan Henderson Real One Auto RC Rookie #US137 Brewers,19.0,False,False,False,False,False,False,False,False,False,False,False,False,False,False,False,False,False,False,False,False,False,False,False,False,False,False,False,False,False,False,False,False,False,False,False
Matt Shaw 2025 Topps Update #US200 Tinsel Parallel with Two Bonus Cubs Rookies,19.0,False,False,False,False,False,False,False,False,False,False,False,False,False,False,False,False,False,False,False,False,False,False,False,False,False,False,False,False,False,False,False,False,False,False,False
2025 Topps Update James Meeker MEMORIAL DAY Camo Rookie #D 16/25 #US326,19.0,False,False,False,False,False,False,False,False,False,False,False,False,False,False,False,False,False,False,False,False,False,False,False,False,False,False,False,False,False,False,False,False,False,False,False
2025 Topps Update Dominic Canzone Mariners Orange Skeleton /50,19.0,False,False,False,False,False,False,False,False,False,False,False,False,False,False,False,False,False,False,False,False,False,False,False,False,False,False,False,False,False,False,False,False,False,False,False
SHANE SMITH 2025 TOPPS UPDATE SILVER PACK PURPLE MOJO REFRACTOR RC /75 White Sox,19.0,False,False,False,False,False,False,False,False,False,False,False,False,False,False,False,False,False,False,False,False,False,False,False,False,False,False,False,False,False,False,False,False,False,False,False
Matt Shaw 2025 Topps Update #US200 Tinsel Parallel with Two Bonus Cubs Rookies,19.0,False,False,False,False,False,False,False,False,False,False,False,False,False,False,False,False,False,False,False,False,False,False,False,False,False,False,False,False,False,False,False,False,False,False,False
2025 Topps Update Series - Brady Singer Canvas  32/50  #US344,19.0,False,False,False,False,False,False,False,False,False,False,False,False,False,False,False,False,False,False,False,False,False,False,False,False,False,False,False,False,False,False,False,False,False,False,False
Landen Roupp 2025 Topps Update #US135 Memorial Day Camo /25 Giants (CBMH),18.990000000000002,False,False,False,False,False,False,False,False,False,False,False,False,False,False,False,False,False,False,False,False,False,False,False,False,False,False,False,False,False,False,False,False,False,False,False
2025 Topps Update Chad Patrick RC AUTO  Brewers US307,18.99,False,False,False,False,False,False,False,False,False,False,False,False,False,False,False,False,False,False,False,False,False,False,False,False,False,False,False,False,False,False,False,False,False,False,False
2025 Topps Update Mummy Brandon Young RC /50 Baltimore Orioles Color Match #US97,18.99,False,False,False,False,False,False,False,False,False,False,False,False,False,False,False,False,False,False,False,False,False,False,False,False,False,False,False,False,False,False,False,False,False,False,False
2025 TOPPS UPDATE SERIES CAMO /25 #US285 ERIC HAASE MILWAUKEE BREWERS,18.99,False,False,False,False,False,False,False,False,False,False,False,False,False,False,False,False,False,False,False,False,False,False,False,False,False,False,False,False,False,False,False,False,False,False,False
2025 Topps Update DOMINIC CANZONE Canvas Parallel Card 27/50 US56 Mariners,18.98,False,False,False,False,False,False,False,False,False,False,False,False,False,False,False,False,False,False,False,False,False,False,False,False,False,False,False,False,False,False,False,False,False,False,False
⚾️ 2025 Topps Update Nick Kurtz RC RD Fanatics Exclusive Topps Foil,18.979999999999997,False,False,False,False,False,False,False,False,False,False,False,False,False,False,False,False,False,False,False,False,False,False,False,False,False,False,False,False,False,False,False,False,False,False,False
⚾️ 2025 Topps Update Nick Kurtz RC RD Fanatics Exclusive Topps Foil,18.979999999999997,False,False,False,False,False,False,False,False,False,False,False,False,False,False,False,False,False,False,False,False,False,False,False,False,False,False,False,False,False,False,False,False,False,False,False
2025 Topps Update Pink Holo Foil #US241 Marcelo Mayer Kristian Campbell - NM-MT,18.95,False,False,False,False,False,False,False,False,False,False,False,False,False,False,False,False,False,False,False,False,False,False,False,False,False,False,False,False,False,False,False,False,False,False,False
2025 Topps Update #90RU-PC Pete Crow-Armstrong Relic Worn Patch 41/99 Cubs,18.9,False,False,False,False,False,False,False,False,False,False,False,False,False,False,False,False,False,False,False,False,False,False,False,False,False,False,False,False,False,False,False,False,False,False,False
2025 Topps Update True Photo #US118 Gage Workman Detroit Tigers RC,18.88,False,False,False,False,False,False,False,False,False,False,False,False,False,False,False,False,False,False,False,False,False,False,False,False,False,False,False,False,False,False,False,False,False,False,False
2025 Topps Update Shohei Ohtani/Roki Sasaki RC #US269 Meijer Exclusive Tinsel,18.779999999999998,False,False,False,False,False,False,False,False,False,False,False,False,False,False,False,False,False,False,False,False,False,False,False,False,False,False,False,False,False,False,False,False,False,False,False
2025 Topps Update Jose Iglesias “Mummy” Variation #45/50 Padres Blaster Only,18.75,False,False,False,False,False,False,False,False,False,False,False,False,False,False,False,False,False,False,False,False,False,False,False,False,False,False,False,False,False,False,False,False,False,False,False
2025 Topps Update Eric Haase “Mummy” Variation #19/50 Brewers Blaster Only,18.75,False,False,False,False,False,False,False,False,False,False,False,False,False,False,False,False,False,False,False,False,False,False,False,False,False,False,False,False,False,False,False,False,False,False,False
2025 Topps Update Drew Rasmussen True Photo SP,18.479999999999997,False,False,False,False,False,False,False,False,False,False,False,False,False,False,False,False,False,False,False,False,False,False,False,False,False,False,False,False,False,False,False,False,False,False,False
2025 Topps Update Marcelo Mayer Purple /299 RC,18.479999999999997,False,False,False,False,False,False,False,False,False,False,False,False,False,False,False,False,False,False,False,False,False,False,False,False,False,False,False,False,False,False,False,False,False,False,False
2025 Topps Update Marcelo Mayer Purple /299 RC,18.479999999999997,False,False,False,False,False,False,False,False,False,False,False,False,False,False,False,False,False,False,False,False,False,False,False,False,False,False,False,False,False,False,False,False,False,False,False
2025 TOPPS UPDATE LUKE KEASCHALL RC 27/75 PURPLE SILVER CHROME U90C-86 TWINS,18.389999999999997,False,False,False,False,False,False,False,False,False,False,False,False,False,False,False,False,False,False,False,False,False,False,False,False,False,False,False,False,False,False,False,False,False,False,False
2025 TOPPS UPDATE LUKE KEASCHALL RC 27/75 PURPLE SILVER CHROME U90C-86 TWINS,18.389999999999997,False,False,False,False,False,False,False,False,False,False,False,False,False,False,False,False,False,False,False,False,False,False,False,False,False,False,False,False,False,False,False,False,False,False,False
2025 Topps Update #US64 Ji Hwan Bae,18.38,False,False,False,False,False,False,False,False,False,False,False,False,False,False,False,False,False,False,False,False,False,False,False,False,False,False,False,False,False,False,False,False,False,False,False
"2025 Topps Update #US80 Lawrence Butler / Brent Rooker VC, SN25 Orange Holo Foil",18.34,False,False,False,False,False,False,False,False,False,False,False,False,False,False,False,False,False,False,False,False,False,False,False,False,False,False,False,False,False,False,False,False,False,False,False
2025 Topps Update Justin Verlander Purple Chrome Mojo /75 #U90C-29 + Pin + More,18.3,False,False,False,False,False,False,False,False,False,False,False,False,False,False,False,False,False,False,False,False,False,False,False,False,False,False,False,False,False,False,False,False,False,False,False
2025 Topps Update Series - Elly De La Cruz #US235 Jack-O-Lantern Pumpkin SP Reds,18.24,False,False,False,False,False,False,False,False,False,False,False,False,False,False,False,False,False,False,False,False,False,False,False,False,False,False,False,False,False,False,False,False,False,False,False
2025 Topps Update Series - Logan Vanwey #US117 (RC),18.0,False,False,False,False,False,False,False,False,False,False,False,False,False,False,False,False,False,False,False,False,False,False,False,False,False,False,False,False,False,False,False,False,False,False,False
2025 Topps Update - Shane Smith #US278  Rookie Autograph RC,18.0,False,False,False,False,False,False,False,False,False,False,False,False,False,False,False,False,False,False,False,False,False,False,False,False,False,False,False,False,False,False,False,False,False,False,False
2025 Topps Update Series - Rookie Debut Roki Sasaki #US199 Jack-O'-Lantern Foil,18.0,False,False,False,False,False,False,False,False,False,False,False,False,False,False,False,False,False,False,False,False,False,False,False,False,False,False,False,False,False,False,False,False,False,False,False
2025 Topps Update Series - Dustin May Halloween #US70 Skulls /50 LA Dodgers,18.0,False,False,False,False,False,False,False,False,False,False,False,False,False,False,False,False,False,False,False,False,False,False,False,False,False,False,False,False,False,False,False,False,False,False,False
2025 Topps Update Series - Bleacher Reachers Shohei Ohtani #BR-1 Pink Foil,18.0,False,False,False,False,False,False,False,False,False,False,False,False,False,False,False,False,False,False,False,False,False,False,False,False,False,False,False,False,False,False,False,False,False,False,False
2025 Topps Update Chandler Simpson Rookie Auto Baseball Stars #BSAU-CSI Rays RC,18.0,False,False,False,False,False,False,False,False,False,False,False,False,False,False,False,False,False,False,False,False,False,False,False,False,False,False,False,False,False,False,False,False,False,False,False
2025 Topps Update - Combos Shohei Ohtani / Roki Sasaki Holofoil Fanatic Topps,18.0,False,False,False,False,False,False,False,False,False,False,False,False,False,False,False,False,False,False,False,False,False,False,False,False,False,False,False,False,False,False,False,False,False,False,False
2025 Topps Update Series - Michael Petersen #US49 (RC),18.0,False,False,False,False,False,False,False,False,False,False,False,False,False,False,False,False,False,False,False,False,False,False,False,False,False,False,False,False,False,False,False,False,False,False,False
2025 Topps Update #US77 Jack Dreyer Pink Holo Foil,18.0,False,False,False,False,False,False,False,False,False,False,False,False,False,False,False,False,False,False,False,False,False,False,False,False,False,False,False,False,False,False,False,False,False,False,False
2025 Topps Update Chandler Simpson Rookie Auto Baseball Stars #BSAU-CSI Rays RC,18.0,False,False,False,False,False,False,False,False,False,False,False,False,False,False,False,False,False,False,False,False,False,False,False,False,False,False,False,False,False,False,False,False,False,False,False
2025 Topps Update Tommy Pham CANVAS 41 /50 💎GRADE ME💎,18.0,False,False,False,False,False,False,False,False,False,False,False,False,False,False,False,False,False,False,False,False,False,False,False,False,False,False,False,False,False,False,False,False,False,False,False
2025 Topps Update Dane Myers Camo Parallel 05/25 #US228 Marlins NM+ Pack Fresh,18.0,False,False,False,False,False,False,False,False,False,False,False,False,False,False,False,False,False,False,False,False,False,False,False,False,False,False,False,False,False,False,False,False,False,False,False
2025 Topps Update Haloween Foil Orange Mickey Moniak 46/50 #US246,17.990000000000002,False,False,False,False,False,False,False,False,False,False,False,False,False,False,False,False,False,False,False,False,False,False,False,False,False,False,False,False,False,False,False,False,False,False,False
2025 Topps Update Jorbit Vivas Rookie Baseball Stars Auto #BSAU-JV,17.99,False,False,False,False,False,False,False,False,False,False,False,False,False,False,False,False,False,False,False,False,False,False,False,False,False,False,False,False,False,False,False,False,False,False,False
2025 Topps Update US270 Hunter Dobbins Real One Auto On-Card Autograph RC Rookie,17.99,False,False,False,False,False,False,False,False,False,False,False,False,False,False,False,False,False,False,False,False,False,False,False,False,False,False,False,False,False,False,False,False,False,False,False
2025 Topps Update 1990 Topps Dalton Rushing Rookie Auto RC #90AU-DR Dodgers,17.99,False,False,False,False,False,False,False,False,False,False,False,False,False,False,False,False,False,False,False,False,False,False,False,False,False,False,False,False,False,False,False,False,False,False,False
2025 Topps Update #MYS-13 Dalton Rushing MYSTICAL RC /99 - Los Angeles Dodgers,17.99,False,False,False,False,False,False,False,False,False,False,False,False,False,False,False,False,False,False,False,False,False,False,False,False,False,False,False,False,False,False,False,False,False,False,False
2025 Topps Update Series Tyler Mahle True Photo Parallel US152,17.99,False,False,False,False,False,False,False,False,False,False,False,False,False,False,False,False,False,False,False,False,False,False,False,False,False,False,False,False,False,False,False,False,False,False,False
Elly De La Cruz 36/99 - 2025 Topps Update Series - All-Star Game #ASG-21,17.99,False,False,False,False,False,False,False,False,False,False,False,False,False,False,False,False,False,False,False,False,False,False,False,False,False,False,False,False,False,False,False,False,False,False,False
COLIN REA 2025 Topps Update Camo /25 Chicago Cubs,17.99,False,False,False,False,False,False,False,False,False,False,False,False,False,False,False,False,False,False,False,False,False,False,False,False,False,False,False,False,False,False,False,False,False,False,False
2025 Topps Update US201 Nick Kurtz Rookie Card Holo Foil Parallel - Athletics,17.99,False,False,False,False,False,False,False,False,False,False,False,False,False,False,False,False,False,False,False,False,False,False,False,False,False,False,False,False,False,False,False,False,False,False,False
2025 Topps Update #MYS-13 Dalton Rushing MYSTICAL RC /99 - Los Angeles Dodgers,17.99,False,False,False,False,False,False,False,False,False,False,False,False,False,False,False,False,False,False,False,False,False,False,False,False,False,False,False,False,False,False,False,False,False,False,False
2025 Topps Update 1990 Topps Dalton Rushing Rookie Auto RC #90AU-DR Dodgers,17.99,False,False,False,False,False,False,False,False,False,False,False,False,False,False,False,False,False,False,False,False,False,False,False,False,False,False,False,False,False,False,False,False,False,False,False
2025 Topps Update US270 Hunter Dobbins Real One Auto On-Card Autograph RC Rookie,17.99,False,False,False,False,False,False,False,False,False,False,False,False,False,False,False,False,False,False,False,False,False,False,False,False,False,False,False,False,False,False,False,False,False,False,False
2025 Topps Update Walker Buehler Mummy Foil /50 #US103,17.99,False,False,False,False,False,False,False,False,False,False,False,False,False,False,False,False,False,False,False,False,False,False,False,False,False,False,False,False,False,False,False,False,False,False,False
2025 Topps Update Dylan Crews Pink Black Gold Rookie Washington Nationals,17.99,False,False,False,False,False,False,False,False,False,False,False,False,False,False,False,False,False,False,False,False,False,False,False,False,False,False,False,False,False,False,False,False,False,False,False
2025 Topps Update US201 Nick Kurtz Rookie Card Holo Foil Parallel - Athletics,17.99,False,False,False,False,False,False,False,False,False,False,False,False,False,False,False,False,False,False,False,False,False,False,False,False,False,False,False,False,False,False,False,False,False,False,False
2025 Topps Update Baseball Stars Auto Kevin Alcantara BSAU-KA Cubs Rookie,17.5,False,False,False,False,False,False,False,False,False,False,False,False,False,False,False,False,False,False,False,False,False,False,False,False,False,False,False,False,False,False,False,False,False,False,False
2025 Topps Update Jorbit Vivas #U90C-2 1990 Silver Pack Auto /199 RC Yankees,17.5,False,False,False,False,False,False,False,False,False,False,False,False,False,False,False,False,False,False,False,False,False,False,False,False,False,False,False,False,False,False,False,False,False,False,False
2025 Topps Update Series- Zac Veen Mojo Silver Pack Autograph /299 RC,17.5,False,False,False,False,False,False,False,False,False,False,False,False,False,False,False,False,False,False,False,False,False,False,False,False,False,False,False,False,False,False,False,False,False,False,False
2025 Topps Update Series- Zac Veen Mojo Silver Pack Autograph /299 RC,17.5,False,False,False,False,False,False,False,False,False,False,False,False,False,False,False,False,False,False,False,False,False,False,False,False,False,False,False,False,False,False,False,False,False,False,False
2025 Topps Update Baseball Chrome Justin Verlander Purple Mojo #/75 Silver Pack,17.49,False,False,False,False,False,False,False,False,False,False,False,False,False,False,False,False,False,False,False,False,False,False,False,False,False,False,False,False,False,False,False,False,False,False,False
2025 Topps Update SP Fanatics Foil Logo Border Nick Kurtz Rookie Debut Athletics,17.48,False,False,False,False,False,False,False,False,False,False,False,False,False,False,False,False,False,False,False,False,False,False,False,False,False,False,False,False,False,False,False,False,False,False,False
2025 Topps Update SP Fanatics Foil Logo Border Nick Kurtz Rookie Debut Athletics,17.48,False,False,False,False,False,False,False,False,False,False,False,False,False,False,False,False,False,False,False,False,False,False,False,False,False,False,False,False,False,False,False,False,False,False,False
2025 Topps Update Justin Verlander Silver Pack Mojo Purple /75,17.48,False,False,False,False,False,False,False,False,False,False,False,False,False,False,False,False,False,False,False,False,False,False,False,False,False,False,False,False,False,False,False,False,False,False,False
"2025 Topps Update Bellinger /2025 Yankees. Judge Foil, Escarra Jack O Lantern",17.48,False,False,False,False,False,False,False,False,False,False,False,False,False,False,False,False,False,False,False,False,False,False,False,False,False,False,False,False,False,False,False,False,False,False,False
2025 Topps Update Baseball Stars Auto Logan Evans Mariners RC BSAULE,17.479999999999997,False,False,False,False,False,False,False,False,False,False,False,False,False,False,False,False,False,False,False,False,False,False,False,False,False,False,False,False,False,False,False,False,False,False,False
2025 TOPPS UPDATE SERIES JONATHAN INDIA US175 CANVAS /50,17.28,False,False,False,False,False,False,False,False,False,False,False,False,False,False,False,False,False,False,False,False,False,False,False,False,False,False,False,False,False,False,False,False,False,False,False
2025 Topps Update #90AU-SSM Shane Smith 1990 35th Anniversary Auto,17.24,False,False,False,False,False,False,False,False,False,False,False,False,False,False,False,False,False,False,False,False,False,False,False,False,False,False,False,False,False,False,False,False,False,False,False
2025 Topps Update John Rave Canvas /50 Rookie #US192 Royals,17.22,False,False,False,False,False,False,False,False,False,False,False,False,False,False,False,False,False,False,False,False,False,False,False,False,False,False,False,False,False,False,False,False,False,False,False
2025 Topps Update Baseball Stars Auto Dalton Rushing (#BSAU-DR) Dodgers RC,17.0,False,False,False,False,False,False,False,False,False,False,False,False,False,False,False,False,False,False,False,False,False,False,False,False,False,False,False,False,False,False,False,False,False,False,False
2025 Topps Update Baseball Stars Auto Dalton Rushing (#BSAU-DR) Dodgers RC,17.0,False,False,False,False,False,False,False,False,False,False,False,False,False,False,False,False,False,False,False,False,False,False,False,False,False,False,False,False,False,False,False,False,False,False,False
2025 Topps Update Series Jon Berti Memorial Day Camo Parallel /25 #US139 Cubs,17.0,False,False,False,False,False,False,False,False,False,False,False,False,False,False,False,False,False,False,False,False,False,False,False,False,False,False,False,False,False,False,False,False,False,False,False
2025 Topps Update Series - Noah Murdock RC #US134 Pink Holofoil KC ROYALS,17.0,False,False,False,False,False,False,False,False,False,False,False,False,False,False,False,False,False,False,False,False,False,False,False,False,False,False,False,False,False,False,False,False,False,False,False
2025 Topps Update Aaron Judge Major League Material #MMU-AJ SP Game Used Relic,17.0,False,False,False,False,False,False,False,False,False,False,False,False,False,False,False,False,False,False,False,False,False,False,False,False,False,False,False,False,False,False,False,False,False,False,False
2025 Topps Update Johnathan Rodriguez Memorial Day Camo /25,17.0,False,False,False,False,False,False,False,False,False,False,False,False,False,False,False,False,False,False,False,False,False,False,False,False,False,False,False,False,False,False,False,False,False,False,False
2025 Topps Update Mike Tauchman CAMO Foil #/25,17.0,False,False,False,False,False,False,False,False,False,False,False,False,False,False,False,False,False,False,False,False,False,False,False,False,False,False,False,False,False,False,False,False,False,False,False
2025 Topps Update Derek Hill Canvas #'d/50,17.0,False,False,False,False,False,False,False,False,False,False,False,False,False,False,False,False,False,False,False,False,False,False,False,False,False,False,False,False,False,False,False,False,False,False,False
2025 Topps Update Series - Dustin May Halloween #US70 Skulls /50 LA Dodgers,16.990000000000002,False,False,False,False,False,False,False,False,False,False,False,False,False,False,False,False,False,False,False,False,False,False,False,False,False,False,False,False,False,False,False,False,False,False,False
2025 Topps Update Series Meijer Tinsel Foil Matt Shaw RC #US200 Cubs,16.99,False,False,False,False,False,False,False,False,False,False,False,False,False,False,False,False,False,False,False,False,False,False,False,False,False,False,False,False,False,False,False,False,False,False,False
2025 Topps Update Series Meijer Tinsel Foil Matt Shaw RC #US200 Cubs,16.99,False,False,False,False,False,False,False,False,False,False,False,False,False,False,False,False,False,False,False,False,False,False,False,False,False,False,False,False,False,False,False,False,False,False,False
2025 Topps Update Jorbit Vivas Yankees 1990 Silver Pack Orange Mojo /50 RC SP,16.99,False,False,False,False,False,False,False,False,False,False,False,False,False,False,False,False,False,False,False,False,False,False,False,False,False,False,False,False,False,False,False,False,False,False,False
2025 Topps Update Series Mick Abel Mojo Refractor Auto /299 RC Rookie Phillies,16.99,False,False,False,False,False,False,False,False,False,False,False,False,False,False,False,False,False,False,False,False,False,False,False,False,False,False,False,False,False,False,False,False,False,False,False
"2025 Topps Update Series - Rising Rookie Relics Nick Kurtz #RRR-NK (MEM, RC)",16.99,False,False,False,False,False,False,False,False,False,False,False,False,False,False,False,False,False,False,False,False,False,False,False,False,False,False,False,False,False,False,False,False,False,False,False
2025 Topps Update Series Nick Kurtz Silver Patterned Foil Board (RC) US201 A's,16.99,False,False,False,False,False,False,False,False,False,False,False,False,False,False,False,False,False,False,False,False,False,False,False,False,False,False,False,False,False,False,False,False,False,False,False
2025 Topps Update Series Mick Abel Mojo Refractor Auto /299 RC Rookie Phillies,16.99,False,False,False,False,False,False,False,False,False,False,False,False,False,False,False,False,False,False,False,False,False,False,False,False,False,False,False,False,False,False,False,False,False,False,False
2025 Topps Update Jack O'Loughlin Rookie RC Canvas #/50 Rockies #US215,16.99,False,False,False,False,False,False,False,False,False,False,False,False,False,False,False,False,False,False,False,False,False,False,False,False,False,False,False,False,False,False,False,False,False,False,False
2025 Topps Update Blaine Crim RC /50 Mummy Foil #US205 - Texas Rangers 🔥,16.99,False,False,False,False,False,False,False,False,False,False,False,False,False,False,False,False,False,False,False,False,False,False,False,False,False,False,False,False,False,False,False,False,False,False,False
2025 Topps Update - Shane Smith #US278 Real One Rookie Autograph RC,16.99,False,False,False,False,False,False,False,False,False,False,False,False,False,False,False,False,False,False,False,False,False,False,False,False,False,False,False,False,False,False,False,False,False,False,False
2025 Topps Update Series Nick Kurtz Silver Patterned Foil Board (RC) US201 A's,16.99,False,False,False,False,False,False,False,False,False,False,False,False,False,False,False,False,False,False,False,False,False,False,False,False,False,False,False,False,False,False,False,False,False,False,False
SHOHEI OHTANI 2025 Topps Update Baseball Mystical Pink Foil SP #MYS-9 DODGERS,16.99,False,False,False,False,False,False,False,False,False,False,False,False,False,False,False,False,False,False,False,False,False,False,False,False,False,False,False,False,False,False,False,False,False,False,False
2025 Topps Update Series (2x) Baseball Stars Autographs Ben Williamson #BSAU-BW,16.99,False,False,False,False,False,False,False,False,False,False,False,False,False,False,False,False,False,False,False,False,False,False,False,False,False,False,False,False,False,False,False,False,False,False,False
"2025 Topps Update Series - Rising Rookie Relics Nick Kurtz #RRR-NK (MEM, RC)",16.99,False,False,False,False,False,False,False,False,False,False,False,False,False,False,False,False,False,False,False,False,False,False,False,False,False,False,False,False,False,False,False,False,False,False,False
2025 Topps Update Thomas Harrington Auto - 35th Anniversary On Card Auto,16.98,False,False,False,False,False,False,False,False,False,False,False,False,False,False,False,False,False,False,False,False,False,False,False,False,False,False,False,False,False,False,False,False,False,False,False
2025 Topps Update #US86 / Aaron Judge Yankees CL / Meijer Exclusive Tinsel SP,16.98,False,False,False,False,False,False,False,False,False,False,False,False,False,False,False,False,False,False,False,False,False,False,False,False,False,False,False,False,False,False,False,False,False,False,False
Rhett Lowder 2025 Topps Update - RC Auto Blue Ink #CRDA-RL Reds,16.94,False,False,False,False,False,False,False,False,False,False,False,False,False,False,False,False,False,False,False,False,False,False,False,False,False,False,False,False,False,False,False,False,False,False,False
2025 Topps Update #US169 Oliver Dunn Canvas #/50,16.71,False,False,False,False,False,False,False,False,False,False,False,False,False,False,False,False,False,False,False,False,False,False,False,False,False,False,False,False,False,False,False,False,False,False,False
2025 Topps Update #BSAU-KA Kevin Alcántara Baseball Stars Autographs,16.71,False,False,False,False,False,False,False,False,False,False,False,False,False,False,False,False,False,False,False,False,False,False,False,False,False,False,False,False,False,False,False,False,False,False,False
2025 Topps Update Series - Steven Matz #US35 Holofoil Pink Glitter,16.5,False,False,False,False,False,False,False,False,False,False,False,False,False,False,False,False,False,False,False,False,False,False,False,False,False,False,False,False,False,False,False,False,False,False,False
2025 Topps Update Series Liam Hicks RC Skeleton Parallel /50 US52,16.5,False,False,False,False,False,False,False,False,False,False,False,False,False,False,False,False,False,False,False,False,False,False,False,False,False,False,False,False,False,False,False,False,False,False,False
2025 Topps Update True Photo Erik Sabrowski #US284 4d5,16.47,False,False,False,False,False,False,False,False,False,False,False,False,False,False,False,False,False,False,False,False,False,False,False,False,False,False,False,False,False,False,False,False,False,False,False
Aaron Judge Orange & Black Holo Foil SP (2025 Topps Update US86) N.Y. Yankees,16.32,False,False,False,False,False,False,False,False,False,False,False,False,False,False,False,False,False,False,False,False,False,False,False,False,False,False,False,False,False,False,False,False,False,False,False
2025 Topps Update Aqua Jack Dreyer RC /199 LA Dodgers,16.31,False,False,False,False,False,False,False,False,False,False,False,False,False,False,False,False,False,False,False,False,False,False,False,False,False,False,False,False,False,False,False,False,False,False,False
2025 Topps Update Series - Rookie Debut Michael McGreevy #US60 Canvas /50 (RC),16.28,False,False,False,False,False,False,False,False,False,False,False,False,False,False,False,False,False,False,False,False,False,False,False,False,False,False,False,False,False,False,False,False,False,False,False
2025 Topps Update WILMER FLORES TRUE Photo Parallel Giants,16.25,False,False,False,False,False,False,False,False,False,False,False,False,False,False,False,False,False,False,False,False,False,False,False,False,False,False,False,False,False,False,False,False,False,False,False
JUSTIN STERNER 2025 Topps Update #US252 Canvas Parallel Rookie RC #46/50,16.240000000000002,False,False,False,False,False,False,False,False,False,False,False,False,False,False,False,False,False,False,False,False,False,False,False,False,False,False,False,False,False,False,False,False,False,False,False
SHOHEI OHTANI 2025 Topps Update 1990 Silver Pack Chrome Refractor #U90C-26,16.240000000000002,False,False,False,False,False,False,False,False,False,False,False,False,False,False,False,False,False,False,False,False,False,False,False,False,False,False,False,False,False,False,False,False,False,False,False
2025 Topps Update Series - Nick Kurtz #US201 Rainbow Foil (RC),16.240000000000002,False,False,False,False,False,False,False,False,False,False,False,False,False,False,False,False,False,False,False,False,False,False,False,False,False,False,False,False,False,False,False,False,False,False,False
2025 Topps Update #US-81 Canvas Parallel Danny Jansen 40/50 Tampa Bay Rays SP,16.240000000000002,False,False,False,False,False,False,False,False,False,False,False,False,False,False,False,False,False,False,False,False,False,False,False,False,False,False,False,False,False,False,False,False,False,False,False
2025 Topps Update Series - Nick Kurtz #US201 Rainbow Foil (RC),16.240000000000002,False,False,False,False,False,False,False,False,False,False,False,False,False,False,False,False,False,False,False,False,False,False,False,False,False,False,False,False,False,False,False,False,False,False,False
CADEN DANA 2025 Topps Update #US187 Canvas Rookie Debut RC #40/50,16.240000000000002,False,False,False,False,False,False,False,False,False,False,False,False,False,False,False,False,False,False,False,False,False,False,False,False,False,False,False,False,False,False,False,False,False,False,False
2025 Topps Update Series Canvas Tyler Mahle /50 Texas Rangers #US152,16.080000000000002,False,False,False,False,False,False,False,False,False,False,False,False,False,False,False,False,False,False,False,False,False,False,False,False,False,False,False,False,False,False,False,False,False,False,False
