card_number,player_name,card_type,listing
,,,AARON JUDGE #/75 2025 BOWMAN CHROME YELLOW MOJO REFRACTOR YANKEES
,,,Aaron Judge 2025 Bowman Chrome Fuchsia Geometric Refractor /299 New York Yankees
,,,"â¾â¾2025 Bowman Chrome AARON JUDGE Yankees ""ALL RISE""â¾â¾"
,,,2024/25 Aaron Judge Bowman Chrome Baseball Bundle!
,,,Adael Amador 2025 Bowman Chrome Rookie Red Refractor /5 -Only One Listed!
,,,Adael Amador Rookie 2025 Bowman Purple Variation /250
,,,2025 Bowman Adael Amador Green Bandana Refractor RC #33/99 Rockies SSP
,,,2025 Bowman Chrome Adael Amador RC ROY Blue Mojo Refractor /150 Rockies
,,,2025 Bowmanâs Best Adley Rutschman Pixel Portraits Lava Refractor 46/50  Orioles
,,,2025 Bowman - Baltimore Orioles BUY 2 GET 3 FREE!
,,,2025 Bowman Adley Rutschman Neon Green /399 Baltimore Orioles
,,,2025 Bowmanâs Best - Adley Rutschman Pixel Portraits #P-12 Baltimore Orioles SP
,,,2025 Bowman Chrome - Adley Rutschman - Game Used  Patch Autograph #30/75
,,,Adley Rutschman 2025 Bowman Baseball Neon Green Border /399 Baltimore Orioles
,,,2025 Bowmanâs Best Pixel Portraits Adley Rutschman P-12 Orioles
,,,2025 Bowman Chrome Adley Rutschman Game Used Relic Auto /75
,,,Adley Rutschman Baltimore Orioles 9 Card Player Pack 2025 2024 Topps Bowman
,,,2025 Bowmanâs Best Adley Rutschman Pixel Portraits #P-12 Orioles
,,,2025 Bowman Adley Rutschman Baseball Card Baltimore Orioles Purple Parallel /250
,,,ADLEY RUTSCHMAN 2025 BOWMAN SKY BLUE PARALLEL #102/499 ORIOLES STAR
,,,ADLEY RUTSCHMAN #/50 SP PATCH AUTO! 2025 Bowman Chrome Gold ORIOLES SP AUTO
,,,2025 Bowmanâs Best Adley Rutschman Pixel Portraits #P-12 Orioles
,,,adley rutschman bowman /499 blue
,,,2025 Bowman Yellow Parallel Adley Rutschman #35 /75 Baltimore Orioles
,,,2025 Bowmanâs Best Adley Rutschman Pixel Portraits #P-12 Orioles
,,,ADLEY RUTSCHMAN | 2025 Bowman Sky Blue /499 | Team Signed Ball 1st Rd Inscribed
,,,"Adrian Del Castillo 2025 Rookie Retro Bowman Foil SSP 1:1,512 Packs DBACKS"
,,,2025 Bowman Purple Pattern Adrian Del Castillo RC #001 /199 Diamondbacks  ALPHA!
,,,2025 Bowman Adrian Del Castillo 4 Red Rookie | Arizona Diamondbacks
,,,2025 Bowman Adrian Del Castillo Chrome Refractor RED Rookie RC Dbacks
,,,Adrian Del Castillo 2021 1st Bowman Chrome Refractor/ 2025 Bowman Rookie Cards
,,,2025 Bowman Chrome Adrian Del Castillo Auto Mojo Refractor 47/99 RC Diamondbacks
,,,Adrian Del Castillo - 2025 Bowman Chrome - Rookie Red Redemption - Diamondbacks
,,,2025 BOWMAN!  ADRIAN DEL CASTILLO!  RC!  RED ROOKIE REDEMPTION!  DIAMONDBACKS!
,,,Adrian Del Castillo (RC) Red Rookie Redemption Variation SP 2025 Bowman 4
,,,AGUSTIN RAMIREZ #/99 2025 BOWMAN CHROME ON CARD AUTO MOJO GREEN REFRACTOR RC
,,,AGUSTIN RAMIREZ 2025 BOWMAN CHROME GREEN GEOMETRIC REFRACTOR 75/99 RC MARLINS QQ
,,,2025 Bowman - Chrome Prospect Mega Box Autographs Agustin Ramirez #BMA-AR...
,,,Topps 2025 Bowman Chrome Agustin Ramirez Marlins Purple Refractor Rookie #91/250
,,,Topps Bowman 2025 Chrome Mega Box #BMA-AR Agustin Ramirez Autograph Rookie Marlâ¦
,,,2025 Bowman #BMA-AR Agustin Ramirez Chrome Prospects Autographs Mojo Refractor
,,,2025 Bowman - Chrome Prospect Mega Box Autographs Agustin Ramirez #BMA-AR...
,,,2025 Bowman - Chrome Prospect Mega Box Autographs Agustin Ramirez #BMA-AR (CC)
,,,2025 Bowman - Chrome Prospect Mega Box Autographs Agustin Ramirez #BMA-AR
,,,2025 Bowman Chrome Mega Box Agustin Ramirez Mojo Refractor Auto #BMA-AR Marlins
,,,2025 Bowman - Chrome Prospect Mega Box Autographs Agustin Ramirez #BMA-AR...
,,,AGUSTIN RAMIREZ 2025 BOWMAN CHROME ROOKIES TRUE GREEN  RC /99
,,,2025 Bowman Chrome Agustin Ramirez Auto Mojo Refractor Prospect #BMA-AR Marlins
,,,2025 Bowman - Agustin Ramirez RC- Chrome Prospect Mojo Mega Box Autograph
,,,2025 Bowman Prospect Mega Auto AGUSTIN RAMIREZ [Purple Mojo] #BMA-AR /199
,,,2025 Bowman Chrome Agustin Ramirez /199 Purple Mojo Prospect Auto #BMA-AR SP ð¥
,,,2025 Bowman Chrome Prospects- Agustin Ramirez Orange Refractor Auto /25
,,,2025 Bowman - Chrome Prospect Mega Box Autographs Agustin Ramirez #BMA-AR...
,,,2025 Topps Bowman Chrome Aidan Miller Prospects Geometric Gold /50
,,,2025 Topps Bowman Chrome Baseball - YOU CHOOSE
,,,2025 Bowman Aidan Miller Chrome Prospects Purple Geometric Refractor /250
,,,Aidan Miller2025 Bowman Chrome - #VIP-19Very Important Prospects Mojo Refractor
,,,2025 BOWMAN PROSPECTS AIDAN MILLER BASEBALL CARD PHILADELPHIA PHILLIES SHORTSTOP
,,,2025 Bowmanâs Best AIDAN MILLER ANDREW PAINTER Gold Dual Auto /50 SSP Phillies
,,,ð´ RR 2025 Bowmanâs Best Dual Auto Gold Refractor Aidan Miller Dante Nori /50 ð¥
,,,2025 Bowman Chrome Aidan Miller Blue Refractor /150 Phillies Top Prospect
,,,2025 Bowman Chrome Yellow X-Fractor Aidan Miller /75 Philadelphia Phillies
,,,AIDAN SMITH 2025 BOWMAN CHROME PROSPECTS FUCHSIA WAVE REFRACTOR 11/199 RAYS QQ
,,,AIDAN SMITH 2025 BOWMAN CHROME SPECKLE REFRACTOR RAYS /299
,,,2025 Bowman Aidan Smith Tampa Bay Rays Prospects Purple Parallel /250
,,,2025 Bowmanâs Best Aidan Smith Purple Auto /75 Rays B25-ASA ð
,,,2025 Bowman Chrome - Mega Box Chrome Prospect Mojo Auto Aidan Smith #BMA-AS RC
,,,2025 Bowman Chrome Aidan Smith RC Pearl Refractor SSP!
,,,Aidan Smith 2025 Bowmanâs Best Best Of 2025 Auto #B25-ASA On Card Auto NM-MT
,,,"2025 Bowman Chrome - Prospect Mojo Autographs Aidan Smith #BMA-AS (AU, RC)"
,,,2025 Bowman Aidan Smith Chrome Aqua X-Fractor #/125 Rays!
,,,2025 Bowman Chrome Aidan Smith Blue Mojo Refractor On Card Auto /150 Rays
,,,2025 Bowman Chrome Prospects Aidan Smith Gold Saffire /50
,,,2025 Bowman Chrome Auto Aidan Smith #BMA-AS Mojo Refractor Rays
,,,2025 Bowman Chrome- Aidan Smith Mojo Refractor #BMA-AS AUTO
,,,2025 Bowman Chrome- Aidan Smith- Gold Reptilian Refractor- #'d 13/50
,,,Aidan Smith Green Refractor Auto /99 - 2025 Bowmanâs Best
,,,2025 Bowman Chrome Mega Aidan Smith Black Mojo Refractor Auto #/10 Rays
,,,ALBERT PUJOLS 2025 JERSEY FUSION BASEBALL Game Worn JERSEY Swatch Bowman Plat
,,,Elly De La Cruz gold refractor/Albert Pujols/Ken Griffey Jr. Refracrors..
,,,Los Angeles Dodgers Baseball Cards
,,,Los Angeles Angels - RC - stars - inserts - Various Brands and Years - PYC
,,,2025 Topps Holiday ALBERT PUJOLS 2022 Bowman ORIGINALS BUYBACK GOLD FOIL STAMP
,,,2025 Topps Holiday ALBERT PUJOLS 2022 Bowman ORIGINALS BUYBACK GOLD FOIL STAMP
,,,TRUE 1/1! 2025 Topps Heritage Paul DeJong SUPERFRACTOR 1 OF 1 No. 663 PAULY D ð
,,,PREMIUM TOPPS BOWMAN STADIUM CLUB BASEBALL CARDS SAVE UP TO 20% + FREE SHIPPING
,,,2025 Topps Holiday Albert Pujols Buyback Originals Gold Stamp 2018 Bowman
,,,PREMIUM Mystery Baseball Card Pack - 15 Cards Guaranteed Rookies + Hits READ!ð¥
,,,2025 The National VIP Albert Pujols cracked ice parallel 25/50 CARDINALS
,,,"5 sealed baseball packs 2025 Topps Chrome UD & Topps Heritage,2007 Bowman Herit"
,,,2024 Baseball Team Pack Cardinals 20 Card Pack Pujols + 2025 Topps Series 1 Team
,,,20 Card Multiyear Team Pack St Louis Cardinals 2024 2023 2025 Albert Pujols Topp
,,,Albert Pujols St Louis Cardinals 2025 2024 Topps Bowman 4x6 Gift Plaque
,,,2001 Bowmanâs Best Rookie Card - Albert Pujols #174 /2999 RC
,,,2021 Bowman s Best Refractors - YOU WANT THESE!! NEW --Updated Pricing 8/7/2025
,,,"2025 St. Louis Cardinals Base Cards from Various Sets, Choose a Card."
,,,2025 Topps Holiday Albert Pujols Buyback Originals Gold Stamp 2018 Bowman
,,,Baseball Binder With (396) Cards - All Inserts or Rookies From 2020-2025
,,,Five (5) Albert Pujols Angels Topps & Bowman 2021-2023
,,,2025 Topps Holiday Albert Pujols Buyback Originals Gold Stamp 2018 Bowman
,,,ALBERT PUJOLS 2025 TOPPS HOLIDAY ADVENT CALENDAR BUY BACK ORIGINALS 2016 BOWMAN!
,,,2025 Topps STARS OF MLB 35TH ANNIVERSARY GOLD DIAMONTE RAINBOW FOIL PICK A CARD!
,,,2025 Bowman Paper Alejandro Rosario Orange Rc 22/25 #125 PWE
,,,2025 Bowman Baseball CHROME GREEN Grass ALEJANDRO ROSARIO 1st Bowman /99
,,,"2025 Bowman Chrome - Prospect Autographs Alejandro Rosario, Alejandro Rosario..."
,,,ALEJANDRO ROSARIO - 2025 BOWMAN CHROME 1ST - PURPLE REFRACTOR #âD/199 - RANGERS
,,,2025 Bowman Chrome Alejandro Rosario Green Reptilian Refractor 1st Rookie 95/99
,,,Alejandro Rosario 2025 1st Bowman Chrome  Royal Blue Refractor SP# 148 /150
,,,2025 Bowman Chrome ALEJANDRO ROSARIO 1st Blue Geometric Refractor /150
,,,2025 Bowman Chrome Prospects Alejandro Rosario Reptilian Refractor Rookie
,,,2025 Bowman Chrome ALEJANDRO ROSARIO 1st Blue Geometric Refractor /150
,,,Alejandro Rosario 2025 1st Bowman Chrome Prospects Bubble Gum Snack Pack SSP
,,,2025 Topps Bowman Chrome Alejandro Rosario Orange Shimmer Auto 1ST #18/25
,,,2025 Bowman 1st ALEJANDRO ROSARIO Mini Diamond Chrome RANGERS
,,,Alejandro Rosario 2025 1st Bowman Prospect Purple Paper Parallel /250 Rangers
,,,2025 Bowman Chrome Inserts
,,,Alex Freeland AUTO~RC Bowman 2022 Pro Athletes Direct 2025 Rookie Autograph SP
,,,Victor Rodrigues 2025 Bowman Chrome Baseball Pink Mojo Refractor /299 |Reptilian
,,,2025 Bowman Baseball Alex Mooney Blue Xfractor /150
,,,25 Bowman - Chrome Prospect Autographs Alex Mooney Green Reptilian Refractor /99
,,,Alex Mooney 2025 Bowman Chrome Sapphire 1st Bowman Black Refractor /10 Guardians
,,,ALEX MOONEY 2025 BOWMAN CHROME 1ST BLUE GUARDIANS AUTO /150
,,,2025 Bowman Chrome Alex Mooney 1st Green Grass Refractor /99 Guardians SS OA4
,,,Alex Mooney 2025 1st Bowman Chrome Green Geometric  Refractor 94/99 Guardians
,,,2025 Bowman Alex Mooney Chrome Prospect Autographs Mini Diamond Refractor
,,,2025 1st Bowman Chrome Prospect Autographs Alex Mooney Refractor 145/499
,,,2025 Bowman Chrome Prospect Alex Mooney Auto
,,,2025 Bowman Chrome 1st Alex Mooney Refractor Auto /499
,,,2025 Bowman Chrome -  Alex Mooney 1st Bowman Auto - K110
,,,Alex Mooney Cleveland Guardians 2025 Bowman Prospect **
,,,2025 Bowman Baseball Alex Mooney 1st Bowman Green Guardians /99 BIN
,,,Alex Mooney 2025 Bowman 1st Orange Parallel /25
,,,2025 Bowman Alex Mooney Chrome Prospects Auto Gumball /5 1st Bowman! POP 2!
,,,2025 Bowman Chrome -Anderson Brito /199 Purple Reptilian Houston Astros ð¥
,,,ANDERSON BRITO 2025 BOWMAN CHROME 1ST SAPPHIRE GREEN ASTROS /99
,,,2025 Bowman Chrome Prospects Anderson Brito Gold Shimmer Autograph /50
,,,2025 Bowman Paper  Anderson Brito Bowman 1st Auto IP
,,,2025 Bowman Chrome Prospects Anderson Brito Gold Shimmer Autograph 24/50
,,,2025 Bowman Chrome Baseball Anderson Brito 1st Bowman Speckle Auto /299
,,,(7483) Anderson Brito 2025 Bowman Chrome On Card Auto RC Astros
,,,2025 Bowman Chrome Baseball Anderson Brito 1st Bowman Green Auto / 99
,,,2025 Bowman Chrome 1st Anderson Brito Snack Pack Peanuts
,,,Anderson Brito 1st Chrome Red Lava /5 - 2025 Bowman SP Houston Astros RC
,,,2025 Bowman Chrome Anderson Brito 1st Bowman Wave Refractor /350 Astros OA5
,,,2025 Bowman Anderson Brito Yellow Wave 38/75 1st Bowman Chrome RC
,,,2025 Bowman Chrome Anderson Brito #'ed 144/250 Purple Lava RC-Astros
,,,ANDREW MORRIS 2025 BOWMAN CHROME 1ST FUCHSIA WAVE REFRACTOR /199 TWINS
,,,2025 Bowman Andrew Morris Refractor /499
,,,2025 Bowman Andrew Morris Purple Refractor Auto Chrome #/250 1st Twins
,,,2025 Bowman Andrew Morris Speckle Refractor Auto Chrome #/299 1st Twins
,,,2025 Bowman Chrome Prospect Andrew Morris Minnesota Twins
,,,2025 Bowman - ANDREW MORRIS Chrome Prospect Autographs Auto 1st RC Called Up!
,,,2025 Bowman Andrew Morris Chrome Green SP Grass /99 ð¥
,,,2025 Bowman Chrome Andrew Morris Purple Refractor Auto /250 Autograph Twins FY
,,,2025 Bowman Chrome Andrew Morris Blue X-Fractor Auto /150 Twins Autograph FY
,,,2025 Bowman - Andrew Morris 1st Blue Border /150
,,,Andrew Morris Minnesota Twins 2025 Bowman 1st Bowman ***
,,,2025 Bowman Andrew Morris Purple Pattern /199 1st Bowman!
,,,2025 Bowman Andrew Morris Chrome Purple Geometric Refractor 1st /250
,,,2025 Bowman Andrew Painter Prospect Auto Purple Border /250 Phillies
,,,2025 Bowman Chrome Andrew Painter Mini Diamond Refractor
,,,Andrew Painter 2025 Bowman Prospect Blue Auto /150
,,,2025 Bowmanâs Best AIDAN MILLER ANDREW PAINTER Gold Dual Auto /50 SSP Phillies
,,,2022 Pro Debut Andrew Painter In Person IP Autograph Phillies
,,,2025 Bowman Sapphire Andrew Painter Orange /25 - Phillies
,,,2025 Bowman Chrome Andrew Painter Green Grass Refractor /99 Phillies
,,,2025 Bowman Chrome Andrew Painter Wave Refractor /350 Phillies
,,,2025 Bowman Best Andrew Painter Yellow Lazer Refractor 40/75
,,,2025 Bowman Prospect  Andrew Painter Auto Purple Border #215/250 Phillies
,,,"2025 Bowman Paper Prospect Retail Autographs Andrew Painter Purple /250 (AU, RC)"
,,,2025 Topps Finest Baseball Hyeseong Kim RC Dodgers ð´ Red Refractor Rookie /10
,,,2025 Topps Five Star Hyeseong Kim RC Rookie Red Refractor /5 Dodgers SSP ENCASED
,,,2025 Topps Finest Andy Pages â« Black Refractor /10 On Card Auto Dodgers ð
,,,2025 Topps Chrome Max Muncy World Series Champion Refractor Dodgers Gold /50
,,,2025 Topps Chrome Will Smith World Series Champion Refractor Dodgers Gold /50
,,,2025 Los Angeles Dodgers World Series 28 Rookie Card RC SET Yamamoto Ohtanið¥ð¥$
,,,2025 Topps Bowman MLB Andy Pages Autographed Card
,,,2025 Bowman Andy Pages Autograph Card
,,,2025 Bowman Andy Pages Autographed Card
,,,2025 BOWMAN ANDY PAGES Signed Card 74/99
,,,"2025 TOPPS SERIES 2 BASEBALL  BASE ""FINISH YOUR SET"" YOU CHOOSE"
,,,Andy Pages Los Angeles Dodgers 2026 2025 2024 Topps Bowman 2 Card Plaque 6x8
,,,Ohtani/Betts and other Dodgers-RCs/Inserts/Parallels- Volume Pricing
,,,2025 Bowman Andy Pages Autograph Card 74/99 Los Angeles Dodgers NM-MT
,,,2025 Topps Bowman MLB Andy Pahes Autograph 752383
,,,2025 Topps Bowman MLB Andy Pages Autographed Card
,,,2023 Bowman Chrome 1st Auto Angel Genao Guardians
,,,2023 Bowman Chrome 1st Auto Angel Genao Guardians
,,,2025 Bowman Chrome Inserts
,,,2025 Bowman Chrome Prospect Autos Aron Estrada Green 22/99 1st Bowman Rare 10
,,,Aron Estrada 2025 1st Bowman Chrome Refractor Auto /499
,,,2025 Bowman Sapphire Edition - Chrome Prospects Aron Estrada  Green /99 (RC)
,,,2025 Bowman 1st Edition Sky Blue Parallel Aron Estrada /499 Orioles Prospect OS3
,,,Aron Estrada Auto 50/99 Reptilian 2025 Bowman Chrome Baltimore Orioles
,,,Aron Estrada Auto  /150 Blue X-Fractor 2025 1st Bowman Card Baltimore Orioles
,,,2025 Bowman Aron Estrada Chrome Auto Blue Refractor 1st #/150 Orioles
,,,Aron Estrada 2025 1st Bowman Chrome GREEN Reptilain REFRACTOR /99 Raw
,,,2025 Bowman Chrome Mojo Aron Estrada Yellow Refractor #55/75
,,,2025 Bowman Chrome 1st Aroon Escobar Green Shimmer Auto /99
,,,2025 Bowman Chrome Aroon Escobar Lava /399 Pack Fresh
,,,2025 Bowman Chrome Refractor Aroon Escobar BDC-98 Phillies
,,,2025 Bowman Chrome 1st Blue Sapphire Auto /199 Aroon Escobar #CPS-AE Phillies
,,,Aroon Escobar 2025 First Bowman Chrome Blue Xfractor Prospect Auto /150 Phillies
,,,2025 Bowman Chrome Aroon Escobar Blue X-Fractor 1st Auto /150 Bookend 150/150
,,,2025 Bowman Chrome Aroon Escobar (RC) 1st Purple Mojo Refractor /250 Phillies
,,,Asbel Gonzalez 2025 Bowman Chrome Green Geometric Refractor SP /99 1st Royals
,,,2025 Bowman Asbel Gonzalez GREEN Pattern Paper /99 Royals Top Prospect Rookie RC
,,,2025 Bowman Asbel Gonzalez 1st Orange Paper Base 16/25
,,,"2025 Bowman Chrome - Prospect Autographs Asbel Gonzalez (AU, RC)"
,,,2025 Bowman Asbel Gonzalez 1st Lava Chrome Refractor /399 - Royals
,,,(6390) ASBEL GONZALEZ 2025 BOWMAN CHROME 1ST ON CARD AUTO AUTOGRAPH RC ROYALS
,,,(6531) Asbel Gonzalez #/499 2025 Bowman Chrome On Card Auto Refractor RC Royals
,,,2025 Bowman Chrome 1st Bowman Asbel Gonzalez Auto Mojo Refractor /150 Royals RC
,,,Asbel Gonzalez 2025 1st Bowman Chrome AUTO Prospect AUTOGRAPH Royals RC E6
,,,Asbel Gonzalez RC AUTO 2025 Bowman Chrome PURPLE REFRACTOR 246/250 Prospect K6
,,,Asbel Gonzalez 2025 1st Bowman Chrome AUTO Prospect AUTOGRAPH Royals RC E6
,,,Asbel Gonzalez 2025 Bowman Chrome Autographs Mojo 126/150 Kansas City Royals
,,,2025 Bowman Chrome 1st Gold Lava Refractor Auto Ashly Andujar 34/50 -AZ4
,,,2025 Bowman Chrome Ashly Andujar #BC-20 1st Orange /25 Rockies
,,,2025 Bowman Chrome Prospect 1st Auto Ashly Andujar Purple Refractor /250
,,,2025 1st Bowman Chrome Sapphire Gold Auto Ashly Andujar /50 TAG 10 CPS-AA
,,,2025 Bowman Chrome Sapphire Ashly Andujar Auto
,,,Ashly Andujar New York Yankees 2025 Bowman 1st Bowman **
,,,2025 Bowman  Ashly Andujar Chrome Prospects Purple Geometric Refractor #/250
,,,2025 Bowman Ashly Andujar Chrome Prospects Blue Geometric Refractor /150
,,,2025 Bowman Chrome No. 25 Austin Riley Burgundy Mojo  #âd /275. Atlanta Braves
,,,2025 Bowman - Atlanta Braves BUY 2 GET 3 FREE!
,,,Topps 2025 Bowman Chrome Austin Riley Purple Serialized 092/250
,,,Austin Riley 2025 Bowman Retro Logo Foil Parallel SSP
,,,Topps 2025 Bowman Blue Parallel Austin Riley #32 /150 Atlanta Braves MLB
,,,2025 Bowman Austin Riley Pink /199
,,,AUSTIN RILEY 2025 BOWMAN CHROME MOJO (FREE SHIP OVER $10)
,,,2025 Bowman Baseball Austin Riley Paper Orange Parallel /25
,,,Ben Rice - RETRO LOGO FOIL - CASE HIT - 2025 Bowman
,,,2025 Bowman Blue Paper BEN RICE Rookie 113/125 RC SP Yankees Pack Fresh
,,,2025 Bowman Green Paper BEN RICE Rookie 163/399 RC SP Yankees Pack Fresh
,,,(2) BEN RICE Rookie Card RC 2025 Topps 337 Bowman New York Yankees
,,,2025 Bowman Ben Rice RC No. 85 New York Yankees
,,,2025 Bowman BEN RICE Rookie Card- New York Yankees (RC)
,,,2025 BOWMAN BEN RICE RC BASE ROOKIE CARD NO. 85 NEW YORK YANKEES
,,,BEN RICE (RC) 2025 Topps/Bowman 5-Card ROOKIE BUNDLE (please read Description)
,,,2025 BOWMAN BEN RICE ROOKIE BASEBALL CARD NEW YORK YANKEES CATCHER/1ST BAS
,,,â¾â¾2025 Bowman BEN RICE Yankees Top Prospect RCâ¾â¾
,,,Bishop Letson 2025 1st Bowman Chrome  ð£Purple Geometric Refractor /250
,,,ðµð¡Bishop Letson 2025 1st Bowman ðµBlue Geometric Refractor /150 Brewers
,,,2025 Bowman Chrome 1st Bishop Letson Grass Refractor Brewers /99
,,,2025 Bowman Chrome Prospects Bishop Letson 1st Bowman Lava Refractor 126/399
,,,Bishop Letson â¢ 2025 Bowman Chrome Sapphire- Black Refractor /10 â¢ Brewers
,,,ð¥ðBishop Letson 2025 Bowman 1st Chrome Green Geometric Refractor /99 Brewers â¾
,,,2025Â Bowman Bishop LetsonÂ 1st Bowman Chrome Prospects Wave Refractor /399
,,,2025 Bowman Prospect Paper Baseball Gold Parallel Autograph 1/50 Blake Aita
,,,Blake Aita Bowman 1st auto (2025) RC / Prospect St. Louis Cardinals
,,,2025 Topps Bowman Blake Mitchell Autograph Blue /150
,,,2025 Bowman Chrome Aqua Wave Refractor /125 Blake Mitchell BDC 160
,,,Blake Mitchell 2025 Bowman Auto Mojo Chrome Refractor #BMA-BMI Royals
,,,2025 Bowman Chrome BLAKE MITCHELL Mojo Refractor On Card Auto BMA-BMI - Royals
,,,2025 Bowman Mega - Blake Mitchell Auto MOJO Refractor Gold Auto /50 #BMA-BMI
,,,BLAKE MITCHELL 2025 BOWMAN CHROME DRAFT YELLOW GEOMETRIC ROYALS /75
,,,"2025 Bowman Blake Mitchell #BMA-BMI Chrome Prospect Autographs (AU, RC) Royals"
,,,2025 Bowman Chrome Blake Mitchell #BDC-160 Green Geometric Refractor /99 (RC)
,,,Blake Wolters 2025 Bowman Chrome 1st Auto True Blue Refractor /150
,,,BLAKE WOLTERS #/150 2025 BOWMAN CHROME ON CARD AUTO BLUE REFRACTOR RC ROYALS
,,,2025 Bowman Chrome - Blake Wolters Yellow Wave /75
,,,2025 Bowman Chrome 1st Blake Wolters Yellow Refractor /75
,,,2025 Bowman Chrome Blake Wolters Speckle Auto /299 Royals
,,,2025 Bowman Chrome 1st Blake Wolters Green Reptilian Auto Refractor/99 (RC)
,,,2025 Bowman Chrome Blake Wolters Refractor Auto /499 Royals RC
,,,2025 Bowman Chrome Blake Wolters 1st Purple Autograph /250 Kansas City Royals
,,,2025 Bowman Chrome BLAKE WOLTERS 1st Rookie ORANGE SHIMMER REFRACTOR #/25 RC SSP
,,,2025 Bowman Chrome BO BICHETTE   Mojo Refractor /499 Blue Jays
,,,Bo Bichette & Vladimir Guerrero Jr 2017 Bowman Prospect PreâRookie Cards 2025 ML
,,,2025 Bowman Chrome Bo Bichette No. 92 Blue Mojo Refractor /175
,,,2025 Bowman Chrome Pulsar Bo Bichette /399 Toronto Blue Jays
,,,2025 Bowmanâs Best Bo Bichette Toronto Blue Jays Purple Refractor /250
,,,2025 Bowmanâs Best Bo Bichette Mini Diamond Green Refractor /99
,,,BO WALKER - Diamondbacks - 2025 Bowman Chrome 1st Bowman Purple 200/250
,,,BO WALKER 2025 BOWMAN CHROME 1ST SAPPHIRE GOLD DBACKS /50
,,,Bo Walker 2025 Bowman Chrome 1st Green Grass /99 On Card Auto Diamondbacks
,,,Lof of (20) 2025 Bowman Bo Walker Auto 1st /50 /150 /299 /499
,,,Bo Walker 2025 Bowman Purple Refractor Auto /250 Diamondbacks 1st SP
,,,2025 Bowman - Chrome Prospect Autographs Bo Walker Speckle Refractor /299
,,,2025 Bowman Bo Walker Chrome Auto Autograph Speckle Refractor /299 UZ127
,,,2025 BOWMAN!  BO WALKER!  1ST SPECKLE REFRACTOR!  #/299!  DIAMOND Mini
,,,2025 Bowman Chrome Sapphire Edition Bo Walker Yellow Refractor 58/75 Dbacks
,,,BO WALKER 2025 Bowman Chrome 1st Purple Refractor RC Autograph Auto #163/250
,,,Bo Walker 2025 Bowman Chrome 1st Bowman Fuschia /199 Diamondbacks Prospect ð¥ð¥
,,,2025 Bowmanâs Best Bobby Witt Jr. Pixel Portraits Insert #P-13 - Royals
,,,2025 Bowmanâs Best Bobby Witt Jr. Lazer Refractor /350 Royals
,,,2025 Bowman Chrome Bobby Witt Jr  - True Orange Refractor /25 - Royals
,,,2025 Bowmanâs Best Bobby Witt Jr. Best Performance Refractor Royals
,,,2025 Bowmanâs Best Bobby Witt Jr Mini Diamond Refractor /299 Kansas City Royals
,,,Braden Montgomery RARE RC GRASS SP CHROME INVESTMENT CARD BOWMAN SSP STAR MINT!!
,,,2025 Bowmanâs Best - Braden Montgomery Purple Refractor /250 White Sox
,,,Braden Montgomery /150 Auto 2025 Bowman True Blue Refractor White Sox
,,,2025 Bowmanâs Best - Braden Montgomery Patch Auto /50 - White Sox
,,,Braden Montgomery Mojo Refractor Auto White Sox 2025 Bowman Chrome #BMA-BM
,,,2025 Bowman Chrome Prospect Auto Braden Montgomery X-Fractor Blue /150 White Sox
,,,(7835) Braden Montgomery #18/75 2025 Bowman Chrome Yellow Geometric Refractor RC
,,,2025 Bowman Chrome BRADEN MONTGOMERY Refractor Auto /499
,,,2025 Bowmanâs Best Braden Montgomery Blue Lazer Refractor /150 - White Sox
,,,2025 Bowman BSS14 Braden Montgomery Sapphire Selections Gold Refractor /50 PSA10
,,,2025 Bowman - True 1 of 1 - Braden Montgomery Chrome Prospects Magenta Plate 1/1
,,,Braden Montgomery 2025 Bowman Chrome Mojo Refractor Auto #BMA-BM White Sox
,,,2025 Bowman Chrome - Prospect Mojo Autographs Braden Montgomery #BM
,,,BRADEN MONTGOMERY 2025 BOWMAN CHROME DRAFT BLUE GEOMETRIC /150 Q2754
,,,Braden Montgomery 2025 Bowman Chrome 1st Mojo Rookie Refractor - White Sox
,,,2025 Bowman - Brandon Sproat Green /99 Refractor  (RC) Brewers
,,,"2025 Bowman Chrome Inserts VIP, Rookie of the Year, Greatness Loading, Top 100"
,,,2025 Bowman Top 100 Prospects Chrome (Individual Card Selection)
,,,2024 Bowman Chrome Draft Sapphire Edition Brandon Sproat #BDC-90 Yellow /75 (RC)
,,,2025 Bowman Brayan Rocchio Blue Auto /150
,,,2025 Bowman - Paper Rookies and Veterans Retail Autographs Brayan Rocchio...
,,,Brayan Rocchio 2025 Bowman Purple Paper Autograph 140/250 Ceveland Guardians
,,,2025 Bowman Brayan Rocchio Orange Parallel Auto #13/25
,,,2025 Bowman - Paper Rookies and Veterans Retail Autographs Brayan Rocchio...
,,,2025 Bowman Chrome Colt Emerson VIP
,,,2025 Bowman Chrome Colt Emerson  VIP
,,,"2025 TOPPS SERIES 1 BASEBALL RC'S AND COMMONS BASE ""FINISH YOUR SET"" YOU CHOOSE"
,,,BRAYAN ROCCHIO 2025 Bowman Purple Auto /250 Cleveland Guardians
,,,2025 Bowman Brayan Rocchio Auto
,,,2025 Bowman Brayan Rocchio Gold Parallel Auto /50
,,,2025 Bowman BRAYAN ROCCHIO Green Auto /99 Cleveland Guardians
,,,ð¨2025 Bowman Brayan Rocchioâ¾ï¸PURPLE AUTO ROOKIE AUTOGRAPH NUMBERED 86/250!ð¨ð¨
,,,2025 Bowman - Paper Rookies and Veterans Retail Autographs Brayan Rocchio...
,,,2025 Bowman Chrome Inserts
,,,Braylon Payne 2025 Bowman Chrome Baseball Prospect Auto Brewers HOT
,,,BRAYLON PAYNE 2025 BOWMAN CHROME WAVE REFRACTOR BREWERS /350 Q2045
,,,2025 Bowman Chrome Green Geometric /99 Braylon Payne
,,,2025 Bowman Chrome Green Geometric /99 Braylon Payne
,,,2025 Bowman Chrome Braylon Payne Blue Raywave Refractor /150
,,,2025 BOWMAN BRAYLON PAYNE CYAN PRINTING PLATE 1 OF 1
,,,2025 Bowman Braylon Payne Fire-Fractor 1/3 Bowmanâs 1st
,,,Braylon Payne Auto 2025 Bowman Chrome Auto - Braylon Payne
,,,Braylon Payne 2025 Bowman 1st Prospects Chrome Blue Raywave /150 Brewers
,,,Braylon Payne 2025 Bowman Sparkle Refractor /299
,,,ð¥2025 Bowman Chrome Braylon Payne Auto Purple Refractor /250 Brewersð¥
,,,Brenton Doyle 2025 Bowman Baseball Veteran Paper Auto Rockies
,,,Brenton Doyle 2025 Bowman Auto Gold /50 Rockies
,,,2025 BOWMAN AUTO BRENTON DOYLE ROCKIES
,,,2024 Multiyear Baseball Team Pack Rockies 20 Card Pack Todd Helton + 2025 Topps
,,,2025 Topps Chrome Baseball Brenton Doyle Colorado Rockies #118
,,,"2022,2024,2025 Rockies Autos, Serial# Autos, Serial #, RC'S, Veterans, Prospects"
,,,2025 Bowman Brenton Doyle Rookies and Veterans Auto Purple Border /250
,,,2025 Topps Bowman - Brenton Doyle Blue /150 (AU) - Colorado Rockies
,,,2025 Bowman BRENTON DOYLE Autograph Colorado Rockies
,,,2025 Bowman BRENTON DOYLE Autograph! - Colorado Rockies (AU)
,,,2025 Bowman Purple Rookies And Veteran Auto Brenton Doyle
,,,Brenton Doyle Certified Auto 2025 Bowman Card Colorado Rockies
,,,2025 Bowman - Paper Rookies and Veteran Retail Autographs Brenton Doyle 220/250
,,,Brenton Doyle #PRV-BDÂ 2025 Veterans Autograph
,,,Brett Baty 2025 Bowman Paper Gold Auto #'d 49/50 /50 New York Mets
,,,New York Mets Baseball Cards
,,,Brett Baty GOLD GLITTER /50 REFRACTOR NEW YORK METS SSP TOPPS MINT
,,,2019 Bowman Chrome Brett Baty Blue Wave Refractor Auto Rookie RC #37/150 Mets
,,,2023 Bowman Best Samuel Basallo True Red Refractor Auto Rookie RC #6/10 Orioles
,,,ð¥2025 Bowman Brett Baty Gold Paper #âd/50 Autograph New York Mets
,,,2025 Bowman Chrome Prospect Carson Benge + 2023 Bowman Chrome Brett Baty Mets
,,,2025 Bowman Brett Baty Blue Paper Auto /150 Mets SP RARE
,,,"Brett Baty 2025 Pink Diamante, 2026 Confetti, 2023 Rookies, Topps and Bowman"
,,,2025 Bowman - Paper Rookies and Veterans Retail Autographs Brett Baty Orange /25
,,,Assortment of Crads
,,,Brody Hopkins 2025 Bowman Chrome Signed On-Card Auto 1st Prospect Rookie Rays
,,,2025 Bowman Brody Hopkins Chrome Auto Green Lava Refractor /99 1st Prospect Rays
,,,Brody Hopkins 2025 Bowman Chrome 1st Yellow Refractor Auto /75 Tampa Bay Rays
,,,Brody Hopkins 2025 Bowman Chrome Purple 1st Auto /250
,,,ð«â¾ï¸BRODY HOPKINS 2025 Bowman Chrome 1st Prospect Base Auto #TAMPA BAY RAYS!â¾ï¸ð«
,,,2025 Bowman Chrome Prospect Speckle Refractor 37/299 Brody Hopkins Auto 09w2
,,,2025 Bowman Chrome Brody Hopkins 1st Bowman Auto Purple Refractor /250 Rays RC
,,,2025 Bowman Chrome Brody Hopkins Auto Refractor /499 - Tampa Bay Rays Prospect
,,,2025 Bowman Chrome Brody Hopkins 1st Autograph Rays
,,,2025 Bowman Chrome Brody Hopkins Auto 1st Tampa Bay Rays Prospect
,,,2025 Bowman Chrome Brody Hopkins Auto Green Grass Refractor /99 Tampa Bay Rays
,,,Brody Hopkins Tampa Bay Rays 2025 Bowman Chrome 1st Bowman Autograph ***
,,,2025 Bowman Chrome BRODY HOPKINS 1st Auto GOLD Refractor!ð¥ #/50!  Top 100!! ð«
,,,2025 Bowman Chrome Brody Hopkins 1st Blue X Fractor Auto /150 Color Match - Rays
,,,2025 Bowman Chrome | Brody Hopkins | 1st Bowman Chrome Auto | Rays
,,,2025 Bowman Chrome Baseball Brody Hopkins Choice Auto /150
,,,Brody Hopkins 2025 Bowman Chrome Purple 1st Auto /250
,,,2025 Topps Finest Brooks Lee ORANGE ROOKIE PATCH AUTO /25 SSP Twins #RAJR-BL
,,,2025 Bowman Brooks Lee RC Purple /250
,,,2025 Bowman Chrome BROOKS LEE ROOKIE GOLD REFRACTOR AUTO/MEM #25/50 TWINS
,,,2025 Bowman Chrome Autograph Relic RC Patch Auto Brooks Lee Twins | Orange /25
,,,"2025 Bowman Chrome Brooks Lee Rookie Auto ""Orange"" Refractor /25 RC"
,,,2025 Bowman Chrome Brooks Lee Gold RC Jersey Autograph /50
,,,2025 Topps Bowman Brooks Lee  RC /275 Burgundy Mojo
,,,2025 Bowman #BMF-4 Brooks Lee Mega Futures
,,,2025 Bowmanâs Best - Brooks Lee -  Best Of 2025 Gold Mini Diamond Auto 26/50
,,,2025 Bowman BROOKS LEE (RC) MEGA IMAGE VARIATION AUTO SP! 22/99PSA-10 POP 4 #BL
,,,2025 Bowman Baseball Brooks Lee Purple Bandana /199 SP RC Rookie Minnesota Twins
,,,2025 Bowman Chrome Brooks Lee Rookie Auto /99 #RMA-BL Minnesota Twins ð¥ð¥ð¥
,,,2025 Bowman Brooks Lee Blue Rookie Card #âd/ 150 Minnesota Twins
,,,2025 Topps Finest Brooks Lee ORANGE ROOKIE PATCH AUTO /25 SSP Twins #RAJR-BL
,,,Brooks Robinson 2025 Bowman Chrome 1st Bowman Orange Retrofractor /25 SSP
,,,Brooks Lee 2025 Bowman Mega Futures #BMF-4 Rookie RC Case Hit SSP Twins
,,,2025 Bowman Brooks Lee RC Purple /250
,,,"2025 Bowman Baseball- Inserts Greatness loading, Rockstar (Buy More, Save More)"
,,,"2025 Bowman Chrome Brooks Lee Rookie Auto ""Orange"" Refractor /25 RC"
,,,Brooks Lee RC 2025 Bowman Chrome Mega Mojo Pink Refractor  /199 Twins
,,,2025 Topps Bowman Brooks Lee  RC /275 Burgundy Mojo
,,,2025 Bowman #BMF-4 Brooks Lee Mega Futures
,,,2025 Bowman #BMF-4 Brooks Lee Mega Futures
,,,2025 Bowman Mega Futures Chrome #BMF-4 Brooks Lee Twins RC
,,,2025 Bowman Bryan Reynolds Yellow Pattern Paper 64/75 Pittsburgh Pirates
,,,2025 Bowman Paper Bryan Reynolds Sky Blue /499 Pittsburgh Pirates
,,,2025 Topps Archives 2016 1st Bowman Chrome Bryan Reynolds On Card Autograph 2/5
,,,2025 Bowman  BRYANÂ  REYNOLDS Purple paper parallel /250 Pirates
,,,2025 Bowman Bryan Reynolds Gold /50 Pittsburgh Pirates
,,,BRYAN REYNOLDS 2025 BOWMAN BASEBALL PINK BORDER PIRATES /175
,,,BRYAN REYNOLDS 2025 Bowman GREEN PATTERN ~ Pirates #'d /99
,,,Bryan Reynolds 2025 Bowman Purple #66 /250 Pirates
,,,2025 Bowman Paper Bryan Reynolds Sky Blue 187/499 Pittsburgh Pirates
,,,Bryan Reynolds 2025 Bowman Purple Pattern Border Parallel /199 Pirates
,,,Bryan Reynolds 2025 Topps Archives Signatures 2021 Bowman Sapphire Auto /10
,,,2025 Bowmanâs Best BRYCE ELDRIDGE #/99 True GREEN REFRACTOR Giants Rookie
,,,2025 Bowmanâs Best BRYCE ELDRIDGE #/99 True GREEN REFRACTOR Giants Rookie
,,,2025 Bowmanâs Best Jac Caglianone Bryce Eldridge Charlie Condon Gold Auto 24/50
,,,Bryce Eldridge 2025 Bowman Mega Futures Rookie #BMF-20 Case Hit SSP
,,,2025 Bowmanâs Best Bryce Eldridge Strokes Of Gold #SG-23 SSP CASE HIT Giants
,,,Bryce Eldridge 2025 Bowman Chrome Sapphire BLACK #04/10
,,,2025 Bowman Chrome - Bryce Eldridge - Prospects Yellow Geometric Refractor /75
,,,Bryce Eldridge /250 2025 Bowman Chrome PURPLE SHIMMER REFRACTOR & Topps PD LE-18
,,,Bryce Eldridge 2025 Bowman Chrome Prospect Blue Wave #/150
,,,2025 Bowman Chrome Bryce Eldridge TRUE RED MOJO #2/5! SSP SAN FRANCISCO GIANTS!
,,,2025 Bowmanâs Best Bryce Eldridge Lazer Refractor 55/350 #TP-15 Giants
,,,2025 Bowman Chrome Bryce Eldridge Mini Diamond /150
,,,2025 Bowman Chrome Bryce Eldridge Prospects Green Shimmer Refractor #/99 Giants
,,,2025 Bowman Best Bryce Eldridge Gold Lava 04/50
,,,2025 Bowman Chrome Mega Orange Refractor Bryce Harper 25/25
,,,Bryce Harper 2025 Bowmanâs Best Blue X-Fractor /150 Philadelphia Phillies
,,,2025 Bowman Chrome Bryce Harper Yellow Mojo/75
,,,2025 Bowman Chrome Pink Mojo /299 Bryce Harper No. 3
,,,2025 Bowmanâs Best Bryce Harper /299  Phillies
,,,Bryce Rainer 2025 Bowman Chrome Draft #AA-BR Achromatic Auto /250
,,,2025 Bowman Chrome Bryce Rainer Fuchsia Wave Refractor /199 Detroit Tigers
,,,2025 Bowman Chrome Bryce Rainer Rose Gold Mini Diamond Refractor #/15 Non Auto
,,,Bryce Rainer 2025 Bowmanâs Best Prospect Patch Autograph Relic PPA-BR /50 Tigers
,,,BRYCE RAINER 2025 BOWMAN CHROME NATIONAL CHICAGO PROSPECTS REFRACTOR #TP-20
,,,Bryce Rainer 2025 Bowmanâs Best Of 2025 Auto Detroit Tigers B25-BR
,,,2025 Bowman Chrome Bryce Rainer Achromatic Autographs Rookie SP /250 Tigers
,,,Bryce Rainer 2025 Bowman Chrome Prospects- Gold Shimme Refractor 08/50 PSA9 SSP
,,,Bryce Rainer 2025 Bowmanâs Best Patch Auto Red /5 â Ultra Rare RC Prospect Card
,,,Bryce Rainer 2025 Bowman Chrome Teal X-Fractor Refractor /125 RC
,,,(# /250) BUBBA CHANDLER PURPLE WAVE REFRACTOR - 2025 Bowman Chrome Prospects
,,,Bubba Chandler 2025 Bowman Chrome Baseball Green Mojo Refractor /99 Pirates
,,,BUBBA CHANDLER 2025 Bowman Chrome Aqua Geometric Refractor #/125 Pirates RC
,,,2025 Bowmanâs Best Bubba Chandler Refractor #TP-9 Top Prospects - Pirates
,,,"2025 Bowman Chrome Prospects Bubba Chandler, Gold Reptilian 16/50 Pirates"
,,,2025 Bowmanâs Best- Bubba Chandler Best Of 2025 Autos Refractor (AU) (RC)#B25-BC
,,,2025 Bowman Chrome - BUBBA CHANDLER Prospects Purple Pulsar Refractor #/250
,,,2025 Bowmanâs Best Bubba Chandler Auto /150 Pittsburgh Pirates Prospect Auto
,,,2025 Bowman Chrome Sapphire Edition - Chrome Prospects Bubba Chandler
,,,2025 Bowman Chrome Cade Horton RC Fuchsia Wave Refractor /299
,,,2025 Bowman Chrome Fuchsia Retractor Cade Horton /299 Rookie Card Cubs RC
,,,2025 Bowman Chrome Sapphire Cade Horton Gold Refractor /50 SSP
,,,â¾ï¸CADE HORTON 2025 Bowman Chrome Sapphire Edition Yellow RC /75 #CUBS PHENOM!â¾ï¸
,,,2025 Bowman Chrome Sapphire Cade Horton Yellow /75 Rookie Card
,,,Cade Horton 2025 Bowman Chrome True Blue Refractor /150 Cubs RC *Color Match
,,,2025 Bowman - Chrome Prospects Cade Horton Yellow Refractor /75 (RC) CUBS
,,,*Digital* Bowman Chrome 2025 Cade Horton Cubs Gold Legendary Rookie Auto /50
,,,2025 Topps Chrome Caden Dana Rookie Auto RayWave Refractor #/150 LA Angels
,,,2025 Bowman Chrome Caden Dana Die Cut GOLD Refractor RC ROY Favorites /50 Angels
,,,2025 Bowmanâs Best Caden Dana Best Of 2025 Auto Refractor RC Angels
,,,2025 Bowmanâs Best Caden Dana Autograph Orange Checkered /25
,,,2025 BOWMAN CADEN DANA RC SKY BLUE #D 277/499 SP ANGELS
,,,2025 Finest #FA-CD Caden Dana Finest Autographs Sky Blue Refractors #/150
,,,2025 Topps Bowman Chrome Rookie Caden Dana 94 Orange Refractor /25
,,,2025 Bowman Chrome Prospect Autographs Caden Kendle Speckle Refractor /299
,,,2025 Bowman Chrome  Sapphire Edition Prospects Caden Kendle Orange /25 (RC)
,,,2025 Bowman Chrome 1st Caden Kendle Green Geometric /99
,,,2025 1st Bowman Caden Kendle Blue RayWave /150
,,,ð¥â¾ï¸CADEN KENDLE 2025 Bowman Chrome Sapphire 1st Green Refractor /99 #TWINS!â¾ï¸ð¥
,,,2025 Bowman Caden Kendle Chrome Prospects Purple Raywave Refractor #/250
,,,2025 Bowman Chrome - Caden Kendle 1st Auto Refractor /499
,,,2025 Bowman Chrome Prospects Green Geometric Refractor 98/99 Caden Kendle
,,,CADEN KENDLE 2025 BOWMAN CHROME 1ST PURPLE REFRACTOR ON CARD AUTO /250 TWINS
,,,2025 Bowman Chrome Caden Kendle Yellow Auto /75
,,,CADEN KENDLE 2025 BOWMAN CHROME 1ST PURPLE REFRACTOR ON CARD AUTO /250 TWINS
,,,2025 Topps Bowman Paper Aqua Green 1st Caden Kendle 82/99
,,,2025 Bowman Caden Kendle Chrome Green Shimmer Refractor 1st /99 Minnesota Twins
,,,Caden Kendle 2025 Bowman Chrome Prospects Speckle Refractor #/299 Twins
,,,CALEB LOMAVITA 2025 Bowman Chrome 1st Bowman  /125 WASHINGTON NATIONALS
,,,2025 Bowman Chrome Caleb Lomavita 1st Black Pattern Border 4/10 SSP Nationals
,,,2025 Bowman Chrome - Caleb Lomavita - 1st Bowman
,,,2025 1st Bowman Purple Refractor /250 CALEB LOMAVITA
,,,Caleb Lomavita 2025 Bowmanâs Best Auto Nationals Prospect B25-CL
,,,2025 Bowmanâs Best CALEB LOMAVITA Best Of 2025 Auto #B25-CL NATIONALS
,,,2025 Bowmanâs Best Baseball Caleb Lomavita Auto B25-CL Nationals MLB
,,,2025 Bowman Chrome Caleb Lomavita #'ed 36/299 SPECKLE Refractor-NATIONALS
,,,2025 Bowman Chrome Refractor BDC-122 Cam Caminiti Braves
,,,2025 Bowman Chrome Prospect Refractor  X-Fractor Cam Caminiti BDC-122
,,,2025 Bowman Baseball Cam Caminiti Green Refractor /99 Braves
,,,2025 Bowman Chrome Cam Caminiti #BCD-122
,,,2025 Bowman Chrome - Cam Caminiti ~ Speckle Refractor #/299 RC Braves Prospect
,,,2025 Bowman Sapphire Cam Caminiti Braves
,,,2025 Bowman Cam Caminiti Reptilian / Prospect Edition Bronze /199
,,,CAM COLLIER 2023 TOPPS BOWMAN CHROME 1ST SP ROOKIE RC CARD #'D /199 MLB STAR!
,,,2025 Bowman 1st Prospect Refractor Sky Blue /499 Cam Collier BD-143
,,,2025 Bowman Chrome Inserts
,,,"2025 Bowman Chrome Inserts VIP, Rookie of the Year, Greatness Loading, Top 100"
,,,2025 bowman chrome cam smith rookie card  gold yellow green pulsar geo
,,,Cam Smith 2025 Bowman Chrome Prospects Green Shimmer Refractor Auto /99 Astros
,,,2025 Bowman - Mega Futures Cam Smith #BMF-24 (RC)
,,,2025 Topps National Convention - Cam Smith - #TP-9 Bowman Chrome Promo
,,,2025 BOWMAN PROSPECTS GREEN PATTERN ROOKIE CAM SMITH RC /99
,,,2025 Bowman Cam Smith Chrome Prospect Auto Blue Refractor #/150 Astros
,,,Cam Smith Autographed Signed 2025 Bowman Chrome Refractor Card
,,,Cam Smith 2025 Bowman Chrome Image Variation Rookie Card Houston Astros SSP
,,,Cam Smith 2025 Bowman Chrome Sapphire GOLD Refractor Image Variation /50 Rookie
,,,2025 Bowman - CAM SMITH /10 Black Bandana Border 9/10 - Astros 2025 Top Prospect
,,,CAMERON SULLIVAN 2025 Bowman #BPC-97 Chrome 1st Purple Raywave /250 Guardians
,,,ð¥2025 Bowman Chrome Prospect Autographs Cameron Sullivan 1st Refractor /499 RC
,,,2025 Bowman Chrome Cameron Sullivan Blue Shimmer /150 1st Bowman
,,,2025 Bowman Baseball Cameron Sullivan Aqua Shimmer Refractor /125
,,,2025 BOWMAN CAMERON SULLIVAN RC FUCHSIA #D 036/299 SP CLEVELAND 1ST
,,,Cameron Sullivan 1st 2025 Bowman Chrome Purple Geometric Refractor 6/250
,,,2025 Bowman Cameron Sullivan Chrome Prospects Blue Raywave Refractor #/150
,,,"2025 Bowman Chrome Prospect Autographs Cameron Sullivan Refractor /499 (AU, RC)"
,,,2025 Bowman Chrome 1st Cameron Sullivan Green Shimmer Auto /99
,,,2025 Bowman - Cameron Sullivan Green Grass /99
,,,2025 Bowman Chrome Prospects Cameron Sullivan Orange Geometric Refractor /25 RC
,,,2025 Bowman - Chrome Prospect Autographs Cameron Sullivan Purple /250
,,,2025 TOPPS BOWMAN CAMERON SULLIVAN 1ST GREEN PATTERN /99
,,,2025 Bowman Chrome Prospects 1st AU Cameron Sullivan Gold Lava /50...Guardians
,,,Cameron Sullivan 1st Bowman Chrome Green Auto /99 Guardians Prospect
,,,"2025 Bowman Chrome Prospect Auto Cameron Sullivan Blue X-Fractor /150 (AU, RC)"
,,,2025 Bowman Chrome Prospect Cameron Sullivan Autograph Blue Refractor /150
,,,Cameron Sullivan 1st Bowman /199
,,,2025 Bowman Chrome Cameron Sullivan (RC) 1st Bowman Reptilian Guardians
,,,2025 Bowman Chrome Carlos Correa Red Sapphire /5  Twins Stud!!
,,,2025 Bowman Chrome SAPPHIRE Carlos Correa GOLD SAPPHIRE /50 Twins
,,,Carlos Correa- 2025 Topps Series 1 Team Color & Bowman Chrome Fuchsia Wave /299
,,,2025 Bowman Carlos Correa Purple Pattern Border #/199 Twins
,,,2025 Bowmanâs Best Carlos Correa Diamond Refractor 231/299
,,,2025 Bowman Carlos Correa Purple Pattern Border #/199 Twins
,,,2025 Bowman Chrome Carlos Tavares 1st Orange Wave Auto 2/25 SP Nationals
,,,2025 Bowman Chrome Carlos Tavares 1st True Red Refractor Auto 3/5 SSP Nationals
,,,2025 Bowman Carlos Tavares 1st Sky Blue Paper #d 50/499
,,,2025 Bowman Chrome Carlos Tavares 1st Prospect Orange Wave Ref AUTO /25
,,,2025 Bowman - Chrome Prospects Carlos Tavares Fuchsia Wave Refractor /199 (RC)
,,,2025 BOWMAN CHROME CARLOS TAVARES RC AUTO BLUE REFRACTOR #D 032/150 NATS 1ST
,,,2025 Bowman Carlos Tavares Chrome Blue Geometric Refractor #/150 Nationals
,,,Carlos Tavares - 2025 Bowman 1st Prospects Purple #/250 Washington Nationals
,,,2025 Bowman Chrome Diamond Refractor Carlos Tavares 1st ROOKIE AUTO /100
,,,2025 Bowman Chrome 1st Carlos Tavares True Blue Refractor Auto /150
,,,2025 Bowman Chrome Refractor Carlos Tavares /499
,,,2025 Bowman Purple Pattern Chrome 1st Prospect 164/199 Carlos Tavares Nationals
,,,2025 Bowman Chrome Carlos Tavares 1st Bowman Speckle Refractor Nationals
,,,2025 Bowman Chrome 1st Carlos Tavares Gold Shimmer /50
,,,Carson Benge 2025 Bowman Chrome Green Mojo Auto /99 | ðµ Mets ð
,,,2025 Bowman Chrome Carson Benge GREEN MOJO AUTO /99
,,,2025 BOWMAN CHROME CARSON BENGE GREEN GEOMETRIC REFRACTOR /99
,,,2025 Bowman Chrome Draft Green Refractors #BDC138 Carson Benge /99 #X16313
,,,2025 Bowman Chrome Draft Sapphire Edition - Carson Benge #BDC-138 (RC)
,,,2025 Bowman Chrome Carson Benge #BDC-138 Aqua Wave Refractor /125 Rookie Mets
,,,Carson Benge 2025 Bowman Chrome Draft In Action Blue Mojo Refractor RC #020/150
,,,2025 Bowman Chrome Mega Box Carson Benge Gold Mojo Refractor Auto BMA-CB /50 RC
,,,CARSON WILLIAMS 2025 BOWMAN CHROME PLAYER WORN PATCH AUTO /150 BCAR-CW
,,,Carson Williams 2025 Bowmanâs Best Best Performance Auto Gold Lava /50 Rays
,,,Carson Williams; 2025 Bowmanâs Best Prospect; Purple Lazer Refractor; /250 TP-10
,,,2025 Bowmanâs Best Carson Williams #TP-19 Yellow Laser Refractor /75- Rays
,,,2025 Bowmanâs Best BT-30 Carson Williams Best Tek /75
,,,Carson Williams - 2025 Bowman Chrome Gold Mojo Refractor ð/50 - Rays
,,,2025 Bowman Chrome Prospects Blue Wave Refractor /150 Carson Williams
,,,2025 Bowman Chrome Mojo Gold Refractor Carson Williams Auto Rookie /50 (MINTâ¼ï¸)
,,,ð¥ 2025 Bowman Chrome Carson Williams Purple Refractor Auto /199 #BMA-CW
,,,2025 Bowman Chrome Carson Williams #MV-5 Mini Diamond /150
,,,CEDDANNE RAFAELA 2025 TOPPS ARCHIVES 2024 BOWMAN ROOKIE RC AUTO 30/30
,,,2025 Bowman - Boston Red Sox BUY 2 GET 3 FREE!
,,,2025 Bowman Ceddanne Rafaela Blue Parallel Auto 003/150 Boston Red Sox
,,,2025 Bowman Ceddanne Rafaela GREEN Parallel - #ed /299 - RED SOX
,,,Ceddanne Rafaela Signed 2025 Bowman Baseball Card Red Sox
,,,2025 Bowman Cedanne Rafaela Bowman Fuscia Paper #/299 No.53
,,,Ceddanne Rafaela 2025 Topps Chrome-#FS-11 Future Stars Black Refractor /10 RC
,,,2025 Ceddanne Rafaela Bowman Prospect AUTO GOLD #d 26/50!
,,,2025 Bowman Ceddanne Rafaela Yellow #/75 Boston Red Sox
,,,CEDDANNE RAFAELA 2025 TOPPS ARCHIVES 2024 BOWMAN ROOKIE RC AUTO #/30
,,,2025 Bowman Ceddanne Rafaela  Boston Red Sox
,,,2025 Bowman Ceddanne Rafaela Printing Plate Red Sox 1/1
,,,2025 Bowman Chrome Ceddanne Rafaela Red Paper Base /5 - Red Sox
,,,2025 Bowman Pink Ceddanne Rafaela #53 /175
,,,2025 bowman ceddanne Rafaela green /99
,,,"2025 Bowman PROSPECT ROOKIE AUTO Chandler Welch, item 1"
,,,2025 Bowman Chandler Welch Green Border Auto 62/99
,,,2025 BOWMAN PURPLE /250 AUTO CHANDLER WELCH BREWERS
,,,"2025 Bowman PROSPECT ROOKIE AUTO Chandler Welch, item 2"
,,,2025 Bowman- Chandler Welch Purple Paper Prospect  Auto 188 /250
,,,2025 Bowman Chandler Welch Purple Auto /250 Brewers
,,,2025 Topps Bowman Auto Chandler Welch
,,,Chandler Welch 2025 Bowman - Paper Prospect Retail Autographs  Purple /250
,,,2025 Bowman Auto Chandler Welch Brewers True Blue /150
,,,2025 Bowman CHANDLER WELCH Orange AUTO 16/25 Brewers
,,,CHARLES MCADOO 2025 BOWMAN CHROME 1ST GOLD LAVA REFRACTOR AUTO 18/50
,,,2025 Bowman Charles Mcadoo
,,,Charles McAdoo 2025 Bowman 1st Auto Blue /150 (RC) #BPACM Color Match Blue Jays
,,,2025 Bowman Chrome Baseball Charles Mcadoo Gold Shimmer 1st Bowman Auto /50
,,,2025 Bowman Chrome - Charles McAdoo 1st Auto Refractor /499
,,,2025 Bowman Chrome 1st Charles McAdoo Green Lava Auto /99 - Blue Jays Topps Seal
,,,2025 Bowman Chrome Prospect Green Grass Refractor  /99 Charles McAdoo Auto
,,,2025 Bowman Chrome Prospect Green Grass Refractor  /99 Charles McAdoo Auto
,,,Charles McAdoo - 2025 Bowman Purple Auto /250 1st Bowman
,,,2025 Bowman Charles McAdoo Chrome Green Geometric Refractor /99 Blue Jays
,,,2025 Bowman Charles McAdoo Chrome Wave Refractor 1st #/350 Blue Jays
,,,Charles McAdoo 2025 Bowman Chrome Refractor /499 Blue Jays
,,,Charles McAdoo 1st Bowman /50 Gold Refractor Bowman Chrome 2025
,,,Charlie Condon 2025 Bowman Chrome 1st Green Grass Refractor Auto /99
,,,2025 Bowman Chrome CHARLIE CONDON Snack Pack Peanuts Refractor
,,,2025 Bowman Chrome Charlie Condon 1st Bowman Chrome Auto J1
,,,CHARLIE CONDON RC INVEST COLOR MATCH SSP RARE ROCKIES /250 REFRACTOR
,,,"2025 Bowmanâs Best Pixel Portrait Bundle Paul Skenes, Charlie Condon"
,,,2025 Bowman Chrome Charlie Condon 1st Purple Geometric /250 Color Match!
,,,Topps 2025 Bowman Chrome Mojo Charlie Condon Rockies Auto Green /99 BMA-CC
,,,Charlie Condon RC Auto 2025 Bowmanâs Best Refractor Auto Rockies
,,,2025 Bowman Charlie Condon Prospects Purple /250
,,,2025 BOWMAN CHROME CHARLIE CONDON RC ROOKIE VIP GOLD REFRACTOR /50
,,,Charlie Condon 2025 Bowman 1st Paper Green Pattern /99 Colorado Rockies
,,,2025 Bowman Chrome Prospects Chase Burns Aqua Mojo Refractor /125 + Mojo & More
,,,2025 Bowman Chrome Prospect Mojo Refractor BMA-CB Chase Burns Reds RC Auto
,,,2025 Bowman Chase Burns Sky Blue Parallel 484/499
,,,2025 Bowman Chrome Chase Burns Yellow X Fractor /75
,,,Chase Burns 2025 Bowman Chrome Prospect Auto Purple Refractor /250
,,,2025 Bowman Chase Burns Chrome Auto Blue Mojo  /150
,,,"2025 Bowman - Chrome Prospect Mega Box Autographs Chase Burns #BMA-CB (AU, RC)"
,,,2025 Bowman - Mega Futures Chase Burns #BMF-17 (RC)
,,,2025 Bowmanâs Best Chase Burns Green Mini Diamond /99 #TP-21 Cincinnati Reds
,,,CHASE BURNS 2025 Bowman Chrome VIP Aqua Refractor #/125
,,,ð³CHASE BURNS /25! ð³2025 Bowman Chrome Prospects Orange Geo/ Record Breaking
,,,Chase DeLauter 2025 Bowman Inception Pink BI-13 Pink Refractor SP 2/5  Guardians
,,,"Chase Delauter  PD - , Matt Wilkinson Auto Bowman, Bazzana , Plus 50 Guardians!"
,,,2022 BOWMAN CHROME HEIR APPARENT & 2025 PRIZM CHASE DELAUTER ROOKIE CARDS
,,,2025 Bowman Chrome Chase DeLauter Jaison Chourio 1st Pearl Sapphire Refractor
,,,"2025 Bowman Chrome Inserts VIP, Rookie of the Year, Greatness Loading, Top 100"
,,,Chase DeLauter RARE ROOKIE RC SILVER REFRACTOR INVESTMENT CARD SSP MINT
,,,Chase DeLauter RARE ROOKIE RC SILVER REFRACTOR INVESTMENT CARD SSP MINT
,,,Chase DeLauter RARE ROOKIE RC HOLO REFRACTOR INVESTMENT CARD GAURDIANS SSP MINT
,,,2025 BOWMAN CHROME CHASE DELAUTER INSERT ROOKIE CLEVELAND GUARDIANS!
,,,2025 Bowman Chrome Chase Hampton 1st Yellow Refractor Auto 21/75 SP NY Yankees
,,,Chase Hampton 2025 Bowman Chrome 1st Bowman Reptilian Refractor - Yankees
,,,Chase Hampton 2025 Bowman Chrome Speckle Refractor Auto /299 1st Prospect Rookie
,,,2025 Bowman Chrome Chase Hampton Refractor /499
,,,2025 Bowman Chrome Chase Hampton 1st HTA Choice Refractor Auto /150 Yankees RC
,,,Chase Hampton 2025 Bowman Chrome 1st Blue Raywave Refractor /150 Yankees
,,,2025 Bowman Chrome Prospects #CPACHA Chase Hampton /75 Yellow-Ref Auto. Yankees
,,,Chase Hampton 2025 First Bowman Chrome Orange Wave Refractor Prospect Auto /25
,,,2025 Bowman Chrome Chase Hampton Auto 1st Prospect Purple Refractor #/250
,,,CHASE HAMPTON 2025 Bowman Chrome 1st Gold Shimmer Auto /50 New York Yankees
,,,CHASE HAMPTON 2025 BOWMAN CHROME 1ST YELLOW REFRACTOR SP /75
,,,CHASE HAMPTON Autograph New York Yankees 2025 1st Bowman Chrome On-card AUTO!!
,,,Chase Hampton 2025 Bowman 1st Bowman Sky Blue /499 #BPâ57 New York Yankees
,,,CHASE MOBLEY 2025 BOWMAN CHROME 1ST SAPPHIRE GREEN REFRACTOR /99
,,,2025 Bowman Chrome Chase Mobley 1st Auto /499 Guardians
,,,2025 Bowman Chrome Chase Mobley Gold #5/50
,,,2025 Bowman Chrome Baseball Chase Mobley Gold Shimmer 1st Bowman Auto /50
,,,2025 Bowman Chrome Chase Mobley Gold Shimmer Auto 10/50 1st Bowman Guardians
,,,2025 Bowman Chrome Chase Mobley 1st Bowman Guardians Speckle Refractor OA4
,,,2025 Bowman Chrome Prospect Green Lava Refractor 53/99 Chase Mobley Auto v9t
,,,Chase Mobley 2025 Bowman Chrome 1st Mini Diamond Refractor Auto 60/100
,,,Chase Mobley 2025 1st Bowman Chrome AUTO Prospect REFRACTOR 299/499 RC C6
,,,2025 Bowman Chrome Chase Mobley Cleveland Guardians Blue Xfractor Auto /150
,,,2025 Bowman Chrome Prospect Autographs Chase Mobley 1st Bowman Green Grass /99
,,,Chase Mobley 1st- 2025 Bowman- #90/99 Green Parallel - Guardians Next Ace
,,,Chase Mobley 2025 Bowman Chrome 1st Purple Refractor /250 SP Guardians
,,,2025 Bowman Chase Mobley Refractor Auto /499
,,,"2025 Bowman - Chrome Prospect Autographs Chase Mobley Refractor /150 (AU, RC)"
,,,Chase Mobley 2025 Bowman Chrome Prospect Auto Green Refractor /99
,,,2025 BOWMAN CHASE MOBLEY 1ST BOWMAN SPECKLE REFRACTOR #212/299 GUARDIANS
,,,2025 Bowman Chen-Wei Lin 1st Chrome Green Shimmer Auto /99
,,,Chen-Wei Lin /75 Auto 2025 Bowman Chrome 1st Yellow Refractor Autograph #CPACL
,,,2025 Bowman Chrome 1st Chen-Wei Lin /175 PINK Reptilian ROOKIE CARds Cardinals
,,,2025 Bowman Chen-Wei Lin Chrome Prospects Autographs
,,,2025 bowman chrome chen-wei lin Green Grass auto
,,,2025 Bowman Chen-Wei Lin First Bowman Chrome Gold Lava Auto /50 Cardinals
,,,Chen-Wei Lin 2025 1st Bowman Chrome AUTO Mini-Diamond REFRACTOR 038/100 RC O6
,,,2025 Bowman Chrome Chen-Wei Lin 1st Bowman Gold Shimmer /50
,,,2025 Bowman Chris Campos True Purple 1st Prospect Auto /250 Dodgers
,,,2025 Bowman Chris Campos 1st Bowman Autograph Purple /250
,,,Chris Campos 2025 Bowman Prospects Purple Dodgers RC Rookie AUTO /250
,,,2025 Bowman Chris Campos 1st Purple Auto /250
,,,2025 Bowman 1st Bowman Gold Auto Chris Campos Auto 36/50 Los Angeles Dodgers
,,,2025 Bowman Chris Campos 1ST Bowman Prospect Auto Dodgers
,,,2025 Bowman Chris Campos 1st Purple Auto /250
,,,CHRIS CAMPOS 2025 Bowman 1st Bowman Prospect AUTO Rookie Card SP Dodgers
,,,Chris Campos 2025 Bowman 1st Prospect Auto Dodgers
,,,CHRIS CAMPOS 2025 Bowman 1st Bowman Prospect AUTO Rookie Card SP Dodgers
,,,2025 Bowman Chris Campos #/99 Auto 1st Bowman Green Prospect
,,,2025 Bowman Prospect Autographs Orange #BPACHC Chris Campos Auto /25 Dodgers
,,,2025 Bowman Chris Campos Paper Prospect Blue Retail Auto /150 #BPAâCHC Dodgers
,,,Bowman Chris Campos Autographed Baseball Card LA Dodgers
,,,2025 Bowman - Atlanta Braves BUY 2 GET 3 FREE!
,,,2025 Topps Five Star Chris Sale sealed rookie parallel 8/25 BRAVES
,,,2025 Bowman Chris Sale Sky Blue Border #/499 Braves
,,,2025 Topps Bowman Chris Sale Purple Parallel /299 Braves
,,,2025 Bowman Baseball Chris Sale BLUE #d 130/150 Color Match Atlanta Braves
,,,2025 Bowman Neon Green Chris Sale Numbered 157/399
,,,2025 BOWMAN CHROME #265/299 CHRISTIAN MOORE SPARKLE SPECKLE REFRACTOR PRE ROOKIE
,,,2025 Bowmanâs Best CHRISTIAN MOORE Best Performance Refractor Auto /250 #BPR-CM
,,,2025 BowmanChrome Prospect Mega Box AU/RC Christian Moore Gold Mojo Refract /50
,,,2025 Bowman Chrome Prospect Christian Moore Fuchsia Refractor /199
,,,ð¥â¾ï¸2025 Bowman Chrome Prospects Christian Moore Gold Refractor /50â¾ï¸ð¥
,,,2025 Bowman - Chrome Prospect Mega Box Autographs Christian Moore #BMA-CMO
,,,Christian Moore 2025 Bowman Chrome Prospects Fuchsia Mojo Refractor #/299
,,,2025 Bowman - Very Important Prospects Christian Moore Aqua Refractor /125 (RC)
,,,2025 Bowman - Chrome Prospect Autographs Christian Moore #BMA-CMO Gold /50
,,,Christian Moore 2025 Bowman Chrome Prospect Autographs Green Lava Auto RC 72/99
,,,2025 Bowman Christian Moore Chrome Prospects Black Refractor #/10 Angels
,,,2025 Bowman Chrome Green Sapphire Christian Moore 28/99 Mint 9
,,,2025 Bowman Chrome Christian Yelich Gold Geometric Refractor /50 Brewers MVP
,,,2025 Bowman Chrome Christian Yelich Yellow Refractor 43/75
,,,"Christian Yelich /25 Orange, /99 Green, /299 Pink 2025 Bowman Chrome + RayWave"
,,,Christian Yelich 2025 Bowman Chrome Fuchsia refractor /299 Brewers
,,,(7786) Christian Yelich #18/75 2025 Bowman Chrome Yellow Refractor Brewers
,,,2025 Bowman Chrome Christian Yelich Blue Wave /150 Milwaukee Brewers
,,,"Christian Yelich 2026 T-91 Blue 127/150, 2025 Chrome Wave, 2014 Bowman,2024 Foil"
,,,2025 Bowman Chrome Christian Yelich Brewers Purple Geometric /250
,,,2025 Bowman Chrome Christian Yelich Green Geometric /99 Brewers
,,,2025 Bowman Chrome Christian Yelich Fuchsia Refractor 205/299 Brewers
,,,2025 Topps Archives Bowman Chrome Cj Abrams MojoBCP-14 Auto /10 Padres
,,,CJ ABRAMS 2025 BOWMAN CHROME VETERANS GEOMETRIC REFRACTOR O /499
,,,CJ ABRAMS 2025 BOWMAN CHROME SAPPHIRE VETERANS REFRACTOR
,,,2025 Topps Archives CJ Abrams #/10 RC ROOKIE AUTO 2021 Bowman Chrome Mojo SP
,,,CJ Abrams 2025 Topps Archives RC ROOKIE AUTO #/60 2020 Bowman Chrome Draft SP
,,,2025 Topps Archives CJ ABRAMS Rookie RC AUTO #/30 2022 Bowman Platinum Encased
,,,2025 Topps Archives CJ Abrams AUTO RC ROOKIE /30 2022 Bowman Chrome SP Nationals
,,,CJ Abrams 2025 Bowman Paper 49 Red 2 / 5
,,,2025 Topps Archives Signature Series CJ ABRAMS 2024 Bowman On Card Auto # /10
,,,2025 Bowman Chrome CJ Abrams /150
,,,2025 Bowman CJ Abrams /299
,,,2025 Bowman Chrome Fuchsia Refractor /299 CJ ABRAMS
,,,CJ Abrams 2025 Bowman Chrome Sapphire Black Refractor /10 WAS Nationals
,,,CJ Abrams 2025 Topps Archives RC ROOKIE AUTO #48/60 2020 Bowman Chrome Draft SP
,,,2025 Bowman Purple Pattern C.J. Abrams Numbered 064/199
,,,2025 Bowman Chrome CJ Abrams Refractor #/499 Nationals
,,,2025 Bowman Chrome 1st Cobb Hightower Auto Gold Shimmer Refractor /50 SP
,,,2025 Bowman Sapphire Cobb Hightower Chrome 1st Yellow Refractor /75
,,,2025 Bowman Chrome Cobb Hightower Autograph /299
,,,2025 Bowman Chrome Cobb Hightower Autograph /499
,,,2025 Bowman | Cobb Hightower | 1st Bowman Chrome Refractor Auto /499 | Orioles
,,,COBB HIGHTOWER 2025 Bowman Chrome 1st TRUE GREEN REFRACTOR SP #/99 Padres
,,,COBB HIGHTOWER 2025 Bowman Chrome 1st TRUE GREEN REFRACTOR SP #80/99 Padres
,,,2025 Bowman Cobb Hightower Chrome Autographs Speckle #/299
,,,2025 Bowman Best 90/99 Coby Mayo Best-Tek Acetate (RC) (SP)  ORIOLES
,,,2025 Bowman Best Coby Mayo Purple Rookie Autograph /75 #B25-CM Orioles RC
,,,2025 Bowman Chrome Coby Mayo Etched in Glass Variation SSP Rookie Orioles RC
,,,COBY MAYO 2025 Bowmanâs Best BEST-TEK Orange /25 Color Match! #BT-10 RC Rookie
,,,2025 Bowman Chrome Autograph Relic Coby Mayo /150
,,,2025 Bowmanâs Best Coby Mayo Rookie Best-Tek Acetate /99
,,,2025 Bowman Chrome - COBY MAYO RC Patch Auto ORIOLES Black 01/10 #BCAR-CM
,,,2025 Bowman Chrome Coby Mayo Green Refractor RC 84/99 Orioles
,,,2025 Bowman Chrome Coby Mayo Red Rookie
,,,2025 Bowman Chrome Coby Mayo Crystallized SSP Case Hit RC
,,,2025 Bowman Chrome Coby Mayo Rookie Autograph Card 372/499
,,,Coby Mayo 2025 Bowman Chrome Rookie Green Refractor /99 Orioles
,,,2025 Bowman Chrome Coby Mayo Green Wave Refractor /99 + 2x Pulsar /399
,,,2025 Bowman Chrome Cody Bellinger Black Parallel 03/10 NY Yankees
,,,2025 Bowman Chrome Cody Bellinger Pulsar Refractor 065/399
,,,Cody Bellinger 2025 Bowman Chrome Silver Wave Refractor /100
,,,Cody Bellinger 2025 Bowman Yellow Pattern #52 /75 New York Yankees
,,,2025 Bowman Chrome Cody Bellinger 69/150 Wave Blue Refractor Yankees B153
,,,ð«â¾ï¸CODY BELLINGER 2025 Bowman Chrome True Green Refractor /99 #YANKEES STARâ¾ï¸ð«
,,,(7149) Cody Bellinger #/50 2025 Bowman Chrome Gold Yankees
,,,(7789) Cody Bellinger #42/75 2025 Bowman Chrome Sapphire Edition Yellow Yankees
,,,2025 Bowman Chrome Cody Bellinger Yankees Teal Geometric Refractors /125
,,,2025 BOWMAN PARALLEL CODY BELLINGER GREEN #52 /99
,,,2025 Bowman Chrome Cody Bellinger Gold Geometric 39/50
,,,2025 Bowman Baseball - Cody Bellinger Orange Paper New York Yankees /25
,,,2025 Bowman Chrome Cody Freeman 1st Speckle Refractor Auto /299
,,,2025 Bowman Cody Freeman 1st Chrome Prospect Auto Speckle Refractor /299 Rangers
,,,2025 Bowman Chrome Cody Freeman 1st Mini Diamond Refractor Auto /100
,,,CODY FREEMAN 2025 BOWMAN CHROME 1ST GREEN REFRACTOR AUTO /99 Q0208
,,,"2025 Bowman - Chrome Prospect Autographs Cody Freeman Refractor /499 (AU, RC)"
,,,2025 Bowman Chrome Prospect Autographs Cody Freeman  Speckle Refractor /299
,,,2025 Bowman Cody Freeman Chrome Purple Geometric Refractor 1st #221/250
,,,2025 Bowman Cody Freeman 1st Chrome Prospect Auto Speckle Refractor /299 Rangers
,,,ð¥2025 Bowman - Cody Freeman 1st Bowman Yellow Border /75 Texas Rangers SP
,,,ð¥2025 Bowman  Cody Freeman 1st Bowman Chrome Purple Wave Refractor /250 Rangers
,,,2025 Bowman Chrome Cody Freeman Raywave Gold Refractor Auto RC #2/50
,,,2025 Bowman Chrome - Cody Freeman 1st Mini Diamond Refractor Auto 58/100 Rangers
,,,2025 Bowman Cody Freeman Chrome Green Grass Refractor 1st #/99 Rangers
,,,2025 Bowman Chrome Cody Freeman Purple Autograph /250
,,,2025 Bowman Chrome Cole Fontenelle PEARL PACK EXCLUSIVE Refractor SSP Angels 1st
,,,2025 Bowman Cole Fontenelle Chrome Auto Gold Lava Refractor /50 1st Prospect
,,,2025 Bowman Chrome Cole Fontenelle 1st Gold Refractor Autograph /50 Angels Auto
,,,2025 Bowman Cole Fontenelle Chrome Wave Refractor 1st Prospect #/350 Angels
,,,2025 Bowman Chrome Cole Fontenelle X-Fractor
,,,Cole Fontenelle 2025 Bowman Chrome 1st Rookie DIAMOND SPECKLE SSP/299! ANGELS!
,,,Cole Fontenelle 2025 Bowman Chrome 1st Green Grass Refractor Auto /99 Angels
,,,2025 Bowman - Chrome Prospects Cole Fontenelle - SP -Yellow Refractor /75 (RC)
,,,2025 Bowman Chrome /99 Green  1st Auto Cole Fontenelle Los Angeles Angels
,,,2025 Bowman Chrome 1st Cole Fontenelle Green Grass Refractor Auto /99
,,,Cole Fontenelle 2025 1st Bowman Chrome Red Geometric Refractor /5 SSP
,,,2025 Bowman Chrome Cole Fontenelle 1st Bowman Sparkle Auto /299 Angels
,,,Cole Fontenelle 1st 2025 Bowman Chrome Prospect Auto Refractor /499 Angels
,,,2025 Bowman Cole Fontenelle Orange Wave Refractor Auto /25 Angels
,,,2025 Bowman Chrome Cole Fontenelle (RC) 1st Purple Geometric Refractor /250
,,,Cole Ragans 2025 Bowman Yellow Rookie RC Kansas City Royals 38/75 C94
,,,Cole Ragans 2025 Bowman Blue Bandanna Paper Border Kansas City Royals /125
,,,Cole Ragans 2025 Bowman Blue Paper Parallel /150 Royals Color Match
,,,2025 Bowman Cole Ragans Retro Foil Parallel Case Hit Kansas City Royals
,,,2025 Bowman Cole Ragans Gold 40/50
,,,ðª¶Cole Ragans 2025 Bowman Gold Parallel /50 Mint
,,,2025 Bowman Cole Ragans Blue Border /125
,,,"2025 BOWMAN BASEBALL. COLE RAGANS ""PURPLE"" # /250"
,,,Cole Young 2024 Bowman Chrome Gladiators of the Diamond Rookie Refractor SP RC
,,,Cole Young 2022 1st Bowman & 2025 Chrome BTP REFRACTOR Mariners MAKE AN OFFER!
,,,Cole Young 2023 Prizm Baseball Res Cracked Ice Prizm Parallel Rookie
,,,2025 Bowmanâs Best COLSON MONTGOMERY Best-Tek Gold Acetate Auto /50 #BTA-CMO
,,,2025 Bowmanâs Best Top Prospect #TP-4 - Colson Montgomery - Chicago White Sox
,,,2025 Bowmanâs Best COLSON MONTGOMERY #/199 BLUE LAVA REFRACTOR White Sox Rookie
,,,2025 Bowmanâs Best Colson Montgomery Best-Tek Red Acetate Case Hit  4/5
,,,2025 Bowmanâs Best - Colson Montgomery Top Prospects TP-4 Orange Refractor /25ð¥
,,,2025 Bowmanâs Best COLSON MONTGOMERY #/199 BLUE LAVA REFRACTOR White Sox Rookie
,,,2025 Bowmanâs Best COLSON MONTGOMERY REFRACTOR SP White Sox Rookie #TP-4
,,,2025 Bowmanâs Best Colson Montgomery Blue Lava Refractor /150 White Sox
,,,2025 Bowmanâs Best Colson Montgomery Top Prospects TP-4 - Orange Refractor /25
,,,2025 Bowman - Colt Emerson Chrome Prospects Yellow Wave Refractor #/75 Mariners
,,,2025 Bowman Chrome Mega Mojo Purple Refractor /250 VIP Colt Emerson Mariners
,,,2025 Bowman - Chrome Prospects Colt Emerson Fuchsia Reptilian Refractor /199
,,,2025 Bowman Chrome Colt Emerson /50 Gold Reptilian Refractor RC Seattle Mariners
,,,COLT EMERSON 2025 BOWMAN CHROME BLUE REFRACTOR RC 108/150 SEATTLE MARINERS
,,,Colt Emerson RARE REFRACTOR MOJO PRIZM INVESTMENT ROOKIE CARD Seattle Mariners
,,,Colt Emerson 2025 Bowmanâs Best Tek Gold /50 SP Case Hit Rookie Mariners ð¥
,,,2025 Bowman Colt Emerson Blue Refractor /150 True Blue Mariners Color Match
,,,2025 Topps Archives Colton Cowser 2023 Bowman Prospect On Card Auto /49 Orioles
,,,2025 Topps Archives Colton Cowser RC ROOKIE #/45 AUTO 2023 Bowman Chrome Draft
,,,2025 Topps Archives Colton Cowser Bowman Chrome Genesis Auto #/10 Orioles
,,,â¾ COLTON COWSER ROOKIE CARDS | 2024 Topps & Bowman Chrome + 2025 Topps Chrome
,,,2025 Topps Archives Signature Series Sights On September Colton Cowser 4/45 Auto
,,,Topps COLTON COWSER 1989 35th Anniversary Archives Signature Series /10 89B-12
,,,Colton Cowser 2025 Topps Archives Signature Series Auto /45 Orioles
,,,2025 Topps Archives Signature Series 27/45 Colton Cowser Buyback Auto 1co7
,,,Colton Cowser 2023 Bowman Sights on September (2) Prospective Royalty Refractor
,,,Colton Cowser 2022 Bowman Chrome Top 100 & (2) Prospective Royalty Refractor
,,,Colton Cowser 2023 Bowman Sights on September (2) & Scouts Top 100 Refractor
,,,Colton Cowser 2023 Bowman Sights on September (2) & Optic College Ticket Prizm
,,,2024 Baseball Team Pack Orioles 20 Card Pack Ripken + 2025 Topps Series 1 Team S
,,,Colton Cowser Baltimore Orioles 2026 2025 2024 Topps Bowman Gift Plaque 4X6
,,,Colton Cowser Baltimore Orioles 2026 2025 2024 Topps Bowman 2 Card Gift Plaque 6
,,,2021 Bowman s Best Refractors - YOU WANT THESE!! NEW --Updated Pricing 8/7/2025
,,,2025 Topps Archives Signature Series Colton Cowser 2023 Bowman Auto /45
,,,2025 Bowman Rookies Veterans Autographs Gold Colton Cowser /50 Baltimore Orioles
,,,2025 Topps Archives Signature Series Colton Cowser 2024 Bowman RC Auto /89
,,,2025 Topps Archives Signature Series Colton Cowser 2024 Bowman RC Auto /89
,,,2025 Topps Archives - COLTON COWSER 15/45 Auto 2023 Bowman Chrome
,,,2025 Topps Archives Signature Series  Colton Cowser #24B-31 2024 Bowman /89 (AU)
,,,2025 Topps Archives Signature Series Colton Cowser Rookie Auto /89
,,,2025 Bowman Colton Cowser Auto GOLD /50  Orioles. GOLD /50
,,,2022 Colton Cowser Bowman Chrome In 3D Encased Auto 5/10 #B3D-20
,,,2025 Bowman Connor Norby ROOKIE 46 Gold /50 Miami Marlins RC
,,,Connor Norby 2025 Prizm Blue Cracked Ice & 2025 Bowman Chrome Mojo Refractor
,,,2025 Bowman Chrome Connor Norby Rookie Black Refractor /10 Marlins
,,,2025 Bowman Chrome Connor Norby 27/99 Auto Green Refractor Rookie Card Marlins
,,,2025 Bowman Chrome Connor Norby Marlins Orange Mojo Auto Rookie /25
,,,2025 Bowman Chrome Connor Norby RC Auto BLUE /150 + Sapphire IMAGE VARIATION Rc
,,,2025 Bowman Chrome - Rookie Mega Auto - Connor Norby #RMA-CN RC Auto #81/99 SP
,,,2025 Bowman Connor Norby Purple Bandana /199 RC
,,,2025 Bowman Mega Box Connor Norby Orange Mojo Refractor Auto /25
,,,Connor Norby Rookie #/175 2025 Bowman Pink
,,,2025 Bowman Connor Norby 46 RC Mojo Refractor Miami Marlins
,,,2025 Bowman Red Rookie Redemption Connor Norby (RC) Marlins
,,,2025 Bowman Chrome Conrad Cason Green Reptilian Autograph /99 1st Bowman Auto
,,,2025 1st Bowman Chrome Conrad Cason /25 Reptilian Orange ð RedSox ðð¥ð
,,,2025 Bowman Conrad Cason Prospects True Red Refractor /5 Boston Red Sox
,,,2025 Bowman Chrome Conrad Cason Green Refractor 61/99 1st Bowman Boston Red Sox
,,,2025 Bowman Conrad Cason Chrome 1st Bowman Gold Shimmer Refractor Auto /50
,,,2025 Bowman Chrome Conrad Cason Gold Shimmer Ref Autograph /50 1st Ref Auto
,,,2025 Bowman Chrome 1st Bowman Chrome Conrad Cason Refractor Auto /499 Red Sox
,,,Conrad Cason 2025 1st Bowman Chrome FUCHSIA REPTILLIAN ROOKIE RC #'ed /199
,,,2025 Bowman Chrome 1st Conrad Cason True Blue Refractor Auto /150
,,,2025 Topps Bowman Chrome Conrad Cason Yellow Refractor Auto /75 Red Sox
,,,"2025 Bowman - Chrome Autographs Conrad Cason Green Lava Refractor /99 (AU, RC)"
,,,2025 BOWMAN!  CONRAD CASON!  1ST BOWMAN!  ON-CARD AUTO!  BLUE REFRACTOR!  #/150!
,,,Topps 2025 Bowman Conrad Cason Green Reptilian Refractor Auto /99 Red Sox
,,,Conrad Cason- 2025 Bowman 1st Chrome Sparkle Auto /299
,,,Topps 2025 Bowman Conrad Cason Green Reptilian Refractor Auto /99 Red Sox
,,,2025 Bowman - 1st Bowman Conrad Cason True Blue Auto /150
,,,"2025 Bowman Chrome - Mega Box  Prospect Mojo Auto Cooper Pratt #BMA-CP (AU, RC)"
,,,2025 Bowman Chrome Cooper Pratt Mojo Auto Brewers
,,,2025 Bowman Chrome - Very Important Prospects - Cooper Pratt
,,,Cooper Pratt Auto 2025 Bowman Chrome Mojo Refractor #BMA-CP Milwaukee Brewers
,,,2025 Bowman Chrome Baseball Cooper Pratt Autograph Orange Mojo /25 Mil Brewers
,,,2025 Bowman Chrome Refractor BDC-157 Cooper Pratt
,,,2025 Bowman Chrome Cooper Pratt BMA-CP Mojo Prospect Refractor Auto RC SP Rookie
,,,2025 Bowman Chrome Refractor BDC-157 Cooper Pratt Brewers
,,,2025 BOWMAN CHROME DRAFT COOPER PRATT AQUA GEOMETRIC MILWAUKEE BREWERS /125
,,,2025 Bowman Chrome Cooper Pratt Purple Auto 28/199 Jersey Match #BMA-CP Brewers
,,,COOPER PRATT 2025 BOWMAN CHROME DRAFT GOLD GEOMETRIC BREWERS /50
,,,2025 Bowman Chrome Refractor BDC-157 Cooper Pratt Brewers
,,,2025 Bowman Chrome - Cooper Pratt Prospect Mojo Refractor Autograph Card Brewers
,,,"2025 Bowman- Chrome Autograph Relics Cooper Pratt #BCAR-CP /150 (AU,MEM,RC)"
,,,2025 Bowman Chrome Mega Cooper Pratt Autograph Auto Green #/99 #BMA-CP Brewers
,,,2025 Bowmanâs Best Corbin Carroll Purple Lazer Refractor 133/ 250 Diamondbacks
,,,2025 Bowman Corbin Carroll Auto Diamondbacks
,,,CORBIN CARROLL 2025 Bowmanâs Best Performers Lava Refractor /50 Diamondbacks
,,,Topps 2025 Bowman Corbin Carroll Orange Autograph /25 Diamondbacks
,,,2025 Bowman Chrome Gold Sapphire Corbin Carroll 36/50 Gem Mt 10
,,,"2025 Bowmanâs Best, Corbin Carroll, Mini Diamond Refractor Parallel /299"
,,,Topps 2025 Bowman Chrome Refractor Corey Seager #45 /499 Texas Rangers
,,,2025 Bowman Corey Seager Blue /150 Rangers
,,,2025 Bowmanâs Best Gold Lava Refractor Corey Seager 22/50
,,,2025 Bowman Chrome Corey Seager Yellow Refractor #/75 Rangers
,,,2025 Bowman Best Baseball Corey Seager Mini Diamond Rangers
,,,2025 Bowman Cory Lewis 1st Chrome Prospect Auto Speckle Refractor /299 Twins
,,,2025 Bowman Prospects Cory Lewis 1st Bowman Gold /50 Twins
,,,2025 Bowman Cory Lewis 1st Bowman Chrome Blue Reptilian Refractor #/150 Twins
,,,2025 Bowman Chrome Cory Lewis 1st Bowman Auto Speckle Refractor /299
,,,2025 Bowman Chrome Cory Lewis 1st Speckle Refractor Auto /299 Twins
,,,2025 Bowman Baseball Cory Lewis Blue Shimmer Refractor /150
,,,2025 Bowman Cory Lewis Chrome Prospect Autographs Mini Diamond Refractor /100
,,,2025 Bowman Chrome - Cory Lewis 1st Auto Speckle Refractor /299
,,,2025 Bowman Chrome - Cory Lewis 1st Auto Green Refractor /99
,,,2025 Bowman Chrome 1st Cory Lewis Base Autp
,,,2025 Bowman Cory Lewis Chrome Auto Purple Refractor 1st 170/250 Twins
,,,CORY LEWIS 2025 BOWMAN CHROME AUTO 1ST PROSPECT TWINS SURFACE DEFECT
,,,2025 Bowman CORY LEWIS Chrome Green Refractor 1st Prospect Card /99 Twins
,,,2025 BOWMAN!  CORY LEWIS!  1ST BOWMAN!  ON-CARD AUTO!  MINI DIAMOND!  #/100!
,,,2025 Bowman Chrome Prospect 1st Cory Lewis Twins Purple Reptilian /199
,,,2025 Bowman Cory Lewis Base Auto X2
,,,2025 Bowman Cory Lewis Base Auto + Aqua X-Fractor /125
,,,2025 Bowman Cory Lewis Base Auto + Fuchsia Refractor 67/199
,,,Cory Lewis 1st Bowman /99 2025 Bowman Chrome Geometric Green Refractor Twins
,,,2025 Bowman D'Angelo Ortiz Chrome Prospect Auto Gold Refractor #02/50 Red Sox
,,,DâANGELO ORTIZ 2025 Bowman Chrome 1st Fuchsia Wave Refractor #/199 Red Sox ð¥ð¥
,,,2025 Bowman D'Angelo Ortiz Lava Gold /50 Auto
,,,DâANGELO ORTIZ 2025 Bowman Chrome 1st Green Shimmer Refractor #/99 Red Sox
,,,2025 Bowman Chrome D'angelo Ortiz Speckle Refractor
,,,2025 Bowman Chrome Prospect D'Angelo Ortiz 1st On Card Auto Yellow Refractor /75
,,,2025 Bowman Chrome DâAngelo Ortiz Blue X-Fractor Autograph /150 1st Ref Auto
,,,2025 1st Bowman Lava Refractor /399 D'ANGELO ORTIZ
,,,2025 Bowman D'Angelo Ortiz Pink Paper /175  Boston Red Sox Topps
,,,DâAngelo Ortiz 2025 Bowman Mini-Diamond Refractor Auto /100 1st RC Red Sox
,,,2025 Bowman Chrome DâAngelo Ortiz Orange Shimmer Autograph 11/25 Sox Ref Auto
,,,2025 Bowman Chrome DâAngelo Ortiz Sunflower Seeds Autograph 5/5 Sox Ref Auto
,,,2025 Bowman Chrome D'Angelo Ortiz #'ed 173/199 PURPLE Reptilian RC-Red Sox
,,,2025 Bowman Chrome DâAngelo Ortiz Sapphire Gold Autograph /50 1st Ref Auto
,,,D'Angelo Ortiz Boston Red Sox 2025 Bowman 1st Bowman **
,,,D'Angelo Ortiz 2025 Bowman Chrome Prospect Autographs Speckle Refractor /299
,,,2025 Bowman Chrome - Dalton Rushing Yellow Refractor 47/75 LA Dodgers RC
,,,2025 Bowman Chrome Dalton Rushing Rookie Green Refractor 63/99 Dodgers
,,,2025 Bowman Chrome Rookie Card RC Dalton Rushing 100 Dodgers
,,,Dalton Rushing 2025 Bowman Chrome Refractor Auto /499 Rookie Dodgers RC
,,,2025 Bowman Chrome Dalton Rushing Pulsar Refractor Rookie 377/399
,,,2025 Bowman Chrome- Autograph Relics Dalton Rushing Dodgers Gold Refractor /50
,,,2025 Bowman Chrome Dalton Rushing Refractor Patch Auto /150 LA Dodgers ð¥ð¥
,,,Dalton Rushing 2025 Bowman Chrome Refractor Auto /499 Rookie Dodgers RC
,,,2025 Bowman David Festa RC Blue /150 Minnesota Twins Rookie
,,,2025 Bowman David Festa Rookie Retro Logo Foil Case Hit SSP
,,,Excellent: 2025 Bowman David Festa Minnesota Twins Rookie Trading Card
,,,David Festa 2025 Bowman Chrome Silver Refractor
,,,DAVID FESTA 2025 Bowman Chrome Refractor RC Red Rookie Redemption SP / Twins
,,,2025 BOWMAN!  DAVID FESTA!  RC!  RED ROOKIE REDEMPTION!  REFRACTOR!  MN TWINS!
,,,DAVID FESTA 2025 BOWMAN ROOKIES NEON GREEN BORDER TWINS RC 207/399
,,,2025 Bowman David Hagaman 1st Auto Paper Texas Rangers
,,,2025 Bowman Chrome David Ortiz Jr Auto 1st Prospect Gold Shimmer Refractor 22/50
,,,David Ortiz Jr. 2025 Bowman Chrome 1st Auto Blue Refractor /150 (RC) Rangers
,,,David Ortiz Jr. 2025 Bowman Chrome 1st HTA Choice Mojo Auto /150 Texas Rangers
,,,2025 Topps 1st Bowman Chrome David Ortiz Jr Orange Prospects Paper 08/25
,,,2025 Bowman David Ortiz Jr. Chrome 1st Reptilian Refractor Rangers
,,,2025 Bowman Chrome - David Ortiz Jr. - 1st Bowman (LIL PAPI)
,,,DAVID ORTIZ JR. 2025 Bowman Chrome 1st True Gold Refractor Auto /50 #LITTLE PAPI
,,,2025 Bowman DAVID ORTIZ JR. Chrome Reptilian Refractor 1st Prospect Card Rangers
,,,2025 Bowman Chrome Prospects - David Ortiz Jr. #/99 Green Geometric  1st Bowman
,,,2025 Bowman Chrome David Ortiz Jr 1st Bowman  Refractor 1/5
,,,2025 Bowman Chrome David Ortiz Jr. Fuchsia Reptilian Refractor /199 Rookie
,,,2025 Bowman David Ortiz Jr 1st Paper True Blue /150 Rangers
,,,2025 Bowman David Ortiz Jr Bowman Retro Logo Foil SSP Rare
,,,David Ortiz Jr. 2025 Bowman Chrome Prospects Reptilian Refractor 1st Bowman
,,,2025 David Ortiz Jr. 1st Bowman Chrome True Green Refractor /99 Rangers
,,,2025 Bowmanâs Best Dawel Joseph RPA Orange Ref /25 #PPA-DJ on Card!!
,,,DAWEL JOSEPH (Seattle) 2025 BOWMAN CHROME PROSPECT YELLOW SHIMMER CARD #13/75
,,,ð±â¾ï¸DAWEL JOSEPH 2025 Bowman Chrome Sapphire Yellow Refractor /75 #MARINERS!â¾ï¸ð±
,,,(7797) Dawel Joseph #48/50 2025 Bowman Chrome Sapphire Edition Gold RC Mariners
,,,(2) 2025 Bowman Chrome DAWEL JOSEPH + JACOB BRESNAHAN 1st Reptilian Refractor
,,,2025 Bowman Chrome Dawel Joseph Blue Shimmer /150
,,,2025 Bowmanâs Best Dawel Joseph Prospect Patch Auto Orange Ref /25 #PPA-DJ
,,,2025 Bowman Chrome Dawel Joseph Gold Shimmer Refractor 16/50 SP Seattle Mariners
,,,DAWEL JOSEPH 2025 BOWMAN Paper GOLD MARINERS /50
,,,2025 Bowman Sapphire Dawel Joseph Chrome Prospects Green Refractor 55/99
,,,2025 Bowman Best  Dawel Joseph Patch Auto /25 Seattle
,,,DAWEL JOSEPH 2025 BOWMAN CHROME SAPPHIRE GREEN REFRACTOR  /99 ð
,,,2025 Topps Chrome Cooperstown Calls CC Sabathia Auto /25 SSP HOF Yankees RARE
,,,2025 Bowman Anime Derek Jeter Anime-Red Refractor 1/5 SSP First On Print
,,,New York Yankees Baseball Cards
,,,2025 Topps Heritage CHROME Lake Bachar /50 GOLD REFRACTOR SP Rookie Card No. 254
,,,1993 Bowman Derek Jeter Gold Rookie Card Yankees
,,,2025 Topps Stadium Club In Case of Emergency Derek Jeter #ICE-7 Yankees 22 Cards
,,,2025 TOPPS Stadium Club In Case Of Emergency-DEREK JETER(TOPPS Bunt DigitaI Card
,,,2025 Topps Pro Debut Cooper Pratt Base RC Rookie Auto Autograph SP Brewers
,,,20 Card Multiyear Team Pack Yankees Aaron Judge 2025 2024 2023 Topps Chrome Heri
,,,Derek Jeter New York Yankees 9 Card Legend Pack Topps Bowman 2025 2024 2023
,,,2024 Topps Chrome Derek Jeter TOPPS 89â MOJO PRIZMS(2)  + REFRACTOR + 4 ð¥ð¥ð¥
,,,2025 Topps Chrome Cooperstown Calls CC Sabathia Auto /25 SSP HOF Yankees RARE
,,,2025 Topps T205 - Luis Gil - SSP Wood Stock Variation New York Yankees Mint
,,,Bobby Witt Jr. 2025 Bowmanâs Best Tek Blue /75 Case Hit SP Color Match Royals ð¥
,,,MLB BASBBALL MYSTERY TRADING CARD PACK - 50 PLUS CARDS 1965 - 2025 PATCH OR AUTO
,,,2023 Bowman Chrome Oswaldo Osorio 1/1 1st True Rose Gold Prospect
,,,2022 Bowmanâs Best Royce Lewis Gold Lava Auto /75 Rc
,,,2025 Bowman Chrome Coby Mayo Auto Green /99 Rc Refractor
,,,2025 Bowmanâs Best Noah Schultz Auto /250
,,,2025 Bowmanâs Best Bubba Chandler Auto
,,,2025 Topps Series 1 Ronald Acuna Jr. MLB Material GU Bat Orange Relic #d 14/25
,,,2025 Bowman Chrome - Bowman Garbage Pail Kids - Derek Jeter #BGP-31 - YANKEES
,,,2025 Didier Fuentes True Purple 1st Bowman Auto /250
,,,2025 Bowman Didier Fuentes 1st Refractor Autograph /499
,,,2025 Bowman Chrome Didier Fuentes Gold Lava Refractor /50 Atlanta Braves (RC)
,,,2025 Bowman Chrome 1st FUSCHIA REPTILIAN REFRACTOR Didier Fuentes #/199
,,,2025 Bowman Chrome 1st Didier Fuentes /199 Reptillian Fuchsia Refractor Braves
,,,2025 Bowman DIDIER FUENTES 1st Bowman GOLD LAVE AUTO /50 BRAVES SP! SSP! RC
,,,2025 Bowman Chrome Baseball DIDIER FUENTES 1st Green Shimmer Auto #19/99
,,,2025 Didier Fuentes 1st Bowman Auto Green Lava Refractor 66/99 32426
,,,2025 Didier Fuentes 1st Bowman Auto Green Lava Refractor 45/99 32426
,,,2025 Bowman Didier Fuentes Chrome Gold Shimmer Refractor 1st #/50 Braves
,,,Didier Fuentes Atlanta Braves 2025 Bowman  1st Bowman ****
,,,2025 Bowman - Didier Fuentes - 1st Bowman Chrome and Paper Prospects - Braves
,,,2025 Bowman Chrome- Didier Fuentes- Reptilian Refractor
,,,Didier Fuentes 1st Bowman Speckle Refractor Auto /299 Braves Topps 2025
,,,2025 Topps 1st Bowman Didier Fuentes Chrome Mojo Refractor Auto /150
,,,2025 Bowman Chrome Didier Fuentes Green Shimmer Refractor Auto /99 Braves
,,,2025 Bowman Chrome Drake Baldwin Rookie /399
,,,2025 Bowmanâs Best Drake Baldwin RC Rookie Base
,,,"2025 Bowmanâs Best Best Performance Bundle Drake Baldwin, Bubba Chandler"
,,,2025 Bowman Best Laser Purple Drake Baldwin /250
,,,2025 Bowman Chrome Drake Baldwin SP Red Rookie Variation (RC)
,,,DRAKE BALDWIN 2025 BOWMAN CHROME ROOKIE GREEN  REFRACTOR RC /99 Q4440
,,,2025 Bowman Chrome Drake Baldwin True Gold 50/50 Braves Rookie Refractor ââ
,,,2025 Bowmanâs Best Drake Baldwin RC Green Mini Diamond Refractor /99 SP Braves
,,,Drake Baldwin Braves Signed 2025 Bowman Chrome Sapphire Rookie RC Paint .
,,,Drake Baldwin Braves Signed 2025 Bowman Chrome Sapphire Rookie RC Paint
,,,2025 Bowman Chrome - Drake Baldwin Red Rookie Refractor SP Atlanta Braves
,,,2025 Bowman Chrome Drake Baldwin Blue Mojo Refractor /150 Rookie Card (Braves)
,,,2025! Topps! Mets! Pirates! Chrome! Top 100! 1st Bowman! Jebb! Gilbert! & More!
,,,2025 Bowman Drew Romo Chrome ROY Favorites Auto RC Orange Refractor /25 Rockies
,,,(6) 2025 Bowman Rookie Of The Year Favorites Romo Jung Acuna Sweeney Alcantara
,,,2025 Bowman Chrome Refractor Drew Romo (RC)
,,,Drew Romo- 2025 Bowman Chrome ROY Purple Mojo Die-Cut /250
,,,2025 Bowman Drew Thorpe Rookie Burgundy Mojo Refractor /275 White Sox
,,,2025 Bowman Chrome Drew Thorpe Aqua Mojo Refractor RC /125 Chicago White Sox
,,,Drew Thorpe 2025 Topps Bowman Purple Pattern 50/199 Rookie (RC) Chi White Sox
,,,Drew Thorpe 2025 Bowman Chrome Blue Mojo Refractor /150 White Sox RC
,,,2025 Bowman Chrome Drew Thorpe RC Rookie Red Redemption Chicago White Sox
,,,2025 Bowman Drew Thorpe 8 RC Blue Mojo Refractor /150 | Chicago White Sox
,,,Drew Thorpe 2025 Bowman Foil Retro Logo RC SSP Chicago White Sox
,,,Drew Thorpe 2025 Bowman Red Rookie Logo Redemption Refractor
,,,2025 Bowman Drew Thorpe Purple Auto /250 Plus All The Cards In Photos
,,,Drew Thorpe 2025 Bowman Chrome Blue Mojo Refractor /150 White Sox RC
,,,2025 Bowman Chrome Red Rookie Redemption Drew Thorpe RC White Sox
,,,2025 Bowman Drew Thorpe Blue Paper Parallel Auto /150 Chicago White Sox
,,,DRUW JONES 2025 BOWMAN BASEBALL PAPER AUTOGRAPH DIAMONDBACKS AUTO Q4846
,,,DRUW JONES 2025 GOLD BOWMAN PROSPECTS Auto #23/50  Nr.Mt-Mt CLEAN
,,,2025 Bowman Chrome Prospect Purple Druw Jones /199
,,,2025 Bowman Druw Jones Chrome Yellow Geometric Refractor 26/75 Diamondbacks
,,,Druw Jones 2025 Bowman Arizona Diamondbacks 99/99 Prospects Green Pattern
,,,2025 Bowman Druw Jones Prospect Chrome Purple Refractor /250
,,,Druw Jones 2025 Bowman Chrome Sapphire Green Refractor /99 Diamondbacks
,,,DYLAN CREWS 2025 BOWMAN CHROME MEGA BOX ROOKIE MOJO REFRACTOR RC Q0819
,,,2025 Bowmanâs Best Dylan Crews 37/50
,,,2025 Bowman Chrome Dylan Crews Pink Mojo Refractor RC /199
,,,2025 Bowman Chrome Dylan Crews Auto /499 Refractor
,,,2025 Bowman Dylan Crews Chrome Auto RC Refractor #/499 Nationals Rookie!!
,,,2025 Bowmanâs Best Dylan Crews Rookie Auto Gold /50 - WAS Nationals RC
,,,"Washington Nationals James Wood, Chaparro Auto 074/150, Dylan Crews"
,,,2025 Bowman Best Dylan Crews Best-Tek Blue Acetate 66/75 Rookie Card
,,,Bowman Chrome 2025 Dylan Crews Nationals Rookie Insert #IT-13 /150
,,,2025 Bowman Dylan Fien Chrome Auto Gold Lava Refractor 1st #32/50 Athletics
,,,2025 Bowman Dylan Fien 1st Bowman Chrome Orange Reptilian 7/25 Athletics
,,,2025 Bowman Chrome Dylan Fien Black Prospect X Fractor /10 Oakland A's
,,,2025 Bowman Dylan Fien Chrome Auto 1st Prospect Athletics
,,,Dylan Fien 2025 Bowman Prospects Black Pattern 05/10 Athletics
,,,2025 Bowman Chrome Baseball Dylan Fien Green Grass Refractor 1st Auto /99
,,,2025 Bowman Chrome Prospects Dylan Fien 1st Red pulsar Refractor RC /5
,,,Dylan Fien 5GC â¢ 2025 Bowman Chrome Red Prospect 1st RC Athletics Topps Bunt
,,,2025 BOWMAN CHROME DYLAN FIEN ORANGE REFRACTOR A'S #24/25
,,,2025 Bowman Dylan Fien 1st Firefractor /3 SSP
,,,2025 Bowman Chrome Prospect Green Grass Refractor Dylan Fien 1st Autograph 90/99
,,,2025 Bowman Chrome 1st Dylan Fien Athletics Blue Geometric /150
,,,2025 Bowman Chrome 1st Dylan Fien Refractor Auto /499
,,,2025 BOWMAN CHROME DYLAN FIEN GREEN GRASS REFRACTOR AUTOGRAPH /99
,,,2025 Bowman Chrome Edgar Quero On Card Rookie Auto White Sox ZC1
,,,2025 Bowman Chrome Edgar Quero Rc Fushia Refractor 192/299
,,,EDGAR QUERO 2025 BOWMAN CHROME ROOKIE WHITE SOX RC AUTO
,,,2025 Bowman Megabox Variation Chrome RC Auto Edgar Quero Black /10 SSP White Sox
,,,2025 Bowmanâs Best Edgar Quero Auto 150/150!
,,,2025 Bowman Chrome Edgar Quero Orange Mojo Refractor Auto /25 (RC) - White Sox
,,,2025 Bowmanâs Best Edgar Quero Blue Refractor Auto 129/150 RC SP White Sox
,,,2025 Bowman Chrome Blue Wave Refractor Edgar Quero /150
,,,EDGAR QUERO Rookie 2025 Bowman Chrome True Orange Refractor Auto /25 Chicago RC
,,,2025 Bowman Chrome Edgar Quero Green Geometric /99
,,,2025 Bowmanâs Best Edgar Quero Auto #B25-EQ (RC) Whitesox
,,,2025 Bowman Chrome Edgar Quero Auto RC Gold Refractor #/50 Rookie
,,,Edgar Quero Auto Rookie 2025 Bowman Chrome RC Chicago White Sox
,,,2025 Bowman Chrome Edgar Quero RC True Orange Refractor  /25 Chicago White Sox
,,,EDGAR QUERO 2025 BOWMAN CHROME ROOKIE WHITE SOX RC AUTO Q3917
,,,2025 Bowman Chrome Prospect Refractor Auto /499 Edgleen Perez #CPA-EPZð¥ð¥
,,,2025 Bowman Sapphire Edgleen Perez Chrome Yellow Refractor 1st #/75 Yankees
,,,2025 Bowman Edgleen Perez Chrome Auto Mini-Diamond Refractor /100 1st Prospect
,,,2025 1st Bowman Purple Geometric Refractor /250 EDGLEEN PEREZ
,,,2025 Bowman - Chrome Prospect  Edgleen Perez Auto
,,,2025 Bowman - Edgleen Perez - 1st Bowman - Green Grass Refractor Auto - 42/99!
,,,2025 Bowman Chrome Edgleen Perez 1st Auto Speckle Refractor 14/299 Yankees
,,,2025 Bowman Sapphire - Edgleen Perez Black Auto 3/10
,,,2025 Bowman Chrome 1st Edgleen Perez Green Reptilian Auto /99
,,,Edgleen Perez 2025 1st Bowman Chrome Blue Xfractor /150 AUTO Pittsburgh Pirates
,,,2025 Bowman Chrome 1st Edgleen Perez Mini Diamond Refractor Auto /100 Yankees
,,,2025 Bowman Sapphire Edgleen Perez 1st Chrome Auto /199 #CPS-EPZ Yankees
,,,2025 Bowman Chrome Edgleen Perez Green Reptilian Auto /99
,,,2025 Bowman - Chrome Prospects Edgleen Perez Speckle Refractor /299 (RC)
,,,Edgleen Perez 2025 Bowman Chrome 1st Bowman Lava Refractor Yankees /399  EV
,,,2025 Bowman Sapphire Edition - Chrome Prospect Autographs Edgleen Perez #CPS-EPZ
,,,2025 Bowman Crome Eduardo Quintero Purple Mojo Refractor On Card Auto /199
,,,2025 Bowman Chrome EDUARDO QUINTERO Rookie Prospect Refractor 1st Auto SP /499
,,,2025 Bowman Chrome Mojo Mega Purple Mojo Eduardo Quintero AUTO #/199 #BMA-EQ  ð¥
,,,2025 Bowman Chrome Prospects Auto Eduardo Quintero #BMA-EQ Green Mega Ref. 69/99
,,,2025 Bowmanâs Best Eduardo Quintero Orange X-Fractor Auto /25
,,,2025 Bowman Chrome Prospects MegaBox Purple Mojo Refractor Eduardo Quintero /250
,,,2025 Bowman Baseball Eduardo Quintero Blue X-Fractor Auto /150 Topps Sealed!!
,,,2025 Bowman Chrome Draft Achromatic Auto Green Refractors Eduardo Quintero /99
,,,Eduardo Quintero 1st Bowman Autograph ð¥ð¥
,,,Eduardo Quintero 2025 1st Bowman Chrome WAVE REFRACTOR 174/350 Dodgers
,,,Eduardo Quintero numbered Topps 1st bowman chrome blue refractor baseball card
,,,2025 Bowman Chrome Auto Eduardo Quintero 315/499 Refractor READ
,,,2025 Bowman Eduardo Quintero Mega Box Mojo Aqua /125 Dodgers 1st
,,,2025 Bowmanâs Best Eduardo Quintero Blue Lazer Refractor  /150 DODGERS!
,,,2025 1st Bowman Chrome Eduardo Quintero Blue Mojo Refractor /150 1st Dodgers
,,,2025 Bowman - Chrome Prospect Autographs Eduardo Quintero Speckle Refractor /299
,,,2025 Bowman Chrome Mega Box Eduardo Quintero Auto Mojo Refractor
,,,2025 Bowman Chrome Mega Box Eduardo Quintero Auto Mojo Refractor
,,,2025 BOWMAN CHROME EDUARDO QUINTERO BLUE MOJO REFRACTOR AUTOGRAPH /150
,,,2025 Bowman Eduardo Quintero Chrome Blue Geometric Refractor 1st /150 ColorMatch
,,,Topps 2025 Bowmanâ Best Elly De La Cruz Best-Tek Cincy Reds BT-26 Orange /25
,,,2025 Topps Elly De La Cruz/99+Bowman Chrome /399+Bowman Best TP-17 And Pros Roya
,,,Elly De La Cruz 2025 Bowmanâs Best #P-10 Pixel Portraits
,,,2025 Bowman Chrome Elly De La Cruz âMeteoric Riseâ Mojo Refractor #MR-23 â Reds
,,,2025 Bowmanâs Best Elly De La Cruz #P-10 Pixel Portraits Insert REDS
,,,2024 Bowman Chrome - My 1st Bowman Elly De La Cruz #M1B-2 Mojo Refractor (RC)
,,,Elly De La Cruz 2025 Bowman Chrome Purple Geometric #89 /250 Cincinnati Reds
,,,2025 BOWMAN CHROME 1ST HTA AUTOGRAPH /150 ORIOLES  ELVIN GARCIA
,,,2025 Bowman Chrome Prospects Purple RayWave Refractor /250 Elvin Garcia
,,,2025 Bowman Chrome Elvin Garcia 1st Green Geometric /99
,,,2025 Bowman Elvin Garcia Sky Blue Border 1st #36/499 Orioles
,,,2025 Bowman Chrome Prospect Speckle Refractor /299 Elvin Garcia Auto
,,,2025 Bowman Chrome Prospects ELVIN GARCIA Orange Wave Auto #/25
,,,2025 Bowman Chrome Prospects Elvin Garcia Fuchsia Reptilian Refractor /199
,,,"2025 Bowman Chrome - Prospect Autographs Elvin Garcia, Orioles (AU, RC)"
,,,2025 Bowman Chrome - Elvin Garcia - Green Reptilian Refractor Auto /99
,,,2025 Bowman Chrome Elvin Garcia Auto
,,,2024 tops Elvin Garcia 1st Bowman BLACK BORDER Parallel /10 RK #BP-124OBO
,,,ELVIN GARCIA 2025 BOWMAN CHROME 1ST GREEN LAVA REFRACTOR AUTO /99
,,,2025 Bowman Chrome 1st Autograph /100 Elvin Garcia Baltimore Oriels
,,,2025 Bowman Chrome Speckle Refractor Emil Morales
,,,2025 Bowman Chrome Emil Morales Auto True Green Refractor 69/99 Dodgers
,,,Emil Morales 2025 Bowman Chrome Sapphire Gold /50 Sapphire Selections Dodgers
,,,2025 Bowman Chrome Emil Morales- True Green /99 Auto- Los Angeles Dodgers
,,,2025 Bowman Chrome Gold NSCC Emil Morales/50
,,,2025 Bowman Chrome BOWMAN AUTO Emil Morales Reptilian Green /99 Dodgers
,,,2025 Bowman Chrome EMIL MORALES MOJO Refractor Auto RC Dodgers ð¥ð¥
,,,2025 Bowman Chrome Prospects Emil Morales Auto Yellow Refractor /75 RC Dodgers
,,,2025 Bowman Chrome Prospect Autographs Yellow Refractor Emil Morales /75
,,,2025 Bowman Chrome Emil Morales Speckle Autograph /299 Dodgers
,,,Emil Morales 2025 Bowman Chrome Prospect Green Reptilian Refractor /99 Dodgers
,,,2025 Bowman Chrome | Emil Morales | Prospect Blue Refractor Auto /150 | Dodgers
,,,2025 Bowman Chrome Emil Morales Prospect Auto Refractor #d 479/499
,,,"2025 Bowman Chrome -Prospect Mojo Autographs Emil Morales #BMA-EM (AU, RC)"
,,,2025 Bowman Chrome NSCC SILVER PACK National Convention Emil Morales #TP-25
,,,2025 Bowman Emil Morales Chrome Prospects Refractor #/499 Dodgers
,,,2025 Bowman Ãmilien Pitre Purple Pattern /499
,,,Emilien Pitre 2025 Bowman Chrome 1st True Orange Refractor Auto /25 Rays Card
,,,2025 Bowman Ãmilien Pitre Chrome Prospects Autographs Blue Refractor #/150
,,,Emilien Pitre 2025 1st Bowman Chrome /10 Black Refractor
,,,Emilien Pitre 2025 1st Bowman Chrome Gold Refractor /50
,,,2025 Bowman Emmanuel Clase /99 Green Bandana Parallel Guardians Numbered SP Card
,,,2025 Bowman Emmanuel Clase /150 Blue
,,,2025 Andrew Morris Bowman Green Shimmer # /99 | 2023 Brooks Lee Chrome Mojo
,,,2025 Bowman - Chrome Prospect Autographs Engelth Urena Speckle Refractor /299
,,,ENGELTH URENA 2025 Bowman Chrome Sapphire Orange Refractor /25
,,,2025 Bowman Engelth Urena Green 12/99 1st Bowman Yankees
,,,2025 Bowman Sapphire Edition - Chrome Prospect Autographs Engelth Urena #CPS-EU
,,,Engelth Urena 2025 Bowman Best Prospect Gold Mini Diamond Auto /50 Yankees
,,,2025 Bowman Chrome Engelth Urena 1st  Purple Geometric Refractor /250 Yankees
,,,2025 Bowman Engelth Urena Chrome Auto Purple Refractor 1st /250
,,,2025 BOWMAN!  ENGELTH URENA!  1ST BOWMAN!  TRUE YELLOW REFRACTOR! #/75!  YANKEES
,,,2025 Bowman Engelth Urena Chrome Purple Geometric Refractor /250 1st Yankees
,,,2025 Bowman Engelth Urena Prospects Sky Blue New York Yankees #/499
,,,2025 Bowman Chrome 1st Engelth Urena Green Lava Refractor Auto /99
,,,2025 Bowman Engelth Urena Chrome Auto Purple Refractor 1st Bowman /250 Yankees
,,,2025 Bowman Chrome Blue Sapphire Prospect Autographs Engelth Urena Auto /199
,,,2025 Bowman Chrome Baseball Engelth Urena Gold Lava Auto /50
,,,Engelth Urena  - 2025 Bowman Chrome - 1st Bowman - Yellow Refractor 24/75
,,,2025 Bowman - Chrome Prospect Autographs Engelth Urena Speckle Refractor /299
,,,2025 Bowman 1st /75 Esmith Pineda- REDS- Chrome Refractor Autographð¥ð¨
,,,2025 Bowman Esmith Pineda Chrome Prospects Autographs Speckle Refractor #/299
,,,2025 Bowman Chrome Mojo â1st Bowmanâ Esmith Pineda #BCP-37âReds â168/175 SP!
,,,2025 Bowman Chrome Speckle Esmith Pineda Auto 084/299
,,,2025 Bowman Saphire Esmith Pineda 1st Bowman Orange /25 (M867)
,,,2025 Bowman Esmith Pineda 1st Chrome Prospect Autographs Speckle Refractor #/299
,,,2025 Bowman Esmith Pineda Lava /399
,,,2025 Bowman Esmith Pineda Chrome 1st Green Lava Refractor Auto #/99
,,,Esmith Pineda 2025 Bowman Paper 1st Black Bandana #/10 Reds SSP
,,,Esmith Pineda 1st RC 2025 Bowman Chrome 1st Navy Blue Mojo Refractor /175 Reds
,,,2025 Bowman Chrome ESMITH PINEDA REFRACTOR Auto /499
,,,2025 Bowman Chrome Esmith Pineda Gold Cracked Refractor 12/50
,,,2025 Bowman Chrome 1st Prospect Autographs #CPAEP Esmith Pineda Reds
,,,2025 Bowman Chrome ESTEBAN GONZALEZ 1st Bowman Gold Shimmer Refractor AUTO /50
,,,2025 Bowman Esteban Gonzalez 1st Bowman Purple Paper 064/250
,,,2025 Bowman Chrome Esteban Gonzalez Gold Geometric Refractor /50
,,,2025 Bowman Esteban Gonzalez Chrome Prospects Auto Reptilian Green Refractor /99
,,,2025 Bowman Esteban Gonzalez Chrome Refractor Steel Metal 1st #/100
,,,2025 Bowman - Chrome Esteban Gonzalez Purple Raywave Refractor /250 (RC)
,,,2025 Bowman Chrome Esteban Gonzalez Blue X-Fractor 1st Bowman Auto #/150
,,,Esteban Gonzalez 2025 Bowman Chrome 1st TRUE Gold Refractor Auto /50 Guardians
,,,Esteban Gonzalez Cleveland Guardians 2025 Bowman 1st Bowman **
,,,2025 Topps Bowman Esteban Gonzalez Purple /250 1st Bowman Rookie Serial Numbered
,,,2025 Bowman Esteban Gonzalez Chrome Prospects Green Geometric Refractor #/99
,,,"2025 Bowman - Chrome Autographs Esteban Gonzalez Purple Refractor /250 (AU, RC)"
,,,Esteban Gonzalez 2025 Bowman Chrome 1st Gold Lava Refractor Auto 26/50 Guardians
,,,2025 Bowman Esteban Mejia Chrome Fuchsia Wave Refractor 1st Prospect /199
,,,2025 Bowman Esteban Mejia Chrome Prospect Autographs Speckle Refractor #/299
,,,2025 Topps Bowman Esteban Mejia Rangers Green #/99 NM+ Free Shipping
,,,2025 Bowman Chrome Prospects Esteban Mejia Fuchsia Reptilian Refractor /199 1st
,,,2025 Bowman Esteban Mejia Chrome Reptilian Orange Refractor 02/25 TEXAS RANGERS
,,,2025 Bowman Esteban Mejia Chrome Prospects Autographs Green Lava Refractor #/99
,,,2025 Bowman Chrome Esteban Mejia Red Geo Metric Refractor RC #2/5
,,,2025 Bowman Chrome Esteban Mejia Auto Mojo #/150 Rangers 1st Rookie RC Prospect
,,,2025 Bowman Chrome Esteban Mejia Blue Shimmer Refractor #/150
,,,Esteban Mejia- 2025 Bowman Chrome Prospect Geometric Gold Ref /50
,,,Esteban Mejia 2025 Bowman Chrome True Purple Refractor Auto /250
,,,2025 Bowman Chrome 1st Esteban Mejia True Blue /150
,,,2025 Bowman Esteban Mejia Blue Border 1st Prospect #/150 Rangers
,,,2025 Bowman Chrome Esteban Mejia Speckle Autograph 209/299 TEX Rangers
,,,2025 Bowman Chrome Esteban Mejia 1st Bowman True Gold Refractor 67/75
,,,Esteban Mejia 1st Bowman Chrome Auto Purple /250 Rangers Prospect
,,,ETHAN SALAS 2025 BOWMAN CHROME ORANGE GEOMETRIC PADRES 01/25
,,,Ethan Salas 2025 Bowman Chrome Shimmer Refractor Padres 1st Prospect Mint Card
,,,2025 Bowman Chrome Ethan Salas Fuchsia Geometric #/299 RC Rookie Padres
,,,Ethan Salas - 2025 Bowman Chrome - Aqua Geometric Refractor 042/125 - Padres
,,,2025 Bowman Chrome Sapphire Black Ethan Salas PROSPECT /10
,,,Ethan Salas #26/125  2025 Topps Bowman Chrome 1st  Teal
,,,(7737) Ethan Salas #73/75 2025 Bowman Chrome Yellow Refractor RC Padres
,,,2025 Bowman Chrome Ethan Salas Prospects Fuchsia & Blue Geometric /150 & /299
,,,2025 Bowman Chrome - Ethan Salas Yellow Wave /75 SD Padres No. 1 Prospect SSP
,,,Ethan Salas 2025 Bowman Chrome Sapphire Yellow 58/75 San Diego Padres
,,,2024 Bowman Ethan Salas Chrome Prospects Popcorn Refractor SSP Snack Pack Padres
,,,Ethan Salas 2025 Bowman Chrome Prospects Shimmer San Diego Padres
,,,Ethan Salas /250 2025 Bowman Chrome Purple Pulsar Padres
,,,2025 Bowman Chrome - Ethan Salas Peanuts / Andrew Salas Sunflower - SNACK PACK
,,,2025 Bowman Eury Perez /125 Blue Pattern Paper
,,,Eury PÃ©rez 2025 Bowman Sky Blue 39 #/499 Miami Marlins
,,,2025 Bowman Eury Perez Gold Border #/50 Marlins
,,,2025 Bowman Eury Perez #'ed 382/499 SKY BLUE Parallel-MARLINS
,,,Evan Carter Rookie Auto /35 2024 Bowman Chrome 2025 Archives Signature Rangers
,,,Evan Carter RC ROOKIE REFRACTOR BOWMAN CHROME SP RANGERS ROY MINT
,,,Evan Carter SPARKLE FUTURE STARS REFRACTOR  CARD TEXAS RANGERS TOPPS MINT
,,,Rafael Palmeiro /15 PURPLE ELECTRUM FOIL CARD TEXAS RANGERS MINT HOF
,,,2025-26 Bowman Basketball CHROME VARIATIONS ð MUST BUY 2 CARDS ELSE CANCELLED
,,,2025 Bowman - Paper Rookies and Veterans Retail Autographs Evan Carter...
,,,2025 Bowman Evan Carter Green Paper Auto Numbered 73/99  Add To Your PC Now !!!
,,,2025 Bowman - Paper Rookies and Veterans Retail Autographs Evan Carter...
,,,2025 Topps Archives - Evan Carter 2024 Bowman Chrome RC Auto /35 Sealed Rangers
,,,2025 Bowman Evan Carter Blue Parallel Auto 127/150 Rangers
,,,2024 Baseball Team Pack Rangers 20 Card Pack Nolan Ryan + 2025 Topps Series 1 Te
,,,20 Card Multiyear Team Pack Texas Rangers 2024 2023 2025 Corey Seager Topps Stad
,,,Dallas City Team Pack Cowboys Mavericks Texas Rangers 2024 2026 2025 Lamb Seager
,,,2025 Bowman Paper Rookies and Veterans Retail Blue 96/150 Evan Carter Auto 1if5
,,,2025 Bowman -Green Paper RC's and Vets Retail Autographs Evan Carter 98/99
,,,Evan Carter 2025 Bowman Blue Paper Auto /150 Rangers
,,,Evan Carter 2025 Topps Archives Signature Auto 2024 Bowman Chrome Mojo RC /20
,,,2025 Bowman Paper Rookies and Veterans Retail Blue 79/150 Evan Carter Auto 16hz
,,,ð¥ð¥2025 Bowman - Paper Rookies  Autographs Evan Carter Green /99 ð¥ð¥
,,,Langford/Carter & other Rangers-Parallels/RCs/Inserts-Volume Discount
,,,Evan Carter Rookie Auto /35 2024 Bowman Chrome 2025 Archives Signature Rangers
,,,2025 Topps Archives Evan Carter 2024 Bowman Chrome RC /35 AUTO Sealed
,,,Evan Carter Rookie Auto /35 2024 Bowman Chrome 2025 Archives Signature Rangers
,,,2025 Topps Archives Ezequiel Tovar RC Rookie 2023 Bowman'Best 1992 Auto 20/20
,,,2025 Bowman Chrome Ezequiel Tovar Pulsar Refractor /399 Rockies
,,,EZEQUIEL TOVAR 2025 TOPPS ARCHIVES RC ROOKIE AUTO #/30 2023 Bowman Chrome SP
,,,2025 Topps Archives Ezequiel Tovar RC ROOKIE AUTO #/11 2022 Bowman Chrome Draft
,,,2025 Topps Archives Signature Series  Auto Bowman Best Ezequiel Tovar /10
,,,2025 Bowman- Ezequiel Tovar Bowman Retro Logo Foil Pattern
,,,EZEQUIEL TOVAR 2025 BOWMAN CHROME SAPPHIRE VETERANS YELLOW ROCKIES /75 Q4455
,,,2025 Bowman Chrome Sapphire Ezequiel Tovar
,,,2025 Bowman Chrome Ezequiel Tovar Orange Refractor /25
,,,2025 TOPPS ARCHIVES EZEQUIEL TOVAR ROOKIE RC AUTO #/30 2023 Bowman Chrome SP
,,,Ezequiel Tovar 2025 Bowman True Blue #106/150 Colorado Rockies
,,,Fabian Lopez 2025 Bowman Chrome Green Reptilian Refractor 1st Auto #âd 66/99
,,,2025 Bowman Fabian Lopez Chrome 1st Speckle Refractor /299 Miami Marlins
,,,2025 Bowman Chrome Baseball Fabian Lopez Refractor Autograph /499
,,,2025 1st Bowman Chrome - Fabian Lopez Auto Speckle Refractor /299
,,,ð¥2025 Bowman Fabian Lopez 1st Bowman Orange Reptilian Refractor /25  Marlins
,,,2025 Bowman Chrome - Fabian Lopez 1st Auto Speckle Refractor /299
,,,2025 Bowman Fabian Lopez Chrome Auto Autograph Green Lava Refractor /99 UZ152
,,,2025 Bowman Chrome 1st FABIAN LOPEZ AUTO Sparkle Refractor /100 Miami Marlins
,,,Fabian Lopez - 2025 Bowman Chrome Orange 1st Auto /25 Marlins
,,,2025 Bowman FABIAN LOPEZ 1st Bowman Chrome Black Pattern /10! - Miami Marlins
,,,FABIAN LOPEZ 2025 Bowman 1st Sunflower Seeds Snack Pack Refractor Marlins
,,,2025 Bowman Chrome Fabian Lopez Green Grass Refractor /99 1st Bowman
,,,2025 Bowman Fabian Lopez Chrome Blue Geometric 1st Prospect #122/150 Marlins
,,,Fabian Lopez | 2025 Bowman 1st Bowman Chrome Orange Sapphire Refractor #/25 SSP
,,,2025 Bowman Fabian Lopez Chrome Blue Geometric 1st Prospect #49/150 Marlins
,,,Felnin Celesten 2025 Bowman Chrome Mojo Mega Box Blue Auto /150 #BMA-FC Seattle
,,,2025 Bowman Chrome Felnin Celesten #BMA-FC Purple Mojo Auto/199 Mariners
,,,2025 Bowman - Chrome Prospect Mega Box Autographs Felnin Celesten #BMA-FC (RC)
,,,2025 Bowman Chrome Felnin Celesten Aqua Reptilian /125
,,,2025 Topps Bowman Chrome mojo refractor Felnin Celesten Rookie Auto #BMA-FC
,,,Felnin Celesten - 2025 Bowman Chrome 1st Bowman - Shimmer Refractor - Mariners
,,,Felnin Celesten ~ 2025 Bowman Chrome ~ Aqua Reptilian Refractor /125 #BDC-103
,,,"2025 Bowman Chrome - Felnin Celesten #BMA-FC Blue Mojo Auto /150 (AU, RC)"
,,,2025 Bowman #BMA-FC Felnin Celesten Chrome Prospect Autographs Mojo Refractor
,,,2025 Bowman Chrome Draft Felnin Celesten #BDC-103 Chrome Refractor
,,,FELNIN CELESTEN 2025 Bowman #BMA-FC CHROME PROSPECTS MEGA AUTOGRAPHS MOJO
,,,2025 Bowman Chrome Felnin Celesten Yellow Reptilian 17/75
,,,2025 Bowman Chrome Draft Felnin Celesten Gold Reptilian /75
,,,2025 Bowman Chrome Draft Sapphire Felnin Celesten Gold /50
,,,2025 Bowman Chrome Draft Felnin Celesten Teal Reptilian /125
,,,2025 Bowman Chrome Draft Felnin Celesten Gold Reptilian /75
,,,2025 Bowman Chrome Prospects Felnin Celesten #BMA-FC Purple Mojo Auto/199
,,,FELNIN CELESTEN Rookie Refractor 2025 Bowman Chrome #BDC-103 (RC) - Mariners
,,,FELNIN CELESTEN - 2025 BOWMAN CHROME DRAFT AQUA GEOMETRIC /125
,,,FERNANDO CRUZ 2025 BOWMAN CHROME PURPLE CUBS /199
,,,2025 Bowman Chrome Fernando Cruz 58/150 Blue RayWave Refractor
,,,Fernando Cruz Chicago Cubs 2025 Bowman Prospect **
,,,2025 Bowman Fernando Cruz #'ed 213/250 PURPLE Rookie Card-CUBS
,,,2025 Bowman Chrome Baseball Fernando Cruz Popcorn SSP
,,,Fernando Cruz 2025 Bowman Chrome Prospects Retro LogoFractor RC SP MLB ð¥
,,,2025 Bowman Chrome Fernando Tatis Jr Mojo Burgundy Refractor Parallel /275
,,,Fernando Tatis Jr Padres 9 Card Player Pack 2025 2024 Topps Bowman
,,,2025 Bowman Chrome Fernando Tatis Jr. Aqua Geometric Refractor /125 Padres
,,,2025 Bowman Fernando Tatis Jr Purple Parallel /250 - San Diego Padres
,,,Fernando Tatis Jr /399 2025 Bowman Neon Green Border Parallel Padres
,,,2025 Bowman Chrome Francisco Lindor Purple Geometric Refractor /250
,,,2025 Bowman Chrome Mega Box Mojo Purple Refractors Francisco Lindor #58 /250
,,,2025 Bowman Chrome - Francisco Lindor Geometric Orange Refractor #59 /25 METS
,,,2025 Bowman Chrome Mega Francisco Lindor Yellow Refractor 69 /75
,,,eBay Listing: 2025 Bowmanâs Best FRANCISCO LINDOR Mini-Diamond Refractor /299
,,,Francisco Lindor 2025 Bowman Chrome Sapphire Gold Refractor SP Numbered /50 NY
,,,Francisco Lindor 2025 Bowman Chrome Silver Geometric Refractor Numbered/499 NY
,,,2025 Bowman Francisco Lindor black mojo /10
,,,2025 Bowman Chrome FRANCISCO LINDOR No. 59 TRUE RED REFRACTOR #/5 TOPPS SEALED!
,,,2025 Bowman Chrome Franklin Arias 1st Prospect Auto Gold Lava #'d /50
,,,2025 Bowman Mojo Refractor Franklin Arias
,,,2025 Bowman Franklin Arias Chrome Fuchsia Pink Mojo Refractor 1st Prospect #/199
,,,2025 Bowman Franklin Arias 1st Auto Refractor /499 Red Sox
,,,2025 Bowman Franklin Arias Black /10 1st Bowman
,,,Franklin Arias 2025 Bowman Prospects Autographed Card Boston Red Sox
,,,2025 Bowman Chrome Franklin Arias Purple Refractor Autograph /250 1st Ref Auto
,,,2025 Bowman Sapphire Franklin Arias Chrome Autograph /199 Red Sox 1st Ref Auto
,,,2025 Bowman Franklin Arias Auto 138/199 Chrome Purple Refractor Mega Box #BMA-FA
,,,2025 Bowman Franklin Arias Chrome Speckle Refractor 1st Prospect #68/299 Red Sox
,,,2025 Bowman Chrome 1st Blue RayWave Refractor Franklin Arias Red Sox #/150
,,,2025 Bowman Chrome Prospects Franklin Arias Base Autograph Autograph
,,,2025 Bowman Chrome Prospects Refractor Franklin Arias /499 Boston Red Sox
,,,2025 Bowman - Franyerber Montilla 1st Bowman Chrome Green Mojo Refractor /99
,,,2025 Bowman -Franyerber Montilla 1st Bowman Steel Metal Refractor /100 Tigers
,,,2025 Bowman Chrome - Franyerber Montilla - - 1st Bowman
,,,Franyerber Montilla 2025 Bowman Chrome 1st Purple Geometric Refractor /250
,,,Franyerber Montilla- 2025 Bowman Chrome Steel Metal Ref /100
,,,FRANYERBER MONTILLA 2025 BOWMAN CHROME ROOKIE MEGA REFRACTOR AUTO #/150 BG1176
,,,2025 Bowman - Chrome Prospects Franyerber Montilla Mojo Refractor (RC) - 2 Card
,,,2025 Bowman Franyerber Montilla Chrome Speckle Refractor 1st EV
,,,2025 Bowman Franyerber Montilla 1st Orange Shimmer Chrome Refractor Auto /25
,,,2025 Bowman Best Freddie Freeman Purple Mojo Refractor /250
,,,Freddie Freeman 5 8 Card Plaque Topps Bowman 2025 2024 LA Dodgers
,,,Freddie Freeman 2025 Bowmanâs Best Mini Diamond Refractor #52 /299 Dodgers
,,,Topps 2025 Bowman Chrome Freddie Freeman Green Wave Refractor /99 Dodgers
,,,FREDDIE FREEMAN 2025 BOWMAN CHROME GREEN GEOMETRIC LA DODGERS /99
,,,2025 Bowman 1st Garrett Horn Purple Rookie Autograph 235/250 ð¥ RC AUTO ð¥
,,,2025 Bowman Chrome University Football - Parallels & Inserts (Listing 2/2) A8
,,,2025 Bowman Garrett Horn Auto Purple Refractor /250 1st Bowman Rangers RC
,,,2025 Bowman Garrett Horn Purple 1st Bowman Paper Auto /250
,,,2025 Bowman Chrome Jhonayker Ugarte Purple Reptilian Refractor/199 Royals !]!
,,,2025 Bowman Garrett Horn Auto Purple Border 93/250 1st Prospect Texas Rangers
,,,2025 Bowman Garrett Horn Green Parallel Auto 49/99
,,,2025 Bowman Chrome - Jhonayker Ugarte - Green Geometric #/99 - Royals
,,,2025 Bowman Garrett Horn Purple 1st Bowman Paper Auto #'d 192/250 TEXAS RANGERS
,,,2025 Bowman Prospect Autographs #BPAGH Garrett Horn RC #X14510
,,,2025 Bowman Garrett Horn Purple 1st Bowman Paper Auto /250
,,,2025 Bowman 1st Garrett Horn True Blue Auto #/150 Texas Rangers
,,,2025 Bowman Gary Gill Hill 1st Purple Geometric Refractor 157/250 BJSTG
,,,Gary Gill Hill 2025 Bowman Prospect 1st Green Parallel /99 Rays
,,,2025 Bowman Gary Gill Hill Chrome Auto Green Grass Refractor /99 1st Prospect
,,,2025 Bowman Chrome TB Rays 1st Bowman Gary Gill Hill Bubble Gum Refractor SSP
,,,2025 Bowman Prospects Green Border 1st Bowman Gary Gill Hill 07/99 Tampa Bay
,,,2025 Bowman Chrome - Gary Gill Hill 1st Auto Refractor /499
,,,Gary Gill Hill 2025 Bowman Prospect 1st Green Parallel /99 Rays
,,,2025 Bowman Gary Gill Hill Chrome Auto Speckle /299 1st Prospect Tampa Bay Rays
,,,2025 Bowman Baseball GARY GILL HILL 1st Blue Parallel #/150 Rays Prospect
,,,Gary Gill Hill 2025 Bowman Chrome Auto Orange Wave Refractor #/25
,,,2025 bowman gary gill hill purple /250
,,,2025 Bowman Gary Gill Hill Retro Logo Foil Pattern SSP Tampa Bay Rays
,,,2025 Bowman Gary Gill Hill 1st Chrome Auto Mojo Refractor /150 Rays RC
,,,ð¥2025 Bowman Gary Gill Hill 1st Chrome Speckle Refractor /299 (RC)ð¥TB Rays
,,,Kansas City Royals - RC - Inserts - Stars - Various Brands and Years - PYC
,,,George Brett 2025 Bowman Chrome '55 Anime SSP CASE HIT Kansas City Royals
,,,2025 Prizm Miguel Tejada /7 GOLD SHIMMER COLOR & JERSEY # MATCH SSP No. 288 ðð
,,,TOPPS BUNT DIGITAL 2024 STADIUM CLUB GEORGE BRETT LONE STAR AUTO LEGENDARY 50CC
,,,George Brett SSP ð¥ 2022 Prizm Baseball Old School  Red White & Blue Prizm SSP
,,,2024 Baseball Team Pack Royals 20 Card Pack George Brett + 2025 Topps Series 1 T
,,,20 Card Multiyear Team Pack Royals Bobby WITT Jr 2024 2023 2025 Topps Stadium Cl
,,,George Brett Kansas City Royals 9 Card Legend Pack Topps Bowman 2025 2024 2023
,,,Topps Bunt Emil Morales /50 Legendary Bowman Sapphire Gold READ
,,,Kansas City Royals 270 Baseball Cards From the 1980s-Today in Small FlatRate Box
,,,George Brett 1988 Topps Tiffany #700
,,,George Brett 2004 Honors Piece Of The Game Jersey #185/250
,,,George Brett 2004 Fleer Greats Glory Of Their Time Jersey #56/250
,,,BOBBY/BO/BRETT and other Royals!!! Inserts/Parallels-VOLUME PRICING
,,,2025 Topps Series 1 Baseball Call to the Hall George Brett CTH-12 Kansas City
,,,Topps Bunt Legendary George Brett Orange Anime Series Bowman /25 Chrome DIGITAL
,,,CLEARANCE SALE Topps Bowman Chrome Platinum ~ Baseball Cards ~ RC Rookie VINTAGE
,,,GEORGE KLASSEN 2025 TOPPS BOWMAN CHROME  1ST YEAR SILVER SP ROOKIE RC #/350 MLB
,,,2025 Bowman Chrome George Klassen Gold Lava 1st Bowman  Auto 5/50
,,,2025 Bowman George Klassen Chrome Blk X-Fractor Auto 1st 10/10 Bookend (Read)
,,,GEORGE KLASSEN 2025 BOWMAN CHROME 1ST FUCHSIA WAVE REFRACTOR /199
,,,George Klassen 1st Bowman Speckle Refractor /299 - 2025 Bowman Chrome - Angels
,,,2025 Bowman - Chrome Prospect Autographs George Klassen Blue X-Fractor /150
,,,George Klassen - 2025 Bowman 1st Purple RayWave Chrome Refractor /250 - Angels
,,,(2x) 2025 Bowman Chrome Purple Geometric Refractor /250 George Klassen Angels FY
,,,2025 Bowman Chrome George Klassen Los Angeles Angels Speckle Refractor Auto /299
,,,2025 Bowman Chrome - George Klassen - 1st Bowman Auto Orange Refractor /25
,,,2025 Bowman | George Klassen | 1st Bowman Orange Refractor /25 | Angels
,,,2025 Bowman George Klassen Chrome Auto Yellow Refractor 1st Prospect 64/75
,,,2025 Bowman Sapphire George Klassen 1st Bowman Gold Refractor #/50 Angels SP
,,,2025 Bowman Chrome - George Klassen Refractor Auto 1st 37/499 Angels *READ*
,,,2025 Bowman Chrome - George Klassen Refractor Auto 1st  185/499 Angels *READ*
,,,2025 Bowman Chrome - George Klassen Refractor Auto 1st 200/499 Angels *READ*
,,,George Klassen 1st Bowman Chrome Gold Refractor /50 - 2025 Bowman - Chrome
,,,2025 Bowman Chrome Baseball George Klassen Green Lava Auto /99
,,,2025 Bowman Chrome George Klassen 1st Purple Refractor /250
,,,2025 Bowman Grant Knipp 1st Bowman Gold Auto. /50
,,,2025 Bowman Grant Knipp 1st Bowman Non-Chrome Auto Mariners Blue /150
,,,Grant Knipp ð 2025 Bowman 1st Bowman Auto
,,,2025 Bowman- Grant Knipp (RC) Blue Parallel #âd-143/150 â¾ï¸ â¾ï¸ â¾ï¸ Autograph
,,,2025 Bowman Grant Knipp 1st Bowman Prospects Purple /250 Auto Paper Autograph
,,,2025 Bowman Grant Knipp 1st Bowman Prospects Purple /250 Auto Paper Autograph
,,,2025 Bowman Gregory Barrios Chrome Auto Gold Lava Refractor /50 1st Prospect
,,,2025 Bowman Gregory Barrios 1st Bowman SSP Sunflower Seed Refractor Snack Pack
,,,2025 Bowman Gregory Barrios Chrome Prospect Auto Reptilian Green Refractor #/99
,,,2025 1ST BOWMAN CHROME AUTO GREGORY BARRIOS
,,,Gregory Barrios 2025 Bowman Chrome 1st Bowman Auto Purple Refractor /250 Rays
,,,2025 Bowman Gregory Barrios #'ed 49/99 GREEN 1st Year ROOKIE CARD-Rays
,,,2025 Bowman Gregory Barrios Purple Geometric Refractor 1st Prospect Card # /250
,,,ð¥ Gregory Barrios 2025 Bowman Chrome Blue On Card Auto  /150 1st Bowman ð¥
,,,2025 Bowman Chrome Gregory Barrios Gold Geometric Refractor /50 Rays 1st RC
,,,Gregory Barrios 2025 Bowman Chrome 1st Auto Refractor /499 Rays
,,,Topps 2025 Bowman Chrome Gregory Barrios Purple Refractor Auto Rookie Rays CPA-â¦
,,,Gunnar Henderson 2025 Bowmanâs Best Circuitry - Orioles
,,,2025 Bowmanâs Best Gunnar Henderson Purple Refractor #136/250 Baltimore Orioles
,,,Gunnar Henderson 2025 Bowman Chrome Prospects Fuchsia Mojo Refractor 139/199
,,,Gunnar Henderson 2025 Bowman Best Golden Strokes CASE HIT SSPï¿¼
,,,Topps 2025 Bowman Chrome Wave Refractor Gunnar Henderson Orioles 96 /100
,,,2025 Bowman Chrome - Bowman Garbage Pail Kids Gunnar Henderson #BGP-7
,,,2025 Bowman Gunnar Henderson Rare Black Parallel Color Match /10 ð¥ð¥
,,,Hagen Smith 2025 Auto Bowman Chrome Refractor /499 Autograph White Sox  â¾ï¸ð§¦
,,,HAGEN SMITH 2025 BOWMAN BLUE AUTO #36/150 WHITE SOX QQ
,,,2025 Bowmanâs Best Hagen Smith Best Of 2025 Purple Refractor Auto /75 B25-HS
,,,ð«â¾ï¸HAGEN SMITH 2025 Bowman Chrome Prospect True Purple Auto /250 #WHITE SOXâ¾ï¸ð«
,,,2025 Bowman Hagen Smith Sunflower Seeds Snack Pack SSP Chicago White Sox
,,,2025 Bowman Hagen Smith #'ed 462/499 SKY BLUE Rookie Card-WHITE SOX
,,,2025 Bowman Chrome Crystallized Hagen Smith SSP CASE HIT
,,,2025 Bowman Chrome Purple Geometric Prospects Hagen Smith White Sox BDC-167 /250
,,,Hagen Smith 2025 Bowman Mega Box Chrome Autograph Orange Mojo #BMA-HS (RC) 25/25
,,,Hagen Smith Auto 3/25 2025 Bowman Best #B25-HS
,,,2025 Bowman Chrome Aqua Wave Refractor /125 Hagen Smith BDC-167 White Sox
,,,2025 Bowman Chrome Blue Refractor /150 Hagen Smith #BDC-167 White Sox
,,,2025 Bowman Hagen Smith Chrome Prospect Auto Mega Box Refractor #BMA-HS
,,,"2025 Bowman Chrome  Autographs Hagen Smith, Hagen Smith Blue Refractor /150"
,,,2025 Bowman Chrome The National NSCC #TP-18 Hagen Smith
,,,2025 Bowman Chrome Sapphire Edition Chrome Prospect Hayden Alvarez Gold 3/50
,,,2025 Bowman Chrome Prospects Hayden Alvarez Green Grass Auto Refractor /99
,,,HAYDEN ALVAREZ 1st Auto /100 ANGELS 2025 Bowman Chrome
,,,2025 Bowman Chrome - Hayden Alvarez 1st Orange Wave Ref. Auto /25 Angels #CPAHA
,,,Hayden Alvarez Auto 1/1 Printing Plate Yellow 2025 Bowman 1st  ð¥ Read Desc
,,,2025 Bowman Chrome Hayden Alvarez Green Refractor Autograph 51/99 Angels
,,,2025 Bowman Hayden Alvarez Black Paper Auto #/10
,,,2025 Bowman - Chrome Prospect Auto Hayden Alvarez Yellow Refractor /75
,,,2025 Bowman Chrome 1st Green Grass Refractor Auto /99 Hayden Alvarez Angels
,,,2025 Bowman Hayden Alvarez Chrome Blue Raywave Refractor 1st 127/150 Angels
,,,2025 Bowman Chrome 1st Hayden Alvarez Auto
,,,2025 Bowman Hayden Alvarez Rookie Orange Refractor 25/25 eBay 1/1
,,,2025 Bowman Hayden Alvarez Rookie Orange Paper Parallel/25
,,,2025 Hayden Alvarez Rookie Gold Paper Parallel/50
,,,2025 Bowman Chrome 1st Hayden Alvarez Auto 74/150
,,,2025 BOWMAN HAYDEN ALVAREZ CHROME SNACK PACK SUFLOWER SEEDS REFRACTOR LA ANGELS
,,,2025 Bowman 1st Hayden Alvarez Chrome Auto
,,,Hayden Alvarez /150 2025 Bowman 1st Chrome Auto Blue X-Fractor Angels RC
,,,Hayden Alvarez /150 2025 Bowman 1st Chrome Auto Blue X-Fractor Angels RC
,,,2025 Bowman 1st Hayden Alvarez Chrome Wave Refractor /350
,,,2025 Bowman Anime Kanji Variation Hideki Matsui (1: 1 Million Packs) SSSP
,,,Japan Legends 8 Card MLB Pack 2025 2024 2023 Topps Bowman Ohtani Matsui Ichiro D
,,,2025BBM Combo Kazuma Okamoto Hayamo Sakamoto Hideki Matsui Giant Bat /25 Setof 2
,,,BBM 35th Giants Matsui Sakamoto Okamoto Bat Relic Combo Cards 2PC /25 /100 FS
,,,2025 Bowman Humberto Cruz 1st Bowman Pink Paper /299 Padres
,,,2025 Bowman Sapphire Humberto Cruz Chrome Green Refractor 1st /99
,,,2025 Bowman - Humberto Cruz 1st True Gold Bowman Autograph 26/50
,,,2025 Bowman Chrome Humberto Cruz 1st Gold Geometric Refractor /50
,,,2025 Bowman Humberto Cruz Prospects Yellow Pattern #/75
,,,2025 Bowman Chrome Humberto Cruz X-Fractor
,,,2025 Bowman Baseball 1st Bowman Humberto Cruz 1 /10 Black Pattern Border Rare!
,,,2025 1st Bowman Refractor /499 HUMBERTO CRUZ
,,,2025 Bowman Chrome Humberto Cruz True Orange Refractor /25. SSP ðð¥
,,,2025 Bowman Humberto Cruz 1st Bowman Chrome Yellow Wave /75 Padres
,,,2025 Bowman Humberto Cruz Chrome Auto Purple Refractor 1st #d /250
,,,2025 Bowman Chrome Humberto Cruz /99
,,,2025 Bowman Humberto Cruz Chrome True Gold Refractor 1st #34/50 Padres
,,,2025 BOWMAN BASEBALL Chrome 1st HUMBERTO CRUZ /99 GREEN
,,,Humberto Cruz San Diego Padres 2025 Bowman 1st Bowman ***
,,,2025 Bowman Chrome Hurston Waldrep RC Auto Orange /25 Braves Rookie Autograph
,,,2025 Bowman Chrome Hurston Waldrep Rc /275
,,,2025 Bowman Paper Rookies and Veterans Retail Autographs Hurston Waldrep Braves
,,,2025 Bowman Hurston Waldrep Retail Blue Rc Auto 12/150 Braves
,,,2025 Bowman Chrome Hurston Waldrep Rookie Auto Green Refractor /99 RC Braves
,,,HURSTON WALDREP 2025 BOWMAN ROOKIE AUTOGRAPH RED RC AUTO 5/5 12926
,,,Hurston Waldrep 2025 Bowman Chrome Mojo Refractor RC Braves
,,,Hurston Waldrep 2025 Bowman Chrome True Blue Auto /150 Atlanta Braves RC
,,,Hurston Waldrep 2025 Bowman Chrome Aqua Mojo Refractor Rookie #/125
,,,2025 Bowman Chrome BRAND NEW Hurston Waldrep Auto Rookie Autograph RC #304/499
,,,2025 Bowman Chrome Hurston Waldrep Red Rookie Logo Refractor Baseball Card
,,,Hyeseong Kim 2025 Bowman Chrome Yellow Refractor /75 Rookie RC Dodgers
,,,2025 Bowman Chrome Sapphire Hyeseong Kim Gold Refractor /50 RC Dodgers
,,,2025 Bowman Chrome Hyeseong Kim RC Gold Refractor Patch Auto  09/50 #BCAR-HK
,,,2025 Bowman Chrome - Rookie Auto Hyeseong Kim /499
,,,Hyeseong Kim 2025 Bowman Chrome Rookie true Gold Auto /50 RC *READ DESC* Dodgers
,,,2025 Bowman Chrome Sapphire - Hyeseong Kim RC - Gold Foil /50
,,,2025 Bowman Chrome Sapphire Hyeseong Kim RC Yellow Refractor /75 Dodgers
,,,2025 Bowman Hyeseong Kim Orange Gray/Blue 2 Color Patch Rookie Patch Auto  #7/25
,,,2025 Bowman Chrome Hyeseong Kim Mojo Pack RC Auto /150
,,,2025 Bowman Chrome Hyeseong Kim etched in glass case hit SSP SP refractor RC
,,,"2025 Bowman Chrome - Rookie Autographs Hyeseong Kim, Hyeseong Kim Refractor /499"
,,,2025 Bowman Hyun-Seok Jang Purple Auto /250 1st Bowman
,,,HYUN-SEOK JANG 2025 BOWMAN 1ST YELLOW BORDER PAPER DODGERS /50 Mint 1st Bowman
,,,HYUN-SEOK JANG TRUE PURPLE REFRACTOR RC ON CARD AUTO /250 2025 1st Bowman Chrome
,,,2025 Bowman Sapphire Hyun-Seok Jang RC Auto Blue Cracked Ice /199 Dodgers CPS-HJ
,,,2025 Bowman HYUN-SEOK JANG Chrome 1st Purple Wave Los Angeles Dodgers /199
,,,ð¥HYUN-SEOK JANG 2025 Bowman 1st Retro Logo Foil Refractor SSP #DODGERS PHENOMð¥
,,,2025 BOWMAN CHROME 1ST HYUN-SEOK JANG SAPPHIRE AUTO COLOR MATCH /199 DODGERS
,,,2025 Bowman Hyun-Seok Jang Chrome Auto Speckle Refractor 1st Prospect 104/299
,,,2025 Bowman - 1st Chrome Prospects Hyun-Seok Jang Wave Refractor 162/350
,,,2025 bowman chrome hyun seok jang Green Lava Auto 92/99 1st Bowman Rc
,,,2025 Bowman Chrome Hyun Seok Jang Auto
,,,2025 Bowman Prospects Hyun-Seok Jang SSP CASE HIT Retro Logo Pattern Foil (RC)
,,,2025 Bowman Hyun-Seok Jang Pink /175
,,,2025 Bowman Chrome 1st Hyun-Seok Jang Pink Wave Refractor /199
,,,2025 Bowman Chrome Hyun-Seok Jang 1st True Blue Refractor Auto /150 Dodgers ð
,,,2025 Bowman Chrome Prospects Hyun-Seok Jang 1st Bowman Fuchsia Mojo /299
,,,2025 Bowman  Chrome Prospects Hyun-Seok Jang  Gold Refractor Auto /50 (RC)
,,,2025 Bowman - Chrome Prospect Autographs Hyun-Seok Jang Refractor /499 READ DISC
,,,2025 Bowman Chrome - Hyungchan Um - 1st Bowman
,,,Hyungchan Um 2025 Bowman Chrome Prospects Orange Refractor 23/25 Royals
,,,ð¥â¾ï¸HYUNGCHAN UM 2025 Bowman Chrome 1st Aqua Shimmer Refractor /125 #ROYALS!â¾ï¸ð¥
,,,2025 Bowman Hyungchan Um 1st Bowman Blue Geometric Refractor #/150 Color Match
,,,2025 Bowman - Hyungchan Um - 1st Bowman - Popcorn SSP - Kansas City Royals
,,,2025 Bowman Hyungchan Um 1st Bowman Orange /25 SSP Royals RC
,,,2025 Bowman Chrome 1st Hyungchan Um Refractor Auto /499
,,,Hyungchan Um 2025 Bowman Chrome 1st Bowman Chrome Refractor Auto #/499 KC Royals
,,,2025 1st Bowman Chrome  Prospects Hyungchan um  Autograph/150
,,,2025 Bowman Chrome Mojo 1st Hyungchan Um
,,,2025 Bowman Hyungchan Um Green Reptilian Refractor /99 Royals
,,,2025 Bowman Chrome 1st Ichiro Cano Hernandez Fire Refractor #1/3 Cincinnati Reds
,,,2025 Bowman Chrome Ichiro Cano Hernandez Yellow Refractor 10/75
,,,2025 Bowman Chrome Ichiro Cano Hernandez Red Lava 2/5
,,,Topps 2025 Bowman Chrome Ichiro Suzuki Cano Hernandez Reds Gold Shimmer Auto /50
,,,2025 Bowman Ichiro Cano Hernandez 1st Chrome Speckle /299
,,,2025 Bowman Chrome Prospects Ichiro Cano Hernandez Green Reptilian Auto 78/99
,,,2025 Bowman Ichiro Cano Hernandez Chrome Prospects 1st Reptilian Refractor SP
,,,2025 Bowman Chrome 1st Gold Ichiro Cano Hernandez Cincinnati Reds 50/50 Book End
,,,2025 Topps Holiday Ichiro Suzuki SP Advent Gold Buyback Stamp -  2009 Bowman
,,,2025 Bowman Baseball - 1st Bowman Purple Pattern /199 - ICHIRO CANO HERNANDEZ
,,,2025 Bowman Chrome 1st Prospect Ichiro Cano Hernandez Blue X-Factor Auto /150
,,,2025 Bowman Ichiro Cano Hernandez 1st Bowman Teal X-Fractor /125 ð¥ Reds
,,,Ichiro Cano Hernandez 2025 Bowman Chrome 1st Bowman Blue Wave #70/150
,,,2025 Bowman Chrome 1st Ichiro Cano Hernandez Yellow /75 autograph CPA-1C
,,,2025 Bowman- Ichiro Cano Hernandez- 1st Bowman Blue X-fractor Auto /150 ð
,,,2025 Bowman- Ichiro Cano Hernandez- 1st Bowman TRUE Blue Refractor Auto /150 ð
,,,2025 Bowman Chrome Autographs Ichiro Cano Hernandez Speckle /299 1st Bowman
,,,2025 Bowman Chrome Ichiro Cano Hernandez Yellow Refractor 10/75
,,,ICHIRO CANO HERNANDEZ 2025 BOWMAN CHROME 1ST GOLD GEOMETRIC /50 Q1702
,,,2025 Bowman Chrome Ichiro Cano Hernandez Red Lava 2/5
,,,2025 Bowman Chrome Ichiro Cano Hernandez  Xfractor Refractor 1st
,,,Topps 2025 Bowman Chrome Ichiro Suzuki Cano Hernandez Reds Gold Shimmer Auto /50
,,,2025 Bowman Chrome Ichiro Cano Hernandez Mini Diamond Refractor
,,,2025 Bowman Ichiro Cano Hernandez 1st Chrome Speckle /299
,,,2025 Bowman Chrome Prospects Ichiro Cano Hernandez Green Reptilian Auto 78/99
,,,2025 Bowman Chrome 1st Gold Ichiro Cano Hernandez Cincinnati Reds 50/50 Book End
,,,2025 Bowman Baseball - 1st Bowman Purple Pattern /199 - ICHIRO CANO HERNANDEZ
,,,2025 Bowman Chrome 1st Prospect Ichiro Cano Hernandez Blue X-Factor Auto /150
,,,2025 Bowman Ichiro Cano Hernandez 1st Bowman Teal X-Fractor /125 ð¥ Reds
,,,2025 Bowman #/125 Ichiro Cano Hernandez Chrome Prospects Aqua Shimmer Refractor
,,,Ichiro Cano Hernandez 2025 Bowman Chrome 1st Bowman Blue Wave #70/150
,,,2025 Bowman Chrome Prospects Ichiro Cano Hernandez Blue Geometric  132/150
,,,Topps 2025 Bowman Ichiro  Cano Hernandez Green Refractor Auto /99 Reds
,,,2025 Bowman Chrome 1st Ichiro Cano Hernandez Yellow /75 autograph CPA-1C
,,,2025 Bowman Chrome Autographs Ichiro Cano Hernandez Speckle /299 1st Bowman
,,,ð¥Ichiro Cano Hernandez 2025 Bowman 1st Bowman Green Lava Auto /99 Reds
,,,2025 Bowman Ichiro Cano Hernandez Orange Shimmer Auto 3/25 Chrome 1st Reds
,,,ISMAEL JAVIER 2025 BOWMAN 1ST BASEBALL GOLD BORDER PAPER /50
,,,2025 Bowman Chrome Sapphire Ismael Javier #/50 Gold Refractor RC Padres SSP RC
,,,Ismael Javier 1st Bowman Blue Raywave /150 2025 Bowman Chrome San Diego Padres
,,,Bowman 2025 1st Bowman Ismael Javier 96/199
,,,2025 Bowman Ismael Javier Chrome Prospects Blue Geometric Refractor #/150
,,,2025 Bowman Chrome 1st Ismael Javier Snack Pack Bubble Gum
,,,2025 Bowman Ismael Javier Chrome Prospects Blue Geometric Refractor #/150
,,,Ismael Javier 2025 1st Bowman Orange Reptilian Refractor 01/25 San Diego Padres
,,,2025 Bowman Ismael Javier 1st Chrome Prospect Popcorn Refractor SSP Padres
,,,2025 Bowman - Ismael Javier 1st Bowman Rose Gold 15/15 Last on the Print
,,,2025 Bowman Ismael Javier 1st - Yellow Parallel Border #/75 Padres
,,,2023-2024-2025 Bowman Baseball Base Prospect Chrome - Pick Card
,,,2025 Bowman Baseball J.D. Martinez Blue /150 Auto
,,,2025 Bowman - J.D. Martinez - Purple Auto /250 NY Mets
,,,2025 Bowman Baseball Auto J.D. Martinez Purple /250 Mets
,,,"2025 Topps Bowman - J.D. Martinez (Auto, Retail Exclusive Purple /250) Mets"
,,,2025 Bowman - J.D. Martinez - Gold Paper Auto /50 New York Mets
,,,J.D. Martinez Bowman Auto
,,,2025 Bowman JD Martinez 41/250 Purple Auto Autograph Card Mets
,,,2025 Bowman J.D. Martinez Orange Auto #1/25 First On Print
,,,2025 Bowman J.D. Martinez Paper Autograph Auto Purple #203/250 Mets BN556
,,,2025 Bowman J.D. Martinez Blue Auto /150
,,,2025 Bowman JD MARTINEZ Gold Parallel AUTO 26/50 Mets
,,,2023 Bowman 1st Edition - Gabriel Martinez #BPPF-45 Blue Foil /150 (RC)
,,,2025 Bowman - Chrome Prospect Mega Box Autographs Jac Caglianone #BMA-JC
,,,2025 Bowman  Chrome VIP Jac Caglianone MOJO REFRACTOR ð¥ð¥ð¥
,,,2025 Bowmanâs Best Jac Caglianone RC Aqua Refractor /199 Prospect RC Royals TP-3
,,,JAC CAGLIANONE 2025 BOWMAN CHROME SAPPHIRE AUTOGRAPH A AUTO /199 Q1739
,,,2025 Bowman Mega Jac Caglianone #BMA-JC Purple Mojo Refractor Auto /199 KC
,,,2025 Topps NSCC Silver Pack - MLB Jac Caglianone Bowman Prospects #TP-5
,,,2025 Bowmanâs Best Jac Caglianone Strokes Of Gold SSP
,,,2025 Bowman Jac Caglianone Chrome Prospect Mega Box Mojo Auto BMA-JC
,,,2025 Bowman Chrome - Chrome Autograph Relics Jace Jung #BCAR-JJU /50 thick boi
,,,2025 Bowman Chrome Jace Jung ROY Favorites Auto RC Gold Refractor 21/50 Tigers
,,,"2025 Bowman Jace Jung ROOKIE Gold Border #28/50 Tigers, combined S&H"
,,,2025 Bowman Jace Jung Blue Paper Parallel RC Rookie Card /150 - Tigers - Rangers
,,,Jace Jung 2025 Bowmanâs Best RC Auto 1/5  Best Of Autographs Tigers BOOKEND!
,,,2025 Bowmanâs Best JACE JUNG Best Of 2025 Purple RC Auto #66/75 Tigers Rookie SP
,,,JACE JUNG 2025 Bowman Chrome BLUE MOJO REFRACTOR ~ Tigers ROOKIE #'d /150
,,,2025 Bowmens finest Jace Jung /1 Autograph card Gold Foil
,,,ð¥JACE JUNGð¥ 2025 Bowman Best *BLUE REFRACTOR AUTO RC /150* #B25-JJU TIGERS!
,,,2025 Bowman Jace Jung Rookie Red Redemption Refractor
,,,2025 Bowman Jack Lines Chrome Blue Shimmer Refractor 1st Prospect #/150 Rays
,,,2025 Bowman Chrome Jack Lines 1st Gold Shimmer Auto 35/50 SP Tampa Bay Rays
,,,JACK LINES 2025 BOWMAN CHROME 1ST FUCHSIA REFRACTOR RAYS /199
,,,2025 Bowman 1st Chrome SAPPHIRE EDITION GREEN REFRACTOR/99 Jack Lines Tampa Bay
,,,Jack Lines 2025 Bowman 1st Prospect Black Pattern #/10 #BP 64
,,,2025 Bowman Chrome 1st Jack Lines #022/499 Rays
,,,2025 Bowman Jack Lines Chrome Auto Gold Shimmer Refractor 1st #/50 Rays
,,,2025 Bowman Chrome 1st Jack Lines Green Shimmer Refractor Auto /99
,,,Jack Lines 2025 Bowman Chrome 1st Bowman Red Geometric Refractor /5! Rays
,,,JACK LINES 2025 BOWMAN CHROME 1ST HTA CHOICE Blue Ink On Card Auto /150
,,,2025 Bowman Chrome Jack Lines Tampa Bay Rays Rookie Auto Refractor 219/499
,,,JACK LINES 2025 BOWMAN CHROME 1ST HTA CHOICE Blue Ink On Card Auto /150
,,,Jack Lines 2025 Bowman Chrome 1st Auto Gold Lava 31 /50
,,,2025 Bowman 1st JACK PENNEY Fuchsia Paper RC /250 Tigers BPâ60
,,,2025 Bowman | Jack Penney 1st Prospect Green Pattern Border #44/99 Tigers
,,,2025 Bowman Chrome - Jack Penney - 1st Bowman
,,,JACK PENNEY 2025 Bowman Prospects GREEN PATTERN ~ Tigers 1st RC #'d /99
,,,2025 Bowman Chrome JACK PENNEY 1st Bowman Blue X-Fractor /150 AUTO
,,,2025 Bowman Chrome 1st Jack Penney Auto Purple Refractor 1st /250
,,,2025 Bowman Chrome Jack Penney Refractor /499
,,,2025 Bowman Chrome Jack Penney 1st Bowman Auto + Aqua Shimmer /125 Tigers RC
,,,2025 Bowman Chrome Jack Penney 1st Bowman Blue X-Fractor Auto /150
,,,JACK PENNEY 2025 BOWMAN CHROME 1ST SPECKLE REFRACTOR AUTO /299
,,,2025 1st Bowman Jack Penney /99 Green Grass (RC) Rookie
,,,Jackson Chourio 2025 Bowman Chrome Fuchsia Mojo /199
,,,2025 Bowman Jackson Chourio Neon Green Border /399 Brewers
,,,2025 Bowmanâs Best Jackson Chourio Gold Refractor /50 Milwaukee Brewers
,,,ð¥2025 Bowman Chrome Sapphire Selections Jackson Chourio Auto SSPð¥
,,,2025 Bowman Chrome Jackson Chourio Fuschia Wave Refractor /299 Brewers
,,,2025 Bowman Best Jackson Chourio Green /99
,,,2022 Bowman Jackson Chourio ROOKIE Purple Raywave Refractor /250 + AUTO Patch/49
,,,2025 Bowmanâs Best Jackson Chourio Best Performance Mini Diamond Auto  /25 ð¥ð¥
,,,2025 Bowman Chrome Sapphire Edition - Sapphire Selections Jackson Chourio
,,,2025 Bowmanâs Best Jackson Holliday Mini Diamond Refractor /299 Orioles
,,,Jackson Holliday2025 Topps Bowman Chrome Rookie Numbered 43/125. 5 Cards Total
,,,Jackson Holliday 2025 Bowman Chrome Green #/99
,,,JACKSON HOLLIDAY 2025 BOWMAN CHROME PURPLE GEOMETRIC 143/250 BALTIMORE ORIOLES
,,,2025 Bowman Chrome Jackson Holliday Blue Parallel #16 /150 Baltimore Orioles
,,,Jackson Holliday 2025 Bowman - Burgundy Mojo ð/275
,,,2025 Topps Bowman Chrome Yellow Mojo Refractor Jackson Holliday #77 /75 Orioles
,,,2025 Bowman Jackson Holliday Hobby Stars Gold Auto /50
,,,2025 Bowman Sapphire Jackson Humphries 1st Green Refractor /99 SP Guardians
,,,2025 Bowman Chrome Prospects Jackson Humphries Autograph 1st Blue Refractor /150
,,,Jackson Humphries 2025 Bowman Chrome Prospects Steel Metal Refractor /100
,,,2025 Bowman Chrome Jackson Humphries Orange Reptilian Refractor 1st Bowman /25
,,,JACKSON HUMPHRIES 2025 BOWMAN CHROME BLUE SHIMMER REFRACTOR 1ST BOWMAN #/150
,,,JACKSON HUMPHRIES 2025 BOWMAN CHROME  BLUE REFRACTOR ROOKIE CARD. #145/150.
,,,JACKSON HUMPHRIES 2025 BOWMAN CHROME 1ST YELLOW WAVE GUARDIANS /75
,,,2025 Bowman Prospects Jackson Humphries Guardians 1st Rare Black /10
,,,2025 Bowman Chrome Jackson Humphries 1st Bowman Chrome Auto Guardians OA4
,,,Jackson Humphries 2025 Bowman Chrome 1st Autograph Orange Shimmer /25 Guardians
,,,Jackson Humphries (RC) 204/250 1st Rookie Auto Purple Refractor 2025 Bowman
,,,2025 Bowman - Mega Futures Jackson Jobe #BMF-7 (RC)
,,,2025 Bowman Chrome Mega Box Jackson Jobe RC PINK REFRACTOR /199 Detroit Tigers
,,,2025 Bowman Green Jackson Jobe RC /399 Detroit Tigers
,,,2025 Bowman Chrome Jackson Jobe Mojo Fuchsia Refractor #/299 SP RC Rookie Tigers
,,,2025 Bowman Jackson Jobe Red Rookie Redemption
,,,"2- 2025 Bowman Jackson Jobe Fuchsia Parallel 211/299, Chrome Mojo Refractor RC"
,,,Jackson Jobe 2025 Bowman Chrome Rookie Card Fuchsia Mojo /299 Tigers RC
,,,2025 Bowman Chrome Series 2 Jackson Jobe Pink Sp /299
,,,Jackson Jobe-'25 Topps Chrome Prizm & Bowman ROTYF RCs
,,,2025 Topps Bowman Chrome National Jackson Jobe Orange Refractor 24/25 RC Rookie
,,,2025 Topps Bowman Chrome National Jackson Jobe Orange Refractor 24/25 RC Rookie
,,,2025 Bowman - Mega Futures Jackson Jobe #BMF-7 Rookie Short Print SP RC Tigers
,,,"Jackson Merrill 2025 Bowman SSP Retro Logo Foil SSP 1:1,526 packs"
,,,2025 Bowman Chrome JACKSON MERRILL Green Geometric Refractor /99 Padres #38ð¥
,,,Topps 2025 Bowman Chrome Jackson Merrill Gold Refractor #38 /50 Padres
,,,2025 Bowman Chrome - Jackson Merrill - Geometric Refractor /499
,,,2025 Bowman Sterling Jackson Merrill RC Pink Refractor /75 Padres Rookie
,,,2025 Bowman Chrome Sapphire Edition Jackson Merrill Yellow /75
,,,2025 1st Bowman Purple Paper /250 JACOB BRESNAHAN
,,,Jacob Bresnahan 2025 Bowman Chrome 1st Blue Geometric Refractor /150 Giants
,,,2025 BOWMAN 1ST CHROME PROSPECT AUTO JACOB BRESNAHAN PURPLE /250
,,,2025 Bowman Chrome Jacob Bresnahan Aqua Shimmer 1st Bowman /125 Giants
,,,2025 Bowman | Jacob Bresnahan | 1st Bowman Orange Refractor /25 | Giants
,,,2025 Bowman Chrome Sapphire Baseball Jacob Bresnahan Gold /50
,,,2025 Bowman Jacob Bresnahan 1st Gold Shimmer Auto /50
,,,2025 Bowman | Jacob Bresnahan | 1st Bowman Orange Refractor /25 | Giants
,,,2025 Bowman Chrome Jacob Bresnahan 1st Auto Purple /250 Giants
,,,JACOB DeGROM 2025 BOWMAN GOLD PARALLEL #ed 29/50 *RARE* TEXAS RANGERS
,,,2025 Bowman Chrome - Jacob deGrom Green Refractor /99
,,,JACOB DEGROM 2025 BOWMAN CHROME VETERANS GREEN WAVE REFRACTOR /99 Rangers
,,,MLB All Numbered Topps / Bowman / and More
,,,Topps 2025 Bowman Jacob Melton Houston Astros RC Game-Used Memorabilia #148
,,,"2025 Bowman Chrome Inserts VIP, Rookie of the Year, Greatness Loading, Top 100"
,,,2025 Bowmanâs Best - Jacob Misiorowski #TP-12 Yellow Lazer Refractor /75 SP
,,,2025 Bowmanâs Best Jacob Misiorowski Top Prospects REFRACTOR #TP-12 Brewers
,,,2025 Bowman Best Mini Diamond Circuitry Jacob Misiorowski Brewers
,,,2025 Bowmanâs Best Jacob Misiorowski Auto /99 Brewers On Card RC ð¥ð¥
,,,Jacob Misiorowski 2025 Bowmanâs Best Blue Refractor #/150 MIL Brewers MLB
,,,2025 Bowmanâs Best Jacob Misiorowski Blue Auto /150
,,,Jacob Misiorowski 2025 Bowmanâs Best #TP-12 Milwaukee Brewers Refractor
,,,2025 Bowmanâs Best Jacob Misiorowski Top Prospects REFRACTOR #TP-12 Brewers
,,,Jacob Misiorowski 2025 Bowmanâs Best Top Prospects Purple Refractor /250 #TP-12
,,,Jacob Misiorowski RARE ROOKIE REFRACTOR INVESTMENT CARD SSP BREWERS MINT MVP
,,,2025 Bowmanâs Best Jacob Misiorowski Blue Auto /150
,,,2025 Bowmanâs Best Jacob Wilson RC Yellow Lazer /75 Athletics Color Match!!
,,,2025 Bowmanâs Best Of 2025 Early Form Autographs Orange Jacob Wilson Redemption
,,,Jacob Wilson 2025 Bowman 9 Sky Blue 51/499
,,,Jacob Wilson RARE ROOKIE RC MOJO REFRACTOR INVESTMENT CARD SSP ATHLETICS MINT
,,,2025 Bowman Jacob Wilson Greatness Loading Chrome RC Green Refractor #/99
,,,2025 Bowman Sapphire Jacob Wilson Selections RC Gold Refractor /50 Athletics
,,,Topps 2025 Bowman Jacob Wilson Mega Futures Mojo Refractor Rookie #BMF-3
,,,2025 Bowman Best Jacob Wilson Pixel Portraits
,,,JACOB WILSON RARE ROOKIE STAINED GLASS INVESTMENT CARD SSP CHROME AâS MINT ROY
,,,2024 Wild Card Splat Jacob Wilson Rookie Card /5 Comes With Sealed Mag
,,,2025 Bowman Chrome Jacob Wilson RC Green Mojo Refractor /99 Athletics
,,,2025 Bowman Jadyn Fielder Chrome Refractor #/499 Auto 1st Bowman Brewers
,,,2025 Bowman Jadyn Fielder Chrome Auto Gold Shimmer 1st #1/50 ð¥1st on print!
,,,2025 Bowman Jadyn Fielder Chrome Auto Gold Refractor /50 1st Prospect Brewers
,,,2025 Bowman Chrome 1st Jadyn Fielder Auto Gold Lava Refractor /50
,,,2025 Bowman Chrome 1st Prospect Autographs #CPAJF Jadyn Fielder Brewers
,,,Jadyn Fielder - 2025 Bowman Chrome Prospect Green Grass Refractor Auto /99
,,,2025 Bowman Chrome Prospect Auto Purple Refractors #CPAJF Jadyn Fielder /250
,,,2025 Bowman Chrome 1st Jadyn Fielder Auto 31/150
,,,Jadyn Fielder 2025 Bowman 1st Purple Auto /250
,,,2025 Bowman Jadyn Fielder Chrome Refractor #/499 Auto 1st Bowman Brewers
,,,2025 Bowman - Chrome Prospect Autographs Jadyn Fielder /499
,,,Jadyn Fielder 2025 1st Bowman Chrome Blue Refractor Auto /150 Brewers
,,,2025 Bowman Chrome Jadyn Fielder Blue Checkered Refractor #d /150 Brewers
,,,2025 Bowman Jadyn Fielder Chrome Auto Speckle Refractor 1st /299
,,,2025 Bowman Chrome Jadyn Fielder True Green Auto /99
,,,2025 Bowman Chrome Chase DeLauter Jaison Chourio 1st Pearl Sapphire Refractor
,,,2025 Bowman Chrome Inserts
,,,2025 Bowman Baseball Jake Bloss Green Auto 97/99
,,,"2025 Bowman - Paper Rookies and Veterans Retail Autographs Jake Bloss (AU, RC)"
,,,JAKE BLOSS 2025 Bowman Paper Orange Auto 13/25 RC
,,,2025 Bowman Paper Rookies and Veterans Retail Blue 90/150 Jake Bloss Auto 0z17
,,,2025 Bowman Paper Rookies and Veterans Retail Purple 190/250 Jake Bloss Auto 0md
,,,2025 Bowman Paper Rookies and Veterans Retail Blue 48/150 Jake Bloss Auto 1k9t
,,,2025 Bowman Jake Bloss /150 Color Match Auto Toronto Blue Jays Rc ð Sp
,,,2025 bowman jake bloss rc auto /150 blue
,,,"2024 Bowman Rookie Jake Bloss, On Card Auto, Gold 02/50"
,,,JAKE BLOSS 2025 Bowman Paper Purple Auto /250 RC Toronto Bluejays
,,,Jakob Wright 2025 Bowman Chrome Prospects Green Geometric Refractor #/99
,,,2025 Bowman Chrome - Prospect Jakob Wright Blue Refractor Auto /150 Color Match
,,,2025 Bowman Chrome Jakob Wright Auto Mini Diamonds Refractor 1st Prospect /100
,,,2025 Bowman Jakob Wright Refractor /399
,,,2025 Bowman Sapphire Edition Jakob Wright 1st bowman  Gold /50
,,,2025 Bowman - Chrome Prospects Jakob Wright  Purple Geometric Refractor /250
,,,2025 Bowman Chrome Jakob Wright /99 1st Green Shimmer
,,,2025 Bowman Chrome Sparkle Jakob Wright /299
,,,2025 1st Bowman - Chrome Prospects Jakob Wright Green Geometric /99 Dodgers
,,,2025 Bowman Chrome Prospects Jakob Wright Purple Border /250
,,,2025 Bowman Jakob Wright 1st Blue Paper /150 LA Dodgers
,,,2025 Bowman Chrome Jakob Wright (RC) 1st Bowman Reptilian Dodgers
,,,JAMES TIBBS III 2025 1st BOWMAN CHROME PURPLE GEOMETRIC REFRACTOR /250
,,,2025 Bowman James Tibbs III Chrome Prospects Gold Shimmer Refractor #/50 ð¥ðð
,,,2025 Bowman Chrome #BMA-JT James Tibbs III Mega box Mojo Refractor On-card Auto
,,,James Tibbs III 2025 Bowman Chrome Draft BDC-74 Blue Geometric Refractor /150 RC
,,,2025 Bowman James Tibbs III Dodgers Green Refractor #BDC-74 /99
,,,James Tibbs III 2025 Bowman Chrome Mojo Refractor Auto BMA-JT Giants / Dodgers
,,,2025 Bowman Chrome James Tibbs III - GIANTS Peanuts Snack Pack SSP IP AUTO
,,,"James Tibbs III 2025 Bowman Chrome, Prospect Mega Box Auto, #BMA-JT"
,,,ð¥â¾ï¸JAMES TIBBS III 2025 Bowman Chrome Prospects Aqua Shimmer /125 #PHENOM!â¾ï¸ð¥
,,,James Tibbs III 2025 Bowman Chrome #BDC-74 Fuchsia Reptilian Refractor /199
,,,2025 Bowman Chrome James Tibbs III Aqua Shimmer Refractor /125 Dodgers
,,,2025 Bowman Chrome Refractor BDC-74 James Tibbs III Dodgers 2
,,,2025 Bowman Chrome #BMA-JT James Tibbs III Mega box Mojo Refractor On-card Auto
,,,2025 BOWMAN CHROME JAMES TIBBS III PROSPECTS GOLD MOJO REFRACTOR AUTO [#/50]
,,,2025 Bowman Chrome James Tibbs III Yellow /75
,,,2025 Bowman James Tibbs III Chrome Prospects Green Grass Refractor 99/99 End
,,,James Tibbs III BDC-74 RC 2025 Bowman Chrome Draft Sapphire Edition Dodgers
,,,2025 Bowman Chrome JAMES  TIBBS III Yellow X-Fractor Refractor #'d 43 /75 SP
,,,2025 Bowman Chrome JAMES TIBBS III Mojo Refractor On-card Auto Rookie RC
,,,2025 Bowman Chrome Mega Box Auto James Tibbs III Blue Mojo Refractor /150
,,,James Wood RC 2025 Bowman Chrome Sapphire Yellow Refractor /75 Nationalsð¥
,,,James Wood 2025 Bowmanâs Best Rookie Auto /150 Blue Refractor Rookie SSP RC
,,,2025 Bowman Chrome James Wood 29 Blue Wave Refractor /150 RC SP Rookie Nationals
,,,Bowman Best 2025 - James Wood Pixel Portrait /50 Lava Refractor
,,,James Wood 2025 Bowman Chrome RC /175 Blue Mega Box Refractor RC ð¥ Nationals
,,,2025 Bowmanâs Best James Wood Gold /50 Washington Nationals
,,,2025 Bowman Chrome Nationals James Wood RC True Blue Refractor /150
,,,Topps Bowman Chrome 2025 James Wood Purple Mojo RC #29 /250 Nationals
,,,James Wood 2025 Bowman Best Performance Mini Diamonds Rookie - Nationals
,,,2025 Bowman Chrome James Wood RC True Green Refractor Rookie /99 Nationals
,,,2025 Bowman Chrome Prospect Gold Shimmer Refractor /50 Jancel Villarroel Auto
,,,2025 Bowman Chrome Jancel Villarroel 1st Bowman Yellow Wave /75 Astros
,,,Jancel Villarroel 2025 Bowman Purple Pattern 1st Bowman /199 Houston Astros
,,,2025 Bowman Jancel Villarroel Chrome Auto Gold Shimmer Refractor /50 1st Astros
,,,Jancel Villarroel 2025 Bowman 1st Gold Rookie SP Houston Astros #/50
,,,2025 Bowman Jancel Villarroel Chrome Prospects Autographs Orange Refractor #/25
,,,2025 1st Bowman Jancel Villarroel Green Grass Refractor /99
,,,Jancel Villarroel 2025 Bowman Chrome Blue  Refractor 004 /150 1st Bowman
,,,2025 Bowman Jancel Villarroel 1st Bowman Sky Blue # 65/499 Astros
,,,2025 Bowman Jancel Villarroel Chrome Prospects Speckle Refractor Astros #/299 SP
,,,2025 Bowman Jancel Villarroel Logofractor SSP 1:1500 Packs
,,,2025 Bowman Jancel Villarroel Chrome Fuchsia Refractor 1st #/199
,,,JANCEL VILLARROEL 2025 BOWMAN 1ST FUCHSIA BORDER ASTROS /299 Q3789
,,,2025 Bowman Chrome 1st Jancel Villarroel Blue X-Fractor Auto /150
,,,2025 Bowman Chrome -Jancel Villarroel 1st Bowman Auto #/150 True Blue Refractor
,,,2025 Bowman Sapphire - Jancel Villarroel #/50 Gold Refractor 1st Bowman Astros
,,,2025 Bowman Jancel Villarroel Gold Border 1st Prospect SP 17/50 Astros
,,,2025 Bowman Chrome 1st Bowman Jancel Villarroel Green Shimmer /99
,,,2025 Bowman Prospects Jancel Villarroel Auto 1st Bowman Fire Refractor /3 SSP RC
,,,2025 Bowman Jansel Luis 1st Bowman Gold Paper /50
,,,2025 Bowman Chrome JANSEL LUIS 1st AUTO PURPLE REFRACTOR # 018/250   NM-MT
,,,2025 Bowman Chrome Baseball Jansel Luis Purple Mojo Refractor Auto /199 #BMA-JL
,,,2025 Bowman Chrome Baseball Jansel Luis Mojo Refractor Auto
,,,2025 Bowmanâs Best Top Prospect Auto Jansel Luis True Green /99 Diamondbacks
,,,2025 Bowman Chrome Mega Box Jansel Luis Prospect Auto Mojo Refractor #BMA-JL
,,,2025 BOWMAN CHROME 1ST AUTOGRAPH JANSEL LUIS  REFRACTOR AUTO
,,,2025 Bowman Chrome #BMA-JL Jansel Luis Prospect Autographs Orange Mojo #/25
,,,2025 Bowmanâs Best JANSEL LUIS Best of 2025 On-Card Auto RC #B25-JL
,,,2025 Bowman Chrome JANSEL LUIS 1st Yellow Refractor/75
,,,2025 Bowman Chrome Jansel Luis 1st Chrome Fuchsia Reptilian Refractor #/199 RC
,,,Jansel Luis #BMA-JL 2025 Bowman Chrome Mega Prospects Auto
,,,Jansel Luis Refractor Autograph 2025 Bowman Best B25-JL Arizona Diamondbacks
,,,2025 Bowman Chrome - Jansel Luis MEGA Steel Metal Auto /100
,,,2025 Bowman Chrome - Jansel Luis Purple Mojo /199 Autographs Mega Box
,,,2025 Bowman Chrome Jansel Luis 1st Bowman Gold Wave Refractor Auto /50 SSP
,,,2025 Bowman Baseball Jared Sundstrom Speckle Refractor /299 Auto Seattle
,,,2025 Bowman Chrome Jared Sundstrom 1st Auto /150
,,,2025 Bowman Jared Sundstrom Chrome On Card Auto 1st -  /499 Mariners
,,,"2025 Bowman Chrome Autographs Jared Sundstrom Gold Shimmer 28/50 (AU, RC)"
,,,2025 Bowman Chrome Prospect Autographs Jared Sundstrom Yellow Refractor /75
,,,2025 Bowman Jared Sundstrom Chrome Prospects Auto Speckle Refractor 162/299
,,,2025 Bowman Chrome Jared Sundstrom 1st Green Wave Auto 31/99
,,,2025 Bowman Sapphire Jared Sundstrom Chrome Gold Refractor 1st Prospect /50
,,,2025 Bowman Jared Sundstrom 1st Chrome Prospect Auto Speckle Refractor #/299
,,,2025 Bowman Baseball Jared Sundstrom Bowman 1st Blue Raywave Refractor /150
,,,2025 Bowman Jared Sundstrom Chrome Gold Refractor 1st Prospect #/50 Mariners
,,,2025 Bowman Chrome Jared Sundstrom 1st Auto Refractor /499
,,,2025 Bowman Jared Sundstrom Chrome Auto Purple Refractor 1st #/250 Mariners
,,,2025 Bowman Jasson Dominguez Auto Green /99 New York Yankees ð¥
,,,2025 Bowman Chrome Jasson Dominguez Yankees Autograph Relic /150 #BCAR-JD
,,,Jasson DomÃ­nguez RARE ROOKIE Refractor Bowman Ssp | Investment Card | NY Yankees
,,,Jasson Dominguez GOLD /50 MLB LOGO REFRACTOR CARD NEW YORK YANKEES MINT
,,,2025 Topps Chrome Launched Into Orbit Jasson DomÃ­nguez die cut LIO-13 YANKEES
,,,2025 Bowman Chrome Jasson Dominguez Black Refractor Patch Auto /10 *Yankees*
,,,2025 Bowman Chrome - Chrome Autograph Relic Jasson Dominguez #BCAR-JD /150
,,,2025 Bowman Chrome Relic Jasson Dominguez Auto Used Patch #43/150 YANKEES
,,,Jasson Dominguez 2025 Bowman Chrome Gold /50 Retractor Patch Auto Yankees
,,,2025 Bowman Baseball Jasson Dominguez AUTO ORANGE /25 - New York Yankees
,,,Jasson Dominguez 2025 Topps Chrome Baseball Future Stars #FS-10 New York Yankees
,,,2025 Bowman Chrome - Chrome Autograph Relics Jasson Dominguez #BCAR-JD Black...
,,,2024 Bowman Best Baseball Jasson Dominguez Refractor Rookie Yankees
,,,2025 Bowman Chrome Jasson Dominguez Yankees Autograph Relic /150 #BCAR-JD
,,,2025 Bowman Chrome -  Auto Relics Jasson Dominguez #BCAR-JD Black /10
,,,2025 Bowman Chrome - Chrome Relic Jasson Dominguez Auto & Player Worn Patch /150
,,,2024 Bowman Chrome Jasson Dominguez RC Auto Relic #B CAR-JD Yankees /150
,,,2025 Bowman Chrome Jasson Dominguez Auto Relic /150 150/150 Yankees
,,,2025 Bowman Chrome - Chrome Autograph Relic Jasson Dominguez #BCAR-JD /150
,,,Jasson Dominguez 2025 Bowman Chrome Gold /50 Retractor Patch Auto Yankees
,,,2024 Bowman Chrome Jasson Dominguez Rising Inferno Refractor Rc Sp #RI-2 Yankees
,,,2025 Bowman Chrome Jasson Dominguez Black Refractor Patch Auto 1/10 *Yankees*
,,,2025 Bowman Chrome Jasson DomÃ­nguez Orange Patch Auto 19/25 #BCAR-JD Player Worn
,,,"2025 Bowman Chrome Javier Mogollon (Rookie) Geometric /250, Green Paper /399"
,,,2025 Bowman Chrome Javier Mogollon Steel Refractor /100 1st Bowman White Sox
,,,2025 Bowman Chrome - Javier Mogollon - 1st Bowman
,,,2025 Bowman Chrome - Javier Mogollon - 1st Bowman
,,,2025 Bowman Chrome 1st Javier Mogollon  Auto Refractor /499 White Sox
,,,ð¥JAVIER MOGOLLON 2025 Bowman Chrome Auto Refractor 1st Blue X-Fractor /150!!!ð¥
,,,2025 Bowman Chrome Javier Mogollon #'ed 200/250 PURPLE Refractor-WHITE SOX
,,,Javier Mogollon 2025 Bowman Chrome 1st Auto Orange Reptilian 5/25 White Sox
,,,JAVIER MOGOLLON 2025 Bowman Chrome 1st Purple Wave Refractor RC  #/250
,,,2025 Bowman Chrome Javier Mogollon 1st Auto/99 Green Grass Refractor
,,,2025 Bowman Chrome Prospect 1st Javier Mogollon Orange Shimmer Refractor /25 -E1
,,,2025 Bowman Chrome Prospect Autographs Javier Mogollon Green Lava Refractor /99
,,,JAVIER VAZ 2025 BOWMAN CHROME 1ST AUTOGRAPH MOJO REFRACTORAUTO 080/150 KC Royals
,,,2025 Bowman Javier Vaz Chrome Prospect Auto Speckle Refractor /299 Royals
,,,2025 Bowman Javier Vaz 1st Chrome Purple Refractor Auto /250 Royals
,,,2025 BOWMAN CHROME JAVIER VAZ AUTO GREEN LAVA /99 KC ROYALS 1ST BOWMAN
,,,2025 Bowman Chrome Javier Vaz Refractor Auto # /499 1st Bowman Kansas City...
,,,JAVIER VAZ 2025 Bowman Chrome 1st Autograph HTA CHOICE /150 Rookie ON CARD AUTO
,,,2025 Bowman Chrome JAVIER VAZ  1st Auto
,,,2025 Bowman Chrome Javier Vaz 1st Prospect Auto Green Shimmer Refractor /99  NM
,,,2025 Bowman -Chrome Prospect Autographs Javier Vaz  Green Grass Refractor /99
,,,2025 Bowman Chrome Prospect Javier Vaz Auto 1/1 Printing Plate Cyan
,,,JAVIER VAZ 2025 BOWMAN CHROME 1ST AUTOGRAPH REFRACTOR E AUTO /499
,,,2025 Bowman Chrome Prospects Autographs Gold Refractor Javier Vaz RC Auto 44/50
,,,2025 Bowman Javier Vaz Chrome Prospect Auto Speckle Refractor  #/299 Royals
,,,Javier Vaz 2025 Bowman - Chrome Prosp. Auto Green Shimmer Refractor /99 Royals
,,,JAVIER VAZ 2025 Bowman Chrome 1st Mega Choice Refractor RC Autograph Auto #/150
,,,2025 Bowman Javier Vaz Chrome Prospect Auto Speckle Refractor 290/299 Royals
,,,2025 Bowman Chrome Inserts
,,,"2025 Bowman Chrome Inserts VIP, Rookie of the Year, Greatness Loading, Top 100"
,,,JEFFERSON ROJAS 2025 BOWMAN CHROME DRAFT SAPPHIRE YELLOW 69/75 CHICAGO CUBS
,,,2025 Bowman Chrome Refractor BDC-75 Jefferson Rojas Cubs
,,,2025 Bowman Prospects BD-75 Jefferson Rojas /499 Chicago Cubs
,,,2025 Bowman Jefferson Rojas # BD - 75
,,,JEFFERSON ROJAS 2025 BOWMAN CHROME DRAFT AQUA GEOMETRIC CUBS /125
,,,2025 Bowman Chrome Draft Jefferson Rojas Chicago Cubs
,,,2025 Jeremy Rodriguez Bowman Red Auto SSP  #d 1/5 New York Mets ð¥ð¥ð¥ð¥
,,,2025 Bowman Baseball Chrome - Jesus Lopez   Yellow Wave 65 /75  A42926
,,,2025 Bowman Sapphire Jesus Lopez Chrome Yellow Refractor 1st Prospect /75
,,,Jesus Lopez 2025 Bowman 1st Chrome Wave Refractor Texas Rangers #/350
,,,ðâ¾ï¸JESUS LOPEZ 2025 Bowman Chrome 1st Mini-Diamond Refractor Auto SP /100!â¾ï¸ð
,,,"2025 Bowman - Chrome 1st Autographs Jesus Lopez  Purple Refractor /250 (AU, RC)"
,,,2025 Bowman Jesus Lopez #BB-88
,,,2025 Bowman Chrome Jesus Lopez Green /99 Refractor
,,,JESUS LOPEZ 2025 Bowman Chrome 1st Speckle Refractor RC Autograph Auto #167/299
,,,2025 Bowman Jesus Made Chrome Blue Raywave Refractor 1st Bowman  /150 Brewers
,,,2025 Bowman Chrome Prospects - Jesus Made #BCP-245MOJO Refractor Brewers
,,,2025 TOPPS Bowman 1st Chrome Prospects - JESUS MADE (Topps MLB Bunt DigitallCard
,,,2025 Bowman Chrome Jesus Made Blue Mega Box Auto /150 - Brewers - Sealed!
,,,2025 Bowman Chrome Prospect Autographs Jesus Made
,,,2025 Bowman Prospects Auto Jesus Made Gold PSA9/50 #BPAJM Brewers
,,,2025 Bowman Chrome Jesus Made Fuchsia Shimmer /199
,,,Jesus Made Mega Features Mojo Case Hit #BMF-23 ð¥ð¥ Bowman Chrome
,,,Jesus Made Milwaukee Brewers 2025 Bowman 1st Bowman *****
,,,2025 Bowman Chrome 1st Jesus Tillero /99 Auto Green Shimmer
,,,2025 Bowman Jesus Tillero 1st Neon Green /399
,,,2025 Bowman Chrome 1st Jesus Tillero Blue Refractor X-Fractor AUTO /150
,,,2025 Bowman Chrome Jesus Tillero Orange Shimmer Auto /25
,,,Topps 2025 Bowman Chrome Jesus Tillero Dodgers RC Refractor Auto /499
,,,"Jesus Tillero 1st Auto /499, 2025 Bowman Chrome Prospect #CPAJT LA Dodgers"
,,,Jesus Tillero 1st Bowman True Gold Refractor /50  2025 Bowman Chrome Dodgers
,,,2025 Bowman Chrome Jesus Tillero Teal Xfractor /125
,,,Jesus Tillero Gold Shimmer Auto #/50 ð¥ 2025 Bowman 1st Chrome Prospect Auto
,,,2025 Bowman Jesus Tillero 1st Neon Green /399
,,,2025 Bowman Chrome Jesus Tillero Orange Wave Auto /25
,,,JESUS TILLERO 2025 BOWMAN CHROME 1ST AUTOGRAPH SPECKLE AUTO /299
,,,2025 BOWMAN CHROME JESUS TILLERO ORANGE REPTILIAN REFRACTOR AUTO RC #âd 10/25!
,,,"2025 Bowmanâs Best Pena, Willams, Lantigua, Benge Quad Auto Gold Refractor /50"
,,,2025 Bowman Sterling Jett Williams Prospect Auto No. PA-JW
,,,"2025 Bowmanâs Best Pena, Willams, Lantigua, Benge Quad Auto Gold Refractor /50"
,,,"2025 Bowmanâs Best Pena, Willams, Lantigua, Benge Quad Auto RED Refractor /5"
,,,Jhancarlos Lara 2025 Bowman Chrome 1st Bowman Reptilian Refractor - Braves
,,,Jhancarlos Lara 1st Bowman Chrome SSP Peanuts Refractor 2025 Bowman Snack Pack
,,,Topps Bowman Sapphire Chrome Prospects Jhancarlos Lara Braves Yellow /75 #BCP-1â¦
,,,2025 Bowman Chrome -Jhancarlos Lara - 1st Bowman
,,,2025 Bowman Chrome -Jhancarlos Lara - 1st Bowman
,,,2025 1st Bowman Jhancarlos Lara Purple Raywave Refractor /250
,,,2025 Bowman - Chrome Prospects Jhancarlos Lara Steel Metal Refractor /100 Braves
,,,ð¥â¾ï¸JHANCARLOS LARA 2025 Bowman 1st Paper Yellow Bandana Border /75 #BRAVES!â¾ï¸ð¥
,,,2025 Bowman Chrome Baseball Jhancarlos Lara Gold Geometric 1st Bowman /50 #126
,,,2025 Bowman Chrome 1st Prospect JHANCARLOS LARA #BCP- /350 Braves
,,,Jhancarlos Lara 2025 1st Bowman Chrome Prospects Speckle Refractor /299 Braves
,,,2025 Bowman - Jhancarlos Lara 1st Purple Pattern Bandana SP #/199 - Braves
,,,Jhonayker Ugarte - 2025 Bowman 1st Chrome AUTO GOLD WAVE  /50 Royals
,,,2025 Bowman Chrome - Jhonayker Ugarte - 1st Bowman
,,,2025 Bowman Chrome Jhonayker Ugarte 1st Yellow Wave Refractor 71/75
,,,2025 1st Bowman Jhonayker Ugarte Chrome Blue Geometric Refractor /150 GMA 10
,,,2025 Bowman Jhonayker Ugarte Chrome Prospect Auto HTA Choice Refractor #/150
,,,2025 BOWMAN JHONAYKER UGARTE YELLOW PAPER /75 KANSAS CITY ROYALS
,,,2025 Bowman Jhonayker Ugarte Chrome Orange Geometric /25 Royals
,,,2025 Bowman - Jhonayker Ugarte Chrome 1st /499
,,,Bowman 2025 - Jhonayker Ugarte Chrome Yellow Refractor  /75 Royals
,,,2025 Bowman Chrome Jhonayker Ugarte Chrome Prospects Mojo Refractor 25/125
,,,2025 Bowman Chrome Prospects 1st Green Refractor Auto Jhonayker Ugarte # 65/99
,,,JHONAYKER UGARTE 2025 BOWMAN CHROME 1ST GREEN GRASS ROYALS /99 Royals
,,,2025 Bowman Jhonayker Ugarte Chrome Prospects Purple Geometric Refractor /250
,,,2025 Bowman Jhonayker Ugarte Mini Diamond Refeactor Royals FREE SHIPPING
,,,2025 Bowman Jhonayker Ugarte Chrome Prospects Purple Geometric Refractor /250
,,,2025 Bowman Chrome Sapphire JHONAYKER UGARTE 1st Orange Refractor /25! Royals
,,,JHONKENSY NOEL 2025 Bowman Paper GREEN PARALLEL Rookie Card #/399
,,,2025 Bowman Jhonkensy Noel Neon Green Parallel Rookie RC /399
,,,2025 Bowman 1st JHONKENSY NOEL Purple Pattern RC /199 Guardians BPâ81
,,,2025 Bowman Chrome Jhonkensy Noel Refractor Rookie Auto /499 Cleveland Guardians
,,,Jhonkensy Noel 2025 Bowman Chrome Mojo Yellow /75 Rookie RC Guardians
,,,2025 Bowman Jhonkensy Noel RC Fuchsia #205/299
,,,Jhonkensy NOEL 2025 Bowman Rookie Green Pattern SP /99
,,,2025 Topps Chrome Jhonkensy Noel Auto (RC) + 2022 1st Bowman Blue /150 Cleveland
,,,2025 BOWMAN!  JHONKENSY NOEL!  RC!  RED ROOKIE REDEMPTION!  CLEVELAND GUARDIANS!
,,,Topps 2025 Bowman Chrome Fuchsia Mojo Refractor Jhonkensy Noel RC #81/299
,,,Jhonkensy Noel 2025 Bowman Chrome Burgundy Mojo #81 /275 Guardians RC
,,,Jhonkensy Noel RC /10 2025 Bowman Black SSP Rookie Guardians Parallel
,,,2025 Bowman Chrome Prospect Autographs Jhonny Level Refractor 1st Auto CPAJL
,,,ð¥JHONNY LEVEL 2025 Bowman Sapphire Black Refractor /10 #COLOR MATCH #BOOKENDð¥
,,,Jhonny Level 2025 Bowman Chrome 1st Sapphire Orange Refractor Auto 07/25 Giants
,,,2025 Bowman Chrome Jhonny Level HTA Choice Auto #43/150
,,,2025 Bowman Jhonny Level Rookie Rose Gold Refractor/15
,,,2025 Bowman Chrome Jhonny Level Sapphire Auto /199
,,,Auto Jhonny Level Refractor 1st Auto + Reptilian 2025 Bowman 1st Chrome
,,,2025 Bowman Chrome Prospects Jhonny Level 1st Blue Shimmer Refractor /150 RC
,,,"2025 Bowman Chrome Jhonny Level Refractor Autograph, #/499"
,,,2025 Bowman Chrome | Jhonny Level | 1st Bowman Sapphire Auto /199 | Giants
,,,2025 Bowman Chrome- Jhonny Level- Reptilian Refractor
,,,Jhonny Level 2025 1st Bowman Chrome BLUE Mojo REFRACTOR 102/150 Giants
,,,Jhonny Level 2025 1st Bowman Chrome BLUE Mojo REFRACTOR 028/175 Giants
,,,2025 Bowman Chrome 1st TRUE PURPLE REFRACTOR ROOKIE Jhonny Level 015/250
,,,Jhonny Level 2025 1st Bowman Chrome Base Auto
,,,2025 Bowman Jhonny Level Mojo Green Refractor 1st Bowman #/99 Giants
,,,2025 Bowman Chrome Jhonny Level 1st Auto Refractor /499 Giants
,,,2025 Bowmanâs Best Jhostynxon Garcia 2025 MLB All-Star Futures Game #FG-15 B
,,,2025 Bowman Jhostynxon Garcia Chrome Speckle Refractor 1st #090/299
,,,2025 Bowman Chrome 1st Jhostynxon Garcia BCP 43 Red Sox Pirates
,,,2025 Bowman Jhostynxon Garcia 1st Chrome Prospect Mojo Blue Refractor #/150
,,,JHOSTYNXON GARCIA 2025 BOWMAN CHROME 1ST WAVE REFRACTOR /350
,,,2025 Bowman Jhostynxon Garcia Chrome Lava Refractor 1st /399 Red Sox
,,,Jhostynxon Garcia 2025 Bowman Chrome Orange Shimmer Refractor 1st RC Auto /25 ð¥
,,,2025 Bowman Jhostynxon Garcia Chrome Prospects Green Grass Refractor #/99
,,,2025 Bowman Jhostynxon Garcia 1st Bowman Sky Blue /499
,,,2025 Bowmanâs Best Jhostynxon Garcia Best Of 2025 On Card Auto /150 - #B25-JGA
,,,2025 Bowman Chrome Jhostynxon Garcia (RC) 1st Bowman Blue Ray Wave /150 Guardian
,,,"2025 Bowmanâs Best JJ Wetherholt Auto, #B25-JJW ð¥ð"
,,,JJ WETHERHOLT 2025 Bowman Cardinals Sky Blue Parallel 1st /499 Hot Prospect!
,,,JJ Wetherholt 1st Wave Refractor /350 Bowman Chrome 2025 Cardinals
,,,2025 Bowman Chrome Sapphire JJ Wetherholt 1st Yellow Refractor /75 SSP Cardinals
,,,2025 Bowman Prospects JJ Wetherholt 1ST BOWMAN Cardinals Rookie GEM Beautyð¥
,,,2025 Bowman Chrome JJ Wetherholt SSP MEGA FUTURES Mojo Rookie Cardinals #BMF-16
,,,JJ WETHERHOLT 2025 Bowman Chrome Prized Prospects Gold Refractor #PP-18 /50
,,,2025 Bowman Chrome JJ Wetherholt Silver Wave Refractor  /350
,,,2025 Bowman Chrome Prospects - JJ Wetherholt - Black Refractor 10/10
,,,JJ WETHERHOLT - 2025 Bowman Chrome 1st /99
,,,2025 Bowman Chrome JJ Wetherholt Blue Geometric 1st Chrome /150 RC Cardinals
,,,2024-2025 Bowman Prospects/vet serial Numbered /5/99/125/175/199/250/299/350/399
,,,Bowman Prospects Jonah Tong Purple /250 Rookie Baseball Card New York Mets 2025
,,,2025 Bowman Chrome 1st Jonah Tong Green Geometric /99
,,,2025 Bowmanâs Best JONAH TONG Best Of 2025 Orange Refractor Auto /25 Mets SSP
,,,2025 Bowman Chrome Prospects JONAH TONG PEARL REFRACTOR 1st Bowman METS
,,,Jonah Tong 2025 Bowman 1st Bowman Chrome Auto Mets RC IC43
,,,2025 Bowman Jonah Tong Chrome Purple Raywave Refractor 1st Prospect #/250 Mets
,,,2025 Bowman Prospects 1st Fuchsia  Jonah Tong Numbered 071/299
,,,2025 Bowman Chrome Jonathon Long Blue Reptilian
,,,2025 Bowman Prospect Jonathon Long /299. #BD-58 Purple
,,,2025 Bowman Chrome Jonathon Long 1st Bowman HTA Choice Refractor Auto 137/150
,,,2025 Bowman Prospects Jonathon Long Blue Paisley
,,,2025 Bowman Jonathon Long 1st Bowman Blue Reptilian Refractor /150 Chicago Cubs
,,,2025 Bowman Chrome Jonathon Long Yellow Canary Refractor Wave /75 Cubs 1st
,,,2025 Bowmanâs Best Jonathon Long Red Auto 4/5 Cubs #B25-JLO
,,,2025 Bowman Best Jonathon Long Auto #B25-JLO
,,,Jonny Farmelo 2025 Bowman Chrome Mega Mojo Refractor Autograph Auto Mariners
,,,2025 Bowman Chrome Jonny Farmelo /35 White Refractor RC
,,,Jonny Farmelo #BMA-JFA 2025 Bowman Chrome Mega Box Prospects Autograph (RC)
,,,2025 Bowmanâs Best - Jonny Farmelo Purple Refractor Auto /75
,,,2025 Bowman Chrome Draft Jonny Farmelo Teal Reptilian /125
,,,Jonny Farmelo 2025 Bowman Chrome Mojo Autograph Mariners Card #BMA-JFA
,,,2025 Bowman Chrome Jonny Farmelo #BCD-163
,,,2025 Bowman Chrome - Chrome Prospect Mojo Autographs Jonny Farmelo #BMA-JFA (RC)
,,,2025 Topps Stars of MLB #SMLB-18 James Wood RC Washington Nationals
,,,2023-2024-2025 Bowman Baseball Base Prospect Chrome - Pick Card
,,,Arizona Diamondbacks Baseball Cards
,,,2025 Topps Bowman Basketball Jordan Clarkson Silver Refractor /499 BCV-190 Jazz
,,,2025 Impeccable Druw Jones JUMBO PATCHES /6 FIELDING GLOVE PATCH SSP RC #IJP-DJ
,,,2025 Impeccable Jordan Lawlar âWATERCOLORSâ /25 ON CARD AUTO SSP No. WCS-JL ð¨
,,,JORDAN LAWLAR 2025 TOPPS TRIBUTE AUTOGRAPH BLUE DBACKS ON CARD AUTO /150 #TA-JL
,,,JORDAN LAWLAR 2025 TOPPS TRIBUTE AUTOGRAPH BLUE DBACKS AUTO 125/150 #TA-JLð¥
,,,2024 Bowman Chrome Rising Infernos Jordan Lawlar #RI-3 Green 74/99
,,,2024 BOWMAN RISING INFERNOS RI-3 JORDAN LAWLAR DIAMONDBACKS
,,,2025 Topps Stars of MLB #SMLB-18 James Wood RC Washington Nationals
,,,2025 Topps Stars of MLB #SMLB-19 Brooks Lee RC Minnesota Twins
,,,Jordan Lawlar 2022 Topps Heritage Baseball Rookie SSP Insert
,,,"2025 TOPPS SERIES 2 BASEBALL  BASE ""FINISH YOUR SET"" YOU CHOOSE"
,,,2025 Bowman Chrome Jordan Lawlar Refractor Pattern RC Diamondbacks
,,,2025 Bowman Chrome - Jordan Lawlar Spotlights - Red Refractor (RC) #1/5
,,,2021 Bowman s Best Refractors - YOU WANT THESE!! NEW --Updated Pricing 8/7/2025
,,,2025 Topps Stars of MLB #SMLB-19 Brooks Lee RC Minnesota Twins
,,,2025 Topps Stars of MLB #SMLB-30 Dylan Crews RC Washington Nationals
,,,2025 Topps Finest Jordan Lawlar Blue Uncommon /150
,,,Chase DeLauter RARE ROOKIE RC SILVER REFRACTOR INVESTMENT CARD SSP MINT
,,,Chase DeLauter RARE ROOKIE RC SILVER REFRACTOR INVESTMENT CARD SSP MINT
,,,Chase DeLauter RARE ROOKIE RC HOLO REFRACTOR INVESTMENT CARD GAURDIANS SSP MINT
,,,2025 Bowman U Best Jordyn Tyson Purple Refractor Auto /75
,,,2025 Bowman Chrome Blue Mojo Slade Caldwell /150 #BMA-SC
,,,JORDAN WESTBURG Topps Future Stars Rookie Card RC Baltimore Oriolesð¥ð¥$$
,,,2025 Bowman Paper Blue Auto Jordan Westburg 037/150
,,,2025 Bowman Jordan Westburg Orange Auto Baltimore Orioles /25 Color Match
,,,Topps Jordan Westburh /199 Bowman Jake Burger /150     Bowman Samuel Zavala /499
,,,2025 Bowman Jordan Westburg Autograph ð¥
,,,Jordan Westburg 2021 Bowman Chrome Mojo Refractor & 2022 Bowman Scouts Top 100
,,,Jordan Westburg 2024 Bowman Chrome Mojo Rookie Refractor 2020 Bowman 1st Chrome
,,,Jordan Westburg 2024 Prizm Silver Holo Variation Prizm Rookie Parallel
,,,2025 Topps Series One Jordan Westburg 1990 RELIC #/150 + MOJO RC + 1989 RC MOJO
,,,2025 Bowman Rookies and Veterans Retail Autographs Jordan Westburg Auto
,,,2025 Bowman - Paper Rookies and Veterans Retail Autographs Jordan Westburg...
,,,2025 Topps Heritage  Clubhouse  Relic Jordan  Westburg
,,,2025 Bowman - Paper Rookies and Veterans Retail Autographs Jordan Westburg...
,,,Jordan Westburg 2025 Bowman Green Paper Retail Auto /99 1st On Print Orioles
,,,2025 Bowman - Paper Rookies and Veterans Retail Autographs Jordan Westburg...
,,,2025 Bowman - Houston Astros BUY 2 GET 3 FREE!
,,,2025 Bowman JOSE ALTUVE Paper Sky Blue Border #/499 Houston Astros
,,,2025 Bowman Chrome -  Jose Altuve -Purple Mojo Refractor  / 275
,,,2025 Bowman Chrome Mojo Jose Altuve Orange /25
,,,2025 Bowman Chrome  Jose Altuve Mojo Refractor
,,,2025 Bowman Jose Altuve Logofractor
,,,Topps 2025 Bowman Yellow Parallel Jose Altuve #63 /75 Houston Astros
,,,Jose Altuve Houston Astros 9 Card Player Pack 2025 2024 Topps Bowman
,,,2025 Bowman Jose Altuve Card
,,,2025 Topps Originals Buyback Jose Altuve 2025 Bowman Foil Stamp 1/1 Astros
,,,2025 Bowman Purple Paper Jose Altuve Numbered 116/250
,,,2025 Bowman Chrome JosÃ© Altuve Navy BlueMo /175
,,,2025 Topps Bowman Jose Altuve Neon Green Parallel Astros #63 /399
,,,2025 Bowman Purple Parallel Jose Altuve Houston Astros #63 /250
,,,2025 Bowman Blue Mojo Refractor Jose Altuve Houston Astros 60/150
,,,"2025 BOWMAN BASEBALL. JOSE ALTUVE ""SKY BLUE"" # /499"
,,,2025 Bowman Chrome Mojo Gold Jose Perdomo Auto /50 Atlanta Braves #BMA-JP
,,,"2025 Bowman - Chrome Prospect Mega Box Autographs Jose Perdomo #BMA-JP (AU, RC)"
,,,2025 Bowman Chrome Prospect Mega Box Auto Jose Perdomo BMA-JP Braves
,,,2025 Bowman Prospect Red Wave Refractor Jose Perdomo Braves #3/5
,,,2025 Bowman Chrome -Jose Perdomo
,,,2025 Bowman Chrome - Jose Perdomo
,,,2025 Bowman Chrome Prospects - Jose Perdomo - Purple Refractor /250 - Braves
,,,2025 Bowman Chrome Prospects Jose Perdomo BMA-JP Auto Mojo Refractor Mint
,,,2025 Bowman Chrome Mega Box Jose Perdomo Mojo Refractor Auto #BMA-JP Braves
,,,2025 Bowman Chrome Sapphire Prospects Jose Perdomo Orange Refractor 1/25 12926
,,,2025 Bowman Jose Perdomo #BMA-JP Chrome Prospect Auto Mega Green Refractor /99
,,,2024 Bowman Chrome - Jose Perdomo Gold Auto /50  #BMA-JP
,,,2025 Bowman Mega Box JOSE PERDOMO Chrome Blue Mojo Refractor Auto Card /250
,,,Jose Perdomo 2025 Bowman Prospect Yellow Parallel /75 Braves
,,,2025 Bowman Chrome Jose Perdomo Purple Mojo /199 On Card Auto Atlanta Braves
,,,Jose Perdomo 2025 Bowman Mega Box Auto BMA-JP Mojo Refractor BRAVES
,,,Topps Bowman Chrome 2025 Jose Perdomo Braves Auto Mojo Refractor #BMA-JP/499
,,,Topps Jose Perdomo Atlanta Braves 2025 Bowman Mojo Auto #BMA-JP G64
,,,2025 Bowman - Chrome Prospect Mega Box Autographs Jose Perdomo #BMA-JP (RC)
,,,2025 Bowman Chrome Prospects JOSE PERDOMO #BMA-JP Mojo Refractor Auto Braves
,,,2025 Bowman - Chrome Prospect Mega Box Autographs Jose Perdomo #BMA-JP (RC)
,,,Topps 2025 Bowman Jose Perdomo Chrome Autograph Atlanta Braves 52/150
,,,2025 Bowman Chrome Jose Pirela 1st Auto Purple Refractor /250 Guardians RC
,,,JOSE PIRELA 2025 BOWMAN CHROME 1ST YELLOW X-FRACTOR GUARDIANS /75
,,,Jose Pirela 2025 Bowman Chrome Sapphire 1st Bowman Black Refractor /10 Guardians
,,,2025 Bowman Chrome Draft 1st Jose Pirela Base Auto RC On Card Guardians
,,,2025 Topps Bowman Chrome Baseball - YOU CHOOSE
,,,2025 Bowman Jose Pirela Chrome Auto 1st Prospect Guardians
,,,JOSE PIRELA 2025 BOWMAN #CPAJP CHROME PROSPECT AUTO REFRACTOR 041/499
,,,Jose Pirela 2025 Bowman Chrome Sapphire 1st Bowman Black Refractor /10 Guardians
,,,2025 Bowman Chrome 1st Jose Pirela 21/99 Green Grass Auto & 45/99 Green Rep.NMC
,,,2025 Bowman Chrome Jose Pirela auto
,,,ðâ¾ï¸JOSE PIRELA 2025 Bowman 1st Rose Gold Mini-Diamond Refractor SP /15!!!â¾ï¸ð
,,,2025 Bowman Chrome Jose Pirela Reptilian 1st Bowman Clevland Guardians OF OA4
,,,2025 Bowman Chrome Prospects Auto Jose Pirela 1st Bowman True Blue Auto /150
,,,2025 Bowman Chrome JOSE PIRELA 1st Bowman Orange Refractor #/25
,,,2025 Bowman Chrome 1st Jose Pirela Green Grass /99
,,,2025 Bowman Sapphire Jose Pirela GOLD Refractor 1st /50 Clev Guard & 3 Free Base
,,,2025 Bowman Chrome 1st Jose Pirela Guardians Geometric Blue /150
,,,2025 Bowman Chrome Prospect Autographs Jose Pirela Green /99 First On Print
,,,Jose Pirela 2025 Bowman Chrome 1st Auto HTA Choice /150 Guardians
,,,2025 Bowman Chrome Jose Pirela (RC) 1st Bowman Wave Refractor /350
,,,2025 Bowman Chrome Jose Pirela (RC) 1st Bowman Wave Refractor /350
,,,JERSEY # MATCH! 2025 Bowman Chrome Jose Ramirez Navy Blue 11/175! GUARDIANS!
,,,2025 Bowman JosÃ© RamÃ­rez Pink #/175 Cleveland Guardians
,,,2025 BOWMAN JOSE RAMIREZ BASEBALL CARD CLEVELAND GUARDIANS THIRD BASEMAN
,,,2025 Bowman Chrome JosÃ© RamÃ­rez Steel Pattern Parallel #009/100 Guardians
,,,2025 Bowman Chrome JosÃ© RamÃ­rez Mojo Refractors Cleveland Guardians
,,,2025 Bowman Jose Ramirez Pink Mojo Refractor 236/299
,,,2025 Bowman Chrome JosÃ© RamÃ­rez Aqua Mojo Card /299
,,,2025 Bowman Jose RamÃ­rez Green /99
,,,2025 Josh Hartle Bowman Propects IP Auto
,,,Josh Hartle 2025 Bowman Green Autograph 43/99 Cleveland Guardians
,,,2025 Bowman -Josh Hartle Autograph Cleveland Guardians
,,,2025 Bowman JOSH HARTLE Auto
,,,2025 Bowman #BD-3 Josh Hartle 1st Bowman (RC)
,,,2025 Bowman #BD-3 Josh Hartle 1st Bowman (RC)
,,,2025 Bowman Baseball- Josh Hartle Auto Rookie - Cleveland Guardians
,,,2025 Bowman Baseball- Josh Hartle Auto Rookie - Cleveland Guardians
,,,2023-2024-2025 Bowman Baseball Base Prospect Chrome - Pick Card
,,,2025 Topps Archives Signature Josh Jung 1/1 On Card Auto 2021 Bowman
,,,JOSH JUNG 2025 TOPPS ARCHIVES SIGNATURE SERIES /10 2020 BOWMAN CHROME RANGERS
,,,Jung/Lowe Brothers Card Collection Tampa Bay/Texas Rangers/Detroit Tigers MLB
,,,2025 Bowman Chrome Jace Jung RC& 2021 Bowman Platinum J. Jung Texas Rangers (RC)
,,,2025 Topps Archives Josh Jung 2023 Bowman Rookie Auto /75 Buyback Texas Rangers
,,,2025 Bowman Mojo Josh Jung
,,,2025 Topps Archives Signature Series JOSH JUNG 2020 Bowman Texas Rangers 5/5
,,,2025 Topps Archives Signature Series JOSH JUNG rookie 2023 Bowman Rangers 46/99
,,,"""Dano's Dugout"" Baseball Card Mystery Fun Box - 1 Guaranteed Autograph! AWESOME!"
,,,Josh Jung 2025 Topps Series One Sand Glitter Foil Card # 117 Rangers
,,,2024 Baseball Team Pack Rangers 20 Card Pack Nolan Ryan + 2025 Topps Series 1 Te
,,,Josh Jung 8 Card Plaque Topps Bowman 2025 2024 Texas Rangers
,,,"2025 TOPPS SERIES 1 BASEBALL RC'S AND COMMONS BASE ""FINISH YOUR SET"" YOU CHOOSE"
,,,2025 Bowman Baseball
,,,2024 Bowman Chrome Wyatt Langford Auto #09/99...Josh Jung pink refractor 109/199
,,,9 Base MLB Cards/ Rangers  / Rookie /RC / Topps Chrome / Heritage / Bowman 1st
,,,2025 Bowman Mega WYATT LANGFORD Refractor + 2024 JOSH JUNG Future Stars Rangers
,,,Josh Jung 2025 Topps Archives Signature Series 2023 Bowman Rookie Autograph /98
,,,Josh Jung 2025 Bowman Paper Gold Variation Auto Sp 11/50 Rangers
,,,"Texas Rangers 5 Pack, Wyatt Langford Raywave, Merrill Kelly Sparkle, + More"
,,,JOSH KNOTH 2025 BOWMAN CHROME 1ST PURPLE RAYWAVE REFRACTOR /250
,,,Josh Knoth 2025 Bowman Chrome - 1st Bowman - Refractor #407/499 - #136 Brewers
,,,JOSH KNOTH 2025 BOWMAN CHROME 1ST REPTILIAN REFRACTOR BREWERS
,,,2025 Bowman Chrome Josh Knoth Orange Reptillian Refractor /25 Brewers FY SP
,,,2025 Bowman Chrome Purple Raywave Refractor LE Josh Knoth Milwaukee Brewers
,,,2025 Bowman Chrome Josh Knoth Green Reptilian /99
,,,2025 Bowman 1st - Josh Knoth - Purple Pattern 021/199 SP  RC
,,,2025 Bowman Josh Knoth Chrome 1st Bowman Milwaukee Brewers
,,,2025 Bowman Chrome - Chrome Prospect Mojo Autographs Josue Briceno #BMA-JB
,,,2025 Topps National Convention - Josue Briceno - #TP-23 Bowman Chrome Promo
,,,2025 Bowman Chrome NSCC Josue Briceno Rookie Refractor TP-23 National Convention
,,,Josue Briceno 1st Bowman Chrome Auto /499 Tigers Pirates+Mitch Jebb Prizm Auto
,,,2025 Bowmanâs Best Best Of Autographs Josue Briceno /25 Detroit Tigers
,,,2025 Bowman Chrome Prospects Josue Briceno 1st BOWMAN Yellow Mojo Refractor /75
,,,2025 Bowman Chrome Sapphire Josue Briceno BDC-60 Tigers
,,,Josue Briceno 2025 Bowman Chrome Draft Aqua Reptilian Refractor 25/125 Tigers
,,,2025 Bowman Chrome Josue Briceno Purple Mojo /199 Autograph (RC)
,,,Josue Briceno 2025 Bowman Chrome BLUE REFRACTOR 108/150 Tigers #BDC-60 Raw RC z6
,,,2025 Bowman Chrome- Orange Geometric Refractor /25- Josue Briceno #BDC-60
,,,Josue Briceno 2025 Bowman Chrome 1st Blue Mojo Refractor /175 RC Rookie Card
,,,2025 Bowman JOSUE BRICENO Chrome 1st Reptilian ð¥ð¥ Detroit Tigers
,,,2025 BOWMAN CHROME PROSPECTS AUTOGRAPHS JB JOSUE BRICENO ORANGE REFRACTOR /25
,,,2025 Bowmanâs Best Josue De Paula All Star Game #FG-7 Los Angeles Dodgers
,,,Topps 2025 All-Star Futures Mini Diamond Insert Josue De Paula #FC-7 Card
,,,2025 Panini Prizm Josue de Paula #267 Red Power Prizm /99 Bowman 1st  Topps
,,,Josue De Paula 2025 Prizm Baseball Green Holo Variation Prizm Rookie Parallel
,,,2025 Bowman Chrome Inserts
,,,2025 Bowman Josue De Paula Invicta Insert Los Angeles Dodgers
,,,2025 Bowman Chrome Josue De Paula Prospect Los Angeles Dodgers
,,,2025 Bowman's Josue De Paula ASG FG-7 Dodgers
,,,2025 Bowman Chrome Juan Soto Mets Fuschia /299
,,,Juan Soto 2025 Bowman Chrome Sapphire #SS-4 Gold Refractor Selections /50 ZU
,,,Juan Soto 2025 Bowman Chrome Mojo Purple Refractor #/250
,,,Juan Soto - 2025 Bowman Chrome Prime Signatures Orange Auto 22/25 Jersey Number
,,,2025 Bowman Chrome Juan Soto Refractor #/399
,,,JUAN SOTO 2025 BOWMAN BLUE PATTERN BORDER PAPER METS #22 /125 color match
,,,2025 Bowman Chrome Mega Juan Soto Orange Mojo Refractor #19/25 Mets
,,,2025 Bowman Chrome Juan Soto Purple Geometric Refractor /250
,,,2025 Bowman Chrome Juan Soto Purple Geometric Refractor Serial #22/250 - Mets
,,,2025 Bowman Chrome - Juan Soto Fuchsia Refractor #117/299 - New York Mets
,,,2025 Bowman Chrome Purple Refractor Mojo Julio RodrÃ­guez Seattle Mariners #/250
,,,Julio RodrÃ­guez 2025 Bowman Chrome Fuchsia Wave #/299
,,,Julio RodrÃ­guez 2025 Bowman Chrome Mojo Navy Refractor #/175
,,,Julio RodrÃ­guez 2025 Bowman Chrome Mojo Green Refractor #/99
,,,Julio RodrÃ­guez 2025 Bowman Chrome Mojo Blue Refractor #/150
,,,2025 Bowman Topps Chrome Julio Rodriguez Gold Mojo Refractor /50
,,,2025 Topps Bowman Chrome Sapphire Julio Rodriguez Orange /25
,,,2025 BOWMAN Paper Prospects Team Set BP Seattle Mariners Julio RodrÃ­guez Jared S
,,,2025 Bowman Jung Hoo Lee Pink Border #166/175 - San Francisco Giants
,,,2025 Bowman BEST Jung Hoo Lee Orange  #'d /25 Giants
,,,2025 Bowman Baseball Jung Hoo Lee Yellow #âd 03/75 San Francisco Giants
,,,2025 Bowman BEST Jung Hoo Lee /50
,,,Jung Hoo Lee 2025 Bowmanâs Best - Purple Mojo /250 SP - Giants
,,,2025 Bowmanâs Best Baseball Jung Hoo Lee Gold Refractor /50
,,,2025 Bowman BEST Jung Hoo Lee Gold Refractor /50
,,,2025 Bowman Junior Caminero Bowman Retro Foil Sp  Rays (spots)
,,,Junior Caminero | 2025 Bowman Chrome | Black Geometric Refractor /10
,,,2025 Bowman Chrome - Junior Caminero - Blue Refractor /150
,,,2025 Bowman Chrome Junior Caminero 80 Pulsar Refractor /399 Tampa Bay Rays
,,,"2025 Bowman Chrome Logofractor Bundle Dylan Crews, Junior Caminero."
,,,Junior Caminero 2025 Bowman Sapphire Red Refractor /5 POP 1
,,,2025 Bowman Junior Caminero 14/99 Green
,,,2025 Bowmanâs Best Junior Caminero /250 Purple Refractor Rays
,,,2025 Bowman Baseball Junior Caminero 13 Yellow Paisley Paper Parallel 27/75 RAYS
,,,2025 Bowman Chrome Mega Box Junior Caminero Orange /25
,,,"2025 Bowman - Junior Caminero Chrome Blue Mojo Refractor /150 (Rays, HR Derby)"
,,,2025 Bowman Junior Caminero Chrome Aqua Mojo Refractor
,,,Topps Bowman 1st Edition Justin Crawford Philadelphia Phillies Card #BPPF-3
,,,"2025 BOWMAN CHROME JUSTIN CRAWFORD 1ST BOWMAN CHROME ROOKIE 3 CARDS ,PLUS"
,,,2025 Bowman Sapphire Kellon Lindsey Gold Refractor 40/50
,,,2025 Bowman Kellon Lindsey #/5 Red Refractors Sapphire Geometric True Rookie Set
,,,2025 Bowman Chrome Kellon Lindsey X-Fractor
,,,2025 Bowman Chrome Mega Kellon Lindsey Steel Metal Mojo Prospect Autograph /100
,,,Kellon Lindsey #BMA-KL 2025 Bowman Chrome Prospect Autographs Mega Mojo Auto
,,,"2025 Bowmanâs Best, Kellon Lindsey, Best Of 2025 Prospect Autograph, No. B25-KLï¿¼"
,,,ð´KELLON LINDSEY 2025 Bowman Chrome Purple Mojo Refractor Auto /199 #DODGERS!ð´
,,,2025 Bowman Kellon Lindsey Chrome Prospects Purple Raywave Refractor #/250
,,,Kellon Lindsey 2025 Bowman Chrome Blue Raywave Refractor /150 Dodgers
,,,â­ 2025 Bowman Chrome Prospects Kellon Lindsey Gold Mojo On-Card Auto /50 Dodgers
,,,2025 Bowman Chrome - Mega Box  Prospect Mojo Autographs Kellon Lindsey #BMA-KL
,,,KELLON LINDSEY 2025 Bowman Chrome Purple Wave Refractor /250 FREE SHIPPING
,,,Topps 2025 Bowman Chrome Kellon Lindsey Speckle Refractor /299 Dodgers Rookie
,,,2025 Bowman Chrome Kellon Lindsey Auto Mojo Refractor Dodgers
,,,red reptilian refractor # 1/5 kellon lindsey
,,,2025 TOPPS BOWMAN CHROME KELLON LINDSEY GOLD REFRACTOR  /50
,,,Topps 2025 Bowman Chrome Mojo Autograph Kellon Lindsey Dodgers BMA-KL RC
,,,2025 Bowman Chrome Purple Mojo Refractor Kellon Lindsey Auto /199 Dodgers
,,,Kellon Lindsey Auto 2025 Bowman Chrome Prospect Autographs Mega Mojo #BMA-KL
,,,"2025 Bowman Chrome - Prospect Auto Kellon Lindsey, Metal Refractor /100 (AU, RC)"
,,,Ketel Marte - 2025 Bowman Chrome Blue Wave Refractor /150 Diamondbacks
,,,Ketel Marte /125 2025 Bowman Chrome Aqua Geometric Free Ship
,,,Ketel Marte 75/99 Bowmanâs Best Topps Arizona Diamondbacks
,,,(7788) Ketel Marte #10/50 2025 Bowman Chrome Gold Refractor Diamondbacks
,,,KETEL MARTE 2025 BOWMAN BASEBALL GREEN BORDER PAPER DIAMONDBACKS 95/99
,,,2025 Bowman Baseball Ketel Marte Pulsar /399 Diamondbacks
,,,2025 Bowman PSA9 Ketel Marte Orange Paper Parallel /25 Arizona Diamondbacks
,,,2025 Bowman Ketel Marte Yellow /75 Paper  Arizona Diamondbacks
,,,2025 Bowman Chrome - Ketel Marte TRUE Orange Refractor /25
,,,2025 Bowman Chrome #44b Kevin AlcÃ¡ntara Red Rookie
,,,2025 Bowman Kevin AlcÃ¡ntara 95 Neon Green Chicago Cubs #/399
,,,2025 Bowman Kevin AlcÃ¡ntara 95 Red Rookie | Chicago Cubs
,,,2025 Bowman Chrome #44b Kevin AlcÃ¡ntara Red Rookie
,,,(6206) Kevin AlcÃ¡ntara 2025 Bowman Chrome Image Variation Refractor SP RC Cubs
,,,Kevin Alcantara 2025 Bowman Chrome Rookie Year Favorites Auto Gold /50 Cubs
,,,2025 Bowman Kevin AlcÃ¡ntara #BCAR-KA Gold /50 Autograph Relic Chicago CUBS RC
,,,"2025 Bowman Chrome Kevin AlcÃ¡ntara (RC) /150 Auto (AU,SN) ROY Fave Die Cut  CUBS"
,,,2025 Bowman Chrome #44b Kevin AlcÃ¡ntara
,,,2025 Bowman Kevin AlcÃ¡ntara #BCAR-KA Gold /50 Autograph Relic Chicago CUBS RC
,,,Kevin AlcÃ¡ntara Chicago Cubs 2025 Bowman Chrome Greatness Loading insert***
,,,Kevin AlcÃ¡ntara (RC) Rookie Bowman Chrome Red Rookie Logo 2025 Bowman 95
,,,2025 Bowman Chrome #BCAR-KA Kevin AlcÃ¡ntara Autograph Relics #/150
,,,2025 Bowman Chrome National Convention KEVIN McGONIGLE Gold Refractor # 49/50
,,,2025 Bowman Chrome Draft Sapphire- KEVIN MCGONIGLE #BDC-59 TRUE YELLOW /75
,,,2025 Bowman Chrome Kevin McGonigle #BDC-59 PurpleGeometric Refractor /250 Rookie
,,,2025 Bowman Chrome 1st  Kevin McGonigle Purple Geometric Refractor/250 Tigers
,,,2025 Bowman Sapphire Kevin McGonigle Bowman 1st
,,,Topps 2025 Bowman Chrome Rookie Kevin McGonigle Tigers Gold Mojo /50
,,,2025 Bowman Kevin McGonigle Prospect Card Detroit Tigers BD-59
,,,2025 Bowman Kevyn Castillo Prospects Los Angeles Angels
,,,2025 Bowman Chrome Kevyn Castillo 1st Auto /99
,,,2025 Bowman - Chrome Prospect Autographs Kevyn Castillo Speckle /299
,,,Kevyn Castillo 1st Chrome Blue Refractor Auto /150 2025 Bowman Chrome Angels
,,,2025 Bowman Sapphire Kevyn Castillo Chrome Green Refractor 1st Prospect /99
,,,2025 Bowman Kevyn Castillo Chrome Auto Refractor 1st
,,,2025 Bowman Chrome Sapphire 1st KEVYN CASTILLO BCP-B2
,,,Kevyn Castillo 2025 1st Bowman SSP Yellow parallel /75 Angels
,,,2025 Bowman Kevyn Castillo Chrome Prospects Yellow Wave Refractor #âd /75 Angels
,,,2025 BOWMAN!  KEVYN CASTILLO!  1ST BOWMAN!  SPECKLE REFRACTOR!  #/299!  ANGELS!
,,,2025 Bowman Chrome Baseball Kevyn Castillo 1st Bowman Reptillian Refractor RC
,,,2025 Bowman Kevyn Castillo Chrome Auto Refractor 1st #âd /499 Angels
,,,2025 Bowman Kevyn Castillo Chrome Auto Speckle Refractor 1st #/299 Angels
,,,2025 Bowman Chrome Prospect Autographs Kevyn Castillo 1st Bowman Gold /75
,,,2025 Bowman Kevyn Castillo 1st Chrome Blue Refractor Auto /150
,,,2025 Bowman Khadim Diaw Chrome Auto Blue Refractor /150 1st Prospect Twins
,,,2025 Bowman Chrome Prospects Yellow Refractor Khadim Diaw /75
,,,2025 Bowman Chrome - Khadim Diaw - 1st Bowman
,,,KHADIM DIAW 2025 BOWMAN CHROME 1ST WAVE REFRACTOR TWINS /350 Q3599
,,,2025 Bowman Khadim Diaw Yellow Refractor/75 Minnesota Twins
,,,2025 Bowman Khadim Diaw Chrome Prospects Reptilian Green Refractor /99 1st #
,,,2025 Bowman Chrome Prospect Khadim Diaw 1st Purple Mojo Refractor /250 Twins RC
,,,Khadim Diaw Signed IP Auto 2025 1st Bowman Chrome Rookie Card Minnesota Twins RC
,,,2025 Bowman Chrome Khadim Diaw 1st Bowman Yellow Wave Refractor /75 Twins
,,,KHADIM DIAW 2025 BOWMAN CHROME 1ST TRUE ORANGE REFRACTOR TWINS AUTO /25
,,,2025 Bowman Chrome Prospect Auto - Khadim Diaw - Green Shimmer /99 1st Bowman
,,,2025 Bowman Chrome Khadim Diaw Gold /50
,,,2025 Bowman Chrome Khadim Diaw Steel Ref /100
,,,KONNER EATON 2025 BOWMAN 1ST BLUE BORDER STICKER AUTO #74/150
,,,2025 Bowman KONNER EATON ROOKIE Auto 1st Prospect Rockies
,,,2025 Bowman Konner Eaton 1st Bowman Prospect Auto
,,,2025 Bowman - Konner Eaton 1st Bowman Gold Autograph 34/50
,,,"2022,2024,2025 Rockies Autos, Serial# Autos, Serial #, RC'S, Veterans, Prospects"
,,,2024-2025 1st bowman autos #/Chrome/base /10/70/99
,,,2025 Bowman Baseball Konner Eaton 1st Bowman Purple Auto /250 Rockies
,,,2025 Bowman Baseball Konner Eaton Bowman 1st Auto /250 Purple -(JM)-
,,,2025 Bowman Konner Eaton 1st Bowman Auto Paper Colorado Rockies
,,,2025 Bowman - Konner Eaton 1st Bowman Gold Autograph /50
,,,KONNER EATON 2025 BOWMAN 1ST BLUE BORDER STICKER AUTO #74/150
,,,2025 Bowman Prospects Autographs 1st Konner Eaton
,,,2025 Bowman Prospects Autographs 1st Purple Konner Eaton Numbered 213/250
,,,2025 Bowman KONNER EATON Auto Purple Parallel /250 1st Bowman Colorado Rockies
,,,Topps 2025 Bowman Green Paper Prospect Konner Eaton /99  Autographed Rockies
,,,2025 Bowman VIP Konnor Griffin
,,,2025 Bowman Greatness Loading Konnor Griffin
,,,KONNOR GRIFFIN SSP RARE  RC SILVER HOLO FOIL INVESTMENT PIRATES MINT CASE HIT
,,,2025 KONNOR GRIFFIN Bowmanâs Best GOLD /50 Stunning Color Match !!
,,,2025 Topps Bowman Chrome Purple Konnor Griffin 041/250
,,,Konnor Griffin RARE ROOKIE REFRACTOR INVESTMENT CARD TOPPS PIRATES  MINT
,,,Konnor Griffin Pittsburgh Pirates 2025 Bowman  *****
,,,Konnor Griffin RARE ROOKIE MOJO REFRACTOR INVESTMENT CARD TOPPS PIRATES SP MINT
,,,2023-2024-2025 Bowman Baseball Base Prospect Chrome - Pick Card
,,,BB - 2020 - Topps Finest - Orange Wave Auto - Kris Bryant - #FA-KB - 20/25
,,,Chicago Cubs - RC - Stars - Inserts - Various Brands and Years - PYC
,,,2025 Topps Holiday Ian Happ /99 PURPLE LIGHTS SP No. H27 ð
,,,2025 Bowman - Paper Rookies and Veterans Retail Autographs Kris Bryant...
,,,2025 Leaf Lumber Kris Bryant game used bat patch relic 3/40
,,,2025 Topps Tier One Kris Bryant dual game worn jersey patch relics 48/99 ROCKIES
,,,Mike Trout - Mookie Betts / Adolis Garcia / Taylor Ward / David Price
,,,Denver City Team Pack Rockies Broncos Nuggets 2024 2026 2025 Bo Nix Blackmon Jok
,,,2025 Topps Archives Signature Series 1/11 Kris Bryant Buyback Auto h3a
,,,2025 Bowman Autograph Kris Bryant Auto
,,,2025 TOPPS ARCHIVES 2014 CHROME KRIS BRYANT AUTO SIGNED #D/10 CHICAGO CUBS
,,,2025 TOPPS ARCHIVES 2015 CHROME KRIS BRYANT AUTO SIGNED #D10/10 CHICAGO CUBS
,,,Colorado Rockies 270 Baseball Cards From the 1990s-Today in Small Flat Rate Box
,,,2021 Bowman s Best Refractors - YOU WANT THESE!! NEW --Updated Pricing 8/7/2025
,,,COLORADO ROCKIES 2025 Topps/Bowman/Panini 8-Card BUNDLE (please rd Description)
,,,Kristian Campbell 2025 Bowman Chrome Mega Baseball Mojo Orange Auto /25 Red Sox
,,,2025 Bowman Kristian Campbell Chrome Prospects Red Refractor #/5
,,,2025 Bowmanâs Best Kristian Campbell Gold Mini-Diamond Auto /50 RC Red Sox
,,,2025 Bowman - Chrome Prospect Mega Box Autographs Kristian Campbell #BMA-KC Gold
,,,34/99 Topps 2025 Bowman Sapphire Chrome Prospect Kristian Campbell Green Rookie
,,,2025 Bowmanâs Best BTA-TEK Kristian Campbell Best Tek Auto /50
,,,KUMAR ROCKER 2025 BOWMAN CHROME ROOKIES TRUE BLUE RANGERS RC AUTO 139/150
,,,2025 Bowman Chrome RC Kumar Rocker 015/125 Aqua Refractor Texas Rangers
,,,2025 Bowman Chrome - Mega Futures Mojo Kumar Rocker #BMF-10 Texas Rangers RC SSP
,,,2025 Bowman Kumar Rocker 80 RC Mojo Refractor | Texas Rangers
,,,Kumar Rocker 2025 Bowman Chrome Purple RC Auto /250 Texas Rangers
,,,2025 Bowman Chrome Baseball -Mega Futures - Kumar Rocker RC-# BMF-10
,,,2025 Bowman Kumar Rocker Rookie Image Variation
,,,Kumar Rocker 2025 Bowman Mega Futures SSP #BMF-10 Chrome Mojo Texas Rangers
,,,2025 Bowman Chrome Kumar Rocker Blue Wave Refractor Rookie RC /150 Rangers
,,,KUMAR ROCKER 2025 BOWMAN CHROME GOLD RC TEXAS RANGERS /50
,,,2025 Bowman Chrome - Kumar Rocker Rookie Auto True Orange Refractor /25
,,,2025 Bowman Kumar Rocker #'ed 47/250 PURPLE Rookie Card-RANGERS
,,,2025 Bowman Chrome Kumar Rocker RC /25 Orange Geometric Refractor SSP Rangers ð¥
,,,2025 Bowman Chrome Kumar Rocker Blue Refractor Rookie RC /150
,,,2025 Bowman Kumar Rocker Mini-Diamond Refractor Auto /100 NM RC Rangers
,,,2025 Bowman Chrome Kyle DeBarge 1st Auto /99
,,,2025 Bowman #BMA-KD Kyle DeBarge Chrome Prospects Autographs Mojo Refractor
,,,KYLE DEBARGE 2025 Bowman Chrome Prospect Autographs 1st Bowman Auto #TWINS
,,,Kyle DeBarge 2025 Bowman Chrome 1st Bowman Pink Mojo Refractor /199
,,,"2025 Bowman - Chrome   Kyle DeBarge #BMA-KD Blue Mojo Refractor /150 (AU, RC)"
,,,2025 Bowman Kyle DeBarge 1st Bowman Prospect Auto Blue /150 Twins Prospect
,,,2025 Bowman Chrome 1st Bowman Kyle DeBarge Auto
,,,2025 Bowman Sapphire Kyle DeBarge Chrome Yellow Refractor 1st #/75 Twins
,,,2025 Bowman Chrome Baseball Kyle DeBarge Blue Auto /150
,,,2025 Bowman - Chrome Prospect Autographs Kyle DeBarge Green Shimmer /99
,,,KYLE DEBARGE 2025 Bowman Chrome Prospect Autographs 1st Bowman Auto #TWINS
,,,2025 Bowman Kyle DeBarge 1st Bowman Orange Autograph Auto /25
,,,2025 Bowman Chrome Kyle Teel Greatness Loading Green Refractor 6/99
,,,KYLE TEEL 2025/24 Bowmans Prospects & 2024 Bowman Sterling RC Jersey Numbers -8
,,,KYLE TEEL 2025 BOWMAN CHROME SAPPHIRE YELLOW WHITE SOX /75
,,,2025 Bowman Chrome Kyle Teel Refractor Auto Relic /150 #BCAR-KT White Sox
,,,ð¥2025 Bowman Chrome - Kyle Teel Aqua Shimmer Refractor /125 Chicago White Sox
,,,2025 Bowman Prospects Paper Kyle Teel Auto White Sox
,,,2025 Bowman Chrome Blue Snakeskin Kyle Teel
,,,2025 Bowman - KYLE TEEL RC - Lime Green SP /399 - Chicago White Sox
,,,Kyle Teel 2025 Bowman Chrome Blue Geometric Refractor /150 White Sox
,,,Kyle Teel 2025 Bowman Chrome Yellow Wave Refractor /75 White Sox
,,,KYLE TEEL - 2025 Bowman Chrome Green /99
,,,TOPPS 2025 BOWMAN PAPER PROSPECT AUTOGRAPH ROOKIE KYLE TEEL BLUE /150 WHITE SOX
,,,2025 Bowman Chrome Prime Chrome Signatures #PCS-KT Kyle Teel Auto /50
,,,2025 Bowman Kyle Teel Prospect Auto Green Border #/99 White Sox
,,,2025 Bowman Kyle Teel Chrome Prospects Wave Refractor #/350 White Sox
,,,2025 Bowman Chrome KYLE TUCKER Pink MoJo Refractor /299 Cubs
,,,2025 Topps Archives Kyle Tucker AUTO RC ROOKIE /6 2016 Bowman Chrome WS CHAMP SP
,,,Kyle Tucker 2025 Bowman Green Paper /99 Chicago Cubs
,,,Topps Bunt 25 CUBS DUAL SIG 1/1 PCA Tucker CHROME Superfractor Legendary Digital
,,,2025 Bowman Kyle Tucker Mojo Refractor /25
,,,Kyle Tucker 2025 Topps Archives Signature Series Bowman Chrome 100 #/11
,,,2025 Bowman Paper Kyle Tucker Orange #âd /25
,,,2025 Topps Bowman Chrome Sapphire Kyle Tucker Orange /25
,,,âKyle Tucker /99 Green Foil 2026 Topps #20/99 Chicago Cubsâ
,,,2025 Bowman Chrome Lawrence Butler Geometric Refractor /499 Athletics
,,,2025 Bowman Chrome Lawrence Butler Green Wave /99
,,,Topps Bowman 2025 Lawrence Butler Light Blue Parallel # 287/499
,,,Lawrence Butler 2025 Bowman Purple Pattern Border Parallel /199 â Athletics
,,,LAWRENCE BUTLER 2025 BOWMAN CHROME GREEN REFRACTOR ATHLETICS /99
,,,2025 Bowman Lawrence Butler Sky Blue Athletics #180/499
,,,2025 Bowman Chrome Lawrence Butler 65 Blue Wave Refractor /150 Athletics
,,,2025 Bowman Chrome Lawrence Butler Yellow Refractor /75
,,,LAWRENCE BUTLER 2025 BOWMAN CHROME GREEN REFRACTOR ATHLETICS /99
,,,2025 Bowman Chrome Lawrence Butler Green /99 Athletics
,,,2025 Bowman Chrome Blue Refractor Seattle Mariners Rookie Lazaro Montes 136/150
,,,2025 Bowman Chrome Lazaro Montes Green Grass Refractor /99 PSA10
,,,2025 Bowman Chrome Lazaro Montes Orange Shimmer /25
,,,2025 Bowman Sapphire Lazaro Montes Green Refractor 52/99 Seattle Mariners
,,,2025 Bowman Chrome Lazaro Montes Orange Geometric Refractor /25 Seattle Mariners
,,,LAZARO MONTES 2025 BOWMAN CHROME BLUE REFRACTOR MARINERS /150
,,,2025 Bowman Chrome Prospects Lazaro Montes Green Refractor /99 TrueGreen Mariner
,,,2025 Bowman Lazaro Montes Sky Blue Border /499 Mariners
,,,2025 Bowman Chrome Leo De Vries Mega Auto GOLD Mojo /50
,,,"2025 Bowman Leo De Vries Blue Refractor, Max Muncy + Henry Bolte Athletics Auto"
,,,Leo De Vries 2025 Bowman Chrome Draft 1st Year Green Refractor 25/99 Athletics
,,,Topps 2025 Bowman Leo De Vries Autograph Chrome Mega Mojo Padres #BMA-LD
,,,2025 Bowman Chrome Draft Sapphire Edition - Leo De Vries #BDC-87 (RC)
,,,2025 Bowman Baseball Leo De Vries Speckle Auto /299
,,,2025 Bowmanâs Best BT-29 Leo De Vries Best TEK 28/75
,,,LEO DE VRIES 2025 BOWMAN CHROME DRAFT AQUA GEOMETRIC REFRACTOR /125
,,,2025 Bowman Best Leo de Vries Circuitry /99 Auto Refractor
,,,2025 Bowman Chrome Mega Box Leo De Vries Mojo Refractor Auto
,,,Leo De Vries 2025 Bowman Chrome Green Reptilian /99ð¥Super Clean!
,,,2025 Bowman Chrome Draft Achromatic Autographs Leo de Vries Auto /250
,,,2025 Bowman Chrome 22/25 Logan Gilbert Orange Geometric Refractor Mariners SSP
,,,LOGAN GILBERT 2025 BOWMAN MLB BASEBALL PINK BORDER MARINERS /175
,,,Logan Gilbert Wave Refractor /100 2025 Bowman Chrome FREE SHIP
,,,Logan Gilbert 2025 Bowman Chrome Purple Geometric Refractor 010/250 Mariners
,,,2025 Bowman Chrome Logan Gilbert Magenta Refractor /299
,,,2025 Bowman Chrome Logan Gilbert Numbered /99
,,,2025 Bowman - Logan Gilbert Green Border /99
,,,2025 Bowman Chrome Logan Gilbert Purple Geometric Refractor /250 Mariners
,,,Logan Gilbert 2025 Bowman Chrome Prospect Green Refractor /99 (Mariners)
,,,Logan Gilbert 2025 Bowman Chrome Prospect Green Refractor /99 Mariners
,,,Lucas Ramirez 2025 Bowman Chrome /50 TRUE GOLD REFRACTOR ANGELS ROOKIE #135
,,,2025 Bowman Chrome Lucas Ramirez Ref Auto 002/499
,,,2025 Bowman Lucas Ramirez True Gold 1st Auto /50 - Angels
,,,2025 Bowman Chrome Lucas Ramirez 1st Bowman Prospect Auto RC WBC
,,,2025 Bowman Lucas Ramirez Gold Shimmer Refractor Auto /50 - Angels
,,,2025 Bowman Chrome Prospect Lucas Ramirez Gold Refractor Rookie RC Auto /50
,,,2025 Bowman Chrome Lucas Ramirez Popcorn Snacknpack 1st Refractor
,,,2025 Bowman Chrome- LUCAS RAMIREZ- 1st Yellow Refractor /75 - First On Print ð
,,,Lucas Ramirez 2025 Bowman Chrome Wave Refractor /350 #BDC-135 1st
,,,2025 Bowman Luis Almeyda Prospect Auto True Red SSP /5 Orioles
,,,Luis Almeyda 2025 Topps Bowman Chrome Purple /250 Orioles Auto (CBR)
,,,2025 BOWMAN AUTO LUIS ALMEYDA ORIOLES
,,,Luis Almeyda 2025 Bowman Prospect Autographs
,,,Luis Almeyda 2025 Bowman Baseball Autograph Baltimore Orioles
,,,2025 Topps Pro Debut Luis Almeyda Auto /10 Red Baltimore Orioles Non Bowman 1st
,,,Luis Almeyda 2025 Topps Bowman Chrome Purple /250 Orioles Auto (CBR)
,,,ð¥2025 Bowman Luis Almeyda Prospect Auto -  Baltimore Orioles
,,,2025 BOWMAN LUIS ALMEYDA PAPER PROSPECT AUTO
,,,2025 Bowman Luis Almeyda Prospect Auto Purple Border #162/250 Baltimore Orioles
,,,2025 Bowman Luis Almeyda Auto
,,,Luis Almeyda Paper Prospect Autograph
,,,Luis Merejo 2025 Bowman Chrome 1st Bowman Reptilian Refractor - Guardians
,,,Luis Merejo 2025 Bowman Chrome 1st Bowman Gold Reptilian Refractor 12/50
,,,Bowman 2025 Chrome Luis Merejo Green Geometric Refractor Rookie GMA 10  69/99
,,,2025 Bowman Luis Merejo Orange Shimmer Auto /25
,,,2025 Bowman Chrome Prospect Luis Merejo 1st Refractor AUTO 159/499 Guardians
,,,2025 Bowman Luis Merejo Chrome Blue Shimmer Refractor 1st #/150 Guardians
,,,2025 Bowman Chrome Luis Merejo 1st Wave Refractor /350 Guardians Prospect OA4
,,,2025 Bowman Chrome Luis Merejo 1st Bowman Auto Speckle Refractor /299 OA4
,,,2025 Bowman Luis Merejo 1st Chrome Prospects Yellow /75
,,,Luis Merejo 2025 Bowman Chrome 1st Prospect Reptilian Refractor Guardians - NM
,,,Luis Merejo- 2025 Bowman Chrome Prospects 1st Auto #'d /100
,,,2025 Bowman Chrome 1st Luis Merejo True Orange Refractor Auto /25
,,,2025 Bowman Chrome 1st Luis Merejo Green Lava Refractor /99
,,,2025 Bowman Chrome Prospects Luis Merejo Green Reptilian Auto /99 1st Bowman
,,,2025 Bowman Chrome - Luis Merejo Bowman First True Gold   /50
,,,2025 Bowman Chrome Baseball Luis Merejo Gold Auto /50
,,,2025 Bowman Luis Merejo 1st Bowman Chrome Orange Refractor Auto /25
,,,LUIS PENA 2025 BOWMAN CHROME DRAFT PURPLE REFRACTOR BREWERS #/250
,,,"2025 Bowman Chrome - Prospects Luis Pena, Luis Pena Yellow Geometric /75"
,,,"2025 Bowman Chrome - Prospects Luis Pena, Luis Pena Geometric Refractor /499 (RC"
,,,2025 TOPPS Bowman 1st Chrome Prospects  - LUIS PENA  (Topps MLB Bunt DigitalCard
,,,Luis Pena 2025 1st Bowman Chrome AUTO CHOICE REFRACTOR 067/150 Brewers Raw RC Y6
,,,Luis Pena RC 2025 Bowman Chrome FUCHSIA Mojo REFRACTOR 241/299 Brewers Raw RC C6
,,,Luis Pena RC 2025 Bowman Chrome BURGUNDY Mojo REFRACTOR 227/275 Brewers Raw O6
,,,Luis Pena 2025 Bowman Chrome Fuchsia Wave Refractor /199 Milwaukee Brewers
,,,Luis Pena 2025 Bowman 1st Bowman Purple Pattern /199 Brewers
,,,2025 Bowman Luis Pena 1st Bowman Green Shimmer Refractor /99  Brewers
,,,"2025 Bowman Sapphire Edition - Chrome Prospect Autographs Luis Pena 199 (AU, RC)"
,,,2025 Bowman Luis Robert Jr. Gold Paper 08/50 Chicago White Sox
,,,2025 Bowman Luis Robert Jr Blue Paper #'d /150 Chicago White Sox
,,,2023 2025 Bowman Luis Robert Jr. #/75 Yellow Pattern Border Chicago White Sox
,,,2025 Bowman Luis Robert Jr Blue Paper #'d /150 Chicago White Sox
,,,2025 Bowman Paper Gold Luis Robert Jr. #âd /75
,,,2025 Bowman Luis Robert Jr. Gold /50 Chicago White Sox
,,,LUIS ROBERT JR. 2025 BOWMAN FUCHSIA BORDER PAPER WHITE SOX /299
,,,Luis Robert Jr. [Purple Pattern] #88Â 2025 Bowman #'d 117/199
,,,2025 Bowman Chrome #32c Luisangel AcuÃ±a RED ROOKIE
,,,2025 BOWMAN CHROME Luisangel Acuna AUTOGRAPH AUTO MINI DIAMOND REFRACTOR RC /100
,,,2025 Bowman Luisangel AcuÃ±a Purple #/250 Rookie New York Mets
,,,Luke Keaschall Bowman Best Black Printing Plate Rookie Auto 1/1 On Card Twins
,,,2025 Bowman Luke Keaschall Chrome Prospect Auto Mega Box Refractor #BMA-LK Twins
,,,2025 Bowman - Chrome Prospect Mega Box Autographs Luke Keaschall #BMA-LK
,,,Luke Keaschall 2025 Bowman Chrome Mega Box Auto Prospect Mojo #BMA-LK Rookie RC
,,,2025 BOWMAN CHROME LUKE KEASCHALL #BMA-LK PURPLE MOJO AUTOGRAPH /199
,,,2025 Bowman Chrome Luke Keaschall Green Geometric Refractor RC /99
,,,2025 Topps Bowmanâs Best Luke Keaschall Strokes Of Gold RC SSP Case Hit!!
,,,2025 Bowmanâs Beat Luke Keaschall Gold Auto /50 Minnesota Twins RC
,,,2025 Bowman Chrome Luke Keaschall Geometric Refractor Rookie RC #/499 Twins
,,,2025 Bowman Chrome - Luke Keaschall Auto Purple Mega Box Mojo Refractor /199 RC
,,,2025 Bowmanâs Beat Luke Keaschall Gold Auto /50 Minnesota Twins RC
,,,Luke Keaschall 2025 Bowman Chrome Prospect 1st Auto Mojo Refractor Twins.
,,,2025 Bowman Chrome Luke Keaschall Refractor /499
,,,2025 Bowman Chrome Luke Keaschall Refractor /499
,,,Luke Keaschall 2025 Bowman Chrome Mega Box Auto Prospect Mojo #BMA-LK Rookie RC
,,,Luke Sinnard 2025 Bowman Chrome 3 Peice All 3 Cards Pictured Ship Parallels
,,,2025 Topps Bowman Chrome Baseball - YOU CHOOSE
,,,2025 Bowman Chrome Prospects Luke Sinnard Purple Geometric Refractor/250
,,,2025 BOWMAN LUKE SINNARD Purple Geometric /250 Braves
,,,Luke Sinnard 2025 1st Bowman Chrome Reptilian 5/5 Bookend!!! Super Clean ð¥ð¥ð¥
,,,2025 Bowman Luke Sinnard Red Reptilian Refractor /5
,,,Malcolm Moore 2025 Bowmanâs Best Green Refractor Auto /99 OnâCard Prospect Auto
,,,2025 Bowman Chrome - Malcolm Moore Bowman 1st /299 Mini Diamond
,,,2025 Bowmanâs Best Malcolm Moore TX Rangers Best Of 2025 Auto Refractor B25-MM
,,,2025 Bowman Malcolm Moore Chrome Auto Mini-Diamond Refractor 1st Prospect #/100
,,,2025 Malcolm Moore # B25-MM Bowmanâs Best Refractor Auto
,,,2025 Bowman Malcolm Moore Chrome Auto Mini-Diamond Refractor 1st Prospect #/100
,,,Malcolm Moore 2025 Bowman Best Auto Purple Refractor /75
,,,2025 Bowman Chrome Prospects Purple Geometric Refractor /250 Malcolm Moore
,,,2025 Bowman Chrome Malcolm Moore Speckle Autograph /299
,,,2025 Malcolm Moore Bowman Chrome 1st Auto ORANGE REPTILIAN Perfect Square 5/25
,,,2025 Bowman Chrome Malcolm Moore Gold Shimmer 01/50 Rangers
,,,MANNY MACHADO 2025 BOWMAN CHROME VETERANS PURPLE GEOMETRIC /250
,,,ð¥ Manny Machado Blue Border #/150 Padres 2025 Bowman SN SP
,,,2025 Bowman Chrome Manny Machado Orange Geo Refractor 8/25 Padres
,,,2025 Bowmanâs Best - Manny Machado Refractor /75 color match
,,,2025 Bowman Manny Machado Blue Pattern Design #26 /125 San Diego Padres SP Paper
,,,Manny Machado 2025 Bowmanâs Best - Gold Refractor /50
,,,Marcelo Mayer - /499 - REFRACTOR - 2025 Bowman Chrome - ROOKIE RC - 39
,,,Marcelo Mayer 2025 Bowman Chrome Fuchsia Wave Refractor Rookie #/299
,,,2025 Topps Bowman Chrome Sapphire Marcelo Mayer Gold /50 Rookie Card
,,,(7801) Marcelo Mayer #220/299 2025 Bowman Chrome Fuchsia Refractor RC Red Sox
,,,Bowman Best Redemption Card - Marcelo Mayer Late Form Auto Gold Parallel B25MMA
,,,Marcelo Mayer RC 2025 Bowmanâs Best Circuitry Mini Diamond #C-25 Red Sox
,,,Marcelo Mayer 2025 Bowman Chrome RC Refractor/150 Red Sox
,,,2025 Bowmanâs Best Marcelo Mayer RC Mini Diamond Refractor #C-25 Red Sox
,,,"2025 Bowman Chrome - Marcelo Mayer, Marcelo Mayer Etched in Glass Variation (RC)"
,,,Marcelo Mayer Bowman Chrome RC Black Refractor /10
,,,2025 Bowman Baseball-Bowman Chrome Prospect- 1st Bowman - Marcos Torres -Rangers
,,,2025 Bowman Chrome MARCOS TORRES 1st  Green Grass Refractor # /99 Rangers
,,,Marcos Torres 2025 1st Bowman Chrome Gold Geometric Refractor /50 Texas Rangers
,,,2025 Bowman Marcos Torres Chrome Speckle Refractor 1st Prospect #/299 Rangers
,,,2025 Bowman Sapphire Marcos Torres Chrome Yellow Refractor 1st #/75 Rangers
,,,MARCOS TORRES 2025 BOWMAN CHROME 1ST GREEN REFRACTOR RANGERS /99
,,,2025 Bowman Marcos Torres 1st Chrome Prospect Rose-Gold Refractor 2/15 SSP
,,,2025 Bowman Chrome Green Shimmer 1st Bowman Marcos Torres /99
,,,2025 Bowman Sapphire Marcos Torres Chrome Green Refractor 1st #/99 RC
,,,2025 Bowman Marcos Torres 1st Bowman Chrome - SPECKLE REFRACTOR - Texas Rangers
,,,2025 1st Bowman Chrome Marcos Torres Prospects Yellow Refractor /75 Rangers
,,,2025 Bowman Chrome Green Shimmer 1st Bowman Marcos Torres /99
,,,2025 Bowman - Texas Rangers BUY 2 GET 3 FREE!
,,,2025 Topps Bowman Blue 141/150 Marcus Semien 141/150 Texas Rangers #124
,,,2025 Bowman Baseball Short Print Logofractor Marcus Semien
,,,2025 Bowman Marcus Semien Blue Parallel #/125 (SR) Texas Rangers
,,,2025 Bowman Paper Marcus Semien Green /399 Rangers
,,,2025 Bowman MARCUS SEMIEN Gold /50 - Rangers
,,,2025 Bowman Marcus Semien Green Texas Rangers
,,,2025 Bowman Chrome Sebastian Walcott VIP Refractor | Marcus Semien Yellow # /75
,,,2025 Bowman - Mark Vientos Green  Auto /99
,,,2025 Bowman MARK VIENTOS Auto Autograph Green Paper /99 New York Mets
,,,2025 Bowman Rookies And Veterans Autographs Mark Vientos Purple /250
,,,2025 Bowman Paper Rookies and Veterans Retail Autograph Mark Vientos Green /99
,,,2025 Bowman Baseball MARK VIENTOS Purple Autograph Auto 243/250 NY Mets!
,,,Mark Vientos AUTOGRAPH PURPLE PARALLEL CARD SP BOWMAN METS MINT
,,,2025 Bowman Baseball Paper Mark Vientos Red Auto #4/5 NY Mets
,,,2025 Bowman - Autographs Mark Vientos
,,,2025 Bowman Paper Purple /250 Mark Vientos Auto
,,,2024 Baseball Team Pack Mets 20 Card Pack Seaver + 2025 Topps Series 1 Team Set
,,,2025 Bowman -  Retail Autographs Mark Vientos Green 74/99
,,,2025 Bowman Paper Rookies and Veterans Retail Blue 32/150 Mark Vientos Auto 10h2
,,,2025 Bowman - Paper Rookies and Veterans Retail Auto Mark Vientos Gold /50
,,,2025 Bowman - Paper Rookies and Veterans Retail Auto Mark Vientos Green /99 (AU)
,,,2025 Bowman - Paper Rookies and Veterans Retail Auto Mark Vientos Green /99 (AU)
,,,2025 Bowman Mark Vientos Autograph New York Mets Topps Certified Auto
,,,2025 Bowman Baseball Mark Vientos Purple Auto /250 New York Mets
,,,2025 Bowman Baseball Paper Mark Vientos Red Auto #2/5 NY Mets
,,,2025 Bowman - Paper Rookies and Veterans Retail Autographs Mark Vientos #PRV-M
,,,2025 Bowman - Mark Vientos Purple Auto - Paper Rookie & Veterans Autograph /250
,,,2025 Bowman Mark Vientos Purple Auto /250
,,,2025 Bowman Chrome Pulsar Refractor Masyn Winn #64 /399 Cardinals
,,,Masyn Winn & JJ Wetherholt 2025 Bowmanâs Best Dual Auto /25 Orange Refractor
,,,Masyn Winn 2025 BOWMAN CHROME PURPLE GEOMETRIC /250 Cardinals
,,,2025 Bowman Chrome Masyn Winn Black Geometric /10 Cardinals
,,,2025 Bowman Chrome Masyn Winn Fuchsia Chrome Refractor /299  ð§¼â­ï¸ð§¼
,,,2025 Bowman Chrome Matt Chapman Fuchsia Refractor 226/299
,,,2025 Bowman Chrome - Matt Chapman #148 Aqua Wave Refractor 103/199
,,,ð¥â¾ï¸MATT CHAPMAN 2025 Bowman Chrome True Red Refractor SP /5 #FIRST ON PRINTâ¾ï¸ð¥
,,,2025 Bowman Chrome Matt Chapman Green Refractor #/99 Giants
,,,MATT OLSON 2025 BOWMAN CHROME SAPPHIRE VETERANS
,,,2025 Bowman Chrome Matt Olson Red Refractor /5 Braves
,,,2025 Topps Archives Matt Olson RC ROOKIE AUTO #/40 2015 Bowman Chrome Draft SP
,,,2025 Bowman Baseball Matt Olson Gold #d 14/50 Atlanta Braves
,,,2025 Bowman Chrome Matt Olson Blue Wave Refractor #48/150 Braves
,,,2025 Bowman Chrome Matt Olson BLUE REFRACTOR # /150  Braves
,,,2025 Topps Bowman Baseball Blue Auto 136/150 Matt Olson
,,,2025 Bowman Chrome Matt Olson Blue Wave Refractor  /150 Braves
,,,2025 Bowman Matt Olson Sky Blue Border  324/499 Braves 1b Very Clean Numbered
,,,2025 Bowman Chrome Matt Olson Pulsar /399
,,,2025 Bowmanâs Best Matt Shaw Best-Tek Acetate Short Print Rookie #BT-22 RC # 3/5
,,,2025 Bowman Chrome - Very Important Prospects - Matt Shaw
,,,2025 Bowman Chrome Matt Shaw RC Spotlight SSP Chicago Cubs Rookie
,,,Matt Shaw 2025 Bowman Chrome Geometric Refractor Rookie #/499
,,,Matt Shaw 2025 Bowman Chrome Geometric Refractor Rookie #/499
,,,2025 BOWMANâS BEST MATT SHAW ORANGE REFRACTOR ROOKIE AUTO [#/25] CHICAGO CUBS RC
,,,2025 Bowmanâs Best Matt Shaw Rookie Autograph Blue /150 Cubs Color Match
,,,2025 Bowman Chrome Matt Shaw RC Spotlight SSP Chicago Cubs BWS-11
,,,2025 Bowmanâs Best Baseball - Matt Shaw Best-Tek On-Card Autograph /99
,,,MATT SHAW 2025 BOWMAN CHROME ROOKIE GREEN REFRACTOR CUBS RC AUTO /99
,,,2025 Bowman Matt Wilkinson 1st Bowman Purple Refractor Auto /250 Guardians
,,,2025 Topps Bowman Chrome Baseball - YOU CHOOSE
,,,2025 Bowman Chrome Guardians Matt Wilkinson 1st Reptilian and /499
,,,2025 Bowman MATT WILKINSON 1st Bowman Chrome Reptilian Refractor
,,,2025 Bowman Matt Wilkinson 1st Teal X-Fractor /125 Guardians
,,,2025 Bowman Matt Wilkinson Chrome Auto Green Lava Refractor 1st #/99 Guardians
,,,2025 Bowman Chrome Matt Wilkinson 1st Bowman ð¥ SSP 1/3 Fire Parallel Indiana RC
,,,2025 Bowman Chrome Matt Wilkinson Sapphire Green Refractor /99 Guardians FY
,,,2025 Bowman Chrome Prospects Purple Geometric Refractor /250 Matt Wilkinson 1i0l
,,,2025 Bowman Chrome Prospects Matt Wilkinson 1st Refractor /499 CLE Guardians
,,,2025 Bowman Chrome Matt WilkinsonÂ 1st Auto True Green /99 On Card
,,,2025 Bowman Chrome  Matt âTugboatâ Wilkinson  1st Auto True Yellow  /75
,,,MATT WILKINSON 2025 BOWMAN CHROME 1ST SAPPHIRE YELLOW REFRACTOR /75 Q4496
,,,2025 Bowman - Chrome Prospects Matt Wilkinson Gold Shimmer Refractor /50
,,,Max Clark RARE BOWMAN CHROME SILVER REFRACTOR ROOKIE CARD INSERT TIGERS RC MINT!
,,,2025 Bowman Chrome - Mega Futures Max Clark #BMF-12 (RC) SSP
,,,Max Clark 2025 Bowman Gold Shimmer Refractor Chrome Prospects /50 ZU
,,,Max Clark 2025 Bowman Chrome Draft Green Reptilian Refractor /99 Detroit Tigers
,,,2025 Bowman Chrome Max Clark Crystallized Detroit Tigers
,,,2025 Bowman Chrome Max Clark Prime Signatures Redemption Auto
,,,2025 Bowman Chrome Max Clark Auto Relic Patch Orange /25 Detroit Tigers
,,,2025 Bowman Chrome Draft Sapphire Edition - Max Clark #BDC-48 (RC)
,,,2025 Bowman Mega refractor Mick Abel  auto
,,,"2025 Bowman - Chrome Prospect Mega Box Autographs Mick Abel #BMA-MA (AU, RC)"
,,,2025 Bowman Chrome Mick Abel RC Auto Mojo Refractor BMA-MA Philadelphia Phillies
,,,2025 Bowman 1st Chrome Mick Abel /125 aqua ð¥ð¥SHORT RUN ROOKIE RC TWINS POP 125
,,,2025 Bowman Chrome Mick Abel GOLD  Refractor /50 (RC) POP 50 ð¥ð¥ Rookie TWINS
,,,MICK ABEL 2025 BOWMAN CHROME SAPPHIRE ROOKIES GOLD RC /50
,,,2025 Bowman Chrome Mick Abel Rookie Blue #/150
,,,MICK ABEL Rookie 2025 Bowmanâs Best Orange Refractor Auto /25 Twins #B25-MA
,,,2025 Bowman Chrome Mick Abel RC Black Geometric Refractor /10 Phillies
,,,2025 Bowman Chrome Mick Abel #BMA-MA Mojo Refractor Auto - Philadelphia Phillies
,,,Mike Trout RARE REFRACTOR INVESTMENT CARD BLUE SPARKLE ANGELS TOPPS MINT MVP!!
,,,"2025 Bowman Chrome Mike Trout, Geometric/499, Angels"
,,,Bowman 2025 Chrome Mike Trout Serial Numbered Blue 135/150 Baseball Card
,,,Mike Trout 2025 Bowman Chrome Fuchsia Wave #/299
,,,Mike Trout 2025 Bowman Chrome Green Wave Refractor #/99
,,,Mike Trout LA Angels 9 Card Player Pack 2025 2024 Topps Bowman
,,,MIKE TROUT | 2025 Bowman Chrome | Fuchsia Wave /299
,,,2025 Bowman Chrome Mike Trout Green Mojo Refractor /99  LA Angels
,,,MIKE VASIL 2025 BOWMAN CHROME 1ST AUTOGRAPH REFRACTOR AUTO /499
,,,Mike Vasil 2025 Bowman 1st Chrome Auto Blue X-Fractor SP 82/150 Tampa Bay Rays
,,,2025 Bowman MIKE VASIL 1st Bowman Chrome Auto Tampa Bay Rays
,,,2025 Bowman Mike Vasil 1st Bowman Chrome Blue X-Fractor Refractor Auto 106/150
,,,ð¨2025 Mike Vasil 1st Bowmanâ¾ï¸ON CARD AUTO CHROME REFRACTOR NUMBERED 482/499!ð¨
,,,2025 Bowman MIKE VASIL 1st Bowman Chrome Speckle Auto /299 Rays White Sox
,,,Mike Vasil 2025 1st Bowman Chrome Autograph Auto Green Reptilian Auto 98/99
,,,Mike Vasil 2025 1st Bowman Chrome Autograph Auto Green Shimmer Auto 86/99
,,,Mike Vasil 2025 1st Bowman Chrome Autograph Auto Green Reptilian Auto 55/99
,,,Mike Vasil 2025 1st Bowman Chrome Autograph Auto Blue X-Fractor 79/150 Rays
,,,Mike Vasil 2025 1st Bowman Chrome Autograph Auto Purple Refractor /250 Rays
,,,Mike Vasil 1st Bowman Auto - 2025 Bowman Chrome - Tampa Bay Rays
,,,2025 Bowman Chrome First  Mike Vasil Fire Autograph /23
,,,2025 Bowman Mike Vasil Chrome Prospect Auto Mini-Diamond Refractor /100 Rays
,,,2025 Bowman Chrome Prospect Gold Refractor /50 Mike Vasil 1st Auto RC
,,,2025 Bowman 1st Mike Vasil Green Chrome Refractor Auto Ser.# 77/99 - Rays
,,,2025 Bowman Chrome - Mike Vasil - Refractor Auto /499 - Tampa Bay Rays
,,,2025 Bowman Mike Vasil - 1st Chrome Prospect Auto - Orange Wave /25
,,,2025 Bowman Chrome Mitch Jebb Purple Refractor Prospect Auto #247/250
,,,2025 Bowman Sapphire Mitch Jebb Chrome Gold Refractor 1st /50
,,,2025 Bowman Mitch Jebb Chrome Purple Geometric Refractor 1st Prospect #/250
,,,2025 Bowman Mitch Jebb Chrome Prospects Lava /399
,,,2025 Bowman Chrome Mitch Jebb 1st Bowman Blue Geometric Refractor /150
,,,MITCH JEBB 2025 Bowman Chrome 1st Blue Geometric Refractor Auto SP /150 #PIRATES
,,,2025 BOWMAN SAPPHIRE MITCH JEBB CHROME AUTO GOLD REFRACTOR 1ST #/50  (CP3015123)
,,,2025 Bowman Sapphire - Mitch Jebb Auto /199 #CPS-MJ
,,,2025 BOWMAN CHROME MITCH JEBB RC BURGUNDY MOJO REFRACTOR #D 111/275 PIRATES 1ST
,,,2025 Bowman  Chrome Prospect Mitch Jebb Auto
,,,2025 Bowman Mega Box Mitch Jebb Chrome Green Mojo /99 Pittsburgh Pirates 1st
,,,Mitch Jebb Pittsburgh Pirates 2025 Bowman 1st Bowman ***
,,,2025 Bowman Sapphire Edition - Chrome Prospect Autographs Mitch Jebb #CPS-MJ...
,,,MOISES BALLESTEROS 2025 Pro Athletes Direct AUTO 2024 BOWMAN PROSPECT RC Cubs
,,,8x Moises Ballesteros Red Rookie Refractor ROY Eligible
,,,2025 Bowman Chrome Moises Ballesteros Rookie Auto Refractor 124/499 Cubs
,,,2025 Bowman Chrome Moises Ballesteros Rookie Auto Refractor 031/499 Cubs
,,,2025 Bowman Chrome Moises Ballesteros Green Refractor 72/99 RC Chicago Cubs
,,,2025 Bowman Chrome Moises Ballesteros RC Auto Refractor /499 Chicago Cubs
,,,ð¥2025 Bowman Chrome - Moises Ballesteros RC True Green Refractor /99  Cubs
,,,2025 Bowman Chrome Moises Ballesteros Refractor (RC)  /499
,,,2025 Moises Ballesteros Bowman Chrome Rookie Geometric Refractor /499
,,,MOISES BALLESTEROS 2025 BOWMAN CHROME ROOKIES WAVE REFRACTOR RC /100
,,,Moises Ballesteros Red Rookie Refractor SP 2025 Bowman Chrome - Chicago Cubs
,,,2025 Moises Ballesteros Bowman Chrome  Green Mojo Refractor /99 RC Chicago Cubs
,,,2025 Bowman Chrome Moises Ballesteros RC AUTO REFRACTOR /499 1st Bowman Cubs
,,,2025 Bowman Chrome Moises Ballesteros Gold Geometric Refractor 07/50 RC Cubs
,,,2025 Bowman Chrome Moises Ballesteros RC Gold Auto /50
,,,"Moises Ballesteros Topps Chrome Rc Refractor, Xfractor and Bowman Chrome Mojo"
,,,2025 Bowman Chrome Moises Ballesteros Rookie Refractor Auto /499 Chicago Cubs
,,,2025 Bowman Mookie Betts Chrome Mojo Refractor Los Angeles Dodgers
,,,2025 Bowmanâs Best MOOKIE BETTS Yellow Lazer Refractor Parallel Dodgers #/75
,,,2025 Bowman Mookie Betts Purple Pattern Border #/199 Dodgers C3G 9.0
,,,2025 Bowman Chrome Mookie Betts TRUE Black Refractor /10 Dodgers
,,,(6979) Mookie Betts #/150 2025 Bowman Chrome Blue Wave Dodgers
,,,Bowman 2025 Mookie Betts Retro Logo Foil SSP
,,,Mookie Betts 2025 Bowmanâs Best Yellow Lazer Refractor /75 LA Dodgers
,,,2025 Bowmanâs Best - Mookie Betts Purple Mojo Refractor/250 No.64
,,,Shohei Ohtani Mookie Betts RARE DUAL REFRACTOR SP INVESTMENT CARD DODGERS MINT
,,,2025 Bowman Chrome Naibel Mariano 1st TRUE Orange Refractor /25 Cincinnati Reds
,,,ð¥â¾ï¸NAIBEL MARIANO 2025 Bowman Paper 1st Black Bandana Border SP RC /10 REDSâ¾ï¸ð¥
,,,Naibel Mariano 2025 Bowman Chrome 1st Blue MOJO Refractor /150 Reds
,,,2025 Bowman Naibel Mariano Chrome Purple Geometric Refractor 1st #/250 Reds
,,,2025 Bowman Sapphire Chrome Autographs Naibel Mariano RC Auto /199 #CPS-NM
,,,NAIBEL MARIANO 2025 Bowman Chrome 1st Purple Refractor #206/250 Reds
,,,2025 Bowman Chrome Baseball Naibel Mariano Purple 1st Auto /250
,,,2025 Bowman Chrome Sapphire Baseball Naibel Mariano Green Auto /99
,,,2025 Bowman Chrome Prospects Autographs Naibel Mariano Mini Diamond /100 Reds
,,,2025 Bowman Nate Nankil 1st Prospect Yellow Pattern /75 Athletics Card
,,,2025 Bowman Chrome - Nate Nankil - 1st Bowman
,,,2025 1st Bowman Chrome NATE NANKIL
,,,2025 Bowman Chrome Baseball Nate Nankil Gold Shimmer 1st Bowman Auto /50
,,,2025 BOWMAN NATE NANKIL PURPLE PATTERN /199 OAKLAND ATHLETICS
,,,NATE NANKIL - 2025 Bowman - Blue Reprilian - Athletics - 142/150
,,,2025 Bowman Chrome Nate Nankil Reptilian Orange Refractor /25 1st Bowman Aâs
,,,Nate Nankil Bowman Chrome Refractor Auto Orange Wave #/25
,,,2025 Bowman Nate Nankil Chrome Speckle Refractor 1st Prospect #182/299 Athletics
,,,2025 Bowman Chrome Nate Nankil 1st Bowman Green Grass /99 Auto ð¥ Athletics
,,,2025 Bowman Chrome Nick Kurtz RC Aqua RayWave Refractor Rookie #/199 Athletics
,,,2025 Bowman Chrome Nick Kurtz True Green Color Match Auto /99
,,,2025 Bowman Chrome Sapphire Edition Nick Kurtz  93 (RC)
,,,2025 Bowman Chrome Nick Kurtz Red Rookie Refractor Athletics Buyback SP
,,,Nick Kurtz RC 2025 Bowmanâs Best Laser Refractor #42 /350 Aâs
,,,2025 Bowman - Mega Futures Nick Kurtz #BMF-21 (RC)
,,,2025 Bowman Chrome Redemption Nick Kurtz Chrome Rookie Blue Autograph
,,,2025 Bowman Chrome Prospect Auto Nick Kurtz Green Lava Refractor /99 Athletics
,,,2025 Bowman Nick Yorke Green  /99 RC
,,,2025 Bowman Nick Yorke 97 Red Rookie | Pittsburgh Pirates
,,,Nick Yorke Pittsburgh Pirates 2025 Bowman Rookie Card
,,,2025 BOWMAN!  NICK YORKE!  RC!  RED ROOKIE REDEMPTION!  REFRACTOR!  PITT PIRATES
,,,2025 Bowman Chrome Noah Schultz  Green Repetilian Refractor /99
,,,Noah Schultz 2025 Bowman Chrome Purple Shimmer Refractor 191/250 - White Sox
,,,NOAH SCHULTZ 2025 Bowman Chrome Fuchsia Geometric Refractor WHITE SOX /299
,,,2025 Bowman Chrome - Noah Schultz Black Wave Refractor /10 (RC)
,,,Noah Schultz 2025 Bowman Chrome Purple Shimmer Refractor /250 - White Sox
,,,2025 Bowmanâs Best NOAH SCHULTZ On Card Auto #B25-NS ~ Chicago White Sox
,,,Noah Schultz  2025 Bowman Chrome True Blue /150
,,,2025 Bowmanâs Best - Noah Schultz Gold Refractor On Card Auto 1/50 White Sox
,,,2025 Bowman Chrome Noah Schultz Blue Wave /150
,,,2025 Bowman Chrome Noah Schultz PEARL Refractor PCG 10 GEM MT SSP /10 or 15?
,,,2025 Donruss Braden Montgomery UNLEASHED /10 GOLD ICE SSP Rookie Card No. 17 ð
,,,"2025 Bowman Chrome Inserts VIP, Rookie of the Year, Greatness Loading, Top 100"
,,,2025 Bowman - St. Louis Cardinals BUY 2 GET 3 FREE!
,,,2025 Bowman Nolan Arenado 68 Fuchsia SN #/299
,,,ð¥â¾ï¸NOLAN ARENADO 2025 Bowman Paper Fuchsia /175 #ST LOUIS CARDINALS STAR!!!â¾ï¸ð¥
,,,2025 Bowman 68 Nolan Arenado St. Louis Cardinals
,,,Nolan Arenado 2025 Bowman Yellow Pattern Border Parallel /75 Cardinals
,,,2025 Bowman 68 Nolan Arenado St. Louis Cardinals Black # 6/10
,,,2025 Bowman Onil Perez 1st Bowman Reptilian & Sky Blue /499 SF Giants
,,,2025 Bowman Onil Perez Chrome Prospects Reptilian Green Refractor Giants #/99 SP
,,,2025 Bowman Chrome 1st Yellow Geometric Onil Perez /75 Giants
,,,2025 Bowman Chrome 1st Onil Perez Black Geometric Refractor /10 Giants
,,,ONIL PEREZ 2025 BOWMAN 1ST BASEBALL PURPLE PAPER GIANTS /250 Q2361
,,,2025 Bowman Chrome ONIL PEREZ BLUE REPTILLIAN REFRACTOR GIANTS /150 N3157
,,,2025 Bowman Chrome Onil Perez Mini Diamond /299
,,,2025 BOWMAN CHROME ONIL PEREZ ROSE GOLD REFRACTOR 1ST CHROME GIANTS #6/15
,,,Orelvis Martinez 2025 Bowman RC Orange Border 6/25
,,,ORELVIS MARTINEZ 2025 BOWMAN SP GREEN PATTERN Rookie RC #61/99 Blue Jays
,,,2025 bowman Orelvis Martinez RC Blue /499 Toronto Blue Jays
,,,ORELVIS MARTINEZ 2025 BOWMAN SP GREEN PATTERN Rookie RC #24/99 Blue Jays
,,,2025 Bowman Baseball Orelvis Martinez Red Rookie Redemption
,,,2025 Bowman Oswald Peraza Purple Auto /250
,,,2025 Bowman Oswald Peraza Purple Autograph /250 Yankeesð¥ð¥ð¥
,,,Oswald Peraza - 2025 Topps Archives Signature Series Bowman Chrome - Auto /25
,,,2025 Bowman Chrome Black Blue New York Yankees Rookie Oswald Peraza 67/75
,,,2025 Bowman Oswald Peraza Blue SP Auto /150
,,,"2025 Bowman  Oswald,  Peraza Auto ï¿¼ï¿¼"
,,,1/1 OSWALD PERAZA RC AUTO 2025 Topps Archives Signature Series 2021 BOWMAN
,,,Oswald Peraza 2025 Bowman Auto Red /5
,,,Oswald Peraza 2025 Bowman AUTO & '23 Chrome SAPPHIRE REFRACTOR Rookie RC Yankees
,,,2025 BOWMAN PURPLE AUTOGRAPH OSWALD PERAZA SERIAL # 060/250- NEW YORK  YANKEES
,,,2025 Bowman Rookies and Veterans Retail Autographs Oswald Peraza Auto /250 New
,,,2025 Bowman - Paper Rookies and Veterans Retail Autographs Oswald Peraza (AU)
,,,2025 Bowman Paper Rookies and Veterans Retail Green 5/99 Oswald Peraza Auto 05k6
,,,Oswald Peraza - 2025 Topps Archives Signature Series Bowman Chrome - Auto /25
,,,2025 Bowman Paper Rookies and Veterans Retail Blue /150 Oswald Peraza Auto 0q5m
,,,Oswald Peraza - 2025 Topps Archives Signature Series Bowman Chrome - Auto /24
,,,2025 Bowman Oswald Peraza Autograph Orange /25 Yankees
,,,2025 Donruss Braden Montgomery UNLEASHED /10 GOLD ICE SSP Rookie Card No. 17 ð
,,,"2025 Bowman Chrome Inserts VIP, Rookie of the Year, Greatness Loading, Top 100"
,,,Chase DeLauter RARE ROOKIE RC SILVER REFRACTOR INVESTMENT CARD SSP MINT
,,,Chase DeLauter RARE ROOKIE RC SILVER REFRACTOR INVESTMENT CARD SSP MINT
,,,Chase DeLauter RARE ROOKIE RC HOLO REFRACTOR INVESTMENT CARD GAURDIANS SSP MINT
,,,2025 Bowman Best RPA Owen Caissie 5/10 Chicago Cubs
,,,2025 Bowman Sapphire Chrome - Owen Wild /99 Green
,,,2025 Bowman Chrome Prospects 1st Green Geometric Refractor Owen Wild /99 GMA 10
,,,2025 Bowman OWEN WILD 1st Bowman Chrome GOLD 08/50
,,,2025 Bowman Owen Wild 1st Sky Blue Tampa Bay Rays /499
,,,2025 Bowman Sapphire Owen Wild Gold /50
,,,2025 Bowman - Atlanta Braves BUY 2 GET 3 FREE!
,,,2025 Bowman Ozzie Albies Pink Parallel #'d 058/175
,,,2025 Bowman Ozzie Albies #'ed 64/125 BLUE Parallel-BRAVES
,,,2025 Bowman Ozzie Albies -  Sky Blue Border /499 Braves
,,,Ozzie Albies 2025 Bowman Yellow Parallel Atlanta Braves #/75
,,,2025 Bowman Ozzie Albies Black /10 Atlanta Braves
,,,2025 Bowman Chrome Prospect Mega Mojo Auto Pablo Guerrero (#BMA-PG) Rangers SP
,,,2025 Pablo Guerrero Auto  - Topps Bowman Chrome Mojo #BMA-PG Rangers
,,,2025 Bowman Chrome Pablo Guerrero 036/150 Reptilian Blue Refractor Texas Rangers
,,,2025 Bowman Pablo Guerrero Chrome Prospects Red lava Refractor /5 Rangers
,,,2025 Bowman #BMA-PG Pablo Guerrero Chrome Auto Mojo - Texas Rangers
,,,"2025 Bowman - Chrome Prospect Mojo Autographs Pablo Guerrero #BMA-PG (AU, RC)"
,,,2025 Bowman Chrome Pablo Guerrero Purple Mojo Auto BMA-PG /199 Texas Rangers
,,,PABLO GUERRERO 2025 BOWMAN CHROME REPTILIAN REFRACTOR RANGERS Q3100
,,,2025 Bowman - Chrome Prospect Mega Box Autographs Pablo Guerrero #BMA-PG (RC)
,,,2025 Bowman #BMA-PG Pablo Guerrero Prospect Auto Mojo Blue Refractor #/150
,,,PABLO GUERRERO 2025 BOWMAN BASEBALL PAPER SKY BLUE /499 TEXAS RANGERS PROSPECT
,,,2025 Pablo Guerrero Bowman Prospects Purple Border /250 Texas Rangers
,,,2025 Bowman Chrome | Pablo Guerrero Blue Reptilian Refractor /150 Texas Rangers
,,,2025 Bowman - Chrome Prospect Mega Box Mojo Autographs Pablo Guerrero #BMA-PG
,,,2025 Bowman Chrome Pablo Guerrero Mojo On Card Auto BMA-PG
,,,2025 Bowman Chrome Pablo Guerrero #'ed 31/75 YELLOW Refractor RC-Rangers
,,,2025 Bowman #BMA-PG Pablo Guerrero Chrome Prospect Auto Mojo Purple #/199
,,,TOPPS RARE PAUL SKENES VINTAGE ROOKIE MVP SHORT PRINT CARD PIRATES
,,,LOADED All Paul Skenes Box 4 PGI 10 Rookie Cards Leaf HYPE Vaunted Bowman & More
,,,"2025 Bowmanâs Best Pixel Portrait Bundle Paul Skenes, Charlie Condon"
,,,2025 BOWMANâS BEST PAUL SKENES BEST-TEK BLUE ACETATE # 75/75 Bookend
,,,2025 Bowmanâs Best PAUL SKENES Best-Tek Insert #66/99 Pirates CASE HIT SP
,,,PAUL SKENES 2025 BOWMAN BEST TEK BLUE /75 PITTSBURGH PIRATES Q1887
,,,Bowman Paul Skenes 2025 Chrome Pittsburgh Pirates Pink Mojo Refractor /299
,,,Paul Skenes RARE ROOKIE SPARKLE FOIL REFRACTOR INVESTMENT CARD SSP TOPPS MINT
,,,Paul Skenes RARE ROOKIE CUP BLUE CRACKED ICE REFRACTOR SP PIRATES CHROME MINT
,,,2025 Bowman Paper Sky Blue /499 Paul Skenes Pittsburg Pirates
,,,2025 BOWMAN CHROME PAULINO SANTANA PURPLE /250 RANGERS
,,,PAULINO SANTANA 2025 Bowman Prospects Neon Green /399
,,,2025 Bowman Chrome Paulino Santana Auto BMA-PS Purple Numbered /199 Mojo
,,,2025 Bowman Chrome Prospects Orange Geometric Refractor Paulino Santana /25
,,,PAULINO SANTANA 2025 BOWMAN CHROME ON CARD AUTO MOJOFRACTOR CARD
,,,2025 Bowman Chrome - Mega Box Chrome Prospect Mojo Autographs Paulino Santana...
,,,2025 BOWMAN CHROME BASEBALL #BMA-PS AUTOGRAPH PAULINO SANTANA MOJO (RC) NRMT-MT
,,,2025 Bowman Chrome Prospect Auto Purple Mojo #BMA-PS Paulino Santana /199
,,,2025 Bowman Chrome Prosprcts Gold Geo Paulino Santana #/50 PSA10
,,,2025 Bowman Chrome Paulino Santana Orange Sapphire /25
,,,2025 Bowman PAULINO SANTANA Prospect Green Pattern Parallel! SP #'d /99!
,,,Paulino Santana 2025 BOWMAN CHROME 1st PEANUTS REFRACTOR SSP RANGERS Prospect
,,,2025 Bowman Prospects Paulino Santana Black Printing Plate  #1/1 Rangers
,,,2025 Bowman Yellow Printing Plate PAULINO SANTANA 1/1 RANGERSð¥ð¥
,,,"Paulino Santana, Base - 2025 Bowman Prospects Baseball"
,,,PAULINO SANTANA 2025 BOWMAN CHROME SAPPHIRE GREEN REFRACTOR /99
,,,2025 Bowman Sapphire Edition Payton Eeles 1st Yellow Refractor 58/75 SP Twins
,,,2025 Bowman - Payton Eeles 1st Bowman Neon Green Parallel #/399 Minnesota Twins
,,,2025 Bowman Payton Eeles Chrome Orange Shimmer Refractor 1st #/25
,,,2025 Bowman Chrome â Payton Eeles â Blue Reptilian Refractor #142/150 â Twins
,,,2025 Bowman Chrome - Payton Eeles - 1st Bowman
,,,2025 Bowman Chrome 1st Payton Eeles Auto /50 Gold Shimmer
,,,2025 Bowman Payton Eeles 1st Green Border #79/99 Twins
,,,2025 Bowman Chrome 1st Payton Eeles Purple Wave Refractor /199 Twins OA4
,,,2025 Bowman Chrome 1st Payton Eeles Blue Auto /150
,,,2025 Bowman Chrome Payton Eeles /350 Wave Refractor
,,,2025 Bowman Payton Eeles Prospects Purple Border 1st #/250 Twins
,,,2025 1st Bowman Chrome Prospects Payton Eeles Orange Geometric Refractor /25 RC
,,,2025 Bowman Payton Eeles !st Bowman Pink Border  /175
,,,2025 Bowman Chrome 1st Payton Eeles Mini Diamond Refractor Auto /100 RC
,,,TOPPS BUNT DIGITAL 2025  COSMIC Pete Alonso Auto BLACK ECLIPSE   /10 CC
,,,Pete Alonso Auto /50 Gold SP 2025 Topps Baseball Stars SSP Autograph Orioles â­ð
,,,2025 Bowman Pete Alonso Neon Green Parallel #56 /399 New York Mets
,,,Pete Alonso New York Mets 9 Card Player Pack 2025 2024 Topps Bowman
,,,2025 Topps Bowman Chrome Autograph Relic Gold Refractor Pete Alonso Mets /50
,,,Pete Alonso Aqua Lava  /199
,,,2025 Bowman Best - Pete Alonso /99 Green Refractor
,,,Pete Alonso 2025 Bowmanâs Best - Yellow Lazer Refractor /75
,,,2025 Topps Bowman Chrome Orange Auto Relic #BCAR-PA Pete Alonso /25
,,,2025 Bowman Pete Alonso Purple Pattern /199 New York Mets
,,,2025 Bowman Prospects Autographs Green Border Peyton Olejnik Auto /99 Angels
,,,2025 Bowman Peyton Olejnik Prospects Auto Blue /150 Los Angeles Angels
,,,2025 Bowman Peyton Olejnik Paper Prospects 1st Auto Autograph #PPAPO LA Angels
,,,2025 Bowman Peyton Olejnik 1st Auto Purple Border /250 Angels Autograph
,,,2025 Bowman Peyton Olejnik Los Angeles Angels Auto
,,,2025 Bowman Prospects Autographs Green Border Peyton Olejnik Auto /99
,,,2025 Bowman - Paper Prospect Retail Autographs Peyton Olejnik  RC Angels Auto
,,,2025 Bowman Chrome PJ MORLANDO Miami Marlins Yellow Refractor 1st Auto SP /75
,,,2025 Bowmanâs Best #B25-PM PJ Morlando Best of 2025 Autographs AU
,,,2025 BOWMAN SAPPHIRE CHROME PROSPECT AUTO 078/199 #CPS-PM PJ MORLANDO
,,,2025 1st Bowman Purple Geometric Refractor /250 PJ MORLANDO
,,,2025 Bowman Baseball Prospect PJ Morlando 1st Black Paper Parallel 02/10 Marlins
,,,2025 Bowman Chrome 1st Speckle Refractor Auto /299 PJ Morlando Marlins
,,,2025 Bowman Chrome PJ Morlando 1st True Green Auto /99 Miami Marlins
,,,2025 Bowman Chrome PJ Morlando 1st Prospect Wave /350 Marlins
,,,2025 Bowman | PJ Morlando | 1st Bowman Mini Diamond Auto /100 | Marlins
,,,2025 Bowman Best PJ Morlando GOLD REFRACTOR Auto # /50 Miami Marlins #B25-PM
,,,PJ MORLANDO 2025 Bowman Chrome 1st PURPLE RAYWAVE REFRACTOR SP #107/250 Marlins
,,,2025 PJ Morlando 1st Bowman Chrome Etched In Glass SSP Miami Marlins
,,,2025 Bowman Chrome #BMA-QM Quinn Mathews Prospect Autographs Mega Mojo RC Rookie
,,,2025 Bowman Chrome Quinn Mathews Mojo Auto Cardinals
,,,2025 Bowmanâs Best Quinn Mathews- Green Refractor Auto 51/99- Cardinals
,,,2025 Bowman Chrome - Mega Box Chrome Prospect Mojo Autographs Quinn Mathews
,,,Bowman 2025 Chrome 1st Quinn Mathews Auto Green Reptilian /99 Cardinals
,,,2025 Bowman Chrome 1st True Black Refractor Quinn Mathews /10 Cardinals SSP
,,,QUINN MATHEWS 2025 BOWMAN CHROME PROSPECTS BLUE RAYWAVE REFRACTOR RC 091/150 ST.
,,,2025 Bowman Quinn Mathews 1st Chrome Speckle Refractor Auto /299
,,,2025 Bowmanâs Best Quinn Mathews- Green Refractor Auto /99- Cardinals
,,,Quinn Mathews 2025 1st Bowman Chrome BLUE REFRACTOR 081/150 Cardinals RC Raw M6
,,,Quinn Mathews 2025 First Bowman Chrome Orange Wave Refractor Auto /25 Cardianls
,,,Quinn Mathews 2025 First Bowman Chrome Prospect Refractor Auto /499 Cardinals
,,,2025 Bowmanâs Best Quinn Mathews Orange Auto /25
,,,2025 Bowman Chrome 1st Quinn Mathews Blue Geometric Refractor /150
,,,2025 Bowman Chrome Sapphire Green Refractor Quinn Mathews 1st ROOKIE AUTO /99
,,,2025 BOWMAN CHROME PROSPECTS QUINN MATHEWS ORANGE REFRACTOR /25 POP 3
,,,2025 Bowman Chrome Quinn Mathews Pink Mojo /199
,,,2025 Bowman Quinn Mathews Chrome Prospect Auto Blue Refractor #/150
,,,Quinn Mathews /10 Black X-Fractor 1st 2025 Bowman Chrome St Louis Cardinals
,,,2025 Bowmanâs Best Cardinals Quinn Mathews Best Of 2025 Autograph Card #09/10
,,,2025 Bowmanâs Best -Quinn Mathews (AU) /25- Orange X-Fractor-Best of â25 #B25-QM
,,,2025 Bowman Quinn Mathews Sky Blue Border 1st Prospect #/499 Cardinals
,,,2025 Bowmanâs Best Best Of Auto Green Refractor Auto Quinn Mathews /99 (EXE)
,,,2025 BOWMAN SAPPHIRE EDITION CHROME PROSPECTS SAPPHIRE AUTO GREEN QUINN MATHEWS
,,,RAFAEL DEVERS 2025 BOWMANâS BEST RED REFRACTOR /5 SSP GIANTS JERSEY WEARING SP
,,,2025 Bowman Rafael Devers 10 Fuchsia Paper /299 | Boston Red Sox
,,,2025 Bowmanâs Best Rafael Devers /250 Lava Refractor Giants
,,,2025 Bowman Chrome  Rafael Devers  Purple Mojo- 80/199   Free Shipping.!
,,,2025 Bowman Chrome Choice Rafael Flores 1st Autograph 76/150 Auto
,,,RAFAEL FLORES #/25 2025 BOWMAN CHROME SAPPHIRE ORANGE REFRACTOR RC YANKEES
,,,2025 BOWMAN CHROME RAFAEL FLORES RC PURPLE REFRACTOR /250 YANKEES 1ST
,,,2025 Bowman Rafael Flores Chrome Prospects Speckle Refractor Auto /299
,,,2025 Bowman Rafael Flores Purple /250
,,,2025 Bowman Chrome Rafael Flores 1st Bowman Blue Shimmer /150
,,,Rafael Flores 2025 1st Bowman Chrome Refractor RC Auto #CPA-RFð¥ 207/499 ð¥
,,,2025 Bowman Rafael Flores Blue Bandana RC 1st Bowman 032/125 Yankees SP
,,,2025 Bowman Rafael Flores 1st Bowman Chrome Reptilian Refractor
,,,2025 Bowman Rafael Flores Chrome Prospect Autographs Gold Lava Refractor #/50
,,,RAFAEL FLORES 2025 BOWMAN CHROME 1ST WAVE REFRACTOR YANKEES /350 Q0139
,,,2025 Bowman Sapphire Rafael Flores 1st Black Refractor 8/10 Pirates Call Up
,,,RAFAEL FLORES 2025 Bowman Chrome 1st Green Lava Refractor RC Autograph Auto #/99
,,,2025 Bowman Rafael Flores Sky /499
,,,2025 Bowman Chrome 1st Rafael Flores Raywave /399
,,,2025 Bowman Chrome Inserts
,,,"2025 Bowman Chrome Inserts VIP, Rookie of the Year, Greatness Loading, Top 100"
,,,2025 Bowman - Seattle Mariners BUY 2 GET 3 FREE!
,,,RANDY AROZARENA 2025 BOWMAN CHROME GREEN GEOMETRIC MARINERS /99
,,,Randy Arozarena 2025 Bowman Chrome Wave Refractor /100 Mariners
,,,2025 Bowman Baseball BLUE RANDY AROZARENA # 281/499
,,,2025 Bowman Chrome Randy Arozarena Rainbow Geometric /499
,,,2025 Bowman Chrome Sapphire Randy Arozarena Orange /25 Seattle Mariners
,,,ð±RANDY AROZARENA 2025 Bowman Chrome True Red Refractor /5 #MARINERS #BOOKEND!ð±
,,,2025 Bowman Chrome - Randy Arozarena Fuchsia Refractor /299
,,,2024 Topps Archives 2025 Bowman Randy Arozarena Autograph /99
,,,Topps 2025 Bowman Sky Blue Randy Arozarena Serial #19/499 Mariners MLB Baseball
,,,2025 BOWMAN RANDY AROZARENA BOWMAN RETRO LOGO FOIL SP SEATTLE MARINERS
,,,2025 Bowman Chrome Randy Arozarena Green Refractor /99 Seattle Mariners
,,,2025 Bowman Chrome Rece Hinds Bowman Baseball Factory Auto /199 - Reds
,,,2025 Bowman Chrome RECE HINDS All-America Game Autograph Auto SP /199 ð¥
,,,2025 Bowman Chrome Rece Hinds True Green Rookie Refractor Auto /99 RC SP Reds
,,,2025 Bowman Chrome RECE HINDS All-America Game Autograph Auto SP /199
,,,2025 Bowman Chrome Rece Hinds Bowman Baseball Factory Auto /199 - Reds
,,,2025 Bowman Chrome Rece Hinds CMA-RH Blue Refractor Rookie Auto /150 REDS
,,,Rece Hinds - 2025 Bowman Chrome - All-America Game Auto /199
,,,2025 BOWMAN CHROME #UAN 11 RECE HINDS ALL AMERICA AUTO /150
,,,2025 Bowman Chrome Inserts
,,,2025 Bowman Chrome Rece Hinds Bowman Baseball Factory Auto /199 - Reds
,,,2025 Bowman Rhett Lowder Chrome Rookie Auto RC Yellow Refractor #52/75 Reds
,,,Rhett Lowder 2025 Bowman Chrome Rookie Auto Blue /150 | First on Print | ð´ RC âª
,,,2025 Topps Bowman Chrome Baseball - YOU CHOOSE
,,,2025 Bowman Rhett Lowder Reds Mega Futures Mojo Refractor Rookie #BMF-8
,,,2025 Bowman Chrome; Rhett Lowder; Gold Auto /50 (RC); READ
,,,2025 Bowman Rhett Lowder Rookie Red RC Badge Variation
,,,2025 Bowman Chrome ORANGE Refractor Rhett Lowder Rockstar Rookie Auto #d /25 RC
,,,2025 Bowman #RMA-RL Rhett Lowder Chrome Rookie Autographs Mojo Refractor #/99
,,,2025 Bowman Chrome Rookie Autographs Yellow Refractor Rhett Lowder Auto 10/75
,,,2025 Bowman Rhett Lowder Rookie Gold Parallel/50
,,,2025 Bowman Chrome Rhett Lowder RC Auto Mini-Diamond /100 Cincinnati Reds
,,,2025 Bowman Chrome Rookie Autographs Rhett Lowder Mojofractor /25 #RMA-RLð¥ð¥
,,,2025 Bowman - Chrome Rookie Autographs Rhett Lowder  Blue Refractor /150 (  RC)
,,,Rhett Lowder - 2025 Bowman Chrome ROY FAVORITES RC MOJO PINK REFRACTOR/199 Reds
,,,2025 Bowman Chrome - RHETT LOWDER (RC) #BMF-8 Chrome Mega Futures Mojo Parallel
,,,2025 BOWMAN!  RHETT LOWDER!  RC!  AUTO!   ORANGE REFRACTOR!  #/25!  DIE CUT!  SP
,,,Rhett Lowder 2025 Bowman Best Auto Purple Refractor /75 Cincinnati Reds
,,,2025 Bowman RHETT LOWDER Cincinnati Reds Purple Parallel #'d /250
,,,2025 Bowman Ricardo Yan 1st Bowman Aqua Shimmer Refractor 087/125
,,,RICARDO YAN 2025 BOWMAN CHROME 1ST AUTOGRAPH GREEN LAVA AUTO /99
,,,Ricardo Yan 2025 Bowman Chrome Gold Lava Refractor Auto /50 1st Prospect Rookie
,,,2025 Bowman Chrome Ricardo Yan 1st Red Lava /5
,,,RICARDO YAN 2025 BOWMAN CHROME 1ST AUTOGRAPH REFRACTOR AUTO /499
,,,2025 Bowman Chrome Speckle Ricardo Yan Auto 134/299
,,,Ricardo Yan 3/5 - 2025 Bowman Chrome Prospect Red Geometric DBACKS
,,,2025 Bowman Ricardo Yan Chrome Prospect Auto Speckle Refractor #/299
,,,(8089) Ricardo Yan #/100 2025 Bowman Chrome On Card Auto Mini Diamond Ref RC
,,,2025 Bowman Chrome 1st Ricardo Yan Orange Reptilian Refractor Auto 08/25
,,,2025 Bowman Chrome 1st Ricardo Yan Blue X-Fractor Auto /150
,,,2025 Bowman Chrome RICHARD MATIC Yankees Magenta Wave Refractor 1st SP /199
,,,2025 Bowman Richard Matic GREEN Shimmer refractor /99 ; Bowman 1st Yankees
,,,2025 Bowman - Chrome Prospect Autographs Richard Matic Mini-Diamond /100
,,,2025 Bowman Chrome Sapphire - Richard Matic Green /99
,,,2025 Bowman Chrome Richard Matic Blue X-Fractor Auto #49/150
,,,(8143) Richard Matic 2025 Bowman Chrome On Card Auto RC Yankees
,,,2025 Bowman Chrome Prospect Speckle Refractor 237/299 Richard Matic Auto y8x
,,,2025 Bowman Richard Matic Rookie Gold Paper Parallel/50
,,,2025 Bowman Chrome 1st Richard Matic Refractor Auto /499
,,,2025 Bowman Chrome Richard Matic Auto /99 Green Lava Refractor 1st Yankees
,,,2025 Bowman Chrome 1st Bowman Richard Matic X-fractor - Yankees
,,,2025 Bowman Prospects Sky Blue Paper 1st Richard Matic Numbered /499
,,,2025 Bowman Chrome Richard Matic Speckle 1st Auto /299 NY Yankees
,,,2025 Bowman - Chrome Prospect Autographs Richard Matic Blue X-Fractor /150
,,,2025 BOWMAN CHROME RICHARD MATIC GEOMETRIC REFRACTOR YANKEES GOLD #35/50
,,,2025 Bowman Chrome Baseball Richard Matic Green Lava Auto /99
,,,Riley Greene 2025 Bowmanâs Best Blue Refractor /150 Tigers
,,,2025 Bowman Riley Greene-  TRUE GREEN /99- Numbered Bowman- TIGERS- GEM/MINT
,,,2019 Bowman Chrome Draft #BDC-50 RILEY GREENE RC 1ST BOWMAN Detroit Tigers -MT
,,,RILEY GREENE 2025 BOWMAN CHROME ROOKIE BOWMAN SPOTLIGHT
,,,2025 Topps Home Field Advantage Riley Greene. Bowman Chrome Auto 2020 TIGERS  ð
,,,2025 Topps Bowman Riley Greene Sky Blue Paper Parallel 184/499 Detroit Tigers
,,,2025 Topps 1st Bowman Chrome Draft Auto Refractor Riley Greene /499
,,,2025 Bowmanâs Best Riley Greene Blue Mojo Refractor 142/150
,,,2025 Bowmanâs Best Riley Greene Purple Mojo 096/250 Detroit Tigers
,,,Riley Greene Set - Bowman Chrome /175 Rookie And /99 2025 All Star Set
,,,2025 Bowman Chrome River Ryan BLUE REF #116/150 Auto Dodgers
,,,"2025 Bowman Chrome Rookie Autographs River Ryan Auto Gold Refractor /50 (AU, RC)"
,,,"2025 Bowman Chrome Prospects BCP 236-252, 1-98 With Color Parallels"
,,,2025 Bowman - 69 River Ryan RC - Los Angeles Dodgers
,,,2025 Bowmanâs Best Robert Calaz RC Patch Auto 25/25 Bookend 4 Color Patchð¥ð¨
,,,Robert Calaz 2025 Bowman Chrome Prospects Mojo Auto BMA-RC Rockies
,,,Robert Calaz - 2025 Bowman Chrome Rookie - Green Mojo - On Card Auto ð/99
,,,"2025 Bowman - Chrome Prospect Mega Box Autographs Robert Calaz #BMA-RC (AU, RC)"
,,,ROBERT CALAZ 2025 BOWMAN CHROME  BLACK REFRACTOR/10 ROCKIES COLOR MATCH!!
,,,"2025 Bowman - Chrome Prospect Mega Box Autographs Robert Calaz #BMA-RC (AU, RC)"
,,,2025 Bowman #BMA-RC Robert Calaz Chrome Prospect Mojo Refractor ON-CARD AUTO
,,,2025 Bowman #BMA-RC Robert Calaz Chrome Prospect Autographs Mojo Refractor
,,,2025 Topps Bowman Baseball Robert Calaz Gold Mojo Auto /50 Stud Prospect
,,,2025 Bowmanâs Best Robert Calaz Prospect Patch Autograph /50!! Rockies
,,,2025 Bowman Mega Box Robert Calaz Orange Mojo Auto /25 BMA-RC Rockies ð¥
,,,Robert Calaz 2024 1st Bowman Chrome AUTO Prospect GOLD Lava REFRACTOR 50/50 E6
,,,Robert Calaz 2024 1st Bowman Chrome AUTO Mini-Diamond REFRACTOR 002/100 Raw O6
,,,2025 Bowman Chrome Robert Calaz Top Prospect 28 Teal /125
,,,2025 Bowman Sapphire Edition - Chrome Prospects Robert Calaz Green /99
,,,2025 Bowman Robert Calaz Chrome Prospects Reptilian Fuchsia Refractor #/199
,,,2025 BOWMAN ROBERT CALAZ REFRACTOR COLORADO ROCKIES
,,,2025 Bowmanâs Best Pixel Portraits P-7 Roki Sasaki (RC)
,,,2025 Bowman Chrome Roki Sasaki RC Yellow Refractor Rookie /75 Dodgers
,,,2025 Bowman Chrome Roki Sasaki RC Blue Refractor Rookie /150 Dodgers
,,,Roki Sasaki RARE ROOKIE SPACE REFRACTOR INVESTMENT CARD SP CHROME DODGERS MINT
,,,2025 Bowman Sapphire Edition Image Variation Roman Anthony Gold /50 PSA9
,,,2025 Bowman Chrome Roman Anthony Gold Shimmer Refractor /50
,,,2025 Bowmanâs Best Roman Anthony Top Prospects Refractor /99 Boston Red Sox
,,,2025 Bowmanâs Best ROMAN ANTHONY Base Chrome Prospect #TP-16 Red Sox Star Rookie
,,,2025 Bowman Chrome Prospects ROMAN ANTHONY Purple Geometric Refractor /250
,,,2025 Bowman Chrome Prospects Roman Anthony Pulsar Refractor /399
,,,Roman Anthony It Came To...The League - 2025 Bowman Chrome - Boston Red Sox
,,,Roman Anthony RARE ROOKIE MOJO REFRACTOR BOWMAN INVESTMENT CARD SSP MINT
,,,2025 Bowman Chrome Roman Anthony True Blue Refractor /150 Red Sox
,,,Roman Anthony RARE ROOKIE SPACE REFRACTOR INVESTMENT CARD SP CHROME RED SOX MINT
,,,2025 Bowman Chrome Gold 21/50 Romeo Sanabria 1st RC
,,,2025 Bowman Romeo Sanabria 1st Orange Parallel 1/25 SP San Diego Padres
,,,Romeo Sanabria 2025 Bowman Chrome 1st Bowman Reptilian Refractor - Padres
,,,ROMEO SANABRIA 2025 Bowman Chrome 1st Aqua Parallel /125 Padres
,,,2025 Bowman Chrome Romeo Sanabria 1st Bowman Reptilian Refractor /199 Padres
,,,2025 Bowman Romeo Sanabria 1st Chrome Prospect Blue RayWave Refractor #/150
,,,ROMEO SANABRIA 2025 BOWMAN 1ST BASEBALL YELLOW PATTERN BORDER PADRES 42/75
,,,2025 BOWMAN CHROME ROMEO SANABRIA 1ST SAPPHIRE GREEN REFRACTOR /99 & FREE CARD
,,,2025 Bowman Chrome Prospects Romeo Sanabria Yellow #âd/75 San Diego Padres
,,,2025 Bowman Romeo Sanabria #'ed 98/299 Fuchsia 1st Year ROOKIE CARD-Padres
,,,Romeo Sanabria 2025 Bowman 1st Yellow Parallel /75 Padres
,,,2025 Bowman Chrome Ronald AcuÃ±a Jr. Mojo Refractor â Atlanta Braves - OA4
,,,"2025 Bowman Chrome Inserts VIP, Rookie of the Year, Greatness Loading, Top 100"
,,,Salvador Perez 2025 Topps Holiday Buyback 2022 Topps Royals #219
,,,2025 Bowman Chrome Baseball Salvador Perez Blue Geometric Refractor /150 Royals
,,,2025 Bowman Chrome Salvador Perez Gold Refractor /50
,,,Topps 2025 Bowman Chrome Salvador Perez Black Geometric Refractor #23 /499 Royaâ¦
,,,2025 Bowman Chrome Salvador Perez Blue Wave Refractor /150 Royals Color Match
,,,Salvador Perez 2025 Bowman Blue Parallel /150 Royals
,,,2025 Bowman Chrome Salvador Perez Orange Geometric Refractor /25 Royals
,,,2025 Bowman Chrome Salvador Perez Blue Geometric Refractor #23 /150 Royals
,,,2025 Bowman Chrome Salvador Perez Blue Refractor #/150 Royals
,,,2025 Bowman Chrome Salvador Perez Aqua Geometric Refractor #47/125 Royals
,,,2025 Bowman Sam Stuhr 1st Bowman Green Auto /99 Color Match Athletics SP
,,,2025 Bowman Baseball SAM STUHR 1st Purple Auto #243/250 Oakland Aâs Prospect
,,,2025 BOWMAN 1ST PROSPECT AUTO SAM STUHR A'S
,,,2024-2025 1st bowman autos #/Chrome/base /10/70/99
,,,2025 Bowman - Sam Stuhr 1st Bowman Purple Auto #'d/250
,,,2025 Bowman Sam Stuhr (1st Bowman) (AUTO)
,,,2025 Bowman Sam Stuhr 1st Bowman Purple Auto /250 Oakland Athletics
,,,SAM STUHR ð 2025 Bowman Baseball 1st Bowman - Paper Auto Athletics
,,,2025 Bowman Paper Prospect Retail Autographs Sam Stuhr Aâs
,,,2025 Bowman Paper 1st Sam Stuhr Auto Athletics
,,,2025 Bowman Chrome Sammy Hernandez 1st Purple Refractor Auto 76/250 SP Cardinals
,,,2025 Bowman - 1st Bowman Sammy Hernandez Blue Shimmer Refractor /150 (RC)
,,,SAMMY HERNANDEZ 2025 BOWMAN CHROME 1ST AUTOGRAPH TRUE PURPLE AUTO /250
,,,2025 Bowman Chrome Sammy Hernandez Snack Pack sunflower seeds Auto /5 SSP
,,,2025 Bowman Chrome - Prospect Autographs Sammy Hernandez 1st Cardinals
,,,ð¥SAMMY HERNANDEZ 2025 Bowman Chrome 1st Peanuts Snack Pack Refractor Auto /5!ð¥
,,,2025 Bowman Sammy Hernandez Chrome Blue Shimmer Refractor #/150 Cardinals
,,,Sammy Hernandez - 2025 Bowman Chrome 1st Prospects Refractor #/499
,,,2025 Bowman Chrome Prospects 1st Mini Diamond Sammy Hernandez Auto 99/100
,,,2025 Bowman Chrome Sammy Hernandez Orange Auto /25 Cardinals
,,,2025 Bowman Chrome Sammy Hernandez 1st True Blue Refractor Auto /150 Cardinals
,,,2025 Bowman Chrome - Prospect Autographs Sammy Hernandez Yellow Refractor /75
,,,2025 Bowman Chrome Baseball Sammy Hernandez -/100 1st Bowman Mini Diamond Auto
,,,2025 Bowman Chrome 1st Sapphire Auto Sammy Stafura /199
,,,2025 Bowman Chrome Refractor Sapphire Sammy Stafura BDC-187
,,,Sammy Stafura 2025 Bowman Chrome Prospect Autographs Green Riptillian Auto /99
,,,2025 Bowman Chrome #BMA-SS Sammy Stafura Prospect Autographs Blue Mojo #/150
,,,2025 Bowman Chrome Sammy Stafura Mini Diamond Refractor
,,,2025 Bowman Chrome - Sammy Stafura Purple Mojo Auto /199 Reds #BMA-SS
,,,Sammy Stafura 2025 Bowman Chrome Mojo Auto Reds Prospect
,,,2025 Bowman Chrome Refractor Sapphire Sammy Stafura BDC-187
,,,2025 Bowman Chrome Sammy Stafura 1st Bowman True Yellow Auto /75 Reds Pirates RC
,,,2025 BOWMAN CHROME DRAFT SAMMY STAFURA GREEN GEOMETRIC 58/99 #BDC-187
,,,2025 Bowman Chrome Sammy Stafura Purple /250 #BDC-187
,,,2025 Bowman Chrome Mega SAMMY STAFURA #BMA-SS Prospect Auto Mojo Refractor REDS
,,,2025 Bowman Sammy Stafura # BD - 187
,,,2025 Bowman Chrome NSCC National /25! Sammy Stafura Orange Refractor TP-22
,,,2025 Bowman Chrome - Prospect Mojo Autographs Sammy Stafura #BMA-SS /150 RC
,,,Samuel Basallo 2025 Bowman Chrome Prospects Fuchsia Refractor #'d/199 Orioles
,,,2025 Bowmanâs Best Samuel Basallo Best Performance On Card Auto 152/250 Orioles
,,,Samuel Basallo 2025 Bowmanâs Best Best Performance Auto /250 Orioles
,,,2025 Bowman SAMUEL BASALLO Bowman Prospect Yellow Border /75 Baltimore Orioles
,,,2025 Bowman Samuel Basallo Chrome Prospects Mini Diamond Refractor Orioles
,,,Samuel Basallo 2025 Bowman Chrome Prospects Wave Refractor #109 #/350
,,,Samuel Basallo 2025 Bowman Chrome Purple Raywave /250 Orioles
,,,2025 Bowman Chrome Prospects Samuel Basallo VIP Green Refractor /99 Orioles
,,,Samuel Basallo 2025 Bowman Propect Neon Green Parallel /399 Orioles
,,,ð¥RAKING!  2025 Bowmanâs Best Samuel Basallo TOP PROSPECT Auto /250 Orioles
,,,2025 Bowman Chrome Prospects Samuel Basallo Purple Geometric /250
,,,2025 Bowman Chrome Santiago Suarez 1st Blue Geometric /150
,,,2025 Bowman Chrome - Santiago Suarez - 1st Bowman
,,,2025 Bowman Chrome - Santiago Suarez - 1st Bowman
,,,2025 Bowman Chrome Prospects - Santiago Suarez Yellow X-Fractor  /75 TB Rays
,,,2025 Bowman Chrome Baseball Santiago Suarez Wave Refractor /350 Rays
,,,2025 Bowman Chrome Sapphire Santiago Suarez 1st Bowman Gold /50 #RCP-142 Rays
,,,2025 Bowman Chrome - Santiago Suarez Refractor /499 1st Bowman Tampa Bay Rays
,,,2025 Bowman Santiago Suarez Chrome Blue Geometric Refractor 1st /150
,,,2025 Bowman Santiago Suarez Chrome Prospects Blue RayWave Refractor Rays #/150
,,,2025 BOWMAN CHROME SANTIAGO SUAREZ ROSE GOLD MINI DIAMOND /15 G49
,,,2025 Bowman Chrome Baseball Santiago Suarez 1st Orange Shimmer Refractor /25
,,,2025 Bowman Santiago Suarez Blue Shimmer Refractor /150
,,,Santiago Suarez 2025 Bowman Chrome Prospects 1st Purple Geometric Refractor /250
,,,SEAN KEYS 2025 Bowman Chrome 1st Bowman SPECKLE AUTO /299 BLUE JAYSð¥ð¥ð¥
,,,SEAN KEYS 2025 Bowman GOLD LAVA 1st AUTO /50  Blue Jays Prospect ð¥ð¥
,,,2025 Bowman Sean Keys Chrome Auto Mini Diamond Refractor 1st #/100 Blue Jays
,,,2025 Sean Keys 1st Bowman Purple Wave /250
,,,2025 Topps Bowman Chrome Sean Keys Yellow Refractor /75 1st Bowman Rookie Auto S
,,,Sean Keys - 2025 Bowman Chrome Purple Refractor Auto /250 1st Bowman
,,,2025 Bowman Chrome | Sean Keys | 1st Bowman Mini Diamond Auto /100 | Blue Jays
,,,2025 Bowman | Sean Keys | 1st Bowman Gold Refractor /50 | Blue Jays
,,,2025 Bowman Chrome | Sean Keys | 1st Bowman Speckle Auto /299 | Blue Jays
,,,2025 Bowman Chrome Sean Keys Auto True Gold /50 Blue Jays
,,,2025 Bowman SEAN KEYS 1st Bowmans Purple Refractor BLUEJAYS RC #33/199
,,,2025 Bowman Chrome Sapphire Sean Keys 1st Orange /25 Toronto Blue Jays
,,,2025 Bowman Sean Keys Chrome Yellow Refractor 1st Prospect #/75 Blue Jays
,,,SEAVER KING 2025 BOWMAN CHROME BLUE GEOMETRIC NATIONALS C /150 Q4060
,,,Seaver King 2025 Bowman Chrome #BMA-SK Purple Mojo Auto #/199
,,,SEAVER KING 2025 BOWMAN CHROME SAPPHIRE YELLOW NATIONALS /75
,,,2025 Bowman Chrome Prospect Auto Seaver King Green Mojo Washington Nationals /99
,,,2025 Bowman Chrome - Mega Box Chrome Prospect Mojo Autographs Seaver King...
,,,2025 Bowman Chrome Seaver King 03/50 Mega Box Prospect AUTO Gold REF #BMASK
,,,2025 Bowman Chrome  Mega Box Chrome Prospect Mojo Autographs Seaver King #BMA-SK
,,,2025 Bowman Chrome In Action Mini-Diamond Refractor /150 SEAVER KING
,,,Seaver King 2025 Bowman Chrome Auto Orange Mojo Refractor #BMA-SK RC /25 18/25
,,,Seaver King Auto 2025 Bowman Chrome Mojo Refractor BMA-SK Prospect Nationals
,,,2025 Bowman Chrome Prospect Mojo Autographs Seaver King Green Refractor 1/99 RC)
,,,Seaver King 2025 Bowman Chrome Gold Shimmer 45/50
,,,2025 BOWMAN CHROME SEAVER KING MOJO REFRACTOR ON CARD AUTO NATIONALS
,,,2025 Bowman Chrome Prospect Autographs Mega Mojo Seaver King Auto #BMA-SK
,,,2025 Bowman Chrome Mega SEAVER KING #/150 MOJO BLUE REFRACTOR FREE SHIPPING..!!
,,,2025 Bowman Chrome-Seaver King Prospects Autographs Mega Mojo Refractors #BMA-SK
,,,2025 Bowman Sapphire Seaver King Chrome Prospects Gold Refractor #/50 Nationals
,,,2025 Bowman Sebastian Walcott Speckle Refractor Chrome Auto /299 Texas Rangers
,,,Sebastian Walcott 2025 Bowman Chrome Prospects Gold Refractor /50 Rangers Read
,,,2025 Bowmanâs Best Sebastian Walcott RC Gold Refractor /50 #TP-25 Texas Rangers
,,,Sebastian Walcott 2025 Bowman Chrome Fuchsia Wave Refractor 187/199 Rangers
,,,2025 Bowman Chrome Sebastian Walcott Blue RayWave Refractor/150
,,,SEBASTIAN WALCOTT 2025 BOWMAN CHROME DRAFT BLUE REFRACTOR RANGERS /150
,,,SEBASTIAN WALCOTT 2025 BOWMAN CHROME SAPPHIRE BASEBALL RANGERS A Q5547
,,,2025 Topps Bowman Sebastian Walcott Bowman AI Mini Diamond #BAI-12 /150
,,,2025 Bowman Chrome Sebastian  Walcott Gold Shimmer Ref /50ð¥ð¥
,,,SEBASTIAN WALCOTT 2025 BOWMAN CHROME DRAFT SAPPHIRE YELLOW /75
,,,Topps Bunt *DIGITAL CARD* Seth Lugo 1990 Topps 25 Orange Signature /25 Legendary
,,,2025 Topps Bowman Seth Lugo Gold Autograph/50 Royals
,,,Seth Lugo 2023 Topps Chrome SSP Negative Refractor & 2025 Ray Wave Refractor
,,,2025 Bowman Paper Rookies and Veterans Retail Blue 77/140 Seth Lugo Auto yl0
,,,2025 Bowman Paper Rookies and Veterans Retail Gold 37/50 Seth Lugo Auto 05k6
,,,2025 Topps Bowman Seth Lugo Green Paper Auto /99 Royals
,,,2025 Topps Bowman 48 Shane McClanahan Rays Purple #/299
,,,SHANE MCCLANAHAN 2025 BOWMAN MLB PINK BORDER PAPER RAYS /175 FREE SHIPPING
,,,2025 Bowman - Tampa Bay Rays BUY 2 GET 3 FREE!
,,,2025 TOPPS ARCHIVES SHANE MCCLANAHAN #/10 RC ROOKIE AUTO 2021 Bowman Heritage SP
,,,2025 Topps Archives Shane McClanahan /25 RC ROOKIE AUTO 2020 Bowman Chrome Draft
,,,2025 Topps Archives Shane McClanahan RC ROOKIE Auto #/60 2021 Bowman Chrome SP
,,,2025 Topps Archives Shane McClanahan ROOKIE RC AUTO #/25 2020 Bowman Chrome SP
,,,2025 Bowman Shane McClanahan Blue Paper 037/499
,,,2025 Bowman Shane McClanahan Green Paper 279/399
,,,2025 Bowman Shane McClanahan Purple Paper 181/250
,,,2025 Bowman Shane McClanahan Orange Paper 20/25
,,,Shane McClanahan 2025 Topps Archives Signature Series Auto /60 Rookie Bowman
,,,Shane McClanahan 2025 Bowman Orange /25 Tampa Bay Rays
,,,2025 Bowman Baseball- Shane McClanahan Green Border Parallel #/99 Tampa Bay Rays
,,,2025 Topps Bowman 48 Shane McClanahan Rays Purple #/299
,,,2025 Bowman Chrome Shane McClanahan Gold /50 Paper (Rays)
,,,SHAY WHITCOMB 2025 BOWMAN SP CHROME RED ROOKIE REDEMPTION REFRACTOR RC
,,,Shay Whitcomb 2025 Bowman Red Redemption Topps Autograph Cam Smith /299+
,,,2025 Bowman Shay Whitcomb Chrome Rookie Auto Mini-Diamond Refractor /100 Astros
,,,SHAY WHITCOMB 2025 Bowman Chrome Refractor RC Red Rookie Redemption SP / Astros
,,,2025 Bowman Baseball Shay Whitcomb Lime Green RC /399 - Astros
,,,Shay Whitcomb Red Rookie 2025 Bowman Chrome Refractor Houston Astros
,,,2025 Bowman Chrome Shay Whitcomb Mini Diamond Refractor Auto /100 RC Astros
,,,2025 Bowman Chrome Shohei Ohtani /299 Aqua Mega Box Mojo Refractor Dodgers MVP
,,,2025 Bowmanâs Best SHOHEI OHTANI Aqua Blue Refractor 102/199 LA Dodgers WITH MAG
,,,2025 Bowman Chrome Shohei Ohtani Geometric Blue /150 Refractor
,,,2025  Bowman Chrome Shohei Ohtani Blue Mojo Refractor  /150 Dodgers MVP Invest!
,,,2025 Bowman Chrome  - Shota Imanaga /125 Green Refractor
,,,2025 Bowman Chrome Shota Imanaga - True Yellow Refractor #/75 - Chicago Cubs
,,,2025 Bowman Blue Pattern Border Shota Imanaga /125 Cubs
,,,2025 Bowman Chrome Baseball Shota Imanaga Gold Geometric Refractor /50
,,,2025 Bowman Chrome True Black Refractor Shota Imanaga /10
,,,2025 Topps Bowman Chrome Shota Imanaga Autograph Relic /75
,,,2025 Bowman Chrome Shota Imanaga Auto Relic Orange /25 #BCAR-SI Cubs
,,,2025 Bowman Chrome Shota Imanaga Gold /50
,,,2025 Bowman Chrome Shota Imanaga Auto Relic /75
,,,2025 Bowman Chrome Orange Geometric Refractor 19 Shota Imanaga 16/25
,,,SHOTA IMANAGA 2025 BOWMAN CHROME PURPLE GEOMETRIC REFRACTOR SP /250
,,,2025 Bowman - Shota Imanaga Retro Logo Foil Pattern SSP Case Hit
,,,2025 Topps Bowman Chrome Shota Imanaga #BGP-12 Garbage Pail Kids SP Cubs
,,,2025 Bowman Shota Imanaga Pink  /175 51
,,,2025 Bowman 51 Shota Imanaga  Chicago Cubs
,,,2025 Bowmanâs Best Slade Caldwell On-Card Auto B25-SC Arizona Diamondbacks
,,,2025 1st Bowman Slade Caldwell Gold Auto /50 Diamondbacks Prospect (Paper)
,,,2025 Bowman Slade Caldwell 1st Chrome  Refractor /499 Arizona Diamondbacks
,,,Slade Caldwell 2025 Bowmanâs Best Purple Mojo Refractor /250
,,,Slade Caldwell 2025 1st Bowman Chrome FUCHSIA Shimmer REFRACTOR 067/199 RC N6
,,,SLADE CALDWELL 2025 BOWMAN CHROME DRAFT PURPLE REFRACTOR /250 Q5672
,,,Slade Caldwell 2025 Bowmanâs Best Auto B25-SC
,,,2025 Topps Bowman 1st Slade Caldwell #12/75
,,,2025 Bowman Slade Caldwell Paper 1st Bowman Auto
,,,2024 Pulse Baseball Slade Caldwell Rookie Auto  36/99 Mint
,,,2025 Bowman Slade Caldwell 1st Chrome Green Refractor Auto /99
,,,2025 Bowman Chrome | SPENCER JONES | Green Reptillian #/99
,,,SPENCER JONES 2025 BOWMAN CHROME DRAFT BOWMAN LOGOFRACTOR /35
,,,2025 Bowman Spencer Jones Xfractor
,,,2025 Bowman Chrome Spencer Jones #BDC-9 Blue Refractor
,,,SPENCER JONES 2025 BOWMAN CHROME DRAFT REFRACTOR #BDC-9 YANKEES SLUGGER
,,,2025 Bowman Chrome Draft Prospect 1st Bowman #BDC-9 - Spencer Jones - Yankees!
,,,Spencer Jones 2025 Bowman Chrome Draft Green Geometric /99 #BDC-9 NY Yankees
,,,2025 Bowman Chrome Refractor Sapphire Spencer Jones BDC-9
,,,SPENCER JONES RARE BOWMAN CHROME REFRACTOR INSERT INVESTMENT CARD YANKEES
,,,Spencer Jones #/50 2025 Bowman Baseball Draft Gold Border New York Yankees
,,,2025 Bowmanâs Best Spencer Schwellenbach Rookie Auto Green Refractor /99
,,,Spencer Schwellenbach Topps Bowman Chrome Rookie Auto Refractor /499 Braves 2025
,,,2025 Bowman Chrome Spencer Schwellenbach Aqua Wave Refractor 113/199 Braves RC
,,,2025 Bowman Chrome Spencer Schwellenbach RC Blue Refractor /150 Braves Rookie
,,,Topps 2025 Bowman Best Spencer Schwellenbach Autograph Green Refractor /99
,,,2025 Bowmanâs Best - Spencer Schwellenbach - RC Best Of 2025 Auto Gold /50
,,,ð¥ð¥ð¥2025 Bowmanâs Best Spencer Schwellenbach RC Auto Orange Refractor 04/25
,,,2025 Bowmanâs Best Spencer Schwellenbach RC Auto /50 Gold Rookie Braves #02/50
,,,2025 Bowmanâs Best Spencer Schwellenbach RC Auto /50 Braves ð¥
,,,2025 Bowman Chrome Spencer Schwellenbach Mini Diamond /150 Rockstar Rookie
,,,2025 Bowman Chrome Baseball Spencer Schwellenbach Rc /150 True Blue Braves
,,,2025 Bowman Spencer Schwellenbach Rookie Auto - True Gold Chrome Refractor /50
,,,2025 Bowman Chrome Spencer Schwellenbach Rookie Pink Mojo Refractor /199 Braves
,,,2025 BOWMAN SPENCER STRIDER AUTO PAPER BRAVES
,,,PREMIUM TOPPS BOWMAN STADIUM CLUB BASEBALL CARDS SAVE UP TO 20% + FREE SHIPPING
,,,Nico Hoerner / Cade Horton / Tarik Skubal / Kevin Alcantara -------REBATES APPLY
,,,2025 Topps Archives Signature Series Spencer Strider 1st Bowman AUTO /40 Braves
,,,Spencer Strider Atlanta Braves 2025 2024 Topps Bowman Plaque 4x6 Gift
,,,2025 Topps Holiday Chrome Spencer Strider Green Refractor Sparkle/99 Braves HC75
,,,2025 Bowman Spencer Strider AUTO Green /99 Atlanta Braves
,,,"50 ct. Atlanta Braves cards, Topps Chrome, Stadium Club, Bowman Chrome and more."
,,,Spencer Strider Atlanta Braves 2025 Bowman Green Border AUTO /99
,,,2025 Topps Archives Signature Series - Spencer Strider /40 - 1st Bowman
,,,2025 Topps STARS OF MLB 35TH ANNIVERSARY GOLD DIAMONTE RAINBOW FOIL PICK A CARD!
,,,2025 Topps Archives Signature Series 2022 Bowman Spencer Strider RC /80 SEALED
,,,2025 Bowman Steven Echavarria 1st Chrome Auto
,,,2025 1ST Bowman Chrome Prospect Gold Reptilan Refractor Steven Echavarria /50 RC
,,,Steven Echavarria - 2025 Bowman Paper 1st Bowman - Neon Green Parallel 030/399
,,,2025 Bowman Chrome Baseball Steven Echavarria Green Shimmer 1st Auto /99
,,,2025 Bowman Steven Echavarria #'ed 67/125 BLUE 1st Year Parallel-A's
,,,2025 Bowman Chrome Prospects Steven Echavarria Geometric Refractor /99
,,,2025 Bowman Sapphire Steven Echavarria Green Sapphire /99 Aâs
,,,Steven Echavarria - 2025 Bowman Paper 1st Bowman - Neon Green Parallel 030/399
,,,Steven Echavarria 1st 2025 Bowman Chrome Prospect Auto Refractor Auto /499
,,,Tarik Skubal Gold Refractor /75 Tigers Pitcher Chrome Parallel
,,,2025 Bowman Tarik Skubal Customized Baseball Card Art Read Description
,,,Tarik Skubal 2025 Bowman Chrome Sapphire 95
,,,TARIK SKUBAL - 2025 Bowman - Purple Bandana - Tigers - /199
,,,2025 Bowman Tarik Skubal Mega Box Pink Refractor # /199 Tigers
,,,KEVIN MCGONIGLE 1st Chrome Spencer Torkelson /499 & Tarik Skubal RC + Bonus
,,,2025 Bowmanâs Best Tarik Skubal Black Refractor /10 Detroit Tigers
,,,2025 Bowman Chrome Mega Box Tarik Skubal Pink Mojo Refractor 05/199 Tigers
,,,2021 TOPPS SERIES ONE TARIK SKUBAL ROOKIE DETROIT TIGERS PITCHER CY YOUNG AWARD
,,,TARIK SKUBAL 2025 BOWMAN CHROME BASEBALL REFRACTOR TIGERS /499
,,,2025 Bowman Chrome Inserts
,,,"2025 Bowman Chrome Inserts VIP, Rookie of the Year, Greatness Loading, Top 100"
,,,2025 Bowman Chrome & MEGA ROY ROCKSTAR VIP TOP 100 GREATNESS LOADING PICK A CARD
,,,2025 Bowman #BMA-TL Thayron Liranzo Autographs Mojo Green Refractor #/99
,,,2025 Bowman - Thayron Liranzo [Black Mojo Refractor] #BMA-TL 02/10
,,,THAYRON LIRANZO 2025 BOWMAN CHROME DRAFT SAPPHIRE BLACK TIGERS /10
,,,2025 Bowmanâs Best Thayron Liranzo Black Refractor Auto /10 Tigers
,,,2025 Topps Bowman Chrome Autographed Thayron Liranzo
,,,2025 Topps Bowman Chrome Mega Box Autograph Thayron Liranzo Tigers #BMA-TL
,,,ðâ¾ï¸THAYRON LIRANZO 2025 Bowman Chrome Purple Mojo Auto /199 #DETROIT TIGERSâ¾ï¸ð
,,,2025 Bowman Chrome Refractor BDC-168 Thayron Liranzo Tigers
,,,THAYRON LIRANZO 2025 BOWMAN CHROME DRAFT SAPPHIRE YELLOW /75 Q4825
,,,2025 Bowmanâs Best THAYRON LIRANZO Best Of 2025 On Card Auto #B25-TL Tigers
,,,(8087) Thayron Liranzo 2025 Bowman Chrome On Card Auto Mojo Refractor RC
,,,2025 Bowmanâs Best of THAYRON LIRANZO AUTOGRAPH AUTO Tigers
,,,2025 Bowman Chrome Draft Fushia Reptilian Refractor BDC-168 Thayron Liranzo /199
,,,Thayron Liranzo 2025 Bowman Mega Box Auto BMA-TL Mojo Refractor TIGERS
,,,2025 Bowman Thayron Liranzo #BMA-TL Mojo On Card Auto GOLD /50 Tigers Prospect
,,,2025 Bowman Prospect Mega Auto THAYRON LIRANZO [Purple Mojo] #BMA-TL /199
,,,2025 Bowman #BMA-TL Thayron Liranzo Chrome Prospect Autographs Mojo Refractor
,,,2025 Bowman Best Thayron Liranzo Blue Refractor Auto 149/150 Detroit Tigers
,,,2025 Bowman Chrome - Mega Box Chrome Prospect Mojo Autographs Theo Gillen...
,,,Theo Gillen 2025 Bowman Chrome Green Grass Refractor RAYS /99
,,,2025 Bowman Chrome Sapphire Refractor BDC-121 Theo Gillen
,,,THEO GILLEN - 2025 Bowman Chrome - Blue Mojo Auto /150 #BMA-TG Rays. HOT!
,,,Theo Gillen - 2025 Bowman Chrome Draft - Blue Geometric Refractor /150 - Rays
,,,2025 Bowman Chrome Draft Sapphire Edition Theo Gillen #BDC-121 Rookie Rays
,,,2025 Bowmanâs Best Theo Gillen Theoâs Mix CD Auto 5/10
,,,2025 Bowman Chrome Theo Gillen Mojo Autograph BMA-TG
,,,2025 Bowman Chrome Mega Refractor Auto Theo Gillen Tampa Bay #BMA-TG
,,,2025 Bowman Chrome Thomas Saggese RC Auto Gold Refractor /50
,,,2025 Bowman Chrome Thomas Saggese RC Silver Refractor /499 Auto On Card Cards ð¥
,,,THOMAS SAGGESE Rookie Autograph 2025 Bowman Chrome BLUE AUTO #'d /150!!
,,,2025 Bowman Chrome Thomas Saggese 117/150 Auto Blue Refractor Rookie Card
,,,Thomas Saggese 2025 Bowman Chrome RC AUTO GREEN REFRACTOR 56/99 CDA-TOS Raw N6
,,,2025 Bowman Chrome Thomas Saggese ROY Favorites Orange Refractor /25
,,,2025 Bowman Thomas Saggese Rookie Auto /150 Cardinals
,,,2025 Bowman Thomas White Skyblue
,,,2025 Bowmanâs Best Thomas White Refractor Auto #B25-TW Marlins Prospect
,,,2025 Bowmanâs Best THOMAS WHITE Best Of 2025 On Card Refractor Auto - Marlins
,,,2025 Bowmanâs Best THOMAS WHITE Best Of 25 Blue Refractor Auto #147/150 Marlins
,,,Thomas White 2025 1st Bowman Chrome Miami Marlins RC Top Prospect True Green /99
,,,2025 Bowmanâs Best Thomas White On Card Auto True Gold Refractor /50 B25-TW
,,,2025 Bowman Chrome Prospects Gold Geometric Refractor 7/50 Thomas White 0c6r
,,,2025 Bowmanâs Best Thomas White Refractor Auto Marlins Prospect #B25-TW
,,,Thomas White Miami Marlins 2025 Bowman 1st Bowman ****
,,,2025 Bowmanâs Best Thomas White Miami Marlins Best of 2025 Auto B25-TW
,,,2025 Bowman 1st Thomas White Retro Logo Foil CASE HIT Rookie RC Marlins SSP
,,,2025 Bowmanâs Best Thomas White Miami Marlins Best of 2025 Auto B25-TW
,,,TINK HENCE 2025 BOWMAN CHROME Card GOLD REFRACTOR /50 STL Cardinals
,,,2025 Bowman Tink Hence Purple #/250
,,,2025 Bowman Chrome Mega Box Prospect Mojo Tink Hence #BMA-TH Auto
,,,2025 Bowman Chrome #BMA-TH Tink Hence Prospect Autographs Mega Mojo
,,,2025 Bowman Chrome #BMA-TH Tink Hence Prospect Autographs Mega Mojo
,,,2025 Bowman Chrome Mega Box Tink Hence Cardinals Auto  #BMA-TH
,,,2025 Bowman Sapphire Tink Hence Green Refractor /99 St. Louis Cardinals
,,,TINK HENCE 2025 BOWMAN CHROME GOLD GEOMETRIC REFRACTOR /50 Cardinals
,,,2025 Bowman Chrome #BMA-TH Tink Hence Prospect Autographs Blue Mojo /150
,,,2025 BOWMAN CHROME TINK HENCE ROOKIE  FUCHSIA REFRACTOR /199 #101 CARDINALS
,,,2025 Bowman Tink Hence Chrome Prospects Purple Geometric Refractor #/250
,,,2025 Bowman Chrome Tink Hence auto Orange /25 Mojo
,,,2025 Bowman Tink Hence Black Geometric 09/10 Cardinals
,,,2025 Bowman Chrome Tink Hence Megabox Mojo Refractor Autograph #BMA-TH
,,,Tink Hence 2025 Bowman Chrome Mojo Refractor Prospect AUTO #BMA-TH Cardinals
,,,2025 Bowman Tommy Edman Auto #/25 âTRUE ORANGEâ  (DODGERS UNI)
,,,Los Angeles Dodgers Baseball Cards
,,,2025 Topps Holiday TOMMY EDMAN 2023 Topps ORIGINAL BUYBACK GOLD FOIL STAMPED
,,,2025 Los Angeles Dodgers World Series 28 Rookie Card RC SET Yamamoto Ohtanið¥ð¥$
,,,Tommy Edman 2025 Topps Museum Auto Autograph #/10 La Dodgers MVP
,,,2025 Bowman Tommy Edman Gold Auto /50
,,,2025 Bowman Tommy Edman Rookies and Veterans Auto Purple /250
,,,2025 Bowman Paper True Orange Tommy Edman Auto /25 Dodgers
,,,2025 Bowman Tommy Edman Auto- Purple 031/250 SP Auto- Dodgers
,,,Topps 2025 Bowman Tommy Edman Dodgers Autographed Stadium Club
,,,Topps 2025 Bowman Tommy Edman Autograph Serial Numbered   /149 #AA-TE Dodgers
,,,"2025 TOPPS SERIES 1 BASEBALL RC'S AND COMMONS BASE ""FINISH YOUR SET"" YOU CHOOSE"
,,,2025 Bowman - Rookies and Veterans Retail Autographs Tommy Edman Blue /150 (AU)
,,,2022 Topps Bowman Chrome Draft Jacob Misiorowski Asia Mega Refractors 1st
,,,2025 Bowman - Paper Rookies and Veterans Retail Autographs Tommy Edman
,,,2025Bowman- Paper Rookies and Veterans Retail Autographs Tommy Edman #PRV-T (AU)
,,,Tommy Edman - 2025 MLB Topps NOWÂ® - Card 4
,,,ð¥ 2025 Topps #214 Tommy Edman SPRING TRAINING SP
,,,TOMMY TROY 2025 BOWMAN CHROME DRAFT RED LAVA DIAMONDBACKS /5
,,,Topps 2025 Bowman Chrome Gold Tommy Troy  /50 BDC-36 Arizona Diamondbacks
,,,Topps Bowman Chrome Draft Sapphire Tommy Troy Gold #BDC-36 /50 Diamondbacks 2025
,,,2025 Bowman Chrome Draft Sapphire Tommy Troy Gold /50 RC BDC-36 Dbacks
,,,2025 Bowman Chrome Tommy Troy # BDC - 36
,,,2025 Bowman Tommy Troy # BD - 36
,,,2025 bowman chrome tommy troy blue refractor /150
,,,2025 Bowman Tomoyuki Sugano Sky Blue 418/499 Rookie Baltimore Orioles
,,,2025 Bowman Tomoyuki Sugano Retro Logo Foil SSP Baltimore Orioles RC Rookie Card
,,,2025 Bowman Chrome Tomoyuki Sugano RC Red Rookie Redemption ~ Orioles
,,,2025 Bowman Yellow Paper Tomoyuki Sugano Rc Numbered 14/75
,,,ð¥2025 Bowman Chrome Prospect Autographs Travis Bazzana Speckle Refractor /299
,,,2025 Bowman - Chrome Prospects Travis Bazzana  Yellow Wave Refractor /75 (RC)
,,,2025 Bowman - Mega Futures Travis Bazzana #BMF-14 Cleveland Guardians
,,,Travis Bazzana - 2025 Bowman Chrome Green Grass Refractor /99
,,,Travis Bazzana 2025 Bowman Chrome Prospects Mega Box Blue Mojo Refractor 094/150
,,,2025 Bowman Sapphire Travis Bazzana Selections Gold Refractor #/50 Guardians
,,,Travis Bazzana - 2025 Bowman Chrome Prospects - Speckle Refractor - /299
,,,Travis Bazzana 2025 Bowmanâs Best Refractor Auto Cleveland Guardians
,,,Travis Bazzana On-Card Autoâ¼ï¸ /299â¼ï¸ 2025 Bowman Chrome Speckle Refractor
,,,Travis Bazzana Cleveland Guardians 2025 Bowman Prospect ****
,,,Travis Bazzana 2025 Bowmanâs Best Refractor Auto Cleveland Guardians
,,,2025 Bowman Travis Bazzana VIP auto /25
,,,2025 Bowman Chrome | Travis Bazzana | Prospect Orange Reptilian Auto 25/25
,,,2025 BOWMAN CHROME BLUE LUNAR REFRACTOR AUTO 50/150 TRAVIS SYKORA COLOR MATCH RC
,,,2025 Bowman Chrome - Mega Box Chrome Prospect Mojo Autographs Travis Sykora...
,,,TRAVIS SYKORA 2025 BOWMAN CHROME DRAFT GREEN GEOMETRIC /99 Q2491
,,,2025 Bowman Chrome Travis Sykora Mojo Refractor Auto #BMA-TS Nationals SP
,,,2025 Bowman Chrome Draft Travis Sykora Orange /25
,,,2025 Bowman Travis Sykora All America Game On Card Auto /199 AA-TS
,,,Bowman 2025 Chrome Mojo Auto Travis Sykora Nationals Green Refractor /99 BMA-TS
,,,2025 bowman baseball Trea Turner Paper Fuchsia /299
,,,2025 Bowman Trea Turner /50 gold refractor
,,,2025 Bowman Trea Turner Purple Bandana Parallel #28/199 Philadelphia Phillies
,,,TREA TURNER 2025 BOWMAN CHROME FUCHSIA WAVE PHILLIES #114 /299
,,,TREA TURNER 2025 Bowman Chrome /299 Fuchsia Refractor SP Philadelphia Phillies
,,,(7903) Trea Turner #47/50 2025 Bowman Chrome Gold Refractor Phillies
,,,2025 bowman chrome sapphire trea turner gold refractor /50
,,,2025 Bowman  Trea Turner Purple  244/250 Phillies
,,,2025 Bowman Chrome Trea Turner True Blue Refractor /150 Phillies
,,,Trea Turner 2025 Bowman Chrome Ray Wave Aqua Refractor /199 Phillies
,,,2025 Bowman Rookie & Veteran Autograph Green Border #PRVTSA Trey Sweeney  14/99
,,,TREY SWEENEY 2025 BOWMAN CHROME ROOKIES GOLD GEOMETRIC TIGERS RC /50
,,,Trey Sweeney 2025 Bowman Chrome #061/125 Rookie Of Year Favorites Aqua Die Cut
,,,2025 Bowman Rookie and Veteran Autographs Green Border #PRVTSA Trey Sweeney /99
,,,2025 Bowman Baseball Trey Sweeney (RC) Rockstar Green /99 Detroit Tigers
,,,2025 Bowman Chrome Trey Sweeney Rookie Card 09/50 Gold Refractor
,,,2025 Bowman Chrome Trey Sweeney True Gold Refractor Rookie Auto /50
,,,2025 Bowman - Trey Sweeney Orange Rookie Autograph /25 ð
,,,2025 Bowman Chrome Trey Sweeney RC Gold Geometric Refractor Rookie #/50 Tigers
,,,2025 Bowman - Trey Sweeney Orange Rookie Autograph /25
,,,Trey Sweeney 2025 Bowman Chrome Fuchsia Wave #/299 Detroit Tigers
,,,Trey Yesavage HOLO 100 REFRACTOR BOWMAN CHROME BLUE JAYS MINT WORLD SERIES
,,,Trey Yesavage 2024 1st Bowman Chrome BDC & 2025 Topps Pro Debut Blue Jays OFFER?
,,,Trey Yesavage 69/75 ROOKIE ORANGE DOT REFRACTOR BLUE JAYS WORLD SERIES MINT
,,,2026 Panini USA Trey Yesavage Gold Auto /10 Prizm Stars Stripes
,,,2025 Topps Archives Signature Series TRISTON CASAS AUTO /25 2020 Bowman
,,,Triston Casas Topps 2025 Archives Signature Series Bowman Chrome /10 Redsox
,,,TRISTON CASAS 2025 Bowman GREEN ~ Red Sox #'d /99
,,,2025 Bowman Purple Bandana Pattern #/199 Triston Casas Boston Red Sox
,,,Triston Casas 2025 Bowman 36
,,,2025 Bowman Paper TRISTON CASAS Neon Green Parallel #36 /399
,,,2025 Bowman Tsung-Che Cheng 1st Green Shimmer Chrome Refractor Auto /99
,,,TSUNG-CHE CHENG 2025 Bowman Purple Mega Mojo- Pirates - /250
,,,Tsung-Che Cheng 2025 Bowman Chrome Refractor Autograph.  126/499
,,,TSUNG-CHE CHENG 2025 Bowman 1st Bowman Gold Mojo Chrome Refractor /50 Pirates
,,,TSUNG-CHE CHENG Pirates 2025 BOWMAN CHROME 1ST AUTOGRAPH PURPLE AUTO /250 SP
,,,2025 Bowman Tsung-Che Cheng Chrome Refractor Aqua X-Fractor 1st Prospect #/125
,,,2025 Bowman Tsung-Che Cheng 1st Bowman Speckle
,,,2025 Bowman Tsung-Che Cheng Yellow Refractor Auto 18/75 Pirates
,,,2025 Tsung-Che Cheng 1st Bowman Chrome Purple Refractor /250 Pirates
,,,2025 Bowman Chrome 1st  Tsung-Che Cheng Refractor Auto /499
,,,2025 Topps Bowman Paper prospects TSUNG-CHE CHENG green pattern /99
,,,TSUNG-CHE CHENG 2025 BOWMAN CHROME 1ST FUCHSIA WAVE PIRATES /199 Q3409
,,,2025 Bowman Chrome 1st Tsung-Che Cheng Blue Wave Refractor /150
,,,2025 Bowman Chrome Sapphire Baseball Tsung-Che Cheng Yellow /75
,,,2025 Bowman Chrome Sapphire Tsung-Che Cheng Green /99
,,,2025 Bowman Chrome Draft Tsung-Che Cheng Gold Geometric /50
,,,2025 Bowman Tyler Black Red Auto /5 Milwaukee Brewers AU
,,,2025 Bowman - Paper Rookies and Veterans Retail Autographs Tyler Black...
,,,2025 Bowman - Paper Rookies and Veterans Retail Autographs Tyler Black...
,,,2025 Bowman - Retail Autographs Tyler Black...089/250
,,,2025 Bowman Tyler Black Rookies and Veterans Auto Gold Border #/50! Nice! ð¥â¾ï¸
,,,2025 BOWMAN CHROME U TYLER HENDRICKS 1ST BOWMAN BLACK WAVE
,,,2025 Bowman Tyler Black Auto Blue /150
,,,2025 Topps Bowman Tyler Black Auto Paper Purple /250
,,,2025 Bowman - Paper Rookies and Veterans Retail Autographs Tyler Black...
,,,2025 Bowman - Paper Rookies and Veterans Retail Autographs Tyler Black...
,,,2025 Topps Bowman Auto Paper Tyler Black Brewers Purple #/250
,,,Tyler Black 2024 Bowman Bowmanâs Best Refractor Milwaukee Brewers RC
,,,2025 Bowman - Paper Rookies and Veterans Retail Autographs Tyler Black...
,,,2025 Topps Bowman Auto Paper Tyler Black Milwaukee Brewers BLUE #/150
,,,TYLER BREMNER 2025 BOWMAN CHROME DRAFT ACHROMATIC GREEN AUTO 23/99
,,,2025 Topps Bowman Auto Paper Tyler Black Milwaukee Brewers BLUE #/150
,,,2025 Topps Bowman Tyler Black Blue Paper Auto /150 SP | Milwaukee Brewers
,,,2024-2025 Bowman Crome U Tyler Hendricks 1st Bowman BLACK WAVE - NM
,,,2025 Bowman Tyler Black PROSPECT PAPER Auto MILWAUKEE Brewers
,,,2025 Bowman TYLER BLACK Blue AUTO 40/150 Brewers
,,,2025 Bowman Tyler Black Auto Blue /150
,,,2025 Bowman - Seattle Mariners BUY 2 GET 3 FREE!
,,,2025 Bowman Chrome Tyler Locklear RC True Blue Refractor Auto /150 Diamondbacks
,,,2025 Bowman Chrome Tyler Locklear Rookie Gold /50
,,,2025 Bowman Chrome Tyler Locklear Rookie Auto RC Gold Refractor #14/50 Mariners
,,,2025 Bowman Chrome Tyler Locklear RC True Green Rookie Auto 69/99 DBacks Mariner
,,,Tyler Locklear - 2025 Bowman Paper Rookie - Magenta Parallel 149/299
,,,2025 Bowman Tyler Locklear 93 RC Paper /250 Arizona Diamondbacks
,,,2025 Bowman Chrome Tyler Locklear Rookie Auto RC Refractor SP /499 Mariners
,,,Tyler Locklear    2025 Bowman Chrome RC Auto   175/499
,,,2025 Bowman Chrome Tyler Locklear 102/499 Auto Refractor Rookie Card Mariners
,,,Tyler Locklear 2025 Bowman Seattle Mariners #/150 Rookie Blue
,,,Tyler Locklear 2025 Bowman Chrome RC AUTO Rookie TRUE GOLD REFRACTOR 22/50 i6
,,,2025 Bowman Chrome Tyler Locklear RC Gold Auto /50
,,,2025 Bowman Chrome Refractor Tyler Locklear Mariners RC Rookie AUTO 207/499 â¾ï¸â¾ï¸
,,,2025 Bowman Chrome Tyler Locklear Refractor Auto /499 RC Mariners
,,,2025 Bowman Chrome Tyler Locklear RC Blue Paisley /125
,,,Victor Rodrigues 2025 Bowman Chrome 1st Speckle Refractor Autograph #/299
,,,2025 BOWMAN VICTOR RODRIGUES CHROME 1ST SPECKLE REFRACTOR /299 AUTO AUTOGRAPH
,,,2025 Bowman Victor Rodrigues TRUE PURPLE 1st Bowman Auto 133/250! ð¥LA Dodgers
,,,2025 Bowman Victor Rodrigues Chrome Fuchsia Wave Refractor 1st /199 Dodgers
,,,2025 Bowman Chrome 1st Victor Rodrigues True Green Refractor Auto /99
,,,VICTOR RODRIGUES 2025 BOWMAN CHROME MINI DIAMOND REFRACTOR AUTO RC #/100 BG1278
,,,2025 Bowman Chrome 1st VICTOR RODRIGUES GREEN GEOMETRIC REFRACTOR/99
,,,2025 Bowman Chrome Prospects Victor Rodrigues Purple Geometric #78/250
,,,2025 Bowman Victor Rodrigues Chrome Blue Shimmer Refractor 1st /150
,,,2025 Bowman #1/25 VICTOR SCOTT II Orange Paper Auto  CARDINALS 1/25 Card #1/25
,,,2025 Topps Bowman Victor Scott II Green Paper Auto /99
,,,2025 Bowman VICTOR SCOTT II  Auto /50 - St Louis Cardinals
,,,2025 Topps Bowman Victor Scott II Green Paper Auto /99 RC Cardinals
,,,2025 Bowman Victor Scott II Auto /50 St. Louis Cardinals
,,,2025 Topps Bowman Victor Scott II Rookies Veterans Gold Autograph /50 Auto
,,,2025-2026 Topps Parallel/ Refractor/  #'d Cards Complete Your Sets!
,,,2025 Bowman Best Victor  Scott Auto B24-vs 44/150
,,,"2025 St. Louis Cardinals Base Cards from Various Sets, Choose a Card."
,,,2025 Bowman Prospect Auto Victor Scott II Green 9/99 Cardinals
,,,2025 Bowman - Paper Rookies and Veterans Retail Autographs Victor Scott II...
,,,2025 Bowman Chrome Vladimir Guerrero Jr Patch Auto Game Used Gold /50 #BCAR-VG
,,,2025 Bowman Chrome Baseball - Vladimir Guerrero Jr. Purple Geometric SP #042/250
,,,VLADIMIR GUERRERO JR. RARE REFRACTOR Holo INVESTMENT Card Chrome BLUE JAYS MINT
,,,2025 Bowman Chrome - Vladimir Guerrero Jr. - Blue Geometric Refractor /150
,,,Vladimir Guerrero Jr. 2025 Bowman Chrome Fuchsia Refractor #/299
,,,Bo Bichette & Vladimir Guerrero Jr 2017 Bowman Prospect PreâRookie Cards 2025 ML
,,,2025 Bowman Chrome Vladimir Guerrero Jr. Teal Geometric /125
,,,Vladimir Guerrero Jr. 2025 Bowman PURPLE PATTERN /199 ð¥ Blue Jays SP
,,,2025 Bowman Chrome Vladimir Guerrero Jr Blue Geometric Refractor /150 Blue Jays
,,,2025 Bowman VLADIMIR GUERRERO JR. Fuchsia /299! - Toronto Blue Jays
,,,2025 Bowman Chrome Vladimir Guerrero Jr Yellow Mojo Refractor /75 Toronto...
,,,Vladimir Guerrero Jr 2025 Bowman Retro Logo Foil SSP Case Hit Blue Jays Star
,,,Walker Janek SIGNED 2025 Bowman Prospects 1st RC IP AUTO Houston Astros
,,,2025 Bowman Chrome Prospects Walker Janek Purple Geometric Refractor /250
,,,2025 Bowmanâs Best - Walker Janek Purple Refractor Auto /75 Astros #B25-WJA
,,,2025 Bowman Chrome Prospects Green Geometric Refractor /99 Walker Janek #BDC-45
,,,ð«WALKER JANEK 2025 Bowman Chrome 1st Fuchsia Refractor /199 #HOUSTON ASTROS!ð«
,,,Walker Janek 2025 Bowman Chrome 1st Mojo Refractor Donruss Liberty & Green Lazer
,,,2025 Topps Bowman Chrome Prospect Walker Janek /99 Green Refractor Astros C118
,,,2025 Bowman Chrome Prospect Auto Blue Mojo #BMA-WJA Walker Janek /150
,,,WALKER JANEK 2025 Bowman 1st Chrome SPECKLE AUTO /299 Astros RCðð ð¥HOTð¥
,,,WALKER JANEK 2025 Bowman 1st Chrome MEGA BOX MOJO Auto Astros RCðð ð¥HOTð¥
,,,WALKER JANEK 2025 Bowman 1st Chrome MINI DIAMOND Auto /100 Astros RCðð ð¥HOTð¥
,,,WALKER JANEK 2025 Bowman 1st Chrome BLUE X FRACTOR Auto/150 Astros RCððð¥HOTð¥
,,,2025 Bowmanâs Best Walker Janek #B25-WJA Best of 2025 Auto - Astros
,,,2025 Bowman Chrome 1st Walker Janek Auto
,,,2025 Bowman Chrome - Walker Janek - 1st Bowman Chrome Prospect Autograph Astros
,,,2025 Bowman Chrome Mega Box Walker Janek Autograph BMA-WJA
,,,2025 Bowman Chrome Walker Janek 1st Prospect Yellow Refractor Auto #/75 Astros
,,,2025 Bowman Chrome Prospect Walker Janek 1st Bowman Card Refractor /499 (RC)
,,,2025 Bowman Chrome - Mojo Auto Walker Janek #BMA-WJA Blue Refractor /150
,,,2025 Bowman Chrome Draft Sapphire Edition - Walker Janek #BDC-45 (RC)
,,,2025 Bowman Chrome Draft Steel Metal Refractor #BDC-45 Walker Janek 33/100
,,,2025 Bowman Chrome #BMA-WJA Walker Janek Purple Mojo Auto /199
,,,2025 Bowman Walker Jenkins Black /10 Twins Prospect
,,,2025 Bowmanâs Best Walker Jenkins Auto Refractor #B25-WJ
,,,2025 BOWMAN CHROME MEGA BOX CHROME PROSPECTS AUTOGRAPHS GREEN WALKER JENKINS
,,,2025 Bowman #BMF-11 Walker Jenkins Mega Futures
,,,2025 Bowman Chrome Prospect Autograph ~â­WALKER JENKINSâ­ ãOnâï¸Card AUTOã~TWINSð
,,,2025 Bowman Chrome Walker Jenkins Purple Mojo Auto /199
,,,2025 Bowmanâs Best Walker Jenkins Auto /250 Best Performance
,,,WALKER JENKINS 2025 BOWMAN CHROME GREATNESS LOADING MINI DIAMOND /150 TWINS
,,,2025 Bowman Chrome Walker Jenkins #BDC-199 Green Grass /99 Minnesota Twins RC
,,,2025 Bowman Best Walker Jenkins Autograph  Best Performances 73/250 Twins
,,,2025 Bowman Walker Jenkins /125 Blue Paisley Parallel
,,,2025 Bowman Baseball Scouts Top 100 Prospects Insert - You Choose - Free S&H!
,,,2025 Bowman Chrome Inserts
,,,"2025 Bowman Chrome Inserts VIP, Rookie of the Year, Greatness Loading, Top 100"
,,,2025 Bowman Top 100 Prospects Chrome (Individual Card Selection)
,,,2025 Bowman Chrome WEN-HUI PAN Phillies Gold Shimmer Refractor 1st Auto SP /50
,,,Wen-Hui Pan 2025 Bowman Chrome 1st Bowman Reptilian Refractor - Phillies
,,,Wen-Hui Pan 2025 Bowman Chrome 1st Gold Reptilian Refractor /50 Phillies
,,,2025 Bowman Chrome Gold Wen-Hui Pan Auto 1st Bowman
,,,2025 Bowman Chrome Prospect  Wen-Hui Pan Blue /150
,,,2025 Bowman Chrome Wen-Hui Pan 1st Bowman Auto Phillies
,,,2025 Bowman Wen-Hui Pan Green Geometric /99 1st Bowman!
,,,2025 Bowman Chrome Prospect Wen-Hui Pan Auto 06/25 Orange Wave
,,,2025 Bowman Baseball Wen-Hui Pan Pink Paper Parallel /175 1st Bowman Phillies
,,,2025 Bowman Chrome - WEN -HUI PAN Wave Refractor 1st Bowman /350 #BDC-6
,,,2025 Bowman Chrome Wen-Hui Pan 1st  Bowman GOLD Shimmer Refractor /50 Phillies
,,,2025 Bowman Will Simpson 1st Bowman Rose Gold /15! Mint
,,,2025 Bowman Sapphire Will Simpson Chrome Yellow Refractor 1st /75
,,,WILL SIMPSON 2025 BOWMAN CHROME 1ST YELLOW XFRACTOR /75 Q4534
,,,2025 Bowman Will Simpson Chrome Fuchsia Wave Refractor /199 1st ATHLETICS QQ
,,,Will Simpson 2025 First Bowman Chrome Green Shimmer Refractor Auto /99
,,,2025 Bowman Will Simpson Chrome Prospect Auto /25 True Orange 1st
,,,2025 Bowman Will Simpson Chrome  Autographs HTA Choice Refractor /150
,,,"2025 Bowman - Chrome Prospect Auto Will Simpson Speckle Refractor /299 (AU, RC)"
,,,2025 BOWMAN!  WILL SIMPSON!  1ST BOWMAN!  ON-CARD AUTO!  BLUE X-FRACTOR!  #/150!
,,,2025 Bowman Chrome Will Simpson 1st Bowman Fuchsia Refractor /299 Athletics
,,,2025 Bowman Chrome Will Simpson #'ed 76/399 LAVA Refractor 1st Year RC-A's
,,,Will Simpson Red Lava /5! 2025 Bowman Baseball 1st Bowman Very Rare SP!
,,,2025 Bowmanâs Best Will Smith True Black /10 Dodgers 23
,,,Will SMITH RED /5 2025 BOWMAN See Description for Condition Details LA DODGERS
,,,2025 Bowmanâs Best Will Smith Purple Mojo Refractor /250 Dodgers ð¥
,,,2025 Bowmanâs Best Will Smith /75 Refractor Los Angeles Dodgers
,,,2025 Bowman Best - Will Smith Los Angeles Dodgers True Refractor
,,,2025 Bowmanâs Best Will Smith /250 Purple Refractor LA Dodgers
,,,2025 Bowman - Milwaukee Brewers BUY 2 GET 3 FREE!
,,,2025 Bowman William Contreras PINK #47/175 Brewers
,,,2025 Bowman William Contreras Purple Parallel #'d 233/250
,,,2025 Bowman William Contreras Sky Blue Parallel Base Card! /499!
,,,William Contreras base 2025 Bowman 70 NM
,,,William Contreras /199 2025 Bowman Baseball Purple Pattern Parallel Padres 70
,,,2025 Bowman First Willy Adames /399 Neon Green GIANTS (B149)
,,,2025 Bowman Chrome Willy Adames True Orange ð/25
,,,Topps Bunt 2025 WILLY ADAMES FROZEN ð¥¶ MEGA PACK Limited Legendary 10cc
,,,2025 Bowman Chrome Steel Metal Mojo Willy Adames 33/100 Giants
,,,WILLY ADAMES TOPPS 2025 BOWMAN CHROME LIMITED CARD 240/250
,,,2025 Bowman Willy Adames Bowman Retro Logo Variation Case Hit San Francisco
,,,2025 Bowman Chrome Willy Adames Orange 5/25 - A0024
,,,2025 Bowman Chrome Willy Adames /399 Pulsar Refractor San Francisco Giants
,,,2025 Bowman Willy Adames 60 Sky Blue /499 Parallel SP Short Print Giants
,,,2025 Bowman Willy Adames Purple /299 San Francisco!
,,,2025 Bowman Chrome - Willy Adames Geometric Refractor /499
,,,2025 1st Bowman - Winston Santos Auto Refractor /75
,,,2025 Bowman Winston Santos Chrome Black Geometric Refractor /10 1st Rangers
,,,2025 Bowman Chrome - Winston Santos - 1st Bowman - Lava 290/399 - Rangers Rookie
,,,2025 Bowman WINSTON SANTOS 1st Bowman Chrome Prospect Auto
,,,2025 Bowman Winston Santos Blue Raywave #/150 Refractor 1st Bowman Rangers
,,,ð¥WINSTON SANTOS 2025 Bowman Chrome 1st Gold Shimmer Auto /50 #TEXAS RANGERS!ð¥
,,,Winston Santos 2025 Bowman Baseball Chrome 1st Orange Wave Auto /25 Rangers MLB
,,,2025 Bowman Chrome Winston Santos True Blue 1st Autograph /150 Rangers
,,,Winston Santos 2025 1st Bowman Chrome AUTO CHOICE REFRACTOR 086/150 Rangers W6
,,,2025 Bowman Chrome WINSTON SANTOS 1st Fuchsia Reptilian #âd /199 SP! *Rangers
,,,2025 Bowman Sapphire Winston Santos Chrome Green 1st #/99 Rangers
,,,Winston Santos AUTO 2025 Bowman 1st Chrome Prospect Texas Rangers
,,,Winston Santos 1st /250 2025 Bowman Chrome True Purple Refractor Rangers B7
,,,2025 Bowman Chrome Baseball Wyatt Langford Autograph Relic /25
,,,2025 BOWMAN WYATT LANGFORD GREEN /399 TEXAS RANGERS
,,,2025 Bowman Chrome Baseball Wyatt Langford Autograph Relic /25
,,,2025 Bowman Chrome Sapphire Wyatt Langford Gold Refractor /50
,,,2025 Bowman Chrome Wyatt Langford Yellow Refractor 75
,,,2025 Bowmanâs Best Wyatt Langford Best Performance Auto /150
,,,2025 Bowman - Paper Rookies and Veterans Retail Autographs Xavier Edwards...
,,,2025 BOWMAN CHROME - XAVIER EDWARDS PROSPECT
,,,2025 Bowman Paper Rookies and Veterans Retail Blue 96/150 Xavier Edwards Auto
,,,2025 Bowman Xavier Edwards #PRC-XE Autograph - Miami Marlins
,,,2024 Baseball Team Pack Marlins 20 Card Pack Mike Stanton + 2025 Topps Series 1
,,,2025 Bowman - Paper Rookies and Veterans Retail Autographs Xavier Edwards...
,,,2025 Bowman - Paper Rookies and Veterans Retail Autographs Xavier Edwards...
,,,2025 Bowman Paper Rookies Veterans Retail Autographs Xavier Edwards Green /99
,,,ð¥ 2025 Topps Chrome Xavier Edwards Prism Refractor #115
,,,2025 Bowman Xavier Edwards Paper Rookies and Veterans Autographs BLUE /150
,,,2025 Bowman Xavier Edwards Green SP # 68/99 Auto Marlins Autograph
,,,2025 BowmanXavier Edwards auto /50
,,,2025 Bowman - Paper Rookies and Veterans Retail Autographs Xavier Edwards...
,,,2025 Bowman Xavier Edwards Base Auto Miami Marlins
,,,2025 Bowman - Paper Rookies and Veterans Retail Autographs Xavier Edwards Miami
,,,2025 Bowman - Paper Rookies and Veterans Retail Autographs Xavier Edwards
,,,Xavier Edwards 2025 Bowman Autograph Auto Miami Marlins
,,,2025 Xavier Edwards Bowman Gold Paper Auto /50 Marlins
,,,2025 Bowman - Paper Rookies and Veterans Retail Autographs Xavier Edwards...
,,,2025 Bowman - Paper Rookies and Veterans Retail Autographs Xavier Edwards...
,,,2025 Topps Series 1 Baseball Spring Training Foil Xavier Edwards #258 Miami
,,,2025 Bowman - Xavier Edwards Auto /250
,,,2025 Bowman Xavier Edwards Autographs Purple #/250
,,,Xavier Edwards 2025 Topps Stadium Club Members Only Case Hit + Red #107 Marlins
,,,2025 Bowman Chrome Top Prospects Xavier Isaac Green 32/99 Tampa Bay Rays
,,,Yeremi Cabrera Topps 2025 Bowman Prospects Mega Auto Orange Mojo 25/25 BMA-YCA
,,,"2025 Bowman Chrome 1st Yeremi Cabrera True Green 42/99 Nationals, Texas Prospect"
,,,2025 Bowman Yeremi Cabrera Chrome Auto Blue X-Fractor /150 1st Prospect Rangers
,,,2025 Bowman Sapphire Yeremi Cabrera Chrome Auto /199 1st Prospect Rangers
,,,YEREMI CABRERA 2025 BOWMAN CHROME PROSPECTS WAVE REFRACTOR RC 274/350 TEXAS
,,,2025 Bowman Sapphire Yeremi Cabrera 1st Bowman Chrome Sapphire Auto /199
,,,Yeremi Cabrera 2025 Bowman Chrome Mega Box Green Refractor Auto /99 #BMA-YCA
,,,Yeremi Cabrera 2025 Bowman 1st Blue Paper /150 Rangers
,,,2025 Bowman Yeremi Cabrera Chrome Purple Refractor 1st #29/250 Rangers
,,,2025 Bowman Chrome Yeremi Cabrera 1st Bowman Speckle Refractor /299 Rangersâ¾â¾ð¥
,,,2025 Bowman Chrome Prospects Yeremi Cabrera Purple Ray Wave Refractor /250
,,,2025 Topps Bowman Chrome Yeremi Cabrera Speckle Refractor /299 1st Bowman Rookie
,,,YEREMI CABRERA 2025 Bowman Chrome 1st Purple Refractor #143/250 Rangers
,,,Yeremi Cabrera Ip Signed 1st Bowman Chrome 2025 Bowman Nationals Prospect GTP
,,,2025 Bowman Yeremy Yeremi Cabrera 1st Chrome Blue Refractor Auto /150
,,,2025 Bowman Chrome Prospect Speckle Refractor /299 Yeremy Cabrera Yeremi Auto
,,,2025 Bowman Chrome Sapphire Yeremi Cabrera Auto /199 Rangers 1st  #CPS-YC
,,,2025 Bowman Yeremi Cabrera 1st Chrome Prospects Gold Lava Refractor Auto /50
,,,2025 Bowman Yophery Rodriguez Chrome Auto Refractor /499 1st Prospect Brewers
,,,2025  Yophery Rodriguez Bowman Chrome Prospects  1st Auto. Purple Ref.  /250
,,,2025 Bowman Yophery Rodriguez 1st Chrome Mini Diamond Refractor Auto /100
,,,ð¥2025 Bowman Chrome - Yophery Rodriguez 1st Bowman Green Grass Refractor /99
,,,ð¥2025 Bowman Sapphire - Yophery Rodriguez 1st Bowman Green Refractor /99
,,,2025 Bowman Chrome Yophery Rodriguez 1st Bowman Blue Shimmer /150
,,,2025 Bowman Chrome 1st Mini Diamond Refractor /100 Auto Yophery Rodriguez
,,,2025 Bowman Yophery Rodriguez Chrome  Red Geometric 5/5
,,,Yophery Rodriguez Auto Chrome Prospects Auto /299 Speckle Refractor 2025 Bowman
,,,2025 Bowman Chrome Mega Box Yophery Rodriguez Red Mojo Auto /5 #BMA-YR Red Sox
,,,2025 Bowman Chrome Baseball Yophery Rodriguez Wave Refractor /350
,,,Yophery Rodriguez 2025 Bowman Chrome Orange Shimmer Refractor Auto 1st RC /25
,,,2025 Bowman Yophery Rodriguez 1st Chrome Sapphire Auto /199 RED SOX
,,,2025 Bowman Mega Mojo Yophery Rodriguez 1st Pink Refractor /199
,,,2025 Bowman Chrome Yophery Rodriguez #BMA-YR Rookie Autograph Mojo
,,,2025 Bowman Chrome Yordan Alvarez /299 Fuchsia Refractor Houston Astros â¾ï¸
,,,Yordan Alvarez - 2025 Bowman Chrome - True Yellow Refractor /75 - Houston Astros
,,,2025 Bowman Chrome Yordan Alvarez Yordan Alvarez Mega pink  /199 Astros
,,,Yordan Alvarez - 2025 Bowman Chrome - Blue Geometric Refractor 030/150 - Astros
,,,2025 Bowman Chrome Yordan Alvarez Yellow Refractor #/75 Astros
,,,2025 Bowman Chrome Aqua Geometric YORDAN ALVAREZ ASTROS /125
,,,2025 Bowman Chrome /125 Aqua Geometric  Yordan Alvarez
,,,2025 Bowman Chrome Yordan Alvarez /299 Fuchsia Refractor Houston Astros
,,,YORDAN ALVAREZ 2025 BOWMAN CHROME VETERANS TRUE BLUE REFRACTOR /150
,,,Topps 2025 Bowman Yordan Alvarez Blue Pattern Houston Astros #25  /125 Baseball
,,,ð¥Yordan Alvarez 2025 Bowman Chrome Mega Yellow Refractor /75 Astros
,,,2025 Bowman Chrome Yordan Alvarez Blue /150
,,,YOSHINOBU YAMAMOTO 2025 BOWMAN CHROME MEGA BOX MOJO REFRACTOR DODGERS QQ
,,,2025 Bowman Yoshinobu Yamamoto Purple Paper /250
,,,2025 Bowman Yoshinobu Yamamoto Purple Pattern #/199
,,,2025 Bowman Yoshinobu Yamamoto Retro Logo Foil SSP - Dodgers Case Hit
,,,YOSHINOBU YAMAMOTO RARE BLUE CRACKED ICE REFRACTOR SP DODGERS CHROME MINT
,,,Topps 2025 Bowman Chrome Pulsar Yoshinobu Yamamoto Dodgers #76 /399
,,,2025 Bowman Chrome Yoshinobu Yamamoto Mosaic Teal /125
,,,2025 Bowman Yu-Min Lin Chrome Refractor Aqua Shimmer 1st #/125
,,,Bowman 2025 Yu-Min Lin 1st Bowman Rose Gold Refractor 01/15 Diamondbacks
,,,2025 Bowman YU-MIN LIN 1st Bowman Retro Logo Foil SSP
,,,2025 Bowman Chrome 1st Prospect - Yu-Min Lin Purple Refractor /250 DBacks
,,,2025 Bowman Yu-Min Lin Chrome 1st Orange Geometric Refractor /25 - Diamondbacks
,,,Topps 2025 Bowman Sapphire Yu-Min Lin D-backs Chrome Prospects Gold /50 RC
,,,Yu-Min Lin- 2025 Bowman 1st Prospect Blue /150
,,,2025 Bowman Chrome 1st Yu-Min Lin Blue /150 Diamondbacks - #BC-27
,,,2025 Bowman Chrome 1st Yu-Min Lin Orange Reptilian Refractor /25
,,,2025 Bowman Chrome Yu-Min Lin Arizona Diamondbacks Black Geo. Refractor 01/10
,,,Yu-Min Lin 2025 Bowman Orange Border 1st Prospect Card 12/25
,,,2025 Bowman Chrome Prospects 1st Refractor Yu-Min Lin Numbered 012/499
,,,2025 Bowman 1st Yu-Min Lin Purple /299
,,,2025 Bowman Chrome Yu-Min Lin Signed Blue Reptiallian /150 MANDARIN AUTOGRAPH B
,,,2025 Bowman Chrome Yu-Min Lin Signed Reptiallian MANDARIN AUTOGRAPH
,,,2025 Bowmanâs Best Los Angeles Angels Zach Neto Black  /10 ð¥
,,,2025 Bowman Chrome Zach Neto Blue wave /150 - Angels
,,,2025 bowman chrome green wave zach neto /99 angels
,,,Zach Neto - 2025 Bowman Chrome - Silver Pulsar Refractor /399 - LA Angels
,,,2025 Bowman Best Baseball Zach Neto Purple /250 Angels
,,,2025 Zach Neto Bowman Chrome Sapphire Edition Orange Refractor/25
,,,2025 Bowman Chrome Zach Neto Gold Geometric /50 ð¥
,,,2025 Bowman Zack Showalter 1st bowman Rose Gold /15
,,,2025 Bowman Chrome Zack Showalter Gold Sapphire Refractor /50 Cardinals FY
,,,2025 Bowman Zack Showalter Purple Refractor /250
,,,2025 Bowman Chrome Zack Showalter Green Grass Refractor /99
,,,Zack Showalter 2025 Bowman 1st Bowman Purple #52/250
,,,2025 Bowman Chrome ZACK SHOWALTER GREEN GEOMETRIC REFRACTOR CARDINALS /99 N4924
,,,2025 Bowman Chrome Zack Showalter (RC) 1st Bowman Reptilian Cardinals
,,,2025 Bowman Zack Wheeler Gold Boarder #45 /50
,,,2025 Bowman Zach Wheeler Retro Logo Short Print
,,,2025 Bowman Zack Wheeler Blue Pattern /125
,,,2025 Topps Archives Zack Wheeler RC ROOKIE Auto SP #/10 2013 Bowman Platinum
,,,2025 Bowman Chrome Baseball - Zack Wheeler Green Refractor SP #25/99
,,,2025 Bowman Chrome Zack Wheeler Refractor 037/499
,,,Zack Wheeler 2025 Bowman Chrome Green Wave #/99 Philadelphia Phillies
,,,2025 Bowman Chrome Green  Zack Wheeler /99
,,,2025 Bowman Zack Wheeler 45 Fuchsia Paper /299 Philadelphia Phillies
,,,2025 Bowman Chrome Baseball ZACK WHEELER Green Geometric Refractor /99
,,,2025 Bowman Chrome 72 Zack Wheeler  Pulsar Refractor /399 Philadelphia Phillies
,,,2025 bowman Chrome baseball Zack Wheeler SP Orange Geometric /25 Phillies
,,,2025 Bowman Zack Wheeler #'ed 362/399 LIME GREEN Parallel-PHILLIES
,,,2025 Bowman Chrome Zack Wheeler Green Geometric /99
,,,2025 Bowman Zack Wheeler 189/199 Purple Pattern PHILLIES
,,,2025 Bowman Chrome Zyhir Hope True Green Refractor Auto #93/99 Dodgers
,,,2025 Bowman Chrome ZYHIR HOPE Green Grass Refractor /99 Auto Autograph DODGERS
,,,2025 Bowman Zyhir Hope Chrome Prospect Auto Yellow Refractor #/75 Dodgers
,,,2025 Bowman Chrome Auto Refractor Zyhir Hope 335/499
,,,Zyhir Hope 2025 Bowmanâs Best Auto /10 Best Mix CD BMA-ZH ð¥ LA Dodgers
,,,2025 Bowman Zyhir Hope Auto Yellow Refractor 1st #/75
,,,2025 Bowman Chrome Zyhir Hope Auto
,,,2025 Bowman - Chrome Prospect Autographs Zyhir Hope /299 Speckle Refractor Auto
38,,,2025 Bowman Best Aaron Judge #38 Refractor New York  Yankees
38,,,Aaron Judge 2025 Bowmanâs Best Refractor Parallel #38 New York Yankees
BP-26,,,2025 Bowman Adrian Del Castillo #BP-26 Green Pattern Paper Parallel /99 W/REDRC
91,,,2025 Bowman Chrome #91 Agustin Ramirez RC Red Rookie Variation
91,,,2025 Bowman Chrome Agustin Ramirez (RC) Pulsar Refractor /399 #91 Miami Marlins
91,,,2025 Bowman Chrome #91 Agustin Ramirez Geometric #/499
91,,,"2025 Bowman Chrome - Agustin Ramirez, Agustin Ramirez #91 Gold Geometric..."
91,,,2025 Bowman Chrome AGUSTIN RAMIREZ Red Rookie Refractor Miami Marlins #91 (RC)
91,,,2025 Bowman Chrome Agustin Ramirez RC #91 Black Refractor /10 Miami Marlinsð¥ð¥
16,,,2025 Bowman Best- Agustin Ramirez Aqua Refractor /199 (RC) (SP) #16
91,,,ð¥ Agustin Ramirez 2025 Bowman Chrome Aqua Raywave RC /199 Marlins #91
91,,,2025 Bowman Chrome #91 Agustin Ramirez Pulsar #/399
91,,,2025 Bowman Chrome - Agustin Ramirez #91 Aqua Raywave Refractor /199 (RC)
16,,,2025 Bowmanâs Best Agustin Ramirez #16 Refractor (RC)
91,,,2025 BOWMAN CHROME #91 AGUSTIN RAMIREZ YELLOW 54/75  ROOKIE RC MIAMI MARLINS
91,,,Topps 2025 Bowman Chrome Sapphire Agustin Ramirez Marlins #91 Yellow /75 Rookie
16,,,2025 Bowmanâs Best Agustin Ramirez #16 Refractor (RC)
BCP-55,,,2025 Bowman Chrome AIDAN MILLER #BCP-55 TRUE BLUE /150
BCP-45,,,2025 Bowman Chrome Aidan Smith Green Refractor RC #BCP-45 13/99 Mariners/Rays
BP-126,,,2025 Bowman 1st #BP-126 Fuschia /299 Alejandro Rosario Texas Rangers
BCP-109,,,2025 Bowman Chrome Prospects Aron Estrada #BCP-109 Chrome
4,,,2025 Bowman Chrome Baseball Asbel Gonzalez 1st Bowman Yellow X-Fractor /75 #4
25,,,2025 Bowman #25 Austin Riley Chrome Mojo Refractor
25,,,2025 Bowman Chrome Fuchsia Mojo Refractor Austin Riley 299/299 #25
25,,,Austin Riley 2025 Bowman Chrome Mega Box Mojo Refractor #25 Atlanta Braves
25,,,Austin Riley 2025 Bowman Chrome Purple Mojo Refractor /250 #25 Atlanta Braves
25,,,2025 Bowman #25 Austin Riley Chrome Mojo Refractor
25,,,2025 Bowman - Austin Riley #25 Chrome Mojo Refractor
25,,,2025 Bowman Austin Riley #25 Chrome Mojo Refractor Atlanta Braves
25,,,2025 Bowman - Austin Riley #25 Chrome Yellow Mojo Refractor /75
25,,,2025 Bowman Chrome Mojo Refractor Austin Riley #25 Braves
25,,,Austin Riley 2025 Bowman Chrome Mojo Burgundy Refractor /275 Braves #25
25,,,2025 Bowman - Austin Riley #25 Chrome Blue Mojo Refractor 150/150
25,,,2025 Bowman Mega Mojo Refractor #25 Austin Riley Atlanta Braves
25,,,2025 Bowman Chrome Megabox Austin Riley #25 Fuchsia Mojo Refractor /299
25,,,2025 Topps Bowman  Mojo  / #25 Austin Riley
25,,,2025 Bowman Chrome Austin Riley Aqua Mojo Refractor /125 #25
25,,,2025 Bowman - Austin Riley #25 Orange /25
25,,,2025 Bowman Chrome Megabox Austin Riley #25 Fuchsia Mojo Refractor /299
25,,,2025 Bowman Chrome Megabox Austin Riley #25 Fuchsia Mojo Refractor /299
25,,,2025 Bowman - Austin Riley #25 Chrome Mojo Refractor
56,,,ð¥Bo Bichette 2025 Bowman Chrome #56 Blue Refractor 129/150 Blue Jays
56,,,ð¥Bo Bichette 2025 Bowman Chrome #56 Geometric 265/499 Blue Jays
56,,,ð¥Bo Bichette 2025 Bowman Chrome #56 Geometric 245/499 Blue Jays
56,,,ð¥Bo Bichette 2025 Bowman Chrome #56 Geometric 277/499 Blue Jays
56,,,ð¥Bo Bichette 2025 Bowman Chrome #56 Refractor 248/499 Blue Jays
56,,,2025 Bowman Chrome #56 Bo Bichette Blue Mojo #/150
56,,,Bo Bichette - 2025 Bowman Chrome Aqua Mojo Refractor /299 #56 FREE SHIPPING!!
56,,,"2025 Bowman Chrome - Bo Bichette, Bo Bichette #56 Purple Geometric Refractor..."
56,,,Bo Bichette 2025 Bowman Chrome #56 Blue Geometric 086/150 Blue Jays
56,,,2025 Bowman Chrome: #56 Bo Bichette Blue Geometric Refractor #âd /150
56,,,2025 Bowman Chrome Bo Bichette #56 Green Geometric Toronto Blue Jays #/99
56,,,Topps Bowman Chrome 2025 Bo Bichette #56 Aqua Geometric Refractor /125 Blue Jays
56,,,Bo Bichette - 2025 Bowman Chrome Rose gold 1/1 Refractor  #56
56,,,2025 Bowman Chrome Bo Bichette Refractor /499 Blue Jays #56
69,,,2025 Bowmanâs Best Bobby Witt Jr #69 Royals Mini Diamond Refractor /299
69,,,2025 Bowmanâs Best Bobby Witt Jr. #69 Blue X-Fractor #/150 Kansas City Royals
69,,,2025 Bowmanâs Best Bobby Witt Jr. Refractor #69 Kansas City Royals
92,,,2024 PANINI PROSPECTS Brandon Sproat #92 ROOKIE NEW YORK METS BASEBALL INSERT
1,,,#1 UPDATED!ð¥ALL SETS  2024 SEASON TOPPS BASEBALL PARALLEL & INSERTSð¥
80,,,2025 Bowman Chrome Brett Baty #80 Mojo Refractor New York Mets
BP-66,,,2025 Bowman Bryan Reynolds #BP-66 ORANGE #15 /25 Pittsburgh Pirates
37,,,2025 Bowman Chrome - Bryce Harper #37 Blue Wave Refractor /150
37,,,2025 Bowman Chrome Bryce Harper #37 Aqua Geometric Refractor /125 R
37,,,"2025 Bowman Chrome - Bryce Harper, Bryce Harper #37 Gold Refractor /50"
37,,,2025 Bowman Chrome - Bryce Harper #37 Phillies
65,,,Bryce Harper 2025 Bowmanâs Best Prism Wave Refractor #65
37,,,Topps 2025 Bowman Chrome Bryce Harper #37 Serial Numbered /100 Phillies MLB
65,,,2025 Bowmanâs Best BRYCE HARPER Yellow Refractor Parallel /75 Phillies #65
37,,,2025 Bowman Chrome Base Bryce Harper Philadelphia Phillies #37
37,,,2025 Bowman Chrome #37 Bryce Harper Geometric #/499
BCP-39,,,2025 Bowman Bryce Rainer 1/1 Cyan Printing Plate #BCP-39
10,,,2025 Bowman Chrome Sapphire Edition - Cade Horton #10 (RC)
10,,,2025 Bowman Chrome #10 Cade Horton Rookie RC
12,,,2026 Topps Flagship Cade Horton Orange #12 Chicago Cubs Exclusive /25 (RC) RARE
10,,,2025 Bowman Chrome Refractor 229/499 Cade Horton #10 RC Chicago Cubs
10,,,Cade Horton 2025 Bowman Chrome #10 Black Refractor /10 Rookie RC Cubs
10,,,2025 Bowman Chrome Cade Horton Red RC Variation Rookie #10 Cubs
10,,,2025 Bowman Chrome Sapphire Cade Horton #10 (RC)
10,,,"2025 Bowman Chrome - Cade Horton, Cade Horton #10 Geometric Refractor /499 (RC)"
10,,,"2025 Bowman Chrome - Cade Horton, Cade Horton #10 Aqua Geometric Refractor /125"
10,,,2025 Bowman Chrome - Cade Horton  #10 Aqua Geometric Refractor /125 (RC)
10,,,Cade Horton 2025 Bowman Chrome Red Rookie Redemption Card #10 Chicago Cubs RC
10,,,2025 BOWMAN CHROME CADE HORTON GEOMETRIC REFRACTOR ROOKIE RC /499 #10 CUBS
10,,,Bowman 2025 Chrome Cade Horton #10 Green Wave Refractor Rookie /99 Cubs MLB
10,,,2025 Bowman Chrome Cade Horton #10 Fuchsia Wave Refractor /299 (RC)
10,,,2025 Bowman Chrome Cade Horton #10 Gold Geometric Refractor /50 Rookie Cubs
10,,,2025 Bowman Chrome Cade Horton RC Gold Geometric Refractor Rookie /50 CUBS #10
10,,,2025 Bowman Chrome Cade Horton #10 Fuchsia Wave Refractor /299 (RC) Cubs SP
77,,,2025 Bowman Chrome Cam Smith #77 Aqua Geometric Refractor Rookie RC /125 Astros
77,,,Cam Smith 2025 Bowman Chrome Sapphire RC #77 Yellow /75
77,,,2025 Bowman Chrome Wave Cam Smith Rookie #77 #/100 Houston Astros RC
77,,,"2025 Bowman Chrome Cam Smith, Cam Smith #77 Etched in Glass Variation (RC)"
77,,,"2025 Bowman Chrome - Cam Smith, Cam Smith #77 Geometric Refractor /499 (RC)"
77,,,2025 Bowman Chrome Refractor /499 Cam Smith Rookie #77 Houston Astros RC
29,,,2025 Bowmanâs Best Cam Smith RC Lazer Refractor 297/350 Astros #29 Rookie
77,,,2025 Bowman Chrome Sapphire Edition - Cam Smith #77 (RC)
77,,,2025 Bowman Chrome - Rookie Image Variation Cam Smith #77 (RC)
77,,,2025 Bowman Chrome #77 Cam Smith Fuchsia Wave #/299
77,,,2025 Bowman Chrome - Cam Smith #77 Blue Wave Refractor /150 (RC)
50,,,2025 Bowmanâs Best Carlos Correa Gold Lava Refractor /50 Houston Astros #50
54,,,2025 Bowman Chrome - Carlos Correa #54 Fuchsia Wave Refractor /299
50,,,2025 Bowmanâs Best Carlos Correa #50 Mini Diamond Refractor /299
54,,,Carlos Correa 2025 Bowman Chrome Gold Refractor /50 #54 Twins
54,,,2025 Bowman Chrome Black Refractor /10 Carlos Correa #54 SSP
50,,,2025 Bowmanâs Best Carlos Correa Blue Xfractor /150 #50 Astros
54,,,"2025 Bowman Chrome - Carlos Correa, Carlos Correa #54 Purple Geometric Refractor"
54,,,2025 Bowman Chrome Carlos Correa #54 Yellow Refractor /75 Minnesota Twins
54,,,2025 Bowman Chrome #54 Carlos Correa Purple Geometric #/250
54,,,"2025 Bowman Chrome - Carlos Correa, Carlos Correa #54 Orange 05/25."
54,,,2025 Bowman Chrome Sapphire Edition - Carlos Correa #54 - Twins
54,,,2025 Bowman Chrome - Carlos Correa #54 Blue Refractor /150 Minnesota Twins
54,,,"2025 Bowman Chrome - Carlos Correa, Carlos Correa #54 Geometric Refractor /499"
50,,,2025 Bowmanâs Best Carlos Correa Refractor #50
BP-10,,,Carson Williams 2025 Bowmanâs Best Best Performance Mini Diamond #BP-10 Rays
99,,,2025 CEDDANNE RAFAELA BOWMAN BASE #99 (RED SOX)
BP-103,,,"Chase DeLauter 2024 Blue Ice, 2025 Donruss RP, 2023 Bowman BP-103, BCP-103"
70,,,2025 Bowman Chrome CHRISTIAN YELICH Orange Refractor #70 10/25 BREWERS
70,,,2025 Bowman Chrome #70 Christian Yelich Pulsar #/399
70,,,2025 Bowman Chrome Christian Yelich #70 Refractor /499
70,,,2025 Bowman Chrome Christian Yelich #70 Aqua Geometric /125 Brewers
70,,,"2025 Bowman Chrome - Christian Yelich, Christian Yelich #70 Purple Geometric..."
70,,,âï¸2025 Christian Yelich #d 032/150âï¸ Bowman Chrome Geometric Refractor #70 RARE!
70,,,Christian Yelich 2025 Bowman Chrome Pulsar Refractor 222/399 #70 Brewers
70,,,"2025 Bowman Chrome - Christian Yelich, Christian Yelich #70 Refractor /499"
70,,,Topps 2025 Bowman Chrome Sapphire Christian Yelich #70 Yellow /75 Brewers
70,,,2025 Bowman Chrome Christian Yelich Geometric Refractor /499 #70 Brewers
70,,,2025 Christian Yelich Bowman Chrome  Pulsar /399 Milwaukee Brewers #70
70,,,2025 Bowman Chrome Green Wave Refractor CHRISTIAN YELICH 34/99 #70
70,,,2025 Bowman Chrome #70 Christian Yelich Yellow #/75
70,,,2025 Bowman Chrome - Christian Yelich #70 Red Geometric Refractor /5
70,,,2025 Bowman Chrome Sapphire Edition #70 Christian Yelich Gold Sapphire #/50
70,,,"2025 Bowman Chrome - Christian Yelich, #70 Green Wave Refractor /99"
70,,,2025 Bowman Chrome Christian Yelich #70 Refractor /499 Brewers
70,,,2025 Bowman Chrome Christian Yelich Refractor /499 #70 Milwaukee Brewers
70,,,2025 Bowman Chrome #70 Christian Yelich Pulsar #/399
70,,,Christian Yelich /150 2025 Bowman Chrome #70 Blue Geometric Brewers B7
20,,,ð¥CJ Abrams 2025 Bowman Chrome Sapphire #20 Gold  Refractor 30/50 Nationals SP
20,,,Topps 2025 Bowman Chrome CJ Abrams #20 Aqua Raywave Refractor /199 Nationals
20,,,2025 Bowman Chrome Sapphire CJ Abrams #20 Black Refractor SSP /10
20,,,CJ Abrams 2025 Bowman Chrome #20 Refractor Washington Nationals #/499
20,,,2025 Bowman Chrome - C.J. Abrams #20 Refractor /499
20,,,2025 Bowman Chrome #20 CJ Abrams
20,,,2025 Bowman Chrome CJ Abrams Refractor /499 #20 Washington Nationals
20,,,2025 Bowman Chrome CJ Abrams Sapphire Edition #20 Washington Nationals Qty Avail
20,,,2025 Bowman Chrome - C.J. Abrams #20 Refractor /499
20,,,2025 Bowman Chrome - CJ Abrams - #20 Gold Refractor /50 - Washington Nationals
20,,,2025 Bowman Chrome #20 CJ Abrams Blue Wave #/150
20,,,CJ Abrams 2025 Bowman Chrome Blue Refractor 080/150 #20 Washington Nationals
20,,,2025 Bowman Chrome #20 CJ Abrams Blue Wave #/150
20,,,Topps. 2025 Bowman Chrome Sapphire CJ Abrams #20 Orange /25 Nationals
20,,,2025 Bowman Chrome #20 CJ Abrams Pulsar #/399
20,,,"2025 Bowman Chrome - C.J. Abrams, C.J. Abrams #20 Blue Geometric Refractor /150"
20,,,CJ ABRAMS - 2025 Bowman Chrome #20 Aqua Raywave Refractor /199
20,,,CJ Abrams 2025 Bowman Chrome Wave Refractor /100 #20
20,,,2025 Bowman Chrome #20 CJ Abrams Aqua Raywave #/199
20,,,2025 Bowman Chrome #20 CJ Abrams Wave #/100
20,,,"2025 Bowman Chrome - C.J. Abrams, C.J. Abrams #20 Yellow Refractor /75"
83,,,2025 BOWMAN CHROME COBY MAYO #83 ROOKIE GREEN REFRACTOR 61/99 BALTIMORE ORIOLES
83,,,2025 Bowman Chrome #83 Coby Mayo Mojo Refractor
83,,,Coby Mayo 2025 Bowman Chrome RED Rookie Refractor RC Baltimore Orioles #83
83,,,2025 Bowman Chrome Coby Mayo RC Aqua Raywave /199 Baltimore Orioles #83
2,,,"2025 Bowman Coby Mayo ANIME Insert RC SP #2, Baltimore Orioles"
83,,,"Coby Mayo Yellow Refractors RC /75, 2025 Bowman Chrome Sapphire #83"
83,,,2025 Bowman Chrome Coby Mayo Pulsar Refractor /399 Orioles #83 RC
83,,,2025 Bowman Chrome Mojo Refractors #83 RC Coby Mayo Baltimore Orioles
83,,,2025 Bowman Chrome Coby Mayo RC #83 Mojo Refractor Baltimore Orioles
83,,,2025 Bowman â¢ Coby Mayo RC #83 Green Wave /99 â¢ Baltimore  Orioles
83,,,"2025 Bowman Chrome - Coby Mayo, Coby Mayo #83 Refractor /499 (RC)"
83,,,2025 Bowman Chrome - Coby Mayo #83 Pink Mojo Refractor /199 (RC)
83,,,2025 Bowman Chrome Baseball Coby Mayo Rc Teal Refractor /125 #83
83,,,2025 Bowman Chrome - Coby Mayo #83 Refractor /499 (RC) Baltimore Orioles
78,,,2025 Bowman Chrome - Cody Bellinger #78 Green Geometric /99
78,,,2025 Bowman Chrome Sapphire Cody Bellinger #78 Yankees
78,,,"2025 Bowman Chrome - Cody Bellinger, Cody Bellinger #78 Green Refractor /99"
78,,,2025 Bowman Chrome - Cody Bellinger #78 Pulsar Refractor /399
78,,,2025 Bowman Chrome Cody Bellinger #78 Gold /50
78,,,2025 Bowman Chrome Cody Bellinger Green Wave  /99 #78 NY Yankees
78,,,2025 Bowman Chrome Cody Bellinger #78 GREEN WAVE REFRACTOR /99 NY YANKEES NYY SP
78,,,2025 Bowman Chrome CODY BELLINGER Geometric Refractor #78 NY YANKEES â¨ SP /499
80,,,2025 Topps Holiday Buyback #80 Cody Bellinger 2021 Bowman Los Angeles Dodgers
78,,,"2025 Bowman Chrome - Cody Bellinger, Cody Bellinger #78 True Green Refractor /99"
78,,,2025 Bowman Chrome Cody Bellinger #78 Fuchsia Refractor /299 Yankees
78,,,2025 Bowman Chrome - Cody Bellinger #78 Pulsar Refractor /399
78,,,2025 Bowman Chrome Cody Bellinger /100 Refractor Yankees #78
78,,,2025 Bowman Chrome #78 Cody Bellinger Fuchsia Refractor /299 Yankees
78,,,"2025 Bowman Chrome - Cody Bellinger, Cody Bellinger #78 Refractor /499"
78,,,2025 Bowman Chrome Cody Bellinger Pulsar Refractor /399 #78 Yankees
78,,,Cody Bellinger 2025 Bowman Chrome #78 Blue Refractor #/150 NYY Yankees
78,,,2025 BOWMAN CHROME CODY BELLINGER NEW YORK YANKEES #78 TRADING CARD
78,,,CODY BELLINGER 2025 Bowman Chrome Orange Refractor /25 New York Yankees #78
78,,,2025 Bowman Chrome Cody Bellinger #78 Green Wave Refractor /99 New York Yankees
78,,,2025 Bowman Chrome CODY BELLINGER #78 YELLOW REFRACTOR/75
78,,,"2025 Bowman Chrome Cody Bellinger, Cody Bellinger #78 Fuchsia Refractor /299"
31,,,Colton Cowser 2024 Bowman Chrome Mojo RC #31 & 2025 Topps Holiday #H157 Orioles
31,,,2024 Bowman Chrome Colton Cowser RC Mojo Refractor #31 Baltimore Orioles
BCP-144,,,ToppsColton Cowser Bowman Chrome BCP-144 On Card Auto /50 Archive Series Orioles
31,,,2025 Bowman Mega Box COLTON COWSER #31 RC Rookie Card Chrome Mojo Refractor
33,,,8/10 COLTON COWSER RC AUTO 2025 Topps Archives Signature Series #33 2024 BOWMAN
CPA-CC,,,2025 Bowman Chrome Baseball Conrad Cason 1st Speckle Autograph 170/299 #CPA-CC
85,,,Corbin Carroll 2025 Bowman Chrome Geometric /499 Card #85 Diamondbacks
85,,,2025 Bowman Chrome #85 Corbin Carroll Geometric #/499
85,,,2025 Bowman Chrome #85 Corbin Carroll Purple Geometric #/250
85,,,Corbin Carroll 2025 Bowman Chrome Sapphire Edition SP #85
8,,,Corbin Carroll 2025 Bowmanâs Best Wave Parallel Card Arizona diamondbacks #8
8,,,2025 Bowmanâs Best Corbin Carroll #8 Lazer Refractor /350 Diamondbacks
85,,,2025 Bowman Chrome Blue Geometric Refractor Corbin Carroll #85 Diamondbacks /150
8,,,2025 Bowmanâs Best Corbin Carroll #8
8,,,2025 Bowmanâs Best Corbin Carroll #8 Refractor
85,,,2025 Bowman - Corbin Carroll #85 Chrome Mega Box Mojo Refractor
45,,,2025 Bowman Chrome Corey Seager 006/499 Geometric Refractor #45 Texas Rangers â¾ï¸
45,,,ð¥Corey Seager 2025 Bowman Chrome #45 Pulsar Refractor 229/399 Rangers
45,,,ð¥Corey Seager 2025 Bowman Chrome #45 True Blue âColor Matchâ 097/150 Rangers
1,,,Corey Seager 2025 Bowmanâs Best - Orange Refractor /25 #1 Texas Rangers
45,,,"2025 Bowman Chrome - Corey Seager, Corey Seager #45 Geometric Refractor 477 /499"
45,,,2025 Bowman Chrome Corey Seager #45 Refractor /499 Texas Rangers Basbeall Mlb
1,,,2025 Bowmanâs Best - Corey Seager Orange Refractor /25 #1 Texas Rangers
45,,,2025 Bowman Chrome - Corey Seager #45 Blue Wave Refractor /150
45,,,2025 Bowman Chrome #45 Corey Seager Wave #/100
45,,,2025 Bowman Chrome #45 Corey Seager Orange /25  Geometric Refractor  Rangers
100,,,2025 Bowman Chrome Dalton Rushing Blue Wave /150 Dodgers Card #100 Los Angeles
100,,,Dalton Rushing 2025 Bowman Chrome Rookie Card #100 Los Angeles Dodgers
100,,,Dalton Rushing RC 2025 Bowman Chrome #100 Red Rookie Redempton SP MINT ðð
33,,,2025 Bowmans Beat Dalton Rushing Rookie SP Color Match #33 Serial Numbered /150
100,,,2025 Bowman Chrome Sapphire Dalton Rushing #100 RC Dodgers
100,,,2025 Bowman Chrome Baseball RC Dalton Rushing #100 Dodgers
100,,,2025 Bowman Chrome Dalton Rushing #100 Geometric Refractor /499 Dodgers
100,,,2025 Bowman Chrome - Dalton Rushing #100 Green Refractor /99 (RC)
100,,,2025 Bowman Chrome Sapphire Edition #100 Dalton Rushing Rookie
100,,,Dalton Rushing (RC) Red Rookie Variation Refractor 2025 Bowman Chrome #100
100,,,2025 Bowman Chrome Dalton Rushing RC Green Refractor /99 #100
21,,,2025 Topps Allen & Ginter Derek Jeter Chrome #21 Yankees
3,,,DEREK JETER (3) 2025 STADIUM CLUB #172 2004 BOWMAN CHROME #3 2011 TOPPS CHROME
18,,,2025 Bowmanâs Best Roki Sasaki Yellow /75 Laser Rc #18
BCP-45,,,2022 Bowman Chrome JULIO RODRIGUEZ /75 Yellow Mini Diamond  #BCP-45 Prospect
75,,,2025 Bowman Chrome #75 Drake Baldwin Green #/99
75,,,2025 Bowman Chrome Red RC Variation #75 Drake Baldwin RC
75,,,DRAKE BALDWIN 2025 BOWMAN CHROME ROOKIE RED LOGO REDEMPTION RC #75 Q1048
75,,,"2025 Bowman Chrome - Drake Baldwin, Drake Baldwin #75 Fuchsia Refractor /299"
75,,,2025 Bowman Chrome Drake Baldwin Short Print Image Variation #75 RC Braves
75,,,2025 Bowman Chrome Sapphire Edition - Drake Baldwin #75 (RC) Atlanta Braves
75,,,2025 BOWMAN CHROME DRAKE BALDWIN RED ROOKIE LOGO REFRACTOR #75
75,,,2025 Bowman Chrome #75 Drake Baldwin RC Image Variation SP Atlanta Braves
75,,,"2025 Bowman Chrome Drake Baldwin, Drake Baldwin #75 Refractor /499 (RC)"
75,,,2025 Bowman Chrome - Drake Baldwin #75 Sp Rookie Red Rc Variation (RC)
75,,,2025 Bowman Chrome - Rookie Image Variation Drake Baldwin #75 (RC)
75,,,2025 Bowman Chrome Drake Baldwin Mojo Refractor #75 Rookie RC Braves
75,,,2025 Bowman Chrome Drake Baldwin..SP RED RC. Card #75
75,,,2025 Bowman Chrome Red RC Variation #75 Drake Baldwin RC
75,,,2025 Bowman #75 Drake Baldwin Rookie Card RC Red Redemption Chrome Braves
BCP-16,,,2025 Bowman Drew Gilbert Chrome Prospect #BCP-16
ROY-3,,,2025 Bowman Chrome - ROTY Drew Romo Mega Mojo RC #ROY-3
3,,,2025 Bowman Chrome #3 Dylan Crews Rookie Washington Nationals Mojo Refractors
3,,,2025 Bowman Chrome Sapphire Edition #3 Dylan Crews
3,,,2025 Bowman Chrome Sapphire Edition Image Variation Dylan Crews #3 Gold /50 (RC)
27,,,2025 Bowmanâs Best Dylan Crews #27 Purple Refractor /250 (RC)
3,,,2025 Bowman Chrome #3 Dylan Crews Fuchsia #/299
3,,,2025 Bowman Chrome - Image Variation Dylan Crews #3 RC Nationals
3,,,Dylan Crews 2025 Bowman Chrome #3 Purple Mojo Refractor /250 Rookie Nationals
3,,,"2025 Bowman Chrome - Dylan Crews, Dylan Crews #3 Refractor Red RC"
3,,,2025 Bowman #3 Dylan Crews Etched in Glass Case Hit!
3,,,2025 Bowman Chrome Dylan Crews #7/10 True Black Refractor RC #3 Rookie
3,,,2025 Bowman Chrome #3 Dylan Crews Image Variation
3,,,2025 Bowman Chrome Sapphire Dylan Crews Rookie #3 Washington Nationals
3,,,2025 Bowman Chrome Sapphire Edition - Image Variation Dylan Crews #3 Orange /25
3,,,2025 Bowman Chrome #3 Dylan Crews Blue Wave #/150
88,,,"2025 Bowman Chrome - Edgar Quero, Edgar Quero #88 Refractor /499 (RC)"
88,,,2025 Bowman Chrome #88 Edgar Quero RC Red Rookie Variation
88,,,2025 Bowman Chrome Edgar Quero RC Fuchsia /299 #88 Chicago White Sox
88,,,2025 Bowman Chrome - Edgar Quero #88 Sp Rookie Red Rc Variation (RC)
88,,,"2025 Bowman Chrome - Edgar Quero, Edgar Quero #88 Geometric Refractor /499 (RC)"
88,,,2025 Bowman Chrome - Edgar Quero #88 Sp Rookie Red Rc Variation (RC)
88,,,2025 Bowman Chrome Sapphire Edgar Quero RC Chicago White Sox #88
88,,,"2025 Bowman Chrome - Edgar Quero, Edgar Quero #88 Geometric Refractor /499 (RC)"
88,,,2025 Bowman Chrome Sapphire Edgar Quero Yellow /75 #88 RC â White Sox Rookie
88,,,2025 Bowman Chrome Edgar Quero RC Refractor /399 #88 â White Sox C
88,,,"2025 Bowman Chrome - Edgar Quero, Edgar Quero #88 Green Refractor /99 (RC)"
88,,,Edgar Quero 2025 Bowman Chrome RC Refractor #88
88,,,Edgar Quero 2025 Bowman Chrome RC Refractor B #88
88,,,2025 Bowman Chrome - Edgar Quero RC #88 Blue Geometric Refractor 11/150
CPA-EQ,,,Edgar Quero 2025 Bowman Chrome Auto #CPA-EQ Red Refractor RC
88,,,2025 Bowman Chrome #88 Edgar Quero Fuchsia Wave Refractor Rookie SP #205/299
37,,,2025 Bowmanâs Best ELLY DE LA CRUZ Refractor #37
37,,,2025 Bowman Best - Elly De La Cruz - Aqua Refractor /199 #37 - REDS
89,,,2025 Bowman Sapphire Edition - Elly De La Cruz #89 *Free Shipping*
89,,,2025 Bowman Chrome - Elly De La Cruz #89 Aqua Geometric Refractor /125
89,,,2025 Bowman Chrome - Elly De La Cruz #89 Pink Mojo Refractor /199
89,,,Topps 2025 Bowman Chrome Elly De La Cruz #89 RedsNumbered 117/499
89,,,"2025 Bowman Chrome - Elly De La Cruz, #89 Fuchsia Refractor /299"
89,,,Elly De La Cruz 2025 Bowman Chrome Baseball Mojo Refractor #89 Reds
39,,,2025 Bowman #39 Eury PÃ©rez
39,,,2025 Bowman #39 Eury PÃ©rez
39,,,2025 Bowman #39 Eury PÃ©rez
39,,,2025 Bowman #39 Eury PÃ©rez Miami Marlins 54577
39,,,2025 Bowman #39 Eury PÃ©rez Miami Marlins 54508
39,,,2025 Bowman #39 Eury PÃ©rez
39,,,2025 Bowman #39 Eury PÃ©rez
39,,,2025 Bowman #39 Eury PÃ©rez
39,,,2025 Bowman #39 Eury PÃ©rez
39,,,2025 Bowman #39 Eury PÃ©rez
39,,,2025 Bowman #39 Eury PÃ©rez Purple #/250
39,,,2025 Bowman #39 Eury PÃ©rez *Fresh from Pack!*
39,,,2025 Bowman #39 Eury PÃ©rez Green #/99
39,,,2025 Bowman #39 Eury PÃ©rez
39,,,2025 Bowman #39 Eury PÃ©rez
39,,,2025 Bowman #39 Eury PÃ©rez
39,,,2025 Bowman #39 Eury PÃ©rez
39,,,2025 Bowman #39 Eury PÃ©rez Blue #/150
39,,,Eury PÃ©rez 2025 Bowman Purple Pattern #39 SN Miami Marlins
39,,,2025 Bowman #39 Eury PÃ©rez
39,,,2025 Bowman #39 Eury PÃ©rez Yellow #/75
39,,,Eury PÃ©rez 2025 Bowman #39 Miami Marlins
39,,,2025 Bowman #39 Eury PÃ©rez Sky Blue #/499
39,,,2025 Bowman #39 Eury PÃ©rez
39,,,2025 Bowman #39 Eury PÃ©rez
39,,,Topps 2025 Bowman Eury PÃ©rez #39  CASE HIT ROOKIE BLACK BANDANA /10
39,,,Eury PÃ©rez 2025 Bowman #39 Miami Marlins MLB READ FREE SHIPPING AutographDen
39,,,2025 Bowman #39 Eury PÃ©rez Sky Blue #/499
ROY-12,,,2024 Bowman Chrome Evan Carter Of the Year Favorites Mojo Green Rookie #ROY-12
46,,,2025 Bowman Evan Carter #46 (RC) Blue /150
65,,,2025 Topps Archives Signature Series Evan Carter #65 2024 Bowman Chrome30/35PSA8
46,,,Evan Carter - 2025 Bowman Rookie Card #46 (RC)
87,,,Ezequiel Tovar 2025 Bowman Chrome Pulsar /399 Card #87 Rockies
87,,,Ezequiel Tovar 2025 Bowman Chrome Pulsar /399 Card #87 Rockies
87,,,"2025 Bowman Chrome - Ezequiel Tovar, Ezequiel Tovar #87 Green Refractor /99"
87,,,2025 Bowman Chrome - Ezequiel Tovar #87 Purple Geometric /250 Color Match
87,,,"2025 Bowman Chrome - Ezequiel Tovar, Ezequiel Tovar #87 Geometric Refractor /499"
87,,,Ezequiel Tovar 2025 Bowman Chrome BLUE REFRACTOR 007/150 Rockies #87
87,,,2025 Bowman Chrome - Ezequiel Tovar #87 Rockies
87,,,2025 Bowman Chrome Purple Geometric Ezequiel Tovar 221/250 #87
87,,,"2025 Bowman Chrome - Ezequiel Tovar, Ezequiel Tovar #87 Purple Geometric..."
87,,,2025 Bowman Chrome Ezequiel Tovar Refractor /499 #87 Rockies
87,,,Ezequiel Tovar 2025 Bowman Chrome #87 7 of 10 Rainbow Geometric Refractors
87,,,2025 Bowman Chrome Ezequiel Tovar #87 Purple Geometric Refractor 157/250
87,,,2025 Bowman Chrome #87 Ezequiel Tovar Blue Wave #/150
87,,,"2025 Bowman Chrome - Ezequiel Tovar, Ezequiel Tovar #87 Blue Geometric Refractor"
87,,,2025 Bowman Chrome #87 Ezequiel Tovar Refractor #/499
87,,,2025 Bowman Chrome - Ezequiel Tovar #87 Purple Geometric /250
87,,,2025 Bowman Chrome Ezequiel Tovar Fuchsia Wave Refractor /299 #87
87,,,2025 Bowman Chrome Ezequiel Tovar Green Wave /99 Colorado Rockies #87
8,,,Fernando Tatis Jr 2025 Topps Bowman Chrome Baseball Mojo #8
8,,,2025 Bowman Chrome #8 Fernando Tatis Jr. Aqua Mojo #/299
8,,,2025 Bowman Chrome Geometric Fernando Tatis Jr. 225/499 #8
54,,,"2025 Bowmanâs Best Baseball #54 Fernando Tatis Jr., San Diego Padres"
54,,,Fernando Tatis Jr. 2025 Bowmanâs Best #54 Wave Refractor
59,,,2025 Topps Bowman Chrome FRANCISCO LINDOR #59 Green Geometric /99 Refractor
59,,,2025 Bowman Chrome - Francisco Lindor #59 Aqua Raywave Refractor /199
59,,,2025 Bowman Chrome - Francisco Lindor #59 Blue Mojo Refractor /150
59,,,2025 Bowman Chrome - Francisco Lindor #59 Aqua Raywave Refractor 68/199
59,,,2025 Bowman Chrome - Francisco Lindor Mojo Orange Refractor #59 11/25 METS
59,,,Francisco Lindor 2025 Bowman Chrome Sapphire Edition #59 QTY Mets
59,,,Francisco Lindor 2025 Bowman Chrome  Fuchsia Wave Numbered /299 Card #59 Mets
59,,,2025 Bowman Chrome - Francisco Lindor #59 Blue Geometric /150
59,,,2025 Bowman Chrome MEGA BOX Francisco Lindor Mojo Laser Refractor /299 #59
59,,,Topps 2025 Bowman Chrome Francisco Lindor #59 Orange Mojo Refractor /25 Mets
59,,,2025 Bowman Chrome - Francisco Lindor #59 Aqua Mojo Refractor /299 Topps Sealed
59,,,2025 BOWMAN CHROME MEGA MOJO REFRACTOR FRANCISCO LINDOR METS #59 YELLOW /75 â¾ï¸ð¥
52,,,2025 Bowmanâs Best #52 - Freddie Freeman Purple Refractor /250 - LA Dodgers
33,,,2025 Bowman Chrome - Freddie Freeman #33 Orange Refractor /25
33,,,2025 Bowman Chrome #33 Freddie Freeman Refractor /499
52,,,2025 Bowmanâs Best #52 - Freddie Freeman Purple Refractor /250 - LA Dodgers
33,,,2025 Bowman Chrome - Freddie Freeman #33 Steel Metal Mojo /100
33,,,2025 Bowman Chrome Freddie Freeman #33 Fuchsia Wave /299 LA Atl
33,,,"2025 Bowman Chrome - Freddie Freeman, Freddie Freeman #33 Refractor 496/499"
33,,,Freddie Freeman - 2025 Bowman Chrome #33
33,,,"2025 Topps Bowman Chrome ""Freddie Freeman"" #33 Mojo Prizm"
33,,,2025 Bowman Chrome Freddie Freeman Yellow Sapphire /75 Dodgers #33 KM2
33,,,"2025 Bowman Chrome - Freddie Freeman, Freddie Freeman #33 Refractor /499"
33,,,2025 Bowman Chrome Freddie Freeman #33 Mojo Refractors Los Angeles Dodgers
33,,,"2025 Bowman Chrome - Freddie Freeman, Freddie Freeman #33"
52,,,2025 Bowman Best Freddie Freeman Purple Lazer #/250 Dodgers #52
60,,,George Brett  1990 Topps Tiffany #60
4,,,George Brett 1983 Kelloggs 3-d Superstars #4
BCP-27,,,2025 Bowman Chrome Gregory Barrios 1st Bowman Reptillian Refractor #BCP-27 Rays
96,,,"2025 Bowman Chrome - Gunnar Henderson, Gunnar Henderson #96 Refractor /499"
96,,,2025 Bowman Chrome - Gunnar Henderson #96 Aqua Raywave Refractor /199
36,,,2025 Bowmanâs Best #36 - Gunnar Henderson - Baltimore Orioles
36,,,2025 Bowmanâs Best - Gunnar Henderson #36 Baltimore Orioles
96,,,Gunnar Henderson 2025 Bowman Chrome Blue Refractor /150 #96
36,,,Gunnar Henderson 2025 Bowmanâs Best #36 Baltimore Orioles
36,,,2025 Bowmanâs Best #36 Gunnar Henderson Blue Xfractor /150 Orioles
36,,,2025 Bowmanâs Best Gunnar Henderson Green Refractor /99 #36 - Orioles
96,,,2025 Bowman Chrome - Gunnar Henderson #96 Orioles
96,,,2025 Bowman Chrome Gunnar Henderson Green Refractor 79/99 #96 Orioles
36,,,2025 Bowmanâs Best Gunnar Henderson Gold Refractor /50 #36 ð¥ð¥ + *BONUS CARD*
36,,,2025 Bowmanâs Best Gunnar Henderson Orange Refractor /25 Orioles #36
96,,,2025 Bowman Chrome #96 Gunnar Henderson Purple Geometric #/250 BZ43
2,,,2025 Bowman Chrome - Hyeseong Kim #2 Sp Rookie Red Rc Variation (RC)
2,,,2025 Bowman Chrome Sapphire Edition Variation #2 Hyeseong Kim
2,,,"2025 Bowman Chrome - Hyeseong Kim, Hyeseong Kim #2 Geometric Refractor /499 (RC)"
2,,,Hyeseong Kim 2025 Bowman Chrome Sapphire RC #2 Los Angeles Dodgers
2,,,2025 Bowman Chrome Hyeseong Kim Image Variation #2 Rookie RC Dodgers SP MLB
2,,,"2025 Bowman Chrome - Hyeseong Kim, Hyeseong Kim #2 Yellow Refractor /75 (RC)"
2,,,2025 Bowman Chrome HYESEONG KIM #2 Etched In Glass Variation SSP Dodgers
2,,,2025 Bowman Chrome - Hyeseong Kim #2 Blue Geometric Refractor /150 (RC)
2,,,2025 Bowman Chrome ~ Hyeseong Kim RC #2 ~ Pulsar Refractor /399 ~ Dodgers
2,,,"2025 Bowman Chrome - Hyeseong Kim, Hyeseong Kim #2 Refractor /499 (RC)"
PRV-JM,,,JD Martinez 2025 Bowman Baseball Auto Gold Border 43/50 PRV-JM New York Mets
PRV-JM,,,2025 Bowman JD MARTINEZ Certified AUTO New York Mets #PRV-JM
BCP-44,,,2025 Bowman 1st Chrome Prospect-Jack Lines Speckle Refractor /299 - Rays #BCP-44
40,,,2025 Bowman Chrome Sapphire Edition Jackson Chourio #40 Milwaukee Brewers
40,,,2025 Bowman Chrome Jackson Chourio Pulsar /399 #40 Milwaukee Brewers
40,,,JACKSON CHOURIO #/50 2025 BOWMAN CHROME SAPPHIRE GOLD #40 BREWERS RARE SP
40,,,2025 Bowman Chrome Jackson Chourio Blue Wave Refractor /150 Brewers #40
10,,,2025 Bowmanâs Best Jackson Chourio #10 Aqua Lava Refractor /199 BREWERS
40,,,2025 Bowman Chrome - Jackson Chourio #40 Purple Mojo Refractor /250
40,,,2025 Bowman Chrome - Jackson Chourio #40 Orange Refractor /25
40,,,2025 Bowman Chrome Jackson Chourio /10 True Black #40 Brewers
40,,,2025 Bowman Chrome Yellow Refractor #40 Jackson Chourio #/75
40,,,Jackson Chourio /25 Orange Geometric 2025 Bowman Chrome #40 Milwaukee Brewers
40,,,2025 Bowman Chrome - Jackson Chourio #40 Aqua Geometric Refractor /125
40,,,2025 Bowman Chrome Jackson Chourio #40 Tru True Gold Refractor /50 Brewers
40,,,2025 Bowman Chrome Gold Geometric Refractors #40 Jackson Chourio 14/50 - NM-MT
16,,,2025 Bowman Chrome #16 Jackson Holliday Aqua Raywave /199
16,,,2025 Bowman Chrome Sapphire Edition - Jackson Holliday #16
16,,,2025 Bowman Chrome #16 Jackson Holliday Geometric #/499
16,,,"2025 Bowman Chrome - Jackson Holliday, Jackson Holliday #16 Purple Geometric..."
16,,,"2025 Bowman Chrome - Jackson Holliday, #16 Fuchsia Refractor /499"
16,,,"2025 Bowman Chrome - Jackson Holliday, Jackson Holliday #16 Fuchsia Refractor..."
16,,,2025 Bowman Chrome - Jackson Holliday #16
16,,,2025 Bowman Chrome - Jackson Holliday #16 Pulsar Refractor /399
16,,,Jackson Holliday 2025 Bowman Chrome Blue Refractor #/150 Baltimore Orioles #16
16,,,2025 Bowman Chrome Jackson Holliday #16 Purple Geometric /250 Orioles
16,,,2025 Topps Bowman Chrome Jackson Holliday Orioles #16 Purple Refractor /250
16,,,"2025 Bowman Chrome - Jackson Holliday, Jackson Holliday #16 Orange Refractor /25"
16,,,2025 Bowman Chrome - Jackson Holliday #16 Fuchsia Wave Refractor /299
16,,,"2025 Bowman Chrome - Jackson Holliday, Jackson Holliday #16 Blue Geometric /150"
38,,,2025 Bowman Chrome Sapphire Edition Jackson Merrill #38 San Diego Padres NM-MINT
38,,,2025 Bowman Chrome Sapphire Edition Jackson Merrill #38 San Diego Padres
38,,,2025 Bowman Chrome Mega Box JACKSON MERRILL #38 Steel Metal Mojo Refractor /100
38,,,Jackson Merrill 2025 Bowman Chrome #38 Orange Geometric Refractor /25
38,,,2025 Bowman Chrome Sapphire JACKSON MERRILL Orange Refractor /25 Padres #38
38,,,Jackson Merrill 2025 Bowman Chrome #38 Pulsar /399
38,,,"2025 Bowman Chrome - Jackson Merrill, Jackson Merrill #38 Blue Refractor 136/150"
38,,,2025 Bowman Chrome - Jackson Merrill #38 Aqua Mojo Refractor /299
38,,,Jackson Merrill Mojo Refractor 2025 Bowman Chrome Baseball #38 San Diego Padres
38,,,2025 Bowman Chrome Jackson Merrill #38 Blue Refractor /150 Padres Star
57,,,2025 Bowmanâs Best Jacob deGrom #57 Texas Rangers
47,,,JACOB DEGROM SAPPHIRE 2025 BOWMAN CHROME CARD #47 TEXAS RANGERS
47,,,Jacob Degrom 2025 Bowman Chrome /299 Fuscia #47 Texas Rangers
57,,,2025 Bowmanâs Best Jacob deGrom #57 Texas Rangers
47,,,Jacob deGrom 2025 Bowman Chrome Geometric Refractor /499 #47 Rangers
47,,,Jacob Degrom 2025 Bowman Chrome /299 Fuchsia Wave Refractor #47
47,,,2025 Bowman Chrome #47 Jacob deGrom Yellow /75 Texas Rangers
47,,,2025 Bowman Chrome Jacob deGrom True Green Refractor /99 #47 Rangers
47,,,"2025 Bowman Chrome - Jacob deGrom, Jacob deGrom #47 Geometric Refractor /499"
47,,,2025 Bowman Chrome Jacob deGrom Geometric Refractor /499 #47 Rangers
47,,,"2025 Bowman Chrome - Jacob deGrom, Jacob deGrom #47 Green Shimmer Refractor /99"
57,,,Jacob DeGrom 2025 Bowmanâs Best #57 Yellow Laser /75
47,,,2025 Bowman Chrome Jacob deGrom Geometric #/499 #47
1,,,2025 Bowman Chrome - Jacob Wilson #1 Sp Rookie Red Rc Variation (RC)
31,,,2025 Bowmanâs Best Blue X-fractor /150 Jacob Wilson RC #31
1,,,2025 Bowman Chrome - Jacob Wilson #1 Yellow Mojo Refractor /75 (RC)
1,,,2025 Bowman Chrome #1 Jacob Wilson Aqua Raywave #/199 RC BZ45
BTP-68,,,Jaison Chourio - 2025 Bowman Chrome - Scouts Top 100 - RC - #BTP-68 - Guardians
63,,,2025 Bowman Chrome Rookie Jake Bloss 2025 #63 Speckle #63 Blue Jays
63,,,2025 Topps Series 1 Spring Training Foil Jake Bloss RC #63 Toronto Blue Jays
84,,,Topps 2025 Bowman Chrome Jansel Luis Diamondbacks Blue Serial #84 70/150 NM/M
BCP-18,,,2023 Bowman Chrome #BCP-18 Jasson Dominguez Mojo New York Yankees
17,,,JASSON DOMINGUEZ RC | 2024 Bowman | CHROME MOJO | Rookie Card #17 | NY Yankees
17,,,2025 Bowman Chrome Jason Dominguez #17 Rookie RC
BCP-18,,,2025 Bowman Chrome Mega - Jasson Dominguez #BCP-18 Mojo Refractor
ROY-6,,,2024 TOPPS BOWMAN CHROME ROOKIE CARD ROY-6 JASON DOMINGUEZ NEW YORK YANKEES
PRV-JD,,,2025 Bowman Jasson DomÃ­nguez PRV-JD Auto New York Yankees Autograph
PRV-JD,,,2025 Bowman #PRV-JD Jasson DomÃ­nguez Rookies and Veterans Auto Green #/99 BZ40
BTP-20,,,2025 Bowman Chrome Jeferson Quero #BTP-20 Top 100 Cardâ¦â¦â¦Immaculate Condition!!
15,,,Jhonny Level/Josuar Gonzalez 2025 Bowman Best Orange Dual Auto #15/ #DA-GL Giant
BTP-33,,,2025 Bowman Joendry Vargas Top 100 #BTP-33 Dodgers
58,,,Jonathon Long 2025 RC Bowman Chrome Refractor /499 Rookie 1st Cubs #58
ROY-7,,,2024 Bowman Chrome Rookie of the Year Favorites #ROY7 Jordan Lawlar
96,,,2025 Bowman - Jordan Lawler #96 Chrome Mojo Refractor
64,,,2022 Bowman Inception #64  Jordan Lawlar â¾ Prospect
70,,,2025 Topps Tribute Jordan Lawlar Silver Foil SP #70
BCP-98,,,JORDAN WESTBURG (2) 2025 TOPPS CHROME FUTURE#FS20 2021 BOWMAN CHROME PRSP #BCP98
77,,,2024 Stadium Club Jordan Westburg #77 Rookie RC Baltimore Orioles
21,,,2025 Bowman Chrome Sapphire Edition #21 JosÃ© RamÃ­rez
89,,,2025 Bowman #89 JosÃ© RamÃ­rez Chrome Mojo Fuchsia Refractor #/299
89,,,Topps 2025 Bowman JosÃ© RamÃ­rez #89 Green Pattern 09/99 Cleveland Guardians
21,,,JosÃ© RamÃ­rez 2025 Bowman Chrome Aqua RayWave /199 Guardians Card #21
21,,,JosÃ© RamÃ­rez 2025 Bowman Chrome Geometric /499 Card #21 Guardians
21,,,2025 Bowman Chrome #21 JosÃ© RamÃ­rez Mojo Refractors
14,,,2025 Bowmanâs Best Jose Ramirez #14 Gold Wave /50
21,,,2025 Bowman Chrome #21 JosÃ© RamÃ­rez Purple Geometric #/250
21,,,2025 Bowman Chrome #21 JosÃ© RamÃ­rez Cleveland Guardians
21,,,2025 Bowman Chrome #21 JosÃ© RamÃ­rez Pulsar #/399
21,,,"2025 Bowman Chrome - Jose Ramirez, Jose Ramirez #21 Refractor /499"
21,,,2025 Bowman Chrome #21 JosÃ© RamÃ­rez Mojo Refractors
89,,,Topps 2025 Bowman JosÃ© RamÃ­rez #89 Green Pattern /99 Cleveland Guardians
89,,,JosÃ© RamÃ­rez 2025 Bowman Yellow /75 Pattern SP Cleveland Guardians #89
14,,,"2025 Bowmanâs Best REFRACTOR #14 JosÃ© RamÃ­rez, Cleveland Guardians"
14,,,"2025 Bowmanâs Best Baseball #14 JosÃ© RamÃ­rez, Cleveland Guardians"
89,,,2025 Bowman #89 JosÃ© RamÃ­rez Purple Pattern #/199
89,,,2025 Bowman #89 JosÃ© RamÃ­rez Blue #/150
89,,,2025 Bowman #89 JosÃ© RamÃ­rez Blue #/150
89,,,2025 Bowman #89 JosÃ© RamÃ­rez Chrome Mojo Aqua Refractor #/125
89,,,JosÃ© RamÃ­rez 2025 Bowman Chrome Mojo Refractor SP #89
14,,,2025 Bowmanâs Best JosÃ© RamÃ­rez /99 Green Mini Diamond #14 Guardians
21,,,2025 Bowman Chrome - Mojo Refractors #21 JosÃ© RamÃ­rez
14,,,"2025 Bowmanâs Best REFRACTOR #14 JosÃ© RamÃ­rez, Cleveland Guardians"
89,,,2025 Bowman Chrome JosÃ© RamÃ­rez #89 Fuchsia Mojo Refractor /299 Guardians
21,,,2025 Bowman Chrome #21 JosÃ© RamÃ­rez Blue Mojo #/150
14,,,2025 Bowmanâs Best JosÃ© RamÃ­rez #14 Refractor Guardians
66,,,2025 Bowman Chrome #66 Julio RodrÃ­guez Refractor /499
66,,,2025 Bowman Chrome #66 Julio RodrÃ­guez Purple Geometric #/250
79,,,2025 Bowman Julio RodrÃ­guez #79 Chrome Mojo Refractor
79,,,Julio RodrÃ­guez 2025 Bowman Purple #79 #/250
66,,,2025 Bowman Chrome #66 Julio RodrÃ­guez Green Mojo #/99
66,,,2025 Bowman Chrome #66 Julio RodrÃ­guez Refractor #/499
79,,,2025 Bowman #79 Julio RodrÃ­guez
66,,,2025 Bowman Chrome Sapphire Julio RodrÃ­guez #66 Seattle Mariners Card
79,,,2025 Bowman #79 Julio RodrÃ­guez Card Seattle Mariners
79,,,2025 Bowman #79 Julio RodrÃ­guez Fuchsia #/299
79,,,2025 Bowman #79 Julio RodrÃ­guez
79,,,2025 Bowman #79 Julio RodrÃ­guez Sky Blue #/499
79,,,2025 Bowman #79 Julio RodrÃ­guez Chrome Mojo Refractor
66,,,2025 Bowman Chrome Julio Rodriguez #66
66,,,2025 Bowman Chrome #66 Julio RodrÃ­guez Blue Mojo #/150
66,,,2025 Bowman Chrome #66 Julio RodrÃ­guez Mojo Refractors
66,,,2025 Bowman Chrome #66 Julio RodrÃ­guez
79,,,Bowman 2023 Julio RodrÃ­guez #79 Purple Pattern /199 Seattle Mariners
49,,,"2025 Bowmanâs Best Baseball #49 Julio RodrÃ­guez, Seattle Mariners"
66,,,2025 Bowman Chrome Julio RodrÃ­guez #66 Purple Mojo
7,,,2025 Bowmanâs Best #7 - Jung Hoo Lee - Purple Mojo Refractor SP /250 - Giants
7,,,"2025 Bowmanâs Best Baseball #7 Jung Hoo Lee, San Francisco Giants"
7,,,2025 BOWMANâS BEST #7 JUNG HOO LEE BLUE X-FRACTOR /150 SAN FRANCISCO GIANTS
69,,,2025 Bowman Baseball Jung-Hoo Lee Neon Green /399 #69 SP San Francisco Giants
80,,,2025 Bowman Chrome - Junior Caminero  #80 Green ð¢ð Refractor /99 COLOR MATCH
80,,,JUNIOR CAMINERO 2025 Bowman Chrome Rays Blue Geometric Refractor #121-150/ #80
BP-61,,,2025 Topps Archives 2023 1st Bowman #BP-61 Junior Caminero /90 Auto RC
80,,,2025 Bowman Chrome Junior Caminero Purple Mojo /250 #80 Tampa Bay Rays
80,,,Junior Caminero 2025 Bowman Chrome Refractor /499 #80 Rays
80,,,"2025 Bowman Chrome, Junior Caminero #80 Aqua Geometric Refractor /125"
BP-61,,,2025 Topps Archives 2023 1st Bowman #BP-61 Junior Caminero /90 Auto RC
80,,,Junior Caminero 2025 Bowman Chrome Sapphire Edition #80 Rays
80,,,2025 Bowman Chrome #80 - Junior Caminero - Aqua Mojo #/299
80,,,2025 Bowman Chrome Junior Caminero Mojo Refractor #80 Tampa Bay Rays
80,,,Junior Caminero 2025 Bowman Chrome #80 Wave Refractor /100 Tampa Bay Rays
80,,,2025 Bowman Chrome Junior Caminero Yellow Refractor /75 Devil Rays! #80
80,,,2025 Bowman Chrome #80 Junior Caminero Blue Geometric #/150
62,,,2025 Bowmanâs Best Ketel Marte #62
51,,,2025 Bowman Chrome #51 Ketel Marte Arizona Diamondbacks
51,,,2025 Bowman Chrome #51 Ketel Marte Blue Refractor /150
51,,,ð¥2025 Bowman Chrome Ketel Marte Purple Geometric /250 #51 Arizona Diamondbacks
51,,,2025 Bowman Chrome #51 Ketel Marte Fuchsia Wave #/299
51,,,KETEL MARTE 2025 BOWMAN CHROME AQU A RAYWAVE REFRACTOR /199 #51
51,,,Ketel Marte #51 True Yellow Refractor/75 2025 Bowman Chrome Az.Diamondbacks I0-2
51,,,2025 Bowman Chrome Ketel Marte #51 Fuchsia #104/299 Arizona Diamondbacks
51,,,2025 Bowman Chrome - Ketel Marte #51 Pulsar Refractor /399
51,,,"2025 Bowman Chrome - Ketel Marte, Ketel Marte #51 Gold Refractor /50"
62,,,2025 Bowmanâs Best Ketel Marte #62 Refractor
44,,,Kevin AlcÃ¡ntara 2025 Bowman Chrome #44 Refractor #/499
44,,,2025 Bowman Chrome #44 Kevin AlcÃ¡ntara Fuchsia #/299
44,,,2025 Bowman Chrome #44 Kevin AlcÃ¡ntara Pulsar #/399
44,,,2025 Bowman Chrome #44 Kevin AlcÃ¡ntara Geometric #/499 RC
44,,,Kevin AlcÃ¡ntara 2025 Bowman Chrome RC Refractor SP #44
44,,,2025 Bowman Chrome #44 Kevin AlcÃ¡ntara Green Geometric #/99
BCP-28,,,2025 Bowman Chrome Kevyn Castillo True Gold Bowman 1st BCP-28 42/50
BP-25,,,KRIS BRYANT 2014 BOWMAN CHROME 1ST BOWMAN #BP25 CHICAGO CUBS
BP-100,,,2025 TOPPS ARCHIVES 2015 KRIS BRYANT AUTO BOWMAN PR #BP100 # 02/11 CHICAGO CUBS
20,,,Kris Bryant 2025 Topps Heritage #20 - Chrome - Colorado Rockies
100,,,2025 Topps Holiday Buyback Gold Foil - 2018 Bowman #100 - Kris Bryant
BP-25,,,KRIS BRYANT 2014 BOWMAN CHROME 1ST BOWMAN #BP25 CHICAGO CUBS
58,,,2025 Bowman Chrome Image Variation Kristian Campbell #58 Mega Mojo Refractor
58,,,2025 Bowman Chrome Kristian Campbell Gold Refractor /50 RC #58
58,,,2025 Bowman Chrome - Kristian Campbell #58 Rookie Color Run Variation /25 (RC)
58,,,"2025 Bowman Chrome - Kristian Campbell, Kristian Campbell #58 Refractor 275/499"
58,,,2025 Bowman Chrome Fuchsia #58 Kristian Campbell #/299
58,,,"2025 Bowman Chrome - Kristian Campbell, Kristian Campbell #58 Fuchsia Refractor"
58,,,2025 Bowman - Kristian Campbell #58 Sp Rookie Red Rc Chrome Variation (RC)
58,,,2025 Bowman Chrome - Kristian Campbell #58 Mega Box Mojo Refractor (RC)
11,,,2025 Bowmanâs Best Kristian Campbell #11 (RC) Refractor
98,,,2025 Bowman Chrome #98 Kumar Rocker Blue Wave #/150
98,,,2025 Bowman Chrome Kumar Rocker Blue Rookie Refractor 54/150 #98 Texas Rangers
98,,,2025 Bowman Chrome SP Silver Image Variations #98 Kumar Rocker RC Rangers
98,,,Kumar Rocker 2025 Bowman Chrome Fuchsia Wave /299 Rangers Card #98
98,,,Kumar Rocker 2025 Bowman Chrome Sapphire Edition #98 RC Texas Rangers Rookie
98,,,2025 Bowman Chrome #98 Kumar Rocker Green Geometric #/99
98,,,2025 Bowman Chrome Kumar Rocker RC Blue Wave #/150 Texas Rangers #98
98,,,2025 Bowman Chrome Rookie Short Print Image Variations #98 Kumar Rocker SP RC
98,,,"2025 Bowman Chrome Kumar Rocker, Kumar Rocker #98 Black Refractor /10 (RC)"
98,,,2025 Bowman Chrome - Kumar Rocker RC Blue Refractor /150 - #98
98,,,Kumar Rocker 2025 Bowman Chrome Baseball Rookie Red Logo Refractor RC SP #98
98,,,2025 Bowman Chrome - Kumar Rocker #98 Rookie Blue Wave Refractor /150
98,,,2025 Bowman Chrome - Kumar Rocker  #98 Blue Refractor /150 (RC) Texas Rangers
98,,,Kumar Rocker RC 2025 Bowman Chrome Texas Rangers #98 Gold Geometric /50
57,,,2025 Bowman Chrome - Kyle Tucker #57 Gold Mojo Refractor /50
57,,,"2025 Bowman Chrome - Kyle Tucker, Kyle Tucker #57 Yellow Refractor /75"
57,,,ð¥ðð 2025 Bowman Chrome Sapphire #57 Kyle Tucker Yellow Sapphire #/75 FS
57,,,"2025 Bowman Chrome - Kyle Tucker, Kyle Tucker #57 Fuchsia Refractor /299"
57,,,"2025 Bowman Chrome - Kyle Tucker, Kyle Tucker #57 Geometric Refractor /499"
57,,,2025 Bowman Chrome - Kyle Tucker #57 Green Geometric Refractor #âd /99
57,,,â¾ï¸ 2025 Bowman Chrome Kyle Tucker /50 Gold Geometric Refractor #57 Dodgers Cubs
57,,,â¾ï¸ 2025 Bowman Chrome Geometric /499 Kyle Tucker Refractor #57 Cubs Dodgers
57,,,Kyle Tucker - 2025 Bowman Chrome Aqua Raywave /199 - #57
BP-26,,,2025 Bowmanâs Best Baseball Kyle Tucker #BP-26 Best Performance
57,,,2025 Bowman Chrome Kyle Tucker /50 Gold Geometric Refractor #57 Dodgers Cubs â¾
57,,,2025 Bowman Chrome Kyle Tucker /250 Purple Geometric Refractor #57 Chicago Cubs
57,,,"2025 Bowman Chrome - Kyle Tucker, Kyle Tucker #57"
57,,,KYLE TUCKER 2025 BOWMAN CHROME BASEBALL GEOMETRIC REFRACTOR /499 #57
65,,,2025 Bowman Chrome Baseball #65 (Geometric Refractor) LAWRENCE BUTLER [403/499]
65,,,2025 Bowman Chrome #65 Lawrence Butler Athletics Mojo Refractors
65,,,2025 Bowman Chrome #65 Lawrence Butler Athletics Mojo Refractors
65,,,2025 Bowman Chrome - Lawrence Butler #65 Yellow Mojo Refractor /75
65,,,2025 Bowman Chrome Lawrence Butler ð¥ Blue Geometric 101/150 ð¥ Athletics #65
65,,,2025 Bowman Chrome - AQUA Raywave - Lawrence Butler #65 ð¥#163/199!ð¥ FS!
65,,,Lawrence Butler 2025 Bowman Chrome #65 Gold Mojo Refractor /50
65,,,LAWRENCE BUTLER 2025 BOWMAN CHROME #65 PULSAR REFRACTOR /399
65,,,Lawrence Butler 2025 Topps Bowman Chrome #65
65,,,2025 Bowman Chrome Lawrence Butler Green Geometric /99 Athletics #65
65,,,2025 Bowman Chrome Purple Mojo Lawrence Butler #65 14/250
65,,,2025 Bowman Chrome - Lawrence Butler #65 Yellow Mojo Refractor /75
65,,,2025 Bowman Chrome Sapphire Edition #65 Lawrence Butler
65,,,2025 Bowman Chrome #65 Lawrence Butler Fuchsia #/299
65,,,2025 Bowman Chrome #65 Lawrence Butler Geometric #/499
65,,,2025 Bowman Chrome #65 Lawrence Butler Mojo Refractors
65,,,2025 Bowman Chrome Sapphire Edition - Lawrence Butler #65 Gold /50
65,,,2025 Bowman Chrome #65 Lawrence Butler Pulsar Refractor SP #/399 Nmmt
65,,,Lawrence Butler 2025 Bowman Chrome Mojo Refractors #65 Athletics
65,,,2025 Bowman Chrome #65 Lawrence Butler Blue #/150
65,,,2025 Bowman Chrome Lawrence Butler #65 Green Geometric Refractor 28/99
65,,,2025 Bowman Chrome #65 Lawrence Butler Refractor /499
65,,,2025 Bowman Chrome - Lawrence Butler #65 Gold Mojo Refractor /50
65,,,2025 Bowman Chrome #65 Lawrence Butler Fuchsia Wave #/299 Athletics
65,,,"2025 Bowman Chrome - Lawrence Butler, Lawrence Butler #65 Blue Geometric..."
65,,,2025 Bowman Chrome Orange Sapphire LAWRENCE BUTLER /25 #65 Aâs
65,,,LAWRENCE BUTLER 2025 BOWMAN CHROME #65 PULSAR REFRACTOR /399
BCP-25,,,Lazaro Montes 2025 Bowman Chrome REFRACTOR 290/499 Mariners #BCP-25 Raw RC z6
9,,,Logan Gilbert 2025 Bowman Chrome Wave Refractor /100 #9 Seattle Mariners
9,,,2025 Bowman Chrome LOGAN GILBERT 65/199 Aqua Raywave Refractor #9
9,,,2025 Bowman Chrome Sapphire Logan Gilbert #9 Yellow Refractor /75
9,,,2025 Bowman Chrome - Logan Gilbert #9 Wave Refractor /100
9,,,Logan Gilbert 2025 Bowman Chrome Pulsar Refractor /399 #9 Mariners
9,,,Logan Gilbert 2025 Bowman Chrome Geometric Refractor #/499 Seattle Mariners #9
9,,,2025 Bowman Chrome Logan Gilbert /10 Black Geometric #9 Seattle Mariners 10/10
9,,,2025 Bowman Chrome Sapphire - #9 Logan Gilbert Black Sapphire 6/10 - Mariners
9,,,2025 Bowman Chrome Sapphire Edition #9 Logan Gilbert
9,,,2025 Bowman Chrome #9 Logan Gilbert Pulsar #/399
9,,,2025 Bowman Chrome Sapphire Edition - Logan Gilbert #9 Yellow /75
9,,,2025 Bowman Chrome Sapphire Edition - Logan Gilbert #9 Yellow /75
9,,,2025 Bowman Chrome #9 Logan Gilbert Geometric #/499 BZ19
9,,,Logan Gilbert 2025 Bowman Chrome Pulsar Refractor 074/399 #9 Seattle Mariners
9,,,2025 Bowman Chrome #9 Logan Gilbert Blue Geometric /150
9,,,2025 Bowman Chrome #9 Logan Gilbert Blue Geometric /150 Seattle Mariners
9,,,2025 Bowman Chrome #9 Logan Gilbert Aqua Geometric #/125
9,,,2025 Bowman Chrome - Logan Gilbert /75 Yellow Refractor #9 Mariners
9,,,2025 Bowman Chrome Logan Gilbert #9 Purple Geometric Refractor /250 Mariners
9,,,2025 Bowman Chrome - Logan Gilbert #9 Refractor /499
9,,,2025 Bowman Chrome Sapphire Edition - Logan Gilbert #9 Yellow /75
9,,,2025 Bowman Chrome - Logan Gilbert /75 Yellow Refractor #9 Mariners
9,,,2025 Bowman Chrome #9 Logan Gilbert Aqua Raywave /199 Seattle Mariners
9,,,2025 Bowman Chrome #9 Logan Gilbert Aqua Raywave #/199 BZ45
9,,,2025 Bowman Chrome Sapphire Edition - Logan Gilbert #9 Yellow /75
32,,,2025 Bowman Chrome #32 Luisangel AcuÃ±a RC Red Rookie Variation
32,,,Luisangel AcuÃ±a 2025 Bowman Chrome Geometric /499 Card #32 Mets
32,,,2025 Bowman Chrome #32 Luisangel AcuÃ±a 11
32,,,2025 Bowman Chrome #32 Luisangel AcuÃ±a Refractor
32,,,Luisangel AcuÃ±a 2025 Bowman Chrome #32 Red Rookie Refractor Rookie
32,,,2025 Bowman Chrome #32 Luisangel AcuÃ±a Red Rookie
32,,,2025 Bowman Chrome Sapphire Edition #32 Luisangel AcuÃ±a Yellow Sapphire #/75
32,,,Luisangel AcuÃ±a 2025 Bowman Chrome RC Refractor SP #32
32,,,Luisangel AcuÃ±a 2025 Bowman Chrome Sapphire Edition #32 RC QTY Mets
32,,,2025 Bowman Chrome #32 Luisangel AcuÃ±a Mojo Refractors
32,,,2025 Bowman Chrome #32 Luisangel AcuÃ±a Mojo
32,,,2025 Bowman Chrome #32 Luisangel AcuÃ±a Mojo
61,,,Luke Keaschall 2025 Bowman Chrome Pulsar Refractor /399 (RC)  Twins #61
70,,,2025 Bowmanâs Best Luke Keaschall #70 Rc Twins True Purple Refractor /250
61,,,2025 Bowman Chrome #61 Luke Keaschall Red Rookie Minnesota Twins Parallel
61,,,2025 Bowman Luke Keaschall FIRST ON PRINT Purple Geo 1/250 #61
70,,,2025 Bowmanâs Best Luke Keaschall #70 Rc Twins True Purple Refractor /250
61,,,2025 Bowman Chrome SP Red Logo Luke Keaschall Rookie Card RC #61
61,,,2025 Bowman Chrome Sapphire #61 Luke Keaschall RC Minnesota Twins
61,,,2025 Bowman Chrome - Luke Keaschall #61 (RC)
61,,,2025 Bowman Chrome - Luke Keaschall  #61 Aqua Geometric Refractor /125 (RC)
61,,,2025 Bowman Chrome - Luke Keaschall #61 Sp Rookie Red Rc Variation (RC)
61,,,Luke Keaschall /25 RC Orange Refractor #61 - 2025 Bowman Chrome
6,,,2025 Bowman Chrome Fuchsia Wave Manny Machado #6 #/299 San Diego Padres SN
6,,,2025 Bowman Chrome - Manny Machado #6 Pulsar Refractor /399
6,,,2025 Bowman Chrome Fuchsia #6 Manny Machado San Diego Padres
6,,,Manny Machado 2025 Bowman Chrome Aqua Geometric Refractor /125 #6 Padres
6,,,2025 BOWMANâS BEST MLB #6 Manny Machado San Diego Padres Lazer Refractor 293/350
6,,,2025 Bowmanâs Best - Manny Machado Blue Lazar Refractor /150 #6
6,,,Manny Machado Refractor /499 2025 Bowman Chrome Card #6 San Diego Padres
6,,,2025 Bowman Chrome - Manny Machado #6 Refractor /499 NM+ Free Shipping
6,,,2025 Topps Bowman Chrome Manny Machado #6 Purple Refractor /250 Padres
6,,,2025 Bowman Chrome - Manny Machado #6 Blue Geometric Refractor /150 Padres
6,,,2025 Bowmanâs Best- Manny Machado #6 -/299 Speckled
39,,,2025 Bowman Chrome #39 Marcelo Mayer Blue #/150
39,,,Marcelo Mayer 2025 Bowman Chrome Mojo Refractors Boston Red Sox #39
5,,,2025 Bowmanâs Best Marcelo Mayer Base Rookie Card #5 - Red Sox
39,,,2025 Bowman Chrome #39 Marcelo Mayer Yellow #/75
39,,,2025 Bowman Chrome #39 Marcelo Mayer Geometric #/499
39,,,2025 Bowman Chrome #39 Marcelo Mayer
39,,,2025 Bowman Chrome - Marcelo Mayer #39 Sp Rookie Red Rc Variation (RC)
39,,,2025 BOWMAN CHROME GOLD MARCELO MAYER #43/50 GOLD GEOMETRIC REFRACTOR R.C. #39
39,,,2025 Bowman Chrome #39 Marcelo Mayer Refractor #/499
39,,,2025 Bowman Chrome Sapphire Marcelo Mayer Gold Rookie 10/50 #39
39,,,2025 Bowman Chrome Sapphire Edition - Marcelo Mayer #39 Rookie (RC)
BCP-4,,,2025 Bowman Chrome Marcos Torres #BCP-04 Bubble Gum Refractor SSP Rangers
BCP-4,,,2025 Bowman Chrome Marcos Torres #BCP-04 Bubble Gum Refractor SSP Rangers
12,,,Marcus Semien SSP 2025 Bowman Retro Logo Foil Rangers Parallel #12
64,,,2025 Bowman Chrome Masyn Winn /99 Green Refractor #64 St. Louis Cardinals
64,,,Masyn Winn 2025 Bowman Chrome Aqua Geometric /125 #64 Cardinals
64,,,2025 Bowman Chrome Masyn Winn True Gold #/50 St. Louis Cardinals #64
64,,,2025 Bowman Chrome #64 Masyn Winn Aqua Geometric #/125
64,,,2025 Bowman Chrome #64 Masyn Winn Orange #/25
64,,,2025 Bowman Chrome Masyn Winn #64 Purple Geometric 158/250
64,,,"2025 Bowman Chrome - Masyn Winn, Masyn Winn #64 Fuchsia Refractor /299"
64,,,2025 Bowman Chrome Masyn Winn #64 Purple Geometric Refractor /250 Cardinals
64,,,Masyn Winn 2025 Bowman Chrome Blue Wave Refractor /150 #64 Cardinals
64,,,"2025 Bowman Chrome - Masyn Winn, Masyn Winn #64 Green Wave Refractor /99"
44,,,2025 Bowmanâs Best #44 Masyn Winn
64,,,2025 Bowman Chrome #64 Masyn Winn Gold Geometric #/50
49,,,2025 Bowman Chrome - Matt Chapman #49 Blue Refractor 20/150 S.F. Giants
49,,,Matt Chapman 2025 Bowman Chrome Orange Geometric Refractor /25 Giants #49
49,,,2025 Bowman Chrome Sapphire Matt Chapman #49 Gold /50 SAN FRANCISCO GIANTS
BS-27,,,2025 Bowman Chrome Blue Mojo Refractor /150 Matt Chapman #49 BS27
49,,,2025 Bowman Chrome #49 Matt Chapman Refractor #/499
49,,,Matt Chapman 2025 Bowman Chrome Fuchsia Wave /299 Giants Card #49
49,,,2025 Bowman Chrome Sapphire Edition #49 Matt Chapman
49,,,2025 Bowman Chrome #49 Matt Chapman Fuchsia Wave #/299
49,,,2025 Bowman Chrome #49 Matt Chapman Mojo Refractors
49,,,2025 Bowman Chrome #49 Matt Chapman Gold #/50
49,,,2025 Bowman Chrome #49 Matt Chapman Gold Geometric #/50
49,,,2025 Bowman Chrome #49 Matt Chapman Mojo Refractors
49,,,Matt Chapman 2025 Bowman Chrome Mojo Refractor #49 Giants MLB
49,,,Matt Chapman 2025 Bowman Chrome Aqua RayWave /199 #49 - San Francisco Giants
49,,,2025 Bowman Chrome - Matt Chapman #49 Giants
49,,,2025 Bowman Chrome #49 Matt Chapman Wave #/100
49,,,2025 Bowman Chrome #49 Matt Chapman
49,,,2025 Bowman Chrome #49 Matt Chapman True Blue /150
49,,,2025 Bowman Chrome #49 Matt Chapman Mojo Refractor San Francisco Giants
49,,,2025 Bowman Chrome Fuchsia Refractors #49 Matt Chapman 262/299
49,,,2025 Bowman Chrome #49 Matt Chapman Base San Francisco Giants
49,,,2025 Bowman Chrome Matt Chapman Purple Refractor /299 #49
49,,,Matt Chapman Mojo 2025 Bowman Chrome #49 San Francisco Giants
49,,,2025 Bowman Chrome - Matt Chapman #49 Fuchsia Refractor /299 Giants
49,,,2025 Bowman Chrome - Matt Chapman #49 Blue Wave Refractor /150
49,,,2025 Bowman Chrome #49 Matt Chapman Mojo Refractors
49,,,2025 Bowman Chrome - Matt Chapman #49 Pink Mojo Refractor /199
49,,,2025 Bowman Chrome #49 Matt Chapman Green #/99
49,,,2025 Bowman Chrome - Matt Chapman #49 Mega Box Mojo Refractor
49,,,2025 Bowman Chrome #49 Matt Chapman Mega Refractors
49,,,2025 Bowman Chrome #49 Matt Chapman Geometric #/499 BZ19
49,,,Matt Chapman 2025 Bowman Chrome Aqua RayWave /199 #49 - San Francisco Giants
4,,,ð¥Matt Olson 2025 Bowman Chrome #4 Geometric Refractor 362/499 Atlanta Braves
4,,,ð¥Matt Olson 2025 Bowman Chrome Sapphire #4 Atlanta Braves
4,,,2025 Bowman Chrome Sapphire Matt Olson #4 Braves
20,,,2025 Bowmanâs Best Baseball #20 - Matt Olson - Atlanta Braves
4,,,Matt Olson 2025 Bowman Chrome Aqua RayWave /199 Braves Card #4
4,,,2025 Bowman Chrome Matt Olson True Blue Refractor /150  Atlanta Braves #4
4,,,"2025 Bowman Chrome - Matt Olson, Matt Olson #4 Fuchsia Refractor /299"
4,,,2025 Bowman Chrome Sapphire Edition - Matt Olson #4
4,,,"2025 Bowman Chrome - Matt Olson, Matt Olson #4 Fuchsia Refractor /299"
4,,,2025 Topps Chrome Bowman Gold Geo Matt Olson /50 #4 Atlanta Braves
20,,,2025 Bowmanâs Best Matt Olson Blue Refractor /150 #20 Atlanta Braves
46,,,2025 Bowman Chrome - Matt Shaw RC #46 Fuchsia Wave Refractor 37/299
15,,,2025 Bowmanâs Best #15 - Matt Shaw - Rookie Logo - Chicago Cubs
46,,,Matt Shaw 2025 IMAGE VARIATION Bowman Chrome Mojo Refractor SSP Cubs #46 Mint RC
46,,,2025 Bowman Chrome - Matt Shaw #46 Yellow Mojo Refractor /75 (RC)
46,,,2025 Bowman Chrome Matt Shaw Rookie Steel Mojo Refractor /100 Cubs RC #46 ð¥
46,,,"2025 Bowman Chrome - Matt Shaw, Matt Shaw #46 (RC)"
46,,,2025 Bowman Chrome #46 Matt Shaw
46,,,Matt Shaw 2025 Bowman Chrome Mojo Refractors #46 RC Chicago Cubs
15,,,2025 Bowmanâs Best - Matt Shaw #15 Blue X-Fractor /150 (RC)
46,,,2025 Bowman Chrome Sapphire Edition - Image Variation Matt Shaw #46 Orange /25
46,,,Matt Shaw 2025 Bowman Chrome Red Rookie Redemption #46 Chicago Cubs Rookie RC
46,,,2025 Bowman Chrome Matt Shaw Rookie RC Fuchsia Refractor /299#46 Chicago Cubs
46,,,"2025 Bowman Chrome - Matt Shaw, Matt Shaw #46 Blue Refractor /150 (RC)"
46,,,2025 Bowman Chrome #46 Matt Shaw Aqua Raywave #/199
46,,,2025 Bowman Chrome Matt Shaw #46 True Gold Refractor /50 (RC)
3,,,2025 Bowman: Max Clark Prospect Blue 3/150 Jersey And Color Match  #3  Tigers
11,,,2025 Bowman Chrome - Mick Abel #11 Aqua Mojo Refractor /299 (RC)
11,,,"2025 Bowman Chrome - Mick Abel, Mick Abel #11 Refractor  (RC)"
11,,,2025 Bowman Chrome Baseball Mick Abel Gold Mojo Rookie Refractor /50 #11
11,,,2025 Bowman Chrome #11 Mick Abel Refractor #/499
11,,,Mick Abel 2025 Bowman Chrome #11 SP /150 Phillies
11,,,2025 Bowman Sapphire Edition - Mick Abel #11 - Gold Refractor /50 *Free Shipping
11,,,2025 Bowman Chrome Mick Abel /99 Green #11 RC Phillies
11,,,Mick Abel 2025 Bowman Chrome Mojo Refractors #11 RC Philadelphia Phillies
11,,,2025 Bowman Chrome - Mick Abel #11 Fuchsia Wave Refractor /299 (RC)
11,,,2025 Bowman Chrome Mick Abel Red Rookie Refractor RC #11 Phillies *read*
11,,,Mick Abel 2025 Bowman Chrome RC Refractor #11
11,,,Mick Abel /399 2025 Bowman Baseball Chrome Pulsar Refractor #11 RC
11,,,2025 Bowman Chrome #11 Mick Abel Mojo
11,,,2025 Bowman Chrome Mick Abel #11 Refractor 171/499 (RC) Philadelphia Phillies
11,,,2025 Bowman Chrome #11 Mick Abel Aqua Mojo #/299
11,,,2025 Bowman Chrome Mega Box Mick Abel RC Mojo Refractor #11 Phillies
27,,,ð¥Mike Trout 2025 Bowman Chrome #27 Angels
27,,,2025 Bowman Chrome - Mike Trout #27 Pulsar Refractor /399
27,,,2025 Bowman Chrome- Mike Trout # 27
27,,,Mike Trout 2025 Bowman Chrome  Fuchsia Refractor /299 Angels #27
27,,,2025 Bowman Chrome #27 Mike Trout Mojo Refractor Card LA Angels
27,,,2025 Bowman Chrome - Mike Trout #27 Fuchsia Wave Refractor 110/299
26,,,2025 Bowmanâs Best Mike Trout Black Refractor /10 Los Angeles Angels #26
27,,,"2025 Bowman Chrome - Mike Trout, Mike Trout #27 Geometric Refractor /499"
27,,,MIKE TROUT 2025 Bowman Chrome #27 TRUE ORANGE Refractor SSP /25 - ANGELS
27,,,2025 Bowman Chrome Mike Trout #27 Geometric Refractor #449/499 Angels
BS-9,,,2025 Bowmanâs Best Mike Trout Showpieces Insert BS-9 Angels
27,,,2025 Bowman Chrome - Mike Trout #27 Fuchsia Wave Refractor /299
27,,,2025 Bowman Chrome #27 Mike Trout Geometric #/499
27,,,2025 Bowman Chrome - Mike Trout #27 Mega Box Mojo Refractor
42,,,Moises Ballesteros 2025 Bowman Chrome -  #42 Fuchsia Wave Refractor /299 (RC)
42,,,2025 Bowman Chrome Moises Ballesteros Fuchsia Refractor /299 (RC) Cubs #42
42,,,2025 Bowman Chrome - Moises Ballesteros (RC) #42 Purple Geometric Refractor /250
42,,,MOISES BALLESTEROS (2) 2025 BOWMAN CHROME MOJO RC #42 2023 PRO DEBUT #PD166
42,,,2025 Bowman Chrome MOISES BALLESTEROS Blue Geometric Refractor Rc /150 #42 Cubs
42,,,2025 Bowman Chrome Moises Ballesteros Cubs RC #42
42,,,MOISES BALLESTEROS 2025 Bowman Chrome Fuchsia Refractor 86/299 (RC) Cubs #42
42,,,2025 Bowman Chrome - Moises Ballesteros #42 Mega Box Mojo Refractor (RC)
42,,,2025 Bowman Chrome AQUA Lava RC Moises Ballesteros #42! Chicago Cubs Rookie /199
42,,,2025 Bowman Chrome - Moises Ballesteros #42 Geometric Refractor /499 (RC)
42,,,2025 Bowman Chrome -  Moises Ballesteros #42 Refractor /499 (RC)
42,,,2025 Bowman Chrome RC Moises Ballesteros Mojo Refractor#42 Cubs
42,,,2025 Bowman Chrome #42 Moises Ballesteros RC Rookie Gold Geometric /50 Cubs
42,,,2025 Bowman Chrome #42 Moises Ballesteros RC Rookie True Gold /50 Chicago Cubs
42,,,2025 Bowman Chrome #42 Moises Ballesteros RC Rookie Orange /25 Chicago Cubs
BCP-11,,,2023 1st Bowman Sapphire Edition - Chrome Prospects Moises Ballesteros #BCP-11
42,,,2025 Bowman Chrome Blue Wave Refractor /150 Moises Ballesteros MoisÃ©s #42 1an8
42,,,2025 Bowman Chrome Moises Ballesteros #42 Pulsar Refractor /399 (RC) Cubs
42,,,2025 Bowman Chrome Moises Ballesteros #42 RC Fuchsia Wave Refractor /299 Cubs
42,,,2025 Bowman Chrome - Moises Ballesteros #42 Fuchsia Refractor /299 (RC)
64,,,2025 Bowmanâs Best #64 Mookie Betts Lazer Refractor /350
26,,,Topps 2025 Bowman Chrome Mookie Betts #26 Aqua Geometric Refractor /125 Dodgers
26,,,2025 Bowman Chrome #26 Mookie Betts Wave #/100
26,,,"2025 Bowman Chrome - Mookie Betts, Mookie Betts #26 Green Geometric Refractor/99"
26,,,2025 Bowman Chrome Mookie Betts #26 Pulsar Refractor /399 Dodgers Baseball
26,,,2025 Bowman Chrome - Mookie Betts #26 Gold Mojo Refractor /50ð¥ð¥
26,,,2025 Bowman Chrome - Mookie Betts #26 Mojo Refractor /250
26,,,2025 Bowman Chrome #26 Mookie Betts /150 Blue Wave Refractor Dodgers
26,,,Topps 2025 Bowman Chrome Mookie Betts #26 Los Angeles Dodgers /100
93,,,"2025 Bowman Chrome - Nick Kurtz, Nick Kurtz #93 (RC)"
93,,,2025 Bowman Chrome - Nick Kurtz #93 SP Rookie Red RC Variation (RC)
93,,,2025 Bowman Chrome #93 Nick Kurtz
42,,,2025 Bowmanâs Best Nick Kurtz #42 Wave RC Refractor Athletics
93,,,2025 Bowman Chrome Nick Kurtz #93 Green Wave Refractor 92/99 RC
42,,,2025 Bowmanâs Best NICK KURTZ #42 YELLOW REFRACTOR RC 53/75
93,,,"2025 Bowman Chrome - Nick Kurtz, Nick Kurtz #93 (RC)"
93,,,"2025 Bowman Chrome - Nick Kurtz, Nick Kurtz #93 Geometric Refractor /499 (RC)"
93,,,2025 Bowman Chrome Nick Kurtz True Green /99 Color-Match Rookie #93 RC Athletics
93,,,2025 Bowman Chrome Nick Kurtz SP Red Rookie Variation #93 Athletics
93,,,2025 Bowman Chrome - Image Variation Nick Kurtz #93 Mega Box Mojo Refractor (RC)
BP-68,,,Nolan Arenado Retro Logo Foil SSP 2025 Bowman #BP-68 Case Hit Cardinals!
64,,,2025 Topps Ozzie Albies Bowman #64 Blue Atlanta Braves Baseball
40,,,2025 Bowmanâs Best PAUL SKENES True Gold Refractor 23/50 #40 Pirates
51,,,Pete Alonso 2025 Bowmanâs Best Blue Lazer Refractor /150 New York Mets #51
87,,,2025 Topps Archives Series '22 Bowman Pete Alonso AUTO 1/1 #87
21,,,"2025 Bowmanâs Best Baseball #21 Rafael Devers, San Francisco Giants"
21,,,/199 Rafael Devers 2025 Bowmanâs Best #21 AQUA LAVA REFRACTOR - Giants
21,,,2025 Bowmanâs Best Rafael Devers /250 Chrome Mojo Refractor #21 - Giants
35,,,2025 Bowman Chrome -RANDY AROZARENA #35 -AQUA ð³ Geometric Refractor /125
35,,,"2025 Bowman Chrome - Randy Arozarena, Randy Arozarena #35 Refractor /499"
35,,,2025 Bowman Chrome #35 Randy Arozarena True Gold /50
35,,,2025 Bowman Chrome Refractor /499 Randy Arozarena # 35
35,,,2025 Bowman Chrome Randy Arozarena /199 Aqua RayWave Refractor #35 Mariners
35,,,2025 Bowman Chrome #35 Randy Arozarena Blue Geometric #/150
35,,,Randy Arozarena 2025 Bowman Chrome #35 Green Wave #/99
35,,,2025 Bowman Chrome Randy Arozarena #35 Yellow Refractor /75 J1
35,,,2025 Bowman Chrome Blue Refractor #35 - Randy Arozarena /150
35,,,2025 Bowman Chrome Sapphire Edition #35 Randy Arozarena
35,,,2025 Bowman Chrome Blue Wave Refractor /150 Randy Arozarena #35
35,,,2025 Bowman Chrome - Randy Arozarena #35 Blue Wave Refractor /150
35,,,2025 Bowman Chrome Gold Refractor #35 Randy Arozarena Bookend! 50/50 MARINERS
35,,,2025 Bowman Chrome #35 Randy Arozarena Green Refractor /99 Mariners
35,,,"2025 Bowman Chrome - Randy Arozarena, Randy Arozarena #35 Refractor /499"
35,,,2025 Bowman Chrome Randy Arozarena #35 Blue Wave Refractor /150
35,,,"2025 Bowman Chrome - Randy Arozarena, Randy Arozarena #35 Blue Refractor /150"
35,,,2025 Bowman Chrome Randy Arozarena /199 Aqua RayWave Refractor #35 COLOR MATCH
35,,,2025 Bowman Chrome - Randy Arozarena #35 Geometric Refractor /499
16,,,2025 Bowman Riley Greene Pink #16 88/175
1,,,Roman Anthony RARE ROOKIE REFRACTOR BOWMAN #1 PROSPECT INVESTMENT CARD SSP MINT
BP-2,,,2025 Bowman Romeo Sanabria BP-2 Blue Parallel 110/150 San Diego Padres
13,,,2025 Bowman Chrome #13 Ronald AcuÃ±a Jr. Fuchsia #/299
13,,,2025 Bowman Chrome #13 Ronald AcuÃ±a Jr. Refractor /499 Atlanta Braves
13,,,2025 Bowman Chrome - Ronald AcuÃ±a Jr. #13 Pink Mojo Refractor /199
13,,,2025 Bowman Chrome Ronald AcuÃ±a Jr. #13 Yellow Refractor /75
13,,,2025 Bowman Chrome Ronald Acuna Jr. #13   Mojo Image Variation Atlanta Braves
13,,,2025 Bowman Chrome - Ronald AcuÃ±a Jr. #13 Mojo Refractor
13,,,2025 Topps Bowman Best Ronald AcuÃ±a Jr. #13 True Red  /5 Atlanta Braves
13,,,2025 Bowman Chrome Ronald AcuÃ±a Jr. Mojo Refractor #13 Atlanta Braves
13,,,2025 Bowman Chrome - Ronald AcuÃ±a Jr. #13 Mega Box Mojo Refractor
13,,,"2025 Bowman Chrome - Ronald AcuÃ±a Jr., #13 Orange Geometric Refractor /25"
13,,,"2025 Bowman Chrome - Ronald AcuÃ±a Jr., Ronald AcuÃ±a Jr. #13 Green Refractor /99"
13,,,2025 Bowman Chrome - Ronald AcuÃ±a Jr. #13 Pink Mojo Refractor /199 ð¥
13,,,"2025 Bowman Chrome - Ronald AcuÃ±a Jr., Ronald AcuÃ±a Jr. #13 Geometric Refractor"
13,,,"2025 Bowman Chrome - Ronald AcuÃ±a Jr., Ronald AcuÃ±a Jr. #13 Refractor /499"
13,,,Topps 2025 Bowman Chrome Ronald AcuÃ±a Jr. #13 Serial Numbered Braves /250
13,,,2025 Bowman Chrome - Ronald AcuÃ±a Jr. #13 Pink Mojo Refractor /199
BP-1,,,2024 Bowman - Prospects Yellow Border #BP-1 Ryan Clifford /75 (RC)
23,,,2025 Bowman Chrome - Salvador Perez #23 Purple Geometric 230/250
23,,,2025 Bowman Chrome - Salvador Perez #23 - Blue Geometric Refractor 024/150
23,,,2025 Bowman Chrome #23 Salvador Perez Kansas City Royals
23,,,2025 Bowman Chrome - Salvador Perez #23 Aqua Raywave Refractor 199/199 Royals
23,,,2025 Bowman Chrome #23 Salvador Perez Blue Wave #/150
23,,,Salvador Perez 2025 Bowman Chrome Baseball #23 Green Refractor /99 Royals
23,,,2025 Bowman Chrome Salvador Perez Pulsar Refractor /399  #23 KC Royals
23,,,2025 Bowman Chrome Blue Refractor 043/150 Salvador Perez #23 KC Royals
23,,,2025 TOPPS BOWMAN CHROME SALVADOR PEREZ KANSAS CITY ROYALS #23
23,,,"2025 Bowman Chrome - Salvador Perez, Salvador Perez #23 Blue Refractor /150 M"
23,,,2025 Bowman Chrome #23 Salvador Perez Green Geometric #/99
23,,,2025 Bowman Chrome Salvador Perez Refractor #/499 Kansas City Royals #23
23,,,2025 Bowman Chrome Salvador Perez #23
23,,,Salvador Perez 2025 Bowman Chrome #23 Purple Geometric Refractor /250 KC Royals
23,,,Salvador Perez 2025 Bowman Chrome Sapphire Edition #23 Royals
23,,,Salvador Perez 2025 Bowman Chrome #23 Gold Geometric /50 KC Royals
23,,,"2025 Bowman Chrome - Salvador Perez, Salvador Perez #23 Refractor /499"
23,,,2025 Bowman Chrome Salvador Perez Blue Geometric Refractor /150 #23 - Royals â¾ï¸
23,,,2025 Bowman Chrome - Salvador Perez #23 Blue Refractor /150 Royals - Color Match
23,,,2025 Bowman Chrome Salvador Perez Wave Refractor /100 #23 Kansas City Royals
23,,,2025 Bowman Chrome - Salvador Perez #23 Pulsar Refractor /399
23,,,2025 Bowman Chrome Salvador Perez Royals /75 Yellow Refractor #23
23,,,2025 Bowman Chrome Sapphire Edition #23 Salvador Perez Gold Sapphire #/50
23,,,2025 Bowman Chrome #23 Salvador Perez Refractor #/499
23,,,2025 Bowman Chrome #23 Salvador Perez Aqua Raywave #/199
23,,,2025 Bowman Chrome #23 Salvador Perez Refractor /499
23,,,"2025 Bowman Chrome - Salvador Perez, Salvador Perez #23 Geometric Refractor /499"
23,,,#23 2025 Bowman Chrome BASE * Salvador Perez Royals
23,,,#23 2025 Bowman Chrome BASE Salvador Perez Royals
1,,,#1 UPDATED!ð¥ALL SETS  2024 SEASON TOPPS BASEBALL PARALLEL & INSERTSð¥
BP-27,,,Shohei Ohtani 2025 Bowmanâs Best Best Performances Insert BP-27 Dodgers MVP ð¥
BS-12,,,Shohei Ohtani 2025 Bowmanâs Best Showpieces Insert SP Dodgers #BS-12
BP-21,,,Shohei Ohtani BP-21 Best Performances | 2025 Bowmanâs Best | Dodgers Insert
19,,,2025 Bowman Chrome Shota Imanaga/499 #19
19,,,2025 Bowman Chrome Shota Imanaga #19 Green /99
19,,,2025 Bowman Chrome #19 Shota Imanaga Purple Geometric Refractor  212/250Cubs
19,,,"2025 Bowman Chrome - Shota Imanaga, Shota Imanaga #19 Blue Refractor /150"
19,,,Shota Imanaga 2025 Topps Chrome  Black Geometric 10/10 #19 Bookend! Cubs
19,,,2025 Bowman Chrome #19 - Shota Imanaga - Chicago Cubs
19,,,2025 Bowman Chrome #19 Shota Imanaga Geometric #/499
19,,,2025 Bowman Chrome #19 Shota Imanaga
19,,,Shota Imanaga 2025 Bowman Chrome Geometric Refractor /499 #19 Chicago Cubs
19,,,"2025 Bowman Chrome - Shota Imanaga, #19 Geometric Refractor 302/499"
19,,,2025 Bowman Chrome Shota Imanaga #19 Chicago Cubs Baseball Card MLB
19,,,2025 Bowman Chrome - Shota Imanaga #19 Blue Refractor /150 Chicago Cubs
19,,,2025 Bowman Chrome Sapphire Edition Gold Shota Imanaga #19 Chicago Cubs /50
19,,,"2025 Bowman Chrome - Shota Imanaga, Shota Imanaga #19 Geometric Refractor /499"
19,,,2025 Bowman Chrome #19 Shota Imanaga Fuchsia Refractor SP /299
84,,,2025 Bowman Chrome Spencer Schwellenbach Rookie #84 RC Atlanta Braves
84,,,2025 Bowman Chrome - Spencer Schwellenbach #84 Blue Wave Refractor /150 (RC)
84,,,2025 Bowman Chrome Spencer Schwellenbach RC Blue Wave Refractor /150 #84 Braves
84,,,SPENCER SCHWELLENBACH 2025 Bowman Chrome #84 REFRACTOR /499 RC
84,,,2025 Bowman Chrome #84 Spencer Schwellenbach Blue #/150
84,,,2025 Bowman Chrome #84 Spencer Schwellenbach Refractor #/499 Rookie
84,,,2025 Bowman Chrome #84 Spencer Schwellenbach Refractor #/499
1,,,2025 Bowman U Topps Now GAVIN MCKENNA #1 - Penn State
95,,,2025 Bowman Chrome Tarik Skubal #95 Gold Refractor /50
95,,,2025 Bowman Chrome - PURPLE Mojo - Tarik Skubal #95 ð¥#016/250!ð¥ FS!
95,,,2025 Bowman Chrome Sapphire Edition - Tarik Skubal #95 Yellow 63/75ð¥
95,,,2025 Bowman Chrome Sapphire TARIK SKUBAL /50 Gold #95 Detroit Tigers
95,,,"2025 Bowman Chrome - Tarik Skubal, Tarik Skubal #95 Fuchsia Refractor /299"
95,,,"2025 Bowman Chrome - Tarik Skubal, Tarik Skubal #95 Refractor /499"
95,,,2025 Bowman Chrome #95 Tarik Skubal Purple Geometric #/250
95,,,2025 Bowman Chrome - Tarik Skubal #95 Red Mojo Refractor /5
95,,,2025 Bowman Chrome - Tarik Skubal #95 Detroit Tigers
12,,,ð¥TARIK SKUBALð¥ 2025 Bowman Best *GOLD REFRACTOR /50 SP* #12 DETROIT TIGERS!
95,,,2025 Bowman Chrome Sapphire Edition - Tarik Skubal #95
12,,,2025 Bowmanâs Best Tarik Skubal Black Refractor /10 Detroit Tigers #12
95,,,2025 Bowman Chrome Tarik Skubal Blue Wave Refractor 5/150 #95
95,,,"2025 Bowman Chrome - Tarik Skubal, #95 True Green Refractor 74/99 Detroit"
49,,,2025 Bowman Chrome Draft Prospect Rookie Travis Bazzana #49 Guardians
82,,,2025 Bowman Chrome #82 Trea Turner Philadelphia Phillies
82,,,2025 Bowman Chrome Orange Refractor Philadelphia Phillies Trea Turner 24/25 #82
82,,,2025 Bowman Chrome #82 Trea Turner BASEBALL Philadelphia Phillies
82,,,2025 Bowman Chrome Trea Turner #82 Gold Geometric Refractor 48/50 Phillies
82,,,"2025 Bowman Chrome - Trea Turner, Trea Turner #82 Fuchsia Refractor /299"
82,,,2025 Bowman #82 Trea Turner Fuchsia Wave Refractor/299
82,,,2025 Bowman Chrome Trea Turner /499 Refractor #82 - Phillies
82,,,"2025 Bowman Chrome - Trea Turner, Trea Turner #82 Geometric Refractor /499"
82,,,2025 Bowman Chrome #82 Trea Turner Blue Geometric #/150
25,,,2025 BOWMAN CHROME TREY SWEENEY RED LOGO RC ROOKIE REDEMPTION TIGERS #25
25,,,Trey Sweeney 2025 Bowman Chrome Aqua Geometric /125 #25 Tigers
25,,,2025 Bowman Chrome #25 Trey Sweeney RC Detroit Tigers
25,,,2025 Bowman Chrome Trey Sweeney RC Black Refractor /10 Detroit Tigers #25
25,,,2025 Bowman Chrome Baseball-Trey Sweeney #25-Red RC Variation
25,,,2025 Bowman Chrome Sapphire Trey Sweeney RC Detroit Tigers #25
25,,,2025 Bowman Chrome RC Red Logo Rookie Card #25 Trey Sweeney SP Variation
25,,,2025 Bowman Chrome #25 Trey Sweeney
25,,,2025 Bowman Chrome Trey Sweeney Red Rookie #25 Tigers RC
25,,,2025 Bowman Chrome #25 Trey Sweeney
25,,,2025 Bowman Chrome Trey Sweeney #25 RED RC Refractor Tigers
25,,,2025 Bowman Chrome Red Logo Rookie - Trey Sweeney #25 (RC) Tigers
25,,,2025 Bowman Chrome #25 Trey Sweeney rc
BTP-87,,,TREY SAVAGE 2025 Bowman Scouts Top 100 Chrome Mini-Diamond /150 #BTP-87 BLUEJAYS
86,,,2025 Bowman Chrome #86 Tsung-Che Cheng Green Wave /99
86,,,2025 Bowman Chrome #86 Tsung-Che Cheng RC Orange Refractor/25 - Pirates (+2)
86,,,2025 Bowman Chrome - Tsung-Che Cheng #86 Red Rookie Redemption
86,,,Bowman 2025 Chrome Tsung-Che Cheng Pittsburgh Pirates Gold #86 Rookie /50
86,,,2025 Bowman Chrome - Tsung-Che Cheng #86 Fuchsia Wave Refractor /299 (RC)
86,,,2025 Bowman Chrome Sapphire Edition Tsung-Che Cheng #86 Pittsburgh Pirates RC
86,,,2025 Bowman Chrome #86 Tsung-Che Cheng RC Red Rookie Pittsburgh Pirates
86,,,2025 Bowman Chrome Tsung-Che Cheng #86 Yellow /75 (RC)
68,,,2025 Bowman U Chrome Tyler Hendricks #68 Black Wave UCF
68,,,2025 Bowman U Chrome Tyler Hendricks #68 Black Wave UCF
74,,,2025 Bowman Chrome #74 Vladimir Guerrero Jr. Mojo Refractor Toronto Blue Jays
74,,,2025 Bowman Chrome #74 Vladimir Guerrero Jr. Fuchsia /299
74,,,2025 Bowman Chrome - Vladimir Guerrero Jr. #74 Aqua Raywave Refractor /199
74,,,2025 Bowman Chrome Vladimir Guerrero Jr. #74 Blue Wave Refractor 147/150
74,,,"2025 Bowman Chrome - Vladimir Guerrero Jr., Vladimir Guerrero Jr. #74  **2/25**"
74,,,2025 Bowman Chrome #74 Vladimir Guerrero Jr Base Toronto Blue Jays
74,,,Vladimir Guerrero Jr. 2025 Bowman Chrome Sapphire Edition #74 Yellow /75
74,,,2025 Bowman Chrome - Vladimir Guerrero Jr. #74 Pulsar Refractor /399 Blue Jays
74,,,2025 Bowman Chrome - Vladimir Guerrero Jr. #74 Purple Mojo Refractor /250
74,,,2025 Bowman Chrome - Vladimir Guerrero Jr. #74 Mega Box Mojo Refractor
BTP-87,,,2025 Bowman Chrome Welbyn Francisca Top 100 Prospects - #BTP-87 Guardians Rookie
23,,,2025 Bowmanâs Best Will Smith #23 Lazer Refractor  /350
23,,,2025 Bowmanâs Best #23 Will Smith Gold Refractor /50
23,,,"2025 Bowmanâs Best Baseball #23 Will Smith, Los Angeles Dodgers"
23,,,2025 Bowmanâs Best Will Smith #23 Refractor - Los Angeles Dodgers
23,,,Will Smith 2025 Bowmanâs Best Refractor #23 Los Angeles Dodgers
14,,,Willy Adames 2025 Bowman Chrome Yellow Sapphire #14 Giants Rays Brewers /75
14,,,2025 Bowman Chrome Willy Adames #14 Orange Geometric Refractor /25 JERSEY# MATCH
14,,,2025 Bowman Chrome #14 Willy Adames Refractor #/499
14,,,"2025 Bowman Chrome- Willy Adames, Willy Adames #14 Green Geometric Refractor /99"
14,,,2025 Bowman Chrome - Willy Adames #14 Pink Mojo Refractor /199
14,,,2025 Bowman Chrome Fuchsia Wave #14 Willy Adames 169/299 Giants
14,,,2025 Bowman Chrome - Willy Adames #14 Blue Wave Refractor /150
14,,,Willy Adames 2025 Bowman Chrome Pulsar Refractor 207/399 #14
14,,,2025 Bowman Chrome #14 Willy Adames Fuchsia Wave /299
14,,,2025 Bowman Chrome Willy Adames Mojo Refractor #14 San Francisco Giants
14,,,"2025 Bowman Chrome - Willy Adames, Willy Adames #14 Fuchsia Refractor /299"
14,,,L860 WILLY ADAMES 2025 BOWMAN CHROME TRUE ORANGE REFRACTOR 1/25 GIANTS #14
14,,,2025 Bowman Chrome Baseball Willy Adames Blue Refractor 062/150 #14
14,,,2025 Bowman Chrome - Willy Adames #14 Aqua Mojo Refractor 282/299- Giants
14,,,Willy Adames 2025 Bowman Chrome Fuchsia Wave /299 Giants #14
14,,,2025 Bowman Chrome Fuchsia Pink Refractor #14 Willy Adames #d 20/299
14,,,Willy Adames 2025 Bowman Chrome #14 Pulsar Refractor #/399 San Francisco Giants
14,,,2025 Bowman Chrome - Willy Adames #14 Blue Refractor /150 San Francisco Giants
14,,,Willy Adames 2025 Bowman Chrome Purple Geometric Refractor #'d /250 #14
14,,,2025 Bowman Chrome - Willy Adames #14 Purple Mojo Refractor /250 giants
14,,,2025 Bowman Chrome - Willy Adames Blue Wave /150 #14
14,,,"2025 Bowman Chrome - Willy Adames, Willy Adames #14 Fuchsia Refractor /299"
13,,,2025 Bowman Chrome - Willy Adames Green Wave Refractor /99 SF Giants #13
14,,,2025 Bowman Chrome Willy Adames Refractor /499 Giants #14
14,,,2025 Bowman Chrome Willy Adames #14 Red Refractor 5/5 Book End Giants
36,,,2025 Bowman Chrome Silver Wave Refractor #36 Wyatt Langford /100
36,,,2025 Bowman Chrome Fuchsia Refractors #36 Wyatt Langford /299
36,,,2025 Bowman Chrome Yellow Wyatt Langford /75 Rangers #36
36,,,2025 Bowman Chrome - Wyatt Langford #36 Yellow Mojo Refractor /75
36,,,Wyatt Langford 2025 Bowman Chrome /100 Silver Wave Refractor Parallel #36
36,,,2025 Bowman Chrome Blue /150 Wyatt Langford #36 Texas Rangers Baseball Card
36,,,"2025 Bowman Chrome Wyatt Langford, Wyatt Langford #36 TRUE ORANGE  /25"
36,,,2025 Bowman Chrome #36 Wyatt Langford Purple Geometric #/250 Texas Rangersð¥ð¥ð
36,,,2025 Bowman Chrome WYATT LANGFORD #36 Gold ##/50 Texas Rangers
36,,,2025 Bowman Chrome - Wyatt Langford #36 Yellow Refractor /75
36,,,2025 Bowman Chrome #36 Wyatt Langford Orange Refractor #/25
36,,,2025 Bowman Chrome #36 Wyatt Langford Sapphire Black Refractor /10
36,,,WYATT LANGFORD 2025 Bowman Chrome #36 Aqua RayWave Refractor /199
36,,,2025 BOWMAN CHROME WYATT LANGFORD GOLD MOJO REFRACTOR /50  TEXAS RANGERS #36
36,,,2025 Bowman Chrome #36 Wyatt Langford Purple Geometric #/250 BZ43
BCP-133,,,Xavier Isaac 2024 Bowman Chrome Prospect Yellow Mega Refractor 54/75 #BCP-133
BCP-145,,,2023 Bowman Xavier Isaac 1st Lunar Glow Refractor SP #BCP-145 Chrome RC Parallel
BCP-145,,,2025 Bowman Chrome 1ST - XAVIER ISAAC LUNAR GLOW REFRACTOR - #BCP-145 | Rays
2,,,2025 Bowman Chrome Prospect Refractor 418/499 Yeremy Cabrera Yeremi Auto #2
1,,,2025 Bowman Chrome Prospect Refractor /499 Yeremy Cabrera Yeremi Auto #1
81,,,2025 Bowman Chrome Aqua Lava Yordan Alvarez 135/199 #81
81,,,YORDAN ALVAREZ 2025 Bowman Chrome #81 Astros Aqua RayWave Refractor /199
81,,,2025 Bowman Chrome - Yordan Alvarez #81 Purple Mega Refractor /250
81,,,2025 Bowman Chrome Mega Yordan Alvarez #81 Pink Mojo Refractor /199 - Astros
81,,,2025 Bowman Chrome #81 Yordan Alvarez Mojo Refractor Houston Astros
81,,,2025 Bowman Chrome - Yordan Alvarez #81 Mega Box Mojo Refractor
81,,,2025 Bowman Chrome #81 Yordan Alvarez Refractor # 345/499 Astros
81,,,#81 Yordan Alvarez 2025 Bowman Chrome - Fuchsia Wave #/299
81,,,2025 Bowman Chrome Yordan Alvarez Blue Wave Refractor /150 #81 Astros
81,,,2025 Bowman Chrome #81 Yordan Alvarez Pulsar #/399 Astros
81,,,Yordan Alvarez 2025 Bowman Chrome Mojo Refractors #81 Houston Astros
81,,,2025 Topps Bowman Chrome Yordan Alvarez #81 Green Wave Refractor /99 Astros
81,,,2025 Bowman Chrome Yordan Alvarez #81 Houston Astros - NM/MT
81,,,Yordan Alvarez 2025 Bowman Chrome #81 Blue Geometric /150 Houston Astros
81,,,2025 Bowman Chrome Yordan Alvarez #81 Purple Mojo Refractor /250 Astros
81,,,2025 Bowman Chrome - Yordan Alvarez #81 Mega Box Mojo Refractor
81,,,2025 Bowman Chrome #81 Yordan Alvarez Fuchsia Wave #/299
81,,,Yordan Alvarez 2025 Bowman Chrome M/B #81 Green Mojo Refractor /99 Astros ð¥ð¥ð¥
81,,,2025 Bowman Chrome - Yordan Alvarez  #81 Houston Astros
81,,,2025 Bowman Chrome - Yordan Alvarez #81 Purple Mojo Refractor /250
81,,,2025 Bowman Chrome #81 Yordan Alvarez Blue Wave #/150 BZ24
81,,,2025 Bowman Chrome Refractor Yordan Alvarez /499 Houston Astros #81
81,,,Yordan Alvarez Astros 2025 Bowman Chrome #81 Geometric Refractor /499
76,,,2025 Bowman Chrome #76 YOSHINOBU YAMAMOTO Wave Refractor /100 Dodgers ð¥
76,,,Yoshinobu Yamamoto 2025 Bowman Chrome #76 Mojo Refractors
76,,,Yoshinobu Yamamoto 2025 Bowman Chrome Sapphire Edition #76
76,,,2025 Bowman Chrome - Yoshinobu Yamamoto #76 Aqua Mojo Refractor 284/299 Dodgers
76,,,"2025 Bowman Chrome - Yoshinobu Yamamoto,   #76 Gold Refractor /50"
76,,,2025 Bowman Chrome Sapphire Edition - Yoshinobu Yamamoto #76
76,,,"2025 Bowman Chrome - Yoshinobu Yamamoto, Yoshinobu Yamamoto #76"
76,,,2025 Bowman Chrome Yoshinobu Yamamoto #76 Purple Geometric Refractor /250
76,,,Yoshinobu Yamamoto 2025 Bowman Chrome Refractor Blue Mojo /150 #76 Dodgers
76,,,2025 Bowman Chrome - Yoshinobu Yamamoto #76 Pulsar Refractor /399 - Dodgers
76,,,2025 Bowman Chrome - Yoshinobu Yamamoto #76 Mega Box Mojo Refractor
76,,,2025 Bowman Chrome - Yoshinobu Yamamoto #76 Mega Box Mojo Refractor
76,,,2025 Topps Bowman Chrome #76 Yoshinobu Yamamoto Geometric /499 LA Dodgers
47,,,2025 Bowmanâs Best Zach Neto #47 Refractor
72,,,"2025 Bowman Chrome - Zack Wheeler, Zack Wheeler #72 Orange Refractor/25 cy young"
72,,,2025 Bowman Chrome - ZACK WHEELER #72 ðµ True Blue Refractor â¨/150
72,,,"2025 Bowman Chrome - Zack Wheeler, Zack Wheeler #72 Fuchsia Refractor /299"
72,,,2025 Bowman Chrome #72 ZACK WHEELER Blue Wave Refractor #/150
72,,,2025 Bowman Chrome #72 Zack Wheeler Philadelphia Phillies
72,,,2025 Bowman Chrome Zack Wheeler Blue /150 Philadelphia Phillies #72
72,,,2025 Bowman Chrome - Zack Wheeler #72 Wave Refractor /100
72,,,2025 Bowman Chrome - Zack Wheeler #72 Pulsar Refractor /399
72,,,2025 Bowman Chrome - Zack Wheeler #72 Pulsar Refractor #/399 Phillies
72,,,2025 Bowman Chrome #72 Zack Wheeler Pulsar #/399
72,,,2025 Bowman Chrome Zack Wheeler Orange Sapphire #72 Card #/25 MLB Phillies
72,,,"2025 Bowman Chrome Sapphire - Zack Wheeler, Zack Wheeler #72 Gold Refractor /50"
72,,,2025 Bowman Chrome - Zack Wheeler #72 Wave Refractor /100
72,,,2025 Bowman Chrome #72 Zack Wheeler Refractor /499
72,,,2025 Bowman Chrome - Zack Wheeler #72 Fuchsia Wave Refractor /299
72,,,2025 Bowman Chrome - Zack Wheeler #72 Fuchsia Wave Refractor /299
72,,,2025 Bowman Chrome - Zack Wheeler #72 - Fuschia Wave Refractor /299
72,,,2025 Bowman Chrome #72 Zack Wheeler Geometric #/499
72,,,2025 Bowman Chrome #72 Zack Wheeler Pulsar #/399
CPA-ARO,,,Alejandro Rosario 2025 Bowman Chrome Auto Rangers Card #CPA-ARO
CPA-ARO,,,2025 Bowman Chrome ALEJANDRO ROSARIO #CPA-ARO Speckle Refractor RC AUTO /299
CPA-ARO,,,2025 Bowman Chrome #CPA-ARO Alejandro Rosario Prospect Autographs
CPA-ARO,,,Alejandro Rosario 2025 Bowman Chrome 1st Auto #CPA-ARO [Rangers]
CPA-ARO,,,Alejandro Rosario Autographs Mini-Diamond 1st /100 2025 Bowman Chrome #CPA-ARO
CPA-ARO,,,2025 Bowman Chrome #CPA-ARO Alejandro Rosario Prospect Autographs Speckle #/299
CPA-ARO,,,Alejandro Rosario 1st Bowman Auto CPA-ARO 2025 Rangers Prospect
CPA-ABR,,,2025 Bowman Chrome Prospect Auto Anderson Brito #CPA-ABR Auto v8j
CPA-ABR,,,2025 Bowman Chrome Prospect Auto Anderson Brito #CPA-ABR Auto v8j
CPA-ABR,,,2025 Bowman Chrome Anderson Brito 1st Bowman Auto Speckle /299 Astros #CPA-ABR
CPA-ABR,,,2025 Bowman Chrome Prospect Auto Anderson Brito 1st Bowman Auto #CPA-ABR Astros
CPA-ABR,,,2025 Bowman Chrome - Prospect Autographs Anderson Brito #CPA-ABR Blue Refractor
CPA-ABR,,,"2025 Bowman Chrome - Prospect Autographs Anderson Brito #CPA-ABR (AU, RC)"
CPA-ABR,,,"2025 Bowman Chrome - Prospect Autographs Anderson Brito #CPA-ABR (AU, RC)"
CPA-AG,,,2025 Bowman Chrome Asbel Gonzalez 1st Bowman Auto CPA-AG Card KC Royals (RM)
CPA-AG,,,2025 BOWMAN CHROME 1ST ASBEL GONZALEZ AUTO #CPA-AG
CPA-AG,,,"2025 Bowman Chrome - Prospect Autographs Asbel Gonzalez, Asbel Gonzalez #CPA-AG"
CPA-AG,,,2025 Bowman Chrome Prospects Asbel Gonzalez 1st Bowman Auto CPA-AG Royals
CPA-AG,,,2025 Bowman Chrome #CPA-AG Asbel Gonzalez Prospect Autographs
CPA-AG,,,2025 Bowman Chrome - 1st Bowman Asbel Gonzalez Auto #CPA-AG Purple /250 - Royals
CPA-AG,,,2025 Bowman Chrome - 1st Bowman Asbel Gonzalez Auto #CPA-AG - Kansas City Royals
CPA-AG,,,ASBEL GONZALEZ 2025 Bowman Chrome 1st Rookie RC Autograph Auto #CPA-AG
CPA-AG,,,"2025 Bowman Chrome - Prospect Autographs Asbel Gonzalez, Asbel Gonzalez #CPA-AG"
BPA-PA,,,Blake Aita 2024 Bowman Paper Prospect Autograph No.BPA-PA Red Sox
CPA-BW,,,2025 Bowman Chrome Blake Wolters #CPA-BW Refractor Auto /499 1st Bowman Royals
CPA-BW,,,Blake Wolters 2025 Bowman Chrome 1st Auto #CPA-BW Kansas City Royals
CPA-BW,,,"2025 Bowman Chrome - Prospect Autographs Blake Wolters #CPA-BW (AU, RC)"
CPA-BW,,,2025 Bowman Chrome Baseball Blake Wolters #CPA-BW 1st Auto Purple Refractor /250
CPA-BW,,,2025 Bowman Chrome Blake Wolters Autograph /150 1st REFRACTOR #CPA-BW KC ROYALS
CPA-BW,,,2025 Bowman Chrome #CPA-BW Blake Wolters Prospect Autographs AU
CPA-BW,,,2025 Bowman Chrome - 1st Bowman Blake Wolters Auto #CPA-BW (RC) Royals
CPA-BW,,,2025 Bowman Chrome Blake Wolters 1st Orange Refractor On Card Auto /25 #CPA-BW
CPA-BP,,,Braylon Payne 2025 Bowman Chrome Reptilian Green Auto /99 #CPA-BP
CPA-BP,,,2025 Bowman Chrome Gold Refractor #CPA-BP Braylon Payne Auto Rc /50
CPA-BP,,,2025 Braylon Payne Bowman Chrome Auto Orange Wave /25 #CPA-BP Milwaukee Brewers
CPA-BP,,,2025 Bowman Chrome BRAYLON PAYNE 32/50 Auto Gold Shimmer Refractor #CPA-BP
CPA-BP,,,2025 Bowman Chrome Braylon Payne #CPA-BP Rookie RC Auto Purple Refractor # /250
CPA-BP,,,"2025 Bowman Chrome - Prospect Autographs Braylon Payne, Braylon Payne #CPA-BP..."
CPA-BP,,,2025 Bowman Chrome #CPA-BP Braylon Payne Prospect Autographs Orange Shimmer #/25
CPA-BL,,,2025 Bowman Chrome Brooks Lee Green Refractor Auto /99 RC Minnesota Twins CPA-BL
CPA-BL,,,2025 Bowman Chrome Brooks Lee Green Refractor Auto /99 RC Minnesota Twins CPA-BL
CPA-BL,,,2025 Bowman Chrome Brooks Lee Green Refractor Auto /99 RC Minnesota Twins CPA-BL
BCP-180,,,2025 Bowman Chrome -  Bryce Eldridge #BCP-180 Pink Mojo Refractor /199 Giants
BCP-180,,,"2025 Bowman Chrome - Prospects Bryce Eldridge, BCP-180 Green Wave Refractor /99"
BCP-180,,,2025 Bowman Chrome Bryce Eldridge Black Wave REFRACTOR  BCP-180  /10 Giants
BCP-180,,,2025 Bowman Chrome Aqua Mojo Refractor Bryce Eldridge #BCP-180 /299
BCP-180,,,2025 Bowman Chrome Bryce Eldridge Gold Geometric Refractor #/50 #BCP-180 Giants
BCP-180,,,2025 bowman chrome - bryce eldridge bcp-180 Reptilian Orange /25
BCP-180,,,2025 Bowman Chrome Prospects Bryce Eldridge #BCP-180 Gold Shimmer # /50 Giants
BCP-180,,,2025 Bowman Chrome - Bryce Eldridge - /150 Reptilian Blue - Giants #BCP-180
BCP-180,,,2025 Bowman Chrome Bryce Eldridge Base BCP-180 Giants â¾ï¸ðð¥prospects
BCP-180,,,2025 Bowman Chrome Bryce Eldridge Prospects Pearl Refractor #BCP-180 Giants
BCP-180,,,2025 Bowman Chrome Bryce Eldridge #BCP-180 Geometric Refractor /499 Giants
BCP-180,,,2025 Bowman Chrome - Prospects Bryce Eldridge #BCP-180 Green Geometric / 99
BCP-180,,,2025 Bowman Chrome BRYCE ELDRIDGE #BCP-180 TRUE YELLOW REFRACTOR/75
BCP-171,,,2025 Bowman Chrome Prospects Bubba Chandler #BCP-171 Wave Refractor /100 (RC)
BCP-171,,,2025 Bowman Chrome - Prospects Bubba Chandler #BCP-171 Aqua Mojo Refractor /299
BCP-171,,,2025 Bowman Chrome - Bubba Chandler Gold Refractor /50 Chrome Prospect #BCP-171
BCP-171,,,Bubba Chandler #/399 2025 Bowman Chrome Prospects Pulsar RC Pirates BCP-171
BCP-171,,,2025 BOWMAN CHROME PROSPECTS #BCP171 BUBBA CHANDLER PROSPECTS-GREEN REFRACTOR
BCP-171,,,2025 Bowman Chrome Prospect #BCP-171 Bubba Chandler /250 Purple Shimmer
BCP-171,,,2025 Bowman Chrome Bubba Chandler Gold Sapphire 15/50 TAG 9 #BCP-171 RC Pirates
BCP-171,,,2025 Bowman Chrome Bubba Chandler #BCP-171 Aqua Mojo Refractor /299 Pirates
BCP-171,,,Bubba Chandler Gold Geometric #BCP-171 2025 Bowman Chrome Prospects /50 RC
BCP-171,,,Bubba Chandler 2025 Bowman Chrome Prospect Wave /100 #BCP-171 Pirates ð¥
BCP-171,,,BUBBA CHANDLER  2025 BOWMAN CHROME MOJO  #BCP-171 PIRATES  PITCHER
BCP-171,,,2025 Bowman Chrome Bubba Chandler Aqua Refractor /125 #BCP-171 Pirates
BCP-171,,,2025 Bowman Chrome Sapphire Bubba Chandler BCP-171 Color Match 15/75
BCP-171,,,2025 Bowman Chrome Bubba Chandler Sapphire Blue Refractor BCP-171
BCP-171,,,BUBBA CHANDLER  2025 BOWMAN CHROME MOJO  #BCP-171 PIRATES  PITCHER
BCP-171,,,BUBBA CHANDLER 2025 Bowman Chrome #BCP-171 Fuchsia Shimmer Refractor #120/199
BCP-171,,,2025 Bowman Chrome Prospects - Bubba Chandler #BCP-171 Purple Shimmer /250
BCP-171,,,2025 Bowman Chrome Bubba Chandler #BCP-171 (RC)
BCP-171,,,2025 Bowman Chrome Bubba Chandler 274/299 Speckle Refractor #BCP-171
BCP-171,,,2025 Bowman Chrome #BCP-171 Bubba Chandler Prospects Mini-Diamond
BCP-171,,,2025 Bowman Chrome Prospect #BCP-171 Bubba Chandler /250 Purple Wave Refractor
BCP-171,,,2025 Bowman Chrome #BCP-171 Bubba Chandler Prospects Blue #/150
CRA-CH,,,2025 Bowman Chrome CADE HORTON True Gold Refractor Auto /50 CRA-CH RC Cubs
CRA-CSM,,,2025 Bowman Chrome - Rookie Autographs Cam Smith#CRA-CSM Green Refractor /99
CPA-CT,,,"2025 Bowman Chrome - Prospect Autographs Carlos Tavares, Carlos Tavares #CPA-CT"
CPA-CT,,,Carlos Tavares 2025 Bowman Chrome Yellow Refractor Auto /75 #CPA-CT Washington
CPA-CT,,,"2025 Bowman Chrome - Prospect Autographs Carlos Tavares, Carlos Tavares #CPA-CT"
CPA-CT,,,2025 Bowman Chrome #CPA-CT Carlos Tavares Prospect Autographs
CPA-CT,,,Carlos Tavares 2025 Bowman Chrome Auto Nationals Card #CPA-CT
CPA-CT,,,2025 Bowman Chrome Prospect Auto Purple Refractor /250 #CPA-CT Carlos Tavares AU
CPA-CT,,,2025 Bowman Chrome #CPA-CT Carlos Tavares Prospect Autographs Green #/99
CPA-CT,,,2025 Bowman Chrome #CPA-CT Carlos Tavares Prospect Autographs
CPA-CT,,,2025 Bowman Chrome #CPA-CT Carlos Tavares Prospect Autographs
CPA-CT,,,"2025 Bowman Chrome -  Carlos Tavares #CPA-CT Speckle Refractor /299 (AU, RC)"
CPA-CT,,,2025 Bowman Chrome - Carlos Tavares #CPA-CT Speckle Refractor /299
CPA-CT,,,Carlos Tavares 2025 Bowman Chrome 1st Auto Orange Shimmer /25 #CPA-CT (DC)
CPA-CT,,,2025 Bowman Chrome Carlos Tavares #CPA-CT Autograph Speckle Refractor #'d/100
CPA-CT,,,Carlos Tavares 2025 Bowman Chrome Yellow Refractor Auto /75 #CPA-CT Washington
CPA-CT,,,2025 Bowman Chrome #CPA-CT Carlos Tavares Prospect Autographs Refractor #/499
CPA-CT,,,2025 Bowman Chrome #CPA-CT Carlos Tavares Prospect Autographs Green #/99
BCP-234,,,Carson Williams 2025 Bowman Chrome Wave Refractor /100 #BCP-234 Rays
BCP-234,,,CARSON WILLIAMS 2025 Bowman Chrome Prospect Laser Refractor #BCP-234 Rays
BCP-234,,,2025 Bowman Chrome #BCP-234 Carson Williams Prospects Purple Wave #/250
BCP-234,,,"2025 Bowman Chrome - Carson Williams,BCP-234 Purple Geometric  027/250 (RC)"
BCP-234,,,2025 Bowman Chrome - Prospects Carson Williams #BCP-234 Aqua Mojo  /299 (RC)
BCP-234,,,Carson Williams 2025 Bowman Chrome Green Refractor /99 #BCP-234 Rays
BCP-234,,,2025 Bowman Chrome - Prospects Carson Williams #BCP-234 Gold Mojo Refractor /50
BCP-234,,,2025 Bowman Chrome Carson Williams #BCP-234 Purple Wave Refractor /250  RAYS
BCP-234,,,2025 Bowman Chrome - Prospects Carson Williams #BCP-234
BCP-248,,,2025 Bowman Chrome Yellow Geometric Refractor #BCP248 Charlie Condon /75
BCP-248,,,2025 Bowman Chrome Prospects Yellow Wave Refractors #BCP248 Charlie Condon /75
BCP-248,,,2025 Bowman Chrome Sapphire Yellow Refractor #BCP248 Charlie Condon /75
BCP-248,,,2025 Bowman Chrome Sapphire Yellow Refractor #BCP248 Charlie Condon (RC) /75
BCP-248,,,2025 Bowman Chrome Fuchsia Shimmer Refractor #BCP248 Charlie Condon /199
BCP-248,,,"2025 Bowman Chrome - Prospects Charlie Condon, Charlie Condon #BCP-248 Green..."
BCP-248,,,2025 Bowman Sapphire Charlie Condon #BCP-248 Colorado Rockies
CPA-CHA,,,2025 Bowman Chrome #CPA-CHA Chase Hampton Chrome Auto
CPA-CHA,,,2025 Bowman Chrome Chase Hampton Auto 1st Prospect #CPA-CHA Yankees
CPA-CHA,,,Chase Hampton 2025 Bowman Chrome Auto Yankees Card #CPA-CHA
CPA-CHA,,,2025 Bowman Chrome Chase Hampton Auto 1st Prospect #CPA-CHA New York Yankees
CPA-CHA,,,2025 Bowman Chrome CHASE HAMPTON #CPA-CHA 1st Prospect Auto New York Yankees
CPA-CHA,,,2025 Bowman Chrome #CPA-CHA Chase Hampton 1st NYY Yankees TRUE BLUE 112/150 AUTO
CPA-CHA,,,2025 Bowman Chrome #CPA-CHA Chase Hampton 1st True Blue 014/150 AUTO Yankees
CPA-CHA,,,"2025 Bowman Chrome - Prospect Autographs Chase Hampton, Chase Hampton #CPA-CHA"
CPA-CHA,,,2025 Bowman Chrome Chase Hampton 1st Auto On Card #CPA-CHA â¾ï¸ New York Yankees
CPA-CHA,,,CHASE HAMPTON 2025 Bowman Chrome 1st Rookie RC Autograph Auto #CPA-CHA
CPA-CHA,,,2025 Bowman Chrome 1st Chase Hampton Auto #CPA-CHA Yankees
CPA-CHA,,,2025 Bowman Chrome #CPA-CHA Chase Hampton Prospect Autographs Auto BZ21
CPA-CMV,,,2025 BowmanChrome Speckles Autograph - Chase Mobley (CPA-CMV)  Guardians 251/299
CRA-CN,,,2025 Bowman Chrome RC Connor Norby Green Refractor Auto 76/99 #CRA-CN
CRA-CN,,,2025 Bowman Chrome Connor Norby Gold Refractor Rookie Auto /50 #CRA-CN RC
CRA-CN,,,2025 Bowman Chrome Connor Norby CRA-CN Miami Marlins Rookie Green Autographs /99
CRA-CN,,,"2025 Bowman Chrome - Rookie Autographs Connor Norby, Connor Norby #CRA-CN..."
CRA-DR,,,2025 Bowman Chrome Dalton Rushing #CRA-DR Mojo Refractor Autograph /150 Dodgers
CRA-DR,,,2025 Bowman Chrome Rookie Autographs Dalton Rushing CRA-DR Blue Refractor /150
CRA-DR,,,2025 Bowman Chrome Dalton Rushing #CRA-DR Blue Refractor Auto /150 Dodgers
CRA-DR,,,"2025 Bowman Chrome - Rookie Autographs Dalton Rushing, Dalton Rushing #CRA-DR..."
CRA-DR,,,2025 Bowman Chrome Dalton Rushing Rookie RC Refractor Auto /499 #CRA-DR Dodgers
CPA-DOR,,,2025 Bowman Chrome Prospect Refractor 496/499 David Ortiz Jr #CPA-DOR Auto p3n
CRA-DB,,,"2025 Bowman Chrome - Rookie Autographs Drake Baldwin, Drake Baldwin #CRA-DB"
CRA-DB,,,"2025 Bowman Chrome - Rookie Autographs Drake Baldwin, Drake Baldwin #CRA-DB (AU,"
CRA-DT,,,2025 Bowman Chrome Drew Thorpe #CRA-DT Gold Refractor Auto #22/50 White Sox RC
CRA-DT,,,2025 Bowman Chrome #CRA-DT Drew Thorpe Rookie Autographs
CRA-DT,,,Drew Thorpe 2025 Bowman Chrome Blue Refractor RC Auto /150 #CRA-DT White Sox
CRA-DT,,,"2025 Bowman Chrome - Rookie Autographs Drew Thorpe, Drew Thorpe #CRA-DT Gold..."
CRA-DT,,,Drew Thorpe 2025 Bowman Chrome Green Refractor /99 Auto RC White Sox CRA-DT
CRA-EQ,,,2025 Bowman Chrome #CRA-EQ Edgar Quero Rookie Refactor Autograph /499
CRA-EQ,,,2025 Bowman Chrome Edgar Quero #CRA-EQ Refractor Auto RC 023/499 White Sox
CRA-EQ,,,2025 Bowman Chrome Edgar Quero CRA-EQ Gold RC Auto #/50 Chicago White Sox
CRA-EQ,,,2025 Bowman Chrome #CRA-EQ Edgar Quero Mojo Rookie Autograph   /150 - White Sox
CRA-EQ,,,Edgar Quero (RC) 2025 Bowman Chrome On-Card Rookie Auto #CRA-EQ White Sox
CRA-EQ,,,"2025 Bowman Chrome - Rookie Autographs Edgar Quero, Edgar Quero #CRA-EQ (AU, RC)"
CRA-EQ,,,"2025 Bowman Chrome - Rookie Edgar Quero, Edgar Quero #CRA-EQ Prp/ 299"
CRA-EQ,,,EDGAR QUERO 2025 Bowman Chrome #CRA-EQ Rookie Green Refractor Auto /99
CRA-EQ,,,"2025 Bowman Chrome Rookie Auto Edgar Quero Chicago White Sox #CRA-EQ (RC,AU)"
CPA-EG,,,Elvin Garcia 2025 Bowman Chrome #CPA-EG Prospect Autographs
CPA-EG,,,2025 Bowman Chrome Elvin Garcia #CPA-EG 1st Bowman Speckle Refractor Auto 55/299
CPA-EG,,,2025 Bowman Chrome #CPA-EG Elvin Garcia Prospect Autographs
CPA-EG,,,Topps 2025 Bowman Chrome Elvin Garcia Orioles 1st Bowman Auto CPA-EG
CPA-EG,,,2025 Bowman Chrome #CPA-EG Elvin Garcia Prospect Autographs
CPA-EG,,,2025 Bowman Chrome Prospect Auto Elvin Garcia #CPA-EG Autograph
CPA-EG,,,2025 Bowman Chrome #CPA-EG Elvin Garcia Prospect Autographs
CPA-EG,,,2025 Bowman Chrome #CPA-EG Elvin Garcia Prospect Autographs Refractor #/499
CPA-EG,,,"2025 Bowman Chrome - Prospect Autographs Elvin Garcia, #CPA-EG (AU, RC)"
CPA-EG,,,Elvin Garcia Auto 1st Bowman Prospect 2025 Bowman Chrome #CPA-EG Orioles
CPA-EG,,,2025 Bowman Chrome Prospects Elvin Garcia CPA-EG Speckle Auto /299 Orioles
CPA-EG,,,2025 Bowman Chrome ELVIN GARCIA 1st Bowman On Card Auto Prospect #CPA-EG
CPA-EMO,,,"2025 Bowman Chrome - Prospect Autographs Emil Morales, #CPA-EMO (AU, RC)"
CPA-EMO,,,2025 Bowman Chrome Prospect Autograph Emil Morales Green Reptilian 76/99 CPA-EMO
CPA-EMO,,,2025 Bowman Chrome Prospect Auto Emil Morales #CPA-EMO Gold Shimmer /50
BCP-169,,,Ethan Salas 2025 Bowman Chrome #BCP-169 Sapphire Gold /50
BCP-169,,,Ethan Salas 2025 Bowman Chrome Blue Refractor /150 #BCP-169 Padres
BCP-169,,,2025 Bowman Chrome #BCP-169 Ethan Salas San Diego Padres Prospects Laser
BCP-169,,,Ethan Salas 2025 Bowman Chrome #BCP-169 Prospects Red #/5
BCP-169,,,2025 Bowman Chrome Prospects #BCP-169 Ethan Salas San Diego Padres
BCP-169,,,2025 Bowman Chrome Ethan Salas /299  Speckle Refractor #BCP-169
BCP-169,,,2025 Bowman Chrome Ethan Salas /299 BCP-169
BCP-169,,,2025 Bowman Chrome Ethan Salas Purple Shimmer /250 San Diego Padres #BCP-169
BCP-169,,,2025 Bowman Chrome Ethan Salas PURPLE REFRACTOR /250 #BCP-169 Padres Prospect
BCP-169,,,2025 Bowman Chrome - Ethan Salas #BCP-169 Geometric /499
BCP-169,,,2025 Bowman Chrome Ethan Salas #BCP-169 Prospects
BCP-169,,,2025 Bowman Chrome #BCP-169 Ethan Salas Prospects Gold Wave #/50
BCP-169,,,2025 Bowman Chrome ETHAN SALAS Snack Pack Peanuts Refractor SSP Padres BCP-169
BCP-169,,,2025 Bowman Chrome Ethan Salas Prospects Gold Geometric /50 #BCP-169 Padres
BCP-169,,,2025 Bowman Chrome Ethan Salas Prospects Yellow Geometric /75 #BCP-169 Padres
BCP-169,,,2025 Bowman Chrome Ethan Salas Prospects Green #BCP-169 Baseball Card #/99
BCP-169,,,2025 Bowman Chrome Prospects Ethan Salas Green Refractor /99 #BCP-169
BCP-169,,,"2025 Bowman Chrome - Prospects Ethan Salas, #BCP-169 Green Geometric /99 Padres"
BCP-169,,,2025 Bowman Chrome Base Ethan Salas San Diego Padres #BCP-169
BCP-169,,,Ethan Salas 2025 Bowman Chrome SPECKLE REFRACTOR 213/299 Padres #BCP-169 RC N6
BCP-169,,,2025 Bowman Chrome #BCP-169 Ethan Salas Prospects Aqua #/125 Padres
BCP-169,,,Ethan Salas 2025 Bowman Chrome Sapphire Edition Prospects #BCP-169 Padres
BCP-169,,,2025 Bowman Chrome Speckle Refractor Ethan Salas /299 #BCP-169 Padres
BCP-169,,,2025 Bowman Chrome #BCP-169 Ethan Salas Purple Shimmer /250
BCP-169,,,2025 Bowman Chrome Prospects Ethan Salas #BCP-169 Fuchsia Refractor /299 Rookie
BCP-169,,,2025 Bowman Chrome #BCP-169 Ethan Salas Prospects Fuchsia Shimmer #/199
BCP-169,,,2025 Ethan Salas Bowman Chrome Pink Geometric Refractor /299 BCP-169 SD Padres
CPA-HS,,,2025 Bowman Chrome #CPA-HS Hagen Smith Prospect Autographs Green Lava #/99
CPA-HS,,,Hagen Smith 2025 Bowman Chrome #CPA-HS True Orange Auto /25 SP Chicago White Sox
CRA-HW,,,"2025 Bowman Chrome - Rookie Hurston Waldrep #CRA-HW Blue Refractor /150 (AU, RC)"
CRA-HW,,,2025 Bowman Chrome #CRA-HW Hurston Waldrep RC  True Blue Auto /150
CRA-HW,,,"2025 Bowman Chrome - Rookie Autographs Hurston Waldrep, Hurston Waldrep #CRA-HW"
CRA-HW,,,2025 Bowman Chrome - Rookie Autograph Hurston Waldrep Refractor /499 RC #CRA-HW
CRA-HW,,,Hurston Waldrep 2025 Bowman Chrome Rookie Auto Refractor /499 RC Braves #CRA-HW
CRA-HK,,,2025 Bowman Chrome #CRA-HK Hyeseong Kim Rookie Autographs /399
CRA-HK,,,2025 Bowman Chrome ORANGE MOJO /25 AUTO Hyeseong Kim ROOKIE #CRA-HK LA Dodgers
BCP-154,,,2025 Bowman Chrome Prospect Refractor Laser Jac Caglianone BCP-154
BCP-154,,,2025 Jac Caglianone Bowman Chrome - Prospects BCP-154 NM
BCP-154,,,2025 Bowman Chrome Prospects Jac Caglianone True Blue /150  #BCP-154
BCP-154,,,2025 Bowman Chrome - Prospects Jac Caglianone #BCP-154 Shimmer Refractor (RC)
BCP-154,,,JAC CAGLIANONE 2025 Bowman Chrome #BCP-154 Red Reptile Refractor /5
BCP-154,,,2025 Bowman Chrome #BCP-154 Jac Caglianone Prospects Blue Geometric #/150
BCP-154,,,2025 Bowman Chrome #BCP-154 Jac Caglianone Prospects Geometric #/499
BCP-154,,,2025 Bowman Chrome #BCP-154 Jac Caglianone Prospects Mini-Diamond
CPA-JWR,,,Jakob Wright 2025 Bowman Chrome Auto Dodgers Card #CPA-JWR
CPA-JWR,,,2025 Bowman Chrome JAKOB WRIGHT #CPA-JWR 1st Bowman Green Reptilian AUTO /99
CPA-JWR,,,2025 Bowman Chrome 1st Auto Jakob Wright #CPA-JWR (RC) Green Lava Refractor /99
CPA-JWR,,,Jakob Wright 2025 Bowman Chrome #CPA-JWR Auto Mini Diamond Refractor /100 AC6
CPA-JWR,,,"2025 Bowman Chrome - Prospect Autographs Jakob Wright #CPA-JWR (AU, RC)"
CPA-JWR,,,2025 Bowman Chrome JAKOB WRIGHT#CPA-JWR REFRACTOR AUTO /499
CPA-JWR,,,2025 Bowman Chrome Jakob Wright #CPA-JWR Auto 1st Prospect Dodgers
BCP-208,,,2025 Bowman Chrome #BCP-208 James Triantos 1st Prospect Pink Mojo #ed /199
BCP-245,,,2025 Bowman Chrome #BCP-245 Jesus Made Prospects Blue Geometric #/150
BCP-245,,,2025 Bowman Chrome Prospects Shimmer Refractor Jesus Made #BCP-245
BCP-245,,,2025 Bowman Chrome - Prospects Jesus Made #BCP-245 Aqua Mojo Refractor /299 (RC)
CRA-JN,,,2025 Bowman Chrome Jhonkensy Noel /499 RC Auto Refractor #CRA-JN Guardians
CRA-JN,,,"2025 Bowman Chrome - Rookie Autographs Jhonkensy Noel, Jhonkensy Noel #CRA-JN..."
BCP-241,,,JJ Wetherholt Autographed 2025 Bowman Chrome Prospects MOJO BCP-241 Rookie Card
BCP-241,,,2025 Bowman Chrome Mini Diamond JJ Wetherholt #BCP-241
BS-18,,,2025 Topps Chrome - Jace Jung #225 Green Lava Refractor Josh Jung Rookie #BS-18
CRA-KC,,,Kristian Campbell - 2025 Bowman Chrome True Blue Rookie auto /150 #CRA-KC
CRA-KC,,,2025 Bowman Chrome - #CRA-KC Kristian Campbell Green Rookie Auto /99
BCP-204,,,2025 Bowman Chrome Prospects Leo de Vries Blue Refractor /150 #BCP-204 (RC)
BCP-204,,,2025 Bowman Chrome Baseball Leo de Vries Orange Wave SP 10/25 SD Padres #BCP-204
BCP-204,,,2025 Bowman Chrome #BCP-204 Leo De Vries Prospects Popcorn Refractor Padres Aâs
BCP-239,,,2025 Bowman Chrome - Luis Pena #BCP-239 Aqua Geometric Refractor /125 (RC)
BCP-239,,,2025 Bowman Chrome - Prospects Luis Pena #BCP-239 Laser Refractor (RC)
CRA-MM,,,2025 Bowman Chrome - Marcelo Mayer True Blue Refractor Auto RC /150 -  #CRA-MM
CRA-MS,,,2025 Bowman Chrome Matt Shaw Rookie RC True Blue Refractor Auto /150 CRA-MS Cubs
CPA-MC,,,2025 Bowman - Chrome Prospect Autographs Mike Vasil #CPA-MC Rays Rc
CRA-MB,,,2025 Bowman Chrome Moises Ballesteros Blue Refractor Auto /150 - #CRA-MB
BCP-177,,,2025 Bowman Chrome Noah Schultz BCP-177 Aqua Geometric /125 WHITE SOX CALLUP
BCP-177,,,2025 Bowman Chrome - Prospects Noah Schultz #BCP-177 Mini-Diamond Refractor (RC)
BCP-177,,,2025 Bowman Chrome Prospects Blue Wave Refractor 124/150 Noah Schultz #BCP-177
BCP-177,,,2025 Topps Bowman Chrome Noah Schultz #BCP-177 Yellow Wave /75 White Sox
BCP-177,,,2025 Bowman Chrome Noah Schultz Blue Geometric Refractor /150 White Sox #BCP-177
BCP-177,,,2025 Bowman Chrome - Prospects Noah Schultz #BCP-177 Blue Refractor /150
BCP-177,,,2025 Bowman Chrome - Prospects Noah Schultz #BCP-177 Purple Refractor/250
BCP-177,,,2025 Bowman Chrome - Prospects Noah Schultz #BCP-177 Snack Pack Peanut Refractor
BCP-177,,,2025 Bowman Chrome Prospects Noah Schultz  #BCP-177 Green Shimmer /99
BCP-177,,,2025 Bowman Chrome - Noah Schultz #BCP-177 Geometric Refractor /499 (RC)
BCP-177,,,2025 Bowman Chrome #BCP-177 Noah Schultz Prospects Reptilian Blue #/150 READ
BCP-177,,,2025 Bowman Chrome Noah Schultz #BCP-177 Yellow Sapphire /75
BCP-177,,,2025 Bowman Chrome Noah Schultz #BCP-177 Gold Geometric Refractor /50
BCP-177,,,2025 Bowman Chrome - Prospects Noah Schultz #BCP-177 Green Reptilian /99
BCP-177,,,2025 Bowman Chrome Shimmer Refractor - Noah Schultz -  #BCP-177 White Sox
BCP-177,,,Noah Schultz - 2025 Bowman Chrome Prospect 1st Gold Refractor /50 #BCP-177
BTP-177,,,Topps 2025 Bowman Chrome Noah Schultz #BTP-177  Aqua Refractor /125 White Sox
BPA-NS,,,2025 Bowman Noah Schultz Chicago White Sox Refractor Auto 189/250 #BPA-NS
BCP-177,,,2025 Bowman Chrome - Prospects Noah Schultz #BCP-177 Yellow Refractor /75 (RC)
BCP-177,,,Noah Schultz 2025 Bowman Chrome Prospects Blue Wave /150 #BCP-177 White Sox
BCP-177,,,2025 Bowman Chrome - Prospects Noah Schultz #BCP-177
BCP-177,,,2025 Bowman Chrome SAPPHIRE Noah Schultz White Sox #BCP-177
CRA-RH,,,2025 Bowman Chrome #CRA-RH Rece Hinds Rookie Autographs Refractor #/499
CRA-RH,,,2025 Bowman Chrome - Rece Hinds RC  Refractor Silver Auto /499 Reds  #CRA-RH
CRA-RH,,,Topps 2025 Bowman Chrome Rookie Autograph Refractor /499 Rece Hinds Reds CRA-RH
CRA-RH,,,2025 Bowman Chrome Rece Hinds #CRA-RH /499 Refractor Auto Rookie (RC)
CRA-RR,,,2025 Bowman Chrome #CRA-RR River Ryan Refractor Auto /499 RC
CRA-RR,,,2025 Bowman Chrome True Gold Ref Auto RC River Ryan #CRA-RR #/50
CRA-RR,,,2025 Bowman Chrome Blue Ref Auto RC River Ryan #CRA-RR #149/150
CRA-RR,,,2025 BOWMAN CHROME ORANGE REF AUTO RC RIVER RYAN /25 #CRA-RR
CRA-RR,,,2025 Bowman Chrome Refractor Auto RC River Ryan On Card Auto #CRA-RR #289/499
CRA-RR,,,2025 BOWMAN CHROME GREEN REF AUTO RC RIVER RYAN #CRA-RR #84/99 MINT OR BETTER.
BCP-167,,,2025 Bowman Chrome - Prospects Roman Anthony #BCP-167 Mojo Refractor (RC)
BCP-167,,,2025 Bowman Chrome Roman Anthony Mojo Refractor #BCP-167 Boston Red Sox
BCP-167,,,Roman Anthony 2025 Bowman Chrome #BCP-167 Prospects
BCP-167,,,Roman Anthony 2025 Bowman Chrome Purple Refractor #BCP-167 241/250 Red Sox
BCP-167,,,2025 Bowman Chrome - Prospects Roman Anthony #BCP-167 Mojo Refractor (RC)
BCP-167,,,"2025 Bowman Chrome TRUE GOLD #BCP-167 Roman Anthony /50 (AU,RC,SSP) ð¥RED SOXð¥"
BCP-167,,,2025 Bowman Chrome Prospects Roman Anthony #BCP-167
BCP-167,,,2025 Bowman Chrome Sapphire Roman Anthony Gold /50 #BCP-167
BCP-167,,,Roman Anthony 2025 Bowman Chrome Prospects True Blue #BCP-167 #âd /150
BCP-167,,,2025 Bowman Chrome - Prospects Roman Anthony #BCP-167 Yellow Mojo Refractor /75
BCP-167,,,Bowman 2025 Chrome Roman Anthony Green Refractor 70/99 #BCP-167 Red Sox
BCP-167,,,2025 Bowman Chrome - Prospects Roman Anthony #BCP-167 Laser Refractor (RC)
BCP-167,,,2025 Bowman Chrome - Prospects Roman Anthony #BCP-167 Refractor /499
BCP-167,,,2025 Bowman Chrome Prospects #BCP-167 Roman Anthony True Purple Refractor /250
BCP-167,,,2025 Bowman Chrome Sapphire #BCP-167 Roman Anthony Refractor
BCP-167,,,2025 Bowman Chrome - Prospects Roman Anthony #BCP-167 Mojo Refractor (RC)
BCP-167,,,2025 Bowman Chrome - Prospects Roman Anthony #BCP-167 Mojo Refractor (RC)
BCP-167,,,2025 Bowman Chrome #BCP-167 Roman Anthony Prospects Fuchsia Geometric #/299
CPA-SH,,,2025 Bowman Chrome Sammy Hernandez #CPA-SH Prosp Auto Refractor 1st Bowman /499
CPA-SH,,,2025 Bowman Chrome #CPA-SH Sammy Hernandez Auto Speckle #/299
CPA-SH,,,2025 Bowman Chrome #CPA-SH Sammy Hernandez Prospect Autographs
CPA-SH,,,2025 Bowman Chrome #CPA-SH Sammy Hernandez Prospect Autographs Refractor #/499
CPA-SH,,,2025 Bowman Chrome Prospects Auto Sammy Hernandez #CPA-SH /99 Green Lava Refract
CPA-SH,,,2025 Bowman Chrome #CPA-SH Sammy Hernandez Prospect Autographs
CRA-TOS,,,Thomas Saggese 2025 Bowman Chrome Rookie Autographs #CRA-TOS Refractor /499 (RC)
CRA-TS,,,Trey Sweeney 2025 Bowman Chrome Gold Refractor RC Auto /50 #CRA-TS Tigers
CRA-TS,,,2025 Bowman Chrome Trey Sweeney /25 Auto RC Orange #CRA-TS Detroit 13/25
CPA-TY,,,2024 Bowman Chrome 1st Bowman Trey Yesavage Autograph #CPA-TY Blue Jays
CRA-TL,,,"2025 Bowman Chrome - Rookie Autographs Tyler Locklear, Tyler Locklear #CRA-TL..."
CRA-TL,,,2025 Bowman Chrome - Rookie Autographs Tyler Locklear #CRA-TL Refractor /499
CRA-TL,,,Tyler Locklear Rookie Auto RC 2025 Bowman Chrome Refractor /499 #CRA-TL
