card_number,player_name,card_type,listing_display,listing
99,,,99 Aaron Judge GMG Graded 10 Gem Mint ð,2025 Bowman Aaron Judge GMG Graded 10 Gem Mint ð Yankees #99
,,,"Best Aaron Judge Showpieces, Refractor, Pixel Portraits 3 Card lot","2025 Bowman's Best Aaron Judge Showpieces, Refractor, Pixel Portraits 3 Card lot"
,,,Best Aaron Judge Showpieces/Purple Lazer #/250/Refractor 3Card lot,2025 Bowman's Best Aaron Judge Showpieces/Purple Lazer #/250/Refractor 3Card lot
38,,,38 Best Aaron Judge Refractor,2025 Bowman's Best Aaron Judge Refractor #38 Yankees
HS-11,,,HS-11 /99 Aaron Judge Hobby Stars Green Refractor PSA 9,Aaron Judge 2025 Bowman Hobby Stars Green Refractor /99 PSA 9 #HS-11 New York
38,,,38 /250 Best Aaron Judge Purple Mojo Refractor SP,2025 Bowman's Best - Aaron Judge #38 Purple Mojo Refractor /250 SP Yankees
BS-13,,,BS-13 Best Aaron Judge Showpieces Mini Diamond Refractor,2025 Bowman's Best Aaron Judge Bowman Showpieces Mini Diamond Refractor #BS-13
BS-13,,,BS-13 Best Showpieces Aaron Judge ð¥ Refractor,2025 Topps Bowman's Best Showpieces Aaron Judge BS-13 Yankees ð¥ Refractor
,,,Best Aaron Judge Pixel Portraits Lava Refractor /50 #P-23,2025 Bowman's Best Aaron Judge Pixel Portraits Lava Refractor /50 #P-23 Yankees
BS-13,,,BS-13 Best Aaron Judge Showpieces Refractor,2025 Bowman's Best #BS-13 Aaron Judge Bowman Showpieces Refractor
,,,AARON JUDGE Mixed Card Lot (10) TEN cards total,AARON JUDGE Mixed Baseball Card Lot (10) TEN cards total New York Yankees
,,,Best Aaron Judge Pixel Portraits Insert #P-23,Topps 2025 Bowman's Best Aaron Judge Pixel Portraits Insert #P-23 Yankees
,,,Best Strokes of Gold Aaron Judge SG-11,Topps 2025 Bowman's Best Strokes of Gold Aaron Judge New York Yankees SG-11
38,,,38 Best Aaron Judge,2025 Bowman's Best - Aaron Judge #38 Yankees
,,,AARON JUDGE #99 MOJO REFRACTOR NY MVP CHROME MEGA BOX PSA 8,AARON JUDGE #99 MOJO REFRACTOR NY YANKEES MVP 2025 BOWMAN CHROME MEGA BOX PSA 8
,,,2022 Bes Aaron Judge MINI-DIAMOND Refractor 286/299~ GEM MINT PTA 10ð¥,2022 Bowman's Bes Aaron Judge MINI-DIAMOND Refractor 286/299~ GEM MINT PTA 10ð¥
99,,,99 Aaron Judge CGC 9 Mint,Aaron Judge  2025 Bowman Yankees #99 CGC 9 Mint
38,,,38 Best Aaron Judge Refractor,2025 Bowman's Best Aaron Judge Refractor #38 New York Yankees
,,,Best Pixel Portraits Aaron Judge #P-23 Mini-Diamond Refractor,2025 Bowman's Best - Pixel Portraits Aaron Judge #P-23 Mini-Diamond Refractor
99,,,99 Aaron Judge Card Gem Mint 10,2025 Bowman Aaron Judge New York Yankees Card #99 Gem Mint 10
,,,Chrome #MR-4 Aaron Judge Meteoric Rise Mojo Mega Refractor,2025 Bowman Chrome #MR-4 Aaron Judge Meteoric Rise Mojo Mega Refractor
BS-13,,,BS-13 Best Showpieces Aaron Judge,2025 Bowman's Best - Bowman Showpieces Aaron Judge #BS-13
99,,,99 AARON JUDGE PSA 9,2025 BOWMAN #99 AARON JUDGE YANKEES PSA 9
,,,Lot Of 12 Adael Amador Rockstar Rookies(6) AND ROY Favorites(6),Lot Of 12 2025 Bowman Adael Amador Rockstar Rookies(6) AND ROY Favorites(6)
,,,Adael Amador Paper Lot Of 25 Rookieð¥ð¥,2025 Bowman Adael Amador RC Paper Lot Of 25 Colorado Rockies Rookieð¥ð¥
,,,You Pick (1-100) Buy 5 Get 7 Free,2025 Bowman Baseball You Pick! (1-100) Buy 5 Get 7 Free!!!
,,,Chrome ADAEL AMADOR Auto Melt Mashers /99,2025 Bowman Chrome ADAEL AMADOR Auto Melt Mashers /99
ROY-13,,,ROY-13 /250 Mega Box Purple Mojo Refractor Adael Amador # PSA 9,2025 Bowman Mega Box Purple Mojo Refractor /250 Adael Amador #ROY13 PSA 9
,,,Adael Amador Chrome Red Rookie Redemption #31 PSA 10,Adael Amador 2025 Bowman Chrome Red Rookie Redemption RC #31 PSA 10
,,,Chrome Melt Mashers Adael Amador #MM-5 ( ),2025 Bowman Chrome - Melt Mashers Adael Amador #MM-5 (RC)
,,,Chrome Melt Mashers Adael Amador #MM-5 ( ),2025 Bowman Chrome - Melt Mashers Adael Amador #MM-5 (RC)
,,,Chrome Melt Mashers Adael Amador #MM-5 ( ) PSA 10,2025 Bowman Chrome Melt Mashers -  Adael Amador #MM-5 (RC)  PSA 10 Rockies
,,,Chrome Adael Amador #MMA-AA Melt Mashers Autograph Rookie /99,2025 Bowman Chrome Adael Amador #MMA-AA Melt Mashers Autograph Rookie /99
,,,Chrome Melt Mashers Adael Amador #MM-5 Red Refractor /5 ( ),2025 Bowman Chrome - Melt Mashers Adael Amador #MM-5 Red Refractor /5 (RC)
,,,Chrome Adael Amador Melt Mashers Red Refractor /5 SSP MM-5 Rockie,2025 Bowman Chrome Adael Amador Melt Mashers Red Refractor /5 RC SSP MM-5 Rockie
,,,Best Basallo Rutschman Holliday Card 4 card Lot,Topps Bowman's Best 2025 Orioles Basallo Rutschman Holliday Card 4 card Lot
,,,Best #P-12 Adley Rutschman Pixel Portraits,2025 Bowman's Best #P-12 Adley Rutschman Pixel Portraits
,,,Adley Rutschman Lot (2) Bowmanâs Best â Pixel Portraits /50 â,Adley Rutschman Lot (2) 2025 Bowmanâs Best â Pixel Portraits /50 â Orioles
,,,You Pick (1-100) Buy 5 Get 7 Free,2025 Bowman Baseball You Pick! (1-100) Buy 5 Get 7 Free!!!
,,,Best #P-12 Adley Rutschman Pixel Portraits,2025 Bowman's Best #P-12 Adley Rutschman Pixel Portraits
,,,Best Pixel Portraits # P-12 Adley Rutschman,2025 Bowman's Best Baseball Pixel Portraits # P-12 Adley Rutschman
,,,Best #P-12 Adley Rutschman Pixel Portraits,2025 Bowman's Best #P-12 Adley Rutschman Pixel Portraits
,,,Adley Rutschman Best Pixel Portraits Refractor #P-12,Adley Rutschman 2025 Bowman's Best Pixel Portraits Refractor #P-12 Orioles
,,,Best ADLEY RUTSCHMAN Pixel Portraits #P-12,2025 Bowman's Best ADLEY RUTSCHMAN Pixel Portraits Orioles #P-12
,,,Best ADLEY RUTSCHMAN Pixel Portraits #P-12,2025 Bowman's Best ADLEY RUTSCHMAN Pixel Portraits Orioles #P-12
,,,Best Pixel Portraits Adley Rutschman #P-12,2025 Bowman's Best - Pixel Portraits Adley Rutschman #P-12
,,,(50) 2024 Adley Rutschman Card Lot,(50) 2024 2025 Bowman Adley Rutschman Card Lot Baltimore Orioles
,,,Best Adley Rutschman Pixel Portraits Insert SP #P-12,2025 Bowman's Best Adley Rutschman Pixel Portraits Insert SP #P-12 Orioles
35,,,35 (5) Paper Base card Lot Adley Rutschman,2025 Bowman (5) Paper Base card Lot #35 Adley Rutschman Orioles
,,,Bowmans Best Pixel Portraits Adley Rutschman P-12,Topps Bowmans Best 2025 Pixel Portraits Adley Rutschman Orioles P-12
,,,Best Adley Rutschman Pixel Portraits Insert SP #P-12,2025 Bowman's Best Adley Rutschman Pixel Portraits Insert SP #P-12 Orioles
,,,Best Adley Rutschman #P-12 Pixel Portraits,2025 Bowman's Best Adley Rutschman #P-12 Pixel Portraits Orioles
,,,Best Adley Rutschman Pixel Portraits #P-12,2025 Bowman's Best Adley Rutschman Pixel Portraits #P-12 - Orioles
,,,Best Adley Rutschman Pixel Portraits #P-12,2025 Bowman's Best Adley Rutschman Pixel Portraits #P-12 Orioles
,,,Chrome ADRIAN DEL CASTILLO #4 Red Logo ð DSG 10 Gem Mint,2025 Bowman Chrome ADRIAN DEL CASTILLO #4 Red Rc Logo ð DSG 10 Gem Mint
,,,You Pick (1-100) Buy 5 Get 7 Free,2025 Bowman Baseball You Pick! (1-100) Buy 5 Get 7 Free!!!
4,,,4 Adrian Del Castillo ( ) ** Lot of 26 cards **,2025 Bowman - Adrian Del Castillo #4 (RC) Diamondbacks ** Lot of 26 cards **
,,,Best Agustin Ramirez Blue Refractor Rookie #/150,2025 Bowman's Best Agustin Ramirez RC Blue Refractor Rookie #/150 Marlins
16,,,16 Best Agustin Ramirez Refractor,2025 Topps Bowman's Best Agustin Ramirez RC #16 Refractor Miami Marlins
,,,Best AGUSTIN RAMIREZ #/250 PURPLE LAZER REFRACTOR,2025 Bowman's Best AGUSTIN RAMIREZ RC #/250 PURPLE LAZER REFRACTOR Marlins
,,,Agustin Ramirez Rookie PSA 10- Chrome âRed Redemptionâ,Agustin Ramirez Rookie PSA 10- 2025 Bowman Chrome âRed Redemptionâ -Marlins
,,,Best AGUSTIN RAMIREZ #/250 PURPLE LAZER REFRACTOR 16,2025 Bowman's Best AGUSTIN RAMIREZ RC #/250 PURPLE LAZER REFRACTOR Marlins 16
BTP-70,,,BTP-70 /125 Agustin Ramirez Scouts Top 100 Aqua Refractor PSA 9,Agustin Ramirez 2025 Bowman Scouts Top 100 Aqua Refractor #BTP-70 101 /125 PSA 9
16,,,16 /99 Agustin Ramirez Best Green Refractor,Agustin Ramirez 2025 Bowman's Best Green Refractor /99 #16 RC Marlins
16,,,16 /75 Agustin Ramirez Best Yellow Lazer Refractor ( ),Agustin Ramirez /75 2025 Bowman's Best #16 Yellow Lazer Refractor (RC)
16,,,16 /350 Best Agustin Ramirez Lazer Refractor,2025 Bowman's Best Agustin Ramirez RC Lazer Refractor /350 Marlins #16
,,,Best Agustin Ramirez Purple laser Refractor Rookie #/250,2025 Bowman's Best Agustin Ramirez RC Purple laser  Refractor Rookie #/250
,,,Best Agustin Ramirez Blue X-Fractor Rookie #/150,2025 Bowman's Best Agustin Ramirez RC Blue X-Fractor Rookie #/150 Marlins
16,,,16 /299 Bowmans Best Agustin Ramirez Mini-Diamond,2025 Bowmans Best Agustin Ramirez RC /299 Mini-Diamond #16 - Miami Marlins
,,,Best Agustin Ramirez Yellow Refractor /75,2025 Bowman's Best Agustin Ramirez Yellow Refractor RC /75
16,,,16 /99 Best Agustin Ramirez Green Refractor,2025 Bowman's Best Agustin Ramirez Green Refractor #/99 #16 RC Miami Marlins RC
,,,Agustin Ramirez (159 Card) Player Collection Lot,Agustin Ramirez (159 Card) Player Collection Lot
16,,,16 Agustin Ramirez Best Ray Wave Rookie,Agustin Ramirez 2025 Bowman's Best #16 Ray Wave Rookie RC Miami Marlins
16,,,16 /299 Best Agustin Ramirez Mini-Diamond Refractor ( ),2025 Bowman's Best - Agustin Ramirez #16 Mini-Diamond Refractor /299 (RC)
,,,Draft Chrome Aidan Miller #BDC-180 Blue Refractor /150 ( ),2025 Bowman Draft - Chrome Aidan Miller #BDC-180 Blue Refractor /150 (RC)
,,,Draft Aidan Miller Chrome Laser Refractor #BDC-180,2025 Bowman Draft Aidan Miller Chrome Laser Refractor #BDC-180 Phillies
,,,Draft Aidan Miller #BDC-180 Aqua Geometric Refractor Chrome /125,2025 Bowman Draft Aidan Miller #BDC-180 Aqua Geometric Refractor Chrome /125
,,,AIDAN MILLER DRAFT CHROME /35 LOGOFRACTOR #BDC-180,AIDAN MILLER 2025 BOWMAN DRAFT CHROME /35 BOWMAN LOGOFRACTOR #BDC-180 PHILLIES
,,,Draft Aidan Miller 46/75 #BDC-180,2025 Bowman Draft  Aidan Miller 46/75  Phillies #BDC-180
,,,Aidan Miller Draft #BDC-180 Aqua Geometric Refractor Chrome /125,Aidan Miller 2025 Bowman Draft #BDC-180 Aqua Geometric Refractor Chrome /125
BP-54,,,BP-54 /499 Draft- Aidan Miller Sky Blue #,2025 Bowman Draft- Prospects Aidan Miller #BP-54 Sky Blue # 487/499
,,,Draft Aidan Miller Gold Paper Parallel /50 Centered,2025 Bowman Draft Aidan Miller Gold Paper Parallel /50 Phillies Centered
,,,Draft Chrome Aidan Miller #BDC-180 Blue Refractor /150 ( ),2025 Bowman Draft - Chrome Aidan Miller #BDC-180 Blue Refractor /150 (RC)
,,,Draft Aidan Miller #BD-180,2025 Bowman Draft Aidan Miller #BD-180
,,,Draft Chrome Aidan Miller #BDC-180 Refractor,2025 Bowman Draft Chrome Aidan Miller #BDC-180 Refractor
,,,Draft Chrome Aidan Miller #BDC-180 Refractor ( ),2025 Bowman Draft - Chrome Aidan Miller #BDC-180 Refractor (RC)
,,,AIDAN MILLER DRAFT CHROME SAPPHIRE #BDC-180,AIDAN MILLER 2025 BOWMAN DRAFT CHROME SAPPHIRE #BDC-180
BCP-54,,,BCP-54 Chrome /99 Aidan Miller Green Refractor PSA 10,2025 Bowman Chrome Prospects Aidan Miller #BCP-54 Green Refractor /99 PSA 10
,,,Draft Aidan Miller True Gold Refractor /50,2025 Bowman Draft Aidan Miller True Gold Refractor /50
,,,ANDREW PAINTER AIDAN MILLER GAGE WOOD Best Gold Auto /50 #TA-PMW,ANDREW PAINTER AIDAN MILLER GAGE WOOD 2025 Bowman's Best Gold Auto /50 #TA-PMW
,,,Draft Aidan Miller #BDC-180 Yellow Refractor /75,2025 Bowman Draft Aidan Miller #BDC-180 Yellow Refractor /75
,,,Aiden Miller Green Pattern /99 PSA 10,2025 Bowman Aiden Miller Green Pattern /99 PSA 10
,,,Draft Chrome Base #BDC-180 Aidan Miller,2025 Bowman Draft Chrome Base #BDC-180 Aidan Miller - Philadelphia Phillies
,,,Draft Aidan Miller #BD-180 Sky Blue /499 ( ),2025 Bowman Draft - Aidan Miller #BD-180 Sky Blue /499 (RC)
,,,Draft Chrome Aidan Miller #BDC-180 Orange Geometric Refractor /25,2025 Bowman Draft - Chrome Aidan Miller #BDC-180 Orange Geometric Refractor /25
,,,Draft Chrome Aidan Miller #BDC-180 Sky Blue Refractor ( ),2025 Bowman Draft - Chrome Aidan Miller #BDC-180 Sky Blue Refractor (RC)
,,,Aidan Smith Best Patch Auto Game Worn Patch 1/50,Aidan Smith 2025 Bowman's Best Prospect Patch Auto Game Worn Patch 1/50!
,,,Aidan Smith Best Patch Auto Game Worn Patch Orange 7/25,Aidan Smith 2025 Bowman's Best Prospect Patch Auto Game Worn Patch Orange 7/25!
,,,Best #B25-ASA Aidan Smith Best of Autographs,2025 Bowman's Best #B25-ASA Aidan Smith Best of 2025 Autographs
,,,Best Aidan Smith Best Of Autograph,2025 Bowman's Best - Aidan Smith Best Of 2025 Autograph
,,,Best #B25-ASA Aidan Smith Autographs Purple Refractors #/75,2025 Bowman's Best #B25-ASA Aidan Smith Autographs Purple Refractors #/75
,,,"Best Best of Autographs Aidan Smith /75 #B25-ASA (AU, )","2025 Bowman's Best - Best of 2025 Autographs Aidan Smith /75 #B25-ASA (AU, RC)"
,,,Aidan Smith Best Refractor AUTO On Card,Aidan Smith 2025 Bowman's Best Refractor AUTO On Card Rays Prospect
,,,Best Best of Autographs Aidan Smith Purple Refractor /75,2025 Bowman's Best - Best of 2025 Autographs Aidan Smith Purple Refractor /75
,,,Best Aidan Smith #B25-ASA Best of Auto Blue Refractor 36/150,2025 Bowman's Best Aidan Smith #B25-ASA Best of Auto Blue Refractor 36/150 Rays
,,,Chrome Aidan Smith PSA 10 Autograph Collectible Card,2025 Bowman Chrome Aidan Smith PSA 10 Autograph Rays Collectible Card
,,,Best Gold Mini Diamond Refractor Auto Aidan Smith /50 #B25-ASA,2025 Bowman's Best Gold Mini Diamond Refractor Auto Aidan Smith /50 #B25-ASA
,,,Best Best of Autographs Aidan Smith #B25-ASA Refractor,2025 Bowman's Best - Best of 2025 Autographs Aidan Smith #B25-ASA Refractor RC
,,,Best Aidan Smith BEST OF AUTO,2025 Bowman's Best Aidan Smith BEST OF 2025 AUTO - Tampa Bay Rays
,,,Best Aidan Smith Patch Auto Orange Refactor /25,2025 Bowman's Best Aidan Smith Prospect Patch Auto Orange Refactor /25
,,,"Aidan Smith Best Of Auto #B25-ASA,","Aidan Smith 2025 Bowman's Best Of 2025 Auto #B25-ASA, Rays"
,,,"Rookie Parrallels, Victor Scott, Gorman, 21 Card Lot","Topps Rookie Parrallels, Victor Scott, Gorman, St. Louis Cardinals 21 Card Lot"
,,,You Pick Your Cards ð¥ Fan Favs Old & New Freeman Mookie ++,You Pick Your Cards Los Angeles Dodgers ð¥ Fan Favs Old & New Freeman Mookie ++
,,,Plucked Albert Pujols Chrome #BGP-43 Garbage Pail Kids GPK,Plucked Albert Pujols 2025 Bowman Chrome #BGP-43 Garbage Pail Kids GPK
,,,2021 Update Base #US166-US330 You Pick/Choose,2021 Topps Update - Base - #US166-US330 You Pick/Choose
,,,"2026 Team Lot 125 Cards, Wetherholt, Winn, Parallels Set Mix","2026 St. Louis Cardinals Team Lot 125 Cards, Wetherholt, Winn, Parallels Set Mix"
,,,"Team Lot 120 Cards, Wetherholt, Winn, Pujols, Baez, Set Mix","St. Louis Cardinals Team Lot 120 Cards, Wetherholt, Winn, Pujols, Baez, Set Mix!"
,,,WALKER WINN WETHERHOLT & other pick your card PARALLELS/ROOKIES,WALKER WINN WETHERHOLT  & other CARDINALS - pick your card - PARALLELS/ROOKIES
,,,TROUT PUJOLS & other PICK YOUR CARD inserts/rookies/parallels,TROUT PUJOLS & other angels - PICK YOUR CARD - inserts/rookies/parallels
,,,St.Louis *Pick Your Card*,St.Louis Cardinals *Pick Your Card*
,,,2009-2024 Albert Pujols 20 Card Lot & Inserts,2009-2024 Albert Pujols 20 Card Lot Cardinals & Dodgers Inserts
,,,Albert Pujols Lot 12 Different Cards 2010- Only,Albert Pujols Lot 12 Different Baseball Cards 2010-2025 St. Louis Cardinals Only
,,,45X ALBERT PUJOLS 2002-2022 CHROME HERITAGE DIE CUT REFRACTOR LOT,45X ALBERT PUJOLS 2002-2022 TOPPS BOWMAN CHROME HERITAGE DIE CUT REFRACTOR LOT
,,,2021 Update Base #US166-US330 You Pick/Choose,2021 Topps Update - Base - #US166-US330 You Pick/Choose
,,,/ Lot /250 /499 (4 Cards),2025 Topps/Bowman St. Louis Cardinals Lot - /250 /499 (4 Cards)
,,,Lot of 6 -(3) Mike Trout-(1) Jo Adell-Pujols *See Description for Details*,Lot of 6 Angels-(3) Mike Trout-(1) Jo Adell-Pujols *See Description for Details*
,,,Albert Pujols Anime SSP Black Refractor /10 Case Hit PSA 9 Mint ð,Albert Pujols 2025 Bowman Anime SSP Black Refractor /10 Case Hit PSA 9 Mint ð
,,,Bunt DIGITAL Gilded SUPER RARE Complete Your Set Bulk Discounts,2025 Topps Bunt DIGITAL Gilded SUPER RARE - Complete Your Set Bulk Discounts
,,,Albert Pujols 2001 Upper Deck Signed Autographed PSA,Albert Pujols Cardinals 2001 Upper Deck Rookie Card Signed Autographed PSA
,,,"Anaheim / Cards *You Pick* Base, Inserts, Parallels","Anaheim / Los Angeles Angels Baseball Cards *You Pick* Base, Inserts, Parallels"
,,,Cards Choose from 100s Player Qty Discount Pt27,Los Angeles Dodgers Baseball Cards - Choose from 100s Player Qty Discount - Pt27
BCP-125,,,BCP-125 Chrome Alejandro Rosario Lot Of 6,Alejandro Rosario 1st Prospect 2025 Bowman Chrome BCP-125 Texas Rangers Lot Of 6
BCP-125,,,BCP-125 /50 Gold Sapphire Alejandro Rosario Yellow PSA 9,2025 Bowman Gold Sapphire Prospects Alejandro Rosario #BCP-125 Yellow /50 PSA 9
BP-125,,,BP-125 Alejandro Rosario Paper Lot Of 10 Rangersð¥ð¥,2025 Bowman Alejandro Rosario 1st Paper Prospects Lot Of 10 BP-125 Rangersð¥ð¥
BCP-125,,,BCP-125 /75 Sapphire Alejandro Rosario Yellow Psa 9,2025 Bowman Sapphire Prospects Alejandro Rosario #BCP-125 Yellow /75 Psa 9
BCP-125,,,BCP-125 Chrome (6) Alejandro Rosario Lot,(6) Alejandro Rosario 2025 Bowman Chrome BCP-125 Texas Rangers Lot
,,,Top 100 Signed Alex Freeland Autographed Card PSA 10 Auto,2025 Bowman Top 100 Signed Alex Freeland Autographed Card RC Dodgers PSA 10 Auto
,,,INSERTS: Complete Your Set & Pick Your Card,2025 Bowman Baseball INSERTS: Complete Your Set & Pick Your Card
,,,Inserts **Complete Your Set** You pick multiple (3 minimum purchase),2025 Bowman Inserts **Complete Your Set** You pick multiple (3 minimum purchase)
,,,x100 Alex Freeland 2022 ( ) Draft #194 lot/set,x100 Alex Freeland 2022 (1st) Bowman Draft #194 Rookie Card RC lot/set Dodgers!!
,,,x25 Alex Freeland 2022 ( ) Draft #194 lot/set LA,x25 Alex Freeland 2022 (1st) Bowman Draft #194 Rookie Card RC lot/set LA Dodgers
,,,"Chrome Alex Mooney Blue /150 PSA 10, Speckle /299 Auto PSA 9","2025 Bowman Chrome Alex Mooney Blue /150 PSA 10, Speckle /299 Auto PSA 9"
,,,Alex Mooney Chrome True Gold Refractor Auto /50 PSA 10,2025 Bowman Alex Mooney 1st Chrome True Gold Refractor Auto /50 Guardians PSA 10
BCP-150,,,BCP-150 Chrome â¢ BCP-1â â¢ YOU PICK NM/M,2025 Bowman â¢ Baseball Chrome Prospects BCP-1âBCP-150 â¢ YOU PICK NM/M
BP-98,,,BP-98 Anderson Brito Paper Lot Of 10 Astrosð¥ð¥,2025 Bowman Anderson Brito 1st Paper Prospects Lot Of 10 BP-98 Astrosð¥ð¥
,,,Chrome Anderson Brito Speckle Auto Refractor /299 PSA 10,2025 Bowman Chrome Prospects Anderson Brito Speckle Auto Refractor /299 PSA 10
,,,Anderson Brito Paper & Chrome Lot x8 Astros,2025 Bowman Anderson Brito 1st Paper & Chrome Lot x8 Astros
,,,Andrew Morris Chrome Auto Purple Refractor #/250 SGC 9.5 10,2025 Bowman Andrew Morris Chrome Auto Purple Refractor 1st #/250 SGC 9.5 10
CPA-AMO,,,CPA-AMO Andrew Morris # Gold Lava Auto PSA 10 GEM MINT,2025 Bowman - Andrew Morris #CPA-AMO Gold Lava Auto - PSA 10 GEM MINT
,,,Andrew Morris #CPAAMO Green Grass Auto 42/99 [PSA 9],2025 Bowman Andrew Morris #CPAAMO Green Grass Auto 42/99 [PSA 9]
,,,Chrome Andrew Morris Black Geometric Refractor /10 PSA 9 POP 1,2025 Bowman Chrome Andrew Morris Black Geometric Refractor /10 PSA 9 POP 1
BCP-90,,,BCP-90 Chrome /25 Andrew Morris Orange Geometric # PSA 10,2025 Bowman - Andrew Morris Chrome Prospect Orange Geometric 15/25 #BCP90 PSA 10
,,,#CPAAMO Andrew Morris Chrome True Blue Auto /150 PSA 10,2025 Bowman #CPAAMO Andrew Morris 1st Chrome True Blue Auto /150 PSA 10 Twins
,,,Andrew Painter Best Refractor #TP-11,Andrew Painter 2025 Bowman's Best Refractor Phillies #TP-11
BCP-116,,,BCP-116 Chrome Andrew Painter Sunflower Seeds PSA 10 Gem,2025 Bowman Chrome Prospects Andrew Painter #BCP-116 Sunflower Seeds PSA 10 Gem
,,,Best Top Andrew Painter #TP-11 Blue Refractor /150,2025 Bowman's Best - Top Prospects Andrew Painter #TP-11 Blue Refractor /150 RC
,,,Best Andrew Painter /150,2025 Bowman's Best Andrew Painter /150
,,,Best #TP-11 Andrew Painter Aqua Refractors /199,2025 Bowman's Best #TP-11 Andrew Painter Aqua Refractors /199
,,,ð¥ Best Dual Auto Orange Refractor â3⁄4 Painter / Miller #04/25 ð¥,ð¥2025 Bowman's Best - Dual Auto Orange Refractor â¾ Painter / Miller #04/25 ð¥
BCP-116,,,BCP-116 Chrome /50 GOLD GEOMETRIC # ANDREW PAINTER PSA 10,2025 BOWMAN CHROME PROSPECTS GOLD GEOMETRIC #BCP116 ANDREW PAINTER 24/50 PSA 10
,,,Best Purple Lazer Refractor Andrew Painter /250,Topps Bowman's Best Purple Lazer Refractor 2025 Andrew Painter /250 Phillies
,,,Mojo Card Lot (8) Ohtani Betts Yamamoto + Pages Hunter Liranzo Ryan,Dodgers Mojo Card Lot (8) Ohtani Betts Yamamoto + RC Pages Hunter Liranzo Ryan
,,,You Pick Your Cards ð¥ Fan Favs Old & New Freeman Mookie ++,You Pick Your Cards Los Angeles Dodgers ð¥ Fan Favs Old & New Freeman Mookie ++
,,,OHTANI FREEMAN BETTS & other pick your card ROOKIES/PARALLELS,OHTANI FREEMAN BETTS & other DODGERS - pick your card - ROOKIES/PARALLELS
,,,12x Rookie Lot Dalton Rushing Refractor Andy Pages Chrome,Dodgers 12x Rookie Lot - Dalton Rushing Refractor - Bowman 1st Andy Pages Chrome
,,,16 Rookie Lot 2024 Andy Pages Refractor Josue De Paula + /100,Dodgers 16 Rookie Lot 2024 Andy Pages Topps Refractor Josue De Paula 1st + /100
,,,LA Shohei Ohtani Andy Pages Snell River Ryan Rcs 8 Ct Mlb Lot,LA Dodgers Shohei Ohtani Andy Pages Snell River Ryan Rcs 8 Ct Mlb Lot
,,,LA Lot Of 6 Cards 2023- Rookies Veterans NM-MT,LA Dodgers Lot Of 6 Cards 2023-2025 Topps Bowman Prospect Rookies Veterans NM-MT
,,,Chrome Sapphire Dalton Rushing Rookie Auto Blue PSA 10,2025 Topps Chrome Sapphire Dalton Rushing RC Rookie Auto Dodgers Blue PSA 10
,,,"lot Shohei Ohtani, Yamamoto, Sasaki , Outman , Deluca","Los Angeles Dodgers lot Shohei Ohtani, Yamamoto, Sasaki RC, Outman RC, Deluca RC"
,,,LUIS MEREJO CHROME Lot 15,LUIS MEREJO 2025 Bowman CHROME 1ST BOWMAN PROSPECT - Cleveland Guardians Lot 15
,,,Chrome Scouts Top 100 Complete Your Set Insert Refractors,2025 Bowman Chrome Scouts Top 100 - Complete Your Set - Insert Refractors
,,,"Inserts- Top 100, ROY Favorites, VIP, Rockstar- Volume Discount","2025 Bowman Inserts- Top 100, ROY Favorites, VIP, Rockstar- Volume Discount"
,,,"Inserts Hobby Stars, ROY, Greatness, VIP, Rockstar A19","2025 Bowman Baseball Inserts - Hobby Stars, ROY, Greatness, VIP, Rockstar A19"
,,,Top 100 Insert You Chose Complete Your Set,2025 Bowman Top 100 Insert You Chose! Complete Your Set!
,,,INSERTS with Chrome and Rookies You Pick 2 Card Minimum,2025 Bowman INSERTS with Chrome and Rookies You Pick - 2 Card Minimum
BCP-33,,,BCP-33 Chrome Aron Estrada Pearl Refractor ( ) PSA 10,2025 Bowman Chrome Prospects Aron Estrada #BCP-33 Pearl Refractor (RC) PSA 10
,,,Chrome Snack Pack Aron Estrada Popcorn PSA 10 Pop 1 SSP,2025 1st Bowman Chrome Snack Pack Aron Estrada Popcorn PSA 10 Pop 1 SSP
CPA-AES,,,CPA-AES Chrome /50 AUTO GOLD SHIMMER # ARON ESTRADA PSA 9,2025 BOWMAN CHROME PROSPECT AUTO GOLD SHIMMER #CPA-AES ARON ESTRADA /50 PSA 9
CPA-AES,,,CPA-AES Chrome /299 Aron Estrada # Speckle Auto PSA 9,Aron Estrada 2025 Bowman #CPA-AES Orioles 1st Chrome Speckle #/299 Auto PSA 9
,,,Chrome ARON ESTRADA Auto True Green Refactor /99 PSA 9 Rookie,2025 Bowman Chrome ARON ESTRADA 1st Auto True Green Refactor /99 PSA 9 Rookie
,,,Chrome Aron Estrada Orange Wave Autograph /25 PSA 10,2025 Bowman Chrome Prospects Aron Estrada Orange Wave 1st Autograph /25 PSA 10
CPA-AES,,,CPA-AES Chrome Aron Estrada Auto PSA 10,2025 Bowman Chrome 1st Aron Estrada Auto CPA-AES PSA 10
,,,Aron Estrada Chrome Autograph PSA 10,2025 Bowman Aron Estrada Chrome Prospect Autograph PSA 10 Orioles Bowman 1st
,,,ð¥Aron Estrada Chrome True Black Auto /10 PSA 9,ð¥Aron Estrada 2025 Bowman Chrome 1st Prospect True Black Auto /10 PSA 9 Orioles
,,,AROON ESCOBAR CHROME SAPPHIRE PSA 9 QTY AVAIL,AROON ESCOBAR 2025 BOWMAN CHROME 1ST SAPPHIRE BASEBALL PHILLIES PSA 9 QTY AVAIL
,,,Chrome Aroon Escobar Purple Auto /250 PSA 8,2025 Bowman Chrome Aroon Escobar Purple Auto /250 PSA 8
,,,Aroon Escobar Gold Lava Refractor Auto /50 PSA 9 MINT,2025 Bowman Aroon Escobar 1st Gold Lava Refractor Auto /50 - PSA 9 MINT
CPA-AE,,,CPA-AE Chrome Aroon Escobar Auto # PSA 10,2025 Bowman Aroon Escobar Chrome Auto 1st Prospect #CPA-AE Phillies PSA 10
BCP-65,,,BCP-65 Chrome /99 Sapphire Aroon Escobar Green Psa 9,2025 Bowman Sapphire Chrome Prospects Aroon Escobar #BCP-65 Green /99 Psa 9
BP-65,,,BP-65 /250 Aroon Escobar Purple ( ) PSA 8,2025 Bowman - Prospects Aroon Escobar #BP-65 Purple /250 (RC) PSA 8!
CPA-AE,,,CPA-AE Chrome /499 Aroon Escobar # Refractor Auto # PSA 9 Phi,2025 Bowman Chrome 1st Aroon Escobar #CPA-AE Refractor Auto #157/499 PSA 9 Phi
,,,Aroon Escobar Chrome #CPAAE Auto Gold Shimmer /50 PSA 9,Aroon Escobar 2025 Bowman Chrome #CPAAE 1st Auto Gold Shimmer /50 PSA 9 Phillies
,,,AROON ESCOBAR Chrome GREEN LAVA AUTO PSA 8 NM-MT,2025 Bowman AROON ESCOBAR Chrome Prospect GREEN LAVA AUTO PSA 8 NM-MT Phillies
,,,Draft Aroon Escobar #BD-98,2025 Bowman Draft Aroon Escobar #BD-98
,,,Draft Chrome Aroon Escobar #BDC-98,2025 Bowman Draft Chrome Aroon Escobar #BDC-98
,,,Draft Chrome Aroon Escobar #BDC-98 Refractor,2025 Bowman Draft Chrome Aroon Escobar #BDC-98 Refractor
,,,Draft Chrome Aroon Escobar #BDC-98 Sky Blue Refractor,2025 Bowman Draft Chrome Aroon Escobar #BDC-98 Sky Blue Refractor
BCP-65,,,BCP-65 Chrome Aroon Escobar Reptilian Refractor PSA 10 GEM MT,Aroon Escobar 2025 Bowman Chrome Reptilian Refractor PSA 10 GEM MT #BCP-65
BCP-65,,,BCP-65 Chrome Aroon Escobar Mini-Diamond Refractor ( ) PSA 9 MINT,Aroon Escobar 2025 Bowman Chrome Mini-Diamond Refractor (RC) PSA 9 MINT #BCP-65
CPA-AE,,,CPA-AE Chrome /499 Aroon Escobar Refractor Auto PSA 9 MINT #,Aroon Escobar 2025 Bowman Chrome Refractor /499 Auto PSA 9 MINT #CPA-AE
CPA-AE,,,"CPA-AE Chrome Aroon Escobar Auto PSA 10 GEM MT # (AU, )","Aroon Escobar 2025 Bowman Chrome Prospect Auto PSA 10 GEM MT #CPA-AE (AU, RC)"
,,,Chrome Autographs Aroon Escobar #CPAAE PSA 10,2025 Bowman Chrome Prospect Autographs Aroon Escobar #CPAAE PSA 10
,,,Chrome Sapphire Aroon Escobar Auto #/199 PSA 9,2025 Bowman Chrome Sapphire Aroon Escobar 1st Bowman Auto #/199 PSA 9 Phillies
,,,AROON ESCOBAR Draft Chrome Fuchsia Reptilian Refractor /199,AROON ESCOBAR 2025 Bowman Draft - Chrome Fuchsia Reptilian Refractor /199
,,,Draft Aroon Escobar Purple Geometric Refractor /250,2025 Bowman Draft Aroon Escobar Purple Geometric Refractor /250
,,,Draft Aroon Escobar #BDC-98 Chrome Yellow Refractor #/75,2025 Bowman Draft Aroon Escobar #BDC-98 Chrome Yellow Refractor #/75
,,,Draft Aroon Escobar #BDC-98 Orange /25,2025 Bowman Draft Aroon Escobar Philadelphia Phillies #BDC-98 Orange /25
,,,Draft Chrome Aroon Escobar #BDC-98 Lazer Refractor,2025 Bowman Draft Chrome Aroon Escobar #BDC-98 Lazer Refractor
BP-4,,,BP-4 Paper Asbel Gonzalez 5 Card Lot,2025 Bowman Prospect Paper Asbel Gonzalez Kansas City Royals #BP-4 5 Card Lot
,,,Asbel Gonzalez Chrome Auto Blue Refractor /150 PSA 9,Asbel Gonzalez 2025 Bowman Chrome 1st Prospects Auto Blue Refractor /150 PSA 9
,,,CHROME ASBEL GONZALEZ 3/99 GREEN REFRACTOR AUTO PSA 10 ROYAL TN4,2025 BOWMAN CHROME ASBEL GONZALEZ 3/99 GREEN REFRACTOR 1ST AUTO PSA 10 ROYAL TN4
,,,CHROME ASBEL GONZALEZ 53/150 HTA CHOICE AUTO PSA 9 TN4,2025 BOWMAN CHROME ASBEL GONZALEZ 53/150 HTA CHOICE 1ST AUTO PSA 9 ROYALS TN4
,,,Chrome Asbel Gonzalez Speckle Refractor Auto /299 PSA 10,2025 Bowman Chrome Asbel Gonzalez Speckle Refractor Auto /299 PSA 10
,,,Asbel Gonzalez Lot Reptilian Foil & Gold Paper /50 ð¥,2025 Bowman 1st Asbel Gonzalez Royals Lot - Reptilian Foil & Gold Paper /50 ð¥
,,,CHROME ASBEL GONZALEZ MINI DIAMOND REFRACTOR AUTO /100 PSA 10,2025 BOWMAN CHROME  ASBEL GONZALEZ MINI DIAMOND REFRACTOR  AUTO /100 PSA 10
,,,Chrome Asbel Gonzalez Auto Blue Refractor #/150 PSA 10,2025 Bowman Chrome Asbel Gonzalez Prospect Auto Blue Refractor #/150 PSA 10
CPA-AG,,,CPA-AG /99 Asbel Gonzalez Green Refractor Autograph # Psa 10,2025 Bowman Asbel Gonzalez 1st Green Refractor Autograph /99 #CPA-AG Psa 10
BP-20,,,BP-20 Paper Ashly Andujar 5 Card Lot,2025 Bowman Prospect Paper Ashly Andujar Colorado Rockies #BP-20 5 Card Lot
,,,Chrome Megabox Mojo Refractors U PICK MUST BUY 2 OR SALE CANCELLED,2025 Bowman Chrome Megabox Mojo Refractors - U PICK MUST BUY 2 OR SALE CANCELLED
,,,Ashly Andujar Blue Auto /150 PSA 9,2025 Bowman Ashly Andujar Blue Auto /150 Rockies PSA 9
BCP-20,,,BCP-20 Chrome /10 Ashly Andujar Black X ( ) PSA 9,2025 Bowman Chrome Prospects Ashly Andujar #BCP-20 Black X  /10 (RC) PSA 9
,,,CHROME ASHLY ANDUJAR WAVE REFRACTOR PSA 9,2025 BOWMAN CHROME ASHLY ANDUJAR WAVE REFRACTOR PSA 9
1,,,1 Paper -150: You Pick- Complete Your Set,2025 Bowman Baseball Paper Prospects #1-150: You Pick- Complete Your Set
,,,CHROME AUTO SPECKLE REFRACTOR ASHLY ANDUJAR 266/299 PSA 9,2025 BOWMAN CHROME PROSPECT AUTO SPECKLE REFRACTOR ASHLY ANDUJAR 266/299 PSA 9
1,,,1 Paper -150 Choose your card 2 CARD MINIMUM,2025 Bowman Paper Prospects #1-150 - Choose your card!  2 CARD MINIMUM!
,,,ð¥ Chrome You Pick Free Ship Buy More & Save ð¥,ð¥2025 Bowman Chrome Prospects - You Pick - Free Ship - Buy More & Save!!!ð¥
,,,Paper #BP 1-150 Single Cards You Pick (BUY 5 GET 5 FREE),2025 Bowman Prospects Paper #BP 1-150 Single Cards You Pick (BUY 5 GET 5 FREE)
BP-1,,,BP-1 ( BP-150) You Pick Complete Your Set,2025 Bowman - Prospects (BP-1 - BP-150) - You Pick Complete Your Set
BCP-20,,,BCP-20 Chrome /99 Sapphire Ashly Andujar Green PSA 9,2025 Bowman Sapphire - Ashly Andujar Chrome Prospect Green /99 #BCP-20 PSA 9
,,,B6736- Card #s 1-100 +Inserts -You Pick- 15+ FREE US SHIP,B6736- 2025 Bowman Baseball Card #s 1-100 +Inserts -You Pick- 15+ FREE US SHIP
BCP-1,,,BCP-1 Chrome to BCP-252 You Pick 2 Card Minimum,2025 Bowman Chrome Prospects BCP-1 to BCP-252 You Pick - 2 Card Minimum
,,,Ashly Andujar Chrome Red Geometric PSA 10,2025 Bowman Ashly Andujar Chrome Prospect Red Geometric PSA 10
,,,Mega Ashly Andujar Burgundy/275 PSA 9 POP 1 ð¥ð¥,2025 Bowman Mega Ashly Andujar 1st Burgundy/275 PSA 9 POP 1 Rockies ð¥ð¥
,,,Sapphire Chrome Ashly Andujar Gold /50 PSA 9,2025 Bowman Sapphire Edition Chrome Prospects Ashly Andujar Gold /50 PSA 9
,,,"Veteran & -You Pick- 1-100 **Buy More, Save More**","2025 Bowman Veteran & RC -You Pick- 1-100 **Buy More, Save More**"
,,,You Pick (1-100) Buy 5 Get 7 Free,2025 Bowman Baseball You Pick! (1-100) Buy 5 Get 7 Free!!!
58,,,58 /25 Austin Riley ORANGE PSA 10 GEM MINT ð POP 2 RARE ð¥,2025 Topps Austin Riley #58 ORANGE  /25 PSA 10 GEM MINT ð POP 2! RARE BRAVES ð¥
,,,Base **Buy 1 Get 8 More FREE** You Pick Complete Your Set,2025 Bowman Base **Buy 1 Get 8 More FREE** You Pick - Complete Your Set
,,,Draft Riley Quick Black Mojo 01/10 *RARE * FIRST ON PRINT,2025 Bowman Draft Riley Quick Black 1st Mojo 01/10 *RARE!* FIRST ON PRINT!
,,,1-100 Complete Your Set Singles,2025 Bowman 1-100 Complete Your Set Singles
85,,,85 Ben Rice Rookie GMG Graded 10 Gem Mint ð,2025 Bowman Ben Rice Rookie GMG Graded 10 Gem Mint ð #85 Yankees
,,,( ) Ben Rice 2 Card lot MOJO / Refractor,(RC) Ben Rice - 2 Card lot 1st Bowman MOJO / Topps Refractor - Yankees!!
85,,,85 /25 Ben Rice Orange SGC 9 Rookie,2025 Bowman - Ben Rice #85 Orange /25 RC SGC 9 New York Yankees Rookie
,,,Ben Rice Chrome #9 (2) Card Lot,Ben Rice 2025 Bowman Chrome RC #9 (2) Card Lot
,,,"Ben Rice Rookie Lot X37 , Heritage, Archives, Stadium Clu","2025 Topps Ben Rice Rookie Lot X37 Topps, Bowman Heritage, Archives, Stadium Clu"
,,,Chrome Ben Rice Red Rookie Redemption #85 CGC 9 MINT Variation,2025 Bowman Chrome RC Ben Rice Red Rookie Redemption #85 CGC 9 MINT - Variation
85,,,85 Rookie Red Variation Ben Rice PSA 9,2025 Bowman - Rookie Red RC Variation Ben Rice #85 PSA 9
85,,,85 Ben Rice Red Rookie Redemption PSA 9,2025 Bowman #85 Ben Rice Red Rookie Redemption PSA 9
85,,,85 Draft Ben Rice Gem Mint 10,2025 Bowman Draft Ben Rice RC #85 Gem Mint 10 New York Yankees Rookie Card
,,,BEN RICE CHROME #85 / ROOKIE REFRACTOR / SGC 9.5,BEN RICE 2025 BOWMAN CHROME #85 / ROOKIE RC REFRACTOR / SGC 9.5 NEW YORK YANKEES
,,,"BEN RICE Lot of 3: /299, Chrome Red , Chrome Refractor","BEN RICE 2025 Lot of 3: Bowman /299, Chrome Red RC, Topps Chrome Refractor"
,,,BGS 9.5 Ben Rice Rookie,BGS 9.5 2025 Bowman - Ben Rice Rookie
85,,,85 Draft Ben Rice Gem Mint 10,2025 Bowman Draft Ben Rice New York Yankees Rookie Card #85 Gem Mint 10
85,,,85 /199 BEN RICE PURPLE BORDER SGC 10 GEM MINT LOW POP ( ),2025 BOWMAN #85 BEN RICE /199 PURPLE BORDER SGC 10 GEM MINT LOW POP (RC)
85,,,85 BEN RICE Graded PXG 10 Gem Mint HOT ROOKIE psa,2025 Bowman BEN RICE RC #85 Graded PXG 10 Gem Mint HOT ROOKIE psa
,,,Ben Rice 9 Card Rookie Lot,2025 Topps Ben Rice 9 Card Rookie Lot Bowman RC New York Yankees
BP-30,,,BP-30 Paper Bishop Letson 5 Card Lot,2025 Bowman Prospect Paper Bishop Letson Milwaukee Brewers #BP-30 5 Card Lot
,,,Chrome Bishop Letson Rose Gold Mini Diamond 15/15 PSA 10 Bookend,2025 Bowman Chrome Bishop Letson 1st Rose Gold Mini Diamond 15/15 PSA 10 Bookend
,,,Chrome Bishop Letson Rose Gold Mini Diamond # /15 PSA 10 ðð¥,2025 Bowman Chrome Bishop Letson 1st Rose Gold Mini Diamond # /15 PSA 10 ðð¥
BP-30,,,BP-30 (10) Bishop Letson Lot,(10) 2025 Bowman Bishop Letson 1st Rookie Card Lot Milwaukee Brewers RC #BP-30
BP-30,,,BP-30 Bishop Letson (25) Card Lot,2025 Bowman Bishop Letson (25) Card 1st Bowman Lot Brewers #BP-30
BCP-30,,,BCP-30 Chrome Bishop Letson Lot of 2 & Paper,Bishop Letson Lot of 2 RC 2025 Bowman Chrome & Paper  #BCP-30 Milwaukee Brewers
,,,Blake Aita Autograph Purple 180/250. PSA NM-MT 8.,2025 Bowman Blake Aita Bowman Prospect Autograph Purple  180/250. PSA NM-MT 8.
,,,Draft #160 Blake Mitchell,2025 Bowman Draft #160 Blake Mitchell ROYALS
,,,Draft #BDC-160 Blake Mitchell Chrome Gold Geometric /50,2025 Bowman Draft #BDC-160 Blake Mitchell Chrome Gold Geometric /50
,,,Draft #BDC-160 Blake Mitchell Chrome Aqua Reptilian Refractor /125,2025 Bowman Draft #BDC-160 Blake Mitchell Chrome Aqua Reptilian Refractor /125
,,,BLAKE MITCHELL DRAFT GREEN REFRACTOR /99,BLAKE MITCHELL 2025 BOWMAN DRAFT GREEN REFRACTOR /99
,,,Blake Mitchell Draft Sky Blue /499 #BD-160,Blake Mitchell 2025 Bowman Draft Sky Blue /499 #BD-160 Kansas City Royals
,,,Blake Mitchell Lot (12) Draft â Reptile Teal /125 Parallels &Inserts,Blake Mitchell Lot (12) 2025 Bowman Draft â Reptile Teal /125 Parallels &Inserts
,,,Blake Mitchell Draft Green Border /99 â,Blake Mitchell 2025 Bowman Draft Green Border /99 â Royals
,,,BLAKE MITCHELL Draft Chrome #BDC-160 Green Refractor /99,BLAKE MITCHELL 2025 Bowman Draft Chrome #BDC-160 Green Refractor /99
,,,Draft BLAKE MITCHELL Sky Blue Border /499 #BD-160,2025 Bowman Draft  BLAKE MITCHELL  Sky Blue Border /499  #BD-160
,,,Draft #BDC-160 Blake Mitchell Chrome Green Geometric #/99,2025 Bowman Draft #BDC-160 Blake Mitchell Chrome Green Geometric #/99
,,,Draft #BDC-160 Blake Mitchell Chrome Green Geometric #/99,2025 Bowman Draft #BDC-160 Blake Mitchell Chrome Green Geometric #/99
,,,Draft Chrome Blake Mitchell Green Reptilian /99,2025 Bowman Draft Chrome Blake Mitchell Green Reptilian /99
,,,Blake Mitchell Draft Chrome Refractor Base Lot,Blake Mitchell 2025 Bowman Draft Chrome Refractor Base Lot
,,,Draft #BD-160 Blake Mitchell Green /99,2025 Bowman Draft #BD-160 Blake Mitchell Green /99 Kansas City Royals
,,,Draft Blake Mitchell Chrome Purple Geometric Refractor /250,2025 Bowman Draft Blake Mitchell Chrome Purple Geometric Refractor /250 Royals
,,,Draft Chrome Blake Mitchell #BDC-160 Refractor ( ),2025 Bowman Draft - Chrome Blake Mitchell #BDC-160 Refractor (RC)
,,,Draft Blake Mitchell Chrome Blue Geometric Refractor #/150,2025 Bowman Draft Blake Mitchell Chrome Blue Geometric Refractor #/150 Royals
,,,Blake Mitchell Draft True Purple Refractor /250,Blake Mitchell 2025 Bowman Draft True Purple Refractor /250 Kansas City Royals
,,,Draft #BD-160 Blake Mitchell Blue Border #/150,2025 Bowman Draft #BD-160 Blake Mitchell Blue Border #/150
,,,Blake Mitchell Draft 5 card lot #BD-160,Blake Mitchell 2025 Bowman Draft 5 card lot #BD-160 Royals
,,,Blake Mitchell Draft 5 card lot: 1 Refractor & 4 Chrome,Blake Mitchell 2025 Bowman Draft 5 card lot: 1 Refractor & 4 Chrome
,,,Draft Chrome Blake Mitchell #BDC-160 Green Grass Refractor /99,2025 Bowman Draft Chrome  - Blake Mitchell #BDC-160 Green Grass Refractor /99
,,,Draft #BDC-160 Blake Mitchell Chrome Green Geometric /99,2025 Bowman Draft #BDC-160 Blake Mitchell Chrome Green Geometric /99
,,,Draft Chrome Blue Geometric Refractor /150 Blake Mitchell #BDC-160,2025 Bowman Draft Chrome Blue Geometric Refractor /150 Blake Mitchell #BDC-160
,,,Draft Chrome Blake Mitchell Blue Refractor /150 READ,2025 Bowman Draft - Chrome Blake Mitchell  Blue Refractor /150 Royals READ
,,,Blake Mitchell Draft #BDC-160 CHROME REFRACTOR,Blake Mitchell 2025 Bowman Draft #BDC-160 CHROME REFRACTOR - Kansas City Royals
,,,Draft Chrome Blake Mitchell #BDC-160 Blue Geometric Refractor /150,2025 Bowman Draft - Chrome Blake Mitchell #BDC-160 Blue Geometric Refractor /150
,,,Draft Chrome Blake Mitchell #BDC-160 Refractor ( ),2025 Bowman Draft - Chrome Blake Mitchell #BDC-160 Refractor (RC)
,,,Blake Mitchell Draft Chrome KC Gold Geometric Refractor /50,Blake Mitchell 2025 Bowman Draft Chrome KC Royals Gold Geometric Refractor /50
,,,Draft Blake Mitchell Blue Refractor /150 BDC-160,2025 Bowman Draft Blake Mitchell Blue Refractor /150 Royals BDC-160
,,,Blake Mitchell Draft Paper 5 Card Lot,Blake Mitchell 2025 Bowman Draft Prospects Paper 5 Card Lot Kansas City Royals
,,,Draft Blake Mitchell #BDC-160 Purple Refractor /250,2025 Bowman Draft - Blake Mitchell #BDC-160 Purple Refractor /250 - Royals
,,,Draft Chrome Orange /25 Blake Mitchell #BDC-160 Ro,2025 Topps Bowman Draft Chrome Orange /25 Blake Mitchell #BDC-160 Kansas City Ro
,,,Draft Paper (BD1-BD200): YOU PICK Complete Your Set 50% off 4+,2025 Bowman Draft Paper (BD1-BD200): YOU PICK Complete Your Set - 50% off 4+
,,,Draft Blake Mitchell #BD-160 Gold /50 ( ),2025 Bowman Draft - Blake Mitchell #BD-160 Gold /50 (RC) Kansas City Royals!
,,,Draft #BDC-160 Blake Mitchell Chrome Aqua Geometric #/125,2025 Bowman Draft #BDC-160 Blake Mitchell Chrome Aqua Geometric #/125
,,,Draft Chrome Blake Mitchell #BDC-160 Lot 17 Base 6 Ref 1 Sapphire,2025 Bowman Draft - Chrome Blake Mitchell #BDC-160 Lot 17 Base 6 Ref 1 Sapphire
,,,"Blake Mitchell Draft Paper, Chrome Base, Yellow Refractor /75","Blake Mitchell 2025 Bowman Draft Paper, Chrome Base, Yellow Refractor /75"
,,,Draft Blake Mitchell #BDC-160 Purple Refractor /250,2025 Bowman Draft - Blake Mitchell #BDC-160 Purple Refractor /250 - Royals
,,,Draft Chrome Refractor Blake Wolters Auto 317/499,2025 Bowman Draft Chrome Prospects Refractor Blake Wolters 1st Auto 317/499
BP-76,,,BP-76 Blake Wolters Paper Lot Of 10 KC Royalsð¥ð¥,2025 Bowman Blake Wolters 1st Paper Prospects Lot Of 10 BP-76 KC Royalsð¥ð¥
,,,Chrome Blake Wolters Speckle Refractor Auto /299 PSA 10,2025 Bowman Chrome Blake Wolters Speckle Refractor Auto /299 PSA 10
,,,(1-150) You Pick Buy 5 Get 7 Free,2025 Bowman Baseball Prospects (1-150) You Pick! Buy 5 Get 7 Free!!!
,,,Chrome Blake Wolters Mini Diamond Auto /100 PSA 9,2025 Bowman Chrome Blake Wolters Mini Diamond 1st Prospect Auto /100 PSA 9
,,,CHROME PRSPCT AUTOS SPECKLE REFRACTOR BLAKE WOLTERS 9/299 PSA 8,2025 BOWMAN CHROME PRSPCT AUTOS SPECKLE REFRACTOR BLAKE WOLTERS 9/299 PSA 8
BP-76,,,BP-76 Blake Wolters (25) Card Lot,2025 Bowman Blake Wolters (25) Card 1st Bowman Lot Royals #BP-76
CPA-BW,,,CPA-BW Chrome /10 Blake Wolters ( ) Auto # PSA/DNA,2025 Bowman Chrome - Blake Wolters (RC) Auto Prospects #CPA-BW PSA/DNA 9/10
,,,Chrome Blake Wolters Orange Refractor Rookie Auto /25 PSA 8,2025 Bowman Chrome Blake Wolters Orange Refractor Rookie Auto RC /25 PSA 8
BCP-76,,,BCP-76 /75 Blake Wolters Yellow X-Fractor Psa 9,2025 Bowman Blake Wolters 1st Yellow X-Fractor /75 #BCP-76 Psa 9
,,,Best Bo Bichette Purple Lazer Refractor /250,2025 Bowman's Best Bo Bichette Purple Lazer Refractor /250 Blue Jays
,,,Best Bo Bichette Yellow /75,2025 Bowman's Best Bo Bichette Yellow /75
39,,,39 /250 Best Bo Bichette Purple Mojo Refractors,2025 Bowman's Best #39 Bo Bichette Purple Mojo Refractors #/250
39,,,39 /250 Best Bo Bichette Purple Mojo Refractor,2025 Bowman's Best Bo Bichette #39 Purple Mojo Refractor 073/250 Blue Jays
39,,,39 /99 Best Bo Bichette Serial Numbered MLB,Topps 2025 Bowman's Best Bo Bichette #39 Serial Numbered 34/99 Blue Jays MLB
,,,Bo Bichette /299 Best Mini-Diamond Refractor Free Ship,Bo Bichette  /299 2025 Bowman's Best Mini-Diamond Refractor Free Ship
,,,You Pick (1-100) Buy 5 Get 7 Free,2025 Bowman Baseball You Pick! (1-100) Buy 5 Get 7 Free!!!
,,,Best Bo Bichette Refractor lot (2) (1) purple /250 (1) base ref.,2025 Bowman's Best Bo Bichette Refractor lot (2) (1) purple /250 (1) base ref.
39,,,39 /99 Best Bo Bichette Green,2025 Bowman's Best - #39 Bo Bichette - Green /99
39,,,39 Best Bo Bichette Purple Mojo Refractors,2025 Bowman's Best #39 Bo Bichette Purple Mojo Refractors
39,,,39 /199 Best Bo Bichette Aqua Refractors,2025 Bowman's Best #39 Bo Bichette Aqua Refractors #/199
,,,Best BASE You Pick Complete Your Set,2025 Bowman's Best - BASE - You Pick Complete Your Set
39,,,39 /75 BO BICHETTE BEST YELLOW LASERS REFRACTOR #,BO BICHETTE 2025 BOWMAN'S BEST YELLOW LASERS REFRACTOR #39 BLUE JAYS /75
,,,Best Bo Bichette Blue Refractor /150,2025 Bowman's Best Bo Bichette Blue Refractor /150 Blue Jays
39,,,39 /150 Best Bo Bichette Blue X-Fractor,2025 Bowman's Best - Bo Bichette #39 Blue X-Fractor /150
,,,Bo Bichette ð Chrome Mojo Refractor 12x Card Lot,Bo Bichette ð 2025 Bowman Chrome Mojo Refractor 12x Card Lot
39,,,39 /250 Best BO BICHETTE PURPLE Refractor,2025 Bowman's Best BO BICHETTE #39 PURPLE Refractor 04/250 Blue Jays
39,,,39 Best - Bo Bichette Refractor,2025 Topps Bowman's Best - Blue Jays - Bo Bichette Refractor - #39
,,,"Bowmanâs Best Bo Bichette Lot 4 Cards #150, 199, 250, 350","2025 Topps Bowmanâs Best Bo Bichette Lot - 4 Cards #150, 199, 250, 350"
39,,,39 /250 Best Bo Bichette Purple Mojo Refractor,2025 Bowman's Best - Bo Bichette #39 Purple Mojo Refractor /250
,,,Bo Bichette Lot Of 2 From 2023 Tribute And Chrome Sapphire,Bo Bichette Lot Of 2 From 2023 Topps Tribute And 2025 Bowman Chrome Sapphire
,,,Bo Bichette Orange /25 PSA 8,Bo Bichette 2025 Bowman Orange /25 PSA 8
BP-92,,,BP-92 Paper Bo Walker 5 Card Lot,2025 Bowman Prospect Paper Bo Walker Arizona Diamondbacks #BP-92 5 Card Lot
BP-92,,,BP-92 Bo Walker Paper Lot Of 10 Diamondbacksð¥ð¥,2025 Bowman Bo Walker 1st Paper Prospects Lot Of 10 BP-92 Diamondbacksð¥ð¥
,,,Chrome Bo Walker Orange Reptilian Auto /25 PSA 9 Dbacks,2025 Bowman Chrome Prospect Bo Walker Orange Reptilian Auto /25  PSA 9  Dbacks!
,,,Chrome Bo Walker Chr Pros-Yellow X-Fractor PSA 4,2025 Bowman Chrome Prospects Bo Walker Chr Pros-Yellow X-Fractor PSA 4
,,,Chrome Bo Walker Orange Wave Auto /25 PSA 10,2025 Bowman Chrome Bo Walker Orange Wave Auto /25 PSA 10
,,,BO WALKER Dbacks Chrome Auto Blue X-Fractor 13/150 PSA GM 10,BO WALKER - Dbacks - 2025 Bowman Chrome Auto Blue X-Fractor 13/150 - PSA GM 10
BCP-92,,,BCP-92 Chrome /25 Sapphire Bo Walker Orange Psa 10,2025 Bowman Sapphire Edition Chrome Prospects Bo Walker BCP-92 Orange /25 Psa 10
CPA-BWA,,,CPA-BWA Chrome Bo Walker Autograph PSA 10,2025 Bowman - Bo Walker 1st Chrome Prospect Autograph CPA-BWA PSA 10
BCP-92,,,BCP-92 Chrome /399 Bo Walker Lava Refractor PSA 10,2025 Bowman - Bo Walker 1st Chrome Prospects Lava Refractor /399 #BCP-92 PSA 10
7,,,7 Bobby Witt Jr. GMG Graded 10 Gem Mint ð,2025 Bowman Bobby Witt Jr. GMG Graded 10 Gem Mint ð #7 Royals
,,,Chrome Bobby Witt Jr. Meteoric Rise Pink Mojo Refractor 47 /199 SP,2025 Bowman Chrome Bobby Witt Jr. Meteoric Rise Pink Mojo Refractor 47 /199 SP
,,,Bobby Witt Jr. Best Blue X-Fractor Refractor #110/150,Bobby Witt Jr. 2025 Bowman's Best Blue X-Fractor Refractor #110/150 - Royals
,,,Bobby Witt Jr. Best Purple Lazer Refractor #154/250,Bobby Witt Jr. 2025 Bowman's Best Purple Lazer Refractor #154/250 - Royals
,,,Bobby Witt Jr. Best Mini Diamond Refractor #280/299,Bobby Witt Jr. 2025 Bowman's Best Mini Diamond Refractor #280/299 - Royals
69,,,69 /250 Best Bobby Witt Jr. Purple Lazer Refractor QI95,2025 Topps Bowman's Best Bobby Witt Jr. #69 Purple Lazer Refractor 249/250 QI95
,,,Best Best Tek Blue Bobby Witt Jr. #BT-9 /75,Topps Bowman's Best 2025 Best Tek Blue Bobby Witt Jr. Royals #BT-9 /75
,,,You Pick (1-100) Buy 5 Get 7 Free,2025 Bowman Baseball You Pick! (1-100) Buy 5 Get 7 Free!!!
,,,Chrome Adios Bobby Witt Jr. #AD-25,2025 Bowman Chrome - Adios Bobby Witt Jr. #AD-25
69,,,69 BOBBY WITT JR. BEST WAVE REFRACTOR,BOBBY WITT JR. 2025 BOWMAN'S BEST WAVE REFRACTOR ROYALS #69
,,,Best Pixel Portraits Bobby Witt Jr. #P-13,2025 Bowman's Best - Pixel Portraits Bobby Witt Jr. #P-13 ROYALS
69,,,69 Best Bobby Witt Jr. Refractor,2025 Bowman's Best Bobby Witt Jr. #69 Refractor Royals
69,,,69 /350 Bobby Witt Jr. Best Lazer Refractor,Bobby Witt Jr. 2025 Bowman's Best Lazer Refractor /350 #69
,,,Chrome Bobby Witt Jr Meteoric Rise,2025 Bowman Chrome Bobby Witt Jr Meteoric Rise
,,,Best Bobby Witt Jr. Circuitry Mini-Diamond Refractor C-1,2025 Bowman's Best Bobby Witt Jr. Circuitry Mini-Diamond Refractor C-1 - Royals
,,,Best Pixel Portraits Bobby Witt Jr. #P-13,2025 Bowman's Best - Pixel Portraits Bobby Witt Jr. #P-13
,,,â ̈ï ̧â ̈ï ̧ Best Bobby Witt Jr. Yellow Refractor /75 Royalsâ ̈ï ̧â ̈,â¨ï¸â¨ï¸2025 Bowman's Best Bobby Witt Jr. Yellow Refractor /75 Kansas City Royalsâ¨ï¸â¨
69,,,69 /75 Bobby Witt Jr. Best Yellow Refractor KC,Bobby Witt Jr. - 2025 Bowman's Best Yellow Refractor /75 #69 KC Royals
BP-2,,,BP-2 Best Best Performances Bobby Witt Jr. Mini-Diamond...,2025 Bowman's Best - Best Performances Bobby Witt Jr. #BP-2 Mini-Diamond...
,,,Chrome Bobby Witt Jr Blue Wave Refrqctor #7 PSA 10 GEM MINT,2025 Bowman Chrome Bobby Witt Jr Blue Wave Refrqctor #7 PSA 10 GEM MINT
BP-2,,,BP-2 Best Performance Bobby Witt Jr Mini-Diamond Refractor,2025 Bowman's Best Performance Bobby Witt Jr #BP-2 Mini-Diamond Refractor Royals
BP-2,,,BP-2 Best Bobby Witt Jr. Best Performance,2025 Bowman's Best Bobby Witt Jr. Best Performance #BP-2 Kansas City Royals
,,,Best Pixel Portraits Bobby Witt Jr. #P-13,2025 Bowman's Best - Pixel Portraits Bobby Witt Jr. #P-13
,,,â3⁄42025 Bobby Witt Jr. Meteoric Rise #MR-11 Mojo Refractor / Cosmic Base Royalsð¥,â¾2025 Bobby Witt Jr. Meteoric Rise #MR-11 Mojo Refractor / Cosmic Base  Royalsð¥
,,,Best #C-1 Bobby Witt Jr. Circuitry,2025 Bowman's Best #C-1 Bobby Witt Jr. Circuitry
,,,Best Pixel Portraits Bobby Witt Jr. #P-13,2025 Bowman's Best - Pixel Portraits Bobby Witt Jr. #P-13
,,,Braden Montgomery Draft Green Auto /99 AA-BM,Braden Montgomery 2025 Bowman Draft Green Auto /99 AA-BM White Sox
,,,Best Braden Montgomery #B25-BM Patch Auto 03/50,Topps 2025 Bowman's Best Braden Montgomery #B25-BM White Sox Patch Auto 03/50
,,,Braden Montgomery Best Auto Purple Refractor #/75 Rookie #B25-BM,Braden Montgomery 2025 Bowman's Best Auto Purple Refractor #/75 Rookie #B25-BM
CPA-BM,,,CPA-BM Chrome /499 Braden Montgomery # Refractor Auto PSA 10,Braden Montgomery 2025 Bowman Chrome #CPA-BM Refractor Prospect Auto /499 PSA 10
,,,Best Braden Montgomery Auto #B25-BM,2025 Bowman's Best Braden Montgomery Auto #B25-BM White Sox
,,,BRADEN MONTGOMERY DRAFT #BD-18,BRADEN MONTGOMERY  WHITE SOX  2025 BOWMAN DRAFT #BD-18
,,,Chrome #CPABM Braden Montgomery Auto Blue X-Fractor /150 PSA 10 SP,2025 Bowman Chrome #CPABM Braden Montgomery Auto Blue X-Fractor /150 PSA 10 SP
,,,"Best Best of Autographs Braden Montgomery #B25-BM (AU, )","2025 Bowman's Best - Best of 2025 Autographs Braden Montgomery #B25-BM (AU, RC)"
BCP-132,,,BCP-132 Mega Box Braden Montgomery Mojo Refractor PSA 10,2025 Bowman Mega Box Braden Montgomery Prospects Mojo Refractor BCP-132 PSA 10
,,,Draft Braden Montgomery #BD-18,2025 Bowman Draft Braden Montgomery #BD-18
,,,WhiteSox Top ð¥ Braden Montgomery â25 Bowmans Best Patch Auto /25,WhiteSox Top Prospect ð¥ Braden Montgomery â25 Bowmans Best Patch Auto /25
,,,DRAFT ACHROMATIC AUTOS REFRACTOR BRADEN MONTGOMERY 41/250 PSA 8,2025 BOWMAN DRAFT ACHROMATIC AUTOS REFRACTOR BRADEN MONTGOMERY 41/250 PSA 8
BTP-50,,,BTP-50 /25 Braden Montgomery Scouts Top 100 Orange PSA 10,Braden Montgomery 2025 Bowman Scouts Top 100 Orange /25 PSA 10 White Sox #BTP-50
,,,Braden Montgomery Draft #BDC-18 Chrome Refractor,Braden Montgomery 2025 Bowman Draft #BDC-18 Chrome Refractor White Sox
,,,"Best Best of Autographs Braden Montgomery #B25-BM (AU, )","2025 Bowman's Best - Best of 2025 Autographs Braden Montgomery #B25-BM (AU, RC)"
,,,Braden Montgomery Draft #BDC-18 Chrome Sky Blue Refractor,Braden Montgomery 2025 Bowman Draft #BDC-18 Chrome Sky Blue Refractor
,,,Best Green Mini-Diamond /99 Braden Montgomery #TP-19 White â¦,Topps 2025 Bowman's Best Green Mini-Diamond /99 Braden Montgomery #TP-19 White â¦
BCP-132,,,BCP-132 /25 Sapphire # Braden Montgomery Orange PSA 9,2025 Bowman Sapphire #BCP132 Braden Montgomery Orange /25 PSA 9 White Sox
,,,Best Braden Montgomery Aqua Refractor /199,2025 Bowman's Best Braden Montgomery Aqua Refractor /199 Chicago White Sox
,,,Braden Montgomery Best Aqua Lava #193/199 #TP-19,Braden Montgomery  2025 Bowman's Best - Aqua Lava #193/199 - #TP-19 White Sox
,,,Draft #BDC-18 Braden Montgomery Chrome Purple Geometric #/250,2025 Bowman Draft #BDC-18 Braden Montgomery Chrome Purple Geometric #/250
,,,Chrome Scouts Top 100 Complete Your Set Insert Refractors,2025 Bowman Chrome Scouts Top 100 - Complete Your Set - Insert Refractors
,,,Brandon Sproat Card Lot (4),Brandon Sproat 2025 Topps Bowman Card Lot (4) Mets Brewers
90,,,90 x25 Brandon Sproat 2024 ( ) Draft lot,x25 Brandon Sproat 2024 (1st) Bowman Draft #90 Rookie Card RC lot New York Mets!
,,,(10) 2024 Draft Brandon Sproat Rookie BD-90 Card Lot,(10) 2024 Bowman Draft Brandon Sproat Rookie BD-90 Card Lot Milwaukee Brewers RC
,,,INSERT CARDS PICK YOUR CARD,2025 BOWMAN BASEBALL INSERT CARDS PICK YOUR CARD
,,,INSERTS with Chrome and Rookies You Pick 2 Card Minimum,2025 Bowman INSERTS with Chrome and Rookies You Pick - 2 Card Minimum
PRV-BR,,,PRV-BR # Retail Autographs Brayan Rocchio Graded SGC 9,2025 Bowman #PRV-BR Retail Autographs Brayan Rocchio Graded SGC 9
,,,BRAYDEN TAYLOR SCOUTS TOP 100 Lot 18,BRAYDEN TAYLOR 2025 Bowman SCOUTS TOP 100 PROSPECTS - Tampa Bay Rays Lot 18
,,,Chrome Scouts Top 100 Complete Your Set Insert Refractors,2025 Bowman Chrome Scouts Top 100 - Complete Your Set - Insert Refractors
,,,INSERTS: Complete Your Set & Pick Your Card,2025 Bowman Baseball INSERTS: Complete Your Set & Pick Your Card
,,,Chrome Scouts Top 100 Complete Your Set,2025 Bowman Chrome Scouts Top 100 - Complete Your Set
,,,"TB Chrome & Paper Lot Of 47. , Rookie & Auto ð¥","2025 Bowman TB Rays Chrome & Paper Lot Of 47. Bowman 1st, Rookie & Auto ð¥"
,,,Scout's Top 100 inserts (choose your player),2025 Bowman Baseball - Bowman Scout's Top 100 inserts (choose your player)
,,,2024 Chrome Sapphire + Top 100 Brayden Taylor 2 lot,2024 Bowman Chrome Sapphire + 2025 Top 100 Brayden Taylor Tampa Bay Rays 2 lot
,,,Top 100 Inserts (You Pick),2025 Bowman Baseball - Top 100 Prospects Inserts (You Pick)
,,,Top 100 Insert You Chose Complete Your Set,2025 Bowman Top 100 Insert You Chose! Complete Your Set!
,,,Chrome Scouts Top 100 You Pick Complete your Set,2025 Bowman Chrome Scouts Top 100 You Pick Complete your Set
,,,Chrome Insert SP Refractors YOU PICK FROM LIST COMPLETE YOUR SET,2025 Bowman Chrome Insert SP Refractors - YOU PICK FROM LIST COMPLETE YOUR SET
,,,ð¥ Scouts' Top 100 You Pick Free Ship Buy More & Save ð¥,ð¥2025 Bowman Bowman Scouts' Top 100 - You Pick - Free Ship - Buy More & Save!ð¥
BCP-99,,,BCP-99 Chrome Brayden Taylor 2024- Base/ /Insert TB 3-Card Lot,Brayden Taylor 2024-2025 Bowman Base/Chrome #BCP-99/Insert TB Rays 3-Card Lot
,,,2023 Draft Set Singles You PICK Complete your set #BD1-BD200,2023 Bowman Draft Baseball Set Singles You PICK Complete your set #BD1-BD200
,,,SCOUTS' TOP 100 INSERT-YOU PICK,2025 Bowman Baseball SCOUTS' TOP 100 INSERT-YOU PICK
1,,,1 Paper -150: You Pick- Complete Your Set,2025 Bowman Baseball Paper Prospects #1-150: You Pick- Complete Your Set
BCP-150,,,BCP-150 Chrome â¢ BCP-1â â¢ YOU PICK NM/M,2025 Bowman â¢ Baseball Chrome Prospects BCP-1âBCP-150 â¢ YOU PICK NM/M
BCP-1,,,BCP-1 Chrome to BCP-252 You Pick 2 Card Minimum,2025 Bowman Chrome Prospects BCP-1 to BCP-252 You Pick - 2 Card Minimum
,,,BRAYLON PAYNE Gold Geometric /50 Chrome Ref PSA 10 ð Pop 2,2025 BRAYLON PAYNE Bowman Gold Geometric /50 Chrome Ref PSA 10 ð Pop 2 Brewers
,,,Chrome Autographs Braylon Payne Green Reptilian /99 PSA 10,2025 Bowman Chrome Prospects Autographs Braylon Payne Green Reptilian /99 PSA 10
,,,Draft Chrome Braylon Payne #BDC-72,2025 Bowman Draft Chrome Braylon Payne #BDC-72 Milwaukee Brewers
BCP-148,,,BCP-148 Chrome (20) CARD COLOR LOT Braylon Payne,(20) CARD COLOR LOT 2025 Bowman #BCP-148 Braylon Payne Chrome Prospects
,,,ROOKIES & VETERANS AUTOS ORANGE BRENTON DOYLE 23/25 PSA 10,2025 BOWMAN BOWMAN ROOKIES & VETERANS AUTOS ORANGE BRENTON DOYLE 23/25 PSA 10
1,,,1 2021 -150 You Pick/Choose,2021 Bowman Prospects #1-150 You Pick/Choose
,,,BRETT BATY Autograph Refractor GEM MINT PSA 10 2019 Best #B19-BB,BRETT BATY Autograph Refractor GEM MINT PSA 10 2019 Bowman's Best #B19-BB Mets
,,,LINDOR SOTO BENGE & other PICK YOUR CARD ROOKIES/PARALLELS/INSERTS,LINDOR SOTO BENGE & other mets - PICK YOUR CARD - ROOKIES/PARALLELS/INSERTS
,,,*Choose Your Cards* Inserts Rookies Autos (Updated 10/22),New York Mets *Choose Your Baseball Cards* Inserts Rookies Autos (Updated 10/22)
,,,Bret Baty 88 Ct Lot Card Rookie,Bret Baty 88 Ct Lot Baseball Card Mets Topps Bowman Rookie
,,,Bret Baty 56 Ct Lot Card Rookie,Bret Baty 56 Ct Lot Baseball Card Mets Topps Bowman Rookie
,,,Bret Baty 22 Ct Lot Card Rookie,Bret Baty 22 Ct Lot Baseball Card Mets Topps Bowman Rookie
,,,"BRETT BATY, , 3-card lot, YOUNG STAR INFIELDER","BRETT BATY, New York Mets, 3-card lot, YOUNG STAR INFIELDER"
,,,(27) Team Lot Bowmans & / Rookies,(27) New York Mets Baseball Team Lot - 1st Bowmans & Prospects / Rookies
,,,x100 BRETT BATY 2021 Draft #130 lot/set HUGE,x100 BRETT BATY 2021 Bowman Draft #130 Rookie Card RC lot/set New York Mets HUGE
,,,HUGE Lot AUTOS and COLOR Cards Multiple Years 15 Card Lot,HUGE Bowman Lot - AUTOS and COLOR Cards Multiple Years - 15 Card Lot!
,,,Rookies and Veterans Auto #PRVBB Brett Baty PSA 9 / 10,2025 Bowman Rookies and Veterans Auto #PRVBB Brett Baty Mets RC PSA 9 / 10
,,,Chrome Brody Hopkins Purple Refractor Auto /250 PSA 9,2025 Bowman Chrome Prospects Brody Hopkins Purple Refractor Auto /250 PSA 9
,,,Brody Hopkins Purple Auto /250 PSA 10,2025 Bowman Brody Hopkins 1st Purple Auto /250 PSA 10
CPA-BH,,,CPA-BH /100 Brody Hopkins # Mini Diamond Auto PSA 10,2025 Bowman - Brody Hopkins #CPA-BH 1st Bowman Mini Diamond Auto /100 PSA 10
CPA-BH,,,CPA-BH Chrome /50 Brody Hopkins Autographs Gold Lava # PSA 9,Brody Hopkins 2025 Bowman Chrome Prospect Autographs Gold Lava /50 #CPA-BH PSA 9
,,,Chrome Autographs Brody Hopkins #CPABH Green 95/99 PSA 9,2025 Bowman Chrome Prospect Autographs Brody Hopkins #CPABH Green 95/99 PSA 9
,,,Brody Hopkins Pros Chrome Purple AUTO /250 PSA 10 GEM,2025 Bowman Brody Hopkins 1st Pros Chrome Purple AUTO /250 PSA 10 GEM
CPA-BH,,,CPA-BH /150 Brody Hopkins True Blue Refractor Auto PSA 9 Mint #,2025 Bowman Brody Hopkins True Blue Refractor Auto /150 PSA 9 Mint #CPA-BH
,,,Chrome Auto PSA 9 Speckle Refractor Brody Hopkins /299,2025 1st Bowman Chrome Prospect Auto PSA 9 Speckle Refractor Brody Hopkins /299
,,,Brody Hopkins Chrome Auto Blue X-Fractor /150 PSA 10 GEM MT,Brody Hopkins 2025 Bowman Chrome Prospect Auto Blue X-Fractor /150 PSA 10 GEM MT
,,,Brody Hopkins Chrome Refractor Auto /499 PSA 10 GEM MT #CPABH,Brody Hopkins 2025 Bowman Chrome 1st Refractor Auto /499 PSA 10 GEM MT #CPABH
,,,BRODY HOPKINS CHROME ORANGE SHIMMER AUTO /25 PSA 10 POP 1,BRODY HOPKINS 2025 BOWMAN CHROME 1ST ORANGE SHIMMER AUTO /25 PSA 10 POP 1
,,,CHROME PRSPCT AUTOS SPECKLE REFRACTOR BRODY HOPKINS 070/299 PSA 10,2025 BOWMAN CHROME PRSPCT AUTOS SPECKLE REFRACTOR BRODY HOPKINS 070/299 PSA 10
,,,CHROME PRSPCT AUTOS YELLOW REFRACTOR BRODY HOPKINS 18/75 PSA 9,2025 BOWMAN CHROME PRSPCT AUTOS YELLOW REFRACTOR BRODY HOPKINS 18/75 PSA 9
,,,CHROME AUTOS GOLD SHIMMER #CPABH BRODY HOPKINS 37/50 PSA 9,2025 BOWMAN CHROME PROSPECT AUTOS GOLD SHIMMER #CPABH BRODY HOPKINS 37/50 PSA 9
,,,CHROME AUTOS FIREFRACTOR #CPABH BRODY HOPKINS 1/3 PSA 10,2025 BOWMAN CHROME PROSPECT AUTOS FIREFRACTOR #CPABH BRODY HOPKINS 1/3 PSA 10
,,,BRODY HOPKINS CHROME ORANGE True AUTO /25 Autograph PSA 10 POP 2,BRODY HOPKINS 2025 BOWMAN CHROME 1ST ORANGE True AUTO /25 Autograph PSA 10 POP 2
CPA-BH,,,CPA-BH Chrome /150 Brody Hopkins Auto HTA Refractor PSA 9,2025 Bowman Chrome 1st Brody Hopkins Auto /150 HTA Refractor CPA-BH PSA 9
,,,Chrome BRODY HOPKINS Auto GREEN LAVA Refractor ð¥ PSA Gem 10 ð,2025 Bowman Chrome BRODY HOPKINS Auto GREEN LAVA Refractor!ð¥ PSA Gem 10! ð
CPA-BH,,,CPA-BH Chrome /5 Brody Hopkins Sunflower Seeds Auto # PSA 9,2025 Bowman Chrome 1st Brody Hopkins /5 Sunflower Seeds Auto #CPA-BH PSA 9
,,,Chrome Brody Hopkins Gum Ball SSP Auto 5/5 Bookend PSA 9,2025 Bowman Chrome Prospect Brody Hopkins Gum Ball SSP Auto 5/5 Bookend PSA 9
,,,Brody Hopkins Chrome Auto Orange Wave Refractor /25 PSA 10 Pop 1,2025 Bowman Brody Hopkins Chrome Auto Orange Wave Refractor 1st /25 PSA 10 Pop 1
,,,Brody Hopkins Chrome Auto Mini-Diamond Refractor #/100 PSA 9,2025 Bowman Brody Hopkins Chrome Auto Mini-Diamond Refractor 1st #/100 PSA 9
CRA-BL,,,CRA-BL Chrome /50 Brooks Lee Gold Refractor Auto PSA 9 #,2025 Bowman Chrome Brooks Lee Gold Refractor RC Auto /50 PSA 9 #CRA-BL
,,,You Pick (1-100) Buy 5 Get 7 Free,2025 Bowman Baseball You Pick! (1-100) Buy 5 Get 7 Free!!!
,,,Best Brooks Lee Autograph 094/150,2025 Bowman's Best Baseball Brooks Lee Autograph 094/150 Minnesota Twins
,,,"Best Brooks Lee Gold Mini-Diamond Refractor Auto /50 (AU, )","2025 Bowman's Best - Brooks Lee Gold Mini-Diamond Refractor Auto  /50 (AU, RC)"
,,,Brooks Lee Lot. Red Logo. & Refractor,2025 Bowman Brooks Lee Rookie Card Lot. Red Logo. & Prospect Refractor
72,,,72 /75 Brooks Lee Yellow Patter PSA 10,2025 Bowman Brooks Lee #72 RC Yellow Patter /75 PSA 10
,,,ð«âï ̧ð1⁄4 Brooks Lee Best Auto Purple Refractor /75 |,ð«âï¸ð¼ Brooks Lee 2025 Bowman's Best  Auto Purple Refractor /75 RC | Twins
,,,Brooks Lee Best Auto Gold Mini-Diamond Refractor /50 #B25BL,Brooks Lee  -  2025 Bowman's Best  Auto Gold Mini-Diamond Refractor /50 #B25BL
,,,Best Brooks Lee Autograph #B25-BL 36/50,2025 Topps Bowman's Best Brooks Lee Autograph #B25-BL RC 36/50
,,,"Veteran & -You Pick- 1-100 **Buy More, Save More**","2025 Bowman Veteran & RC -You Pick- 1-100 **Buy More, Save More**"
,,,BASE Complete your set,2025 BOWMAN BASE Complete your set
,,,"Base Paper (1-100) Stars, Vets, Rookies You Pick.","2025 Bowman Baseball - Base Paper (1-100) - Stars, Vets, Rookies! You Pick."
,,,CHROME RETROFRACTOR-GOLD BROOKS ROBINSON 18/50 PSA 10,2025 BOWMAN CHROME PROSPECTS RETROFRACTOR-GOLD BROOKS ROBINSON 18/50 PSA 10
,,,"Best Brooks Lee Gold Mini-Diamond Refractor Auto /50 (AU, )","2025 Bowman's Best - Brooks Lee Gold Mini-Diamond Refractor Auto  /50 (AU, RC)"
,,,Inserts Pick Your Card,2025 Bowman Inserts Pick Your Card
1,,,1 Paper 's & Vets -100: You Pick- Complete Your Set,2025 Bowman Baseball Paper RC's & Vets #1-100: You Pick- Complete Your Set
1,,,1 SINGLES & ROOKIE CARDS THRU 00***YOU PICK***,2025 BOWMAN SINGLES & ROOKIE CARDS  #1 THRU #100***YOU PICK***
,,,CHROME RETROFRACTOR-GOLD BROOKS ROBINSON 32/50 PSA 9,2025 BOWMAN CHROME PROSPECTS RETROFRACTOR-GOLD BROOKS ROBINSON 32/50 PSA 9
,,,Greatness Loading Insert Pick Your Player New 8/12,2025 Bowman - Greatness Loading Insert - Pick Your Player - New 8/12
,,,B6736- Card #s 1-100 +Inserts -You Pick- 15+ FREE US SHIP,B6736- 2025 Bowman Baseball Card #s 1-100 +Inserts -You Pick- 15+ FREE US SHIP
1,,,"1 Shoebox Treasures COMPLETE SET PICK -100, First Light, 1990","2025 Topps Shoebox Treasures COMPLETE SET PICK #1-100, First Light, 1990 Bowman"
,,,1-100 Complete Your Set Singles,2025 Bowman 1-100 Complete Your Set Singles
,,,Chrome BROOKS ROBINSON Gold Retrofractor Refractor 31/50 PSA 9,2025 Bowman Chrome BROOKS ROBINSON Gold Retrofractor Refractor 31/50 - PSA 9!!
,,,"Inserts You Pick Complete Your Set: Sasaki, Crews, Caglianone Etc..","2025 Bowman Inserts You Pick Complete Your Set: Sasaki, Crews, Caglianone Etc.."
,,,ð«âï ̧ð1⁄4 Brooks Lee Best Auto Purple Refractor /75 |,ð«âï¸ð¼ Brooks Lee 2025 Bowman's Best  Auto Purple Refractor /75 RC | Twins
,,,Brooks Lee Best Auto Gold Mini-Diamond Refractor /50 #B25BL,Brooks Lee  -  2025 Bowman's Best  Auto Gold Mini-Diamond Refractor /50 #B25BL
,,,You Pick (1-100) Buy 5 Get 7 Free,2025 Bowman Baseball You Pick! (1-100) Buy 5 Get 7 Free!!!
,,,Chrome Meteoric Rise #MR-1 Bryce Eldridge ( ),2025 Bowman Chrome Meteoric Rise #MR-1 Bryce Eldridge RC (GIANTS) !
,,,Best Top Bryce Eldridge Gold Lava Refractor 36/50,2025 Bowman's Best - Top Prospects Bryce Eldridge Gold Lava Refractor 36/50
,,,Best Top Bryce Eldridge #TP-15 Gold Refractor /50 ( ),2025 Bowman's Best - Top Prospects Bryce Eldridge #TP-15 Gold Refractor /50 (RC)
,,,Chrome Meteoric Rise #MR-1 Bryce Eldridge PSA 10,2025 Bowman Chrome Meteoric Rise #MR-1 Bryce Eldridge PSA 10
,,,Bryce Eldridge Chrome Rookie VIP Graded 10 Gem Mint,Bryce Eldridge  2025 Bowman Chrome Rookie VIP Graded 10 Gem Mint
,,,Best Bryce Eldridge Blue X-Fractor /150,2025 Bowman's Best - Bryce Eldridge - Blue X-Fractor /150 - Giants Prospect
,,,Bryce Eldridge Best Purple Lazer Refractor /250,Bryce Eldridge 2025 Bowman's Best Purple Lazer Refractor /250
,,,Bryce Eldridge Meteoric Rise Chrome #MR-1,Bryce Eldridge Meteoric Rise 2025 Bowman Chrome #MR-1
,,,Chrome #MM-15 Bryce Eldridge Melt Mashers,2025 Bowman Chrome #MM-15 Bryce Eldridge Melt Mashers
,,,Chrome Melt Mashers Bryce Eldridge #MM-15 Mini-Diamond...,2025 Bowman Chrome - Melt Mashers Bryce Eldridge #MM-15 Mini-Diamond...
,,,Bowmanâs Best TP-15 BRYCE ELDRIDGE Top ~ GEM MINT PTA 10ð¥,2025 Bowmanâs Best TP-15 BRYCE ELDRIDGE Top Prospects Giants~ GEM MINT PTA 10ð¥
,,,Bryce Eldridge Best Lazer Refractor /350,Bryce Eldridge 2025 Bowman's Best Lazer Refractor /350
,,,Best Bryce Eldridge Orange Refractor /25 #TP-15,2025 Bowman's Best Bryce Eldridge Orange Refractor /25 #TP-15
,,,Best #TP-15 Bryce Eldridge Refractor,2025 Bowman's Best #TP-15 Bryce Eldridge Refractor
,,,Bryce Eldridge Best Purple Lazer Refractor /250,Bryce Eldridge 2025 Bowman's Best Purple Lazer Refractor /250
,,,Best #TP-15 Bryce Eldridge Aqua Lava Refractors /199,2025 Bowman's Best #TP-15 Bryce Eldridge Aqua Lava Refractors /199
,,,Chrome Bryce Eldridge Melt Mashers PSA 10 #MM-15 Free Ship,2025 Bowman Chrome Bryce Eldridge Melt Mashers PSA 10 Giants #MM-15 - Free Ship
,,,Greatness Loading Bryce Eldridge Orange Refractor /25 PSA 10,2025 Bowman - Greatness Loading Bryce Eldridge Orange Refractor /25 PSA 10
,,,Best #TP-15 Bryce Eldridge Wave Refractors,2025 Bowman's Best #TP-15 Bryce Eldridge Wave Refractors
,,,Best Bryce Eldridge Top Blue Lazer Refractor /150 #TP-15,2025 Bowman's Best Bryce Eldridge Top Prospects Blue Lazer Refractor /150 #TP-15
3,,,3 Bryce Harper GMG Graded 10 Gem Mint ð,2025 Bowman Bryce Harper GMG Graded 10 Gem Mint ð #3 Phillies
BA-7,,,BA-7 Anime Bryce Harper Insert PSA 9,2025 Bowman Anime Bryce Harper #BA-7 Insert PSA 9 Phillies Topps
,,,Bryce Harper Circuitry Chrome Refractor Best Card #C-2,Bryce Harper Circuitry Chrome Refractor 2025 Bowman's Best Card #C-2 Phillies
,,,BRYCE HARPER BEST CIRCUITRY REFRACTOR,BRYCE HARPER 2025 BOWMAN'S BEST CIRCUITRY REFRACTOR PHILLIES
,,,Chrome Bryce Harper Purple Geometric Refractor /250 PSA 8,2025 Bowman Chrome Bryce Harper Purple Geometric Refractor /250 PSA 8
,,,Best Bryce Harper #P-24 Pixel Portraits,2025 Bowman's Best Bryce Harper #P-24 Pixel Portraits Philadelphia Phillies
,,,You Pick (1-100) Buy 5 Get 7 Free,2025 Bowman Baseball You Pick! (1-100) Buy 5 Get 7 Free!!!
65,,,"65 /99 Best, Bryce Harper , Green Refractor ,","2025 Bowman's Best, Bryce Harper #65, Green Refractor /99, Phillies"
65,,,"65 /99 Best, Bryce Harper , Green Refractor ,","2025 Bowman's Best, Bryce Harper #65, Green Refractor /99, Phillies"
,,,Chrome Meteoric Rise Mini-Diamond /150 Bryce Harper PSA 10 GEM MT,2025 Bowman Chrome Meteoric Rise Mini-Diamond /150 Bryce Harper PSA 10 GEM MT
3,,,3 (50) Bryce Harper Card Lot,(50) 2025 Bowman Baseball Bryce Harper Card Lot #3 Philadelphia Phillies
65,,,65 Best Bryce Harper,2025 Bowman's Best - #65 Bryce Harper Phillies
65,,,65 /250 Bowmans Best Bryce Harper Purple,2025 Bowmans Best #65 Bryce Harper Purple /250 Phillies
,,,Best Circuitry Bryce Harper #C-2 Mini-Diamond Refractor,2025 Bowman's Best - Circuitry Bryce Harper #C-2 Mini-Diamond Refractor
,,,Best BASE You Pick Complete Your Set,2025 Bowman's Best - BASE - You Pick Complete Your Set
65,,,65 /350 Best Bryce Harper Lazer Refractor,2025 Bowman's Best Bryce Harper #65 Lazer Refractor /350 Philadelphia Phillies
3,,,3 Bryce Harper ~GRADED GEM MINT PTA 10ð¥,2025 Bowman #3 Bryce Harper Philadelphia Phillies ~GRADED GEM MINT PTA 10ð¥
65,,,65 /199 Best Bryce Harper,Topps 2025 Bowman's Best /199 Bryce Harper Phillies #65
,,,Best Circuitry Insert #C-2 Bryce Harper,Topps 2025 Bowman's Best Circuitry Insert #C-2 Bryce Harper Phillies
65,,,65 /150 Best Bryce Harper Blue Lazer Refractors,2025 Bowman's Best #65 Bryce Harper Blue Lazer Refractors #/150
,,,Bryce Harper Best #C-2 Circuitry,Bryce Harper 2025 Bowman's Best #C-2 Circuitry
,,,"Chrome Bryce Harper, Bryce Harper #37 Green Wave /99 PSA 9","2025 Bowman Chrome Bryce Harper, Bryce Harper #37 Green Wave  /99 PSA 9"
3,,,3 Bryce Harper Retro Logo Foil Pattern SSP Case Hit PSA 10,2025 Bowman #3 Bryce Harper Retro Logo Foil Pattern SSP Case Hit PSA 10 Phillies
,,,Bowmanâs Best Bryce Harper (20) Card Lot: Pixels/Refs,2025 Bowmanâs Best Philadelphia Phillies Bryce Harper (20) Card Lot: Pixels/Refs
,,,BRYCE HARPER Orange Mojo Refractor #/25 SGC 10,2025 Bowman BRYCE HARPER Orange Mojo Refractor #/25 SGC 10 PHILLIES
,,,Best Bryce Harper Circuitry Refractor Insert,2025 Bowman's Best Baseball  Bryce Harper Circuitry Refractor Insert Phillies
,,,"2020 Panini Bryce Harper Refractors, Prizms Lot of 16","2020 - 2025 Topps Panini Bowman Bryce Harper Refractors, Prizms Lot of 16"
,,,Best Bryce Harper Orange Refractor /25,2025 Bowman's Best Bryce Harper Orange Refractor /25 Philadelphia Phillies
BCP-49,,,BCP-49 Chrome Bryce Rainer Lot Of 6,Bryce Rainer 2025 Bowman Chrome Prospects #BCP-49 Detroit Tigers Lot Of 6
,,,Draft #AA-BR Bryce Rainer Achromatic Autographs /250,2025 Bowman Draft #AA-BR Bryce Rainer Achromatic Autographs /250
1,,,1 2026 Paper -150: You Pick Complete Your Set -PreSale,2026 Bowman Baseball Paper Prospects #1-150: You Pick Complete Your Set -PreSale
,,,Best Auto Bryce Rainer #B25-BR Gold /50 SP,2025 Bowman's Best Auto Bryce Rainer #B25-BR Gold /50 Detroit Tigers SP
,,,(5) 2024- Draft Chrome Bryce Rainer Lot,(5) 2024-2025 Bowman Draft Chrome Bryce Rainer Lot Detroit Tigers Rookie Card RC
,,,â25 Best Bryce Rainer Refractor Auto + Refractor /99;,â25 Bowman's Best Bryce Rainer Refractor Auto + 1st Refractor /99; Tigers
BP-49,,,BP-49 (10) Bryce Rainer Card Lot Rookie,(10) 2025 Bowman Bryce Rainer Card Lot - Detroit Tigers Rookie RC #BP-49
,,,Bryce Rainer Rookie ~ GRADED GEM MINT PTA 10ð¥,2025 Bowman Prospects Bryce Rainer Prospect Rookie ~ GRADED GEM MINT PTA 10ð¥
,,,Best #B25-BR Bryce Rainer Best of Autograph,2025 Bowman's Best #B25-BR Bryce Rainer Best of 2025 Autograph
BP-49,,,BP-49 Bryce Rainer (25) Card Lot,2025 Bowman Bryce Rainer (25) Card Prospect Lot Tigers #BP-49
,,,Bryce Rainer Lot 2024- & Base (4 Cards),Bryce Rainer Lot 2024-2025 Bowman 1st & Base Detroit Tigers (4 Cards)
,,,Draft Chrome Achromatic Auto Bryce Rainer #AA-BR Green Refractor /99,2025 Bowman Draft Chrome Achromatic Auto Bryce Rainer #AA-BR Green Refractor /99
,,,"Best -Best Autographs Bryce Rainer #B25-BR Refractor (AU, )","2025 Bowman's Best -Best 2025 Autographs Bryce Rainer #B25-BR Refractor (AU, RC)"
,,,Bowmans Best Bryce Rainer Auto Blue /150 #B25-BR PSA 9,2025 Topps Bowmans Best Bryce Rainer Auto Blue /150 #B25-BR Detroit Tigers PSA 9
,,,Best Bubba Chandler Performance Auto #/250,2025 Bowman's Best Bubba Chandler Performance Auto #/250 Pirates
,,,Bubba Chandler Best Black SSP 08/10 Color Matchð¥,Bubba Chandler 2025 Bowman's Best Black  SSP 08/10! Pirates! Color Matchð¥
,,,Best Bubba Chandler Auto #/250,Topps 2025 Bowman's Best Bubba Chandler Auto #/250 Pittsburgh Pirates
,,,BOWMANS BEST BUBBA CHANDLER PURPLE REFRACTOR AUTO /75,2025 BOWMANS BEST BUBBA CHANDLER PURPLE REFRACTOR AUTO /75 PIRATES
,,,Best Bubba Chandler Top TP-9 Blue Refractor /150,2025 Bowman's Best Bubba Chandler Top Prospects TP-9 Blue Refractor /150 Pirates
,,,Best Bubba Chandler Purple Refractor #/250,2025 Bowman's Best Bubba Chandler Purple Refractor #/250 Pirates
,,,Best Top Bubba Chandler #TP-9 Refractor ( ),2025 Bowman's Best - Top Prospects Bubba Chandler #TP-9 Refractor (RC)
,,,Best Best of Autographs Bubba Chandler #B25-BC Refractor,2025 Bowman's Best - Best of 2025 Autographs Bubba Chandler #B25-BC Refractor RC
,,,Best Bubba Chandler Gold Lava Refractor /50 #TP-9,2025 Bowman's Best Bubba Chandler Gold Lava Refractor /50 #TP-9
,,,Best Top Bubba Chandler #TP-9 Aqua Lava Refractor /199,2025 Bowman's Best - Top Prospects Bubba Chandler #TP-9 Aqua Lava Refractor /199
,,,Best Bubba Chandler #TP-9 Purple Mojo Refractor /250,2025 Topps Bowman's Best Bubba Chandler #TP-9 Purple Mojo Refractor /250
BCP-171,,,BCP-171 Chrome /25 ORANGE WAVE # BUBBA CHANDLER PSA 10,2025 BOWMAN CHROME PROSPECTS ORANGE WAVE #BCP171 BUBBA CHANDLER 25/25 PSA 10
,,,Best #B25-BC Bubba Chandler Best of Auto Green Refractor #/99,2025 Bowman's Best #B25-BC Bubba Chandler Best of 2025 Auto Green Refractor #/99
,,,Bubba Chandler Best Yellow Laser /75,Bubba Chandler 2025 Topps Bowman's Best Yellow Laser /75 Pirates
,,,Best Bubba Chandler Top Purple Mojo Refractor #/250,2025 Bowman's Best Bubba Chandler Top Prospects Purple Mojo Refractor #/250
BPA-BC,,,BPA-BC /250 Best Best Performance Bubba Chandler Auto,2025 Bowman's Best Best Performance Bubba Chandler Pirates Auto #BPA-BC /250
,,,ð¥ Bowmans Best Bubba Chandler Best Of On Card Auto Green SN 77/99ð¥,ð¥2025 Bowmans Best Bubba Chandler Best Of 2025 On Card Auto Green SN 77/99ð¥
4,,,4 #BPACHO Cade Horton Rookie AUTO PSA 9,#4 2025 Bowman Prospect #BPACHO Cade Horton Cubs RC Rookie AUTO PSA 9
CRA-CH,,,CRA-CH Chrome /50 CADE HORTON # Rookie True Gold Refractor Auto PSA 9,CADE HORTON 2025 Bowman Chrome #CRA-CH Rookie True Gold Refractor Auto /50 PSA 9
,,,Chrome Cade Horton #10 Fuchsia Wave Refractor /299 PSA 10 ð¥,Topps 2025 Bowman Chrome Cade Horton #10 Fuchsia Wave Refractor /299 PSA 10 ð¥
,,,Lot Of 2 Cade Horton / Heritage Pink Glitter ð¥ð¥ð¥,Lot Of 2 Cade Horton Cubs Bowman RC/Topps Heritage Pink Glitter ð¥ð¥ð¥
BCP-1,,,BCP-1 Chrome to BCP-252 You Pick 2 Card Minimum,2025 Bowman Chrome Prospects BCP-1 to BCP-252 You Pick - 2 Card Minimum
,,,Best Caden Dana Green Refractor Auto /99 LA,2025 Bowman's Best Caden Dana RC Green Refractor Auto /99 LA Angels
,,,Best Caden Dana Rookie Auto Blue Refractor /150,2025 Bowman's Best Caden Dana Rookie Auto Blue Refractor /150 Los Angeles Angels
,,,Best Caden Dana AUTO #B25-CD Signed RARE,2025 Bowman's Best Caden Dana AUTO  #B25-CD Angels Rookie Card Signed RARE
,,,Best #B25-CD Caden Dana Autographs Purple Refractors #/75,2025 Bowman's Best #B25-CD Caden Dana Autographs Purple Refractors #/75
,,,Caden Dana Best Blue Refractor #/150 Auto Rookie #B25-CD,Caden Dana 2025 Bowman's Best Blue Refractor #/150 Auto Rookie #B25-CD
,,,You Pick (1-100) Buy 5 Get 7 Free,2025 Bowman Baseball You Pick! (1-100) Buy 5 Get 7 Free!!!
,,,Caden Dana Best Rookie Auto 2/5 Best of #B25-CD,Caden Dana Topps 2025 Bowman's Best Rookie Auto 2/5 Angels Best of 2025 #B25-CD
,,,Best-Caden Dana on card Autograph-,2025 Bowman's Best-Caden Dana on card Autograph-Los Angeles Angels
,,,Best Caden Dana Rookie Auto Blue Refractor /150,2025 Bowman's Best Caden Dana Rookie Auto Blue Refractor /150 Los Angeles Angels
,,,"Best Caden Dana Rookie Auto Best of #B25-CD ( , AU)","2025 Bowman's Best - Caden Dana Rookie Auto - Best of 2025 #B25-CD (RC, AU)"
,,,Best Caden Dana Rookie Auto Blue Refractor /150 & MORE,2025 Bowman's Best Caden Dana Rookie Auto Blue Refractor /150 Angels & MORE
,,,Best Caden Dana Autograph Rookie Refractor #B25-CD,Topps 2025 Bowman's Best Caden Dana Autograph Rookie Refractor #B25-CD Angels
,,,Bowmans Best Caden Dana B25-CD Blue Refractor /150,Topps 2025 Bowmans Best Caden Dana B25-CD Blue Refractor /150 RC Angels
,,,Caden Dana Rookie Auto Best #B25-CD Blue Refractor /150,Caden Dana Rookie Auto 2025 Bowman's Best #B25-CD Blue Refractor /150 RC Angels
BCP-113,,,BCP-113 Sapphire Caden Kendle Lot(5),2025 Bowman Sapphire Caden Kendle Lot(5) #BCP-113 1st Twins Prospect
,,,Caden Kendle Chrome Lot x4,2025 Bowman Caden Kendle 1st Bowman Chrome Lot x4 Twins
CPA-CKE,,,CPA-CKE Chrome /25 # Caden Kendle Orange Auto PSA 10,2025 Bowman Chrome #CPA-CKE Caden Kendle - Orange Auto /25 - PSA 10
BCP-113,,,BCP-113 Chrome /299 Caden Kendle Pros. Speckle Ref. PSA 10 POP 1,2025 Bowman Chrome Caden Kendle Pros. Speckle Ref. #BCP-113 /299 PSA 10 POP 1
BP-120,,,BP-120 Paper Caleb Lomavita 5 Card Lot,2025 Bowman Prospect Paper Caleb Lomavita Nationals #BP-120 5 Card Lot
,,,Best Caleb Lomavita Auto Orange X-Fractor #/25,2025 Bowman's Best Caleb Lomavita Auto Orange X-Fractor #/25 Nationals
,,,Best Best of '25 Autographs #B25CL Caleb Lomavita Auto,2025 Bowman's Best Best of '25 Autographs #B25CL Caleb Lomavita Auto
,,,CALEB LOMAVITA BEST OF PURPLE REFRACTOR AUTO /75,CALEB LOMAVITA 2025 BOWMAN'S BEST OF 2025 PURPLE REFRACTOR AUTO /75
BP-120,,,BP-120 Caleb Lomavita Paper Lot Of 10 Nationalsð¥ð¥,2025 Bowman Caleb Lomavita 1st Paper Prospects Lot Of 10 BP-120 Nationalsð¥ð¥
,,,Caleb Lomavita Best Best of 25 Auto #B25-CL Refractor,Caleb Lomavita 2025 Bowman's Best Best of 25 Auto #B25-CL Nationals Refractor
,,,Caleb Lomavita Best Best of 25 Auto #B25-CL Purple/75,Caleb Lomavita 2025 Bowman's Best Best of 25 Auto #B25-CL Nationals Purple/75
,,,Best Caleb Lomavita Best of Autographs /99,Topps 2025 Bowman's Best Caleb Lomavita Best of 2025 Autographs /99 Nationals
,,,Caleb Lomavita Best Best of 25 Auto #B25-CL,Caleb Lomavita 2025 Bowman's Best Best of 25 Auto #B25-CL Nationals
,,,(10) Caleb Lomavita Rookie Lot w/ Auto,(10) 2025 Bowman Caleb Lomavita 1st Rookie Lot Washington Nationals RC w/ Auto
,,,"Best Best of Autographs Caleb Lomavita #B25-CL (AU, )","2025 Bowman's Best - Best of 2025 Autographs Caleb Lomavita #B25-CL (AU, RC)"
,,,Caleb Lomavita Orange Geo POP 3 PSA 10 15 /25,2025 Bowman Caleb Lomavita 1st Bowman Prospect Orange Geo POP 3!! PSA 10  15 /25
BCP-1,,,BCP-1 Chrome to BCP-252 You Pick 2 Card Minimum,2025 Bowman Chrome Prospects BCP-1 to BCP-252 You Pick - 2 Card Minimum
,,,Caleb Lomavita AUTO Best #B25-CL BEST OF AUTOGRAPH,Caleb Lomavita AUTO 2025 Bowman's Best #B25-CL BEST OF 2025 AUTOGRAPH Nationals
,,,Chrome Caleb Lomavita Black Geometric /10 PSA 9,2025 Bowman Chrome Caleb Lomavita Black Geometric /10 PSA 9
,,,"Best Best of Autographs Caleb Lomavita #B25-CL (AU, )","2025 Bowman's Best - Best of 2025 Autographs Caleb Lomavita #B25-CL (AU, RC)"
,,,Best Dual Autographs Cam Caminiti Owen Murphy /75,Topps 2025 Bowman's Best Dual Autographs Cam Caminiti Owen Murphy /75
,,,Cam Caminiti Chrome Rookie Draft Card #BDC-122,Cam Caminiti Chrome Prospect Rookie RC 2025 Bowman Draft Card #BDC-122 Braves
,,,Draft Chrome Cam Caminiti #BDC-122 Aqua Wave Refractor /125 ( ),2025 Bowman Draft - Chrome Cam Caminiti #BDC-122 Aqua Wave Refractor /125 (RC)
,,,Draft Sapphire Cam Caminiti Refractor #BDC-122,2025 Bowman Draft Sapphire Cam Caminiti Refractor #BDC-122 Atlanta Braves
,,,Draft Chrome Achromatic Auto Cam Caminiti /250,2025 Bowman Draft Chrome Achromatic Auto Cam Caminiti /250
,,,Best Owen Murphy Cam Caminiti #DA-CM Dual Auto /50,2025 Bowman's Best Owen Murphy Cam Caminiti #DA-CM Dual Auto /50 Atlanta Braves
,,,"Cam Caminiti & Owen Murphy Best, Dual Autographs /75, #DA-CM","Cam Caminiti & Owen Murphy 2025 Bowman's Best, Dual Autographs /75, #DA-CM"
,,,Draft Chrome Cam Caminiti #BDC-122 Refractor ( ),2025 Bowman Draft - Chrome Cam Caminiti #BDC-122 Refractor (RC) - Braves
,,,CAM CAMINITI DRAFT #BD-122,CAM CAMINITI  BRAVES 2025 BOWMAN DRAFT #BD-122
,,,Draft Cam Caminiti Achromatic Auto /250 #AA-CCA,2025 Bowman Draft Cam Caminiti Achromatic Auto /250 Braves #AA-CCA
,,,Draft Cam Caminiti #BD-122 Orange /25 ( ),2025 Bowman Draft - Cam Caminiti #BD-122 Orange /25 (RC)
,,,Draft Chrome Cam Caminiti Aqua Reptilian Refractor /125 ( ),2025 Bowman Draft - Chrome Cam Caminiti Aqua Reptilian Refractor /125 (RC)
,,,Draft Chrome Cam Caminiti Green Grass Refractor PSA 9 /99,2025 Bowman Draft Chrome Cam Caminiti Green Grass Refractor PSA 9 /99 Braves
,,,Draft Sapphire Cam Caminiti Base Blue Sapphire #BDC-122,2025 Bowman Draft Sapphire Cam Caminiti Base Blue Sapphire #BDC-122
,,,Draft CAM CAMINITI Red 5/5 Chrome BD-122,2025 Bowman Draft CAM CAMINITI Red 5/5 Chrome Atlanta Braves BD-122
,,,Best Dual Auto Cam Caminiti Owen Murphy /75,Topps 2025 Bowman's Best Dual Auto Cam Caminiti Owen Murphy /75 Braves
,,,Draft Achromatic Autographs Cam Caminiti #AA-CCA Green Refractor /99,2025 Bowman Draft Achromatic Autographs Cam Caminiti #AA-CCA Green Refractor /99
,,,Draft Cam Caminiti Chrome Green Reptilian Refractor #/99,2025 Bowman Draft Cam Caminiti Chrome Green Reptilian Refractor #/99 Braves
,,,Draft Cam Caminiti Refractor + Chrome Base #BDC-122,2025 Bowman Draft - Cam Caminiti - Refractor + Chrome Base - #BDC-122
,,,Draft Cam Caminiti #BD-122 ( ) Lot (10),2025 Bowman Draft - Cam Caminiti #BD-122 (RC) Lot (10)
,,,Draft Chrome Cam Caminiti #BDC-122,2025 Bowman Draft Chrome Cam Caminiti #BDC-122
,,,Chrome Scouts Top 100 Complete Your Set Insert Refractors,2025 Bowman Chrome Scouts Top 100 - Complete Your Set - Insert Refractors
,,,"Cam Collier Card Lot, Mojo 's, Chrome 's, Paper 's, Inserts...","Cam Collier Bowman Card Lot, Mojo 1st's, Chrome 1st's, Paper 1st's, Inserts..."
,,,Chrome Inserts/Parallels COMPLETE YOUR SET-YOU PICK,2025 Bowman Chrome Inserts/Parallels - COMPLETE YOUR SET-YOU PICK
,,,INSERTS: Complete Your Set & Pick Your Card,2025 Bowman Baseball INSERTS: Complete Your Set & Pick Your Card
,,,Chrome Scouts Top 100 Complete Your Set,2025 Bowman Chrome Scouts Top 100 - Complete Your Set
,,,Inserts **Complete Your Set** You pick multiple (3 minimum purchase),2025 Bowman Inserts **Complete Your Set** You pick multiple (3 minimum purchase)
,,,Top 100 Inserts (You Pick),2025 Bowman Baseball - Top 100 Prospects Inserts (You Pick)
,,,Inserts--U Pick--Top 100/Greatness Loading/Hobby Stars/RoY Faves,2025 Bowman Inserts--U Pick--Top 100/Greatness Loading/Hobby Stars/RoY Faves
,,,Chrome Scouts Top 100 You Pick Complete your Set,2025 Bowman Chrome Scouts Top 100 You Pick Complete your Set
,,,INSERTS with Chrome and Rookies You Pick 2 Card Minimum,2025 Bowman INSERTS with Chrome and Rookies You Pick - 2 Card Minimum
,,,2023 Draft Set Singles You PICK Complete your set #BD1-BD200,2023 Bowman Draft Baseball Set Singles You PICK Complete your set #BD1-BD200
,,,CAM SMITH Chrome Melt Mashers Mini Diamond Auto /50 #MMA-CS,CAM SMITH - 2025 Bowman Chrome - Melt Mashers Mini Diamond Auto RC /50  #MMA-CS
BP-48,,,BP-48 /10 Cam Smith Black Bandana PSA 9 POP 1 None Higher,Cam Smith 2025 Bowman Black Bandana /10 #BP-48 PSA 9 POP  1 None Higher
BCP-48,,,BCP-48 /50 Cam Smith Gold Geometric Refractor PSA 9,2025 Bowman - Cam Smith #BCP-48 Gold Geometric Refractor /50 - PSA 9
,,,Chrome Cam Smith Auto Blue Refractor /150 PSA 10,2025 Bowman Chrome Cam Smith RC Auto Blue Refractor /150 PSA 10
,,,Chrome Adios Autographs Cam Smith #AAV-CS /99 ( ),2025 Bowman Chrome - Adios Autographs Cam Smith #AAV-CS /99 (RC)
,,,Best Cam Smith /50 Gold Refractor Auto Rookie #B25-CS,2025 Bowman'S Best Cam Smith /50 Gold Refractor Auto Rookie RC #B25-CS
,,,Chrome Cam Smith Rookie It Came to the League 3 Card Lot,2025 Bowman Chrome Cam Smith Rookie - It Came to the League - 3 Card Lot
,,,Best Cam Smith Circuitry Rookie Insert C-19 Mini Diamond,Topps 2025 Bowman's Best Cam Smith Circuitry Rookie Insert C-19 Mini Diamond
,,,Chrome Adios Cam Smith #AD-18 /50 ( ),2025 Bowman Chrome - Adios Cam Smith #AD-18   /50 (RC)
29,,,29 Best Cam Smith Refractor ( ),2025 Bowman's Best - Cam Smith #29 Refractor (RC)
,,,Best #BSA-CS Cam Smith Showpieces Autographs /99,2025 Bowman's Best #BSA-CS Cam Smith Bowman Showpieces Autographs /99
,,,CHROME GPK #BGP-11 CAM SMITH COSMIC CAM PSA 9,2025 BOWMAN CHROME BOWMAN GPK #BGP-11 CAM SMITH COSMIC CAM PSA 9
29,,,29 /299 Best Cam Smith Mini-Diamond Refractor ( ),2025 Bowman's Best - Cam Smith #29 Mini-Diamond Refractor /299 (RC)
,,,Bowmans Best Base Cards -YOU CHOOSE 94 PLAYERS,2025 Bowmans Best Base Cards -YOU CHOOSE - 94 PLAYERS!
50,,,50 /99 Best Carlos Correa Green Refractor,2025 Bowman's Best #50 Carlos Correa Green Refractor #/99
,,,Carlos Correa Chrome Refractor Best Card #50,Carlos Correa Chrome Refractor 2025 Bowman's Best Card #50 Houston Astros
50,,,50 /75 Best Carlos Correa Yellow Refractor,2025 Topps Bowman's Best Carlos Correa #50 Yellow Refractor 73/75
50,,,50 Best Carlos Correa,2025 Bowman's Best #50 Carlos Correa
50,,,50 /350 Best Serial Numbered Carlos Correa Astros,Topps Bowman's Best 2025 Serial Numbered Carlos Correa #50 Astros /350
50,,,50 Best Carlos Correa Refractor,2025 Bowman's Best Carlos Correa #50 Refractor Houston Astros
,,,"Carlos Correa Lot (6) Bowmanâs Best â Aqua /150, Chrome & Inserts â Astros","Carlos Correa Lot (6) 2025 Bowmanâs Best â Aqua /150, Chrome & Inserts â Astros"
,,,You Pick (1-100) Buy 5 Get 7 Free,2025 Bowman Baseball You Pick! (1-100) Buy 5 Get 7 Free!!!
50,,,50 /75 Best Carlos Correa Yellow Laser Refractor Astros,2025 Bowman's Best Carlos Correa Yellow Laser Refractor /75 Astros #50
50,,,50 /250 Best Carlos Correa Purple Refractors,2025 Bowman's Best #50 Carlos Correa Purple Refractors #/250
,,,CARLOS CORREA BEST MINI DIAMOND REFRACTOR ASTROS 217/299,CARLOS CORREA 2025 BOWMAN'S BEST MINI DIAMOND REFRACTOR ASTROS 217/299
50,,,50 /99 Best Carlos Correa Green Refractor,2025 Bowman's Best - Carlos Correa #50 Green Refractor /99
50,,,50 Best Carlos Correa Refractor,2025 Bowman's Best #50 Carlos Correa Refractor
50,,,50 /99 Carlos Correa Best Green Refractor,Carlos Correa 2025 Bowman's Best Green Refractor /99  #50 Houston Astros
50,,,50 Best CARLOS CORREA Refractor,2025 Bowman's Best CARLOS CORREA Refractor Houston Astros #50
,,,Best Orange Carlos Correa #24/25,Bowman's Best 2025 Orange Carlos Correa Houston Astros #24/25
50,,,50 /250 Best Carlos Correa Astros Serial Numbered,2025 Bowman's Best Topps Carlos Correa Astros #50 Serial Numbered /250
50,,,50 Best Carlos Correa Wave Refractors,2025 Bowman's Best #50 Carlos Correa Wave Refractors
50,,,50 Best CARLOS CORREA,2025 Bowman's Best CARLOS CORREA Houston Astros #50
50,,,50 Best CARLOS CORREA Refractor,2025 Bowman's Best CARLOS CORREA Refractor Houston Astros #50
,,,(1-150) You Pick Buy 5 Get 7 Free,2025 Bowman Baseball Prospects (1-150) You Pick! Buy 5 Get 7 Free!!!
BCP-28,,,BCP-28 /15 PSA 10 Carlos Tavares Rose Gold Refractor #,2025 Bowman PSA 10 Carlos Tavares Rose Gold Refractor #09/15 Nationals #BCP-28
,,,Chrome Gold Geometric Refractor Carlos Tavares PSA 9 Rookie,2025 Bowman Chrome Gold Geometric Refractor Carlos Tavares PSA 9 Rookie
BCP-1,,,BCP-1 Chrome to BCP-252 You Pick 2 Card Minimum,2025 Bowman Chrome Prospects BCP-1 to BCP-252 You Pick - 2 Card Minimum
BCP-28,,,BCP-28 Chrome # Carlos Tavares Chrome Red Geometric PSA 10,2025 Bowman Chrome #BCP28 Carlos Tavares Chrome Red Geometric PSA 10
,,,Carson Benge Best Top Purple Refractor /250 #TP-22,Carson Benge 2025 Bowman's Best Top Prospects Purple Refractor /250 Mets #TP-22
,,,Draft Chrome Carson Benge #BDC-138 Refractor ( ),2025 Bowman Draft - Chrome Carson Benge #BDC-138 Refractor (RC)
,,,Carson Benge Draft Chrome Sapphire Black Refractor /10 #BDC-138,Carson Benge 2025 Bowman Draft Chrome Sapphire Black Refractor /10 #BDC-138 Mets
,,,Draft In Action Insert Pick Your Card Free S&H,2025 Bowman Draft Baseball In Action Insert - Pick Your Card - Free S&H!
,,,Draft Sapphire Carson Benge YELLOW Refractor /75 BDC-138,2025 Bowman Draft Sapphire Carson Benge YELLOW Refractor /75 Mets BDC-138
,,,Best Carson Benge Auto Gold Mini Diamonds 06/50 - #B25-CBE,2025 Bowman's Best Carson Benge Auto Gold Mini Diamonds 06/50 - Mets - #B25-CBE
,,,Best Autograph Carson Benge #B25-CBE,Topps 2025 Bowman's Best Autograph Carson Benge New York Mets #B25-CBE
,,,CARSON BENGE DRAFT #BD-138,CARSON BENGE METS  2025 BOWMAN DRAFT #BD-138
,,,ð¥ Draft Carson Benge Green Grass Refractor /99 ( ) #BDC-138,ð¥2025 Bowman Draft - Carson Benge Green Grass Refractor /99 (RC) #BDC-138 Mets
,,,Draft Carson Benge BD-138 MLB Card Lot of 9,2025 Bowman Draft Carson Benge New York Mets BD-138 Prospects MLB Card Lot of 9
,,,Best Best of Autographs Carson Benge #B25-CBE Refractor,2025 Bowman's Best - Best of 2025 Autographs Carson Benge #B25-CBE Refractor RC
,,,****** CARSON BENGE DRAFT IN ACTION ORANGE /25 BIA-6 ******,****** CARSON BENGE - 2025 BOWMAN DRAFT - IN ACTION - ORANGE /25 - BIA-6 ******
,,,"Bowmans Best Carson Benge Orange /25, /199, /250","2025 Bowmans Best Carson Benge Orange /25, /199, /250"
,,,Draft CARSON BENGE Green Geometric Refractor #42/99 SP,2025 Bowman Draft CARSON BENGE Green Geometric Refractor #42/99 Mets Prospect SP
,,,CARSON BENGE Best Best of Refractor Autograph #B25-CBE,CARSON BENGE 2025 Bowman's Best - Best of 2025 Refractor Autograph #B25-CBE Mets
,,,Best Best of Autographs Carson Benge #B25-CBE Refractor,2025 Bowman's Best - Best of 2025 Autographs Carson Benge #B25-CBE Refractor
,,,Draft #BDC-138 Carson Benge Chrome Green Grass Refractor #/99,2025 Bowman Draft #BDC-138 Carson Benge Chrome Green Grass Refractor #/99
,,,Carson Benge 3 Card Lot (Reptilian VIP Refractor & VIP Mojo),2025 Bowman Carson Benge 3 Card Lot (Reptilian VIP Refractor & VIP Mojo)
,,,Draft Carson Benge Chrome Aqua Geometric #/125,2025 Bowman Draft  Carson Benge Chrome Aqua Geometric #/125
,,,Carson Benge Draft Sapphire #BDC-138,Carson Benge 2025 Bowman Draft Sapphire Edition #BDC-138
,,,Best Carson Benge Top Yellow Refractor /75,2025 Bowman's Best  Carson Benge RC Top Prospects Yellow Refractor Mets /75
,,,Best Carson Benge Mini Diamond Refractor /299 #TP-22,2025 Bowman's Best Carson Benge Mini Diamond Refractor /299 New York Mets #TP-22
,,,Draft Chrome Carson Benge #BDC-138 Aqua Reptilian Refractor/125 ( ),2025 Bowman Draft Chrome Carson Benge #BDC-138 Aqua Reptilian Refractor/125 (RC)
,,,Carson Benge Best Top Purple Refractor /250 #TP-22,Carson Benge 2025 Bowman's Best Top Prospects Purple Refractor /250 Mets #TP-22
,,,Best Autograph Refractor Carson Benge #B25-CBE,2025 Topps Bowman's Best Autograph Refractor Carson Benge #B25-CBE Mets
,,,CARSON WILLIAMS BEST TOP BLUE LAZER /150,CARSON WILLIAMS 2025 BOWMAN'S BEST TOP PROSPECT BLUE LAZER /150
,,,Chrome Carson Williams Max Volume Auto 94/99,2025 Bowman Chrome Carson Williams Max Volume Auto 94/99 Tampa Bay Rays
,,,Carson Williams Max Volume Refractor Rookie Chrome Card MV-5,Carson Williams Max Volume Refractor Rookie RC 2025 Bowman Chrome Card MV-5 Rays
,,,Best #B25-CW Carson Williams Best of Autographs Refractors,2025 Bowman's Best #B25-CW Carson Williams Best of 2025 Autographs Refractors
,,,Carson Williams Auto Refractor Best Free Ship,Carson Williams Auto Refractor 2025 Bowman's Best Free Ship
,,,Best Carson Williams Blue Refractor /150 TZ 14F,2025 Bowman's Best Carson Williams Blue Refractor /150 Rays TZ 14F
,,,Carson Williams Chrome Adios Gold Mini-Diamond Refractor Auto 48/50,Carson Williams 2025 Bowman Chrome Adios Gold Mini-Diamond Refractor Auto 48/50
,,,Best Carson Williams Auto /99 #B25-CW Green,2025 Bowman's Best Carson Williams Auto /99 Tampa Bay Rays #B25-CW Green
,,,Chrome Carson Williams #MVA-CW Max Volume Autographs #/99,2025 Bowman Chrome Carson Williams #MVA-CW Max Volume Autographs #/99 Rays
,,,Best Carson Williams Auto #B25-CW,2025 Bowman's Best Carson Williams Auto Tampa Bay Rays #B25-CW
,,,CARSON WILLIAMS BEST TOP MINI-DIAMOND /299,CARSON WILLIAMS 2025 BOWMAN'S BEST TOP PROSPECT MINI-DIAMOND /299
,,,"Best Carson Williams Best Tek /50, Refractor Auto, Refractor Auto","2025 Bowman's Best Carson Williams Best Tek /50, Refractor Auto, Refractor Auto"
,,,Draft Carson Williams Chrome Achromatic Auto #/250,2025 Bowman Draft Carson Williams Chrome Achromatic Auto #/250 Rays
,,,Best Carson Williams Top Refractor Blue X-Fractor #/150,2025 Bowman's Best Carson Williams Top Prospects Refractor Blue X-Fractor #/150
,,,Best #B25-CW Carson Williams Best of Autographs Refractors,2025 Bowman's Best #B25-CW Carson Williams Best of 2025 Autographs Refractors
,,,Best Carson Williams Auto,2025 Bowman's Best Carson Williams Auto Tampa Bay Rays
,,,Best Carson Williams #B25-CW Best of Auto,2025 Bowman's Best Carson Williams #B25-CW Best of 2025 Auto Tampa Bay Rays
,,,Best Top Carson Williams TP-10 Purple /250,2025 Topps Bowman's Best Top Prospects Carson Williams Rays TP-10 Purple /250
,,,Chrome Carson Williams Adios Orange Refractor /25 NM,2025 Bowman Chrome Carson Williams Adios Orange Refractor /25 NM Tampa Bay Rays
,,,Carson Williams Best On Card Auto,Carson Williams 2025 Bowman's Best On Card Auto Rays
,,,Best Best of Autographs Carson Williams #B25-CW Refractor,2025 Bowman's Best - Best of 2025 Autographs Carson Williams #B25-CW Refractor
,,,Best Carson Williams Auto Blue Refractor /150 #B25-CW,2025 Bowman's Best Carson Williams Auto Blue Refractor /150 Rays #B25-CW
,,,You Pick (1-100) Buy 5 Get 7 Free,2025 Bowman Baseball You Pick! (1-100) Buy 5 Get 7 Free!!!
84,,,84 x100 Ceddanne Rafaela 2024 lot/set,x100 Ceddanne Rafaela 2024 Bowman Baseball #84 Rookie Card RC lot/set Red Sox!!!
,,,1-100 Complete Your Set Singles,2025 Bowman 1-100 Complete Your Set Singles
53,,,53 Ceddanne Rafaela Retro Logo Pattern Foil PSA 10 POP 2,2025 Bowman Ceddanne Rafaela #53 Bowman Retro Logo Pattern Foil PSA 10 POP 2
,,,2024 Draft + Chrome + Parallels & Inserts - You Pick -,2024 2025 Bowman Draft + Chrome + Parallels & Inserts - Baseball - You Pick -
,,,Chrome X2 Lot Auto Chandler Welch Purple /250 Munroe DB,2025 Bowman Baseball Chrome X2 Lot Auto Chandler Welch Purple /250 Munroe DB
BPA-CW,,,BPA-CW /150 Chandler Welch # Blue Autograph Lot (2),2025 Bowman Chandler Welch #BPA-CW Blue /150 Autograph Lot (2) Milwaukee Brewers
,,,2024 Draft PAPER BD-1 BD-200 Complete Your Set Pick Your Cards,2024 Bowman Draft PAPER BD-1 - BD-200 Complete Your Set - Pick Your Cards
,,,2024 Draft Paper Singles... Bowmans and Huge Volume Discounts,2024 Bowman Draft Baseball Paper Singles...1st Bowmans and Huge Volume Discounts
,,,Chandler Welch 2024 Draft #BD-103 Paper & #BDC-103 Chrome Lot,Chandler Welch 2024 Bowman Draft #BD-103 Paper & #BDC-103 Chrome 1st Brewers Lot
BPA-CW,,,BPA-CW /150 Chandler Welch # Auto Blue SGC 10,2025 Bowman Chandler Welch #BPA-CW Prospect Auto Blue /150 SGC 10
,,,Best Best of Autographs Charles McAdoo #B25CMC Refractor,2025 Bowman's Best - Best of 2025 Autographs Charles McAdoo #B25CMC Refractor RC
,,,Best Charles McAdoo Best of Auto Gold Refractor #B25-CMC /50,2025 Bowman's Best Charles McAdoo Best of 2025 Auto Gold Refractor #B25-CMC /50
BP-150,,,BP-150 Charles McAdoo Paper Lot Of 10 Blue Jaysð¥ð¥,2025 Bowman Charles McAdoo 1st Paper Prospects Lot Of 10 BP-150 Blue Jaysð¥ð¥
,,,Charles McAdoo Best Red Xfractor Auto #B25-CMC /5,Charles McAdoo 2025 Bowman's Best Red Xfractor Auto #B25-CMC Blue Jays /5
,,,Best Charles McAdoo Best of Auto,2025 Bowman's Best Charles McAdoo Best of 2025 Auto
,,,Chrome Charles McAdoo Green Shimmer Auto /99 PSA 10,Bowman Chrome 2025 Charles McAdoo Green Shimmer Auto /99 PSA 10 Blue Jays
BCP-150,,,BCP-150 /99 Sapphire Charles McAdoo Green PSA,Bowman 1st Sapphire 2025 Charles McAdoo Green BCP-150 PSA 10 /99
,,,Best #B25-CMC Charles McAdoo Auto Orange Refractors #/25,2025 Bowman's Best #B25-CMC Charles McAdoo Auto Orange Refractors #/25
,,,Best Best of Autographs Charles McAdoo #B25-CMC Green...,2025 Bowman's Best - Best of 2025 Autographs Charles McAdoo #B25-CMC Green...
,,,Best Charles McAdoo Best of Auto #B25-CMC,2025 Bowman's Best Charles McAdoo Best of Auto #B25-CMC Toronto Blue Jays
,,,Best Charles McAdoo #B25-CMC Auto,2025 Topps Bowman's Best Charles McAdoo #B25-CMC Blue Jays Auto
,,,Best Charles McAdoo Auto #B25-CMC,2025 Bowman's Best Charles McAdoo Auto #B25-CMC Blue Jays
,,,Best Charles McAdoo Auto #B25-CMC,2025 Bowman's Best Charles McAdoo Auto #B25-CMC Blue Jays
,,,Best Charles McAdoo Auto #B25-CMC,2025 Bowman's Best Charles McAdoo Auto #B25-CMC Blue Jays
,,,Best Charles McAdoo Auto #B25-CMC,2025 Bowman's Best Charles McAdoo Auto #B25-CMC Blue Jays
,,,"Best Best of Autographs Charles McAdoo #B25-CMC (AU, )","2025 Bowman's Best - Best of 2025 Autographs Charles McAdoo #B25-CMC (AU, RC)"
,,,Best Charlie Condon Best of Gold Mini Diamond Auto /50 CR,2025 Bowman's Best Charlie Condon Best of 2025 Gold Mini Diamond Auto /50 CR
BCP-75,,,BCP-75 Charlie Condon Reptilian Refractor PSA 10,2025 Bowman - Charlie Condon #BCP-75 Reptilian Refractor PSA 10
BCP-75,,,BCP-75 Graded Charlie Condon # Reptilian REF Card PSA 10,Graded 2025 Bowman Charlie Condon #BCP75 Reptilian REF RC Baseball Card PSA 10
,,,ð¥ Charlie Condon 6 Card Lot 4 Numbered 1 Pearl SSP ð¥,ð¥ Charlie Condon Bowman 6 Card Lot 4 Numbered 1 Pearl SSP ð¥
,,,"Charlie Condon Lot (13) Draft â Meteoric Rise, Sapphire, Chrome","Charlie Condon Lot (13) 2025 Bowman Draft â Meteoric Rise, Sapphire, Chrome"
,,,Chrome Adios Charlie Condon #AD-16 ( ),2025 Bowman Chrome - Adios Charlie Condon #AD-16 (RC)
,,,Charlie Condon Chrome Meteoric Rise Mojo 3 /250 #MR-8,Charlie Condon 2025 Bowman Chrome Meteoric Rise Mojo 3 /250 #MR-8
,,,Best Best of Autographs Charlie Condon #B25-CC Refractor...,2025 Bowman's Best - Best of 2025 Autographs Charlie Condon #B25-CC Refractor...
,,,Best Charlie Condon Auto Refractor B25-CC,Topps 2025 Bowman's Best Charlie Condon Auto RC Refractor B25-CC
,,,Draft Chrome Charlie Condon Achromatic Auto /250,2025 Bowman Draft Chrome Charlie Condon Achromatic Auto /250 - Rockies
,,,Chrome Charlie Condon Chrome Purple RayWave /250 PSA 10,2025 Bowman Chrome Charlie Condon 1st Bowman Chrome Purple RayWave /250 PSA 10
,,,Best Charlie Condon #B25-CC Autograph,Topps 2025 Bowman's Best Charlie Condon #B25-CC Autograph Colorado Rockies
BCP-75,,,BCP-75 Chrome 10 card lot Charlie Condon QTY avail SP,10 card lot Charlie Condon 2025 Bowman Chrome Prospect RC QTY avail 1st BCP75 SP
BWC-7,,,BWC-7 Chrome Charlie Condon Crystalized PSA 10,2025 Bowman Charlie Condon Crystalized Chrome #BWC-7 Colorado Rockies PSA 10
,,,Draft Chrome Blue Sapphire Charlie Condon #BDC-136,2025 Bowman Draft Chrome Blue Sapphire Charlie Condon #BDC-136 Rockies Prospects
BCP-75,,,BCP-75 Charlie Condon Yellow Refractor /75 Psa 9,2025 Bowman Charlie Condon 1st Yellow Refractor /75 #BCP-75 Psa 9
,,,CHASE BURNS BEST TOP TP-21 BLUE Xfractor /150,CHASE BURNS 2025 BOWMAN'S BEST TOP PROSPECTS TP-21 BLUE Xfractor /150
,,,CHROME ROSE GOLD REFRACTOR CHASE BURNS 11/15 PSA 10,2025 BOWMAN CHROME PROSPECTS ROSE GOLD REFRACTOR CHASE BURNS 11/15 PSA 10
,,,Best #TP-21 Chase Burns Refractors,2025 Bowman's Best #TP-21 Chase Burns Refractors
,,,Best #TP-21 Chase Burns,2025 Bowman's Best #TP-21 Chase Burns
,,,Chase Burns Chrome Auto Blue Mojo /150 PSA 8,2025 Bowman Chase Burns Chrome Auto Blue Mojo  /150 PSA 8
,,,CHASE BURNS & Chrome 3 Lot Free Ship,CHASE BURNS 2025 Bowman & Chrome  3 Lot Free Ship
,,,Chase Burns Chrome Scouts âSky Blueâ # 211/499 PSA 9 MINT,Chase Burns 2025 Bowman Chrome Scouts âSky Blueâ # 211/499 PSA 9 MINT RC
,,,Chrome Chase Burns VIP 11 Numbered Card Lot. See Desc.,2025 Bowman Chrome Chase Burns VIP 11 Numbered Card Lot. See Desc.
,,,AUTOS PURPLE #BPACB CHASE BURNS 39/250 PSA 8,2025 BOWMAN BOWMAN PROSPECT AUTOS PURPLE #BPACB CHASE BURNS 39/250 PSA 8
CPA-CB,,,CPA-CB Chrome Autographs Chase Burns # PSA 10,2025 Bowman Chrome Prospect Autographs Chase Burns #CPA-CB PSA 10
,,,Chrome Autographs Chase Burns Blue Mojo /150 Mint 9 BGS,2025 Bowman Chrome Prospect Autographs Chase Burns Blue Mojo /150 Mint 9 BGS
,,,Best Top Chase Burns Mini-Diamond Refractor /299 ( ),2025 Bowman's Best Top Prospects Chase Burns Mini-Diamond Refractor /299 (RC)
,,,Chase Burns Best Yellow Refractor /75 #TP-21,Chase Burns 2025 Bowman's Best Baseball Yellow Refractor /75  Reds #TP-21
,,,MEGA AUTOGRAPHS GOLD REFRACTOR #6/50 CHASE BURNS PSA 10,2025 BOWMAN PROSPECT MEGA AUTOGRAPHS GOLD REFRACTOR #6/50 CHASE BURNS PSA 10
,,,Chase DeLauter 2022 to Chrome Panini (8-Card) LOT ð¥,Chase DeLauter 2022 to 2025 Bowman Chrome Panini (8-Card) RC LOT - Guardians ð¥
,,,"2022 Draft HOBBY LITE Factory Sealedð¥ Jackson Holliday, Chase DeLauter","2022 Bowman Draft HOBBY LITE Factory Sealedð¥ Jackson Holliday, Chase DeLauter"
,,,2022 Rookie Chase Delauter 6x Lot- 23 First /499 Prizm,2022 Rookie Chase Delauter 6x Lot- Bowman 1st - 23 First Edition - /499 Prizm
,,,Chase DeLauter Refractor 2022 Draft Chrome BDC-49,Chase DeLauter 1st Refractor 2022 Bowman Draft Chrome BDC-49 Guardians
,,,2022 Draft BD-49 Chase DeLauter Rookie ~GEM MINT PTA 10ð¥,2022 Bowman Draft BD-49 Chase DeLauter 1ST Bowman Rookie ~GEM MINT PTA 10ð¥
12,,,12 2026 Chase Delauter MLB NOW Gem Mint Graded 10,2026 Chase Delauter MLB Topps NOW Rookie Card #12 Gem Mint Graded 10
,,,Chase Delauter MLB NOW #812 Gem Mint 1/1080 Graded 10,2025 Chase Delauter MLB Topps NOW Rookie Card #812 Gem Mint 1/1080 Graded 10
BCP-103,,,BCP-103 Chrome 2023 Chase Delauter ~GEM MINT PTA 10ð¥,2023 Bowman Chrome Prospects BCP-103 Chase Delauter Prospect ~GEM MINT PTA 10ð¥
BTP-1,,,BTP-1 Top YOU PICK 88 # -#BTP100 Complete Your Set,2025 Bowman Bowman Top Prospects YOU PICK 88 #BTP1-#BTP100 Complete Your Set
BTP-31,,,BTP-31 Chrome CHASE DELAUTER Scouts Top 100 Graded PXG 10 Gem Mint,2025 Bowman Chrome CHASE DELAUTER Scouts Top 100 #BTP-31 Graded PXG 10 Gem Mint
,,,CHROME AUTOS GREEN REFRACTOR CHASE HAMPTON 23/99 PSA 8,2025 BOWMAN CHROME PROSPECT AUTOS GREEN REFRACTOR CHASE HAMPTON 23/99 PSA 8
,,,Chrome Chase Hampton Gold Refractor /50 PSA 10 GEM,2025 Bowman Chrome 1st Chase Hampton Gold Refractor /50 Yankees PSA 10 GEM
,,,Chase Hampton Chrome Gold Shimmer Auto 13/50 NY PSA 9,Chase Hampton 2025 Bowman Chrome 1st Gold Shimmer Auto 13/50 NY Yankees PSA 9
,,,Chrome Chase Hampton GOLD Shimmer #27/50 PSA 10 GEM,2025 Bowman Chrome 1st Chase Hampton GOLD Shimmer #27/50 Yankees PSA 10 GEM
,,,Chrome Chase Hampton Autograph PSA 10 GEM MINT,2025 Bowman Chrome Chase Hampton 1st Yankees Prospect Autograph PSA 10 GEM MINT
,,,Chrome Chase Hampton Black Refractor #/10. PSA 10 Pop 2,2025 Bowman Chrome Chase Hampton Black Refractor #/10. PSA 10 Pop 2
,,,Chrome Chase Hampton Auto Refractor /499 PSA 10,2025 Bowman Chrome - Chase Hampton 1st Auto Refractor /499 PSA 10
,,,CHROME PRSPCT AUTOS SPECKLE REFRACTOR CHASE HAMPTON 284/299 PSA 9,2025 BOWMAN CHROME PRSPCT AUTOS SPECKLE REFRACTOR CHASE HAMPTON 284/299 PSA 9
,,,"""Chase Mobley"" Auto HTA /150 PSA 10","2025 Bowman Baseball ""Chase Mobley"" Rc 1st Auto HTA /150 PSA 10"
CPA-CMY,,,CPA-CMY Chrome /150 # Chase Mobley Blue Refractor Auto PSA 9,2025 Bowman Chrome #CPA-CMY Chase Mobley Blue Refractor Auto /150 PSA 9
,,,Chrome PICK YOUR CARD Complete Your Set,2025 Bowman Chrome Prospects - PICK YOUR CARD - Complete Your Set!!
BCP-1,,,BCP-1 Chrome to BCP-252 You Pick 2 Card Minimum,2025 Bowman Chrome Prospects BCP-1 to BCP-252 You Pick - 2 Card Minimum
,,,#CPACMY Chase Mobley Auto Speckle #'d /299 PSA 9,2025 Bowman #CPACMY Chase Mobley 1st Bowman Auto Speckle #'d /299 PSA 9
,,,Chase Mobley Chrome Geomteric Red /5 PSA 9,2025 Bowman Chase Mobley 1st Bowman Chrome Geomteric Red /5 PSA 9
CPA-CMY,,,CPA-CMY /10 Chase Mobley Black Refractor Autograph # Psa 10,2025 Bowman Chase Mobley 1st Black Refractor Autograph /10 #CPA-CMY Psa 10
,,,Chen-Wei Lin True Gold Auto /50 PSA MINT 9,2025 Bowman Chen-Wei Lin 1st Bowman True Gold Auto /50 PSA MINT 9 Cardinals
,,,Chen-Wei Lin Chrome Auto Blue X-Fractor #/150 PSA 10,2025 Bowman Chen-Wei Lin Chrome Auto Blue X-Fractor 1st #/150 Cardinals PSA 10
,,,Chrome Chen-Wei Lin Speckle Refractor Auto /299 PSA 9,2025 Bowman Chrome Prospects Chen-Wei Lin Speckle Refractor Auto /299 PSA 9
CPA-CL,,,CPA-CL Chrome /10 Black Refractor # Chen-Wei Lin Auto PSA 9,2025 Bowman Chrome Black Refractor #CPA-CL Chen-Wei Lin RC Auto /10 PSA 9
,,,Chen-Wei Lin Chrome Chrome Rose Gold /15 PSA 10 POP 2,Chen-Wei Lin Bowman Chrome 2025 1st Chrome Rose Gold /15 Prospect PSA 10 POP 2
,,,Chrome Auto Black Refractor Chen Wei Lin #CPACL /10 PSA 9,2025 Bowman Chrome Prospect Auto Black Refractor Chen Wei Lin #CPACL /10 PSA 9
CPA-CL,,,CPA-CL /150 # Chen-Wei Lin Autos HTA Choice Refractor PSA 10,2025 Bowman #CPA-CL Chen-Wei Lin Autos HTA Choice Refractor PSA 10 #/150
BCP-141,,,BCP-141 Chrome Chen-wei Lin 4 Card Lot,2025 Bowman Prospect Chrome Chen-wei Lin St. Louis Cardinals #BCP-141 4 Card Lot
,,,Chen-Wei Lin Chrome Autograph True Blue /150 PSA 10 (KK,2025 Bowman Chen-Wei Lin 1st Chrome Autograph True Blue /150 PSA 10 (KK
,,,Chrome Chen Wei Lin AUTO #CPACL Green Grass /99 PSA 10,2025 Bowman Chrome 1st Bowman Chen Wei Lin AUTO #CPACL Green Grass /99 PSA 10
,,,Chen-Wei Lin Auto Gold Lava Refractor /50 PSA 9,2025 Bowman Chen-Wei Lin Auto Gold Lava Refractor /50 PSA 9
82,,,82 Chris Sale Lot x10,2025 Bowman #82 Chris Sale Atlanta Braves - Lot x10
,,,"Veteran & -You Pick- 1-100 **Buy More, Save More**","2025 Bowman Veteran & RC -You Pick- 1-100 **Buy More, Save More**"
82,,,82 Chris Sale PSA Graded 10,Chris Sale PSA Graded 10 ! 2025 Bowman #82
,,,Chris Sale PSA Graded 8,Chris Sale PSA Graded 8 ! 2025 Bowman !
,,,You Pick (1-100) Buy 5 Get 7 Free,2025 Bowman Baseball You Pick! (1-100) Buy 5 Get 7 Free!!!
,,,Base **Buy 1 Get 8 More FREE** You Pick Complete Your Set,2025 Bowman Base **Buy 1 Get 8 More FREE** You Pick - Complete Your Set
1,,,1 SINGLES & ROOKIE CARDS THRU 00***YOU PICK***,2025 BOWMAN SINGLES & ROOKIE CARDS  #1 THRU #100***YOU PICK***
82,,,82 Chris Sale (Lot of 27 Cards),2025 Bowman - Chris Sale #82 Atlanta Braves (Lot of 27 Cards)
,,,B6736- Card #s 1-100 +Inserts -You Pick- 15+ FREE US SHIP,B6736- 2025 Bowman Baseball Card #s 1-100 +Inserts -You Pick- 15+ FREE US SHIP
,,,1-100 Complete Your Set Singles,2025 Bowman 1-100 Complete Your Set Singles
,,,Best Christian Moore ( ) Black Refractor #/10,2025 Bowman's Best - Christian Moore (RC) Black  Refractor #/10
,,,Best Christian Moore Patch Autograph /50,2025 Topps Bowman's Best Christian Moore Prospect Patch Autograph /50 Angels
,,,Best Christian Moore Purple Lazer /250 ( ),2025 Bowman's Best Christian Moore Purple Lazer /250 (RC)
,,,CHRISTIAN MOORE CHROME SAPPHIRE REFRACTOR AUTO /199 PSA 9,CHRISTIAN MOORE 2025 BOWMAN CHROME SAPPHIRE REFRACTOR AUTO /199 PSA 9
,,,Sapphire Selections Autographs Christian Moore #SSA-CMO PSA 10,2025 Bowman Sapphire Selections Autographs Christian Moore #SSA-CMO PSA 10
,,,Chrome Snack Pack Bubble Gum Refractor Auto Christian Moore /5 PSA 9,2025 Bowman Chrome Snack Pack Bubble Gum Refractor Auto Christian Moore /5 PSA 9
,,,Best Christian Moore LA PPA-CM Orange Refractor /25,2025 Bowman's Best - Christian Moore LA Angels PPA-CM Orange Refractor /25
,,,"Best, Christian Moore, Patch Autograph /50, #PPA-CM, LAA","2025 Bowman's Best, Christian Moore, Prospect Patch Autograph /50, #PPA-CM, LAA"
,,,Best Christian Moore RED REFRACTOR /5 #1/5 FIRST ON PRINT,2025 Bowman's Best Christian Moore RED REFRACTOR /5 #1/5 FIRST ON PRINT Angels
CPA-CMO,,,CPA-CMO Chrome Christian Moore On-Card Auto # PSA 8,2025 Bowman Chrome Prospect Christian Moore On-Card Auto #CPA-CMO Angels PSA 8
,,,Best Christian Moore Top Blue X-Fractor #/150,2025 Bowman's Best Christian Moore Top Prospects Blue X-Fractor #/150 Angels
,,,Chrome Adios Christian Moore #AD-19 Gold Refractor /50 ( ),2025 Bowman Chrome - Adios Christian Moore #AD-19 Gold Refractor /50 (RC)
,,,Chrome Christian Moore It Came to the League #IT-6,2025 Bowman Chrome Christian Moore It Came to the League #IT-6
,,,Best Top Christian Moore #TP-2 Yellow Refractor /75...,2025 Bowman's Best - Top Prospects Christian Moore #TP-2 Yellow Refractor /75...
,,,Christian Moore Pearl Refractor Auto /10 PSA 9,Christian Moore - 2025 Bowman Pearl Refractor Auto /10 - PSA 9
,,,Best Christian Moore #TP-2 Blue Lazer Refractor 51/150,2025 Bowman's Best Prospects Christian Moore #TP-2 Blue Lazer Refractor 51/150
BP-29,,,BP-29 Best Christian Moore Best Performance,2025 Bowman's Best Christian Moore Best Performance #BP-29 Angels
,,,Best Christian Moore TP-2 Purple Refractor /250,Topps 2025 Bowman's Best Christian Moore Angels TP-2 Purple Refractor /250
,,,Best Christian Moore Blue X-Fractor /150,2025 Bowman's Best Christian Moore Blue X-Fractor /150 RC Los Angeles Angels
67,,,67 Paper Christian Yelich 5 Card Lot,2025 Bowman Paper Christian Yelich Milwaukee Brewers #67  5 Card Lot
,,,You Pick (1-100) Buy 5 Get 7 Free,2025 Bowman Baseball You Pick! (1-100) Buy 5 Get 7 Free!!!
67,,,67 /25 2018 Christian Yelich Bowmans Best Orange Refractor,2018 Christian Yelich 20/25 Bowmans Best #67  Orange Refractor
67,,,67 Christian Yelich **29 card lot**,2025 Bowman - Christian Yelich #67 Milwaukee Brewers **29 card lot**
,,,2020 Panini Christian Yelich Refractors and Prizms Lot of 15,2020 - 2025 Topps Panini Bowman Christian Yelich Refractors and Prizms Lot of 15
,,,PSA 10 CHROME #20 CJ ABRAMS WAVE REFRACTOR /100,PSA 10! 2025 BOWMAN CHROME #20 CJ ABRAMS WAVE REFRACTOR /100
,,,Archives CJ Abrams Auto /80 ROOKIE 2019 Draft,2025 Topps Archives CJ Abrams 1st Auto /80 RC ROOKIE 2019 Bowman Draft NATIONALS
BP-62,,,BP-62 /10 CJ ABRAMS Archives Rookie Auto ( ) Draft 2019,CJ ABRAMS 2025 Topps Archives Rookie Auto 8/10 #BP-62 (RC) Bowman Draft 2019
,,,You Pick (1-100) Buy 5 Get 7 Free,2025 Bowman Baseball You Pick! (1-100) Buy 5 Get 7 Free!!!
,,,Cobb Hightower CHR Pros Auto Orange Wave 6/25 PSA 9 #CPACHI,2025 Bowman Cobb Hightower CHR Pros Auto Orange Wave 6/25 PSA 9 #CPACHI
BCP-104,,,BCP-104 Chrome /50 Cobb Hightower Gold Refractor PSA 10,2025 Bowman Chrome Prospects Cobb Hightower #BCP-104 Gold Refractor /50 PSA 10
BP-104,,,BP-104 Cobb Hightower Graded 10 Gem Mint,2025 Bowman Cobb Hightower 1st Bowman Graded 10 Gem Mint Padres BP-104
CPA-CHI,,,CPA-CHI /150 Cobb Hightower TRUE BLUE AUTO PSA 10 GEM # #,Cobb Hightower 2025 Bowman TRUE BLUE AUTO PSA 10 GEM #033/150 1st #CPA-CHI
,,,COBB HIGHTOWER 3 Card Lot (AUTO/Serial/Parallel),COBB HIGHTOWER 3 Card 2025 Bowman Lot (AUTO/Serial/Parallel) 1st Bowman !
,,,Best Coby Mayo Auto Best of 18/25,Topps 2025 Bowman's Best Coby Mayo Orioles Auto Best of 2025 RC 18/25
,,,Coby Mayo Yellow Pattern Border Rookie #/75 SGC 10 Gem Mint,Coby Mayo 2025 Bowman Yellow Pattern Border Rookie #/75 SGC 10 Gem Mint
,,,Best #B25-CM Coby Mayo Best of Autographs Refractors,2025 Bowman's Best #B25-CM Coby Mayo Best of 2025 Autographs Refractors
,,,You Pick (1-100) Buy 5 Get 7 Free,2025 Bowman Baseball You Pick! (1-100) Buy 5 Get 7 Free!!!
,,,Coby Mayo Chrome Autograph /150 Blue Refractor PSA 9,Coby Mayo Orioles 2025 Bowman Chrome Autograph /150 Blue Refractor RC PSA 9!!
,,,Chrome Coby Mayo Adios Orange Auto /25 SSP Case Hit Oriole ROOKIE,2025 Bowman Chrome Coby Mayo Adios Orange Auto /25 SSP Case Hit Oriole RC ROOKIE
,,,Coby Mayo Best #B25-CM Rookie Best of On-Card Auto,Coby Mayo 2025 Bowman's Best #B25-CM Rookie Best of 2025 On-Card Auto RC Orioles
,,,Best Best Tek Coby Mayo Orange Rookie /25,Topps 2025 Bowman's Best Best Tek Coby Mayo Orange Rookie /25 Orioles
,,,"Best Best of Auto Coby Mayo Purple Refractor /75 ( ,AU)","2025 Bowman's Best - Best of 2025 Auto Coby Mayo - Purple Refractor /75 (RC,AU)"
,,,Best Best of Autographs Coby Mayo #B25-CM Green...,2025 Bowman's Best - Best of 2025 Autographs Coby Mayo #B25-CM Green...
,,,ð¥Coby Mayo Chrome Rookie Image Variation Auto SP #14/25 PSA 10,ð¥Coby Mayo 2025 Bowman Chrome Rookie Image Variation Auto SP #14/25 PSA 10
,,,You Pick (1-100) Buy 5 Get 7 Free,2025 Bowman Baseball You Pick! (1-100) Buy 5 Get 7 Free!!!
,,,Cody Bellinger 2023- / Big/Chrome/Update/Heritage 11-Card Lot,Cody Bellinger 2023-2025 Bowman/Topps Big/Chrome/Update/Heritage 11-Card Lot
,,,B6736- Card #s 1-100 +Inserts -You Pick- 15+ FREE US SHIP,B6736- 2025 Bowman Baseball Card #s 1-100 +Inserts -You Pick- 15+ FREE US SHIP
52,,,52 Veterans Cody Bellinger NY 7 Card Lot,2025 Bowman Veterans - Cody Bellinger #52 NY Yankees Baseball 7 Card Lot
,,,1-100 Complete Your Set Singles,2025 Bowman 1-100 Complete Your Set Singles
,,,(1-150) You Pick Buy 5 Get 7 Free,2025 Bowman Baseball Prospects (1-150) You Pick! Buy 5 Get 7 Free!!!
CPA-CFR,,,CPA-CFR /75 Cody Freeman Auto PSA 9 # True Yellow,2025 Bowman Cody Freeman Auto /75 PSA 9 Texas Rangers #CPA-CFR True Yellow
CPA-CFR,,,CPA-CFR Chrome /25 Cody Freeman Orange Shimmer PSA 9 Auto #,Cody Freeman 2025 Bowman Chrome 1st Orange Shimmer PSA 9 Auto #CPA-CFR 09/25
,,,Cody Freeman Chrome Auto Speckle Refractor PSA 10 146/299,2025 Bowman Cody Freeman Chrome Prospect Auto Speckle Refractor PSA 10 146/299
BCP-112,,,BCP-112 Chrome /50 Cody Freeman Gold Geometric PSA 10 #,2025 Bowman Chrome Prospects Cody Freeman #BCP-112 Gold Geometric PSA 10 # 2/50
1,,,1 Paper -150: You Pick- Complete Your Set,2025 Bowman Baseball Paper Prospects #1-150: You Pick- Complete Your Set
,,,Cody Freeman Chrome Green Geometric /99 CGC Certified,Cody Freeman - 2025 Bowman Chrome 1st - Green Geometric /99 - CGC Certified
,,,Chrome Auto #CPACF Cole Fontenelle Green Shim #/99 PSA 10.,2025 Bowman Chrome Prospect Auto #CPACF Cole Fontenelle Green Shim #/99 PSA 10.
40,,,40 Paper Cole Ragans 5 Card Lot,2025 Bowman Paper Cole Ragans Kansas City Royals #40  5 Card Lot
40,,,40 COLE RAGANS lot (8) Base Paper,COLE RAGANS lot (8) 2025 Topps Bowman Base Paper #40 Kansas City ROYALS
40,,,40 Cole Ragans (6) Card lot ( ) Base Paper B363,Cole Ragans (6) Card lot (#40) 2025 Topps Bowman Base Paper Royals B363
,,,"Veteran & -You Pick- 1-100 **Buy More, Save More**","2025 Bowman Veteran & RC -You Pick- 1-100 **Buy More, Save More**"
,,,You Pick (1-100) Buy 5 Get 7 Free,2025 Bowman Baseball You Pick! (1-100) Buy 5 Get 7 Free!!!
,,,"Base Paper (1-100) Stars, Vets, Rookies You Pick.","2025 Bowman Baseball - Base Paper (1-100) - Stars, Vets, Rookies! You Pick."
1,,,1 Paper 's & Vets -100: You Pick- Complete Your Set,2025 Bowman Baseball Paper RC's & Vets #1-100: You Pick- Complete Your Set
,,,Cole Ragans (9) Card Lot /299 Chrome Base KC,Cole Ragans (9) Card Lot - 2025 Bowman /299 Topps Chrome Base - KC Royals
1,,,1 SINGLES & ROOKIE CARDS THRU 00***YOU PICK***,2025 BOWMAN SINGLES & ROOKIE CARDS  #1 THRU #100***YOU PICK***
,,,Cole Ragans 2024- Stadium Club/ /Archives/Chrome Royal 9-Card Lot,Cole Ragans 2024-2025 Topps Stadium Club/Bowman/Archives/Chrome Royal 9-Card Lot
,,,Base cards Pick your Card Complete your Set BOGO,2025 Bowman Base cards Pick your Card Complete your Set BOGO
,,,Complete Your Set,2025 Bowman BaseBall Complete Your Set
49,,,49 JULIO RODRIGUEZ Best REFRACTOR Lot 12,JULIO RODRIGUEZ 2025 Bowman's Best REFRACTOR #49 - Seattle Mariners RC Lot 12
,,,INSERTS: Complete Your Set & Pick Your Card,2025 Bowman Baseball INSERTS: Complete Your Set & Pick Your Card
,,,Lot (84) 2021- Sapphire Rookie Cole Young Zac Veen SP,Lot (84) 2021-2025 Bowman Sapphire 1st Rookie Prospect Cole Young Zac Veen SP
,,,"COLE YOUNG Chrome Lot (33) Sapphire, Refractors, Chrome Rookie","COLE YOUNG Bowman Chrome Lot (33) Sapphire, Refractors, Chrome - Mariners Rookie"
,,,"MLB Singles ~ Short Print, Serial #'d, SSP ~ YOU PICK w/","2025 MLB Topps Baseball Singles ~ Short Print, Serial #'d, SSP ~ YOU PICK w/ RC"
,,,Cole Young Lot 2022- & Donruss (3 Cards),Cole Young Lot 2022-2025 Bowman & Donruss Seattle Mariners (3 Cards)
,,,"30 Card Cole Young /Rookie Lot ( , , Panini)","30 Card Cole Young Prospect/Rookie Lot (Bowman, Topps, Panini) Mariners"
,,,INSERTS with Chrome and Rookies You Pick 2 Card Minimum,2025 Bowman INSERTS with Chrome and Rookies You Pick - 2 Card Minimum
,,,2023 Draft Set Singles You PICK Complete your set #BD1-BD200,2023 Bowman Draft Baseball Set Singles You PICK Complete your set #BD1-BD200
,,,Card Lot &,Seattle Mariners Card Lot Topps & Bowman RC
,,,Chrome Lot (20) Kayson Cunningham Riley Quick Zach Cole-No Dupes,2025 1st Bowman Chrome Lot (20) Kayson Cunningham Riley Quick Zach Cole-No Dupes
,,,Colson Montgomery Chrome Rookie Best Card #TP-4,Colson Montgomery Chrome Prospect Rookie 2025 Bowman's Best Card #TP-4 White Sox
,,,COLSON MONTGOMERY BEST BEST TEK AUTOGRAPH GOLD AUTO /50 ROOKIE,COLSON MONTGOMERY 2025 BOWMAN'S BEST BEST TEK AUTOGRAPH GOLD AUTO /50 RC ROOKIE
,,,Best Colson Montgomery Purple Refractor #TP-4 /250,2025 Bowman's Best Colson Montgomery Purple Refractor #TP-4 /250 White Sox
,,,Best Colson Montgomery #TP-4 Purple 248/250,2025 Topps Bowman's Best Colson Montgomery #TP-4 Purple 248/250
,,,Best Purple Lazer Colson Montgomery Card #TP-4 /250,Topps Bowman's Best 2025 Purple Lazer Colson Montgomery Card #TP-4 /250
,,,Best TP-4 Colson Montgomery /199 Aqua Refractor,Topps Bowman's Best 2025 TP-4 Colson Montgomery /199 Aqua Refractor - White Sox
,,,Colson Montgomery Best #TP-4 Blue X-fractor /150 ChicagoWhite,Colson Montgomery 2025 Bowman's Best #TP-4 Blue X-fractor /150  ChicagoWhite Sox
,,,COLSON MONTGOMERY BEST TOP LAZER /350 Q3967,COLSON MONTGOMERY 2025 BOWMAN'S BEST TOP PROSPECTS LAZER /350 Q3967
,,,Draft Chrome Refractor Colson Montgomery #BDC-191,2025 Bowman Draft Chrome Refractor Colson Montgomery #BDC-191 Chicago White Sox
,,,COLSON MONTGOMERY BEST BEST-TEK AUTOGRAPH GOLD AUTO /50 Q6221,COLSON MONTGOMERY 2025 BOWMAN'S BEST BEST-TEK AUTOGRAPH GOLD AUTO /50 Q6221
,,,Best Colson Montgomery BT-20 Best Tek Red 5/5 Bookend,2025 Bowman's Best - Colson Montgomery BT-20 - Best Tek Red 5/5 Bookend!
,,,ð¥ Bowmans Best Colson Montgomery Mix CD Auto 1 /10 FOP Whitesoxð¥,ð¥2025 Bowmans Best Colson Montgomery  Mix CD Auto 1 /10 FOP Chicago Whitesoxð¥
,,,Best #TP-4 Colson Montgomery Gold Lava /50 ( ),2025 Bowman's Best - #TP-4 Colson Montgomery - Gold Lava /50 (RC)
,,,Colson Montgomery Garbage Pail Kids Chrome #BGP-15 GPK SSP,Colson Montgomery Garbage Pail Kids 2025 Bowman Chrome #BGP-15 Bowman GPK SSP
,,,Best TP-4 Colson Montgomery /199 Aqua Refractor,Topps Bowman's Best 2025 TP-4 Colson Montgomery /199 Aqua Refractor - White Sox
,,,Best Colson Montgomery Best Tek Auto /99,Topps 2025 Bowman's Best Colson Montgomery Best Tek Auto /99 White Sox
,,,Best BASE You Pick Complete Your Set,2025 Bowman's Best - BASE - You Pick Complete Your Set
,,,Best #TP-4 Colson Montgomery Mini Diamonds Refractor 148/299,2025 Bowman's Best - #TP-4 Colson Montgomery Mini Diamonds Refractor 148/299
,,,Bowmanâs Best Calson Montgomery Top REFRACTOR GEM MINT PTA 10ð¥,2025 Bowmanâs Best Calson Montgomery Top Prospects REFRACTOR GEM MINT PTA 10ð¥
,,,Bowmanâs Best Colson Montgomery Top ~ GEM MINT PTA 10ð¥,2025 Bowmanâs Best Colson Montgomery Top Prospects White Sox~ GEM MINT PTA 10ð¥
,,,Best Colson Montgomery BEST-TEK Auto Orange /25,2025 Bowman's Best Colson Montgomery BEST-TEK Auto Orange /25 White Sox
,,,Best Colson Montgomery #/50 Best Tek Gold #BT-20,2025 Bowman's Best Colson Montgomery #/50 Best Tek Gold #BT-20
,,,Best Colson Montgomery #/99 Best Tek Autographs #BTA-CMO,2025 Bowman's Best Colson Montgomery #/99 Best Tek Autographs #BTA-CMO
,,,Bowmanâs Best Colson Montgomery 2 Card Lot Base And Refractor,2025 Bowmanâs Best Colson Montgomery 2 Card Lot - Base And Refractor White Sox
,,,*PRE SALE* Colson Montgomery 2026 MLB NOWÂ® Card 138,*PRE SALE* Colson Montgomery - 2026 MLB Topps NOWÂ® - Card 138
,,,Best Serial Gold Lava Colson Montgomery #33/50,2025 Bowman's Best Serial Gold Lava Colson Montgomery #33/50 Chicago White Sox
,,,Best #TP-4 Colson Montgomery Refractors Damaged,2025 Bowman's Best #TP-4 Colson Montgomery Refractors Damaged
,,,COLSON MONTGOMERY BOWMANS BEST SKY BLUE REFRACTOR /199,COLSON MONTGOMERY 2025 TOPPS BOWMANS BEST PROSPECT SKY BLUE REFRACTOR /199
,,,Best Top Colson Montgomery Orange Refractor 25/25,2025 Bowman's Best - Top Prospects Colson Montgomery Orange Refractor 25/25
,,,Best Best Tek Colson Montgomery #BT-20 Blue /75 ( ),2025 Bowman's Best - Best Tek Colson Montgomery #BT-20 Blue /75 (RC)
,,,Best Best Tek #24/50 Colson Montgomery,Topps Bowman's Best 2025 Best Tek #24/50 Colson Montgomery White Sox
,,,Best Top Colson Montgomery #TP-4 Yellow /75,2025 Bowman's Best Top Prospects Colson Montgomery #TP-4 - Yellow /75
,,,Best Top Colson Montgomery #TP-4 Gold Refractor /50...,2025 Bowman's Best - Top Prospects Colson Montgomery #TP-4 Gold Refractor /50...
,,,Colson Montgomery Best #TP-4 Aqua Lava Refractor/199,Colson Montgomery 2025 Bowman's Best #TP-4 Aqua Lava Refractor/199 White Sox
,,,Best Colson Montgomery Top Purple Lazer Refractor #/250,2025 Bowman's Best Colson Montgomery Top Prospects Purple Lazer Refractor #/250
,,,Best Colson Montgomery Gold Best-Tek Acetate /50 #BT-20,2025 Bowman's Best Colson Montgomery Gold Best-Tek Acetate /50 #BT-20 White Sox
,,,Colt Emerson Lot Of 10 Paper Marinersð¥ð¥,2025 Bowman Colt Emerson Lot Of 10 Paper Prospects Seattle Marinersð¥ð¥
,,,Scouts Top 100 Colt Emerson Aqua Short Print /125 PSA 9 MINT,2025 Bowman Scouts Top 100 Colt Emerson Aqua Short Print /125 - PSA 9 MINT
,,,Best COLT EMERSON Best Tek Gold /50 SSP #BT-16,2025 Bowman's Best COLT EMERSON Best Tek Gold /50 SSP #BT-16 Seattle Mariners
1,,,1 2026 Paper -150: You Pick Complete Your Set -PreSale,2026 Bowman Baseball Paper Prospects #1-150: You Pick Complete Your Set -PreSale
,,,Best #BT-16 Colt Emerson Best Tek #/99,2025 Bowman's Best #BT-16 Colt Emerson Best Tek #/99
,,,Chrome Orange Shimmer Colt Emerson /25 PSA 9,2025 Bowman Chrome Orange Shimmer Colt Emerson /25 Mariners PSA 9
,,,Best Best Tek Colt Emerson #BT-16 /99 ( ),2025 Bowman's Best - Best Tek Colt Emerson #BT-16 /99 (RC)
BP-17,,,BP-17 Colt Emerson w/sleeves- 2 card lot,Colt Emerson 2025 Bowman Prospects #BP-17 w/sleeves- 2 card lot
,,,Colt Emerson Scouts 100 Mini Diamond 023/150 PSA 9,2025 Bowman Colt Emerson Scouts 100 Mini Diamond 023/150 PSA 9
BCP-17,,,BCP-17 Chrome /250 Colt Emerson Purple Geometric PSA 9,2025 Bowman Chrome Colt Emerson #BCP-17 Purple Geometric /250 PSA 9 - Mariners
BCP-17,,,BCP-17 (2) Colt Emerson Reptilian and Sapphire Refractor Lot,(2) 2025 Bowman - Colt Emerson - Reptilian and Sapphire Refractor #BCP-17 Lot
,,,Colt Emerson Rookie ~GEM MINT PTA 10ð¥,2025 Bowman Prospects Colt Emerson Prospect Rookie Mariners ~GEM MINT PTA 10ð¥
,,,Best #BT-16 Colt Emerson Best Tek #/99,2025 Bowman's Best #BT-16 Colt Emerson Best Tek #/99
,,,Best COLT EMERSON Best Tek STERLING /99 #BT-16,2025 Bowman's Best COLT EMERSON Best Tek STERLING /99  #BT-16 Seattle Mariners
,,,Colt Emerson 1/5 Red Refractor Chrome Scouts Top 100 PSA Slab Mâs,Colt Emerson 1/5 Red Refractor 2025 Bowman Chrome Scouts Top 100 PSA Slab Mâs
,,,Best Best Tek Colt Emerson #BT-16 39/75,Topps Bowman's Best 2025 Best Tek Colt Emerson Seattle Mariners #BT-16 39/75
,,,2023 Draft Colt Emerson Rookie Card #BD-42 Gem Mint 10,2023 Bowman Draft Colt Emerson Mariners Rookie Prospect Card #BD-42 Gem Mint 10
,,,Best Colt Emerson Best-Tek Blue /75 #BT-16,Topps 2025 Bowman's Best Colt Emerson Best-Tek Blue /75 RC #BT-16 Mariners
,,,Archives Signatures Active Players Auto ~ Pick Your Player ~ Encased,2025 Topps Archives Signatures Active Players Auto ~ Pick Your Player ~ Encased
,,,2024-25 COLTON COWSER Lot Chrome & Rookie,2024-25 COLTON COWSER Lot Bowman Chrome & Topps Rookie RC Baltimore Orioles
,,,"Lot (70) w/ Refractor Parallels, Rookie Cards , +","Baltimore Orioles Lot (70) w/ Refractor Parallels, Rookie Cards RC, Prospects +"
,,,x50 COLTON COWSER 2021 ( ) Draft #166 lot/set,x50 COLTON COWSER 2021 (1st) Bowman Draft #166 Rookie Card RC lot/set Orioles!!!
31,,,31 x300 Colton Cowser 2024 lot/set logo,x300 Colton Cowser 2024 Bowman Prospects #31 Rookie Card RC lot/set Orioles logo
PRV-CCO,,,PRV-CCO /50 Colton Cowser Auto GOLD SGC 9/10,2025 Bowman Colton Cowser Auto GOLD  3/50  PRV-CCO    SGC 9/10
,,,2024- / Refractors 3 Card Lot Gunnar /150 Cowser /250,2024-2025 Bowman/Topps Refractors Orioles 3 Card Lot Gunnar /150 Cowser /250 RC
,,,Colton Cowser 2024- Series 1/Chrome/ 3-Card Lot,Colton Cowser 2024-2025 Topps Series 1/Chrome/Bowman RC Orioles 3-Card Lot
,,,Colton Cowser 2023-25 / Series/Big League/Chrome/Heritage 14-Card Lot,Colton Cowser 2023-25 Bowman/Topps Series/Big League/Chrome/Heritage 14-Card Lot
32,,,32 /10 2021 Best Colton Cowser Archives Signature Series,2021 Bowman's Best Colton Cowser 2025 Archives Signature Series #32 Orioles 8/10
42,,,42 x100 Jordan Westburg 2024 lot/set,x100 Jordan Westburg 2024 Bowman Prospects #42 Rookie Card RC lot/set Orioles!!!
,,,"Colton Cowser Rookie Lot (32) Refractors, Variations, Chrome, Gold","Colton Cowser Rookie Lot (32) Refractors, Variations, Bowman Chrome, Gold"
,,,Colton Cowser 2021 Draft Chrome Auto Purple Refractor /250 PSA 9,Colton Cowser 2021 Bowman Draft Chrome Prospect Auto Purple Refractor /250 PSA 9
,,,Cardsð¥Jackson Holliday Rookiesð¥12-Card Lot,2025 Orioles Baseball Cardsð¥Jackson Holliday Rookiesð¥12-Card Lot
,,,Archives Signature Series Colton Cowser 2022 Best Auto /10,2025 Topps Archives Signature Series Colton Cowser 2022 Bowman's Best Auto /10
,,,Colton Cowser City Connect Swatch Auto PSA 7 #CCAR-CC PSA 7,2025 Topps Colton Cowser City Connect Swatch  Auto PSA 7 #CCAR-CC PSA 7
,,,COLTON COWSER Lot of 9 Cards (8 ) Series 1,COLTON COWSER Lot of 9 Cards (8 RC) Topps Series 1 Bowman Baltimore Orioles
,,,You Pick (1-100) Buy 5 Get 7 Free,2025 Bowman Baseball You Pick! (1-100) Buy 5 Get 7 Free!!!
46,,,46 (5) Paper Base card Lot Connor Norby,2025 Bowman (5) Paper Base card Lot #46 Connor Norby RC Marlins
46,,,46 Connor Norby Rookie Lot Of 6 Cards,2025 Bowman Connor Norby Rookie Lot Of 6 Cards Marlins #46
CPA-CCN,,,CPA-CCN /50 Conrad Cason # GOLD Refractor Auto PSA 9,2025 Bowman - Conrad Cason # CPA-CCN 1st Bowman GOLD Refractor Auto /50 PSA 9
CPA-CCN,,,CPA-CCN /150 Conrad Cason Blue Refractor Auto # PSA 9 Mint,2025 Bowman Conrad Cason CPA-CCN Blue Refractor Auto #52/150 Red Sox PSA 9 Mint
,,,Draft #BDC-157 Cooper Pratt Sapphire Yellow /75,2025 Bowman Draft #BDC-157 Cooper Pratt Sapphire Yellow /75
,,,Draft #BDC-157 Cooper Pratt Sapphire Gold /50,2025 Bowman Draft #BDC-157 Cooper Pratt Sapphire Gold /50
,,,COOPER PRATT DRAFT GREEN BORDER PAPER /99,COOPER PRATT 2025 BOWMAN DRAFT GREEN BORDER PAPER BREWERS /99
,,,Draft Chrome Cooper Pratt #BDC-157 Purple Geometric Refractor /250,2025 Bowman Draft - Chrome Cooper Pratt #BDC-157 Purple Geometric Refractor /250
,,,Draft Chrome Cooper Pratt Yellow Reptilian Refractor /75 #BDC-157,2025 Bowman Draft Chrome Cooper Pratt  Yellow Reptilian Refractor /75 #BDC-157
,,,Chrome Mega Cooper Pratt Black Mojo Auto /10 PSA 9,2025 Bowman Chrome Mega Cooper Pratt Black Mojo Auto /10 PSA 9 BREWERS
,,,Draft #BDC-157 Cooper Pratt Sapphire,2025 Bowman Draft #BDC-157 Cooper Pratt Sapphire Edition
,,,Draft Cooper Pratt Black Refractor /10,2025 Bowman Draft Cooper Pratt Black Refractor /10 Milwaukee Brewers
,,,Cooper Pratt (2) Card Lot/SeePictures/ /Free Shippin,Cooper Pratt (2) Card 2025 Bowman Lot/SeePictures/Milwaukee Brewers/Free Shippin
,,,Draft Chrome Cooper Pratt #BDC-157 Green Grass Refractor /99 ( ),2025 Bowman Draft - Chrome Cooper Pratt #BDC-157 Green Grass Refractor /99 (RC)
,,,Cooper Pratt Draft #BDC-157 Chrome Refractor,Cooper Pratt 2025 Bowman Draft #BDC-157 Milwaukee Brewers Chrome Refractor
,,,COOPER PRATT DRAFT #BD-157,COOPER PRATT  BREWERS  2025 BOWMAN DRAFT #BD-157
,,,Draft Cooper Pratt Chrome Yellow Geometric Refractor #/75 B822,2025 Bowman Draft Cooper Pratt Chrome Yellow Geometric Refractor #/75 B822
,,,Draft Cooper Pratt Sky Blue Refractor,2025 Bowman Draft Cooper Pratt Sky Blue Refractor
,,,Cooper Pratt Draft #BDC-157 Chrome Refractor,Cooper Pratt 2025 Bowman Draft #BDC-157 Chrome Refractor Brewers
,,,COOPER PRATT Chrome Lot of 2 Cards VIP Top 100 SP QTY,COOPER PRATT - 2025 Bowman Chrome Lot of 2 Cards - VIP Top 100 SP RC Brewers QTY
,,,Draft Chrome Cooper Pratt Black X-Fractor 4/10 Top,2025 Bowman Draft Chrome Cooper Pratt Black X-Fractor 4/10 Brewers Top Prospect
,,,Draft Chrome Cooper Pratt #BDC-157 Gold Refractor /50 ( ),2025 Bowman Draft - Chrome Cooper Pratt #BDC-157 Gold Refractor /50 (RC)
,,,Draft Chrome Cooper Pratt Laser Refractor #BDC-157,2025 Bowman Draft Chrome Cooper Pratt Laser Refractor #BDC-157
,,,Draft Chrome #BDC-157 (Steel Metal Refractor) -/100 COOPER PRATT,2025 Bowman Draft Chrome #BDC-157 (Steel Metal Refractor) -/100 COOPER PRATT
,,,Draft Sapphire Cooper Pratt Yellow /75 #BDC-157,2025 Bowman Draft Sapphire Cooper Pratt  Yellow /75 #BDC-157 Brewers
,,,Draft Chrome Cooper Pratt #BDC-157 Yellow Geometric Refractor /75,2025 Bowman Draft - Chrome Cooper Pratt #BDC-157 Yellow Geometric Refractor /75
,,,COOPER PRATT DRAFT ORANGE BORDER /25 #BD-157,COOPER PRATT 2025 BOWMAN DRAFT ORANGE BORDER /25 #BD-157 BREWERS
,,,Draft Paper (BD1-BD200): YOU PICK Complete Your Set 50% off 4+,2025 Bowman Draft Paper (BD1-BD200): YOU PICK Complete Your Set - 50% off 4+
,,,Chrome Cooper Pratt Melt Mashers Red Refractors /5 PSA 10,2025 Bowman Chrome Cooper Pratt Melt Mashers Red Refractors /5 PSA 10 Brewers
,,,COOPER PRATT Draft #BDC-157 Purple Refractor /250,COOPER PRATT 2025 Bowman Draft #BDC-157 Purple Refractor /250
,,,Draft Cooper Pratt Chrome True Orange,2025 Bowman Draft Cooper Pratt Chrome True Orange
,,,Draft Cooper Pratt Paper Orange /25,2025 Bowman Draft Cooper Pratt Paper Orange /25
,,,Cooper Pratt Draft Cooper Pratt /499 Sky Light Blue Paper ð¥ð¥,Cooper Pratt 2025 Bowman Draft Cooper Pratt /499 Sky Light Blue Paper ð¥ð¥
,,,ð§YY BEST GREEN MINI DIAMOND REFRACTOR /99 CORBIN CARROLL,ð§YY 2025 BOWMAN'S BEST BASEBALL GREEN MINI DIAMOND REFRACTOR /99 CORBIN CARROLL
8,,,8 /199 ð Best Corbin Carroll Aqua Lava Refractor,ð2025 Bowman's Best - Corbin Carroll #8 Aqua Lava Refractor /199 DIAMONDBACKS
,,,Best Corbin Carroll Circuitry Mini-Diamond Refractor #C-7,2025 Bowman's Best Corbin Carroll Circuitry Mini-Diamond Refractor #C-7
8,,,8 Best Corbin Carroll Refractor,2025 Bowman's Best Corbin Carroll Refractor #8 Diamondbacks
,,,CORBIN CARROLL BEST GREEN REFRACTOR /99 Q3917,CORBIN CARROLL 2025 BOWMAN'S BEST GREEN REFRACTOR DIAMONDBACKS /99 Q3917
,,,You Pick (1-100) Buy 5 Get 7 Free,2025 Bowman Baseball You Pick! (1-100) Buy 5 Get 7 Free!!!
8,,,8 /50 Best Corbin Carroll Gold Refractor,2025 Bowman's Best - Corbin Carroll #8 Gold Refractor /50
8,,,8 /99 Best Corbin Carroll Green Refractor (L18),2025 Bowman's Best - Corbin Carroll #8 Green Refractor /99 (L18)
,,,"Best ""Best Performances"" Corbin Carroll auto 115/150 (AU)","2025 Bowman's Best ""Best Performances"" - Corbin Carroll auto 115/150 (AU)"
BP-3,,,BP-3 Best Best Performances Corbin Carroll,2025 Bowman's Best - Best Performances Corbin Carroll #BP-3
8,,,8 /299 Best CORBIN CARROLL Mini Diamond,2025 Bowman's Best #8 CORBIN CARROLL Mini Diamond /299 Diamondbacks
BP-3,,,BP-3 Best Best Performances Corbin Carroll Mini-Diamond,2025 Bowman's Best - Best Performances Corbin Carroll #BP-3 Mini-Diamond
,,,CORBIN CARROLL #PRVCC ROOKIE & VET AUTO PSA 9 AUTO 10,2025 CORBIN CARROLL BOWMAN #PRVCC ROOKIE & VET AUTO PSA 9 AUTO 10 DIAMONDBACKS
,,,Corbin Carroll Black Pattern 05/10 PSA 10 POP 1,2025 Bowman Corbin Carroll Black Pattern 05/10 PSA 10 POP 1 Arizona Diamondbacks
8,,,8 CORBIN CARROLL Best Refractor,CORBIN CARROLL 2025 Bowman's Best Refractor #8
PRV-CC,,,PRV-CC /50 Corbin Carroll # Gold Auto PSA 9,Topps 2025 Bowman Corbin Carroll #PRV-CC Gold Auto /50 Diamondbacks PSA 9
8,,,8 Best Corbin Carroll Refractor,2025 Bowman's Best #8 Corbin Carroll Refractor
,,,Best Circuitry Lava Corbin Carroll /50 First Print,Topps 2025 Bowman's Best Circuitry Lava Corbin Carroll /50 First Print
,,,CORBIN CARROLL BEST PURPLE LAZER /250,CORBIN CARROLL 2025 BOWMAN'S BEST PURPLE LAZER DIAMONDBACKS /250
8,,,8 /199 Best Corbin Carroll Aqua Lava Refractor,2025 Bowman's Best Corbin Carroll #8 Aqua Lava Refractor /199 DIAMONDBACKS
,,,CORBIN CARROLL BEST BLUE LAZER REFRACTOR DBACKS /150,CORBIN CARROLL 2025 BOWMAN'S BEST BLUE LAZER REFRACTOR DBACKS /150
,,,Best - Corbin Carroll Circuitry #C-7,2025 Topps Bowman's Best - Diamondbacks - Corbin Carroll Circuitry - #C-7
,,,Best Corbin Carroll Mini Diamond Circuitry C-7,2025 Topps Bowman's Best -Diamondbacks Corbin Carroll Mini Diamond Circuitry C-7
8,,,8 /350 Best Corbin Carroll Lazer Refractor,2025 Bowman's Best #8 Corbin Carroll Diamondbacks Lazer Refractor /350
8,,,8 /250 Best Purple Refractor Corbin Carroll,2025 Bowman's Best Purple Refractor #8 Corbin Carroll /250 Diamondbacks
1,,,1 /199 Corey Seager Best Aqua Lava Refractor,Corey Seager 2025 Bowman's Best #1 Aqua Lava Refractor /199
1,,,1 /250 Best Corey Seager Serial Numbered MLB Card,Topps Bowman's Best Corey Seager #1 Serial Numbered 230/250 Rangers MLB Card
,,,Corey Seager Chrome Refractor Best Card #1,Corey Seager Chrome Refractor 2025 Bowman's Best Baseball Card #1 Texas Rangers
,,,Mega Box Chrome Corey Seager #38 Orange Ref #/25 PSA 10 POP 1,2025 Bowman Mega Box Chrome - Corey Seager #38 - Orange Ref #/25 PSA 10 POP 1
,,,"Corey Seager Numbered Card Lot 2022- , /75 /99 /125 /150 /199","Corey Seager Numbered Card Lot 2022-2025 Bowman, Topps /75 /99 /125 /150 /199"
1,,,1 /199 Best Corey Seager Aqua Lava Refractor,2025 Bowman's Best - Corey Seager #1 Aqua Lava Refractor /199
1,,,1 /250 Best Corey Seager Purple Lazer Refractors,2025 Bowman's Best #1 Corey Seager Purple Lazer Refractors #/250
,,,You Pick (1-100) Buy 5 Get 7 Free,2025 Bowman Baseball You Pick! (1-100) Buy 5 Get 7 Free!!!
,,,Corey Seager Best Green Mini Diamonds 45/99,Corey Seager 2025 Bowman's Best  Green Mini Diamonds  45/99
1,,,1 /99 Best COREY SEAGER Green Refractor,2025 Bowman's Best #1 COREY SEAGER Green Refractor /99 Rangers
,,,"Corey Seager Lot of 6 Cards Chrome, , 24 Update,","Corey Seager  Lot of 6 Cards - 2025 Topps Chrome, 2025 Bowman, 24 Topps Update,"
,,,Best Purple Refractor Corey Seager #194/250,2025 Bowman's Best Purple Refractor Corey Seager #194/250
,,,Best BASE You Pick Complete Your Set,2025 Bowman's Best - BASE - You Pick Complete Your Set
1,,,1 /150 Best Corey Seager Blue Refractors,2025 Bowman's Best #1 Corey Seager Blue Refractors #/150
,,,CHROME GPK #BGP-46 COREY SEAGER SAUCY SEAGER PSA 9,2025 BOWMAN CHROME BOWMAN GPK #BGP-46 COREY SEAGER SAUCY SEAGER PSA 9
1,,,1 Corey Seager Best Wave Refractors,Corey Seager 2025 Bowman's Best Wave Refractors #1
,,,Bowmans Best COREY SEAGER Green Mini-Diamond Refractor /99,2025 Bowmans Best COREY SEAGER Green Mini-Diamond Refractor /99 - Rangers
,,,Corey Seager #38 Chrome Mojo Refractor 2 Card Lot,2025 Bowman - Corey Seager #38 Chrome Mojo Refractor - 2 Card Lot
1,,,1 /50 Best Corey Seager Serial Numbered,Topps 2025 Bowman's Best Corey Seager Texas Rangers #1 Serial Numbered /50
,,,Best Corey Seager Blue Refractors #/150,2025 Bowman's Best Corey Seager Blue Refractors #/150
1,,,1 /150 Best Corey Seager Blue X-Fractor Refractor,2025 Bowman's Best Corey Seager Blue X-Fractor Refractor /150 #1 Rangers
BP-128,,,BP-128 Chrome Cory Lewis Paper Lot Of 7 & 1,2025 Bowman Cory Lewis 1st Paper Prospects Lot Of 7 & 1 Chrome  BP-128 Twins
BP-128,,,BP-128 Cory Lewis (25) Card Lot,2025 Bowman Cory Lewis (25) Card 1st Bowman Lot Twins #BP-128
,,,Sapphire Cory Lewis Chrome Gold Refractor /50 PSA 10,2025 Bowman Sapphire Cory Lewis Chrome Gold Refractor 1st /50 PSA 10
BP-61,,,BP-61 /10 D'Angelo Ortiz Black PSA 9,2025 Bowman - Prospects D'Angelo Ortiz #BP-61 Black /10 PSA 9
,,,D'Angelo Ortiz SSP Chrome Snack Pack POPCORN PSA 9 POP 2,D'Angelo Ortiz SSP - 2025 Bowman Chrome Snack Pack POPCORN PSA 9 POP 2 - RED SOX
,,,Pop 7 Chrome D'Angelo Ortiz Mini Diamond Auto /100 PSA 10,Pop 7! 2025 Bowman Chrome D'Angelo Ortiz Mini Diamond Auto /100 PSA 10
,,,Purple Refractor DâAngelo Ortiz PSA 10 â Big Papiâs Son ð¥,2025 Bowman Purple Refractor DâAngelo Ortiz PSA 10 â Big Papiâs Son ð¥
,,,Chrome Sapphire DâAngelo Ortiz Gold Refractor Autograph /50 PSA 9,2025 Bowman Chrome Sapphire DâAngelo Ortiz Gold Refractor Autograph /50 PSA 9
,,,CHROME BLUE GEOMETRIC #100 DALTON RUSHING 9/150 PSA 10,2025 BOWMAN CHROME BLUE GEOMETRIC #100 DALTON RUSHING 9/150 PSA 10
,,,CHROME CHROME ROOKIE AUTOS REFRACTOR DALTON RUSHING 415/499 PSA 9,2025 BOWMAN CHROME CHROME ROOKIE AUTOS REFRACTOR DALTON RUSHING 415/499 PSA 9
,,,Top 100 Signed Dalton Rushing Autographed Card PSA 10 Auto,2025 Bowman Top 100 Signed Dalton Rushing Dodgers Autographed Card PSA 10 Auto
,,,Best DALTON RUSHING #/150 BLUE X-FRACTOR Rookie C Match,2025 Bowman's Best DALTON RUSHING RC #/150 BLUE X-FRACTOR Dodgers Rookie C Match
33,,,33 BEST DALTON RUSHING WAVE REFRACTOR,2025 BOWMAN'S BEST #33 DALTON RUSHING RC WAVE REFRACTOR LOS ANGELES DODGERS
,,,Dalton Rushing Chrome #100 Blue Refractor /150 PSA 9 + 2 Ltd RCs,Dalton Rushing 2025 RC Bowman Chrome #100 Blue Refractor /150 PSA 9 + 2  Ltd RCs
,,,Dalton Rushing Best Purple Mojo Refractors /250 Rookie,Dalton Rushing 2025 Bowman's Best Purple Mojo Refractors /250 Dodgers Rookie
,,,Chrome Dalton Rushing #MV14 Max Volume Insert /150,2025 Bowman Chrome - Dalton Rushing - #MV14 - Max Volume Insert - /150
,,,Chrome Dalton Rushing Purple Geometric /250 #100 PSA 9,Bowman 2025 Chrome Dalton Rushing Purple Geometric /250 #100 PSA 9
70,,,70 /25 Best Dalton Rushing Refractor,2025 Bowman's Best Dalton Rushing #70 Refractor RC 03/25
33,,,33 BEST DALTON RUSHING WAVE REFRACTOR,2025 BOWMAN'S BEST #33 DALTON RUSHING RC WAVE REFRACTOR LOS ANGELES DODGERS
33,,,33 Best Dalton Rushing Rookie Refractor,2025 Bowman's Best Dalton Rushing Rookie Refractor #33
,,,Chrome Sapphire Dalton Rushing Black Rookie PSA 10 #100 02/10,Topps 2025 Bowman Chrome Sapphire Dalton Rushing Black Rookie PSA 10 #100 02/10
,,,Bowmans Best Dalton Rushing Rookie Blue Lazer /150,Bowmans Best 2025 Dalton Rushing Rookie Dodgers Blue Lazer /150
33,,,33 Dalton Rushing Best Refractors SP,Dalton Rushing 2025 Bowman's Best RC Refractors SP #33
33,,,33 Dalton Rushing Best Refractors SP,Dalton Rushing 2025 Bowman's Best RC Refractors SP #33
33,,,33 /250 Dalton Rushing Best Purple Refractors SP,Dalton Rushing 2025 Bowman's Best Purple Refractors SP #/250 #33
,,,Chrome Dalton Rushing Max Volume Refractor Auto /99 #MVA-DR ( ),2025 Bowman Chrome Dalton Rushing Max Volume Refractor Auto /99 #MVA-DR (RC)
33,,,33 Best Dalton Rushing ( ),2025 Bowman's Best - Dalton Rushing #33 (RC)
,,,Bowmanâs Best Dalton Rushing (23) Lot: #161/199+Wave,2025 Bowmanâs Best Los Angeles Dodgers Dalton Rushing (23) RC Lot: #161/199+Wave
,,,Dalton Rushing Card Lot 5 with strokes of Gold Case hit,Topps Bowman 2025 Dalton Rushing  RC Card Lot 5  with strokes of  Gold Case hit
33,,,33 /150 Best Dalton Rushing Blue X-Fractor ( ),2025 Bowman's Best - Dalton Rushing #33 Blue X-Fractor /150 (RC)
,,,DALTON RUSHING Chrome Max Volume Gold Refractor #MV-14 50/50,DALTON RUSHING 2025 Bowman Chrome RC Max Volume Gold Refractor #MV-14 50/50
,,,Chrome Dalton Rushing Max Volume Insert MV-14 2 Card Lot,2025 Bowman Chrome Dalton Rushing Max Volume Insert MV-14 2 Card Lot Dodgers
,,,2023 Panini Dalton Rushing and Rookie Lot of 8,2023 2025 Panini Topps Bowman Dalton Rushing Prospect and Rookie RC Lot of 8
,,,You Pick (1-100) Buy 5 Get 7 Free,2025 Bowman Baseball You Pick! (1-100) Buy 5 Get 7 Free!!!
54,,,54 David Festa (25) Card Rookie Lot,2025 Bowman David Festa (25) Card Rookie RC Lot Twins #54
,,,1-100 Complete Your Set Singles,2025 Bowman 1-100 Complete Your Set Singles
,,,PRSPCT AUTOS GOLD #BPADH DAVID HAGAMAN 25/50 PSA 6,2025 BOWMAN BOWMAN PRSPCT AUTOS GOLD #BPADH DAVID HAGAMAN 25/50 PSA 6
1,,,1 2026 Paper -150: You Pick Complete Your Set -PreSale,2026 Bowman Baseball Paper Prospects #1-150: You Pick Complete Your Set -PreSale
,,,2026 CHROME #1-150: You Pick Complete Your Set PreSale,2026 Bowman Baseball CHROME Prospects #1-150: You Pick Complete Your Set PreSale
1,,,1 2026 Paper -150: You Pick Complete Your Set -PreSale,2026 Bowman Baseball Paper Prospects #1-150: You Pick Complete Your Set -PreSale
,,,LOT x3 D'Angelo + David Ortiz Jr. R LOGO FOIL+ Chrome AUTO,LOT x3 2025 Topps 1st Bowman D'Angelo + David Ortiz Jr. R LOGO FOIL+ Chrome AUTO
BCP-29,,,BCP-29 Chrome /15 David Ortiz Jr. Rose Gold PSA 9,2025 Bowman - Chrome Prospects David Ortiz Jr. #BCP-29 Rose Gold /15 PSA 9
,,,Chrome David Ortiz Jr. Green Geometric /99 PSA 10,2025 Bowman Chrome David Ortiz Jr. Green Geometric /99 PSA 10
,,,Chrome Autograph David Ortiz Jr. Purple /250 Psa 10,2025 Bowman Chrome Prospect Autograph David Ortiz Jr. Purple /250 Psa 10
,,,Chrome David Ortiz Jr Refractor Auto PSA 10 Pop 1 /499,2025 Bowman Chrome David Ortiz Jr Refractor Auto PSA 10 Rangers Pop 1  /499
CPA-DOR,,,CPA-DOR Chrome /150 David Ortiz Jr BLUE AUTO PSA 10 GEM # #,David Ortiz Jr 2025 Bowman Chrome BLUE AUTO PSA 10 GEM #033/150 1st #CPA-DOR
BCP-29,,,BCP-29 Chrome Sapphire # David Ortiz Jr. Black PSA 10,2025 Bowman Sapphire #BCP29 David Ortiz Jr. Chrome Prospect Black PSA 10
,,,DAWEL JOSEPH CHROME BASE Lot 24,DAWEL JOSEPH 2025 Bowman CHROME BASE PROSPECT - Seattle Mariners Prospect Lot 24
,,,Best Patch Relic # PPA-DJ Dawel Joseph Autograph 33/50,2025 Bowman's Best Prospect Patch Relic # PPA-DJ Dawel Joseph Autograph 33/50
,,,Best Patch Autograph Relic Dawel Joseph #PPA-DJ /5,Topps 2025 Bowman's Best Patch Autograph Relic Dawel Joseph #PPA-DJ /5 Mariners
BP-8,,,BP-8 Dawel Joseph (25) Card Lot,2025 Bowman Dawel Joseph (25) Card Prospect Lot Mariners #BP-8
,,,CHROME SAPPHIRE DAWEL JOSEPH AUTO BLACK AUTOGRAPH 2/10 MINT PSA 9,2025 BOWMAN CHROME SAPPHIRE DAWEL JOSEPH RC AUTO BLACK AUTOGRAPH 2/10 MINT PSA 9
,,,Shohei Ohtani SGC 9.5 Chrome Mega Ascensions,Shohei Ohtani SGC 9.5 2025 Bowman Chrome Mega Ascensions
,,,Cards Pick & Choose Mattingly / Judge / Torres,New York Yankees Baseball Cards Pick & Choose Mattingly / Judge / Torres
,,,"RCs, inserts and stars, you pick","2025 Topps RCs, inserts and stars, you pick!"
,,,DEREK JETER ~ Chrome Garbage Pail Kids GPK CASE HIT #BGP-31,DEREK JETER ~ 2025 Bowman Chrome Bowman Garbage Pail Kids GPK CASE HIT #BGP-31
,,,(60) Card NY Lot Huge Value Stars Rookies Judge Jeter Ruth,(60) Card NY YANKEES Lot Huge Value Stars Rookies Bowman Judge Jeter Ruth RC
,,,JUDGE JETER MATTINGLY & other PICK YOUR CARD rookies/parallels,JUDGE JETER MATTINGLY & other yankees - PICK YOUR CARD - rookies/parallels
,,,ð¥ LEGENDS DEREK JETER AND AARON JUDGE 9 CARD LOT..REFRACTORS..INSERTð¥,ð¥YANKEES LEGENDS DEREK JETER AND AARON JUDGE 9 CARD LOT..REFRACTORS..INSERTð¥
,,,"40x Card Lot Chisholm, Rice, Fried, Jeter","40x New York Yankees Baseball Card Lot 2025 - Chisholm, Rice, Fried, Jeter"
,,,Series 1 Brooks Lee Black Silver Pack Refractor 35th #d 6/10 SP PSA 9,2025 Topps Series 1 Brooks Lee Black Silver Pack Refractor 35th #d 6/10 SP PSA 9
,,,Graded Super Stars 80'S-25 BGS-PSA 10'S PSA 9'S PSA 8'S PSA7 JETER JUDGE TROUT,Graded Super Stars 80'S-25  BGS-PSA 10'S PSA 9'S PSA 8'S PSA7 JETER JUDGE TROUT
,,,MLB MAJOR LEAGUE AUTO AUTOGRAPH AUTOGRAPHED SIGNED U PICK PLAYER CARD .,MLB MAJOR LEAGUE BASEBALL AUTO AUTOGRAPH AUTOGRAPHED SIGNED U PICK PLAYER CARD .
,,,2022 Draft Termarr Johnson Blue Auto /150 PSA 10 Chrome Gem Mint,2022 Bowman Draft Termarr Johnson Blue Auto /150 PSA 10 Chrome Gem Mint
,,,2023 Mega Box Michael Harris /75 Yellow PSA GEM Mint 10,2023 Bowman Mega Box Michael Harris /75 Yellow PSA GEM Mint 10
,,,2024 & Older Donruss Card Lot,2025 2024 & Older Topps Bowman Donruss Baseball Card Lot
,,,Lot Of 6 Arron Judge + Derek Jeter Cards Mint Cards Captin And HOF players,Lot Of 6 Arron Judge + Derek Jeter RC Cards Mint Cards Captin And HOF players
,,,Lot PSA 10 Volpe /99 Jeter Gold CGC 10 + Gil & Volpe Auto Relics,Yankees Lot PSA 10 Volpe RC /99 Jeter Gold CGC 10 + Gil & Volpe Auto Relics
BA-15,,,BA-15 ANIME # DEREK JETER PSA 9 CASE HIT,2025 BOWMAN ANIME #BA15 DEREK JETER PSA 9 CASE HIT
,,,Bunt DIGITAL Gilded SUPER RARE Complete Your Set Bulk Discounts,2025 Topps Bunt DIGITAL Gilded SUPER RARE - Complete Your Set Bulk Discounts
BA-15,,,BA-15 ANIME # DEREK JETER PSA 10 CASE HIT,2025 BOWMAN ANIME #BA15 DEREK JETER PSA 10 CASE HIT
,,,"(150-200 Lot) MLB Cards up to , , Auto, #ed FREE Ship","(150-200 Lot) MLB Baseball Cards up to 2025  RC, 1st Bowman, Auto, #ed FREE Ship"
,,,Chrome GPK auto Derek Jeter black /10 November Days PSA 10 POP 2,2025 Bowman Chrome GPK auto Derek Jeter  black /10 November Days PSA 10 POP 2
,,,Chrome GPK Garbage Pail Kids Derek Jeter November Days PSA 9,2025 Bowman Chrome Bowman GPK Garbage Pail Kids Derek Jeter November Days PSA 9
BP-87,,,BP-87 Didier Fuentes GMG Graded 10 Gem Mint ð Rookie,2025 Bowman Didier Fuentes 1st Bowman #BP-87 GMG Graded 10 Gem Mint ð Rookie RC
BCP-87,,,BCP-87 Chrome Didier Fuentes # Lot Of 5,Didier Fuentes 1st Prospect 2025 Bowman Chrome #BCP87 Atlanta Braves Lot Of 5
,,,Didier Fuentes /99 Green Lava Auto PSA 9,2025 Bowman Didier Fuentes /99 Green Lava Auto PSA 9 Braves
CPA-DFU,,,CPA-DFU /25 DIDIER FUENTES Orange Wave Auto PSA 9,2025 Bowman DIDIER FUENTES 1st Orange Wave Auto /25 CPA-DFU PSA 9
BP-87,,,BP-87 (10) Didier Fuentes Lot,(10) 2025 Bowman Didier Fuentes 1st Rookie Card Lot #BP-87 Atlanta Braves RC
,,,Chrome Didier Fuentes Rose Gold Refractor /15 PSA 9,2025 Bowman - Chrome Prospects Didier Fuentes Rose Gold Refractor /15 PSA 9
BCP-87,,,BCP-87 Chrome # Didier Fuentes Orange Geometric PSA 10,2025 Bowman Chrome Prospects #BCP87 Didier Fuentes Orange Geometric PSA 10
BCP-87,,,BCP-87 Chrome /100 ð¥ Didier Fuentes Steel Metal Ref SGC 10,ð¥2025 Bowman Chrome BCP-87 Didier Fuentes Prospects Steel Metal Ref /100 SGC 10
BCP-87,,,BCP-87 Didier Fuentes & BP-87 Lot Of 10,2025 Bowman Didier Fuentes 1st Prospect BCP-87 & BP-87 Atlanta Braves Lot Of 10
,,,Best Circuitry Drake Baldwin #C-12 Mini-Diamond Refractor,2025 Bowman's Best - Circuitry Drake Baldwin #C-12 Mini-Diamond Refractor Braves
60,,,60 DRAKE BALDWIN Best REFRACTOR ROOKIE Lot 12,DRAKE BALDWIN 2025 Bowman's Best REFRACTOR ROOKIE #60 - Atlanta Braves RC Lot 12
BPA-DB,,,BPA-DB /250 Best # Drake Baldwin Best Performance Auto,2025 Bowman's Best #BPA-DB Drake Baldwin Best Performance Auto /250
,,,Best #C-12 Drake Baldwin Circuitry Mini-Diamond Refractors,2025 Bowman's Best #C-12 Drake Baldwin Circuitry Mini-Diamond Refractors
CRA-DB,,,CRA-DB Chrome /5 Drake Baldwin Rookie Auto Red Mojo # PSA 9,Drake Baldwin Rookie Auto Red Mojo /5 2025 Bowman Chrome #CRA-DB PSA 9
,,,Chrome Drake Baldwin Lot (7): Yellow Green Purple Aqua 5#âd,2025 Bowman Chrome Drake Baldwin RC Lot (7): Yellow - Green - Purple - Aqua 5#âd
ROY-ATL,,,ROY-ATL Chrome Drake Baldwin ( ) Lot of 9 Base/Melt/mojo NL,2025 Bowman Chrome Drake Baldwin (RC) Lot of 9 Base/Melt/mojo NL ROY-ATL Braves
,,,10x Drake Baldwin Chrome Rookie Lot ROY,10x Drake Baldwin 2025 Bowman Chrome Rookie Lot RC Braves ROY
,,,CHROME IMAGE VARIATION #75 DRAKE BALDWIN ROOKIE PSA 9,2025 BOWMAN CHROME IMAGE VARIATION #75 DRAKE BALDWIN ROOKIE RC PSA 9
,,,Chrome Drake Baldwin #75 Aqua Mojo Refractor /299 ( ) BGS 9.5 GM,2025 Bowman Chrome - Drake Baldwin #75 Aqua Mojo Refractor /299 (RC) BGS 9.5 GM
,,,Best Circuitry Drake Baldwin #C-12 Lava Refractor /50 ( ),2025 Bowman's Best - Circuitry Drake Baldwin #C-12 Lava Refractor /50 (RC)
,,,Chrome Melt Mashers ORANGE REFRACTOR Drake Baldwin #d 21/25,2025 Bowman Chrome Melt Mashers ORANGE REFRACTOR Drake Baldwin BRAVES #d 21/25
,,,Chrome Mojo Refractor Drake Baldwin Marcelo Mayer MLB 2-Card Lot,Topps Bowman Chrome Mojo Refractor  Drake Baldwin Marcelo Mayer MLB 2-Card Lot
,,,Chrome Drake Baldwin Rookie Auto Refractor # /499 PSA 9,2025 Bowman Chrome Drake Baldwin Rookie Auto RC Refractor # /499 Braves PSA 9
,,,Best Best Performance Drake Baldwin Lava Refractor /50,2025 Bowman's Best Best Performance Drake Baldwin Lava Refractor /50
,,,DRAKE BALDWIN Chrome Melt Mashers #MM-19 Rookie Mini Diamond /150,DRAKE BALDWIN 2025 Bowman Chrome Melt Mashers #MM-19 Rookie Mini Diamond /150
,,,CHROME #75 DRAKE BALDWIN RED ROOKIE REDEMPTION PSA 9,2025 BOWMAN CHROME #75 DRAKE BALDWIN RED ROOKIE REDEMPTION PSA 9
,,,Chrome Drake Baldwin Red Rookie Redemption PSA 9,2025 Bowman Chrome Drake Baldwin Red Rookie Redemption PSA 9
,,,Best DRAKE BALDWIN Circuitry Lava Refractor /50 ( ),2025 Bowman's Best DRAKE BALDWIN Circuitry Lava Refractor /50 BRAVES (RC)
,,,SAPPHIRE DRAKE BALDWIN YELLOW /75 PSA 10 POP 2 NL ROY,2025 BOWMAN SAPPHIRE DRAKE BALDWIN YELLOW /75 PSA 10 POP 2 - 2025 NL ROY BRAVES
,,,Top 100 Inserts (You Pick),2025 Bowman Baseball - Top 100 Prospects Inserts (You Pick)
,,,Chrome Scouts Top 100 You Pick Complete your Set,2025 Bowman Chrome Scouts Top 100 You Pick Complete your Set
,,,2023 Draft Set Singles You PICK Complete your set #BD1-BD200,2023 Bowman Draft Baseball Set Singles You PICK Complete your set #BD1-BD200
ROY-9,,,ROY-9 Chrome Drew Romo Rookie Of The Year Favorites Mojo Lot x5,2025 Bowman Chrome Drew Romo RC Rookie Of The Year Favorites Mojo Lot x5 ROY-9
,,,PARALLELS & INSERTS***YOU PICK***,2025 BOWMAN PARALLELS & INSERTS***YOU PICK***
,,,Chrome ROTYF Drew Romo Mojo Prizm + Blue Mojo Prizm /175 2 Card Lot,2025 Bowman Chrome ROTYF Drew Romo Mojo Prizm + Blue Mojo Prizm /175 2 Card Lot
ROY-9,,,ROY-9 Chrome Drew Romo Rookie of the Year Favorites CGC 9,2025 Bowman Drew Romo #ROY-9 Rookie of the Year Favorites Chrome CGC 9
,,,You Pick (1-100) Buy 5 Get 7 Free,2025 Bowman Baseball You Pick! (1-100) Buy 5 Get 7 Free!!!
,,,Drew THORPE Rookie Lot of (12),Drew THORPE 2025 Bowman Rookie Lot of (12)
,,,Lot of 18 Cards DREW THORPE Rookie FOIL,Lot of 18 Baseball Cards - DREW THORPE Rookie 2025 Topps FOIL 2025 Bowman RC
,,,Druw Jones Chrome #BDC-138 Lot Of 6,Druw Jones Prospect 2025 Bowman Chrome #BDC-138 Diamondbacks Lot Of 6
BCP-138,,,BCP-138 Chrome /75 Sapphire Yellow Druw Jones PSA 10 GEM MT,2025 Bowman Sapphire Chrome Yellow /75 Druw Jones #BCP-138 PSA 10 GEM MT
27,,,27 /250 Best Dylan Crews Purple Mojo Refractor ( ),2025 Bowman's Best Dylan Crews Purple Mojo Refractor /250 (RC) Nationals #27
42,,,42 Dylan Crews Etched in Glass Variation Rookie PSA 10,2025 Bowman Dylan Crews #42 Etched in Glass Variation Rookie PSA 10 Nationals
,,,Best Gold Best-Tek Autograph /50 Dylan Crews,Topps 2025 Bowman's Best Gold Best-Tek Autograph /50 Dylan Crews
,,,"10 Card Lot DYLAN CREWS Starter PC , Chrome , & More","10 Card Lot - DYLAN CREWS Starter PC - Bowman 1st, Topps Chrome RC, & More"
,,,Dylan Crews [Blue Mega] #MR-10 Chrome Meteoric Rise,Dylan Crews [Blue Mega] #MR-10 2025 Bowman Chrome Meteoric Rise
27,,,27 Best Dylan Crews Refractor ( ),2025 Bowman's Best - Dylan Crews #27 Refractor (RC)
,,,Dylan Crews LOT (2) PSA 10 | 2024 Mega Auto + Chrome Fortune 15,Dylan Crews LOT (2) PSA 10 | 2024 Bowman Mega Auto + 2025 Chrome Fortune 15 RC
,,,Chrome Wave Dylan Crews /100 PSA 10,2025 Bowman Chrome Wave Dylan Crews /100 PSA 10
CRA-DC,,,CRA-DC Chrome Dylan Crews Auto Rookie # PSA 9 MINT,Dylan Crews 2025 Bowman Chrome Auto Rookie RC #CRA-DC PSA 9 MINT Nationals
,,,Chrome Max Volume Dylan Crews #MV-9,2025 Bowman Chrome Max Volume Dylan Crews #MV-9 Nationals
27,,,27 /299 Dylan Crews Best Mini Diamond,Dylan Crews Rookie Card RC 2025 Bowman's Best Mini Diamond /299 #27
27,,,27 /199 Best Dylan Crews Rookie Aqua Refractor First On Print,2025 Bowman's Best Dylan Crews Rookie RC #27 Aqua Refractor 1/199 First On Print
,,,Best Dylan Crews Best-Tek Acetate SP Blue /75,2025 Bowman's Best Dylan Crews RC Best-Tek Acetate SP Blue /75 Nationals
,,,Bowmanâs Best Dylan Crews (25) Lot:/50-/75-Circuitry-Refractor,2025 Bowmanâs Best Nationals Dylan Crews (25) RC Lot:/50-/75-Circuitry-Refractor
,,,Chrome Dylan Crews Color Run Variation /25 PSA 10 Gem Mint Pop 1,2025 Bowman Chrome Dylan Crews Color Run Variation RC /25 PSA 10 Gem Mint Pop 1!
BP-47,,,BP-47 Paper Dylan Fien 5 Card Lot,2025 Bowman Prospect Paper Dylan Fien Athletics #BP-47 5 Card Lot
,,,Dylan Fien True Orange Refractor Auto /25 PSA 9 A's,2025 Bowman Dylan Fien 1st Prospect True Orange Refractor Auto /25 PSA 9 A's
,,,Chrome Dylan Fien Orange Reptilian Refractor Auto /25 PSA 9,2025 Bowman Chrome Dylan Fien 1st Orange Reptilian Refractor Auto /25 PSA 9
,,,Dylan Fien Chrome ROSE GOLD SSP /15 PSA 10 Pop 1 Aâs,Dylan Fien 2025 Bowman Chrome 1st Bowman ROSE GOLD SSP /15 PSA 10 Pop 1! Aâs
BCP-47,,,BCP-47 /199 Dylan Fien Fuchsia Reptilian Refractor PSA 9,2025 Bowman - Dylan Fien #BCP-47 Fuchsia Reptilian Refractor /199 PSA 9
,,,Draft Gavin Fien Dylan Fien Autos DYLAN FIEN /99,2025 Bowman Draft Gavin Fien Dylan Fien 1st Bowman Autos DYLAN FIEN /99
BP-47,,,BP-47 Dylan Fien (25) Card Lot Aâs,2025 Bowman Dylan Fien (25) Card 1st Bowman Lot Aâs #BP-47
,,,CHROME DYLAN FIEN AUTOS REFRACTOR #CPADF /499 A's PSA 10 POP 3,2025 BOWMAN CHROME DYLAN FIEN AUTOS REFRACTOR #CPADF /499 A's PSA 10 POP 3
,,,Bowmans Best Edgar Quero Rookie AUTO,2025 Bowmans Best Edgar Quero RC Rookie AUTO Chicago White Sox
,,,Edgar Quero Best Edgar Quero Best of Black Auto #/10,Edgar Quero 2025 Bowman's Best Edgar Quero Best of 2025 Black Auto #/10
,,,EDGAR QUERO BEST ROOKIE AUTOGRAPH REFRACTOR AUTO,EDGAR QUERO 2025 BOWMAN'S BEST ROOKIE AUTOGRAPH REFRACTOR RC AUTO
,,,Best Autograph Rookie Edgar Quero 003/150 & Charles McAdoo,2025 Bowman's Best Autograph Rookie Edgar Quero 003/150 & Charles McAdoo
,,,Edgar Quero Rookie Auto Orange X-Fractor /25 Best #B25-EQ,Edgar Quero Rookie Auto Orange X-Fractor /25 - 2025 Bowman's Best #B25-EQ
,,,"Best Edgar Quero #B25-EQ Gold Refractor /50 (AU, )","2025 Bowman's Best - Edgar Quero #B25-EQ Gold Refractor /50 (AU, RC)"
,,,Bowmans Best Edgar Quero Rookie AUTO (read),2025 Bowmans Best Edgar Quero RC Rookie AUTO Chicago White Sox (read)
,,,"Best Best of Autographs Edgar Quero #B25-EQ (AU, )","2025 Bowman's Best - Best of 2025 Autographs Edgar Quero #B25-EQ (AU, RC)"
,,,Edgar Quero Best Best of Autograph Rookie Green /99,Edgar Quero 2025 Bowman's Best Best of 2025 Autograph Rookie Green /99 White Sox
BP-80,,,BP-80 Edgleen Perez Paper Lot Of 10 NY Yankeesð¥ð¥,2025 Bowman Edgleen Perez 1st Paper Prospects Lot Of 10 BP-80 NY Yankeesð¥ð¥
,,,ð¥ Chrome Aqua X-Fractor Serial 108/125 Edgleen Perez Psa 9,ð¥2025 Bowman Chrome Prospect Aqua X-Fractor Serial 108/125 Edgleen Perez Psa 9
,,,Best Top Eduardo Quintero Aqua Refractor /199 LA â ̈,2025 Bowman's Best Top Prospects Eduardo Quintero RC Aqua Refractor /199 LA â¨
,,,Draft Eduardo Quintero #AA-EQ Achromatic Gold Refractor Auto 42/50,2025 Bowman Draft Eduardo Quintero #AA-EQ Achromatic Gold Refractor Auto 42/50
,,,AUTO EDUARDO QUINTERO PURPLE CGC 8.5,2025 BOWMAN PROSPECTS AUTO EDUARDO QUINTERO PURPLE CGC 8.5
,,,Chrome Eduardo Quintero Choice Mojo Refractor Auto /150 PSA 9,2025 Bowman Chrome Eduardo Quintero Choice Mojo Refractor Auto /150 PSA 9
,,,Eduardo Quintero Chrome Orange Shimmer /25 PSA 9,2025 Bowman Eduardo Quintero 1st Bowman Chrome Orange Shimmer /25 PSA 9! Dodgers
,,,Eduardo Quintero Draft In Action Mini-Diamond Refractor LA,Eduardo Quintero 2025 Bowman Draft In Action Mini-Diamond Refractor LA Dodgers
,,,Sapphire Eduardo Quintero Chrome Gold /50 PSA 9,2025 Bowman Sapphire Eduardo Quintero Chrome Gold /50 Dodgers PSA 9
CPA-EQ,,,CPA-EQ Chrome /499 Auto Eduardo Quintero # Refractor PSA 10,2025 Bowman Chrome 1st Auto Eduardo Quintero #CPA-EQ Refractor /499 PSA 10
,,,Chrome Eduardo Quintero AUTO #CPAEQ Refractor /499 PSA 10,2025 Bowman Chrome 1st Bowman Eduardo Quintero AUTO #CPAEQ Refractor /499 PSA 10
,,,Eduardo Quintero Chrome Auto HTA Refractor #/150 PSA 9,2025 Bowman Eduardo Quintero Chrome Prospect Auto HTA Refractor #/150 PSA 9
,,,Best Eduardo Quintero Auto Orange Refractor 18/25,2025 Bowman's Best Eduardo Quintero Auto Orange Refractor 18/25 Dodgers
,,,Eduardo Quintero Green Lava Auto 62/99 PSA 8,2025 Bowman Eduardo Quintero 1st Green Lava Auto 62/99 PSA 8
,,,Best Top Eduardo Quintero #TP-29 Yellow Lazer...,2025 Bowman's Best - Top Prospects Eduardo Quintero #TP-29 Yellow Lazer...
BCP-115,,,BCP-115 Chrome /25 Eduardo Quintero Orange Geometric PSA 10,Eduardo Quintero 2025 Bowman Chrome Orange Geometric /25 PSA 10 #BCP-115
,,,Draft Eduardo Quintero Paper Gold /50,2025 Bowman Draft Eduardo Quintero Paper Gold /50
,,,Elly De La Cruz Chrome #89 Aqua Geometric Refractor /125 PSA 9 Mint,Elly De La Cruz 2025 Bowman Chrome #89 Aqua Geometric Refractor /125 PSA 9 Mint
37,,,37 /99 Elly De La Cruz Best Green Refractor,Elly De La Cruz  2025 Bowman's Best - Green Refractor 82/99 - #37 Reds
37,,,37 Elly De La Cruz Best Cincinatti,Elly De La Cruz 2025 Bowman's Best #37 Cincinatti Reds
,,,Elly De La Cruz Lot (12) Bowmanâs Best â Gold Refractor/75 & Inserts â,Elly De La Cruz Lot (12) 2025 Bowmanâs Best â Gold Refractor/75 & Inserts â Reds
,,,Elly De La Cruz Best Pixel Portraits #P-10,Elly De La Cruz 2025 Bowman's Best Pixel Portraits #P-10 Reds
37,,,37 /50 Best Elly De La Cruz Gold Lava Refractor,2025 Bowman's Best # 37 Elly De La Cruz Reds RC Gold Lava Refractor /50
,,,You Pick (1-100) Buy 5 Get 7 Free,2025 Bowman Baseball You Pick! (1-100) Buy 5 Get 7 Free!!!
,,,Elly De la Cruz Chrome Blue Refractor /150 PSA 9 Total Pop 4,Elly De la Cruz 2025 Bowman Chrome Blue Refractor  /150   PSA 9  Total Pop 4 !
,,,Best Elly De La Cruz Circuitry Lava Refractor #/50,2025 Bowman's Best Elly De La Cruz Circuitry Lava Refractor #/50 Reds
,,,Best Elly De La Cruz Mini Diamond Refractor #C-10 Circuitry SP,2025 Bowman's Best Elly De La Cruz Mini Diamond Refractor #C-10 Circuitry SP
44,,,44 Elly de La Cruz Gem Mint 10 Rookie,2025 Bowman Elly de La Cruz #44 Gem Mint 10 Cincinnati Reds Rookie
,,,Chrome Elly De La Cruz #89 Green/Green Wave (Lot Of 2),2025 Bowman Chrome - Elly De La Cruz #89 Green/Green Wave (Lot Of 2)
,,,Best Elly De La Cruz #P-10 PIXEL PORTRAITS SP,2025 Bowman's Best - Elly De La Cruz #P-10 PIXEL PORTRAITS - SP
,,,Best Elly De La Cruz Blue Xfractor /150,2025 Bowman's Best Elly De La Cruz Blue Xfractor /150
BA-18,,,BA-18 Chrome Ascensions Elly De La Cruz Mojo Refractor,2025 Bowman Chrome - Bowman Ascensions Elly De La Cruz #BA-18 Mojo Refractor
37,,,37 Best Elly De La Cruz Refractor,2025 Bowman's Best #37 Elly De La Cruz Refractor
,,,Best Circuitry Elly De La Cruz #C-10,2025 Bowman's Best - Circuitry Elly De La Cruz #C-10
37,,,37 Elly De La Cruz Best Refractors SP,Elly De La Cruz 2025 Bowman's Best RC Refractors SP #37
37,,,37 Elly De La Cruz Best Refractors SP,Elly De La Cruz 2025 Bowman's Best RC Refractors SP #37
,,,Elly De La Cruz Best Circuitry SP #C-10,Elly De La Cruz 2025 Bowman's Best Circuitry SP #C-10
,,,Chrome Sapphire Elly De La Cruz #89 Yellow /75 PSA 9,2025 Bowman Chrome Sapphire Edition - Elly De La Cruz #89 Yellow /75 PSA 9
,,,ELLY DE LA CRUZ BEST WAVE REFRACTOR,ELLY DE LA CRUZ 2025 BOWMAN'S BEST WAVE REFRACTOR REDS
,,,CHROME ELLY DE LA CRUZ /100 WAVE REFRACTOR PSA 10 *POP 1*,2025 BOWMAN CHROME ELLY DE LA CRUZ /100 WAVE REFRACTOR PSA 10 *POP 1* REDS
,,,Chrome ELLY DE LA CRUZ Meteoric Rise Purple MOJO REFRACTOR SP /250,2025 Bowman Chrome ELLY DE LA CRUZ Meteoric Rise Purple MOJO REFRACTOR SP /250
,,,Best Circuitry Elly De La Cruz #C-10 Mini-Diamond Refractor,2025 Bowman's Best - Circuitry Elly De La Cruz #C-10 Mini-Diamond Refractor
37,,,37 /350 Best Elly De La Cruz Lazer Refractor,2025 Bowman's Best - Elly De La Cruz #37 Lazer Refractor /350
,,,Best Elly De La Cruz Strokes of Gold SSP,2025 Bowman's Best Elly De La Cruz Strokes of Gold SSP Cincinnati Reds
,,,Elvin Garcia Chrome Orange Wave Auto /25 PSA 9,Elvin Garcia 2025 Bowman Chrome Prospects Orange Wave Auto /25 PSA 9 Orioles 1st
,,,Draft Chrome Elvin Garcia Base Auto,2025 Bowman Draft Chrome Elvin Garcia 1st Bowman Base Auto Baltimore Orioles
,,,Chrome Elvin Garcia Auto Refractor 439/499 (PSA-10),2025 Bowman Chrome - Elvin Garcia 1st Auto Refractor 439/499 (PSA-10)
,,,Elvin Garcia Black Geometric Refractor 10/10 PSA 10 GEM,Elvin Garcia 2025 Bowman 1st Black Geometric Refractor 10/10 Orioles PSA 10 GEM
CPA-EG,,,CPA-EG Chrome Draft Elvin Garcia Auto,2025 Bowman Draft Chrome Elvin Garcia 1st Bowman Auto Baltimore Orioles CPA-EG
,,,Chrome Autographs Elvin Garcia #CPAEG PSA 10,2025 Bowman Chrome Prospect Autographs Elvin Garcia #CPAEG PSA 10
,,,"Emil Morales Chrome YELLOW, GREEN, FUSCHIA, PURPLE LOT LA","Emil Morales 2025 Bowman Chrome YELLOW, GREEN, FUSCHIA, PURPLE LOT!! LA Dodgers"
,,,Chrome Emil Morales Auto #/199 Mega Box Purple Mojo Refractor CGC 9,2025 Bowman Chrome Emil Morales Auto #/199 Mega Box Purple Mojo Refractor CGC 9
,,,x100 Emil Morales 2024 Draft #113 lot,x100 Emil Morales 2024 Bowman Draft #113 Rookie Card RC lot Los Angeles Dodgers!
,,,Chrome Mega Box- Emil Morales #BMA-EM Auto ( ) PSA 10,2025 Bowman Chrome Mega Box- Emil Morales #BMA-EM Prospects Auto (Rc) PSA 10
,,,Chrome Emil Morales Auto True Green Refractor /99 PSA 9,2025 Bowman Chrome Emil Morales Auto True Green Refractor /99 Dodgers PSA 9
BCP-127,,,BCP-127 Chrome Emil Morales Mini Diamond PSA 10 Pop 1,2025 Bowman Chrome Emil Morales Mini Diamond BCP-127 Dodgers PSA 10 Pop 1
,,,EMIL MORALES Blue Geometric Refractor /150 PSA 10 GEM MINT POP 2,2025 Bowman EMIL MORALES Blue Geometric Refractor /150 - PSA 10 GEM MINT - POP 2
,,,EMIL MORALES Chrome Speckle Refractor Auto 11/299 PSA 10,EMIL MORALES 2025 Bowman Chrome Speckle Refractor Auto 11/299 Dodgers PSA 10
,,,Best #B25-ÃP Ãmilien Pitre Best of Autographs Blue /150,2025 Bowman's Best #B25-ÃP Ãmilien Pitre Best of 2025 Autographs Blue /150
,,,Best Autograph Ãmilien Pitre #B25-ÃP,Topps 2025 Bowman's Best Autograph Ãmilien Pitre #B25-ÃP Rays
,,,Best #B25-ÃP Ãmilien Pitre Best of Autographs,2025 Bowman's Best #B25-ÃP Ãmilien Pitre Best of 2025 Autographs
,,,Best Best of Auto Emilien Pitre #B25-EP Black X-Fractor,2025 Bowman's Best - Best of 2025 Auto Emilien Pitre #B25-EP Black X-Fractor
,,,Best #B25-ÃP Ãmilien Pitre Best of Auto Green #/99,2025 Bowman's Best #B25-ÃP Ãmilien Pitre Best of 2025 Auto Green #/99
,,,Best #B25-ÃP Ãmilien Pitre Best of Auto,2025 Bowman's Best #B25-ÃP Ãmilien Pitre Best of Auto Rays
,,,Best Ãmilien Pitre Best of Autographs Green Refractors #/99,2025 Bowman's Best Ãmilien Pitre Best of 2025 Autographs Green Refractors #/99
,,,Ãmilien Pitre Best Best of Autograph #B25-ÃP,Ãmilien Pitre 2025 Bowman's Best Best of 2025 Autograph Rays #B25-ÃP Topps
,,,Best #B25-ÃP Ãmilien Pitre Best of Autograph,2025 Bowman's Best #B25-ÃP Ãmilien Pitre Best of 2025 Autograph
,,,Emilien Pitre Bowmans Best Orange Chrome Refractor Auto #B25-EP #5/25,Emilien Pitre 2025 Bowmans Best Orange Chrome Refractor Auto #B25-EP #5/25 RAYS
,,,Best Ãmilien Pitre #B25-ÃP Best of Auto Refractor,2025 Topps Bowman's Best Ãmilien Pitre #B25-ÃP Rays Best of 2025 Auto Refractor
,,,Best Ãmilien Pitre #B25-ÃP Autograph 1/5,2025 Topps Bowman's Best Ãmilien Pitre #B25-ÃP Autograph Tampa Bay Rays 1/5
,,,Best Rookie Auto #1 /99 Ãmilien Pitre ð¥First Printð¥,Topps Bowman's Best 2025 Rookie Auto #1 /99 Ãmilien Pitre Rays ð¥First Printð¥
15,,,15 EMMANUEL CLASE (10) Card Lot Base B153,EMMANUEL CLASE (10) #15 Card Lot 2025 Topps Bowman Base Guardians B153
,,,You Pick (1-100) Buy 5 Get 7 Free,2025 Bowman Baseball You Pick! (1-100) Buy 5 Get 7 Free!!!
1,,,1 SINGLES & ROOKIE CARDS THRU 00***YOU PICK***,2025 BOWMAN SINGLES & ROOKIE CARDS  #1 THRU #100***YOU PICK***
15,,,15 (5) Paper Base card Lot Emmanuel Clase,2025 Bowman (5) Paper Base card Lot #15 Emmanuel Clase Guardians
,,,1-100 Complete Your Set Singles,2025 Bowman 1-100 Complete Your Set Singles
,,,"Lot (70) w/ Refractor Parallels, Rookie Cards , +","Minnesota Twins Lot (70) w/ Refractor Parallels, Rookie Cards RC, Prospects +"
BTP-26,,,BTP-26 Chrome /25 Emmanuel Rodriguez Scouts Top 100 Orange -- PSA 9,2025 Bowman Chrome #BTP-26 Emmanuel Rodriguez Scouts Top 100 Orange /25 -- PSA 9
,,,Top 100 Inserts (You Pick),2025 Bowman Baseball - Top 100 Prospects Inserts (You Pick)
,,,Emmanuel Rodriguez Orange /25 * 2021 Draft #BD55 * PSA 9 LOW POP *,Emmanuel Rodriguez Orange /25 * 2021 Bowman Draft #BD55  * PSA 9 LOW POP * Twins
,,,Emmanuel Rodriguez Green /99 2021 Draft #BD55 * PSA 9 L,Emmanuel Rodriguez Green /99 2021 Bowman Draft #BD55  * PSA 9 L
55,,,55 x100 EMMANUEL RODRIGUEZ 2021 Draft lot/set Minnesota,x100 EMMANUEL RODRIGUEZ 2021 Bowman Draft #55 Rookie Card RC lot/set Minnesota!!
,,,SCOUTS' TOP 100 INSERT-YOU PICK,2025 Bowman Baseball SCOUTS' TOP 100 INSERT-YOU PICK
,,,Bowmans Best Engelth Urena 68/75 Autograph Purple B25-EU,2025 Bowmans Best Engelth Urena 68/75 Autograph Purple B25-EU Yankees
BP-16,,,BP-16 Engelth Urena Paper Lot Of 10 NY Yankeesð¥ð¥,2025 Bowman Engelth Urena 1st Paper Prospects Lot Of 10 BP-16 NY Yankeesð¥ð¥
,,,Best Engelth Urena Best of 25 15/15 Auto Bookend,2025 Bowman's Best Engelth Urena Best of 25 15/15 Auto Bookend
,,,Best #B25-EU Engelth Urena Auto Green Refractor #/99,2025 Bowman's Best #B25-EU Engelth Urena Auto Green Refractor #/99 Yankees
,,,Best Of Auto Green Refractor /99 Engelth Urena NYY,2025 Bowman's Best Of 2025 Auto Green Refractor /99 - Engelth Urena NYY
BP-16,,,BP-16 Engelth Urena (25) Card Lot,2025 Bowman Engelth Urena (25) Card 1st Bowman Lot Yankees #BP-16
,,,Best Engelth Urena Aqua Refractor Auto #âd /15,2025 Bowman's Best Engelth Urena Aqua Refractor Auto #âd /15 New York Yankees
,,,SAPPHIRE ENGELTH URENA AUTO BLACK AUTOGRAPH # 3/10 MINT PSA 9,2025 BOWMAN SAPPHIRE ENGELTH URENA RC AUTO BLACK AUTOGRAPH # 3/10 MINT PSA 9
,,,ENGELTH URENA CHROME PEARL REFRACTOR AUTO /10 #CPAEU PSA 10 RARE,ENGELTH URENA 2025 BOWMAN 1ST CHROME PEARL REFRACTOR AUTO /10 #CPAEU PSA 10 RARE
,,,Best Engelth Urena Best of Autographs Orange X-Fractor 09/25,2025 Bowman's Best Engelth Urena Best of 2025 Autographs Orange X-Fractor 09/25
,,,Esmith Pineda Chrome Gold Shimmer /50 PSA 10 POP 1,Esmith Pineda 2025 Bowman Chrome Gold Shimmer /50 1st Bowman PSA 10 POP 1!
BP-70,,,BP-70 Paper Esteban Gonzalez 5 Card Lot,2025 Bowman Prospect Paper Esteban Gonzalez  #BP-70 5 Card Lot
CPA-EGO,,,CPA-EGO /25 Esteban Gonzalez 9 Card Rainbow Auto Lot-Base to Orange #,2025 Bowman Esteban Gonzalez 9 Card Rainbow Auto Lot-Base to Orange /25 #CPA-EGO
,,,Chrome Esteban Gonzalez Lot of 14,2025 Bowman Chrome Esteban Gonzalez 1st Prospect Guardians Lot of 14
BCP-70,,,BCP-70 Chrome Esteban Gonzalez Lot x9,2025 Bowman Esteban Gonzalez 1st Chrome Lot x9 Guardians BCP-70
,,,Draft Chrome Blue Refractor Esteban Gonzalez Auto 120/150,2025 Bowman Draft Chrome 1st Blue Refractor Esteban Gonzalez Auto 120/150
BP-70,,,BP-70 Esteban Gonzalez (25) Card Lot,2025 Bowman Esteban Gonzalez (25) Card 1st Bowman Lot Guardians #BP-70
,,,Chrome Esteban Gonzalez Orange Shimmer /25 Autograph PSA 9,Bowman Chrome Esteban Gonzalez Orange Shimmer /25 Autograph PSA 9
BP-9,,,BP-9 Esteban Mejia Paper Lot Of 10 Texas Rangersð¥ð¥,2025 Bowman Esteban Mejia 1st Paper Prospects Lot Of 10 BP-9 Texas Rangersð¥ð¥
,,,Best Andrew Salas Ethan Salas Family Tree Dual Auto /25,2025 Bowman Bowman's Best Andrew Salas Ethan Salas Family Tree Dual Auto /25
,,,Ethan Salas Rookie 4 Card Lot SN /50 Auto PSA Sunflower 2024,Ethan Salas Rookie 4 Card Lot SN /50 Auto PSA Sunflower 2024 Bowman RC Padres
,,,Chrome Ethan Salas International Refractor Variant PSA 10,2025 Bowman Chrome - Ethan Salas International Refractor Variant PSA 10
39,,,39 Paper Eury PÃ©rez 5 Card Lot,2025 Bowman Paper Eury PÃ©rez Miami Marlins #39  5 Card Lot
1,,,1 Paper 's & Vets -100: You Pick- Complete Your Set,2025 Bowman Baseball Paper RC's & Vets #1-100: You Pick- Complete Your Set
,,,Base **Buy 1 Get 8 More FREE** You Pick Complete Your Set,2025 Bowman Base **Buy 1 Get 8 More FREE** You Pick - Complete Your Set
39,,,39 (5) Paper Base card Lot Eury PÃ©rez,2025 Bowman (5) Paper Base card Lot #39 Eury PÃ©rez Marlins
,,,"Paper Pick Your Card, BUY 2+ SHIPS FREE Updated 3/31","2025 Bowman Paper! Pick Your Card, BUY 2+ SHIPS FREE! Updated 3/31!"
,,,Base cards Pick your Card Complete your Set BOGO,2025 Bowman Base cards Pick your Card Complete your Set BOGO
,,,Complete Your Set,2025 Bowman BaseBall Complete Your Set
,,,"Pick Your Paper Vets, Rookies & Buy More & Save","2025 Bowman Pick Your Paper Vets, Rookies & Prospects - Buy More & Save"
,,,Complete Your Set You Pick Card,2025 Bowman Baseball Complete Your Set You Pick Card
,,,"Walcott, Jung, Carter, Langford 'S, Lot (60) Parrallel, Inserts","Walcott, Jung, Carter, Langford RC'S, Texas Rangers Lot (60) Parrallel, Inserts"
,,,Chrome Mojo Refractors You Pick Free Ship W/10 Card Purchase,2025 Bowman Chrome - Mojo Refractors - You Pick - Free Ship W/10 Card Purchase
,,,Chrome Chrome Base & Vets You Pick Set Builder,2025 Bowman Chrome - Chrome Base RC &  Vets - You Pick - Set Builder
,,,Chrome - You Pick Set Builder,2025 Bowman Chrome - Prospects - You Pick - Set Builder
,,,"Heritage Chrome/Refractors/Stock Rookies, Vets, & Inserts You Pick List","2025 Heritage Chrome/Refractors/Stock Rookies, Vets, & Inserts You Pick List"
,,,Chrome EVAN CARTER 33-card ROOKIE lot w/ X-Fractor,Bowman Chrome Topps EVAN CARTER Texas Rangers 33-card ROOKIE lot w/ X-Fractor!
,,,â3⁄4 20 + different EVAN CARTER cards lot 20 2020 w S/N,â¾ 20 + different EVAN CARTER cards lot 20 RC 2020 - 2025 baseball Rangers w S/N
,,,"/ -Variations And , Yamamoto , Ohtani, Etc-You Pick New Low Price","Topps/Bowman-Variations And RC, Yamamoto RC, Ohtani, Etc-You Pick!New Low Price!"
,,,SEAGER RYAN WYATT & other STARS pick your card ROOKIES/PARALLELS,SEAGER RYAN WYATT & other RANGERS STARS - pick your card - ROOKIES/PARALLELS
,,,2024-25 Chrome University BLACK WAVE REFRACTORS You Pick READ,2024-25 Bowman Chrome University BLACK WAVE REFRACTORS You Pick - READ
,,,2024-25 Chrome University Basketball X-FRACTOR REFRACTORS You Pick,2024-25 Bowman Chrome University Basketball X-FRACTOR REFRACTORS You Pick
,,,2024-25 Chrome U Basketball GREEN SHIMMER REFRACTORS You Pick READ,2024-25 Bowman Chrome U Basketball GREEN SHIMMER REFRACTORS You Pick - READ
,,,2024-25 Chrome University Basketball REFRACTORS You Pick 2 Card Minimum,2024-25 Bowman Chrome University Basketball REFRACTORS You Pick - 2 Card Minimum
,,,47x 2023- 47 Card Team Lot (Rookie Autograph Included),47x Topps 2023-2025 47 Card Texas Rangers Team Lot (Rookie Autograph Included)
1,,,1 Base Paper Rookie and Vet Cards -100 ~ Multi Card Discount Lots,2025 Bowman Base Paper Rookie RC and Vet Cards #1-100 ~ Multi Card Discount Lots
,,,Chrome 2-Card Lot Ezequiel Tovar Aqua RayWave /199 Refractor /499,2025 Bowman Chrome 2-Card Lot Ezequiel Tovar Aqua RayWave /199 Refractor /499
,,,You Pick (1-100) Buy 5 Get 7 Free,2025 Bowman Baseball You Pick! (1-100) Buy 5 Get 7 Free!!!
,,,Chrome Ezequiel Tovar #87 Graded CGC10 numbered 279/399,2025 Bowman Chrome - Ezequiel Tovar #87 Graded CGC10 numbered 279/399
,,,PSA 9 AUTO 10 FABIAN LOPEZ CHROME ORANGE AUTO /25,PSA 9 AUTO 10 FABIAN LOPEZ 2025 BOWMAN CHROME 1ST ORANGE  AUTO /25
,,,Draft Chrome Felnin Celesten Sky Blue Refractor #BDC-103,2025 Bowman Draft Chrome Felnin Celesten Sky Blue Refractor #BDC-103 Seattle
,,,Draft Felnin Celesten #BDC-103 Green Geometric Refractor /99,2025 Bowman Draft Felnin Celesten #BDC-103 Green Geometric Refractor /99
,,,Draft Felnin Celesten Draft BD-103 #/150,2025 Bowman Draft Felnin Celesten Draft Prospects BD-103 #/150 Mariners
,,,"Felnin Celesten Lot (10) Draft â Sapphire, Chrome & Refractors","Felnin Celesten Lot (10) 2025 Bowman Draft â Sapphire, Chrome & Refractors"
,,,Draft Felnin Celesten Blue Paper /150,2025 Bowman Draft Felnin Celesten Blue Paper /150
,,,FELNIN CELESTEN DRAFT #BD-103,FELNIN CELESTEN  MARINERS 2025 BOWMAN DRAFT #BD-103
,,,Draft Felnin Celesten BD-103 Lot of 10,2025 Bowman Draft Felnin Celesten Seattle Mariners BD-103 Prospect Lot of 10
,,,FELNIN CELESTEN - Chrome Mojo Purple Auto PSA Mint 9,FELNIN CELESTEN - Mariners - 2025 Bowman Chrome Mojo Purple Auto - PSA Mint 9
,,,Draft Blue Felnin Celesten BD-103 Rookie /150,Topps Bowman Draft Blue Felnin Celesten BD-103 Rookie Seattle Mariners /150 2025
,,,Felnin Celesten Draft Chrome Yellow Geometric Ref /75,Felnin Celesten - 2025 Bowman Draft Chrome - Yellow Geometric Ref /75 - Mariners
,,,Draft #BDC-103 Felnin Celesten Chrome Laser Refractor,2025 Bowman Draft #BDC-103 Felnin Celesten Chrome Laser Refractor
,,,Draft #BDC-103 Felnin Celesten Chrome (QH7),2025 Bowman Draft #BDC-103 Felnin Celesten Chrome (QH7)
,,,Draft #BDC-103 Felnin Celesten Chrome Purple Refractor #/250,2025 Bowman Draft #BDC-103 Felnin Celesten Chrome Purple Refractor #/250
,,,Draft Chrome Felnin Celesten #BDC-103 ( ) Raw Auto No COA,2025 Bowman Draft - Chrome Felnin Celesten #BDC-103 (RC) - Raw Auto No COA
,,,Felnin Celesten #116/199 FUCHSIA REPTILIAN Draft BDC-103,Felnin Celesten - #116/199 - FUCHSIA REPTILIAN - 2025 Bowman Draft - BDC-103
,,,Felnin Celesten Draft Chrome Fuchsia Reptilian 188/199,Felnin Celesten 2025 Bowman Draft Chrome Fuchsia Reptilian 188/199
,,,Draft Rare Peanuts Felnin Celesten BDC-103,2025 Bowman Draft Rare Peanuts Felnin Celesten Mariners BDC-103
,,,Draft Felnin Celesten Green Grass 99/99 Book end & Sky blue NNP,2025 Bowman Draft Felnin Celesten  Green Grass 99/99 Book end & Sky blue NNP
,,,Draft Felnin Celesten (20) Card Lot #BD-103,2025 Bowman Draft Felnin Celesten (20) Card Prospects Lot Mariners #BD-103
,,,Draft #BDC-103 Felnin Celesten Chrome Fuchsia Reptilian Ref #/199,2025 Bowman Draft #BDC-103 Felnin Celesten Chrome Fuchsia Reptilian Ref #/199
,,,Draft Felnin Celesten Chrome Red Refractor #/5,2025 Bowman Draft Felnin Celesten Chrome Red Refractor #/5 Mariners
,,,Draft Felnin Celesten Chrome Logofractor #/35,2025 Bowman Draft Felnin Celesten Chrome Logofractor #/35 Mariners
,,,Mega Box Felnin Celesten Auto Psa 10,2025 Bowman Mega Box Felnin Celesten Auto Psa 10 Mariners Prospect
,,,Draft Chrome Felnin Celesten Yellow Reptilian Refractor /75,2025 Bowman Draft - Chrome Felnin Celesten Yellow Reptilian Refractor /75
,,,Draft Felnin Celesten #BD-103 Sky Blue /499 ( ),2025 Bowman Draft - Felnin Celesten #BD-103 Sky Blue /499 (RC)
,,,Draft FELNIN CELESTEN Chrome Refractor #BDC-103,2025 Bowman Draft Prospect  FELNIN CELESTEN  Chrome Refractor  #BDC-103
,,,Felnin Celesten Gold Sapphire /50 PSA 9 Pop 2 No â Draft,Felnin Celesten Gold Sapphire /50 PSA 9 Pop 2 No â 2025 Bowman Draft Mariners
,,,Draft Chrome Felnin Celesten Refractor #BDC-103,2025 Bowman Draft Chrome Felnin Celesten Refractor #BDC-103
,,,Draft Chrome Felnin Celesten #BDC-103 Lazer Refractor,2025 Bowman Draft Chrome Felnin Celesten #BDC-103 Lazer Refractor
BCP-110,,,BCP-110 Chrome /25 Fernando Cruz Orange Geometric PSA 10,2025 Bowman Chrome Prospects Fernando Cruz BCP-110 Orange Geometric /25 PSA 10
BCP-110,,,BCP-110 Chrome /299 Fernando Cruz Speckle Refractor PSA 8,Fernando Cruz 2025 Bowman Chrome #BCP-110 Speckle Prospect Refractor /299 PSA 8
,,,(1-150) You Pick Buy 5 Get 7 Free,2025 Bowman Baseball Prospects (1-150) You Pick! Buy 5 Get 7 Free!!!
BCP-110,,,BCP-110 Chrome Reptilian Refractor Fernando Cruz 24 Card Lot,2025 Bowman Chrome  Reptilian Refractor Fernando Cruz #BCP-110 Cubs 24 Card Lot
1,,,1 Paper -150: You Pick- Complete Your Set,2025 Bowman Baseball Paper Prospects #1-150: You Pick- Complete Your Set
BCP-110,,,BCP-110 Chrome Fernando Cruz ( ) IP Autograph Lot Of 2,2025 Bowman - Chrome Prospects Fernando Cruz #BCP-110 (RC) IP Autograph Lot Of 2
BP-110,,,BP-110 Fernando Cruz Paper Retro Logo Foil PSA 10,2025 Bowman Fernando Cruz #BP-110 Paper Prospects Retro Logo Foil PSA 10
23,,,23 Fernando Tatis Jr. GMG Graded 10 Gem Mint ð,2025 Bowman Fernando Tatis Jr. GMG Graded 10 Gem Mint ð #23 Padres
54,,,54 /99 ð¥ FERNANDO TATIS JR ð¥ Best Green Refractor,ð¥ FERNANDO TATIS JR /99 ð¥ 2025 Bowman's Best  #54 Green Refractor - PADRES
,,,Fernando Tatis Jr. Chrome Refractor Best Card #54,Fernando Tatis Jr. Chrome Refractor 2025 Bowman's Best Card #54 San Diego Padres
,,,ð¥Fernando Tatis Jr. Chrome Adios #AD-7,ð¥Fernando Tatis Jr. 2025 Bowman Chrome Adios #AD-7 Padres
,,,Best Fernando Tatis Jr. Black Refractor #/10,2025 Bowman's Best Fernando Tatis Jr. Black Refractor #/10 Padres
,,,Best Fernando Tatis Jr. Yellow Refractor /75 Color Match,2025 Bowman's Best Fernando Tatis Jr. Yellow Refractor /75 Color Match Padres
54,,,54 Best Fernando Tatis Jr. Refractor,2025 Bowman's Best Fernando Tatis Jr. Refractor #54 Padres
,,,Chrome Fernando Tatis Jr. Garbage Pail Kids GPK-37 Fernan-Doo Tatis,2025 Bowman Chrome Fernando Tatis Jr. Garbage Pail Kids GPK-37 Fernan-Doo Tatis
54,,,54 /250 Best Fernando Tatis Jr Purple Lazer SN,2025 Topps Bowman's Best Fernando Tatis Jr #54 Purple Lazer SN /250 Padres
,,,Fernando Tatis Jr. Best #C-22 Circuitry FREE SHIP,Fernando Tatis Jr. 2025 Bowman's Best #C-22 Circuitry San Diego Padres FREE SHIP
54,,,54 Fernando Tatis Jr. Best FREE,Fernando Tatis Jr. 2025 Bowman's Best #54 San Diego Padres FREE SHIPPING
,,,You Pick (1-100) Buy 5 Get 7 Free,2025 Bowman Baseball You Pick! (1-100) Buy 5 Get 7 Free!!!
54,,,54 Fernando Tatis Jr. Best REFRACTOR FREE SHIP,Fernando Tatis Jr. 2025 Bowman's Best REFRACTOR #54 San Diego Padres FREE SHIP
54,,,54 Best Refractors Fernando Tatis Jr.,2025 Bowman's Best Refractors BASEBALL #54 Fernando Tatis Jr.
,,,Best #C-22 Fernando Tatis Jr. Circuitry,2025 Bowman's Best #C-22 Fernando Tatis Jr. Circuitry
54,,,54 /350 Best Fernando Tatis Jr Lazer Refractor SP,2025 Bowman's Best #54 - Fernando Tatis Jr - Lazer Refractor SP 88/350 - Padres
,,,Fernando Tatis Jr. Graded 10 Gem Mint,2025 Bowman Fernando Tatis Jr. Graded 10 Gem Mint Padres
,,,Bowmanâs Best Fernando Tatis Jr Manny Machado Lot ð¥,2025 Bowmanâs Best Fernando Tatis Jr Manny Machado Padres Lot ð¥
,,,FERNANDO TATIS JR. BEST PURPLE REFRACTOR /250 Q4920,FERNANDO TATIS JR. 2025 BOWMAN'S BEST PURPLE REFRACTOR PADRES /250 Q4920
,,,CHROME FERNANDO TATIS JR. BLUE REFRACTOR SP #001/150 PSA 9,2025 BOWMAN CHROME FERNANDO TATIS JR. BLUE REFRACTOR PADRES SP #001/150 PSA 9!
,,,Fernando Tatis Jr. Museum Collection & Best Relic Lot,Fernando Tatis Jr. Topps 2025 Museum Collection & Bowman's Best Padres Relic Lot
54,,,54 Best Fernando Tatis Jr. Wave Refractor,2025 Bowman's Best Fernando Tatis Jr. #54 Wave Refractor Padres
,,,Best #C-22 Fernando Tatis Jr. Circuitry,2025 Bowman's Best #C-22 Fernando Tatis Jr. Circuitry
54,,,54 Best Fernando Tatis Jr. Refractor,2025 Bowman's Best #54 Fernando Tatis Jr. Refractor
,,,Best Circuitry Fernando Tatis Jr. /50 RARE,2025 Topps Bowman's Best Circuitry Fernando Tatis Jr. Padres /50 RARE
,,,FERNANDO TATIS JR. BEST PURPLE REFRACTOR /250,FERNANDO TATIS JR. 2025 BOWMAN'S BEST PURPLE REFRACTOR PADRES /250
,,,CHROME GPK FERNANDO TATIS JR FERNAN-DOO TATIS JR. PSA 9,2025 BOWMAN CHROME BOWMAN GPK FERNANDO TATIS JR FERNAN-DOO TATIS JR. PSA 9
,,,Best #C-22 Fernando Tatis Jr. Circuitry,2025 Bowman's Best #C-22 Fernando Tatis Jr. Circuitry
,,,Best #C-22 Fernando Tatis Jr. Circuitry,2025 Bowman's Best #C-22 Fernando Tatis Jr. Circuitry
,,,ð Chrome Mega Box Fernando Tatis Jr 8 Steel Metal /100 PSA 10 POP 2,ð2025 Bowman Chrome Mega Box Fernando Tatis Jr 8 Steel Metal /100 PSA 10 POP 2
42,,,42 /250 Best Purple Laser Refractor Francisco Lindor,Topps 2025 Bowman's Best Purple Laser Refractor #42 Francisco Lindor Mets /250
58,,,58 /250 Best Francisco Lindor Purple Lazer Refractor,2025 Bowman's Best - Francisco Lindor #58 Purple Lazer Refractor /250
,,,Best FRANCISCO LINDOR #/50 LAVA REFRACTOR Pixel Portraits,2025 Bowman's Best FRANCISCO LINDOR #/50 LAVA REFRACTOR Pixel Portraits Mets
,,,Francisco Lindor | Best Purple Laser Refractor /250 NY,Francisco Lindor | 2025 Bowman's Best Purple Laser Refractor /250 - NY Mets
,,,Best Francisco Lindor Wave Refractor,2025 Bowman's Best Francisco Lindor Wave Refractor Mets
,,,You Pick (1-100) Buy 5 Get 7 Free,2025 Bowman Baseball You Pick! (1-100) Buy 5 Get 7 Free!!!
,,,(3) / Francisco Lindor Lot,(3) 2025 Topps/Bowman Francisco Lindor Lot
,,,Best Francisco Lindor Pixel Portraits #P-20,2025 Bowman's Best Francisco Lindor Pixel Portraits #P-20 Mets
58,,,58 /150 Best Francisco Lindor Blue Lazer Refractor,2025 Bowman's Best - Francisco Lindor #58 Blue Lazer Refractor /150
,,,FRANCISCO LINDOR BEST GOLD LAVA REFRACTOR /50,FRANCISCO LINDOR 2025 BOWMAN'S BEST BASEBALL GOLD LAVA REFRACTOR /50
58,,,58 Best Francisco Lindor Refractor,2025 Bowman's Best Francisco Lindor #58 Refractor Mets
,,,Best Francisco Lindor RARE Wave Refractor ~ GEM MINT PTA 10ð¥,2025 Bowman's Best Francisco Lindor RARE Wave Refractor METS~ GEM MINT PTA 10ð¥
58,,,58 /299 Best Francisco Lindor Mini-Diamond Refractor,2025 Bowman's Best Francisco Lindor #58 Mini-Diamond Refractor 151/299 Mets
,,,Best Francisco Lindor Blue X-Fractor /150,2025 Bowman's Best - Francisco Lindor - Blue X-Fractor /150 - Mets
,,,Best Francisco Lindor #42 /250,Topps Bowman's Best 2025 Francisco Lindor #42 /250 New York Mets
58,,,58 /50 Best Francisco Lindor Gold Refractor,2025 Bowman's Best - Francisco Lindor #58 Gold Refractor /50
,,,Best Pixel Portraits Francisco Lindor #P-20,2025 Topps Bowman's Best Pixel Portraits Francisco Lindor #P-20 New York Mets
58,,,58 /250 Best Francisco Lindor Purple,Topps 2025 Bowman's Best Francisco Lindor /250 Purple New York Mets #58
,,,FRANKLIN ARIAS DRAFT ROOKIE LIME # /399 MLB,FRANKLIN ARIAS 2025 BOWMAN DRAFT 1ST ROOKIE RC LIME # /399 MLB RED SOX!
,,,Franklin Arias Blue Geometric /150 PSA 9,2025 Bowman  Franklin Arias 1st Blue Geometric /150 Boston Red Sox PSA 9
,,,CHROME AUTOS REFRACTOR #CPAFA FRANKLIN ARIAS /499 PSA 9,2025 BOWMAN CHROME PROSPECT AUTOS REFRACTOR #CPAFA FRANKLIN ARIAS /499 PSA 9
,,,FRANKLIN ARIAS DRAFT ROOKIE BLUE # /125 MLB,FRANKLIN ARIAS 2025 BOWMAN DRAFT 1ST ROOKIE RC BLUE # /125 MLB RED SOX!
,,,CHROME AUTO FRANKLIN ARIAS PSA 9 #CPAFA ROOKIE,2025 BOWMAN 1ST CHROME PROSPECT AUTO FRANKLIN ARIAS PSA 9 #CPAFA RED SOX ROOKIE
BCP-67,,,BCP-67 /150 Franklin Arias Blue RayWave Refractor PSA 9,2025 Bowman Franklin Arias #BCP-67 1st Bowman Blue RayWave Refractor /150 PSA 9
,,,Draft Franklin Arias Snack Pack Gum Ball PSA 10 RARE,2025 Bowman Draft Franklin Arias Snack Pack Gum Ball PSA 10 Red Sox RARE
,,,Draft Chrome #BDC-13 Franklin Arias,2025 Bowman Draft Chrome - #BDC-13 Franklin Arias Red Sox
,,,Franklin Arias Chrome Auto Green Mojo Refractor /99 PSA 9,Franklin Arias 2025 Bowman Chrome Prospects Auto Green Mojo Refractor /99 PSA 9
,,,CHROME AUTOS PURPLE REFRACTOR FRANKLIN ARIAS 90/250 PSA 9,2025 BOWMAN CHROME PROSPECT AUTOS PURPLE REFRACTOR FRANKLIN ARIAS 90/250 PSA 9
,,,CHROME AUTOS #CPAFA FRANKLIN ARIAS 22/150 PSA 10,2025 BOWMAN CHROME PROSPECT AUTOS #CPAFA FRANKLIN ARIAS 22/150 PSA 10
,,,Draft Franklin Arias Blue Paper /150,2025 Bowman Draft Franklin Arias Blue Paper /150 Boston Red Sox
,,,Chrome Franyerber Montilla Fuchsia Wave /199 PSA 10,2025 Bowman Chrome Prospects Franyerber Montilla Fuchsia Wave /199 PSA 10
CPA-FM,,,CPA-FM /99 Franyerber Montilla Auto Green Grass Refractor PSA 9 #,2025 Bowman Franyerber Montilla Auto Green Grass Refractor #/99 PSA 9  #CPA-FM
,,,Chrome Franyerber Montilla Rose Gold Mini Diamond /15 PSA 10,2025 Bowman Chrome 1st Franyerber Montilla Rose Gold Mini Diamond /15 PSA 10
BP-5,,,BP-5 Franyerber Montilla (25) Card Lot,2025 Bowman Franyerber Montilla (25) Card 1st Bowman Lot Tigers #BP-5
BCP-5,,,BCP-5 Chrome /150 Franyerber Montilla PSA 9 # Blue Mint Pop 1,Franyerber Montilla 2025 Bowman Chrome 1st PSA 9 #BCP5 Blue /150 Mint Pop 1
CPA-FM,,,CPA-FM Chrome /5 FRANYERBER MONTILLA Auto # Popcorn Snack PSA 9,FRANYERBER MONTILLA 2025 1st Bowman Chrome Auto #CPA-FM Popcorn Snack /5 PSA 9
BCP-5,,,BCP-5 /350 Franyerber Montilla Wave Refractor Psa 10,2025 Bowman Franyerber Montilla 1st Wave Refractor /350 #BCP-5 Psa 10
52,,,52 /150 Best Freddie Freeman Blue Lazer Refractors,2025 Bowman's Best #52 Freddie Freeman Blue Lazer Refractors /150
,,,You Pick (1-100) Buy 5 Get 7 Free,2025 Bowman Baseball You Pick! (1-100) Buy 5 Get 7 Free!!!
32,,,32 /150 Best Freddie Freeman Blue Refractor,2025 Bowman's Best - Freddie Freeman #32 Blue Refractor /150
52,,,52 /199 Bowmans Best Freddie Freeman Teal Refractor,2025 Bowmans Best Freddie Freeman /199 Teal Refractor #52 Dodgers
52,,,52 /10 Freddie Freeman Best Black Refractor LA,Freddie Freeman Topps 2025 Bowman's Best Black Refractor #52  03/10 LA Dodgers
,,,Chrome Freddie Freeman Black Refractor /10 PSA 9,2025 Bowman Chrome Freddie Freeman Black Refractor /10 Dodgers PSA 9
15,,,15 /150 Best Freddie Freeman Blue Mini-Diamond Refractor,2025 Bowman's Best Freddie Freeman #15 Blue Mini-Diamond Refractor 109/150
52,,,52 /150 Best Freddie Freeman Blue Lazer Refractor,2025 Bowman's Best - Freddie Freeman #52 Blue Lazer Refractor /150
32,,,32 Best Freddie Freeman Refractor,2025 Bowman's Best Freddie Freeman Refractor #32 Dodgers Baseball
52,,,52 /50 Best Freddie Freeman Gold Refractor,2025 Bowman's Best - Freddie Freeman #52 Gold Refractor /50
5,,,5 Freddie Freeman Graded 10 . Freddie Freeman,Freddie Freeman Graded 10 Dodgers. 2025 Bowman - Freddie Freeman #5
52,,,52 Best Freddie Freeman Refractor,2025 Bowman's Best #52 Freddie Freeman Refractor
52,,,52 /150 Best Freddie Freeman Blue X-Fractor,2025 Bowman's Best - Freddie Freeman #52 Blue X-Fractor /150
,,,Best Freddie Freeman Checkerboard #52/150,Topps 2025 Bowman's Best Freddie Freeman Checkerboard #52/150 Dodgers
5,,,5 Freddie Freeman L.A. Batting Stance Card Gem Mint 10,2025 Bowman Freddie Freeman L.A. Dodgers Batting Stance Card #5 Gem Mint 10!
52,,,52 Best Freddie Freeman Refractor,2025 Bowman's Best #52 Freddie Freeman Refractor - Dodgers
,,,2022 Panini Freddie Freeman Prizms and Refractors Lot of 10,2022 - 2025 Topps Panini Bowman Freddie Freeman Prizms and Refractors Lot of 10
52,,,52 /75 Best Freddie Freeman Yellow Lazer Refractor,2025 Bowman's Best - Freddie Freeman #52 Yellow Lazer Refractor /75
,,,Complete Your Set University Chrome Sapphire *FLAT,Complete Your Set - 2025 Bowman University Chrome Sapphire *FLAT SHIPPING
,,,Chrome U Football Base U Pick *Updated 04.06.26* 2 Card Minimum,2025 Bowman Chrome U Football Base U Pick *Updated 04.06.26* 2 Card Minimum
,,,PRSPCT AUTOS GOLD #BPAGH GARRETT HORN 42/50 PSA 10,2025 BOWMAN BOWMAN PRSPCT AUTOS GOLD #BPAGH GARRETT HORN 42/50 PSA 10
BP-55,,,BP-55 Paper Gary Gill Hill 5 Card Lot,2025 Bowman Prospect Paper Gary Gill Hill Tampa Bay Rays #BP-55 5 Card Lot
BP-55,,,BP-55 Gary Gill Hill Paper Lot Of 10 Raysð¥,2025 Bowman Gary Gill Hill 1st Paper Prospects Lot Of 10 BP-55 Tampa Bay Raysð¥
,,,Gary Gill Hill Chrome Lot x10 Base & Top 100 Insert TB,2025 Bowman Gary Gill Hill 1st Chrome Lot x10 Base & Top 100 Insert TB Rays
BP-55,,,BP-55 Gary Gill Hill (25) Lot,2025 Bowman Gary Gill Hill (25) 1st Bowman Lot Rays #BP-55
,,,Gary Gill Hill 6 Card Lot,2025 Bowman Gary Gill Hill 6 Card Lot!!!
BCP-55,,,BCP-55 /10 Gary Gill Hill Black Geometric Refractor Psa 10,2025 Bowman Gary Gill Hill 1st Black Geometric Refractor /10 #BCP-55 Psa 10
,,,MLB Rookie Trading Card Lot 9 Cards,Topps 2025  Kansas City Royals MLB Rookie Bowman Trading Card Lot 9 Cards
,,,"2026 Team Lot 108 Cards Caglianone, Witt, Jensen, Color, RCs","2026 Kansas City Royals Team Lot 108 Cards! Caglianone, Witt, Jensen, Color, RCs"
GL-21,,,GL-21 Chrome Greatness Loading Jac Caglianone Lot,2025 Bowman Chrome Greatness Loading Jac Caglianone GL-21 Kansas City Royals Lot
,,,WITT BRETT & other stars PICK YOUR CARD rookies/parallels,WITT BRETT & other royals stars - PICK YOUR CARD - rookies/parallels
53,,,"53 George Brett 12 Card Lot | MLB 1984 Donruss PSA 8 Leaf,","George Brett 12 Card Lot | Royals MLB 1984 Donruss PSA 8 #53 Topps Leaf, Bowman"
,,,x5 Lot Witt Jr. Brett All-Star Caglianone Shields Holo,2025 Kansas City Royals x5 Lot Witt Jr. Brett All-Star Caglianone Shields Holo
,,,Bulk LOT x86 Chrome AUTO Refractor Brett SP HOF MLB,Royals Bulk LOT x86 Topps Chrome RC AUTO Refractor 1st Bowman Brett SP HOF MLB
1,,,"1 Shoebox Treasures COMPLETE SET PICK -100, First Light, 1990","2025 Topps Shoebox Treasures COMPLETE SET PICK #1-100, First Light, 1990 Bowman"
,,,Bunt DIGITAL Gilded SUPER RARE Complete Your Set Bulk Discounts,2025 Topps Bunt DIGITAL Gilded SUPER RARE - Complete Your Set Bulk Discounts
,,,"Card Lot x25 George Brett, Salvador, Charles","Kansas City Royals Topps Baseball Card Lot x25 George Brett, Salvador, Charles"
,,,2021 Draft Lot Rookie PSA Bubba Chandler Stanton Brett Gwynn Soto,Topps 2021 Bowman Draft Lot Rookie PSA Bubba Chandler Stanton Brett Gwynn Soto
,,,George Klassen /15 Rose Gold Mini Diamond PSA 9 POP 1,George Klassen /15 2025 Bowman Rose Gold Mini Diamond PSA 9 POP 1
,,,Chrome George Klassen Orange shimmer Auto /25 PSA 9,2025 Bowman Chrome Prospects George Klassen Orange shimmer Auto /25 PSA 9
,,,Ended CHROME AUTO #CPAGK GEORGE KLASSEN PSA 9,Ended 2025 BOWMAN CHROME PROSPECT AUTO #CPAGK GEORGE KLASSEN PSA 9
,,,CHROME AUTO #CPAGK GEORGE KLASSEN 115/150 PSA 8 AUTO 10,2025 BOWMAN CHROME PROSPECT AUTO #CPAGK GEORGE KLASSEN 115/150 PSA 8 AUTO 10
CPA-GK,,,CPA-GK Chrome /100 George Klassen Auto Mini-Diamond Refractor # PSA 9,2025 Bowman Chrome George Klassen Auto /100 Mini-Diamond Refractor #CPA-GK PSA 9
BP-63,,,BP-63 George Klassen Lot of 4,George Klassen Bowman 2025 1st Bowman BP-63 Angels Prospects Lot of 4
BP-7,,,BP-7 Gregory Barrios Paper Lot Of 10 Raysð¥,2025 Bowman Gregory Barrios 1st Paper Prospects Lot Of 10 BP-7 Tampa Bay Raysð¥
,,,Chrome Gregory Barrios Reptilian Refractor PSA 10,2025 Bowman Chrome Gregory Barrios 1st Prospect Reptilian Refractor PSA 10
,,,GREGORY BARRIOS CHROME AUTOGRAPH AUTO SGC 10 10,GREGORY BARRIOS 2025 BOWMAN CHROME 1ST AUTOGRAPH BASEBALL AUTO SGC 10 10
36,,,36 /150 Best Gunnar Henderson Blue X-Fractor,2025 Bowman's Best - Gunnar Henderson #36 Blue X-Fractor 54/150
,,,Gunnar Henderson Chrome Refractor Best Card #36,Gunnar Henderson Chrome Refractor 2025 Bowman's Best Card #36 Baltimore Orioles
36,,,36 /250 Best Gunnar Henderson # Purple,Topps 2025 Bowman's Best Gunnar Henderson #36 Baltimore Orioles /250 Purple
36,,,36 /199 Best Aqua Lava Refractor Gunnar Henderson,2025 Bowman's Best Baseball Aqua Lava Refractor # 36 Gunnar Henderson 116/199
,,,2023 Chrome GUNNAR HENDERSON Rookie Spotlights PSA 10,2023 Bowman Chrome GUNNAR HENDERSON Rookie Spotlights - PSA 10
,,,Gunnar Henderson Lot (10) Bowmanâs Best â Purple /250 & Inserts â,Gunnar Henderson Lot (10) 2025 Bowmanâs Best â Purple /250 & Inserts â Orioles
36,,,36 /250 Best Gunnar Henderson Purple Refractors,2025 Bowman's Best #36 Gunnar Henderson Purple Refractors #/250
,,,You Pick (1-100) Buy 5 Get 7 Free,2025 Bowman Baseball You Pick! (1-100) Buy 5 Get 7 Free!!!
36,,,36 /350 Best Gunnar Henderson Lazer Refractor,2025 Bowman's Best Gunnar Henderson Lazer Refractor /350 #36 Baltimore Orioles
,,,Chrome Gunnar Henderson Adios #AD-9,2025 Bowman Chrome Gunnar Henderson Adios! #AD-9
36,,,36 /250 Best Gunnar Henderson Purple Lazer Refractor,2025 Bowman's Best - Gunnar Henderson #36 Purple Lazer Refractor /250
,,,Gunnar Henderson Best Circuitry Mini-Diamond Refractor #C-20,Gunnar Henderson 2025 Bowman's Best Circuitry Mini-Diamond Refractor #C-20
BA-25,,,BA-25 Chrome Gunnar Henderson Ascensions,2025 Bowman Chrome #BA-25 Gunnar Henderson Bowman Ascensions
BA-25,,,BA-25 Chrome Ascensions Gunnar Henderson,2025 Bowman Chrome - Bowman Ascensions Gunnar Henderson #BA-25
,,,Chrome Gunnar Henderson Orange Mojo /25 PSA 9 Color Match,2025 Bowman Chrome Gunnar Henderson Orange Mojo /25 PSA 9 Color Match
36,,,36 /99 Best Gunnar Henderson GREEN Refractor #B25-GH,2025 Bowman's Best Gunnar Henderson GREEN Refractor 05/99 #36 Orioles #B25-GH
36,,,36 Best Gunnar Henderson Refractor,2025 Bowman's Best - Gunnar Henderson #36 Refractor
36,,,36 BEST REFRACTOR GUNNAR HENDERSON,2025 BOWMAN'S BEST REFRACTOR #36 GUNNAR HENDERSON ORIOLES
,,,Best BASE You Pick Complete Your Set,2025 Bowman's Best - BASE - You Pick Complete Your Set
,,,Best Gunnar Henderson Blue Lazer Refractor /150,2025 Bowman's Best Baseball Gunnar Henderson Blue Lazer Refractor /150 Orioles
,,,Gunnar Henderson /199 Best Aqua Refractor # /199,Gunnar Henderson /199 2025 Bowman's Best  Aqua Refractor # /199 Orioles
36,,,36 /250 Best Gunnar Henderson Purple Mojo Refractor,2025 Bowman's Best #36 Gunnar Henderson Purple Mojo Refractor #/250 Orioles
,,,Chrome Gunnar Henderson Adios Orange Refractor /25 AD-9 PSA 9 MINT,2025 Bowman Chrome Gunnar Henderson Adios Orange Refractor /25 AD-9 PSA 9 MINT
,,,Draft Chrome Hagen Smith #BDC-167 Gold Geometric /50,2025 Bowman Draft - Chrome Hagen Smith #BDC-167 Gold Geometric /50
,,,Best Hagen Smith Best of Autographs Gold Mini-Diamond 02/50,2025 Bowman's Best Hagen Smith Best of 2025 Autographs Gold Mini-Diamond 02/50
,,,Draft Chrome Orange Refractor /25 Hagen Smith BDC-167,2025 Bowman Draft Chrome Orange Refractor /25 Hagen Smith BDC-167 White Sox
,,,Draft Hagen Smith #BD-167 Green /99,2025 Bowman Draft - Hagen Smith #BD-167 Green /99
,,,Draft Hagen Smith Aqua Reptilian Refractor 99/125 #BDC-167,2025 Bowman Draft Hagen Smith Aqua Reptilian Refractor 99/125 #BDC-167 White Sox
,,,"Best Best of Autographs Hagen Smith #B25-HS (AU, )","2025 Bowman's Best - Best of 2025 Autographs Hagen Smith #B25-HS (AU, RC)"
,,,Hagen Smith Auto Gold /50 PSA 10,2025 Bowman Hagen Smith Prospects Auto Gold /50 PSA 10
,,,Hagen Smith Best Refractor Auto,Hagen Smith 2025 Bowman's Best Refractor Auto
,,,Hagen Smith Auto /150 Blue Refractor Best B25-HS,Hagen Smith Auto /150 Blue Refractor 2025 Bowman's Best B25-HS
,,,HAGEN SMITH BEST OF BLUE REFRACTOR AUTO #B25-HS /150 Q0208,HAGEN SMITH 2025 BOWMAN'S BEST OF 2025 BLUE REFRACTOR AUTO #B25-HS /150 Q0208
,,,Best Best of Autographs Hagen Smith #B25-HS,2025 Bowman's Best - Best of 2025 Autographs Hagen Smith #B25-HS
,,,PSA 10 Chrome Popcorn Hagen Smith Ultra Rare SSP Pop 1,2025 PSA 10 Bowman Chrome Prospects Popcorn Hagen Smith Ultra Rare SSP Pop 1
BWC-5,,,BWC-5 Draft Hagen Smith Crystallized Whit Case Hit SSP,2025 Bowman Draft Hagen Smith Crystallized #BWC-5 Whit Sox Case Hit SSP
,,,Best Hagen Smith /50 Auto Gold Mini-Diamond #B25-HS,2025 Bowman's Best Hagen Smith /50 Auto Gold Mini-Diamond #B25-HS
BWC-5,,,BWC-5 Chrome Hagen Smith Crystalized PSA 10,2025 Bowman Hagen Smith Crystalized Chrome #BWC-5 Chicago White Sox PSA 10
,,,Best Autograph Insert Hagen Smith B25-HS,2025 Topps Bowman's Best Autograph Insert Hagen Smith White Sox B25-HS
CPA-HS,,,CPA-HS Chrome /9 Hagen Smith Auto Speckle Refractor /299 # PSA/DNA,2025 Bowman Chrome - Hagen Smith Auto Speckle Refractor /299 #CPA-HS PSA/DNA 9/9
,,,Hagen Smith Chrome Draft #BDC-167 Yellow Refractor & GOLD /50 LOT,Hagen Smith 2025 Bowman Chrome Draft #BDC-167 Yellow Refractor & GOLD /50 LOT
,,,Draft Hagen Smith #BD-167 Sky Blue /499,2025 Bowman Draft Hagen Smith #BD-167 Sky Blue /499
,,,Draft #BDC-167 Hagen Smith Chrome Blue Geometric #/150,2025 Bowman Draft #BDC-167 Hagen Smith Chrome Blue Geometric #/150
,,,Chrome Scouts Top 100 Complete Your Set,2025 Bowman Chrome Scouts Top 100 - Complete Your Set
,,,"Chrome & Paper Lot Of 14. , Rookie & Insert ð¥","2025 Bowman Mariners Chrome & Paper Lot Of 14. Bowman 1st, Rookie & Insert ð¥"
,,,Top 100 Inserts (You Pick),2025 Bowman Baseball - Top 100 Prospects Inserts (You Pick)
,,,INSERTS with Chrome and Rookies You Pick 2 Card Minimum,2025 Bowman INSERTS with Chrome and Rookies You Pick - 2 Card Minimum
CPA-HA,,,"CPA-HA Chrome Autographs Hayden Alvarez # (AU, ) PSA 10","2025 Bowman - Chrome Prospect Autographs Hayden Alvarez #CPA-HA (AU, RC) PSA 10"
1,,,1 Paper -150: You Pick- Complete Your Set,2025 Bowman Baseball Paper Prospects #1-150: You Pick- Complete Your Set
CPA-HA,,,"CPA-HA Chrome Auto Hayden Alvarez # (AU, ) PSA 9 Mint","2025 Bowman Chrome Prospect 1st Auto Hayden Alvarez #CPA-HA (AU, RC) PSA 9 Mint"
BCP-12,,,BCP-12 Chrome /5 HAYDEN ALVAREZ RED LAVA REFRACTOR PSA 9,HAYDEN ALVAREZ 2025 BOWMAN CHROME #BCP-12 RED LAVA REFRACTOR 2/5 PSA 9
BCP-12,,,BCP-12 Chrome /75 HAYDEN ALVAREZ YELLOW REFRACTOR PSA 8,HAYDEN ALVAREZ /75 1ST BOWMAN CHROME #BCP-12 YELLOW REFRACTOR 2025 BOWMAN PSA 8
,,,Chrome #CPAHA Hayden Alvarez Auto PSA 10,2025 Bowman Chrome #CPAHA Hayden Alvarez 1st Prospect Auto PSA 10 Angels
BCP-1,,,BCP-1 Chrome to BCP-252 You Pick 2 Card Minimum,2025 Bowman Chrome Prospects BCP-1 to BCP-252 You Pick - 2 Card Minimum
,,,Hayden Alvarez Chrome Auto Orange Refractor #/25 PSA 9,2025 Bowman Hayden Alvarez Chrome Prospect Auto Orange Refractor #/25 PSA 9
BA-24,,,BA-24 Anime Hideki Matsui Case Hit SGC 10 Gem Mint Rare,2025 Bowman Anime Hideki Matsui BA-24 Case Hit Yankees SGC 10 Gem Mint Rare
,,,PSA 8 Anime Hideki Matsui Anime SSP,PSA 8 2025 Bowman Anime Hideki Matsui Anime SSP Yankees!!
,,,",Panini,Donruss, 18 Card Lot. Rookie, Autograph, Judge,â¦","Topps,Panini,Donruss,Bowman Yankees 18 Card Lot. Rookie, Autograph, Judge,â¦"
BA-24,,,BA-24 Anime Hideki Matsui Anime PSA 9,2025 Bowman Anime Hideki Matsui #BA-24 Anime PSA 9
,,,"BBM 35th Anniversary Yomiuri Lot of 33 (Okamoto, Matsui, Sakamoto)","BBM 2025 35th Anniversary Yomiuri Giants Lot of 33 (Okamoto, Matsui, Sakamoto)"
,,,ð¥ Chrome Humberto Cruz Blue Refractor /150 PSA 10 POP 1 ð¥,ð¥ 2025 Bowman Chrome 1st Humberto Cruz Blue Refractor /150 PSA 10 POP 1 ð¥
,,,Auto Blue Refractor /150 Humberto Cruz PSA 10,2025 Bowman Auto Blue Refractor /150 Humberto Cruz PSA 10
,,,CHROME HUMBERTO CRUZ AUTO PSA 9,2025 BOWMAN CHROME HUMBERTO CRUZ AUTO PSA 9
CPA-HC,,,CPA-HC /499 Humberto Cruz Refractor Autograph # Psa 9,2025 Bowman Humberto Cruz 1st Refractor Autograph /499 #CPA-HC Psa 9
,,,MEGA BOX CHROME #61 HURSTON WALDREP Burgundy Refractor /275 PSA 10,2025 BOWMAN MEGA BOX CHROME #61 HURSTON WALDREP Burgundy Refractor /275 PSA 10
,,,You Pick (1-100) Buy 5 Get 7 Free,2025 Bowman Baseball You Pick! (1-100) Buy 5 Get 7 Free!!!
,,,Hurston Waldrep Rookie 10 Card Lot,2025 Bowman Hurston Waldrep Rookie 10 Card Lot
1,,,1 SINGLES & ROOKIE CARDS THRU 00***YOU PICK***,2025 BOWMAN SINGLES & ROOKIE CARDS  #1 THRU #100***YOU PICK***
,,,Hurston WALDREP Rookie Lot of (12) MOJO Refractor,Hurston WALDREP 2025 Bowman Rookie Lot of (12) - MOJO Refractor
,,,B6736- Card #s 1-100 +Inserts -You Pick- 15+ FREE US SHIP,B6736- 2025 Bowman Baseball Card #s 1-100 +Inserts -You Pick- 15+ FREE US SHIP
,,,Chrome Hurston Waldrep Rookie /5 Red Refractor Mojo PSA 10,2025 Bowman Chrome Hurston Waldrep Rookie /5 Red Refractor Mojo PSA 10
,,,1-100 Complete Your Set Singles,2025 Bowman 1-100 Complete Your Set Singles
BA-22,,,BA-22 Chrome Hyeseong Kim Rookie Ascensions Mojo Refractor SP BL,2025 Bowman Chrome Hyeseong Kim Rookie Ascensions Mojo Refractor RC SP #BA-22 BL
,,,Best Hyeseong Kim Purple Refractor Rookie #/250,2025 Bowman's Best Hyeseong Kim RC Purple Refractor Rookie #/250 Dodgers
,,,Chrome Melt Mashers Auto Hyeseong Kim #MMA-HK Gold mini diamond /50,2025 Bowman Chrome Melt Mashers Auto Hyeseong Kim #MMA-HK Gold mini diamond /50
45,,,45 /250 Best Hyeseong Kim Purple Mojo Refractor ( ),2025 Bowman's Best - Hyeseong Kim #45 Purple Mojo Refractor /250 (RC)
45,,,45 /99 Hyeseong Kim Rookie Green Refractor | Best |,Hyeseong Kim Rookie Green Refractor RC /99 | 2025 Bowman's Best | #45 Dodgers
91,,,91 /125 Hyeseong Kim Blue Pattern Rookie Color Match PSA 10 Pop 3,2025 Bowman Hyeseong Kim #91 Blue Pattern /125 Rookie Color Match PSA 10 Pop 3
,,,Mega Box Chrome Hyeseong Kim Rookie Mojo Refractor #91 PSA 9,2025 Bowman Mega Box Chrome Hyeseong Kim RC Rookie Mojo Refractor #91 PSA 9
,,,Chrome Rookie Autographs Hyeseong Kim Refractor Auto PSA 10/8 Auto,2025 Bowman Chrome Rookie Autographs Hyeseong Kim Refractor Auto PSA 10/8 Auto
,,,ð¦â3⁄4ï ̧Hyeseong Kimâ3⁄4ï ̧ð¦ Chrome Rookie 19X Lot Insert,ð¦â¾ï¸Hyeseong Kimâ¾ï¸ð¦ 2025 Topps Chrome Bowman Rookie RC 19X Lot Insert Dodgers
,,,Chrome Hyeseong Kim Blue Refractor /150 Color Match #2 PSA 9,2025 Bowman Chrome Hyeseong Kim RC Blue Refractor /150 Color Match #2 PSA 9
45,,,45 /99 Best Hyeseong Kim Green Refractor ( ),2025 Bowman's Best - Hyeseong Kim #45 Green Refractor /99 (RC)
45,,,45 /99 Best Hyeseong Kim Rookie Green,2025 Bowman Bowman's Best Hyeseong Kim Dodgers Rookie #45 Green /99
,,,Hyeseong Kim Black Pattern /10 PSA 8,2025 Bowman Hyeseong Kim Black Pattern /10 PSA 8 RC
,,,Chrome #2 Hyeseong Kim Aqua Raywave PSA 9 #/199,2025 Bowman Chrome #2 Hyeseong Kim Aqua Raywave PSA 9 #/199
,,,Best Hyeseong Kim Best-Tek Rookie Gold /50,2025 Bowman's Best Hyeseong Kim Best-Tek Rookie Gold /50 Dodgers
,,,Hyun-Seok Jang Chrome Blue Geometric Refractor #/150 PSA 9 QTY,2025 Bowman Hyun-Seok Jang Chrome Blue Geometric Refractor 1st #/150 PSA 9 QTY
,,,HYUN-SEOK JANG #231/399 PSA 10 LAVA REFRACTOR CHROME,HYUN-SEOK JANG #231/399 ! PSA 10 ! LAVA REFRACTOR 2025 1ST BOWMAN CHROME
,,,Chrome Hyun-Seok Jang On Card Auto PSA 10,2025 Bowman Chrome Hyun-Seok Jang On Card Auto 1st PSA 10 Dodgers
,,,Chrome Hyun-Seok Jang Autograph Green Grass Refractor /99 PSA 8,2025 Bowman Chrome 1st Hyun-Seok Jang Autograph Green Grass Refractor /99 PSA 8
BCP-51,,,BCP-51 /25 Hyun-Seok Jang Orange Geometric PSA 10 Gem MT,2025 Bowman #BCP-51 Hyun-Seok Jang 1st Bowman Orange Geometric /25 PSA 10 Gem MT
,,,Chrome Hyun Seok Jang #CPAHJ PSA 9 Autograph Blue X-fractor,2025 Bowman Chrome Hyun Seok Jang #CPAHJ PSA 9 Prospect Autograph Blue X-fractor
CPA-HJ,,,CPA-HJ Chrome /25 # Hyun-Seok Jang Orange Auto # PSA 9,2025 Bowman #CPA-HJ Hyun-Seok Jang 1st Chrome Prospect Orange Auto #2/25 PSA 9
,,,Hyungchan Um Chrome Autograph KC #CPAHU PSA 9,2025 Bowman Hyungchan Um Chrome Prospect Autograph RC KC Royals #CPAHU PSA 9
BP-119,,,BP-119 Hyungchan Um Graded 10 Gem Mint,2025 Bowman Hyungchan Um 1st Bowman Graded 10 Gem Mint Royals BP-119
,,,ð¥ Chrome Hyungchan Um Mojo Refractor Auto /150 PSA 10,ð¥2025 Bowman Chrome Hyungchan Um 1st Mojo Refractor Auto /150 PSA 10 Royals
BP-1,,,BP-1 Through BP-150 You Pick $2.00 or 2 Card Minimum,2025 Bowman Prospects BP-1 Through BP-150 - You Pick - $2.00 or 2 Card Minimum
,,,PSA MINT 9 Chrome #BGP-41 Ichiro GPK,PSA MINT 9! 2025 Bowman Chrome #BGP-41 Ichiro Bowman GPK
,,,Chrome Ichiro Cano Hernandez Speckle Refr. Auto /299 PSA 10 POP 1,2025 Bowman Chrome Ichiro Cano Hernandez Speckle Refr. Auto /299 PSA 10 POP 1!!
,,,(1-150) You Pick Buy 5 Get 7 Free,2025 Bowman Baseball Prospects (1-150) You Pick! Buy 5 Get 7 Free!!!
,,,ðICHIRO SUZUKI Buyback 2016 Bowmans Best Auto SP /5 #BOOKEND ð,ðICHIRO SUZUKI 2025 Bowman Buyback 2016 Bowmans Best Auto SP /5 #BOOKEND!ð
1,,,1 Paper -150: You Pick- Complete Your Set,2025 Bowman Baseball Paper Prospects #1-150: You Pick- Complete Your Set
,,,Chrome Itchy Ichiro #BGP41 Garbage Pail Kids GPK PSA 10 SSP CASE HIT,2025 Bowman Chrome Itchy Ichiro #BGP41 Garbage Pail Kids GPK PSA 10 SSP CASE HIT
,,,Chrome Itchy Ichiro Garbage Pail Kids GPK #BGP-41,2025 Bowman Chrome Itchy Ichiro Garbage Pail Kids GPK #BGP-41
BCP-1,,,BCP-1 Chrome to BCP-252 You Pick 2 Card Minimum,2025 Bowman Chrome Prospects BCP-1 to BCP-252 You Pick - 2 Card Minimum
,,,Chrome Ichiro Cano Hernandez Speckle Refr. Auto /299 PSA 10 POP 1,2025 Bowman Chrome Ichiro Cano Hernandez Speckle Refr. Auto /299 PSA 10 POP 1!!
,,,ISMAEL JAVIER CHROME Lot 18,ISMAEL JAVIER 2025 Bowman CHROME 1ST BOWMAN PROSPECT - San Diego Padres Lot 18
,,,(1-150) You Pick Buy 5 Get 7 Free,2025 Bowman Baseball Prospects (1-150) You Pick! Buy 5 Get 7 Free!!!
1,,,1 Paper -150: You Pick- Complete Your Set,2025 Bowman Baseball Paper Prospects #1-150: You Pick- Complete Your Set
BCP-150,,,BCP-150 Chrome â¢ BCP-1â â¢ YOU PICK NM/M,2025 Bowman â¢ Baseball Chrome Prospects BCP-1âBCP-150 â¢ YOU PICK NM/M
,,,B6736- Card #s 1-100 +Inserts -You Pick- 15+ FREE US SHIP,B6736- 2025 Bowman Baseball Card #s 1-100 +Inserts -You Pick- 15+ FREE US SHIP
BCP-1,,,BCP-1 Chrome to BCP-252 You Pick 2 Card Minimum,2025 Bowman Chrome Prospects BCP-1 to BCP-252 You Pick - 2 Card Minimum
,,,BEST CARLOS NARVAEZ ROOKIE ON-CARD AUTO BLUE REFRACTOR SP #/150,2025 BOWMAN'S BEST CARLOS NARVAEZ ROOKIE ON-CARD AUTO BLUE REFRACTOR SP #/150
,,,"Best Best of Autographs Carlos Narvaez #B25-CAN (AU, )","2025 Bowman's Best - Best of 2025 Autographs Carlos Narvaez #B25-CAN (AU, RC)"
,,,J.D. Martinez 2023- Series 2/Update/Stadium/ NY 9-Card Lot,J.D. Martinez 2023-2025 Topps Series 2/Update/Stadium/Bowman NY Mets 9-Card Lot
,,,BEST Carlos NarvÃ¡ez Gold Mini Diamonds Refractor Auto /50,2025 BOWMAN'S BEST Carlos NarvÃ¡ez RC Gold Mini Diamonds Refractor Auto /50
,,,Jac Caglianone Chrome Auto Mini-Diamond Refractor #/100 PSA 9,2025 Bowman Jac Caglianone Chrome Auto Mini-Diamond Refractor #/100 PSA 9
,,,Best #SG-21 Jac Caglianone Strokes of Gold SSP Case Hit,2025 Bowman's Best #SG-21 Jac Caglianone Strokes of Gold SSP Case Hit
,,,Chrome Adios Refractor Insert AD-3 Jac Caglianone,2025 Bowman Chrome Adios Refractor Insert AD-3 Jac Caglianone
,,,Chrome Melt Mashers Jac Caglianone #MM-24 ( ),2025 Bowman Chrome - Melt Mashers Jac Caglianone #MM-24 (RC)
,,,Chrome Jac Caglianone Mega Mojo Meteoric Rise Refractor Mint,2025 Bowman Chrome Jac Caglianone Mega Mojo Meteoric Rise Refractor Royals Mint
,,,BEST JAC CAGLIANONE SP PURPLE REFRACTOR /250 TP-3,2025 BOWMAN'S BEST JAC CAGLIANONE SP PURPLE REFRACTOR /250 Royals TP-3 Royals
,,,Best Jac Caglianone #TP-3 Lazer Refractor 263/350,2025 Topps Bowman's Best Jac Caglianone #TP-3 Lazer Refractor 263/350
BCP-103,,,BCP-103 Chrome Jac Caglianone Pearl Refractor PSA 10 GemMint Top Pop #,2025 Bowman Chrome Jac Caglianone Pearl Refractor PSA 10 GemMint Top Pop #BCP103
BP-13,,,BP-13 Best Jac Caglianone Best Performance Mini-Diamond Refractor,2025 Bowman's Best #BP-13 Jac Caglianone Best Performance Mini-Diamond Refractor
,,,Chrome Jac Caglianone Ascensions Case Hit,2025 Bowman Chrome - Jac Caglianone Ascensions Case Hit
BP-13,,,BP-13 Best Best Performances Jac Caglianone ( ),2025 Bowman's Best - Best Performances Jac Caglianone #BP-13 (RC)
,,,Chrome Jac Caglianone Gold Lava Refractor Auto 18/50 PSA 9 MINT,2025 Bowman Chrome Jac Caglianone Gold Lava Refractor Auto 18/50 PSA 9 MINT
,,,Jac Caglianone Purple Autograph # 027/250 PSA 6,Jac Caglianone 2025 Bowman Purple Autograph # 027/250 PSA 6
,,,JAC CAGLIANONE Chrome PURPLE GEOMETRIC /250 PSA 9 Mint,2025 Bowman JAC CAGLIANONE Chrome Prospect PURPLE GEOMETRIC /250 PSA 9 Mint
,,,Best Best Tek Jac Caglianone #BT-14 Orange /25 ( ),2025 Bowman's Best - Best Tek Jac Caglianone #BT-14 Orange /25 (RC)
,,,Jac Caglianone VIP Auto 11/25 Orange Refractor #vipjc PSA 7,2025 Bowman Jac Caglianone VIP Auto 11/25 Orange Refractor #vipjc PSA 7
,,,BMA-JC Chrome Jac Caglianone Auto 151/199 PSA 10,2025 BMA-JC Bowman Chrome Jac Caglianone Auto 151/199 PSA 10
,,,CHROME AUTOS #CPAJCA JAC CAGLIANONE PSA 9 AUTO 10,2025 BOWMAN CHROME PROSPECT AUTOS #CPAJCA JAC CAGLIANONE PSA 9 AUTO 10
,,,Jac Caglianone Chrome Auto Black Xfractor /10 PSA 9,2025 Bowman Jac Caglianone Chrome Prospect Auto Black Xfractor /10 PSA 9
,,,MEGA BOX AUTO #JC JAC CAGLIANONE PSA 9,2025 BOWMAN MEGA BOX PROSPECT AUTO #JC JAC CAGLIANONE PSA 9
,,,Best Jac Caglianone Auto /99 Showpieces BSA-JC,2025 Bowman's Best Jac Caglianone Auto /99 Showpieces BSA-JC
BA-11,,,BA-11 Chrome Ascensions Jac Caglianone Mojo Refractor ( ),2025 Bowman Chrome - Bowman Ascensions Jac Caglianone #BA-11 Mojo Refractor (RC)
,,,Chrome Jac Caglianone Rookie Mojo #BDC-154 Gem Mint 10,2025 Bowman Chrome Jac Caglianone Rookie Prospect Mojo #BDC-154 Gem Mint 10
,,,âï ̧TT BEST BEST-TEK AUTO /99 JAC CAGLIANONE #BTA-JC,âï¸TT 2025 BOWMAN'S BEST BASEBALL BEST-TEK AUTO /99 JAC CAGLIANONE #BTA-JC
,,,Chrome Adios Jac Caglianone #AD-3,2025 Bowman Chrome Adios Jac Caglianone #AD-3 Kansas City Royals
BCP-103,,,BCP-103 Chrome /99 GREEN REPTILIAN # JAC CAGLIANONE PSA 10,2025 BOWMAN CHROME PROSPECTS GREEN REPTILIAN #BCP103 JAC CAGLIANONE 63/99 PSA 10
,,,Bowmans Best Jace Jung Auto #B25-JJU,2025 Bowmans Best - Jace Jung Auto #B25-JJU
,,,Best Jace Jung Best Mix Rookie Auto /10 #BMA-JJU,2025 Bowman's Best Jace Jung Best Mix Rookie Auto /10 #BMA-JJU
59,,,59 /275 Jace Jung 4 Card Rookie Lot Red Redemption Burgundy Mojo /275ð¥,2025 Bowman Jace Jung 4 Card Rookie Lot Red Redemption #59 Burgundy Mojo /275ð¥
,,,Best Jace Jung #B25-JJU Rookie Auto Green Refractor /99,2025 Bowman's Best Jace Jung #B25-JJU Rookie Auto Green Refractor /99
,,,Best Jace Jung #B25-JJU Best of Auto,2025 Bowman's Best Jace Jung #B25-JJU Best of Auto Tigers
,,,Best Jace Jung Best of Autograph Refractor Rookie,Topps 2025 Bowman's Best Jace Jung Best of 2025 Autograph Refractor Rookie
,,,You Pick (1-100) Buy 5 Get 7 Free,2025 Bowman Baseball You Pick! (1-100) Buy 5 Get 7 Free!!!
,,,Best Jace Jung Blue Refractor Auto 144/150,2025 Bowman's Best Jace Jung RC Blue Refractor Auto 144/150
,,,Jace Jung Rookie 6 Card lot,2025 Bowman Jace Jung Rookie 6 Card lot
,,,Bowmans Best Jace Jung Auto Orange Refractor /25 Color Match,2025 Bowmans Best Jace Jung Auto Orange Refractor /25 Color Match
,,,Best #B25-JJU Jace Jung Best of Auto Gold Refractors #/50,2025 Bowman's Best #B25-JJU Jace Jung Best of 2025 Auto Gold Refractors #/50
,,,Mega Chrome Jace Jung Rookie #59 Navy Ref /175 PSA 9,2025 Bowman Mega Chrome Jace Jung Rookie #59 Navy Ref /175 PSA 9 Tigers
,,,Chrome Image Variation Jace Jung Auto Rookie /25 SSP PSA 9,2025 Bowman Chrome Image Variation Jace Jung Auto RC Rookie /25 SSP PSA 9 Tigers
,,,Best Jace Jung Refractor Auto Best Of Auto Rookie,2025 Bowman's Best Jace Jung RC Refractor Auto Best Of 2025 Auto Tigers Rookie
,,,Best Jace Jung Best of Auto Purple Refractor /75,2025 Bowman's Best Jace Jung Best of Auto Purple Refractor /75 Tigers
,,,(1-150) You Pick Buy 5 Get 7 Free,2025 Bowman Baseball Prospects (1-150) You Pick! Buy 5 Get 7 Free!!!
1,,,1 Paper -150: You Pick- Complete Your Set,2025 Bowman Baseball Paper Prospects #1-150: You Pick- Complete Your Set
1,,,1 Paper -150 Choose your card 2 CARD MINIMUM,2025 Bowman Paper Prospects #1-150 - Choose your card!  2 CARD MINIMUM!
,,,Chrome JACK LINES Auto PSA 9 ð¥ ð,2025 Bowman Chrome Baseball JACK LINES 1st Bowman Auto PSA 9 Rays ð¥ ð
,,,Chrome Jack Lines Orange Shimmer /25 PSA 10,2025 Bowman Chrome 1st Jack Lines Orange Shimmer /25 PSA 10
BCP-1,,,BCP-1 Chrome to BCP-252 You Pick 2 Card Minimum,2025 Bowman Chrome Prospects BCP-1 to BCP-252 You Pick - 2 Card Minimum
BCP-1,,,BCP-1 Chrome Complete Your Set YOU PICK BCP-150,2025 Bowman Baseball Chrome Prospects Complete Your Set YOU PICK BCP-1 - BCP-150
,,,CHROME JACK PENNEY AUTO GOLD SHIMMER /50 PSA 10,2025 BOWMAN CHROME JACK PENNEY AUTO GOLD SHIMMER /50 1st PROSPECT PSA 10 TIGERS
CPA-JPY,,,CPA-JPY /50 # Jack Penney Auto Gold Lava Refractor PSA 10 POP 3,2025 Bowman #CPA-JPY Jack Penney Auto Gold Lava Refractor PSA 10 #/50 POP 3
BCP-60,,,BCP-60 /50 Sapphire Jack Penney Gold PSA 10,Bowman 1st Sapphire 2025 Jack Penney Prospects Gold /50 BCP-60 Tigers PSA 10
CPA-JPY,,,CPA-JPY Chrome /150 Jack Penney Auto HTA Choice # PSA 9,2025 Bowman - Jack Penney Chrome Prospect Auto HTA Choice /150 #CPA-JPY PSA 9
,,,JACKSON CHOURIO HOBBY STARS ORANGE REFRACTOR AUTO 25 PSA 9 MINT,2025 BOWMAN JACKSON CHOURIO HOBBY STARS ORANGE REFRACTOR AUTO 25 PSA 9 MINT
,,,Best Jackson Chourio /99 Green Mini-Diamond,2025 Bowman's Best Jackson Chourio /99 Green Mini-Diamond Milwaukee Brewers
,,,PSA 10 Chrome Jackson Chourio Pulsar /399 #40,PSA 10 2025 Bowman Chrome Jackson Chourio Pulsar /399 #40 Milwaukee Brewers
,,,Best Jackson Chourio /99,2025 Topps Bowman's Best Jackson Chourio /99 Milwaukee Brewers
10,,,10 /250 Best Jackson Chourio True Purple Refractor,2025 Bowman's Best Jackson Chourio True Purple Refractor 242/250 #10 Brewers
,,,You Pick (1-100) Buy 5 Get 7 Free,2025 Bowman Baseball You Pick! (1-100) Buy 5 Get 7 Free!!!
10,,,10 /10 Best Black Refractor Jackson Chourio #,2025 Bowman's Best #10 Black Refractor Jackson Chourio #3/10 Brewers
,,,Chrome Wave Refractor #40 Jackson Chourio 093/100 PSA NM-MT 8,2025 Bowman Chrome Wave Refractor #40 Jackson Chourio 093/100 PSA NM-MT 8!
10,,,10 /299 Jackson Chourio Best Mini Diamond Refractor ð»ða,Jackson Chourio 2025 Bowman's Best Mini Diamond Refractor /299 ð»ðª Brewers #10
10,,,10 /75 Best Jackson Chourio Yellow Lazer,2025 Bowman's Best Jackson Chourio #10 Yellow Lazer 13/75 Brewers
,,,Best Jackson Chourio Purple Refractor #/250,2025 Bowman's Best Jackson Chourio Purple Refractor #/250 Brewers
10,,,10 /150 Best Jackson Chourio Blue Lazer Refractor,2025 Bowman's Best #10 Jackson Chourio Blue Lazer Refractor /150
10,,,10 /250 Best Jackson Chourio Purple Mojo Refractor,2025 Bowman's Best - Jackson Chourio #10 Purple Mojo Refractor /250
,,,Jackson Chourio Best Best Tek Insert #BT-12 /99,Jackson Chourio 2025 Bowman's Best - Best Tek Insert #BT-12 /99 Brewers
10,,,10 /75 Best Jackson Chourio Yellow Refractors,2025 Bowman's Best #10 Jackson Chourio Yellow Refractors #/75
,,,Jackson Chourio Best BEST Performance AUTO SP /150,Jackson Chourio 2025 Bowman's Best BEST Performance AUTO SP /150
10,,,10 Best Jackson Chourio Wave Refractor,2025 Bowman's Best - Jackson Chourio #10 Wave Refractor
,,,Jackson Holliday Bowmans Best Lazer Refractor /350 ð¥ð¥,Jackson Holliday 2025 Bowmans Best Lazer Refractor /350 Orioles ð¥ð¥
32,,,32 /99 Best Jackson Holliday Green Mini-Diamond Refractor,2025 Bowman's Best - Jackson Holliday #32 Green Mini-Diamond Refractor 15/99
,,,Jackson Holliday Best Base,Jackson Holliday 2025 Bowman's Best Base
,,,Best Jackson Holliday Aqua Refractor #46/199,2025 Bowman's Best Jackson Holliday Aqua Refractor #46/199 Orioles
,,,You Pick (1-100) Buy 5 Get 7 Free,2025 Bowman Baseball You Pick! (1-100) Buy 5 Get 7 Free!!!
,,,Chrome Sapphire Jackson Holliday #16 LOT of 3,2025 Bowman Chrome Sapphire Jackson Holliday #16 Baltimore Orioles LOT of 3
32,,,32 /250 Best Jackson Holliday Purple Lazer Refractor,2025 Bowman's Best Jackson Holliday #32  Purple Lazer Refractor 074/250 Orioles
,,,Best Jackson Holliday Aqua Lava Refractor #/199,2025 Bowman's Best Jackson Holliday Aqua Lava Refractor #/199 Orioles
32,,,32 BEST REFRACTOR JACKSON HOLLIDAY,2025 BOWMAN'S BEST REFRACTOR #32 JACKSON HOLLIDAY ORIOLES
,,,Chrome Jackson Holliday Orange Refractor /25 PSA 10 POP 1 ð¥,2025 Bowman Chrome Jackson Holliday Orange Refractor /25 PSA 10 POP 1 Orioles ð¥
32,,,32 /199 Best Jackson Holliday Aqua Lava Refractor,2025 Bowman's Best - Jackson Holliday #32 Aqua Lava Refractor /199
,,,Best Jackson Holliday - Green Mini Diamond 82/99,2025 Topps Bowman's Best Jackson Holliday -Orioles - Green Mini Diamond  82/99
32,,,32 /150 Best Jackson Holliday Blue X-Fractor,2025 Bowman's Best - Jackson Holliday #32 Blue X-Fractor /150
,,,Jackson Holliday Best Base,Jackson Holliday 2025 Bowman's Best Base
,,,Chrome Jackson Jobe Ascensions Black Refractor /10 Rookie CASE HIT,2025 Bowman Chrome Jackson Jobe Ascensions Black Refractor /10 Rookie CASE HIT
50,,,50 Jackson Jobe Paper Rookie Lot Of 10 ð¥ð¥,2025 Bowman Jackson Jobe RC #50 Paper Rookie Lot Of 10 Detroit Tigers ð¥ð¥
,,,Jackson Jobe Lot,2025 Bowman Jackson Jobe Lot
,,,"(8) Jackson Jobe Lot , , Heritage,","(8) Jackson Jobe 2025 Rookie Card Lot - Topps, Bowman, Heritage, Tigers"
,,,You Pick (1-100) Buy 5 Get 7 Free,2025 Bowman Baseball You Pick! (1-100) Buy 5 Get 7 Free!!!
50,,,50 Jackson Jobe Etched in Glass Variation ( ) PSA 10,2025 Bowman - Jackson Jobe #50 Etched in Glass Variation (RC) PSA 10!
50,,,50 Jackson Jobe (25) Card Rookie Lot,2025 Bowman Jackson Jobe (25) Card Rookie RC Lot Tigers #50
,,,Lot of 9 Cards JACKSON JOBE Rookie FOIL PARALLEL Chrome Insert,Lot of 9 Cards - JACKSON JOBE Rookie Topps FOIL PARALLEL Bowman Chrome Insert RC
BA-7,,,BA-7 Chrome Mega /5 Jackson Jobe Ascensions Red Rookie # PSA 7,Jackson Jobe 2025 Bowman Chrome Mega Ascensions Red Rookie #5/5 PSA 7 #BA-7
,,,#64 Jackson Merrill Chrome Mojo Refractor CGC 9,2025 Bowman #64 Jackson Merrill Chrome Mojo Refractor CGC 9
,,,Jackson Merrill Chrome Refractor Best Card #17,Jackson Merrill Chrome Refractor 2025 Bowman's Best Card #17 San Diego Padres
17,,,17 /99 Jackson Merrill Best Green Mini-Diamond Refractors,Jackson Merrill 2025 Bowman's Best #17 Green Mini-Diamond Refractors #/99
,,,Best Jackson Merrill Best Performances SD,2025 Bowman's Best Jackson Merrill Best Performances SD Padres
BP-6,,,BP-6 Best Best Performances Jackson Merrill Mini-Diamond...,2025 Bowman's Best - Best Performances Jackson Merrill #BP-6 Mini-Diamond...
,,,You Pick (1-100) Buy 5 Get 7 Free,2025 Bowman Baseball You Pick! (1-100) Buy 5 Get 7 Free!!!
,,,Best Jackson Merrill Aqua Refractor #/199,2025 Bowman's Best Jackson Merrill Aqua Refractor #/199 Padres
17,,,17 /250 Best Jackson Merrill Purple Mojo,2025 Bowman's Best Jackson Merrill Purple Mojo /250 Padres #17
,,,JACKSON MERRILL BEST PURPLE REFRACTOR /250,JACKSON MERRILL 2025 BOWMAN'S BEST PURPLE REFRACTOR PADRES /250
BP-6,,,BP-6 Best Best Performance Jackson Merrill,2025 Bowman's Best - Best Performance Jackson Merrill #BP-6
17,,,17 /250 Best Jackson Merrill Purple Mojo Refractor,2025 Bowman's Best - Jackson Merrill #17 Purple Mojo Refractor /250
17,,,17 /250 Best Jackson Merrill Purple Mojo Refractor,2025 Bowman's Best - Jackson Merrill #17 Purple Mojo Refractor /250
17,,,17 /75 Best Jackson Merrill Yellow Lazer Refractors,2025 Bowman's Best #17 Jackson Merrill Yellow Lazer Refractors #/75
17,,,17 /99 Best Jackson Merrill Green Refractor,2025 Bowman's Best - Jackson Merrill #17 Green Refractor /99
17,,,17 /199 Best Jackson Merrill Aqua Lava Refractor,2025 Bowman's Best #17 Jackson Merrill Aqua Lava Refractor /199 Padres
,,,Best Serial Numbered Jackson Merrill /99,Topps 2025 Bowman's Best Serial Numbered Jackson Merrill San Diego Padres /99
17,,,17 /199 Best Jackson Merrill Aqua Lava Refractor,2025 Bowman's Best #17 Jackson Merrill Aqua Lava Refractor /199 Padres
,,,Chrome Jackson Merrill #38 Black Geo 3/10 # Match Feat. & Auto Lot,2025 Bowman Chrome Jackson Merrill #38 Black Geo  3/10 # Match Feat. & Auto Lot
,,,Chrome Jackson Merrill Black Refractor /10 CGC 10 PRISTINE,2025 Bowman Chrome Jackson Merrill Black Refractor /10 CGC 10 PRISTINE!
,,,Chrome Gold Refractor Jackson Merrill Serial # 39/75 PSA 10,2025 Bowman Chrome Gold Refractor Jackson Merrill Serial # 39/75 PSA 10
17,,,17 /199 Best JACKSON MERRILL Aqua Lava Refractor,2025 Bowman's Best - JACKSON MERRILL - #17 Aqua Lava Refractor /199 - Padres
BP-53,,,BP-53 Paper Jacob Bresnahan 5 Card Lot,2025 Bowman Prospect Paper Jacob Bresnahan  #BP-53 5 Card Lot
,,,Jacob Bresnahan Chrome Green Shimmer Auto 63/99 SGC 10/10,Jacob Bresnahan 2025 Bowman 1st Chrome Green Shimmer Auto 63/99 SGC 10/10!
BP-53,,,BP-53 Jacob Bresnahan Paper Lot Of 10 SF Giantsð¥ð¥,2025 Bowman Jacob Bresnahan 1st Paper Prospects Lot Of 10 BP-53 SF Giantsð¥ð¥
,,,Jacob Bresnahan Gold Lava Refractor Auto /50 PSA 9,2025 Bowman Jacob Bresnahan Gold Lava Refractor Auto /50 PSA 9
57,,,57 /250 Jacob deGrom Best Purple,Jacob deGrom  2025 Bowman's Best - Purple  /250 #57 Rangers
57,,,57 Jacob DeGrom Best Wave Refractor SP,Jacob DeGrom 2025 Bowman's Best Wave Refractor SP #57 Rangers
57,,,57 /299 Best Jacob deGrom Mini-Diamond Refractors,2025 Bowman's Best #57 Jacob deGrom Mini-Diamond Refractors #/299
,,,Jacob Degrom Chrome Refractor Best Card #57,Jacob Degrom Chrome Refractor 2025 Bowman's Best Baseball Card #57 Texas Rangers
,,,Chrome Jacob deGrom True Blue Refractor /150 #47 SGC 10,2025 Bowman Chrome Jacob deGrom True Blue Refractor /150 #47 Rangers SGC 10
57,,,57 /250 Best Jacob deGrom Purple Mojo Refractor,2025 Bowman's Best - Jacob deGrom #57 Purple Mojo Refractor /250
,,,You Pick (1-100) Buy 5 Get 7 Free,2025 Bowman Baseball You Pick! (1-100) Buy 5 Get 7 Free!!!
,,,Jacob DeGrom Chrome Sapphire GOLD /50 PSA 9 POP 1 #47,Jacob DeGrom 2025 Bowman Chrome Sapphire GOLD /50 PSA 9 POP 1 RANGERS #47
57,,,57 /350 Best Jacob deGrom - Lazer Refractor,2025 Bowman's Best - Jacob deGrom - #57 - Rangers - Lazer Refractor /350
57,,,57 /99 Best Jacob deGrom Green Refractors,2025 Bowman's Best #57 Jacob deGrom Green Refractors #/99
,,,Best Jacob deGrom Green Mini-Diamond Refractor 79 /99,2025 Bowman's Best - Jacob deGrom Green Mini-Diamond Refractor 79 /99
57,,,57 /250 Best Jacob deGrom Purple Mojo Refractor,2025 Bowman's Best - Jacob deGrom #57 Purple Mojo Refractor /250
57,,,57 /250 Best Jacob deGrom True Purple Refractor SP,2025 Bowman's Best Jacob deGrom True Purple Refractor /250 #57 Rangers SP
57,,,57 /250 Jacob deGrom Best Purple Mojo,Jacob deGrom  2025 Bowman's Best - Purple Mojo /250 #57 Rangers
57,,,57 /299 Jacob deGrom Best Purple Bookend,Jacob deGrom  2025 Bowman's Best - Purple  /299 #57 Rangers Bookend
57,,,57 /250 Best Jacob deGrom Purple Mojo Refractor,Topps 2025 Bowman's Best Jacob deGrom Rangers #57 Purple Mojo Refractor /250
,,,Best Jacob deGrom Blue Refractor #/150,2025 Bowman's Best Jacob deGrom Blue Refractor #/150 Rangers
57,,,57 /350 Best Jacob deGrom Purple Lazer Refractor,2025 Bowman's Best Jacob deGrom Purple Lazer Refractor /350 #57
57,,,57 Best Jacob deGrom Refractor,2025 Bowman's Best #57 Jacob deGrom Refractor
57,,,57 /299 Best Jacob deGrom Mini-Diamond Refractor,2025 Bowman's Best Jacob deGrom Mini-Diamond Refractor /299 #57 Rangers
57,,,57 /350 Best Jacob Degrom Purple Lazer,2025 Bowman's Best #57 Jacob Degrom Purple Lazer /350!
57,,,57 /99 Best Jacob deGrom Green Mini-Diamond Refractor,2025 Bowman's Best - Jacob deGrom #57 Green Mini-Diamond Refractor /99
,,,Chrome Scouts Top 100 Complete Your Set Insert Refractors,2025 Bowman Chrome Scouts Top 100 - Complete Your Set - Insert Refractors
,,,"Jacob Melton 2026 Mojo / Diamante Rookies, 21 Card Lot","Jacob Melton 2026 Topps Mojo / Diamante Rookies, Houston Astros 21 Card Lot"
,,,MLB Chrome Rookies Card Lot 15 Cards,MLB Topps Chrome Rookies 2025 Card Lot 15 Cards
,,,Scout's Top 100 inserts (choose your player),2025 Bowman Baseball - Bowman Scout's Top 100 inserts (choose your player)
,,,"Brice Matthews, Melton, Walker Janek Best Triple Auto Gold /50","Brice Matthews, Melton,  Walker Janek 2025 Bowman's Best Triple Auto Gold /50"
,,,Best Jacob Misiorowski #TP-12 Purple Mojo Refractor /250,2025 Bowman's Best Jacob Misiorowski #TP-12 Purple Mojo Refractor /250 Brewers
,,,JACOB MISIOROWSKI Best CIRCUITRY Lot 10,JACOB MISIOROWSKI 2025 Bowman's Best CIRCUITRY - Milwaukee Brewers RC Lot 10
,,,Jacob Misiorowski Best Circuitry Lava Refractor #48/50,Jacob Misiorowski 2025 Bowman's Best Circuitry Lava Refractor #48/50 - Brewers
,,,Best Jacob Misiorowski Auto #B25-JMI 04/75,Topps 2025 Bowman's Best Jacob Misiorowski Brewers Auto #B25-JMI 04/75
,,,Best Jacob Misiorowski #TP-12 Blue Lazer Refractor /150,2025 Bowman's Best Jacob Misiorowski #TP-12 Blue Lazer Refractor /150 Milwaukee
,,,Best Jacob Misiorowski #TP-12 Purple Lazer Refractor /250,2025 Bowman's Best Jacob Misiorowski #TP-12 Purple Lazer Refractor /250 Brewers
,,,Best JACOB MISIOROWSKI Circuitry ROOKIE #C-11,2025 Bowman's Best JACOB MISIOROWSKI Circuitry Brewers ROOKIE #C-11
,,,Jacob Misiorowski Best #TP-12 Refractor,Jacob Misiorowski 2025 Bowman's Best #TP-12 Refractor
,,,Best Jacob Misiorowski Auto Blue Refractor /150 Autograph,2025 Bowman's Best Jacob Misiorowski Auto Blue Refractor /150 Brewers Autograph
,,,Bowmans Best #TP-12 Jacob Misiorowski Aqua Refractor /199,2025 Bowmans Best  #TP-12 Jacob Misiorowski RC Aqua Refractor /199 Brewers
,,,Best Jacob Misiorowski TP-12 Refractor Top MLB,2025 Bowman's Best Jacob Misiorowski TP-12 Refractor Top Prospects - Brewers MLB
,,,BEST JACOB MISIOROWSKI #TP-12 PURPLE MOJO REFRACTOR 42/250,2025 BOWMAN'S BEST JACOB MISIOROWSKI #TP-12 PURPLE MOJO REFRACTOR 42/250
,,,Best Jacob Misiorowski Top Rookie TP-12,2025 Topps Bowman's Best Jacob Misiorowski Brewers Top Prospects Rookie TP-12
,,,Best Jacob Misiorowski Auto Black Refractor 04/10,2025 Bowman's Best Jacob Misiorowski Auto Black Refractor 04/10
,,,Best #TP-12 Jacob Misiorowski Wave Refractors,2025 Bowman's Best #TP-12 Jacob Misiorowski Wave Refractors
,,,Best Lazer Refractor Jacob Misiorowski 247/350,2025 Bowman's Best Lazer Refractor Jacob Misiorowski 247/350
,,,Best Jacob Misiorowski #TP-12 Refractor parallel SP,2025 Bowman's Best Jacob Misiorowski #TP-12 Refractor parallel SP
,,,Best Jacob Misiorowski Blue Refractor #/150,2025 Bowman's Best Jacob Misiorowski Blue Refractor #/150 Brewers
,,,Best Jacob Misiorowski Aqua Lava Refractor /199,2025 Topps Bowman's Best Jacob Misiorowski Aqua Lava Refractor /199
,,,Best Jacob Misiorowski Yellow Lazer Refractor /75,2025 Bowman's Best Jacob Misiorowski Yellow Lazer Refractor /75 Brewers
,,,Jacob Misiorowski Best Circuitry C-11,Jacob Misiorowski 2025 Bowman's Best Circuitry C-11 Milwaukee Brewers
,,,Best Jacob Misiorowski Circuitry-,2025 Bowman's Best Baseball Jacob Misiorowski Circuitry-Brewers
,,,Best Jacob Misiorowski 03/10 True Black Refractor,2025 Topps Bowman's Best Jacob Misiorowski 03/10 True Black Refractor
,,,Bowmanâs Best Jacob Misiorowski Top REFRACTOR GEM MINT PTA 10ð¥,2025 Bowmanâs Best Jacob Misiorowski Top Prospects REFRACTOR GEM MINT PTA 10ð¥
,,,Best Top Jacob Misiorowski #TP-12 Aqua Refractor /199,2025 Bowman's Best - Top Prospects Jacob Misiorowski #TP-12 Aqua Refractor /199
,,,Best Circuitry Jacob Misiorowski #C-11 ( ),2025 Bowman's Best - Circuitry Jacob Misiorowski #C-11 (RC)
,,,Best Jacob Misiorowski Blue X-Fractor /150,2025 Bowman's Best Jacob Misiorowski Blue X-Fractor /150
,,,Best Jacob Misiorowski Best of Auto Purple Refractor /75,2025 Bowman's Best Jacob Misiorowski Best of Auto Purple Refractor /75 Brewers
,,,Best Jacob Misiorowski Circuitry-,2025 Bowman's Best Baseball Jacob Misiorowski Circuitry-Brewers
,,,Best Top Jacob Misiorowski TP-12 /250,2025 Topps Bowman's Best Top Prospects Jacob Misiorowski Brewers TP-12 /250
,,,Bowmanâs Best Jacob Misiorowski (19) Card Lot: /150-/250-/299 ++,2025 Bowmanâs Best Brewers Jacob Misiorowski (19) Card Lot: /150-/250-/299 ++
,,,Best Jacob Misiorowski Circuitry C-11,2025 Bowman's Best Jacob Misiorowski Circuitry C-11 Milwaukee Brewers
,,,Best Jacob Misiorowski Circuitry #C-11,2025 Bowman's Best Jacob Misiorowski Circuitry #C-11
,,,Jacob Misiorowski Best Top Lazer Refractor /350 #TP-12,Jacob Misiorowski 2025 Bowman's Best Top Prospect Lazer Refractor /350 #TP-12
,,,Best Jacob Misiorowski Yellow Lazer Refractor /75 #TP-12,2025 Bowman's Best Jacob Misiorowski Yellow Lazer Refractor /75 #TP-12
,,,Best Jacob Misiorowski Aqua Lava Refractor /199 MIL,2025 Bowman's Best Jacob Misiorowski Aqua Lava Refractor /199 - MIL Brewers
31,,,31 Best Jacob Wilson Refractor ( ),2025 Bowman's Best - Jacob Wilson #31 Refractor (RC)
,,,JACOB WILSON BEST ROOKIE AQUA LAVA /199,JACOB WILSON 2025 BOWMAN'S BEST ROOKIE AQUA LAVA ATHLETICS RC /199
,,,Best Jacob Wilson Rookie Pixel Portraits Lava Refractor 49/50,2025 Bowman's Best Jacob Wilson Rookie Pixel Portraits Lava Refractor 49/50
GL-16,,,GL-16 Graded Jacob Wilson # Green Refractor / Card PSA 10,Graded 2025 Bowman Jacob Wilson #GL16 Green Refractor /RC Baseball Card PSA 10
,,,Chrome Jacob Wilson #1 Green Refractor /99 ( ) Psa 8 Color Match,2025 Bowman Chrome - Jacob Wilson #1 Green Refractor /99 (RC) Psa 8 Color Match
,,,Best Jacob Wilson Circuitry Mini Diamond Refractor Rookie #C-4,2025 Bowman's Best Jacob Wilson Circuitry RC Mini Diamond Refractor Rookie #C-4
,,,CHROME JACOB WILSON TRUE GOLD REFRACTOR ROOKIE SP #30/50 PSA 9,2025 BOWMAN CHROME JACOB WILSON RC TRUE GOLD REFRACTOR ROOKIE SP #30/50 PSA 9!
31,,,31 /250 Best Jacob Wilson Purple Mojo Refractor ( ),2025 Bowman's Best - Jacob Wilson #31 Purple Mojo Refractor /250 (RC)
,,,(1280) Paper & ROOKIE BULK Lot James Wood Jacob Wilson,(1280) 2025 Bowman Paper Prospects 1st & ROOKIE BULK Lot James Wood Jacob Wilson
31,,,31 Best Jacob Wilson Refractors,2025 Bowman's Best #31 Jacob Wilson Refractors
,,,Jacob Wilson Rookie 4 Card Lot Purple Refractor /250 A's MLB SP,2025 Bowman Jacob Wilson Rookie 4 Card Lot Purple Refractor /250 A's RC MLB SP
31,,,31 /99 Best Jacob Wilson Green Refractor Rookie,2025 Bowman's Best #31 Jacob Wilson Green Refractor /99 Rookie RC Athletics
31,,,31 Best Jacob Wilson Refractor ( ),2025 Bowman's Best - Jacob Wilson #31 Refractor (RC)
31,,,31 Best Jacob Wilson - Refractor,2025 Bowman's Best #31 - Jacob Wilson - Rookie Card - Athletics Refractor
,,,Best Jacob Wilson Gold Mini-Diamond Auto /50,2025 Bowman's Best Jacob Wilson Gold Mini-Diamond Auto /50 RC
,,,Jacob Wilson ( ) Mini-Diamond Circuitry SP Best #TP-16,Jacob Wilson (RC) Mini-Diamond Circuitry SP 2025 Bowman's Best #TP-16 Athletics
31,,,31 /250 Best Jacob Wilson Rookie Purple Lazer Refractor,2025 Bowman's Best #31 Jacob Wilson Rookie Purple Lazer Refractor /250
31,,,31 /250 Best Jacob Wilson Purple Refractor ( ),2025 Bowman's Best - Jacob Wilson #31 Purple Refractor /250 (RC)
,,,Bowmanâs Best Jacob Wilson (35) Lot: /199-/250-Pixel+,2025 Bowmanâs Best Athletics Jacob Wilson (35) Rookie Card Lot: /199-/250-Pixel+
,,,Chrome Jacob Wilson #MM-7 Melt Mashers Mini Diamond /150 ( ),2025 Bowman Chrome - Jacob Wilson #MM-7 - Melt Mashers Mini Diamond /150 (RC)
,,,JACOB WILSON CHROME RED ROOKIE REDEMPTION #9 PSA 9 MINT,JACOB WILSON 2025 BOWMAN CHROME RED ROOKIE REDEMPTION #9 PSA 9 MINT
,,,Jacob Wilson MEGA BOX Red Mojo Chrome Refractor /5 PSA 9 SSP,Jacob Wilson 2025 Bowman MEGA BOX Red Mojo Chrome Refractor /5 PSA 9 SSP RC
,,,CHROME PRSPCT AUTO PEARL REFRACTOR #CPAJF JADYN FIELDER 3/10 PSA 9,2025 BOWMAN CHROME PRSPCT AUTO PEARL REFRACTOR #CPAJF JADYN FIELDER 3/10 PSA 9
,,,PSA 10 Chrome Autographs Jadyn Fielder Mini Diamond /100,PSA 10 2025 Bowman Chrome Prospect Autographs Jadyn Fielder Mini Diamond /100
,,,Chrome JADYN FIELDER Auto Gem Mint PSA 10,2025 Bowman Chrome JADYN FIELDER Brewers Prospect 1st Auto Gem Mint PSA 10
,,,Chrome Jadyn Fielder Auto Gold Shimmer #/50 PSA 10 GEM ð MINT,2025 Bowman Chrome Jadyn Fielder  1st Auto Gold Shimmer #/50 PSA 10 GEM ð MINT
CPA-JF,,,CPA-JF Chrome Jadyn Fielder Auto PSA 10 Gem Mint,2025 Bowman Chrome Jadyn Fielder Auto 1st PSA 10 Gem Mint Brewers CPA-JF
,,,Chrome Draft Jadyn Fielder Gum Ball /5 Rookie SP SSP PSA 10,2025 Bowman Chrome Draft Jadyn Fielder Gum Ball /5 1st RC Rookie SP SSP PSA 10
,,,Jadyn Fielder Chrome Peanuts Snack Pack Auto /5 PSA 10,Jadyn Fielder 2025 1st Bowman Chrome Prospects Peanuts Snack Pack Auto /5 PSA 10
,,,Chrome Autograph Refractor Jadyn Fielder Auto #/499 SGC 9.5,2025 Bowman Chrome Autograph Refractor Jadyn Fielder RC Auto #/499 SGC 9.5 1ST
,,,CHROME DRAFT JADYN FIELDER RED REFRACTOR AUTO 1/5 PSA 10 Pop 1,2025 Bowman CHROME DRAFT JADYN FIELDER RED REFRACTOR AUTO 1/5 PSA 10 Pop 1  RC
,,,Chrome Jadyn Fielder Yellow Refractor Auto /150 (PSA 9),2025 1st Bowman Chrome - Jadyn Fielder - Yellow Refractor Auto - /150 (PSA 9)
,,,Chrome Jadyn Fielder Autograph Gold Shimmer /50 PSA 9 SP,2025 Bowman Chrome 1st Jadyn Fielder Autograph Gold Shimmer /50 PSA 9 Brewers SP
,,,Chrome Auto Orange Shimmer Jadyn Fielder 23/25 PSA 9,2025 1st Bowman Chrome Prospects Auto Orange Shimmer Jadyn Fielder 23/25 PSA 9
,,,CHROME PRSPCT AUTOS PURPLE REFRACTOR JADYN FIELDER 179/250 PSA 9,2025 BOWMAN CHROME PRSPCT AUTOS PURPLE REFRACTOR JADYN FIELDER 179/250 PSA 9
,,,CHROME PRSPCT AUTOS GREEN LAVA #CPAJF JADYN FIELDER 71/99 PSA 9,2025 BOWMAN CHROME PRSPCT AUTOS GREEN LAVA #CPAJF JADYN FIELDER 71/99 PSA 9
,,,CHROME PRSPCT AUTOS YELLOW REFRACTOR JADYN FIELDER 63/75 PSA 8,2025 BOWMAN CHROME PRSPCT AUTOS YELLOW REFRACTOR JADYN FIELDER 63/75 PSA 8
CPA-JF,,,"CPA-JF Chrome /150 # JADYN FIELDER AUTOGRAPH BLUE REFRACTOR , PSA 10","2025 BOWMAN CHROME #CPA-JF JADYN FIELDER AUTOGRAPH BLUE REFRACTOR #/150, PSA 10"
,,,Chrome Jadyn Fielder AUTO SGC 10 POP 3,2025 Bowman Chrome Jadyn Fielder PROSPECT AUTO SGC 10 POP 3
,,,CHROME JADYN FIELDER AUTO ORANGE AUTOGRAPH # 22/25 MINT PSA 9,2025 BOWMAN CHROME JADYN FIELDER RC AUTO ORANGE AUTOGRAPH # 22/25 MINT PSA 9
,,,PSA 10 Chrome Autographs Jadyn Fielder Mini Diamond /100,PSA 10 2025 Bowman Chrome Prospect Autographs Jadyn Fielder Mini Diamond /100
CPA-JF,,,CPA-JF Chrome /250 Jadyn Fielder Rookie Auto Purple Refractor PSA 10,Jadyn Fielder 2025 Bowman Chrome Rookie Auto Purple Refractor /250 PSA 10 CPA-JF
CPA-NF,,,CPA-NF /499 Jadyn Fielder Refractor Autograph # Psa 10,2025 Bowman Jadyn Fielder 1st Refractor Autograph /499 #CPA-NF Psa 10
,,,Chrome Jadyn Fielder Auto PSA 10,2025 Bowman Chrome Jadyn Fielder Auto PSA 10
,,,Best Jackson & Jaison Chourio Family Tree Dual Auto /25 #FDA-CC,2025 Bowman's Best Jackson & Jaison Chourio Family Tree Dual Auto /25 #FDA-CC
,,,Inserts Pick Your Card,2025 Bowman Inserts Pick Your Card
,,,CHROME JAISON CHOURIO SCOUTS TOP 100-GOLD SSP /50-PSA 10,2025 BOWMAN CHROME JAISON CHOURIO SCOUTS TOP 100-GOLD SSP /50-PSA 10
,,,Cards Parallels and Rookies ð¥Epic 38-Card Lot,2025 Blue Jays Baseball Cards - Parallels and Rookies ð¥Epic 38-Card Lot
BP-143,,,BP-143 Paper Jakob Wright 5 Card Lot,2025 Bowman Prospect Paper Jakob Wright Los Angeles Dodgers #BP-143 5 Card Lot
BCP-143,,,BCP-143 Chrome /199 Jakob Wright Fuchsia Reptilian PSA 9,Jakob Wright 2025 Bowman Chrome 1st Fuchsia Reptilian /199 #BCP-143 PSA 9
,,,(1-150) You Pick Buy 5 Get 7 Free,2025 Bowman Baseball Prospects (1-150) You Pick! Buy 5 Get 7 Free!!!
CPA-JWR,,,"CPA-JWR Chrome Jakob Wright Autographed Card # , PSA Graded","2025 Bowman Chrome Jakob Wright Autographed Prospect Card #CPA-JWR, PSA Graded"
BP-143,,,BP-143 Paper Jakob Wright 6 Card Lot,2025 Bowman Prospect Paper Jakob Wright Los Angeles Dodgers #BP-143 6 Card Lot
BP-143,,,BP-143 Jakob Wright (25) Card Lot,2025 Bowman Jakob Wright (25) Card 1st Bowman Lot Dodgers #BP-143
BCP-143,,,BCP-143 Chrome /3 Jakob Wright Firefractor # PSA 9,2025 Bowman Chrome Jakob Wright Firefractor 1st Bowman #3/3 #BCP-143 PSA 9
,,,Jakob Wright Complete Rainbow Paper Set (just Missing 1/1),2025 Bowman Jakob Wright Complete Rainbow Paper Set (just Missing 1/1)
BCP-39,,,BCP-39 Chrome James Tibbs III Rookie Lot Of 6,James Tibbs III Prospect Rookie 2025 Bowman Chrome #BCP-39 Giants Lot Of 6
,,,Draft Chrome-James Tibbs III 2X,2025 Bowman Draft Chrome-James Tibbs III 2X
,,,Chrome James Tibbs III Rose Gold Mini Diamond /15 PSA 10,2025 Bowman Chrome Prospects James Tibbs III Rose Gold Mini Diamond /15 PSA 10
,,,Draft James Tibbs III #BD-74 Gold /50 ( ),2025 Bowman Draft - James Tibbs III #BD-74 Gold /50 (RC)
,,,Draft #BDC-74 James Tibbs III Chrome,2025 Bowman Draft #BDC-74 James Tibbs III Chrome
,,,JAMES TIBBS III DRAFT #BD-74,JAMES TIBBS III DODGERS  2025 BOWMAN DRAFT #BD-74
,,,Draft Chrome James Tibbs III #BDC-74 Sky Blue Refractor ( ),2025 Bowman Draft - Chrome James Tibbs III #BDC-74 Sky Blue Refractor (RC)
,,,Draft #BDC-74 James Tibbs III True Black 02/10 LA,2025 Bowman Draft #BDC-74 James Tibbs III True Black 02/10 LA Dodgers
BCP-39,,,BCP-39 JAMES TIBBS III Bubblegum Snack Pack PSA 9,2025 Bowman JAMES TIBBS III Bubblegum BCP-39 Snack Pack PSA 9
,,,James Tibbs III 2025Â Draft RefractorÂ #BD-74,James Tibbs III Los Angeles Dodgers 2025Â Bowman Draft RefractorÂ #BD-74
,,,DRAFT James Tibbs III Rookie Graded GEM MINT PTA 10ð¥,2025 BOWMAN DRAFT James Tibbs III 1ST BOWMAN Rookie Graded GEM MINT PTA 10ð¥
,,,James Tibbs III Purple Geometric Refractor /250 Draft #BDC-74,James Tibbs III Purple Geometric Refractor /250 - 2025 Bowman Draft #BDC-74
,,,Draft Chrome James Tibbs III #BDC-74 Blue Refractor #/150,2025 Bowman Draft - Chrome James Tibbs III #BDC-74 Blue Refractor #/150 Dodgers
,,,Draft Chrome Sapphire James Tibbs III #BDC-74,2025 Bowman Draft Chrome Sapphire James Tibbs III #BDC-74 - 1st Dodgers
,,,James Tibbs III Megabox Purple Mojo Auto /199 PSA 9 AUTO 10 #BMA-JT,James Tibbs III 2025 Bowman Megabox Purple Mojo Auto /199 PSA 9 AUTO 10 #BMA-JT
,,,James Tibbs III Retro Logo Foil SSP PSA 10 Pop 1 Hot,James Tibbs III 2025 Bowman Retro Logo Foil SSP - PSA 10 - Pop 1 - Hot Prospect!
,,,Draft Chrome James Tibbs III #BDC-74,2025 Bowman Draft Chrome - James Tibbs III #BDC-74
,,,Chrome Scouts Top 100 Complete Your Set Insert Refractors,2025 Bowman Chrome Scouts Top 100 - Complete Your Set - Insert Refractors
,,,Inserts **Complete Your Set** You pick multiple (3 minimum purchase),2025 Bowman Inserts **Complete Your Set** You pick multiple (3 minimum purchase)
,,,Best James Wood 24 Purple Refractor Rookie 161/250,2025 Bowman's Best James Wood 24 Purple Refractor Rookie 161/250 Nationals RC
,,,Best James Wood Rookie Purple Refractor 201/250,2025 Topps Bowman's Best - James Wood Rookie Purple Refractor 201/250 Nationals
HS-5,,,HS-5 /125 James Wood # Hobby Stars Aqua Refractor PSA 10,2025 Bowman James Wood #HS5 RC Hobby Stars Aqua Refractor /125 PSA 10
24,,,24 Best James Wood Refractors,2025 Bowman's Best #24 James Wood Refractors
24,,,24 Best James Wood Wave Refractor,2025 Bowman's Best James Wood #24 Wave Refractor RC Nationals
BS-1,,,BS-1 Best James Wood Showpieces Mini DMD PSA 9 ( ),2025 Bowman's Best James Wood Showpieces Mini DMD #BS-1 PSA 9 (RC) Nationals
,,,Chrome M/B James Wood Rookie Green Refractor #/99 ( ) #29 PSA 8,2025 Bowman Chrome M/B James Wood Rookie Green Refractor #/99 (RC) #29 PSA 8
BWC-15,,,BWC-15 James Wood Crystallized # PSA 10 Gem Mint Short Print,2025 Bowman James Wood Crystallized #BWC15 PSA 10 Gem Mint  Short Print
,,,Best James Wood Best-Tek Blue ( ) /75,2025 Bowman's Best - James Wood - Best-Tek Blue (RC) /75
24,,,24 /250 JAMES WOOD BEST ROOKIE PURPLE LAZER,JAMES WOOD 2025 BOWMAN'S BEST ROOKIE PURPLE LAZER /250 #24 NATIONALS
BS-1,,,BS-1 Best Showpieces James Wood ( ),2025 Bowman's Best - Bowman Showpieces James Wood #BS-1 (RC)
,,,Best James Wood ( ),2025 Bowman's Best - James Wood - Rookie Card (RC)
,,,James Wood Yellow Rookie /75 PSA 10,2025 Bowman James Wood Yellow Rookie /75 PSA 10 Nationals
,,,James Wood Best Showpieces Rookie,James Wood 2025 Bowman's Best Showpieces Washington Nationals Rookie RC
,,,James Wood Best Refractor Rookie,James Wood 2025 Bowman's Best Refractor Washington Nationals Rookie RC
,,,CHROME ROOKIE AUTOS REFRACTOR #CRAJW JAMES WOOD 265/499 PSA 10,2025 BOWMAN CHROME ROOKIE AUTOS REFRACTOR #CRAJW JAMES WOOD 265/499 PSA 10
,,,James Wood Chrome It Came to the League Gold #'d /50 #IT-15,James Wood 2025 Bowman Chrome It Came to the League Gold #'d /50 - #IT-15 - RC
,,,Best James Wood Showpieces Mini-Diamond Case Hit,2025 Bowman's Best James Wood - Showpieces Mini-Diamond - Case Hit! - Nationals
,,,Chrome Meteoric Rise James Wood #MR-5 EV,2025 Bowman Chrome - Meteoric Rise James Wood #MR-5 RC EV
,,,Best James Wood Yellow Lazer Bookend of #/75,Bowman's Best 2025 James Wood Yellow Lazer Bookend of #/75
,,,CHROME JANCEL VILLARROEL BLACK X-FRACTOR #'d /10 PSA 9 MINT,2025 BOWMAN CHROME JANCEL VILLARROEL 1st BLACK X-FRACTOR  #'d /10 - PSA 9 MINT
BP-26,,,BP-26 Jancel Villarroel Paper Lot Of 10 Astrosð¥ð¥,2025 Bowman Jancel Villarroel 1st Paper Prospects Lot Of 10 BP-26 Astrosð¥ð¥
,,,Jancel Villarroel Chrome Auto Orange Wave Refractor #/25 PSA 10,2025 Bowman Jancel Villarroel Chrome Auto Orange Wave Refractor 1st #/25 PSA 10!
,,,Jancel Villarroel Chrome Lot x8 Astros,2025 Bowman Jancel Villarroel 1st Bowman Chrome Lot x8 Astros
BP-84,,,BP-84 Paper Jansel Luis 5 Card Lot,2025 Bowman Prospect Paper Jansel Luis Arizona Diamondbacks #BP-84 5 Card Lot
,,,JANSEL LUIS CHROME AUTO SPECKLE REFRACTOR #/299 PSA 9,2025 BOWMAN JANSEL LUIS CHROME AUTO SPECKLE REFRACTOR 1st PROSPECT #/299 PSA 9
,,,"Jansel Luis Best Of Auto #B25-JL,","Jansel Luis 2025 Bowman's Best Of 2025 Auto #B25-JL, Diamondbacks"
BCP-150,,,BCP-150 Chrome â¢ BCP-1â â¢ YOU PICK NM/M,2025 Bowman â¢ Baseball Chrome Prospects BCP-1âBCP-150 â¢ YOU PICK NM/M
,,,Best Jansel Luis #B25-JL On Card Auto,2025 Bowman's Best - Jansel Luis #B25-JL On Card Auto - Diamondbacks Prospect
,,,Jansel Luis Chrome Gold Geometric 6/50 PSA 10,2025 Bowman - Jansel Luis Chrome Prospects Gold Geometric 6/50 PSA 10
,,,Bowmanâs Best Autograph AU-Orange PSA 9 # 1/25 Jansel Luis,2025 Bowmanâs Best  Autograph AU-Orange PSA  9 # 1/25 Jansel Luis
,,,"Best Best of Autographs Jansel Luis #B25-JL (AU, )","2025 Bowman's Best - Best of 2025 Autographs Jansel Luis #B25-JL (AU, RC)"
,,,Best Jansel Luis Auto B25-JL,2025 Bowman's Best Jansel Luis Auto B25-JL Arizona Diamondbacks
,,,Best Jansel Luis Best of Autograph Refractor #B25-JL,2025 Bowman's Best Jansel Luis Best of 2025 Autograph Refractor #B25-JL
,,,Jansel Luis Chrome Pros Black Geometric /10 PSA 10 Top,2025 Bowman Jansel Luis Chrome Pros Black Geometric /10 PSA 10 Top Prospect
,,,Best Jansel Luis Best of Auto #B25-JL,2025 Bowman's Best - Jansel Luis Best of 2025 Auto #B25-JL Diamondbacks
,,,Jansel Luis Best True Orange Refractor /25 B25-JL Rookie Auto,Jansel Luis 2025 Bowman's Best True Orange Refractor /25 B25-JL Rookie Auto!
,,,Chrome Jansel Luis Orange Geometric Refractor /25 PSA 10,2025 1st Bowman Chrome Jansel Luis Orange Geometric Refractor /25 PSA 10
BP-85,,,BP-85 (9) Jared Sundstrom Lot,(9) 2025 Bowman Jared Sundstrom 1st Rookie Card Lot Seattle Mariners RC #BP-85
BCP-85,,,BCP-85 Chrome /50 PRSPCT GOLD Shimmer # JARED SUNDSTROM PSA 8,2025 BOWMAN CHROME PRSPCT GOLD Shimmer #BCP85 JARED SUNDSTROM 35/50 PSA 8
CPA-JSU,,,CPA-JSU Chrome /25 # Jared Sundstrom Auto Orange Wave SGC 8,2025 Bowman #CPA-JSU Jared Sundstrom Chrome Prospect Auto Orange Wave /25 SGC 8
,,,CHROME AUTO ORANGE WAVE #CPAJSU JARED SUNDSTROM 10/25 PSA 9,2025 BOWMAN CHROME PROSPECT AUTO ORANGE WAVE #CPAJSU JARED SUNDSTROM 10/25 PSA 9
,,,2024 Chrome #94 Jasson Dominguez Gold Refractor /50 PSA 9,2024 Bowman Chrome #94 Jasson Dominguez Gold Refractor /50 PSA 9 Yankees
,,,2024 Bowmanâs Best Jasson Dominguez ( ) Black Refractor Auto 09/10 PSA 9,2024 Bowmanâs Best Jasson Dominguez (RC) Black Refractor Auto   09/10 -   PSA 9
,,,2024 CHROME ROY FAVORITES SINGLES U PICK COMPLETE YOUR SET,2024 BOWMAN CHROME ROY FAVORITES SINGLES U PICK COMPLETE YOUR SET
,,,Jasson DomÃ­nguez 4-Card Rookie/ Lot â / /Vertex,Jasson DomÃ­nguez Yankees 4-Card Rookie/Prospect Lot â Topps/Bowman/Vertex
,,,Paper Rookies and Veterans Retail Auto Jasson Dominguez PSA 10,2025 Bowman Paper Rookies and Veterans Retail Auto Jasson Dominguez PSA 10
,,,*PRE-SALE* Jasson DomÃ­nguez MLB NOWÂ® Card 159,*PRE-SALE* Jasson DomÃ­nguez - 2025 MLB Topps NOWÂ® - Card 159
,,,*PRE-SALE* Jasson DomÃ­nguez MLB NOWÂ® Card 200,*PRE-SALE* Jasson DomÃ­nguez - 2025 MLB Topps NOWÂ® - Card 200
,,,366x 2024 & Lot (Rookie Cards Only),366x 2024 - 2025  Topps & Bowman RC Lot (Rookie Cards Only)
,,,", Series Jasson DomÃ­nguez Rookie Stars Of MLB Lot/3","Topps Bowman, Series Jasson DomÃ­nguez Rookie Stars Of MLB New York Yankees Lot/3"
,,,Javier Mogollon Auto HTA Choice /150 Whitesox PSA 10 â,2025 Bowman Javier Mogollon Auto HTA Choice /150 Whitesox PSA 10 â
,,,Javier Mogollon True Orange Auto PSA 10,2025 Bowman Javier Mogollon 1st Bowman True Orange Auto PSA 10
,,,Chrome Javier Mogollon Chrome 4 Card lot,2025 Bowman Chrome Javier Mogollon 1st Chrome 4 Card lot
BCP-68,,,BCP-68 Chrome /125 Javier Mogollon Aqua X-Fractor PSA 9,2025 Bowman #BCP-68 Javier Mogollon Chrome Prospects Aqua X-Fractor #/125 PSA 9
BCP-68,,,BCP-68 Chrome /250 Javier Mogollon Purple Refractor PSA 9,2025 Bowman #BCP-68 Javier Mogollon Chrome Prospects Purple Refractor /250 PSA 9
BCP-68,,,BCP-68 Chrome /5 Javier Mogollon Red Geometric PSA 9,2025 Bowman Chrome 1st Javier Mogollon #BCP-68 Red Geometric /5 PSA 9
,,,ð¥Javier Mogollon Green Grass Auto /99 PSA 10,ð¥Javier Mogollon 2025 Bowman 1st Bowman Green Grass Auto /99 Chicago PSA 10
,,,Chrome Javier Vaz Refractor Auto /499 PSA 9,2025 Bowman Chrome Javier Vaz Refractor Auto /499 PSA 9
,,,CHROME PRSPCT AUTOS GREEN GRASS #CPAJVA JAVIER VAZ 80/99 PSA 8,2025 BOWMAN CHROME PRSPCT AUTOS GREEN GRASS #CPAJVA JAVIER VAZ 80/99 PSA 8
,,,Javier Vaz Chrome Auto True Green Refractor #/99 PSA 10,2025 Bowman Javier Vaz Chrome Auto 1st True Green Refractor #/99 PSA 10
,,,Chrome Javier Vaz Pearl Refractor Auto /10 PSA 10 SP,2025 Bowman Chrome Javier Vaz Pearl Refractor Auto /10 PSA 10 SP
,,,Javier Vaz Yellow Auto 48/75 #CPAJVA PSA 10,2025 Bowman Javier Vaz 1st Yellow Auto 48/75 #CPAJVA PSA 10
CPA-JVA,,,CPA-JVA Chrome /75 Javier Vaz Yellow Auto # PSA 10,2025 Bowman Chrome Javier Vaz 1st Yellow Auto /75 #CPA- JVA PSA 10 Kansas City
,,,Chrome Scouts Top 100 Complete Your Set Insert Refractors,2025 Bowman Chrome Scouts Top 100 - Complete Your Set - Insert Refractors
,,,"Inserts- Top 100, ROY Favorites, VIP, Rockstar- Volume Discount","2025 Bowman Inserts- Top 100, ROY Favorites, VIP, Rockstar- Volume Discount"
,,,Scout's Top 100 inserts (choose your player),2025 Bowman Baseball - Bowman Scout's Top 100 inserts (choose your player)
,,,Scouts Top 100 Insert PICK YOUR CARD.,2025 Bowman Baseball - Bowman Scouts Top 100 Insert - PICK YOUR CARD.
,,,JEFFERSON ROJAS SCOUTS TOP 100 Lot 12,JEFFERSON ROJAS 2025 Bowman SCOUTS TOP 100 PROSPECTS - Chicago Cubs Lot 12
,,,Draft #BDC-75 Jefferson Rojas Chrome Aqua Reptilian Refractor #/125,2025 Bowman Draft #BDC-75 Jefferson Rojas Chrome Aqua Reptilian Refractor #/125
,,,DRAFT CHROME JEFFERSON ROJAS ROOKIE YELLOW REFRACTOR #/75,2025 BOWMAN DRAFT CHROME JEFFERSON ROJAS ROOKIE YELLOW REFRACTOR #/75
,,,Draft Jefferson Rojas #BD-75 ( ),2025 Bowman Draft - Jefferson Rojas #BD-75 (RC)
,,,Draft Jefferson Rojas Paper Sky Blue 424/499 #BD-75,2025 Bowman Draft Jefferson Rojas Paper Bowman Sky Blue 424/499 #BD-75 Cubs
,,,"Jefferson Rojas Lot (7) Draft â Sapphire, Chrome & Refractors","Jefferson Rojas Lot (7) 2025 Bowman Draft â Sapphire, Chrome & Refractors"
,,,Jefferson Rojas Draft Sapphire Gold Refractor /75,Jefferson Rojas 2025 Bowman Draft Sapphire Gold Refractor /75 Chicago Cubs
,,,Draft Sapphire Jefferson Rojas Chrome Orange Refractor #/25,2025 Bowman Draft Sapphire Jefferson Rojas Chrome Orange Refractor #/25 Cubs
,,,Draft Chrome JEFFERSON ROJAS #BDC-75,2025 Bowman Draft Chrome  JEFFERSON ROJAS  #BDC-75
,,,Draft Chrome JEFFERSON ROJAS Refractor #BDC-75,2025 Bowman Draft Chrome  JEFFERSON ROJAS  Refractor  #BDC-75
,,,Draft Sapphire Jefferson Rojas #BDC-75,2025 Bowman Draft Sapphire Jefferson Rojas Chicago Cubs #BDC-75
,,,Draft Card Jefferson Rojas #BD-75 Signed IP,2025 Bowman Draft Baseball Card Jefferson Rojas Chicago Cubs #BD-75 Signed IP
,,,Draft Jefferson Rojas #BDC-75 Purple Chrome Refractor /250,2025 Bowman Draft Jefferson Rojas #BDC-75 Purple Chrome Refractor /250 - Cubs
,,,Draft Set Paper Singles BD1-BD200 20 card lots New Lower Prices,2025 Bowman Draft Set Paper Singles BD1-BD200 20 card lots New Lower Prices
,,,JEFFERSON ROJAS DRAFT #BD-75,JEFFERSON ROJAS  CUBS   2025 BOWMAN DRAFT #BD-75
,,,Draft Jefferson Rojas Yellow Reptilian /75,2025 Bowman Draft Jefferson Rojas Yellow Reptilian /75
,,,Draft #BDC-75 Jefferson Rojas Chrome,2025 Bowman Draft #BDC-75 Jefferson Rojas Chrome
,,,Draft Jefferson Rojas True Blue Refractor /150 #BDC-75,2025 Bowman Draft Jefferson Rojas True Blue Refractor /150 Chicago Cubs #BDC-75
,,,Draft JEFFERSON ROJAS Sky Blue Parallel #058/499,2025 Bowman Draft JEFFERSON ROJAS Sky Blue Parallel #058/499 Cubs Prospect
,,,Draft Chrome Jefferson Rojas #BDC-75 Orange Refractor /25 ( ),2025 Bowman Draft - Chrome Jefferson Rojas #BDC-75 Orange Refractor /25 (RC)
,,,Jefferson Rojas Draft Chrome Green Reptilian Refractor 35/99,Jefferson Rojas 2025 Bowman Draft Chrome Green Reptilian Refractor 35/99  Cubs
,,,Draft Mega Lazer Refractor #BDC-75 Jefferson Rojas,2025 Bowman Draft Mega - Prospect Lazer Refractor #BDC-75 Jefferson Rojas Cubs
,,,Draft Jefferson Rojas Gold Geometric /50,2025 Bowman Draft Jefferson Rojas Gold Geometric /50 Cubs
,,,Draft Chrome JEFFERSON ROJAS Peanuts Refractor SSP,2025 Bowman Draft Chrome JEFFERSON ROJAS Cubs Peanuts Bowman 1st Refractor SSP
,,,Draft #BDC-75 Jefferson Rojas Chrome Sparkle Refractor,2025 Bowman Draft #BDC-75 Jefferson Rojas Chrome Sparkle Refractor
,,,Draft #BDC-75 Jefferson Rojas Chrome Sparkle Refractor,2025 Bowman Draft #BDC-75 Jefferson Rojas Chrome Sparkle Refractor
,,,Draft #BDC-75 Jefferson Rojas Chrome Purple Geometric #/250,2025 Bowman Draft #BDC-75 Jefferson Rojas Chrome Purple Geometric #/250
,,,Draft #BDC-75 Jefferson Rojas Chrome Laser Refractor,2025 Bowman Draft #BDC-75 Jefferson Rojas Chrome Laser Refractor
,,,Draft Sapphire Jefferson Rojas Red /5 #BDC-75,2025 Bowman Draft Sapphire Jefferson Rojas Red /5 Chicago Cubs #BDC-75
,,,Draft Chrome JEFFERSON ROJAS Steel Metal /100 SSP,2025 Bowman Draft Chrome JEFFERSON ROJAS Cubs Steel Metal 1st /100 Bowman SSP
,,,Draft Jefferson Rojas Chrome Purple Geometric Refractor /250,2025 Bowman Draft Jefferson Rojas Chrome Purple Geometric Refractor /250 Cubs
,,,Draft Paper (BD1-BD200): YOU PICK Complete Your Set 50% off 4+,2025 Bowman Draft Paper (BD1-BD200): YOU PICK Complete Your Set - 50% off 4+
,,,Draft Chrome Refractor Jefferson Rojas BDC-75,2025 Bowman Draft Chrome 1st Refractor Jefferson Rojas Cubs BDC-75
,,,Draft Jefferson Rojas Sky Blue Border #/499,2025 Bowman Draft Jefferson Rojas Sky Blue Border #/499 Cubs
,,,Draft Chrome Jefferson Rojas #BDC-75 ( ) blue refractor,2025 Bowman Draft - Chrome Jefferson Rojas #BDC-75 (RC) blue refractor
,,,Draft #BDC-75 Jefferson Rojas Chrome Orange Geometric #/25,2025 Bowman Draft #BDC-75 Jefferson Rojas Chrome Orange Geometric #/25
,,,Jefferson Rojas True Blue Refractor #/150 Draft #BD-75 ( ),Jefferson Rojas True Blue Refractor #/150 2025 Bowman Draft #BD-75 (RC)
,,,Draft Chrome Jefferson Rojas #BDC-75,2025 Bowman Draft Chrome Jefferson Rojas #BDC-75
,,,Best Base & Refractors You Pick Your Card,2025 Bowman's Best Baseball Base & Refractors You Pick Your Card
,,,2024 Draft Base Inserts Parallels You Pick,2024 Bowman Draft Baseball Base Inserts Parallels You Pick
,,,2024 Draft PAPER BD-1 BD-200 Complete Your Set Pick Your Cards,2024 Bowman Draft PAPER BD-1 - BD-200 Complete Your Set - Pick Your Cards
,,,Best Base You Pick Complete Your Set,2025 Bowman's Best Baseball Base - You Pick - Complete Your Set
,,,Best Base & Refractors Complete your set. and Superstars,2025 Bowman's Best - Base & Refractors  - Complete your set.  RC and Superstars
,,,2024 Draft Paper Singles... Bowmans and Huge Volume Discounts,2024 Bowman Draft Baseball Paper Singles...1st Bowmans and Huge Volume Discounts
,,,Bowmans Best REFRACTORS YOU PICK YOUR CARDS,2025 Bowmans Best REFRACTORS - YOU PICK YOUR CARDS
,,,Chrome Jesus Lopez Auto Speckle Refractor /299 PSA 10 GEM,2025 Bowman Chrome Jesus Lopez Auto Speckle Refractor 1st Bowman /299 PSA 10 GEM
BP-88,,,BP-88 Jesus Lopez Paper Lot Of 10 Texas Rangersð¥ð¥,2025 Bowman Jesus Lopez 1st Paper Prospects Lot Of 10 BP-88 Texas Rangersð¥ð¥
CPA-JLO,,,CPA-JLO /299 # Jesus Lopez Autographs Speckle Refractor PSA 10,2025 Bowman #CPA-JLO Jesus Lopez  Autographs Speckle Refractor PSA 10 #/299
CPA-JLO,,,CPA-JLO Chrome /25 Auto Jesus Lopez # Orange Wave PSA 9,2025 Bowman - Chrome Prospects Auto Jesus Lopez #CPA-JLO Orange Wave /25 PSA 9
,,,Jesus Made Draft Chrome FINAL DRAFT SSP CASE HIT #FD-4,Jesus Made 2025 Bowman Draft Chrome FINAL DRAFT SSP CASE HIT Brewers #FD-4
,,,Draft Jesus Made In Action Die Cut Orange /25 #BIA-5,2025 Bowman Draft Jesus Made In Action Die Cut Orange /25 #BIA-5
,,,Draft Chrome Jesus Made Achromatic Auto /250,2025 Bowman Draft Chrome Jesus Made Achromatic Auto /250 Brewers
,,,Draft Jesus Made Prized #PP-16 Rookie Card,2025 Bowman Draft Jesus Made Prized Prospects #PP-16 - Brewers Rookie RC Card
BP-66,,,BP-66 Paper # Jesus Made PSA 10,2025 Bowman Paper Prospects #BP66 Jesus Made PSA 10
1,,,1 2026 Paper -150: You Pick Complete Your Set -PreSale,2026 Bowman Baseball Paper Prospects #1-150: You Pick Complete Your Set -PreSale
,,,JESUS MADE DRAFT #BD-196,JESUS MADE  BREWERS  2025 BOWMAN DRAFT #BD-196
,,,Draft #BDC-196 Jesus Made Chrome,2025 Bowman Draft #BDC-196 Jesus Made Chrome
,,,Chrome Jesus Made Refractor Auto /499 PSA 9,2025 1st Bowman Chrome Jesus Made Refractor Auto /499 PSA 9
,,,Chrome Jesus Made Mega Future ð¥ PSA 9 Mint Case Hit ð¥,2025 Bowman Chrome Jesus Made Mega Future ð¥ PSA 9 Mint Case Hit ð¥ Milwaukee
50,,,50 /250 Jesus Made -Purple Mojo Ref SN PSA 9,2025 Bowman Jesus Made Prospect -Purple Mojo Ref 1st Bowman #50 SN/250 - PSA 9
,,,Jesus Made Draft #BDC-196 Chrome Refractor,Jesus Made 2025 Bowman Draft #BDC-196 Chrome Refractor
,,,Jesus Made Draft Chrome Achromatic Auto /250 Autograph,Jesus Made 2025 Bowman Draft Chrome Achromatic Auto /250 Brewers Autograph
CPA-JM,,,CPA-JM Chrome Jesus Made Signed # PSA Rated 9 Card,Jesus Made Milwaukee Brewers Signed 2025 Bowman Chrome #CPA-JM PSA Rated 9 Card
,,,Jesus Made Chrome AUTO PSA MOJO REFRACTOR #50,Jesus Made 2025 Bowman Chrome AUTO PSA  MOJO REFRACTOR BREWERS #50
,,,Draft in Action Jesus Made #BIA-5 Green Refractor /99 ( ),2025 Bowman Draft - Bowman in Action Jesus Made #BIA-5 Green Refractor /99 (RC)
,,,Draft Chrome Jesus Made #BDC-196 Refractor ( ),2025 Bowman Draft - Chrome Jesus Made #BDC-196 Refractor (RC)
BCP-50,,,BCP-50 Jesus Made Mini Diamond Refractor PSA 9,2025 Bowman Jesus Made Mini Diamond Refractor PSA 9 #BCP-50 1st Bowman RC
,,,Chrome Jesus Tillero Refracotr Auto /499 PSA 8 **PSA MISLABELED**,2025 Bowman Chrome Jesus Tillero Refracotr Auto /499 PSA 8 **PSA MISLABELED**
BCP-117,,,BCP-117 /50 Jesus Tillero Sapphire Gold Refractor PSA 10,2025 Jesus Tillero Bowman Sapphire #BCP-117 1st Gold Refractor 41/50 - PSA 10
BCP-117,,,BCP-117 Chrome /25 Jesus Tillero Orange Geometric PSA 9,2025 Bowman Chrome Prospects Jesus Tillero #BCP-117 Orange Geometric 1/25 PSA 9
CPA-JT,,,CPA-JT Chrome /150 Jesus Tillero Blue X-Fractor Auto PSA 9,Jesus Tillero 2025 Bowman Chrome Blue X-Fractor /150 1st Auto CPA-JT PSA 9
1,,,1 Paper -150: You Pick- Complete Your Set,2025 Bowman Baseball Paper Prospects #1-150: You Pick- Complete Your Set
BCP-150,,,BCP-150 Chrome â¢ BCP-1â â¢ YOU PICK NM/M,2025 Bowman â¢ Baseball Chrome Prospects BCP-1âBCP-150 â¢ YOU PICK NM/M
BCP-1,,,BCP-1 Chrome to BCP-252 You Pick 2 Card Minimum,2025 Bowman Chrome Prospects BCP-1 to BCP-252 You Pick - 2 Card Minimum
,,,Best Quad Autographs Card /25 - QA-PWLB,2025 Bowman's Best - Quad Autographs Card /25 - METS - QA-PWLB
,,,Top 100 Inserts (You Pick),2025 Bowman Baseball - Top 100 Prospects Inserts (You Pick)
84,,,84 x50 Dalton Rushing 2022 ( ) Draft lot/set,x50 Dalton Rushing 2022 (1st) Bowman Draft #84 Rookie Card RC lot/set Dodgers!!!
,,,Pick a Card Complete Your Set (BCP) Parallels and Inserts,2025 Bowman Pick a Card Complete Your Set (BCP) Parallels and Inserts
,,,2023 Draft Set Singles You PICK Complete your set #BD1-BD200,2023 Bowman Draft Baseball Set Singles You PICK Complete your set #BD1-BD200
,,,2023- 6x JETT WILLIAMS TOP LOT,2023-2025 6x JETT WILLIAMS TOP PROSPECT LOT BREWERS METS
1,,,1 Paper -150: You Pick- Complete Your Set,2025 Bowman Baseball Paper Prospects #1-150: You Pick- Complete Your Set
,,,PSA 10 JHANCARLOS LARA Chrome ORANGE GEOMETIC REFRACTOR/25 GEM MINT,PSA 10 JHANCARLOS LARA 2025 Bowman Chrome ORANGE GEOMETIC REFRACTOR/25 GEM MINT
BP-126,,,BP-126 (10) Jhancarlos Lara Lot,(10) 2025 Bowman Jhancarlos Lara 1st Rookie Card Lot #BP-126 Atlanta Braves RC
BCP-1,,,BCP-1 Chrome to BCP-252 You Pick 2 Card Minimum,2025 Bowman Chrome Prospects BCP-1 to BCP-252 You Pick - 2 Card Minimum
BP-123,,,BP-123 Paper Jhonayker Ugarte 5 Card Lot,2025 Bowman Prospect Paper Jhonayker Ugarte  #BP-123 5 Card Lot
,,,Jhonayker Ugarte Green Grass Auto 70/99 PSA 9 Mint,2025 Bowman Jhonayker Ugarte 1st Bowman Green Grass Auto 70/99 PSA 9 Mint
,,,JHONAYKER UGARTE CHROME PURPLE REFRACTOR PSA 8/10 AUTO /250,JHONAYKER UGARTE 2025 BOWMAN CHROME 1ST PURPLE REFRACTOR PSA 8/10 AUTO /250
,,,Chrome Jhonayker Ugarte AUTO SSP /75 PSA GEM 10**,2025 Bowman Chrome - Jhonayker Ugarte AUTO SSP /75 - PSA GEM 10**
BP-123,,,BP-123 Jhonayker Ugarte(25) Card Lot,2025 Bowman Jhonayker Ugarte(25) Card 1st Bowman Lot Royals #BP-123
,,,Jhonayker Ugarte Chrome Yellow Wave Refractor /75 PSA 10 POP 1,2025 Bowman Jhonayker Ugarte 1st Chrome Yellow Wave Refractor /75 PSA 10 POP 1
BCP-123,,,BCP-123 /199 Jhonayker Ugarte Fuchsia Reptilian Refractor Psa 10,2025 Bowman Jhonayker Ugarte 1st Fuchsia Reptilian Refractor /199 BCP-123 Psa 10
,,,You Pick (1-100) Buy 5 Get 7 Free,2025 Bowman Baseball You Pick! (1-100) Buy 5 Get 7 Free!!!
,,,Jhonkensy Noel Rockstar Rookies Insert Lot of 7,2025 Bowman Jhonkensy Noel Rockstar Rookies Insert Lot of 7
,,,Chrome Auto Orange Refractor /25 Jhonkensy Noel PSA 10,2025 Bowman Chrome Auto Orange Refractor /25 Jhonkensy Noel PSA 10
RR-12,,,RR-12 /25 # Jhonkensy Noel Orange Refractor PSA 10 ðPOP 1ð,2025 Bowman #RR12  Jhonkensy Noel Orange Refractor /25 PSA 10 ðPOP 1ð
,,,Red Rockstar Rookie Jhonkensy Noel 4/5 Rare PSA 9,2025 Bowman Red Rockstar Rookie Jhonkensy Noel 4/5 Rare PSA 9
,,,Draft Jhonny Level /75 Chrome Yellow Geometric,2025 Bowman Draft Jhonny Level /75 Chrome Yellow Geometric
,,,Draft #BDC-55 Jhonny Level True Yellow /75 Refractor,2025 Bowman Draft #BDC-55 Jhonny Level True Yellow /75 Refractor
,,,Draft Jhonny Level True Orange Refractor /25,2025 Bowman Draft Jhonny Level True Orange Refractor /25 Giants
,,,Draft #BDC-55 Jhonny Level Chrome Purple Geometric #/250,2025 Bowman Draft #BDC-55 Jhonny Level Chrome Purple Geometric #/250
,,,Jhonny Level Green Lava Refractor Auto /99 PSA 9,2025 Bowman Jhonny Level 1st Bowman Green Lava Refractor Auto /99 PSA 9
,,,Jhonny Level Draft Chrome Popcorn Refractor #BDC-55 Rookie SSP,Jhonny Level 2025 Bowman Draft Chrome Popcorn Refractor #BDC-55 Rookie SSP
,,,Jhonny Level Chrome Auto PSA 10 Gem Mint,2025 Bowman Jhonny Level Chrome 1st Auto PSA 10 Gem Mint
CPA-JL,,,CPA-JL /499 Jhonny Level Refractor Auto CGC 9,2025 Bowman Jhonny Level CPA-JL 1st Refractor Auto /499 CGC 9 Giants
,,,Jhonny Level Draft Sapphire #BDC-55,Jhonny Level 2025 Bowman Draft Sapphire #BDC-55 Giants
CPA-JL,,,CPA-JL /10 Jhonny Level Mini Diamond AUTO PSA-9 # #,Jhonny Level 2025 Bowman Mini Diamond AUTO 1st Bowman PSA-9 #008/10 #CPA-JL
,,,Pop 1 SSP Chrome Jhonny Level Red Lava PSA 10,Pop 1! SSP!! 2025 Bowman Chrome Jhonny Level Red Lava PSA 10!
,,,Draft Jhonny Level Chrome Green Grass Refractor /99,2025 Bowman Draft Jhonny Level Chrome Green Grass Refractor /99 Giants
,,,Chrome Jhonny Level Blue X-Fractor Auto /150 PSA 10,2025 Bowman Chrome Jhonny Level Blue X-Fractor 1st Auto /150 PSA 10 Giants
BCP-147,,,BCP-147 /10 Sapphire Jhonny Level Black # PSA 10,2025 Bowman Sapphire Jhonny Level 1st Black 3/10 #BCP147 PSA 10
BCP-147,,,BCP-147 Chrome /199 PSA 8 Jhonny Level Pink Mojo Refractor #,2025 Bowman Chrome PSA 8 1st Jhonny Level #BCP-147 Pink Mojo Refractor #157/199
,,,Chrome Jhonny Level FIRFRACTOR 3/3. PSA 9 Pop 1,2025 Bowman Chrome Jhonny Level FIRFRACTOR 3/3. PSA 9 Pop 1
,,,Draft Sapphire Jhonny Level Gold Refractor 46/50,2025 Bowman Draft Sapphire Jhonny Level Giants Gold Refractor 46/50
,,,Bowmans Best Jhostynxon Garcia Autograph Blue #27/150 #b25-jga Password,2025 Bowmans Best Jhostynxon Garcia Autograph Blue #27/150 #b25-jga Password!!
,,,"Best Best of Autographs Jhostynxon Garcia #B25-JGA (AU, )","2025 Bowman's Best - Best of 2025 Autographs Jhostynxon Garcia #B25-JGA (AU, RC)"
,,,Bowmans Best Jhostynxon Garcia Best Of Autograph Card Blue /150,2025 Bowmans Best - Jhostynxon Garcia Best Of 2025 Autograph Card - Blue /150
,,,"Best Best of Autographs Jhostynxon Garcia #B25-JGA (AU, )","2025 Bowman's Best - Best of 2025 Autographs Jhostynxon Garcia #B25-JGA (AU, RC)"
,,,Jhostynxon Garcia Auto Best #B25-JGA Best of Refractors,Jhostynxon Garcia Auto 2025 Bowman's Best #B25-JGA Best of 2025 Refractors
,,,Best Best of Autographs Jhostynxon Garcia #B25-JGA...,2025 Bowman's Best - Best of 2025 Autographs Jhostynxon Garcia #B25-JGA...
,,,"Best Jhostynxon Garcia Auto #B25-JGA (AU, )","2025 Bowman's Best - Jhostynxon Garcia Auto #B25-JGA (AU, RC)"
BCP-43,,,BCP-43 Chrome /499 Refractor Jhostynxon Garcia PSA 9,2025 Bowman Chrome Prospects Refractor #BCP-43 Jhostynxon Garcia /499 PSA 9
BCP-43,,,BCP-43 Chrome Jhostynxon Garcia 2 Card Lot,2025 Bowman Chrome Prospects Jhostynxon Garcia #BCP-43 2 Card Lot
,,,Best #B25-JGA Jhostynxon Garcia Best of Autographs,2025 Bowman's Best #B25-JGA Jhostynxon Garcia Best of 2025 Autographs
,,,Draft JJ Wetherholt #BD145 GMG Graded 10 Gem Mint ð Rookie,2025 Bowman Draft JJ Wetherholt #BD145 GMG Graded 10 Gem Mint ð Rookie RC
BP-22,,,BP-22 JJ Wetherholt Draft ð¥ Leadoff Hitter,JJ Wetherholt 2025 Bowman Draft 1st Bowman ð¥ Cardinals Leadoff Hitter #BP-22
,,,Chrome JJ Wetherholt Blue Refractor /150 PSA 10,2025 Bowman Chrome 1st JJ Wetherholt Blue Refractor /150 PSA 10
BCP-22,,,BCP-22 Chrome Mega JJ Wetherholt Box PSA 10 Gem Mint,JJ Wetherholt 2025 Bowman Chrome 1st Prospects Mega Box #BCP-22 PSA 10 Gem Mint
,,,JJ WETHERHOLT DRAFT #BD-145,JJ WETHERHOLT  CARDINALS  2025 BOWMAN DRAFT #BD-145
BCP-22,,,BCP-22 Chrome JJ Wetherholt Lot (4),2025 Bowman JJ Wetherholt 1st Bowman Chrome Lot (4) Cardinals BCP-22
BCP-22,,,BCP-22 Chrome JJ Wetherholt Reptilian Refractor PSA 9,2025 Bowman Chrome Prospects JJ Wetherholt #BCP-22 Reptilian Refractor PSA 9
,,,Draft Chrome JJ Wetherholt #BDC-145 Mojo Refractor ( ),2025 Bowman Draft - Chrome JJ Wetherholt #BDC-145 Mojo Refractor (RC)
,,,JJ Wetherholt Draft Sapphire Yellow Refractor /75,JJ Wetherholt 2025 Bowman Draft Sapphire Yellow Refractor  /75
BWC-13,,,BWC-13 JJ WETHERHOLT - CRYSTALLIZED ( ) CASE HIT PSA 9,JJ WETHERHOLT - 2025 BOWMAN - CRYSTALLIZED #BWC-13 (RC) CASE HIT PSA 9!
,,,Mega Box JJ Wetherholt Purple Refractor /199 Autograph PSA 9,2025 Bowman Mega Box JJ Wetherholt Purple Refractor /199 Autograph PSA 9
BCP-22,,,BCP-22 Chrome REPTILIAN REFRACTOR # JJ WETHERHOLT PSA 10,2025 BOWMAN CHROME PROSPECTS REPTILIAN REFRACTOR #BCP22 JJ WETHERHOLT PSA 10
BP-22,,,BP-22 JJ Wetherholt GEM MINT PTA 10ð¥,2025 Bowman Prospects BP-22 JJ Wetherholt 1ST BOWMAN Cardinals GEM MINT PTA 10ð¥
,,,Best #TP-14 JJ Wetherholt Refractor,2025 Bowman's Best #TP-14 JJ Wetherholt Refractor
BPA-JJW,,,BPA-JJW /250 Best JJ Wetherholt Best Performance Auto,2025 Bowman's Best JJ Wetherholt Best Performance Auto 85/250 BPA-JJW /250
,,,Chrome JJ Wetherholt Gold Reptilian /50 ( ) PSA 9,2025 Bowman Chrome Prospects JJ Wetherholt Gold Reptilian /50 (RC) PSA 9
,,,Draft #BIA-25 JJ Wetherholt In Action,2025 Bowman Draft #BIA-25 JJ Wetherholt Bowman In Action
BP-22,,,BP-22 JJ Wetherholt Gem Mint 10,2025 Bowman JJ Wetherholt Cardinals 1st Bowman Rookie Card #BP-22 Gem Mint 10
BCP-22,,,BCP-22 Chrome /350 Jj Wetherholt PSA 10 Wave Refractor,2025 Bowman Chrome Jj Wetherholt #BCP-22 PSA 10 Prospect Wave Refractor 280/350
,,,JJ Wetherholt Chrome Mega Box Chrome Autographs #JW PSA 10,JJ Wetherholt 2025 Bowman Chrome Mega Box Chrome Prospects Autographs #JW PSA 10
BCP-2,,,BCP-2 Chrome ZYHIR HOPE BASE Lot 16,ZYHIR HOPE 2025 Bowman CHROME BASE PROSPECT #BCP-2 - Los Angeles Dodgers Lot 16
,,,Chrome Scouts Top 100 Complete Your Set Insert Refractors,2025 Bowman Chrome Scouts Top 100 - Complete Your Set - Insert Refractors
,,,PSA Graded Chrome Autos- -Veterens-Serial #-Refractors,PSA Graded Bowman Chrome Baseball Autos-Prospects-Veterens-Serial #-Refractors
BTP-83,,,BTP-83 SCOUTS' TOP 100 # JOENDRY VARGAS PSA 9,2025 BOWMAN SCOUTS' TOP 100 #BTP83 JOENDRY VARGAS PSA 9
BTP-83,,,BTP-83 SCOUTS' TOP 100 # JOENDRY VARGAS PSA 9,2025 BOWMAN SCOUTS' TOP 100 #BTP83 JOENDRY VARGAS PSA 9
,,,"MLB Singles ~ Short Print, Serial #'d, SSP ~ YOU PICK w/","2025 MLB Topps Baseball Singles ~ Short Print, Serial #'d, SSP ~ YOU PICK w/ RC"
,,,INSERTS with Chrome and Rookies You Pick 2 Card Minimum,2025 Bowman INSERTS with Chrome and Rookies You Pick - 2 Card Minimum
,,,2023 Draft Set Singles You PICK Complete your set #BD1-BD200,2023 Bowman Draft Baseball Set Singles You PICK Complete your set #BD1-BD200
,,,CHROME AUTOS #CPAJTO JONAH TONG PSA 9 AUTO 10,2025 BOWMAN CHROME PROSPECT AUTOS #CPAJTO JONAH TONG PSA 9 AUTO 10
BCP-105,,,BCP-105 Chrome # JONAH TONG PSA 10,2025 BOWMAN CHROME PROSPECTS #BCP105 JONAH TONG PSA 10
,,,JONAH TONG PSA 9 NY,2025 BOWMAN PROSPECTS - 1st BOWMAN - JONAH TONG - PSA 9 - NY METS
,,,Jonah Tong Chrome Autograph Green Grass /99 PSA 9 #CPAJTO,Jonah Tong 2025 Bowman Chrome 1st Autograph Green Grass /99 PSA 9 Mets #CPAJTO
,,,Jonah Tong Autographed Card PSA,2025 Bowman 1st Jonah Tong Autographed Baseball Card New York Mets PSA
,,,Jonah Tong Best of Auto Blue /150 #B25-JTO,Jonah Tong 2025 Bowman's Best of 2025 Auto Blue /150 New York Mets #B25-JTO
BCP-105,,,BCP-105 Chrome Jonah Tong PEARL REFRACTOR SSP PSA 10,2025 Bowman Jonah Tong Chrome PEARL REFRACTOR SSP #BCP-105 PSA 10 METS!!!
,,,Jonah Tong Best of Auto Blue /150 #B25-JTO,Jonah Tong 2025 Bowman's Best of 2025 Auto Blue /150 New York Mets #B25-JTO
,,,CHROME PRSPCT AUTOS #CPAJTO JONAH TONG PSA 10 AUTO 10,2025 BOWMAN CHROME PRSPCT AUTOS #CPAJTO JONAH TONG PSA 10 AUTO 10
CPA-JTO,,,CPA-JTO Chrome /10 ð¥ Auto Jonah Tong # Blue X-Fractor /150 PSA 7/10ð¥,ð¥2025 Bowman Chrome Auto Jonah Tong #CPA-JTO Blue X-Fractor /150 PSA 7/10ð¥
,,,Bowmans Best Jonah Tong Auto #B25-JTO,2025 Bowmans Best Jonah Tong Auto #B25-JTO
,,,Chrome Jonah Tong AUTO #CPAJTO PSA 10,2025 Bowman Chrome 1st Bowman Jonah Tong AUTO #CPAJTO PSA 10
BCP-105,,,BCP-105 Chrome /199 Fuchsia Wave Jonah Tong PSA 10 Rookie,2025 Bowman Chrome Fuchsia Wave /199 Jonah Tong #BCP-105 PSA 10 Mets Rookie
,,,Jonah Tong Chrome Choice HTA Mojo Refractor Auto /150 PSA 10,Jonah Tong 2025 Bowman Chrome 1st Choice HTA Mojo Refractor Auto RC /150 PSA 10
,,,"Best Best of Autographs Jonah Tong #B25-JTO (AU, )","2025 Bowman's Best - Best of 2025 Autographs Jonah Tong #B25-JTO (AU, RC)"
,,,Best Jonah Tong Blue Refractor Auto 29/150 #B25-JTO Rookie,2025 Bowman's Best Jonah Tong Blue Refractor Auto 29/150 #B25-JTO Mets Rookie
,,,"Best Best of Autographs Jonah Tong #B25-JTO (AU, )","2025 Bowman's Best - Best of 2025 Autographs Jonah Tong #B25-JTO (AU, RC)"
,,,Best Jonah Tong Future Game Mini Diamond Refractor FG-1,2025 Bowman's Best Jonah Tong Mets Future Game Mini Diamond Refractor FG-1
BP-58,,,BP-58 Paper Jonathon Long 5 Card Lot,2025 Bowman Prospect Paper Jonathon Long Chicago Cubs #BP-58 5 Card Lot
,,,Best Jonathon Long Best of Auto,2025 Bowman's Best Jonathon Long Best of 2025  Auto Cubs
,,,Best Jonathon Long Auto #B25-JLO,2025 Bowman's Best Jonathon Long Auto #B25-JLO
,,,"Best Best of Autographs Jonathon Long #B25-JLO (AU, )","2025 Bowman's Best - Best of 2025 Autographs Jonathon Long #B25-JLO (AU, RC)"
,,,Chrome JONATHON LONG Auto SPECKLE /299 PSA 10 GEM MINT BIN32,2025 Bowman Chrome JONATHON LONG 1st Auto SPECKLE /299 PSA 10 GEM MINT BIN32
,,,Best of JONATHON LONG AUTOGRAPH AUTO #B25-JLO,2025 Bowman's Best of JONATHON LONG AUTOGRAPH AUTO Cubs #B25-JLO
,,,Best Best of Autographs #B25-JLO Jonathon Long AU,Bowman 2025 Bowman's Best Best of 2025 Autographs #B25-JLO Jonathon Long AU
,,,Best Jonathon Long Auto Refractor,2025 Bowman's Best Jonathon Long Auto Refractor Chicago Cubs
,,,Best of JONATHON LONG AUTOGRAPH AUTO #B25-JLO,2025 Bowman's Best of JONATHON LONG AUTOGRAPH AUTO Cubs #B25-JLO
,,,Best #B25-JLO Jonathon Long Best of Autographs,2025 Bowman's Best #B25-JLO Jonathon Long Best of 2025 Autographs
,,,#08/75 Jonathon Long CHROME YELLOW XFractor Refractor BGS 9.5,#08/75 Jonathon Long 1st RC 2025 BOWMAN CHROME YELLOW XFractor Refractor BGS 9.5
,,,"Best Best of Auto Jonathon Long #B25-JLO Refractor (AU, )","2025 Bowman's Best - Best of 2025 Auto Jonathon Long #B25-JLO Refractor (AU, RC)"
,,,Hot ð¥âï ̧ð1⁄4ð¢ JONATHON LONG Best Green Refractor AUTO /99,Hot! ð¥âï¸ð¼ð¢ JONATHON LONG 2025 Bowman's Best Green Refractor AUTO RC /99
CPA-JLG,,,CPA-JLG Chrome /25 Auto Jonathon Long # . Orange Shimmer PSA 9,2025 Bowman - Chrome Auto Jonathon Long #CPA-JLG. Orange Shimmer /25 PSA 9
,,,(2) Best Jonathon Long Autograph- B25-JLO,(2) Topps 2025 Bowman's Best Jonathon Long Chicago Cubs Autograph- B25-JLO
BCP-58,,,BCP-58 /75 Jonathon Long Yellow Refractor Psa 10,2025 Bowman Jonathon Long 1st Yellow Refractor /75 #BCP-58 Psa 10
,,,Jonny Farmelo Best Best of Autograph Auto #B25-JF,Jonny Farmelo 2025 Bowman's Best Best of 2025 Autograph Auto #B25-JF Seattle
,,,Draft Jonny Farmelo X-Fractor #BDC-163,2025 Bowman Draft Jonny Farmelo X-Fractor #BDC-163
,,,Best Jonny Farmelo Gold Mini-Diamond Auto /50,Topps 2025 Bowman's Best Jonny Farmelo Mariners Gold Mini-Diamond Auto /50
,,,Draft Chrome Jonny Farmelo #BDC-163 Green Geometric Refractor /99,2025 Bowman Draft - Chrome Jonny Farmelo #BDC-163 Green Geometric Refractor /99
,,,Draft #BD-163 Jonny Farmelo Orange Border #/25,2025 Bowman Draft #BD-163 Jonny Farmelo Orange Border #/25
,,,Best Jonny Farmelo AUTO Best of #B25-JF,2025 Bowman's Best Jonny Farmelo AUTO Best of 2025 #B25-JF Mariners
,,,"Jonny Farmelo Lot (13) Draft â Purple /250, Sapphire & Inserts","Jonny Farmelo Lot (13) 2025 Bowman Draft â Purple /250, Sapphire & Inserts"
,,,Draft Chrome JONNY FARMELO Laser Refractor #BDC-163,2025 Bowman Draft Chrome  JONNY FARMELO  Laser Refractor  #BDC-163
,,,Draft Jonny Farmelo #BDC-163 Green Geometric /99,2025 Bowman Draft Jonny Farmelo #BDC-163 Green Geometric /99
,,,Jonny Farmelo Draft #BDC-163 Aqua Wave Refractor Chrome /125,Jonny Farmelo 2025 Bowman Draft #BDC-163 Aqua Wave Refractor Chrome /125
,,,Best Best Of Auto Jonny Farmelo. 1 Refractor 1 Base,2025 Bowman's Best Baseball Best Of 2025 Auto Jonny Farmelo. 1 Refractor 1 Base
,,,Best B25-JF Jonny Farmelo Autograph Refractor,2025 Bowman's Best B25-JF Jonny Farmelo Autograph Refractor Mariners
,,,Draft Set Paper Singles BD1-BD200 20 card lots New Lower Prices,2025 Bowman Draft Set Paper Singles BD1-BD200 20 card lots New Lower Prices
,,,Draft #BDC-163 Jonny Farmelo CHROME,2025 Bowman Draft #BDC-163 Jonny Farmelo CHROME
,,,JONNY FARMELO DRAFT #BD-163,JONNY FARMELO  MARINERS 2025 BOWMAN DRAFT #BD-163
,,,Draft Jonny Farmelo BD-163 Card Lot of 10,2025 Bowman Draft Jonny Farmelo Seattle Mariners BD-163 Prospects Card Lot of 10
,,,Draft Chrome Jonny Farmelo Blue Refractor /150,2025 Bowman Draft Chrome Jonny Farmelo Blue Refractor /150
,,,Draft Chrome Jonny Farmelo #BDC-163 Laser Refractor ( ),2025 Bowman Draft - Chrome Jonny Farmelo #BDC-163 Laser Refractor (RC)
,,,Draft Chrome Jonny Farmelo #BDC-163 Sky Blue Refractor ( ),2025 Bowman Draft - Chrome Jonny Farmelo #BDC-163 Sky Blue Refractor (RC)
,,,Jonny Farmelo Auto | Best Best of Autographs #B25-JF,Jonny Farmelo Auto | 2025 Bowman's Best - Best of 2025 Autographs #B25-JF
,,,Draft #BD-163 Jonny Farmelo Black Border #/1,2025 Bowman Draft #BD-163 Jonny Farmelo Black Border #/1
,,,Jonny Farmelo /99 Chrome Green Reptilian Refractor Draft #BDC-163,Jonny Farmelo /99 Chrome Green Reptilian Refractor 2025 Bowman Draft #BDC-163
,,,Draft Jonny Farmelo True Gold Refractor /50 ð¥ BDC-163,2025 Bowman Draft Jonny Farmelo True Gold Refractor /50 ð¥ Mariners BDC-163
,,,Draft #BDC-163 Jonny Farmelo Steel Metal Refractor /100,2025 Bowman Draft #BDC-163 Jonny Farmelo Steel Metal Refractor /100
,,,Jonny Farmelo Draft Paper 5 Card Lot,Jonny Farmelo 2025 Bowman Draft Prospects Paper 5 Card Lot Seattle Mariners
,,,Draft Jonny Farmelo Purple Refractor /250 #BCD-163,2025 Bowman Draft Jonny Farmelo Purple Refractor /250 #BCD-163 Mariners
,,,2023 Best Jonny Farmelo Green Refractor Auto /99,2023 Topps Bowman's Best Jonny Farmelo Green Refractor Auto /99 RC Mariners
,,,Draft Chrome Blue Geometric Refractor 80/150 Jonny Farmelo 1b79,2025 Bowman Draft Chrome Blue Geometric Refractor 80/150 Jonny Farmelo 1b79
,,,Draft Jonny Farmelo Green Refractor /99,2025 Bowman Draft Jonny Farmelo Green Refractor /99 Seattle Mariners
,,,Draft #BDC-163 Jonny Farmelo Chrome Yellow Refractor #/75,2025 Bowman Draft #BDC-163 Jonny Farmelo Chrome Yellow Refractor #/75
,,,Draft Chrome True Gold Refractor #BDC-163 Jonny Farmelo /50,2025 Bowman Draft Chrome True Gold Refractor #BDC-163 Jonny Farmelo /50
,,,JONNY FARMELO BEST OF AUTOGRAPH AUTO,JONNY FARMELO 2025 BOWMAN'S BEST OF 2025 AUTOGRAPH MARINERS AUTO
,,,Bowmans Best Jonny Farmelo Refractor Auto #B25- JF,2025 Bowmans Best Jonny Farmelo Refractor Auto #B25- JF
,,,Best Jonny Farmelo Gold Diamond Auto /50 #B25-JF,2025 Topps Bowman's Best Jonny Farmelo Gold Diamond Auto /50 #B25-JF Mariners
,,,Draft #BDC-163 Jonny Farmelo Chrome Laser Refractor,2025 Bowman Draft #BDC-163 Jonny Farmelo Chrome Laser Refractor
,,,Draft #BD-163 Jonny Farmelo Orange Paper/25,2025 Bowman Draft #BD-163 Jonny Farmelo Orange Paper/25
,,,Draft Chrome Jonny Farmelo #BDC-163 Steel Metal Refractor /100,2025 Bowman Draft Chrome Jonny Farmelo #BDC-163 Steel Metal Refractor /100
,,,Draft Jonny Farmelo Chrome Aqua Reptilian Refractor #/125,2025 Bowman Draft Jonny Farmelo Chrome Prospect Aqua Reptilian Refractor #/125
,,,Bowmans Best Jonny Farmelo Auto #B25-JF,2025 Bowmans Best - Jonny Farmelo Auto #B25-JF
,,,Draft Jonny Farmelo Sky Blue Border,2025 Bowman Draft Jonny Farmelo Sky Blue Border Mariners
,,,Chrome Mojo Refractors You Pick Free Ship W/10 Card Purchase,2025 Bowman Chrome - Mojo Refractors - You Pick - Free Ship W/10 Card Purchase
,,,Chrome Chrome Base & Vets You Pick Set Builder,2025 Bowman Chrome - Chrome Base RC &  Vets - You Pick - Set Builder
,,,Chrome - You Pick Set Builder,2025 Bowman Chrome - Prospects - You Pick - Set Builder
,,,43 Card Lot Carroll Lawlar Caldwell Marte Jones,Arizona Diamondbacks 43 Card Lot - Carroll - Lawlar - Caldwell - Marte - Jones
,,,â3⁄4 20 + different JORDAN LAWLAR cards lot 8 2022 D'Backs,â¾ 20 + different JORDAN LAWLAR cards lot 8 RC 2022 - 2025 D'Backs
,,,"/ -Variations And , Yamamoto , Ohtani, Etc-You Pick New Low Price","Topps/Bowman-Variations And RC, Yamamoto RC, Ohtani, Etc-You Pick!New Low Price!"
,,,CHROME MODERN Juan Green De La Cruz Lawlar + YOU PICK,2025 BOWMAN CHROME MODERN PROSPECTS Juan Green De La Cruz Lawlar + YOU PICK!
,,,(150) Jordan Lawlar Chrome & Rookie Refractor Lot #BD-194,(150) Bowman Jordan Lawlar Chrome 1st Prospect & Rookie Refractor Lot #BD-194
,,,2024 CHROME AI SINGLES U PICK COMPLETE YOUR SET,2024 BOWMAN CHROME AI SINGLES U PICK COMPLETE YOUR SET
4,,,4 /75 2024 Best Jordan Lawlar Yellow Lazer Refractor ( ),2024 Bowman's Best - Jordan Lawlar #4 - Yellow Lazer Refractor /75 (RC)
,,,WALDSCMIDT / LAWLAR / TROY 2024 Leaf Vivid AUTO Autograph 1/1 PSA 10 Gem Mint,WALDSCMIDT / LAWLAR / TROY 2024 Leaf Vivid AUTO Autograph 1/1 PSA 10 Gem Mint
,,,JORDAN LAWLAR 2023-26 / Series 2 /Chrome/Update Arizona 18-Card Lot,JORDAN LAWLAR 2023-26 Bowman/Topps Series 2 RC/Chrome/Update Arizona 18-Card Lot
,,,Dakota Jordan Draft /150 Blue Geometric,Dakota Jordan Bowman Draft /150 2025 Blue Geometric
,,,Jordan Lawlar 9-ct Chrome Assorted Lot (9) B6,Jordan Lawlar RC 9-ct Bowman Chrome Assorted Lot (9) Diamondbacks B6
BCP-247,,,BCP-247 Chrome /5 2023 # JORDAN LAWLAR RED AQUA VAPOR PSA 9,2023 BOWMAN CHROME #BCP247 JORDAN LAWLAR PROSPECTS RED AQUA VAPOR /5 PSA 9
,,,Complete Your Set You Pick Card,2025 Bowman Baseball Complete Your Set You Pick Card
,,,"Roki Sasaki Rookie Lot (14) Chrome, Inserts, Paper","2025 Bowman Roki Sasaki Rookie Lot (14) - Chrome, Inserts, Paper - Dodgers"
,,,"Lot (70) w/ Refractor Parallels, Rookie Cards , +","Baltimore Orioles Lot (70) w/ Refractor Parallels, Rookie Cards RC, Prospects +"
1,,,1 2021 -150 You Pick/Choose,2021 Bowman Prospects #1-150 You Pick/Choose
,,,JORDAN WESTBURG Future Stars Refractor + Rookie LOT | 2024 Chrome +,JORDAN WESTBURG Future Stars Refractor + Rookie LOT | 2024 Bowman Chrome + 2025
85,,,85 x50 Pete Crow-Armstrong 2024 lot,x50 Pete Crow-Armstrong 2024 Bowman Baseball #85 Rookie Card RC lot Chicago Cubs
PRV-JW,,,PRV-JW /150 JORDAN WESTBURG AUTO # BLUE PARALLEL # SP SGC 9.5/10,2025 BOWMAN JORDAN WESTBURG AUTO #12/150 BLUE PARALLEL #PRV-JW SP   SGC 9.5/10
,,,MLB MAJOR LEAGUE AUTO AUTOGRAPH AUTOGRAPHED SIGNED U PICK PLAYER CARD .,MLB MAJOR LEAGUE BASEBALL AUTO AUTOGRAPH AUTOGRAPHED SIGNED U PICK PLAYER CARD .
,,,Jordan Westburg 2024-25 Series 1/Chrome/Club/ 6-Card Lot,Jordan Westburg 2024-25 Topps Series 1/Chrome/Club/Bowman RC Orioles 6-Card Lot
42,,,42 x100 Jordan Westburg 2024 lot/set,x100 Jordan Westburg 2024 Bowman Prospects #42 Rookie Card RC lot/set Orioles!!!
,,,"2024 MLB Singles ~ Short Print, Serial #'d, SSP ~ YOU PICK w/","2024 MLB Topps Baseball Singles ~ Short Print, Serial #'d, SSP ~ YOU PICK w/ RC"
42,,,42 x50 2024 Jordan Westburg lot SIX Lots Availabl,x50 2024 Bowman #42 Jordan Westburg Orioles Rookie Card RC lot SIX Lots Availabl
,,,Cardsð¥Jackson Holliday Rookiesð¥12-Card Lot,2025 Orioles Baseball Cardsð¥Jackson Holliday Rookiesð¥12-Card Lot
,,,Jordan Westburg Lot of 10 (9 ) 2024 & 2024,Jordan Westburg Lot of 10 (9 RC)   2024 & 2025 Topps 2024 Bowman Orioles
,,,You Pick (1-100) Buy 5 Get 7 Free,2025 Bowman Baseball You Pick! (1-100) Buy 5 Get 7 Free!!!
,,,Chrome 43 Card Team Lot Yordan Alvarez Altuve Vets,2025 Bowman Chrome Houston Astros 43 Card Team Lot Yordan Alvarez Altuve RC Vets
,,,4-Card Rookie Lot Chrome Heritage Smith Altuve,Topps 2025 Houston Astros 4-Card Rookie Lot Chrome Bowman Heritage Smith Altuve
19,,,19 /20 Archives Signature 2017 Jose Altuve Autograph PSA 9,Topps 2025 Archives Signature 2017 Bowman Jose Altuve #19 Autograph 12/20 PSA 9
,,,"Bowmans Best Triple Auto Jose Perdomo, Luis Guanipa, Diego Tornes #TA-PTG","2025 Bowmans Best - Triple Auto Jose Perdomo, Luis Guanipa, Diego Tornes #TA-PTG"
,,,"Bowmans Best Triple Auto Jose Perdomo, Luis Guanipa, Diego Tornes #TA-PTG","2025 Bowmans Best - Triple Auto Jose Perdomo, Luis Guanipa, Diego Tornes #TA-PTG"
BCP-1,,,BCP-1 Chrome Complete Your Set YOU PICK BCP-150,2025 Bowman Baseball Chrome Prospects Complete Your Set YOU PICK BCP-1 - BCP-150
CPA-JP,,,"CPA-JP Chrome Autographs Jose Pirela # (AU, ) PSA 10 GEM","2025 Bowman - Chrome Prospect Autographs Jose Pirela #CPA-JP (AU, RC) PSA 10 GEM"
BCP-111,,,BCP-111 /99 Sapphire Jose Pirela Green Psa 10,2025 Bowman Sapphire Jose Pirela 1st Green /99 #BCP-111 Psa 10
BCP-111,,,BCP-111 /25 Jose Pirela Orange Geometric Refractor Psa 10,2025 Bowman Jose Pirela 1st Orange Geometric Refractor /25 #BCP-111 Psa 10
,,,JosÃ© RamÃ­rez Chrome #AD-1 Adios,JosÃ© RamÃ­rez 2025 Bowman Chrome #AD-1 Adios Cleveland Guardians
14,,,14 /199 Best JosÃ© RamÃ­rez Aqua Refractors,2025 Bowman's Best #14 JosÃ© RamÃ­rez Aqua Refractors #/199
14,,,14 /199 JosÃ© RamÃ­rez Aqua Lava Refractor | Best |,JosÃ© RamÃ­rez Aqua Lava Refractor /199 | 2025 Bowman's Best | #14 Guardians
14,,,14 Best JosÃ© RamÃ­rez Refractors,2025 Bowman's Best #14 JosÃ© RamÃ­rez Refractors
14,,,14 Best JosÃ© RamÃ­rez Refractors,2025 Bowman's Best #14 JosÃ© RamÃ­rez Refractors
14,,,14 /199 Best JosÃ© RamÃ­rez Aqua Refractors,2025 Bowman's Best #14 JosÃ© RamÃ­rez Aqua Refractors #/199 Cleveland Guardians
,,,Best JosÃ© RamÃ­rez #14 /150,2025 Bowman's Best JosÃ© RamÃ­rez #14 /150
,,,Best BASE You Pick Complete Your Set,2025 Bowman's Best - BASE - You Pick Complete Your Set
14,,,14 Best JosÃ© RamÃ­rez Refractor,2025 Bowman's Best #14 JosÃ© RamÃ­rez Refractor
14,,,14 /350 Best JosÃ© RamÃ­rez Lazer Refractors,2025 Bowman's Best #14 JosÃ© RamÃ­rez Lazer Refractors #/350
14,,,14 /250 Best Jose Ramirez Purple Mojo Refractor,2025 Bowman's Best - Jose Ramirez #14 Purple Mojo Refractor /250
14,,,14 /350 Best JosÃ© RamÃ­rez Serial Numbered,2025 Topps Bowman's Best JosÃ© RamÃ­rez Guardians #14 Serial Numbered /350
,,,Best Jose Ramirez 3-Card Lot REFRACTOR /299 /350 Base,2025 Bowman's Best Jose Ramirez 3-Card Lot REFRACTOR /299 /350 Guardians Base
14,,,14 /250 Best JosÃ© RamÃ­rez Serial Numbered MLB,Topps 2025 Bowman's Best JosÃ© RamÃ­rez #14 Serial Numbered /250 Guardians MLB
BPA-JH,,,BPA-JH Josh Hartle Auto / # *4 card LOT,Josh Hartle Auto /  2025 Bowman Prospect  #BPA-JH  *4 card LOT
BPA-JH,,,BPA-JH Autographs # Josh Hartle BGS 9 AUTO 10,2025 Bowman Prospects Autographs #BPA-JH Josh Hartle BGS 9 AUTO 10
,,,Draft Paper Josh Hartle #BD-3 SKY BLUE/499,2025 Bowman Draft Paper 1st Bowman Josh Hartle #BD-3 SKY BLUE/499 - Pirates
,,,2024 Draft PAPER BD-1 BD-200 Complete Your Set Pick Your Cards,2024 Bowman Draft PAPER BD-1 - BD-200 Complete Your Set - Pick Your Cards
,,,2024 Draft Paper Singles... Bowmans and Huge Volume Discounts,2024 Bowman Draft Baseball Paper Singles...1st Bowmans and Huge Volume Discounts
,,,Complete Your Set You Pick Card,2025 Bowman Baseball Complete Your Set You Pick Card
1,,,1 Best Base Cards -70 You Pick BUY 10 GET FREE SHIP,2025 Bowman's Best - Base Cards - #1-70 - You Pick - BUY 10 GET FREE SHIP
1,,,1 Best Refractors -70 You Pick BUY 10 GET FREE SHIP,2025 Bowman's Best - Refractors - #1-70 - You Pick - BUY 10 GET FREE SHIP
,,,Josh Jung Lot 19 Cards 2022â Chrome Heritage Rookie,Josh Jung Lot 19 Baseball Cards 2022â2025 Topps Chrome Heritage Bowman Rookie
,,,Chrome EVAN CARTER 33-card ROOKIE lot w/ X-Fractor,Bowman Chrome Topps EVAN CARTER Texas Rangers 33-card ROOKIE lot w/ X-Fractor!
,,,(50) Card Team Lot MLB Opening Day Stars Rookies,(50) Card Texas Rangers Team Lot MLB Opening Day Stars Rookies Bowman
,,,SEAGER RYAN WYATT & other STARS pick your card ROOKIES/PARALLELS,SEAGER RYAN WYATT & other RANGERS STARS - pick your card - ROOKIES/PARALLELS
,,,"JOSH JUNG, 3-card lot, ALL-STAR, WORLD SERIES CHAMPION","JOSH JUNG, Texas Rangers 3-card lot, ALL-STAR, WORLD SERIES CHAMPION"
,,,Josh Jung 2023- Series / /Stadium/Big League/Chrome 13âCard Lot,Josh Jung 2023-2025 Topps Series RC/Bowman/Stadium/Big League/Chrome 13âCard Lot
,,,(50) Team Lot Bowmans & / Rookies,(50) Texas Rangers Baseball Team Lot - 1st Bowmans & Prospects / Rookies
,,,Josh Jung Auto Gold /50 PSA 10 (pop 1),Josh Jung 2025 Bowman Auto Gold /50 PSA 10 (pop 1)
,,,Josh Jung Archives Signature Series Auto PSA 10,Josh Jung - 2025 Topps Archives Signature Series Auto Rangers Bowman PSA 10
,,,47x 2023- 47 Card Team Lot (Rookie Autograph Included),47x Topps 2023-2025 47 Card Texas Rangers Team Lot (Rookie Autograph Included)
1,,,1 2026 Paper -150: You Pick Complete Your Set -PreSale,2026 Bowman Baseball Paper Prospects #1-150: You Pick Complete Your Set -PreSale
,,,2026 CHROME #1-150: You Pick Complete Your Set PreSale,2026 Bowman Baseball CHROME Prospects #1-150: You Pick Complete Your Set PreSale
,,,(1-150) You Pick Buy 5 Get 7 Free,2025 Bowman Baseball Prospects (1-150) You Pick! Buy 5 Get 7 Free!!!
1,,,1 Paper -150: You Pick- Complete Your Set,2025 Bowman Baseball Paper Prospects #1-150: You Pick- Complete Your Set
1,,,1 Paper -150 Choose your card 2 CARD MINIMUM,2025 Bowman Paper Prospects #1-150 - Choose your card!  2 CARD MINIMUM!
BP-136,,,BP-136 (5) Paper Base card Lot Josh Knoth,2025 Bowman (5) Paper Base card Lot #BP-136 Josh Knoth Brewers
BP-136,,,BP-136 Josh Knoth (25) Card Lot,2025 Bowman Josh Knoth (25) Card 1st Bowman Lot Brewers #BP-136
BCP-1,,,BCP-1 Chrome to BCP-252 You Pick 2 Card Minimum,2025 Bowman Chrome Prospects BCP-1 to BCP-252 You Pick - 2 Card Minimum
,,,CHROME Complete Your Set You Pick,2025 Bowman Baseball CHROME Prospects Complete Your Set - You Pick
BCP-1,,,BCP-1 Chrome Complete Your Set YOU PICK BCP-150,2025 Bowman Baseball Chrome Prospects Complete Your Set YOU PICK BCP-1 - BCP-150
BCP-13,,,BCP-13 Chrome Josue Briceno Lot Of 5,Josue Briceno 1st 2025 Bowman Chrome Prospects #BCP-13 Detroit Tigers Lot Of 5
,,,Best Josue Briceno #B25-JB Best of Autograph,2025 Bowman's Best - Josue Briceno #B25-JB Best of 2025 Autograph Detroit Tigers
,,,Sapphire Josue Briceno Chrome Auto Orange Refractor #/25 PSA 10,2025 Bowman Sapphire Josue Briceno Chrome Auto Orange Refractor 1st #/25 PSA 10
,,,Josue Briceno Bowmans Best AUTO Best of,Josue Briceno 2025 Bowmans Best AUTO Best of 2025 - Detroit Tigers
,,,Draft Chrome JOSUE BRICENO Refractor #BDC-60,2025 Bowman Draft Chrome  JOSUE BRICENO  Refractor  #BDC-60
,,,Draft Chrome Red Lava Refractor 1/5 Josue Briceno,2025 Bowman Draft Chrome  Red Lava Refractor 1/5 Josue Briceno Detroit
CPA-JB,,,CPA-JB Chrome /299 Auto Josue Briceno # Speckle PSA 9,2025 Bowman - Chrome Prospect Auto Josue Briceno #CPA-JB Speckle /299 PSA 9
,,,Draft JOSUE BRICENO Yellow Sapphire Refractor #13/75,2025 Bowman Draft JOSUE BRICENO Yellow Sapphire Refractor #13/75 Tigers Prospect
,,,Draft JOSUE BRICENO True Orange Refractor #14/25 SSP,2025 Bowman Draft JOSUE BRICENO True Orange Refractor #14/25 Tigers Prospect SSP
,,,Josue Briceno Chrome Mega Box Autograph #BMA-JB PSA 10,Josue Briceno 2025 Bowman Chrome Mega Box Autograph #BMA-JB PSA 10 RC Tigers
,,,Best Josue Briceno #B25-JB On Card Auto ~,2025 Bowman's Best Josue Briceno #B25-JB On Card Auto ~ Detroit Tigers
,,,Josue Briceno Refractor Auto Best #625-JB,Josue Briceno Refractor Auto 2025 Bowman's Best #625-JB Tigers
,,,Draft Josue Briceno Blue Refractor /150,2025 Bowman Draft Josue Briceno Blue Refractor /150
BCP-13,,,BCP-13 Chrome /25 Josue Briceno PSA 9 ORANGE Shim REFRACTOR G6,Josue Briceno PSA 9 2025 1st Bowman Chrome #BCP-13 ORANGE Shim REFRACTOR /25 G6
,,,JOSUE BRICENO BEST AUTOGRAPH REFRACTOR AUTO Q5458,JOSUE BRICENO 2025 BOWMAN'S BEST AUTOGRAPH REFRACTOR AUTO Q5458
,,,Chrome Josue Briceno Auto HTA Choice Refractor #/150 PSA 10 Gem Mint,2025 Bowman Chrome Josue Briceno Auto HTA Choice Refractor #/150 PSA 10 Gem Mint
,,,Draft Chrome Josue Briceno #BDC-60 Steel Metal Refractor /100 ( ),2025 Bowman Draft - Chrome Josue Briceno #BDC-60 Steel Metal Refractor /100 (RC)
,,,Josue Briceno Auto Blue /150 PSA 10,2025 Bowman Josue Briceno - 1st Prospect Auto - Blue /150 - PSA 10
,,,Josue De Paula Best All-Star Futures Game #FG-7,Josue De Paula 2025 Bowman's Best All-Star Futures Game #FG-7 Dodgers
,,,Draft Josue De Paula Final Draft SSP Case Hit,2025 Bowman Draft Josue De Paula Final Draft SSP Case Hit
,,,Draft #FD-3 Josue De Paula FINAL DRAFT SP SSP CASE HIT,2025 Bowman Draft #FD-3 Josue De Paula FINAL DRAFT SP SSP CASE HIT Dodgers
,,,ð¥Josue De Paula Final Draft Case hit Draft #FD-3 CLEAN SSP,ð¥Josue De Paula Final Draft Case hit 2025 Bowman Draft #FD-3 Dodgers CLEAN SSP
,,,Best Josue De Paula MLB All-Star Futures Game #FG-7,2025 Bowman's Best Josue De Paula MLB All-Star Futures Game #FG-7
1,,,1 2026 Paper -150: You Pick Complete Your Set -PreSale,2026 Bowman Baseball Paper Prospects #1-150: You Pick Complete Your Set -PreSale
,,,Draft #FD-3 Josue De Paula FINAL DRAFT SP SSP CASE HIT,2025 Bowman Draft #FD-3 Josue De Paula FINAL DRAFT SP SSP CASE HIT Dodgers
,,,BOOKEND Sapphire Chrome Purple /25 Josue De Paula PSA 10,BOOKEND ! 2025 Bowman Sapphire Chrome Prospects Purple /25 Josue De Paula PSA 10
,,,JOSUE DE PAULA SP REFRACTOR FUTURES ALL STAR GAME #FG-7 Best,JOSUE DE PAULA - SP REFRACTOR FUTURES ALL STAR GAME #FG-7 - 2025 Bowman's Best
,,,Best Mlb All-Star Future's Game Josue De Paula #FG-7 ( ),2025 Bowman's Best - 2025 Mlb All-Star Future's Game Josue De Paula #FG-7 (RC)
,,,Josue De Paula MLB All-Star Futures Game | Best | #FG-7,Josue De Paula 2025 MLB All-Star Futures Game | 2025 Bowman's Best | #FG-7
,,,Josue De Paula Best MLB All-Star Futures Game FG-7,Josue De Paula 2025 Bowman's Best 2025 MLB All-Star Futures Game FG-7 Dodgers
,,,Josue De Paula All-Star Futures Game Rookie Best #FG-7 LA,Josue De Paula All-Star Futures Game Rookie 2025 Bowman's Best #FG-7 LA Dodgers
,,,Best #FG-7 Josue De Paula MLB All-Star Futures Game,2025 Bowman's Best #FG-7 Josue De Paula 2025 MLB All-Star Futures Game
,,,x50 Josue De Paula 2023 #111 lot/set LA,x50 Josue De Paula 2023 Bowman Prospects #111 Rookie Card RC lot/set LA Dodgers!
,,,Best Josue De Paula MLB All-Star Futures Game #FG-7 NL,2025 Bowman's Best Josue De Paula MLB All-Star Futures Game #FG-7 NL
,,,Best Mlb All-Star Future's Game Josue De Paula #FG-7 ( ),2025 Bowman's Best - 2025 Mlb All-Star Future's Game Josue De Paula #FG-7 (RC)
,,,Josue DePaula autograph signed Chrome Top 100 card PSA,Josue DePaula autograph signed 2025 Bowman Chrome Top 100 baseball card PSA
,,,Josue DePaula autograph signed Chrome Top 100 card PSA,Josue DePaula autograph signed 2025 Bowman Chrome Top 100 baseball card PSA!
,,,Best MLB All-Star Futures Game Josue De Paula Mini Diamond FG-7,2025 Bowman's Best MLB All-Star Futures Game Josue De Paula Mini Diamond FG-7
,,,Best Mlb All-Star Future's Game Josue De Paula #FG-7 ( ),2025 Bowman's Best - 2025 Mlb All-Star Future's Game Josue De Paula #FG-7 (RC)
,,,Best Juan Soto Best-Tek /75 SSP Case Hit Color match,2025 Bowman's Best Juan Soto Best-Tek /75 SSP Case Hit!  Color match Mets
,,,Juan Soto Chrome Refractor Best Card #4,Juan Soto Chrome Refractor 2025 Bowman's Best Baseball Card #4 New York Mets
,,,Juan Soto Graded MGCo. Gem Mint 10,Juan Soto 2025 Bowman Graded MGCo. Gem Mint 10
4,,,4 /199 Best Juan Soto Aqua Refractors,2025 Bowman's Best #4 Juan Soto Aqua Refractors /199
,,,BARGAIN BIN: Best Juan Soto Refractor,BARGAIN BIN: 2025 Bowman's Best Juan Soto Refractor
,,,Chrome #MR-15 Juan Soto Meteoric Rise Gold #/50,2025 Bowman Chrome #MR-15 Juan Soto Meteoric Rise Gold #/50
BS-10,,,BS-10 Best Showpieces Juan Soto Insert,Topps 2025 Bowman's Best Showpieces Juan Soto #BS-10 Insert New York Mets
,,,You Pick (1-100) Buy 5 Get 7 Free,2025 Bowman Baseball You Pick! (1-100) Buy 5 Get 7 Free!!!
4,,,4 Best Juan Soto Wave Refractor,2025 Bowman's Best - Juan Soto #4 Wave Refractor
4,,,4 /50 Best Juan Soto Gold Refractor,2025 Bowman's Best - Juan Soto #4 Gold Refractor /50
4,,,4 Best Juan Soto,2025 Bowman's Best #4 Juan Soto
4,,,4 /150 Best Juan Soto Blue X-Fractor,2025 Bowman's Best - Juan Soto #4 Blue X-Fractor /150
4,,,4 Best Juan Soto Refractor,2025 Bowman's Best - Juan Soto #4 Refractor
4,,,4 /99 Best Juan Soto Green Refractor,2025 Bowman's Best - Juan Soto #4 Green Refractor /99
,,,Chrome Mega Juan Soto Meteoric Rise Pink Mojo Refractor /199,2025 Bowman Chrome Mega Juan Soto Meteoric Rise Pink Mojo Refractor /199
,,,Best BASE You Pick Complete Your Set,2025 Bowman's Best - BASE - You Pick Complete Your Set
,,,JUAN SOTO BEST PURPLE LAZER REFRACTOR /250,JUAN SOTO 2025 BOWMAN'S BEST PURPLE LAZER REFRACTOR METS /250
,,,Juan Soto Gold Refractor /50 Geometric PSA 9 #22 POP 1 Chrome ð¥,2025 Juan Soto Gold Refractor /50 Geometric PSA 9 #22 POP 1 Bowman Chrome ð¥
,,,Chrome Meteoric Rise Juan Soto #MR-15 Gold Refractor 50/50,2025 Bowman Chrome Meteoric Rise Juan Soto #MR-15 Gold Refractor 50/50
,,,Chrome #MR-15 Juan Soto Meteoric Rise,2025 Bowman Chrome #MR-15 Juan Soto Meteoric Rise New York Mets
,,,Chrome Juan Soto Meteoric Rise Mini Diamond /150 (# MR-15),2025 Bowman Chrome Juan Soto Meteoric Rise Mini Diamond /150 (# MR-15)
4,,,4 /199 Juan Soto Best Aqua Lava Refractor,Juan Soto 2025 Bowman's Best Aqua Lava Refractor #4 Mets 164/199
,,,"Chrome Juan Soto ""Juan Boom "" GPK SSP Case Hit FREE","2025 Bowman Chrome Juan Soto ""Juan Boom!"" GPK SSP Case Hit FREE SHIPPING"
,,,Chrome Adios Juan Soto #AD-6 Mini Diamond Refractor /150 PSA 9,2025 Bowman Chrome - Adios Juan Soto #AD-6 Mini Diamond Refractor /150 PSA 9
,,,Chrome Juan Soto Yellow Refractor /75 PSA 10 POP 1 Investmentð,2025 Bowman Chrome Juan Soto Yellow Refractor /75 PSA 10 POP 1 Mets Investmentð
,,,Chrome Juan Soto Meteoric Rise Gold /50 #MR-15,2025 Bowman Chrome Juan Soto Meteoric Rise Gold /50 #MR-15 Mets
79,,,79 Paper Julio RodrÃ­guez 5 Card Lot,2025 Bowman Paper Julio RodrÃ­guez Seattle Mariners #79  5 Card Lot
,,,Best Purple laser Refractor Julio RodrÃ­guez #49 /250 Marinâ¦,2025  Bowman's Best Purple laser Refractor RC Julio RodrÃ­guez #49 /250 Marinâ¦
49,,,49 Best Julio RodrÃ­guez Refractor ( ),2025 Bowman's Best #49 Julio RodrÃ­guez Refractor (Mariners)
49,,,49 /199 Best Julio Rodriguez Aqua Refractor,2025 Bowman's Best Julio Rodriguez Aqua Refractor /199 #49
49,,,49 Best Julio RodrÃ­guez,2025 Bowman's Best #49 - Julio RodrÃ­guez - Seattle Mariners
,,,Best #C-6 Julio RodrÃ­guez Circuitry,2025 Bowman's Best #C-6 Julio RodrÃ­guez Circuitry
,,,Best Circuitry Insert Julio RodrÃ­guez #C-6 32626,Topps 2025 Bowman's Best - Circuitry Insert Julio RodrÃ­guez Mariners #C-6 32626
,,,Chrome #66 Julio RodrÃ­guez Blue Wave PSA 8 #/150,2025 Bowman Chrome #66 Julio RodrÃ­guez Blue Wave PSA 8 #/150
49,,,49 /150 Best Julio Rodriguez #d Blue Laser Refractor,2025 Bowman's Best Julio Rodriguez #d /150 Blue Laser Refractor #49 Mariners
,,,Best #C-6 Julio RodrÃ­guez Circuitry,2025 Bowman's Best #C-6 Julio RodrÃ­guez Circuitry
49,,,49 /250 Best Julio RodrÃ­guez Purple Mojo Refractors,2025 Bowman's Best #49 Julio RodrÃ­guez Purple Mojo Refractors #/250
49,,,49 Best Julio RodrÃ­guez Blue Mini-Diamond Refractor,2025 Bowman's Best Julio RodrÃ­guez #49 Blue Mini-Diamond Refractor
,,,Best BASE You Pick Complete Your Set,2025 Bowman's Best - BASE - You Pick Complete Your Set
,,,Best #C-6 Julio RodrÃ­guez Circuitry,2025 Bowman's Best #C-6 Julio RodrÃ­guez Circuitry
,,,CHROME GOLD GEOMETRIC REFRACTOR #66 JULIO RODRIGUEZ 07/50 PSA 10,2025 BOWMAN CHROME GOLD GEOMETRIC REFRACTOR #66 JULIO RODRIGUEZ 07/50 PSA 10
49,,,49 Best Julio RodrÃ­guez Refractor,2025 Bowman's Best #49 Julio RodrÃ­guez Refractor
49,,,49 /99 Best Julio RodrÃ­guez Serial Numbered,Topps 2025 Bowman's Best Julio RodrÃ­guez Mariners #49 Serial Numbered /99
49,,,49 Best Purple Lazer Refractors Julio RodrÃ­guez,2025 Bowman's Best Purple Lazer Refractors #49 Julio RodrÃ­guez Seattle
,,,Best Julio RodrÃ­guez Mini-Diamond Refractor /299,2025 Topps Bowman's Best Julio RodrÃ­guez  Mini-Diamond Refractor /299
,,,Best Circuitry Mini Diamond Refractor Julio RodrÃ­guez #C-6,2025 Topps Bowman's Best Circuitry Mini Diamond Refractor Julio RodrÃ­guez #C-6
49,,,49 /99 Julio RodrÃ­guez Best Green Refractor #,Julio RodrÃ­guez 2025 Bowman's Best Baseball #49 Green Refractor #6/99 Mariners
49,,,49 /5 Best Julio Rodriguez Red Refractor,2025 Bowman's Best - Julio Rodriguez #49 Red Refractor /5 - Seattle Mariners
7,,,7 /75 ð¥Jung Hoo Lee Bowmans Best Yellow,ð¥Jung Hoo Lee 2025 Bowmans Best #7 Yellow 50/75 Giants
,,,Jung Hoo Lee Purple Chrome Mojo Refractor /250 Best Card #7,Jung Hoo Lee Purple Chrome Mojo Refractor /250 2025 Bowman's Best Card #7 Giants
7,,,7 /75 ð¥Jung Hoo Lee Bowmans Best Yellow,ð¥Jung Hoo Lee 2025 Bowmans Best #7 Yellow 02/75 Giants
7,,,7 /299 Jung-Hoo Lee Best Mini-Diamond Refractor,Jung-Hoo Lee Topps 2025 Bowman's Best #7 Mini-Diamond Refractor 5/299 Giants
,,,Jung Hoo Lee Best Mini-Diamond Refractor #'d /299,Jung Hoo Lee 2025 Bowman's Best Mini-Diamond Refractor #'d /299 Giants
90,,,90 LOT OF 15 - Jung Hoo Lee ð¥ FS,LOT OF 15 - 2025 Bowman - Jung Hoo Lee #90 ð¥ FS!
7,,,7 /350 Best Jung-Hoo Lee Lazer Refractor,2025 Bowman's Best - Jung-Hoo Lee #7 Lazer Refractor /350
,,,Best Jung Hoo Lee Purple Lazer /250,2025 Bowman's Best - Jung Hoo Lee - Purple Lazer /250 - Giants
7,,,7 /99 Best Jung Hoo Lee Green Mini-Diamond Refractors,2025 Bowman's Best #7 Jung Hoo Lee Green Mini-Diamond Refractors /99
,,,Bowmans Best Jung Hoo Lee Yellow /75 Green /99 SP ð°ð·,2025 Bowmans Best Jung Hoo Lee Yellow /75 Green /99 SP ð°ð·
,,,You Pick (1-100) Buy 5 Get 7 Free,2025 Bowman Baseball You Pick! (1-100) Buy 5 Get 7 Free!!!
,,,Jung Hoo Lee Best Mini-Diamond Refractor #'d /299,Jung Hoo Lee 2025 Bowman's Best Mini-Diamond Refractor #'d /299 Giants
90,,,90 Jung Hoo Lee Graded 10 Gem Mint,2025 Bowman Jung Hoo Lee Graded 10 Gem Mint #90 San Francisco Giants
7,,,7 /50 Bowmans Best JUNG HOO LEE Gold Lava Refractor,2025 Bowmans Best JUNG HOO LEE Gold Lava Refractor /50 - San Francisco Giants #7
7,,,7 /99 BEST JUNG HOO LEE GREEN REFRACTOR ~,2025 BOWMAN'S BEST JUNG HOO LEE GREEN REFRACTOR /99 ~ GIANTS  #7
,,,Best Jung Hoo Lee Purple Lazer /250,2025 Bowman's Best - Jung Hoo Lee - Purple Lazer /250 - Giants
7,,,7 /75 ð¥Jung Hoo Lee Bowmans Best Yellow,ð¥Jung Hoo Lee 2025 Bowmans Best #7 Yellow /75 Giants
7,,,7 /350 Best Jung-Hoo Lee Lazer Refractor,2025 Bowman's Best - Jung-Hoo Lee #7 Lazer Refractor 241 /350
7,,,7 /35 Best JUNG HOO LEE ??? Laser Refractor (SEE DESC ),2025 Bowman's Best JUNG HOO LEE /35??? Laser Refractor #7 - Giants (SEE DESC!!!)
,,,Best Jung Hoo Lee #3/5,Topps Bowman's Best 2025 Jung Hoo Lee San Francisco Giants #3/5
,,,Archives Signature Jung Hoo Lee 2024 Chrome 29/30 PSA 9,2025 Archives Signature Jung Hoo Lee  2024 Bowman Chrome 29/30 PSA 9
7,,,7 /250 Best Jung-Hoo Lee Purple Mojo Refractor,2025 Bowman's Best - Jung-Hoo Lee #7 Purple Mojo Refractor /250
,,,Best Jung Hoo Lee Yellow Lazer Refractor /75,2025 Bowman's Best Jung Hoo Lee Yellow Lazer Refractor /75 San Francisco Giants
7,,,7 /150 Best Jung Hoo Lee Blue Refractor Serial Numbered,2025 Bowman's Best Jung Hoo Lee #7 Blue Refractor Serial Numbered /150
90,,,90 /399 Jung Hoo Lee Neon Green Paper # PSA 10 BNA916,2025 Bowman #90 Jung Hoo Lee Neon Green Paper #078/399 PSA 10 BNA916
,,,Bowmans Best Jung Hoo Lee Green Speckle /99,2025 Bowmans Best Jung Hoo Lee Green Speckle /99
7,,,7 /75 Best Yellow Lazer Refractor Jung Hoo Lee,2025 Bowman's Best Yellow Lazer Refractor / 75 Jung Hoo Lee #7
,,,Best Jung-Hoo Lee Green Mini Diamond Refractor #7 /99,2025 Bowman's Best Jung-Hoo Lee Green Mini Diamond Refractor Giants #7 /99
,,,"Chrome Junior Caminero, Junior Caminero #80 Green Geometric PSA 10","2025 Bowman Chrome - Junior Caminero, Junior Caminero #80 Green Geometric PSA 10"
54,,,54 /250 Junior Caminero Best Purple Lazer Refractor,Junior Caminero 2025 Bowman's Best Purple Lazer Refractor /250 #54 Rays
53,,,53 Best Junior Caminero Refractor,2025 Bowman's Best Junior Caminero Refractor #53 Tampa Bay Rays
,,,Best #C-9 Junior Caminero Circuitry,2025 Bowman's Best #C-9 Junior Caminero Circuitry
62,,,62 /250 2024 Best Junior Caminero Purple Refractor ( ) print,2024 Bowman's Best - Junior Caminero #62 Purple Refractor 001/250 (RC) 1st print
53,,,53 Junior Caminero Best Wave Refractor,Junior Caminero 2025 Bowman's Best #53 Wave Refractor Tampa Bay Rays
,,,You Pick (1-100) Buy 5 Get 7 Free,2025 Bowman Baseball You Pick! (1-100) Buy 5 Get 7 Free!!!
53,,,53 /250 Best Serial Numbered Junior Caminero,/250  Topps 2025 Bowman's Best Serial Numbered Junior Caminero Rays #53
53,,,53 /199 Best Junior Caminero Serial Numbered,Topps 2025 Bowman's Best Junior Caminero #53 Serial Numbered /199 Rays
53,,,53 /150 Best Junior Caminero Blue Refractor ( ),2025 Bowman's Best - Junior Caminero #53 Blue Refractor /150 (RC)
53,,,53 /250 Best Junior Caminero Purple Refractor,2025 Bowman's Best - Junior Caminero #53 Purple Refractor /250
,,,Junior Caminero Best Green Mini-Diamond Refractor /99 TB,Junior Caminero 2025 Bowman's Best Green Mini-Diamond Refractor /99 TB Rays
,,,Chrome Sapphire Junior Caminero Orange Sapphire /25 PSA 10,2025 Bowman Chrome Sapphire Edition Junior Caminero Orange Sapphire /25 PSA 10
53,,,53 /50 JUNIOR CAMINERO Best Pristine Gold Refractor,JUNIOR CAMINERO 2025 Bowman's Best Pristine Gold Refractor #53 24/50
,,,Junior Caminero Best Orange Refractor /25,Junior Caminero 2025 Bowman's Best Orange Refractor /25
53,,,53 /350 Best Junior Caminero Lazer Refractors,2025 Bowman's Best #53 Junior Caminero Lazer Refractors #/350
,,,Best Junior Caminero Mini-Diamond Refractor Rookie /299,2025 Bowman's Best Junior Caminero Rays  Mini-Diamond Refractor Rookie /299
53,,,53 /150 Junior Caminero Best Blue X-fractor TB,Junior Caminero 2025 Bowman's Best Blue X-fractor /150 TB Rays #53
53,,,53 /150 Best Junior Caminero Blue Refractor,2025 Bowman's Best - Junior Caminero #53 Blue Refractor /150 Tampa Bay Rays
,,,JUSTIN CRAWFORD SCOUTS TOP 100 Lot 18,JUSTIN CRAWFORD 2025 Bowman SCOUTS TOP 100 PROSPECT Philadelphia Phillies Lot 18
,,,Chrome Scouts Top 100 Complete Your Set Insert Refractors,2025 Bowman Chrome Scouts Top 100 - Complete Your Set - Insert Refractors
,,,(12) Justin Crawford Rookie Lot 2023 & Chrome,(12) Justin Crawford Rookie Prospect Lot 2023 Bowman 1st & 1st Chrome
,,,"Lot (60) w/ Refractor Parallels, Rookie Cards ,","San Francisco Giants Lot (60) w/ Refractor Parallels, Rookie Cards RC, Prospects"
,,,INSERTS: Complete Your Set & Pick Your Card,2025 Bowman Baseball INSERTS: Complete Your Set & Pick Your Card
71,,,71 x20 Justin Crawford 2023 Draft lot/set,x20 Justin Crawford 2023 Bowman Draft #71 Rookie Card  lot/set Phillies Prospect
,,,Justin Crawford 9x Rookie Lot 2023 /299 Red Prizm Refractor -,Justin Crawford 9x Rookie Lot - 2023 Bowman 1st - /299 Red Prizm - Refractor -
9,,,9 2026 Justin Crawford MLB NOW Gem Mint Graded 10,2026 Justin Crawford MLB Topps NOW Rookie Card #9 Gem Mint Graded 10
,,,INSERTS YOU PICK YOUR CARD,2025 BOWMAN INSERTS YOU PICK YOUR CARD
,,,2023 Draft Set Singles You PICK Complete your set #BD1-BD200,2023 Bowman Draft Baseball Set Singles You PICK Complete your set #BD1-BD200
,,,"4x Card Lot- McGonigle , JJ Wetherholt, Justin Crawford Chrome + Base","4x Card Lot- McGonigle , JJ Wetherholt, Justin Crawford 1st Bowman Chrome + Base"
BTP-47,,,BTP-47 Scouts Top 100 Justin Crawford 2 Card Lot,2025 Bowman Bowman Scouts Top 100 Justin Crawford #BTP-47 2 Card Lot Phillies
,,,Best Auto #B25-KL Kellon Lindsey LA True Gold /50,2025 Bowman's Best Auto #B25-KL Kellon Lindsey LA Dodgers True Gold /50
,,,Best #B25-KL Kellon Lindsey Gold Mini Diamond Refractor Auto /50,2025 Bowman's Best #B25-KL Kellon Lindsey Gold Mini Diamond Refractor Auto /50
,,,Best #B25-KL Kellon Lindsey Chrome Auto,2025 Bowman's Best #B25-KL Kellon Lindsey Chrome Auto
,,,Best Kellon Lindsey Gold Mini Diamonds Auto 20/50,2025 Bowman's Best Kellon Lindsey Gold Mini Diamonds Auto 20/50
,,,Best Best of Autographs #B25-KL Kellon Lindsey AU,Bowman 2025 Bowman's Best Best of 2025 Autographs #B25-KL Kellon Lindsey AU
,,,"Best Best of Autographs Kellon Lindsey #B25-KL (AU, )","2025 Bowman's Best - Best of 2025 Autographs Kellon Lindsey #B25-KL (AU, RC)"
BCP-150,,,BCP-150 Chrome â¢ BCP-1â â¢ YOU PICK NM/M,2025 Bowman â¢ Baseball Chrome Prospects BCP-1âBCP-150 â¢ YOU PICK NM/M
,,,"Best Best of Autographs Kellon Lindsey #B25-KL (AU, )","2025 Bowman's Best - Best of 2025 Autographs Kellon Lindsey #B25-KL (AU, RC)"
,,,Best #B25-KL Kellon Lindsey Best of Autographs Refractors,2025 Bowman's Best #B25-KL Kellon Lindsey Best of 2025 Autographs Refractors
,,,Best #B25-KL Kellon Lindsey Best Of Autograph,2025 Bowman's Best #B25-KL Kellon Lindsey Best Of 2025 Autograph!
BCP-137,,,BCP-137 /5 Kellon Lindsey Red Geometric Refractor PSA 8,2025 Bowman Kellon Lindsey Red Geometric Refractor RC BCP137 /5 PSA 8 Dodgers
,,,BEST KELLON LINDSEY Auto,2025 BOWMAN'S BEST KELLON LINDSEY Auto Dodgers
,,,Best Kellon Lindsey Auto #B25-KL Best of Autograph LA,2025 Bowman's Best Kellon Lindsey Auto #B25-KL Best of 2025 Autograph LA Dodgers
,,,Best Ketel Marte Purple Laser,2025 Bowman's Best Ketel Marte Purple Laser
62,,,62 /250 Best Ketel Marte Purple Laser,2025 Bowman's Best - #62 Ketel Marte - Purple Laser /250
62,,,62 /250 Ketel Marte Best Purple Refractor,Ketel Marte 2025 Bowman's Best Purple Refractor /250 #62 Diamondbacks
,,,"Ketel Marte Lot (9) Bowmanâs Best â Sparkle Refractor, Chrome & Refractors","Ketel Marte Lot (9) 2025 Bowmanâs Best â Sparkle Refractor, Chrome & Refractors"
62,,,62 /99 Best Ketel Marte Green Refractors,2025 Bowman's Best #62 Ketel Marte Green Refractors #/99
,,,You Pick (1-100) Buy 5 Get 7 Free,2025 Bowman Baseball You Pick! (1-100) Buy 5 Get 7 Free!!!
,,,KETEL MARTE BEST PURPLE MOJO /250 Q4115,KETEL MARTE 2025 BOWMAN'S BEST PURPLE MOJO DIAMONDBACKS /250 Q4115
,,,Bowmans Best Green Refractor /99 Ketel Marte 62,2025 Bowmans Best Green Refractor /99 Ketel Marte 62 Arizona Diamondbacks
,,,BEST KETEL MARTE GOLD LAVA REFRACTOR #/50,2025 BOWMAN'S BEST KETEL MARTE GOLD LAVA REFRACTOR #/50 ARIZONA DIAMONDBACKS
62,,,62 /250 Best Ketel Marte Purple Lazer Refractors,2025 Bowman's Best #62 Ketel Marte Purple Lazer Refractors #/250
,,,KETEL MARTE BEST AQUA LAVA REFRACTOR /199,KETEL MARTE 2025 BOWMAN'S BEST AQUA LAVA REFRACTOR DIAMONDBACKS /199
,,,Best BASE You Pick Complete Your Set,2025 Bowman's Best - BASE - You Pick Complete Your Set
62,,,62 /250 Best Ketel Marte Purple Lazer Refractor,2025 Bowman's Best - Ketel Marte #62 Purple Lazer Refractor 146/250
62,,,62 Ketel Marte Refractor Best,Ketel Marte #62 Refractor - 2025 Bowman's Best
76,,,76 Ketel Marte ** Lot of 24 cards **,2025 Bowman - Ketel Marte #76 Diamondbacks ** Lot of 24 cards **
62,,,62 Best Ketel Marte Wave Refractor,2025 Bowman's Best #62 Ketel Marte Wave Refractor
,,,Best Ketel Marte X-Fractor #62/150,Topps 2025 Bowman's Best Ketel Marte Arizona Diamondbacks X-Fractor #62/150
62,,,62 /250 Best Ketel Marte Purple Refractor,2025 Bowman's Best - Ketel Marte #62 Purple Refractor /250
62,,,62 /350 Best Ketel Marte Lazer Refractor,2025 Bowman's Best - Ketel Marte #62 Lazer Refractor /350
,,,KETEL MARTE Best Blue Lazer /150,KETEL MARTE 2025 Bowman's Best Baseball Blue Lazer /150
,,,Chrome #51 Ketel Marte Black Refractor #/10 PSA 10 GEM,2025 Bowman Chrome #51 Ketel Marte Black Refractor #/10 PSA 10 GEM Diamondbacks
,,,KETEL MARTE BEST BLUE REFRACTOR /150,KETEL MARTE 2025 BOWMAN'S BEST BLUE REFRACTOR DIAMONDBACKS /150
,,,Best Ketel Marte Aqua Refractor #/199,2025 Bowman's Best Ketel Marte Aqua Refractor #/199 Diamondbacks
62,,,62 BEST WAVE REFRACTOR KETEL MARTE,2025 BOWMAN'S BEST WAVE REFRACTOR #62 KETEL MARTE DIAMONDBACKS
,,,Chrome Kevin AlcÃ¡ntara Gold Mini /50 Rookie Melt Mashers Auto,2025 Bowman Chrome Kevin AlcÃ¡ntara Gold Mini /50 RC Rookie Melt Mashers Auto
,,,Chrome Base- You Pick- Volume Discount,2025 Bowman Chrome Base- You Pick- Volume Discount
,,,Best Kevin AlcÃ¡ntara Auto B25-KA 12/50,Topps 2025 Bowman's Best Kevin AlcÃ¡ntara RC Auto B25-KA 12/50 Cubs
BP-79,,,BP-79 Kevin McGonigle GMG Graded 10 Gem Mint ð,2025 Bowman Kevin McGonigle 1st Bowman GMG Graded 10 Gem Mint ð #BP-79
,,,Draft #BD-59 Kevin McGonigle Blue Border #/150,2025 Bowman Draft #BD-59 Kevin McGonigle Blue Border #/150
BCP-79,,,BCP-79 Chrome Kevin McGonigle # Rookie PSA 10,Kevin McGonigle 2025 Bowman 1st Chrome Prospects #BCP79 Tigers Rookie PSA 10
BP-79,,,BP-79 Kevin McGonigle Draft ðoð ̧ Delco ð¥,Kevin McGonigle 2025 Bowman Draft 1st Bowman ðºð¸ Tigers - Delco ð¥ #BP-79
BP-79,,,BP-79 Kevin McGonigle SGC-10 GEM MINT JUST SIGNED,2025 Bowman Kevin McGonigle 1st Prospect #BP-79 SGC-10 GEM MINT! JUST SIGNED!
,,,KEVIN McGONIGLE DRAFT #BD-59,KEVIN McGONIGLE  TIGERS  2025 BOWMAN DRAFT #BD-59
BCP-79,,,BCP-79 Chrome SAPPHIRE # KEVIN MCGONIGLE PSA 10,2025 BOWMAN SAPPHIRE EDITION CHROME PROSPECTS #BCP79 KEVIN MCGONIGLE RC PSA 10
,,,Kevin McGonigle Best # TP-28 True Gold Lava SP #39/50,Kevin McGonigle 2025 Topps Bowman's Best # TP-28 Tigers True Gold Lava SP #39/50
,,,"Best Best of Autographs Kevin McGonigle #B25-KM (AU, )","2025 Bowman's Best - Best of 2025 Autographs Kevin McGonigle #B25-KM (AU, RC)"
,,,Kevin McGonigle Draft Axis,Kevin McGonigle 2025 Bowman Draft Axis Detroit Tigers
BCP-79,,,BCP-79 Chrome Kevin Mcgonigle Graded 10 Gem Mint Rookie,2025 Bowman Chrome 1st Kevin Mcgonigle BCP-79 Graded 10 Gem Mint Tigers Rookie
BP-79,,,BP-79 Paper Kevin Mcgonigle Graded 10 Gem Mint Rookie,2025 Bowman Paper 1st Kevin Mcgonigle BP-79 Graded 10 Gem Mint Tigers Rookie RC
,,,DRAFT #BD-59 Kevin McGonigle ~ GEM MINT PTA 10ð¥,2025 BOWMAN DRAFT #BD-59 Kevin McGonigle Bowman Prospects ~ GEM MINT PTA 10ð¥
BP-79,,,BP-79 Kevin McGonigle GEM MINT PTA 10ð¥,2025 Bowman Prospects BP-79 Kevin McGonigle 1ST Bowman Tigers GEM MINT PTA 10ð¥
,,,CHROME Kevin McGonigle GEM MINT PTA 10ð¥,2025 Bowman CHROME Prospects Kevin McGonigle 1ST Bowman Tigers GEM MINT PTA 10ð¥
BCP-79,,,BCP-79 Chrome Kevin McGonigle ( ) PSA 10,2025 Bowman - Chrome Prospects Kevin McGonigle #BCP-79 (RC) PSA 10
,,,Draft Kevin McGonigle #BDC-59 Chrome Refractor,2025 Bowman Draft - Kevin McGonigle #BDC-59 Chrome Refractor
,,,Kevin McGonigle Chrome lot of 10 First Year,Kevin McGonigle Bowman Chrome lot of 10 First Year
,,,Draft Chrome Kevin McGonigle BDC-59,2025 Bowman Draft Chrome Prospect Kevin McGonigle BDC-59 Detroit Tigers
,,,Draft #BD-59 Kevin McGonigle Sky Blue Border #/499,2025 Bowman Draft #BD-59 Kevin McGonigle Sky Blue Border #/499
BP-79,,,BP-79 Kevin McGonigle Gem Mint 10,2025 Bowman Kevin McGonigle Tigers 1st Bowman Rookie Card #BP-79 Gem Mint 10
,,,Kevin McGonigle Rookie Card #BD-59 Gem Mint 10,2025 Bowman Kevin McGonigle Tigers Rookie Prospect Card #BD-59 Gem Mint 10
,,,Chrome Kevin McGonigle Rookie #BDC-59 Gem Mint 10,2025 Bowman Chrome Kevin McGonigle Tigers Rookie Prospect #BDC-59 Gem Mint 10
,,,Draft Prized Kevin McGonigle Green Refractor /99,2025 Bowman Draft Rc  Prized Prospects Kevin McGonigle Green  Refractor /99
,,,Kevin McGonigle /25 Best,Kevin McGonigle /25 2025 Bowman's Best
,,,Kevin Mcgonigle Gem Mint 10 ( ),2025 Bowman - Prospects 1st Bowman Kevin Mcgonigle Gem Mint 10 (RC)
,,,Kevin McGonigle Best #39 /250 Top PURPLE,Kevin McGonigle  2025 Bowman's Best  #39 /250 Top Prospects PURPLE  Tigers
,,,Draft Kevin McGonigle Lot Of 2 Mojo Refractors,2025 Bowman Draft Kevin McGonigle Lot Of 2 Mojo Refractors Tigers
BP-82,,,BP-82 Paper Kevyn Castillo 5 Card Lot,2025 Bowman Prospect Paper Kevyn Castillo Los Angeles Angels #BP-82 5 Card Lot
,,,#CPAKC Kevyn Castillo Chrome Orange Shimmer Auto /25 PSA 9,2025 Bowman #CPAKC Kevyn Castillo 1st Chrome Orange Shimmer Auto /25 PSA 9
CPA-KC,,,CPA-KC /100 Kevyn Castillo # Mini Diamond Auto PSA 9,2025 Bowman - Kevyn Castillo 1st #CPA-KC Mini Diamond Auto /100 PSA 9
BP-82,,,BP-82 Paper Kevyn Castillo 5 Card Lot,2025 Bowman Prospect Paper Kevyn Castillo Los Angeles Angels #BP-82 5 Card Lot
BP-82,,,BP-82 Kevyn Castillo (25) Card Lot,2025 Bowman Kevyn Castillo (25) Card 1st Bowman Lot Angels #BP-82
,,,KHADIM DIAW Auto PSA 10 Black Refractor #9/10,KHADIM DIAW 1st Bowman Auto PSA 10 Black Refractor #9/10 Twins - 2025 Bowman
,,,Chrome Auto Khadim Diaw Mini-Diamond /100 SGC 10,Bowman 2025 Chrome Prospect Auto Khadim Diaw Mini-Diamond /100 SGC 10 RC Twins
,,,Chrome Green Grass Auto KHADIM DIAW Auto /99 - PSA 9,2025 Bowman Chrome Green Grass Auto KHADIM DIAW 1st Auto /99 - Twins - PSA 9
CPA-KDW,,,CPA-KDW Chrome /99 Khadim Diaw Auto Green Refractor PSA 9,2025 Bowman Chrome 1st Khadim Diaw Auto /99 Green Refractor CPA-KDW PSA 9
,,,AUTO GOLD #BPAKE KONNER EATON 13/50 PSA 9,2025 BOWMAN BOWMAN PROSPECT AUTO GOLD #BPAKE KONNER EATON 13/50 PSA 9
,,,AUTO #BPAKE KONNER EATON PSA 9,2025 BOWMAN BOWMAN PROSPECT AUTO #BPAKE KONNER EATON PSA 9
,,,Chrome Konnor Griffin Rookie VIP GMG Graded 10 Gem Mint ð P,2025 Bowman Chrome Konnor Griffin Rookie VIP GMG Graded 10 Gem Mint ð RC P
,,,Konnor Griffin Card Lot,Konnor Griffin Card Lot
,,,Draft Chrome Konnor Griffin #BDC-102 Refractor ( ),2025 Bowman Draft - Chrome Konnor Griffin #BDC-102 Refractor (RC)
,,,Konnor Griffin Chrome Laser Refractor Rookie Draft #BDC-102,Konnor Griffin Chrome Laser Refractor Rookie 2025 Bowman Draft #BDC-102 Pirates
,,,Draft Konnor Griffin Chrome Aqua Wave Refractor #/125 PSA 10 POP 1,2025 Bowman Draft Konnor Griffin Chrome Aqua Wave Refractor #/125 PSA 10 POP 1
,,,Draft Chrome Konnor Griffin #BDC-102 Mojo Refractor ( ),2025 Bowman Draft - Chrome Konnor Griffin #BDC-102 Mojo Refractor (RC)
,,,KONNOR GRIFFIN DRAFT #BD-102,KONNOR GRIFFIN PIRATES 2025 BOWMAN DRAFT #BD-102
BP-86,,,BP-86 /75 Konnor Griffin Yellow PSA 8,2025 Bowman Prospects Konnor Griffin #BP-86 Yellow /75 - PSA 8 Pirates
,,,Best Mlb All-Star Future's Game Konnor Griffin #FG-4 ( ),2025 Bowman's Best - 2025 Mlb All-Star Future's Game Konnor Griffin #FG-4 (RC)
,,,Draft Konnor Griffin Refractor #BDC-102,2025 Bowman Draft Konnor Griffin Refractor #BDC-102 - Pirates
,,,Draft Chrome Konnor Griffin Mojo Refractor #BDC-102,2025 Bowman Draft Chrome Konnor Griffin Mojo Refractor RC #BDC-102 Pirates
,,,Draft #BD-102 Konnor Griffin,2025 Bowman Draft #BD-102 Konnor Griffin
,,,Konnor Griffin Draft Paper Lot (10),Konnor Griffin - 2025 Bowman Draft - 1st Bowman Paper Lot (10)
,,,Draft Konnor Griffin Yellow Reptilian Refractor /75,2025 Bowman Draft Konnor Griffin Yellow Reptilian Refractor /75 Pirates
BA-12,,,BA-12 Chrome Konnor Griffin Ascensions Case Hit SSP,Konnor Griffin 2025 Bowman Chrome Ascensions Case Hit SSP BA-12
,,,Draft Chrome Konnor Griffin #BDC-102 Refractor ( ),2025 Bowman Draft - Chrome Konnor Griffin #BDC-102 Refractor (RC)
VIP-20,,,VIP-20 Vips Very Important Konnor Griffin ( ) (2) Lot,2025 Bowman - Vips Very Important Prospects Konnor Griffin #VIP-20 (RC) (2) Lot
,,,Draft Chrome Konnor Griffin Mega Box Mojo Refractor #BDC-102 *read*,2025 Bowman Draft Chrome Konnor Griffin Mega Box Mojo Refractor #BDC-102 *read*
,,,Draft Chrome Konnor Griffin #BDC-102 Refractor ( ),2025 Bowman Draft - Chrome Konnor Griffin #BDC-102 Refractor (RC)
,,,Draft Chrome Konnor Griffin #BDC-102 X-Fractor ( ),2025 Bowman Draft - Chrome Konnor Griffin #BDC-102 X-Fractor (RC)
,,,DRAFT #BD-102 Konnor Griffin Graded GEM MINT PTA 10ð¥,2025 BOWMAN DRAFT #BD-102 Konnor Griffin Pirates Graded GEM MINT PTA 10ð¥
BP-86,,,BP-86 Konnor Griffin Rookie Card Gem Mint 10,2025 Bowman Konnor Griffin Pirates Rookie Prospect Card #BP-86 Gem Mint 10
,,,Konnor Griffin Rookie Card #BD-102 Gem Mint 10,2025 Bowman Konnor Griffin Pirates Rookie Prospect Card #BD-102 Gem Mint 10
,,,Konnor Griffin Bowmans Best Autograph (On Card Auto),Konnor Griffin 2025 Bowmans Best Autograph (On Card Auto)
,,,Draft Chrome Konnor Griffin #BDC-102 Refractor ( ),2025 Bowman Draft - Chrome Konnor Griffin #BDC-102 Refractor (RC)
,,,Konnor Griffin Draft Graded 10,Konnor Griffin 2025 Bowman Draft Pittsburgh Pirates Rookie Card RC 1st Graded 10
,,,Draft Konnor Griffin #BDC-102 Yellow Refractor 60/75,2025 Bowman Draft - Konnor Griffin #BDC-102 - Yellow Refractor - 60/75
,,,Best Konnor Griffin Purple Lazer /250,2025 Bowman's Best Konnor Griffin Purple Lazer /250 Pittsburgh Pirates
,,,KONNOR GRIFFIN DRAFT #BD-102,KONNOR GRIFFIN PIRATES 2025 BOWMAN DRAFT #BD-102
,,,Draft BD-102 KONNOR GRIFFIN Lot of 50 Paper,2025 Bowman Draft BD-102 KONNOR GRIFFIN Pittsburgh Pirates Lot of 50 Paper
,,,"Rodgers 2015 Draft, Tovar, Doyle 's. 24 Card Lot. Bryant ASG +","Rodgers 2015 Bowman Draft, Tovar, Doyle RC's. Rockies 24 Card Lot. Bryant ASG +"
,,,"Ethan Holliday 65, Condon Rated , + Parrallels Lot","Ethan Holliday Prospect 65, Condon Rated Prospect, Rockies +Topps Parrallels Lot"
,,,"Parrallel Lot, , Bryant /499, Dollander Purple Mojo /250, Sepia, Xfractor","Parrallel Lot, Rockies, Bryant /499, Dollander Purple Mojo /250, Sepia, Xfractor"
,,,Stars Of The MLB 10 Card Lot PEDERSON RILEY POSEY YELICH BRYANT DEGROM 061125,Stars Of The MLB 10 Card Lot - PEDERSON RILEY POSEY YELICH BRYANT DEGROM 061125
,,,Card LOT (24) Rookies Chrome Refractors,Colorado Rockies Baseball Card LOT (24) - Topps Rookies Chrome Bowman Refractors
,,,"Lot (70) w/ Refractor Parallels, Rookie Cards , +","Colorado Rockies Lot (70) w/ Refractor Parallels, Rookie Cards RC, Prospects +"
,,,You Pick Your Cards ð¥ ð¥ Fan Favorites Old & New Bonds ++,You Pick Your Cards ð¥ San Francisco Giants ð¥ Fan Favorites Old & New Bonds ++
,,,"17x Card Lot Tovar, Doyle, Bryant","17x Colorado Rockies Baseball Card Lot 2025 - Tovar, Doyle, Bryant"
,,,"Mike Trout Game Used Mem Lot/ SP of Bo Adell, Nolan Schanuel, parallels","Angels Mike Trout Game Used Mem Lot/ SP of Bo Adell, Nolan Schanuel, parallels"
,,,4 Card Parallel Lot Chrome Refractor Sandglitter Cosmic Raywave,Colorado Rockies 4 Card Parallel Lot Chrome Refractor Sandglitter Cosmic Raywave
,,,ð¥HUGE (29) 2022- Serial Numbered Lot Rookie SP Draft,ð¥HUGE! (29) 2022-2025 Bowman Baseball Serial Numbered Lot RC Rookie SP Draft
,,,155 Lot W 5 Zac Veen 8 Hunter Goodman Refractor Brenton Doyle #/699,155 Lot Rockies W 5 Zac Veen RC 8 Hunter Goodman Refractor Brenton Doyle #/699
,,,KRIS BRYANT 2019- / /DONRUSS 18-CARD LOT,KRIS BRYANT 2019-2025 TOPPS/BOWMAN/DONRUSS Colorado Rockies 18-CARD LOT
,,,"Chrome, Multi Player / Year Lot, (x53) Lot 1","Bowman 1st Chrome, Multi Player / Year Lot, (x53) Lot 1"
,,,Kris Bryant Huge (68) Card Lot Highlights Inserts Chrome,Kris Bryant Huge (68) Card Lot Highlights Inserts Chrome Cubs Giants Rockies
,,,Kris Bryant & Lot (6 Cards),Kris Bryant 2025 Topps & Bowman Lot (6 Cards) Colorado Rockies
,,,"38 Card Lot Series 1, 2, Heritage, , Rookies","Colorado Rockies 38 Card Lot Series 1, 2, Heritage, Bowman, Rookies"
,,,"340 Card Lot Rookies, , All-Stars, HOFers & More","Chicago Cubs 340 Card Lot! Rookies, Prospects, All-Stars, HOFers & More!"
,,,Lot of 69 2021- Parallels Inserts SPs All-Stars RCs,Lot of 69 2021-2025 Colorado Rockies Parallels Inserts SPs All-Stars RCs
,,,"Kris Bryant (12+) Card Lot ROY Inserts, Parallels, Memorabilia","Kris Bryant (12+) Card Lot - Chicago Cubs ROY - Inserts, Parallels, Memorabilia"
,,,"56x 2023- 56 Card Team Lot (Relic, Auto, #'d +)","56x Topps 2023-2025 56 Card Colorado Rockies Team Lot (Relic, Auto, #'d +)"
,,,"ð£ 15 Card LOT , Cosmic,","ð£ 2025 COLORADO ROCKIES 15 Card LOT! Bowman, Cosmic, Topps"
,,,"Kris Bryant Huge 34 Card Lot (No Dupes), Inserts, Chrome, Refractors","Kris Bryant Huge 34 Card Lot (No Dupes), Inserts, Chrome, Refractors"
,,,HUGE (80) KRIS BRYANT MINT BASE INSERT VARIATION PLAYER LOT,HUGE (80) KRIS BRYANT MINT BASE INSERT VARIATION PLAYER LOT
,,,colarado rookies 229 card team lot no doubles,colarado rookies  229  card team lot bowman topps no doubles
,,,Best Kristian Campbell Auto Green Refractor /99,2025 Bowman's Best Kristian Campbell RC Auto Green Refractor /99 Boston Red Sox
11,,,11 /50 Best Kristian Campbell Gold Lava ( ),2025 Bowman's Best #11 Kristian Campbell Gold Lava /50 (RC)
,,,Best Kristian Campbell [Aqua Refractor] #11 /199,2025 Bowman's Best Kristian Campbell [Aqua Refractor] #11 /199
,,,Best Mini Diamond Kristian Campbell Auto Gold Refractors #/50.,2025 Bowman's Best Mini Diamond Kristian Campbell Auto Gold Refractors #/50.
,,,Kristian Campbell Chrome #MV-7 Max Volume Gold #/50,Kristian Campbell 2025 Bowman Chrome #MV-7 Max Volume Gold #/50
,,,Chrome #IT-3 Kristian Campbell It Came To The League,2025 Bowman Chrome #IT-3 Kristian Campbell It Came To The League
11,,,11 Best Kristian Campbell Wave Refractor ( ),2025 Bowman's Best - Kristian Campbell #11 Wave Refractor (RC)
,,,CHROME SAPPHIRE VARIATION ORANGE KRISTIAN CAMPBELL /25 PSA 10 ð,2025 BOWMAN CHROME SAPPHIRE VARIATION ORANGE KRISTIAN CAMPBELL /25 PSA 10 ð
11,,,11 /50 Best Kristian Campbell Gold Refractor ( ) L19,2025 Bowman's Best - Kristian Campbell #11 Gold Refractor /50 (RC) L19
,,,KRISTIAN CAMPBELL Gold /50 PSA 10 POP 1,2025 Bowman Prospects KRISTIAN CAMPBELL Gold /50 PSA 10 POP 1
,,,Chrome Mega Box Kristian Campbell Gold Mega Refractor Auto /50 PSA 9,2025 Bowman Chrome Mega Box Kristian Campbell Gold Mega Refractor Auto /50 PSA 9
BCP-42,,,BCP-42 /50 Graded Kristian Campbell # Gold Geo Card PSA 10,Graded 2025 Bowman Kristian Campbell #BCP42 Gold Geo /50 RC Baseball Card PSA 10
BCP-42,,,BCP-42 Chrome /75 Kristian Campbell Yellow Sapphire PSA 10 SP,2025 Bowman Chrome Kristian Campbell Yellow Sapphire 32/75 PSA 10 SP #BCP-42
,,,Chrome Kristian Campbell Blue Refractor Auto /150 BGS 9.5,2025 Bowman Chrome Kristian Campbell Red Sox Blue Refractor Auto /150 BGS 9.5
,,,Chrome Mega Box Kristian Campbell Gold Mega Refractor Auto /50 PSA 9,2025 Bowman Chrome Mega Box Kristian Campbell Gold Mega Refractor Auto /50 PSA 9
,,,Kristian Campbell Chrome Melt Mashers #MM-2,Kristian Campbell 2025 Bowman Chrome Melt Mashers #MM-2 Boston Red Sox
,,,CHROME /75 YELLOW X-FRACTOR KRISTIAN CAMPBELL PSA 10,2025 BOWMAN CHROME /75 PROSPECTS YELLOW X-FRACTOR KRISTIAN CAMPBELL PSA 10 RC
,,,Chrome Rookie Color Run Variation /25 Kristian Campbell 58 PSA 10,2025 Bowman Chrome Rookie Color Run Variation /25 Kristian Campbell 58 RC PSA 10
,,,Best BASE You Pick Complete Your Set,2025 Bowman's Best - BASE - You Pick Complete Your Set
,,,Best Purple Refractor Rookie Kristian Campbell #11/250 Red â¦,2025 Topps Bowman's Best Purple Refractor Rookie Kristian Campbell #11/250 Red â¦
11,,,11 /150 Best Kristian Campbell Blue Refractor ( ),2025 Bowman's Best - Kristian Campbell #11 Blue Refractor /150 (RC)
11,,,11 /350 Best Kristian Campbell Lazer Refractor ( ),2025 Bowman's Best - Kristian Campbell #11 Lazer Refractor /350 (RC)
,,,Chrome #IT-3 Kristian Campbell It Came To The League,2025 Bowman Chrome #IT-3 Kristian Campbell It Came To The League Red Sox RC
11,,,11 Best Kristian Campbell REFRACTOR Lot (2),2025 Bowman's Best Kristian Campbell REFRACTOR RC Lot (2) Red Sox #11
,,,Sapphire Kristian Campbell Rookie Black 3/10 PSA 9,2025 Bowman Sapphire Kristian Campbell Red Sox Rookie Black 3/10 PSA 9
,,,Chrome Meteoric Rise Kristian Campbell Purple Refractor /250,2025 Bowman Chrome Meteoric Rise Kristian Campbell Purple Refractor /250 RC
CRA-KR,,,CRA-KR Chrome /150 Kumar Rocker True Blue Auto # PSA 10 Rookie,Kumar Rocker 2025 Bowman Chrome True Blue Auto /150 #CRA-KR PSA 10 Rookie RC
,,,Kumar Rocker Chrome True Blue Auto /150 PSA 10,2025 Bowman Kumar Rocker Chrome True Blue Auto /150 Rangers PSA 10
,,,Kumar Rocker Chrome True Gold Auto /50 PSA 9,2025 Bowman Kumar Rocker Chrome True Gold Auto /50 Rangers PSA 9
,,,Chrome Kumar Rocker Purple Refractor /250 Gem Mt PSA 10,2025 Bowman Chrome Kumar Rocker Purple Refractor /250 Gem Mt PSA 10
,,,Kyle DeBarge Chrome Auto Blue Refractor #003/150 PSA 9,2025 Bowman Kyle DeBarge Chrome Auto Blue Refractor 1st #003/150 PSA 9
BPA-KD,,,BPA-KD /50 Kyle DeBarge Gold Paper Auto # SGC 9.5 / 10 #,Kyle DeBarge 2025 Bowman Gold Paper Auto #21/50 SGC 9.5 / 10 #BPA-KD
BP-139,,,BP-139 Kyle DeBarge Paper Lot Of 10 Minnesota Twinsð¥,2025 Bowman Kyle DeBarge 1st Paper Prospects Lot Of 10 BP-139 Minnesota Twinsð¥
,,,CHROME SAPPHIRE KYLE DEBARGE /99 GREEN AUTO SP PSA 9,2025 BOWMAN CHROME SAPPHIRE KYLE DEBARGE /99 GREEN 1ST AUTO SP PSA 9 TWINS
,,,Best #B25-KD Kyle DeBarge Best of Autographs,2025 Bowman's Best #B25-KD Kyle DeBarge Best of 2025 Autographs
,,,Chrome Kyle DeBarge Chrome 4 Card Lot,2025 Bowman Chrome Kyle DeBarge 1st Chrome 4 Card Lot
,,,CHROME PRSPCT AUTOS #CPAKD KYLE DEBARGE PSA 10 AUTO,2025 BOWMAN CHROME PRSPCT AUTOS #CPAKD KYLE DEBARGE PSA 10 AUTO
,,,Best Kyle DeBarge Best of Auto #B25-KD,2025 Bowman's Best Kyle DeBarge Best of 2025 Auto #B25-KD  Minnesota Twins
,,,Kyle DeBarge FIRST ON PRINT Chrome Orange Reptillian /25 PSA 9,Kyle DeBarge FIRST ON PRINT 2025 Bowman Chrome Orange Reptillian /25 PSA 9 TWINS
,,,Sapphire Kyle DeBarge Chrome Auto #/199 PSA 10,2025 Bowman Sapphire Kyle DeBarge Chrome Prospect Auto #/199 Twins PSA 10
,,,Best Kyle DeBarge #B25-KD Green Auto Refractor /99,2025 Bowman's Best Kyle DeBarge #B25-KD Green Auto Refractor /99
,,,SSP /50 TRUE GOLD REFRACTOR AUTO CHROME KYLE DEBARGE PSA 10 (AUTO),SSP /50 TRUE GOLD REFRACTOR AUTO 2025 BOWMAN CHROME KYLE DEBARGE PSA 10 (AUTO)
,,,Best Kyle DeBarge Best of Auto Refractor B25-KD,Topps 2025 Bowman's Best Kyle DeBarge Best of 2025 Auto Refractor B25-KD Twins
,,,Best #B25-KD Kyle DeBarge Best of Autographs,2025 Bowman's Best #B25-KD Kyle DeBarge Best of 2025 Autographs
,,,Best #B25-KD Kyle DeBarge Best of Autographs Refractors,2025 Bowman's Best #B25-KD Kyle DeBarge Best of 2025 Autographs Refractors
,,,(1-150) You Pick Buy 5 Get 7 Free,2025 Bowman Baseball Prospects (1-150) You Pick! Buy 5 Get 7 Free!!!
,,,77-Kyle Teel Chrome Lot 43-Chrome 12-Top 100 22-Greatness,77-Kyle Teel 2025 Bowman Chrome White Sox  Lot 43-Chrome 12-Top 100 22-Greatness
,,,Chrome Max Volume Kyle Teel #MV-2 Orange Refractor /25 ( ),2025 Bowman Chrome - Max Volume Kyle Teel #MV-2 Orange Refractor /25 (RC)
,,,Kyle Teel Lot Chrome/Panini/2026 Heritage 66/182/RA-KT/MV-2,Kyle Teel RC Lot 2025 Bowman Chrome/Panini/2026 Topps Heritage 66/182/RA-KT/MV-2
,,,Kyle Tucker Chrome Refractor Best #2 /,Kyle Tucker Chrome Refractor 2025 Bowman's Best Baseball #2 Chicago Cubs/Dodgers
BP-26,,,BP-26 Best Best Performances Kyle Tucker Mini-Diamond Refractor,2025 Bowman's Best - Best Performances Kyle Tucker #BP-26 Mini-Diamond Refractor
,,,Bowmans Best Kyle Tucker Orange Super Short Print Refractor /25,2025 Bowmans Best Kyle Tucker - Orange Super Short Print Refractor /25  - Cubs
,,,You Pick (1-100) Buy 5 Get 7 Free,2025 Bowman Baseball You Pick! (1-100) Buy 5 Get 7 Free!!!
2,,,2 /250 Best Kyle Tucker Purple Lazer Refractor,2025 Bowman's Best - Kyle Tucker #2 Purple Lazer Refractor 7/250
2,,,2 /150 Best Kyle Tucker Blue Lazer Refractor,2025 Bowman's Best - Kyle Tucker #2 Blue Lazer Refractor /150
,,,Kyle Tucker Best Blue Laser Refractor /150,Kyle Tucker 2025 Bowman's Best Blue Laser Refractor /150
,,,Best Kyle Tucker Blue Refractor #/150,2025 Bowman's Best Kyle Tucker Blue Refractor #/150 Cubs
BP-26,,,BP-26 /50 Best Best Performance Kyle Tucker Gold In,Bowman 2025 Bowman's Best Best Performance Kyle Tucker Cubs BP-26 Gold 15/50 In
BP-26,,,BP-26 Best Kyle Tucker Best Performance Mini Diamond Refractor,2025 Bowman's Best Kyle Tucker Best Performance Mini Diamond Refractor #BP-26
2,,,2 /75 Kyle Tucker Best Gold Refractor,Kyle Tucker 2025 Bowman's Best #2 Gold Refractor  # /75
2,,,2 /75 Kyle Tucker Best Yellow Refractor,Kyle Tucker 2025 Bowman's Best Yellow Refractor /75 #2 Chicago Cubs
,,,Lawrence Butler Chrome Yellow Refractor 61/75 PSA 9,Lawrence Butler 2025 Bowman Chrome Yellow Refractor Athletics 61/75 PSA 9
,,,You Pick (1-100) Buy 5 Get 7 Free,2025 Bowman Baseball You Pick! (1-100) Buy 5 Get 7 Free!!!
,,,Chrome Lawrence Butler Orange Geometric /25 PSA 10,2025 Bowman Chrome Lawrence Butler Orange Geometric /25 PSA 10
,,,"Lazaro Montes Choose From Base, Top 100 Greatness Loading get All 3","Lazaro Montes 2025 Bowman Choose From Base, Top 100 Greatness Loading get All 3!"
,,,PSA 10 Chrome Lazaro Montes Black X-Fractor /10 *Pop 1*,PSA 10 2025 Bowman Chrome Lazaro Montes Black X-Fractor /10 *Pop 1*
BCP-23,,,BCP-23 Chrome /25 Lazaro Montes # Orange Refractor PSA 10,2025 Bowman Chrome Lazaro Montes #BCP23 Orange Refractor /25 PSA 10
,,,Best Leo De Vries #TP-26 Purple Mojo Refractor /250 ( ),2025 Bowman's Best - Leo De Vries #TP-26 Purple Mojo Refractor /250 (RC)
,,,Draft Axis Leo De Vries #A-19 Refractor /250 ( ),2025 Bowman Draft - Axis Leo De Vries #A-19 Refractor /250 (RC)
BCP-59,,,BCP-59 Chrome Leo De Vries Reptilian Refractor ( ) PSA 9,2025 Bowman Chrome Prospects Leo De Vries #BCP-59 Reptilian Refractor (RC) PSA 9
BCP-59,,,BCP-59 Chrome Leo De Vries Reptilian Refractor PSA 10 ð,2025 Bowman Chrome Leo De Vries Reptilian Refractor #BCP-59 PSA 10 ð
,,,LEO DE VRIES A's DRAFT #BD-87,LEO DE VRIES  A's   2025 BOWMAN DRAFT #BD-87
,,,Draft Leo De Vries BD-87 Card Lot of 10,2025 Bowman Draft Leo De Vries Athletics BD-87 Card Lot of 10
,,,Chrome Leo De Vries Melt Mashers #MM-8,2025 Bowman Chrome - Leo De Vries Melt Mashers #MM-8
,,,Draft Chrome Gold Geometric #BDC-87 Leo de Vries /50,2025 Bowman Draft Chrome Gold Geometric #BDC-87 Leo de Vries /50 Athletics
,,,Chrome Leo De Vries Gold Reptilian Refractor 13/50 PSA 9,2025 Bowman Chrome Prospects Leo De Vries Gold Reptilian Refractor 13/50 PSA 9
,,,Draft Chrome Leo De Vries #BDC-87 ( ),2025 Bowman Draft - Chrome Leo De Vries #BDC-87 (RC)
,,,Chrome Leo De Vries Sunflower Seeds PSA 10 GEM MINT,2025 Bowman Chrome Prospects Leo De Vries Sunflower Seeds PSA 10 GEM MINT
,,,Best Leo De Vries Purple /250,2025 Topps Bowman's Best Leo De Vries Purple /250
,,,Draft Leo De Vries Chrome Sky Blue Refractor #BDC-87,2025 Bowman Draft Leo De Vries Chrome Sky Blue Refractor #BDC-87 Athletics
,,,Draft Leo De Vries Chrome #BDC-87,2025 Bowman Draft Leo De Vries Chrome Prospects #BDC-87
,,,Leo De Vries Best #C-13 Circuitry Mini-Diamond Refractors,Leo De Vries 2025 Bowman's Best #C-13 Circuitry Mini-Diamond Refractors
,,,Leo De Vries Auto PSA 9 Chrome Mega Box 11/99 Green Mojo,Leo De Vries Auto PSA 9 2025 Bowman Chrome Mega Box 11/99 Prospect Green Mojo
,,,Draft Chrome Sapphire #BD-87 Leo De Vries,2025 Bowman Draft Chrome Sapphire - #BD-87 Leo De Vries ATHLETICS
,,,Leo De Vries Chrome -Peanuts PSA 10 POP2 Top,2025 Leo De Vries Topps Chrome Prospect-Peanuts Padres PSA 10 POP2 Top Prospect
,,,Chrome Megabox Leo De Vries Chrome Auto Psa 9,2025 Bowman Chrome Megabox Leo De Vries Chrome Prospects Auto Psa 9
,,,Draft #BDC-87 Leo De Vries Chrome Blue Refractor #/150,2025 Bowman Draft #BDC-87 Leo De Vries Chrome Blue Refractor #/150
,,,LEO DE VRIES BEST TOP REFRACTOR #TP-26,LEO DE VRIES 2025 BOWMAN'S BEST TOP PROSPECTS REFRACTOR #TP-26 ATHLETICS
,,,CHROME LEO DE VRIES ORANGE REFRACTOR AUTO (POP #2) 6/25 PSA 9,2025 BOWMAN CHROME LEO DE VRIES ORANGE REFRACTOR AUTO (POP #2) 6/25 PSA 9
,,,draft autographs leo de vries achromatic /250,2025 bowman draft autographs leo de vries achromatic /250
,,,Best Leo De Vries Green Circuitry AUTO /99 #CA-LD,2025 Bowman's Best Leo De Vries Green Circuitry AUTO /99 #CA-LD Athletics
,,,Draft Sky Blue #BD87 Leo De Vries Serial #004/499,2025 Bowman Draft Sky Blue #BD87 Leo De Vries Serial #004/499
,,,You Pick (1-100) Buy 5 Get 7 Free,2025 Bowman Baseball You Pick! (1-100) Buy 5 Get 7 Free!!!
,,,Lucas Ramirez Chrome Orange Geometric Refractor 02/25 PSA 9,2025 Lucas Ramirez Bowman 1st Chrome Orange Geometric Refractor 02/25 - PSA 9
BCP-135,,,BCP-135 Chrome /199 Pros Fuchsia Reptilian PSA 9 Lucas Ramirez #,2025 Bowman Chrome Pros Fuchsia Reptilian PSA 9 106/199 Lucas Ramirez #BCP135
BCP-135,,,BCP-135 Chrome /75 Prosp Lucas Ramirez Yellow Wave Refractor PSA 10,2025 Bowman Chrome Prosp Lucas Ramirez #BCP-135 Yellow Wave Refractor /75 PSA 10
,,,LUIS ALMEYDA PURPLE AUTOGRAPHED AUTO /250 PSA 7,2025 LUIS ALMEYDA BOWMAN PURPLE AUTOGRAPHED AUTO ROOKIE CARD RC /250 PSA 7
,,,Paper Retail Autographs Luis Almeyda Lot (2) Auto,2025 Bowman Paper Prospect Retail Autographs Luis Almeyda Lot (2) Baltimore Auto
,,,2023 Draft Set Singles You PICK Complete your set #BD1-BD200,2023 Bowman Draft Baseball Set Singles You PICK Complete your set #BD1-BD200
BP-140,,,BP-140 LUIS MEREJO Retro Logo Foil SSP PSA 10,LUIS MEREJO 2025 Bowman #BP-140 1st Retro Logo Foil SSP PSA 10
CPA-LM,,,CPA-LM /99 Luis Merejo # Green Shimmer Auto PSA 10 POP 1,Luis Merejo 2025 Bowman #CPA-LM 1st Green Shimmer Auto #/99 PSA 10 POP 1
,,,Luis Merejo 9 card lot Chrome #BDC-140,Luis Merejo 2025 Bowman 9 card lot 1st Bowman Chrome #BDC-140 Guardians
,,,Chrome Luis Merejo Chrome-Pros Auto-Gold Shimmer /50 PSA 10,2025 Bowman Chrome Luis Merejo  Chrome-Pros Auto-Gold Shimmer /50 PSA 10
BCP-150,,,BCP-150 Chrome â¢ BCP-1â â¢ YOU PICK NM/M,2025 Bowman â¢ Baseball Chrome Prospects BCP-1âBCP-150 â¢ YOU PICK NM/M
,,,Draft Chrome Luis Pena #BDC-105 Gold Geometric Refractor /50,2025 Bowman Draft - Chrome Luis Pena #BDC-105 Gold Geometric Refractor /50
,,,Draft Chrome Luis Pena #BDC-105 Purple Refractor /250 ( ),2025 Bowman Draft - Chrome Luis Pena #BDC-105 Purple Refractor /250 (RC)
BCP-38,,,BCP-38 Chrome 137090654 Luis Pena PSA 10,137090654 Luis Pena 2025 Bowman #BCP-38 Chrome 1st RC PSA 10
,,,Best Luis Pena #TP-24 Purple Refractor 050/250,2025 Bowman's Best  Luis Pena #TP-24 Purple Refractor 050/250
CPA-LP,,,CPA-LP Chrome Luis Pena Auto Autograph # PSA 9,Luis Pena 2025 Bowman Chrome Prospect 1st Auto Autograph #CPA-LP Brewers PSA 9
,,,Luis Pena Rookie Auto Chrome Reptilian Refr Auto PSA 9 & 9,Luis Pena Rookie Auto 2025 Bowman Chrome 1st Reptilian Refr RC Auto PSA 9 & 9
,,,Luis Pena Rookie Auto Chrome X-Fractor Auto PSA 9 & 10,Luis Pena Rookie Auto 2025 Bowman Chrome 1st X-Fractor RC Auto PSA 9 & 10
,,,Draft Sapphire Luis Pena Chrome SP #BDC-105,2025 Bowman Draft Sapphire Luis Pena Chrome SP Brewers #BDC-105
BCP-38,,,BCP-38 Sapphire PSA 8 Luis Pena ( ),2025 Bowman Sapphire Edition - PSA 8 Luis Pena #BCP-38 (RC)
,,,Chrome Luis Pena Orange Shimmer Refractor /25 Mint PSA 9,2025 Bowman Chrome 1st Luis Pena Orange Shimmer Refractor /25 Brewers Mint PSA 9
,,,Bowmans Best Yellow Refractor Luis Pena COLOR MATCH /75,2025 Bowmans Best Yellow Refractor Luis Pena COLOR MATCH /75
BCP-38,,,BCP-38 Chrome /99 LUIS PENA GREEN REFRACTOR PSA 9,LUIS PENA 2025 BOWMAN CHROME PROSPECTS GREEN REFRACTOR #BCP-38 46/99 PSA 9
CPA-LP,,,CPA-LP Chrome /499 LUIS PENA Refractor Auto PSA 9,LUIS PENA 2025 Bowman Chrome Refractor Auto 14/499 PSA 9 1st CPA-LP
BCP-38,,,BCP-38 Chrome /125 Luis Pena Aqua Shimmer Refractor PSA 10,2025 Bowman Chrome Luis Pena Aqua Shimmer Refractor /125 BCP-38 PSA 10
,,,Bowmanâs Best Jesus Made & Luis Pena (38) Card Lot: /250-/299-/350+,2025 Bowmanâs Best Brewers Jesus Made & Luis Pena (38) Card Lot: /250-/299-/350+
,,,Draft Chrome Luis Pena #BDC-105 Gold Geometric Refractor /50 ( ),2025 Bowman Draft - Chrome Luis Pena #BDC-105 Gold Geometric Refractor /50 (RC)
88,,,88 LUIS ROBERT JR (8) Card Lot Base B185,LUIS ROBERT JR (8) #88 Card Lot 2025 Topps Bowman Base WHITE SOX B185
,,,"Veteran & -You Pick- 1-100 **Buy More, Save More**","2025 Bowman Veteran & RC -You Pick- 1-100 **Buy More, Save More**"
,,,You Pick (1-100) Buy 5 Get 7 Free,2025 Bowman Baseball You Pick! (1-100) Buy 5 Get 7 Free!!!
,,,(50) Luis Robert Jr. Card Lot 2026,(50) 2025 Bowman Luis Robert Jr. Card Lot - 2026 New York Mets
,,,Base **Buy 1 Get 8 More FREE** You Pick Complete Your Set,2025 Bowman Base **Buy 1 Get 8 More FREE** You Pick - Complete Your Set
88,,,88 Paper Luis Robert Jr. 12 Card Lot,2025 Bowman Paper Luis Robert Jr. Chicago White Sox #88  12 Card Lot
88,,,88 (5) Paper Base card Lot Luis Robert Jr.,2025 Bowman (5) Paper Base card Lot #88 Luis Robert Jr. White Sox
,,,Chrome #IT-18 Luisangel AcuÃ±a It Came To The League Gold #/50,2025 Bowman Chrome #IT-18 Luisangel AcuÃ±a It Came To The League Gold #/50
,,,Chrome #IT-18 Luisangel AcuÃ±a It Came To The League Gold #/50,2025 Bowman Chrome #IT-18 Luisangel AcuÃ±a It Came To The League Gold #/50
,,,Luisangel AcuÃ±a Home Field Advantage & #073/175 Lot,Luisangel AcuÃ±a Topps Home Field Advantage & Bowman #073/175 Mets Rangers Lot
,,,Chrome #BAA-LA Luisangel AcuÃ±a Ascensions Autographs,2025 Bowman Chrome #BAA-LA Luisangel AcuÃ±a Bowman Ascensions Autographs
,,,Luisangel AcuÃ±a 3-Card Lot â Chrome ROY Fav (x2) + IT-18,Luisangel AcuÃ±a RC 3-Card Lot â 2025 Bowman Chrome ROY Fav (x2) + IT-18
,,,(PSA 9) LUISANGEL ACUNA ROOKIE AUTO-YELLOW REFRACTOR #/75,(PSA 9) 2025 BOWMAN LUISANGEL ACUNA TOPPS ROOKIE AUTO-YELLOW REFRACTOR #/75
BWC-11,,,BWC-11 Crystallized Luisangel Acuna # PSA 10,2025 Bowman Crystallized Luisangel Acuna #BWC11 PSA 10
,,,â ̈ï ̧â ̈ï ̧ Best BEST-TEK Luisangel AcuÃ±a #BT-18 Rookie GOLD /50 Metsâ ̈ï ̧â ̈ï ̧â ̈,â¨ï¸â¨ï¸2025 Bowman's Best BEST-TEK Luisangel AcuÃ±a #BT-18 Rookie GOLD /50 Metsâ¨ï¸â¨ï¸â¨
,,,Luisangel AcuÃ±a Chrome Rookie INSERTS (3) CARD LOT,Luisangel AcuÃ±a 2025 Bowman Chrome Rookie INSERTS (3) CARD LOT
,,,Luisangel AcuÃ±a #83. Chrome Mojo Refractor (14) CARD LOT,Luisangel AcuÃ±a #83.  2025 Bowman  Chrome Mojo Refractor RC (14) CARD LOT
,,,Best Luke Keaschall On Card Blue Refractor Auto # 111/150,2025 Bowman's Best Luke Keaschall On Card Blue Refractor Auto # 111/150 Twins
70,,,70 Best Luke Keaschall Refractor,2025 Bowman's Best Luke Keaschall RC Refractor #70 Minnesota Twins
70,,,70 /299 Best Luke Keaschall Mini-Diamond Refractor,2025 Bowman's Best Luke Keaschall RC #70 Mini-Diamond Refractor /299 Twins
70,,,70 /250 Best Luke Keaschall Putple Mojo Refractor ( ),2025 Bowman's Best Baseball #70 Luke Keaschall Putple Mojo Refractor /250 (RC)
,,,Mega Box Mega Autographs #LK Luke Keaschall PSA 9,2025 Bowman Mega Box Bowman Prospect Mega Autographs #LK Luke Keaschall PSA 9
,,,LUKE KEASCHALL Chrome RED Rookie Redemption #61 PSA 9,LUKE KEASCHALL 2025 Bowman Chrome RED Rookie Redemption #61 TWINS PSA 9
,,,Bowmans Best Luke Keaschall Gold On Card Rookie Auto (AU) ( ) 26/50,2025 Bowmans Best Luke Keaschall Gold On Card Rookie Auto (AU) (RC) 26/50
,,,Best Best of Autographs Luke Keaschall #B25-LK Teal...,2025 Bowman's Best - Best of 2025 Autographs Luke Keaschall #B25-LK Teal...
,,,"Best Best of Autographs Luke Keaschall Refractor (AU, )","2025 Bowman's Best - Best of 2025 Autographs Luke Keaschall Refractor (AU, RC)"
70,,,70 Best Luke Keaschall Refractor ( ),2025 Bowman's Best - Luke Keaschall #70 Refractor (RC)
,,,Luke Keaschall Best Orange Refractor On-Card Autograph /25 SSP,Luke Keaschall - 2025 Bowman's Best Orange Refractor On-Card Autograph /25 SSP!
70,,,70 /75 Best Luke Keaschall Rookie,Topps 2025 Bowman's Best #70 Luke Keaschall Rookie Minnesota Twins /75
,,,Best Luke Keaschall #B25-LK True Gold Auto Refractor/50,2025 Bowman's Best -  Luke Keaschall #B25-LK True Gold Auto Refractor/50
,,,Best Orange x-fractor Auto /25 Luke Keaschall #B25â¦,Topps 2025 Bowman's Best Orange x-fractor Auto /25 Luke Keaschall RC Twins #B25â¦
,,,Best Strokes Of Gold Luke Keaschall #SG-9,2025 Bowman's Best Strokes Of Gold Luke Keaschall #SG-9 Minnesota Twins
70,,,70 /75 Best Luke Keaschall [Yellow Refractor] ( ),2025 Bowman's Best Luke Keaschall [Yellow Refractor] #70 (RC) /75
70,,,70 /199 Best Luke Keaschall AQUA REFRACTOR Rookie,2025 Bowman's Best Luke Keaschall AQUA REFRACTOR RC /199 #70 Twins Rookie
70,,,70 /250 Best Purple Rookie Luke Keaschall Serial #,Topps Bowman's Best Purple Rookie Luke Keaschall #70 Serial #179/250 Twins 2025
53,,,53 Lot (60) Luke Keaschall 2023 Draft x60,Lot (60) Luke Keaschall 2023 Bowman Draft #53 1st Rookie Card RC x60
,,,Best Luke Keaschall #/75 Yellow Laser Refractor,2025 Bowman's Best Luke Keaschall RC #/75 Yellow Laser Refractor Twins
,,,Best #B25-LK Luke Keaschall Best of Autographs Orange #/25,2025 Bowman's Best #B25-LK Luke Keaschall Best of 2025 Autographs Orange #/25
,,,BEST BLUE LUKE KEASCHALL /150,2025 BOWMAN'S BEST BASEBALL BLUE LUKE KEASCHALL /150 RC
,,,Best Best of Autographs Luke Keaschall #B25-LK Refractor...,2025 Bowman's Best - Best of 2025 Autographs Luke Keaschall #B25-LK Refractor...
,,,Best Rookie Auto Best of Luke Keaschall B25-LK,Topps 2025 Bowman's Best Rookie Auto Best of 2025 Luke Keaschall B25-LK Twins
BP-62,,,BP-62 Luke Sinnard Paper Lot Of 10 Bravesð¥ð¥,2025 Bowman Luke Sinnard 1st Paper Prospects Lot Of 10 BP-62 Atlanta Bravesð¥ð¥
,,,(1-150) You Pick Buy 5 Get 7 Free,2025 Bowman Baseball Prospects (1-150) You Pick! Buy 5 Get 7 Free!!!
1,,,1 Paper -150: You Pick- Complete Your Set,2025 Bowman Baseball Paper Prospects #1-150: You Pick- Complete Your Set
BCP-1,,,BCP-1 Chrome to BCP-252 You Pick 2 Card Minimum,2025 Bowman Chrome Prospects BCP-1 to BCP-252 You Pick - 2 Card Minimum
,,,Best Malcolm Moore Gold Auto/50,2025 Bowman's Best Malcolm Moore Gold Auto/50
,,,Draft Chrome Malcolm Moore Steel Metal Refractor # 001/100 ( ),2025 Bowman Draft Chrome Malcolm Moore Steel Metal Refractor # 001/100! (RC)
,,,Draft Malcolm Moore Gold Paper Border /50 BD-191 Texas Rangersð¥ð¥,2025 Bowman Draft Malcolm Moore Gold Paper Border /50 BD-191 Texas Rangersð¥ð¥
,,,Draft Malcolm Moore True Orange Refractor /25 BDC-191 Rangersð¥ð¥,2025 Bowman Draft Malcolm Moore True Orange Refractor /25 BDC-191 Rangersð¥ð¥
,,,"Malcolm Moore Lot (19) Draft â Yellow Sapphire /75, Sapphire Inserts","Malcolm Moore Lot (19) 2025 Bowman Draft â Yellow Sapphire /75, Sapphire Inserts"
,,,MALCOLM MOORE DRAFT CHROME #BDC191 SKYBLUE REFRACTOR,MALCOLM MOORE 2025 BOWMAN DRAFT CHROME #BDC191 SKYBLUE REFRACTOR
,,,Draft Sapphire Malcolm Moore Gold Refractor /50,2025 Bowman Draft Sapphire Edition Malcolm Moore Gold Refractor /50 Rangers
,,,Draft #BDC-191 Malcolm Moore Chrome Steel Metal Refractor #/100,2025 Bowman Draft #BDC-191 Malcolm Moore Chrome Steel Metal Refractor #/100
,,,Malcolm Moore Chrome Lot x5,2025 Bowman Malcolm Moore 1st Bowman Chrome Lot x5 Rangers
,,,Draft Malcolm Moore #BD-191 Blue Refractor /150,2025 Bowman Draft - Malcolm Moore #BD-191 Blue Refractor /150
BP-129,,,BP-129 (10) Malcolm Moore Lot,(10) 2025 Bowman Malcolm Moore 1st Rookie Card Lot - Texas Rangers RC  #BP-129
,,,Best Malcolm Moore #B25-MM Gold Refractor 35/50,2025 Bowman's Best Malcolm Moore #B25-MM Gold Refractor 35/50
,,,Draft Malcolm Moore Gold Paper Border /50 BD-191 Texas Rangersð¥ð¥,2025 Bowman Draft Malcolm Moore Gold Paper Border /50 BD-191 Texas Rangersð¥ð¥
,,,Draft #BDC-191 Malcolm Moore Chrome Fuchsia Reptilian #/199,2025 Bowman Draft #BDC-191 Malcolm Moore Chrome Fuchsia Reptilian #/199
,,,Draft Malcolm Moore #BDC-191 Yellow Reptilian Refractor /75 ( ),2025 Bowman Draft - Malcolm Moore #BDC-191 Yellow Reptilian Refractor /75 (RC)
,,,Draft #BDC-191 Malcolm Moore Steel Metal Refractor /100,2025 Bowman Draft #BDC-191 Malcolm Moore Steel Metal Refractor /100
,,,Malcolm Moore Draft Green 99/99,Malcolm Moore 2025 Bowman Draft Green 99/99
,,,Best #B25-MM Malcolm Moore Best of Autographs Refractors,2025 Bowman's Best #B25-MM Malcolm Moore Best of 2025 Autographs Refractors
,,,Draft Chrome Green Malcolm Moore /99 #BDC-191 Parallel,2025 Bowman Draft Chrome Green Malcolm Moore /99 Texas Rangers #BDC-191 Parallel
,,,Draft Paper (BD1-BD200): YOU PICK Complete Your Set 50% off 4+,2025 Bowman Draft Paper (BD1-BD200): YOU PICK Complete Your Set - 50% off 4+
,,,MALCOLM MOORE BEST OF BLUE REFRACTOR AUTO /150,MALCOLM MOORE 2025 BOWMAN'S BEST OF 2025 BLUE REFRACTOR AUTO /150
,,,Best Malcolm Moore Best Of Refractor Auto,2025 Bowman's Best Malcolm Moore Best Of 2025 Refractor Auto
,,,Best Malcolm Moore Best Of Refractor Auto,2025 Bowman's Best Malcolm Moore Best Of 2025 Refractor Auto
,,,Draft Malcolm Moore Chrome Auto Orange Wave Refractor t #05/25,2025 Bowman Draft Malcolm Moore Chrome Auto Orange Wave Refractor 1st t #05/25
6,,,6 /250 Best Manny Machado Purple Mojo Refractor,2025 Bowman's Best - Manny Machado #6 Purple Mojo Refractor /250
6,,,6 /50 Best Manny Machado Gold Lava Refractor Star RARE,2025 Bowman's Best #6 Manny Machado Gold Lava Refractor 20/50 Padres Star RARE
,,,Best Manny Machado Lazer /350,2025 Bowman's Best Manny Machado Lazer /350 Padres
,,,Best Manny Machado Yellow Refractor #/75,2025 Bowman's Best Manny Machado Yellow Refractor #/75 Padres
,,,You Pick (1-100) Buy 5 Get 7 Free,2025 Bowman Baseball You Pick! (1-100) Buy 5 Get 7 Free!!!
,,,Best Manny Machado Yellow Refractor /75 Color Match,2025 Bowman's Best Manny Machado Yellow Refractor /75 Padres Color Match
6,,,6 /350 Best Manny Machado Lazer Refractor,2025 Bowman's Best Manny Machado 15/350 Lazer Refractor #6 San Diego Padres
,,,Best Manny Machado Yellow Refractor #/75 SP Color Match,2025 Bowman's Best Manny Machado Yellow Refractor #/75 Padres SP Color Match
,,,Manny Machado Graded 10 Gem Mint,2025 Bowman Manny Machado Graded 10 Gem Mint Padres
,,,Best Manny Machado Blue Lazer Refractor 103 /150,2025 Bowman's Best - Manny Machado Blue Lazer Refractor 103 /150
6,,,6 /75 Best Manny Machado Yellow Lazer Refractor,2025 Bowman's Best - Manny Machado #6 Yellow Lazer Refractor /75
,,,Bowmanâs Best Fernando Tatis Jr Manny Machado Lot ð¥,2025 Bowmanâs Best Fernando Tatis Jr Manny Machado Padres Lot ð¥
,,,Manny Machado Best Yellow Laser Refractor /75,Manny Machado 2025 Bowman's Best Yellow Laser Refractor /75
6,,,6 /75 Best Manny Machado Yellow Lazer Refractor,2025 Bowman's Best - Manny Machado #6 Yellow Lazer Refractor /75
,,,Best BASE You Pick Complete Your Set,2025 Bowman's Best - BASE - You Pick Complete Your Set
6,,,6 /250 Best Manny Machado Serial Numbered,Topps 2025 Bowman's Best Manny Machado #6 Serial Numbered /250 San Diego Padres
6,,,6 Best Manny Machado Refractor,2025 Bowman's Best #6 Manny Machado Refractor
6,,,6 /250 Best Manny Machado Purple Refractors,2025 Bowman's Best #6 Manny Machado Purple Refractors #/250
6,,,6 Manny Machado Best Wave Refractor,Manny Machado 2025 Bowman's Best #6 Wave Refractor San Diego Padres
6,,,6 /99 Best Manny Machado Mini-Diamond Green Refractor SP |,2025 Bowman's Best Manny Machado Mini-Diamond Green Refractor /99 #6 SP | Padres
,,,Bowmanâs Best Manny Machado 4 Card Lot,2025 Bowmanâs  Best Manny Machado San Diego Padres  4 Card Lot
6,,,6 /99 Manny Machado Best Green Refractor,Manny Machado 2025 Topps Bowman's Best /99 Green Refractor #6 San Diego Padres
,,,Manny Machado Bowmans Best Aqua Refractor /199,Manny Machado 2025 Bowmans Best Aqua Refractor /199 San Diego Padres
,,,MANNY MACHADO 2 NUMBERED CARDS BOWMANS BEST,2025 SAN DIEGO PADRES MANNY MACHADO 2 NUMBERED CARDS TOPPS BOWMANS BEST
6,,,6 /299 Best Manny Machado Mini-Diamond Refractor,2025 Bowman's Best Manny Machado 69/299 Mini-Diamond Refractor PADRES #6
,,,Best Manny Machado Aqua Lava Refractor #/199,2025 Bowman's Best Manny Machado Aqua Lava Refractor #/199 Padres
,,,Best Pixel Portraits Marcelo Mayer #P-18 ( ),2025 Bowman's Best - Pixel Portraits Marcelo Mayer #P-18 (RC)
,,,Best Marcelo Mayer Circuitry Mini-Diamond Refractor,2025 Bowman's Best Marcelo Mayer Circuitry Mini-Diamond Refractor RC Red Sox
,,,Marcelo Mayer Chrome Refractor Rookie Best Card #5,Marcelo Mayer Chrome Refractor Rookie 2025 Bowman's Best Card #5 Boston Red Sox
,,,Chrome Crystalized Marcelo Mayer Orange 21/25 BGS 9.5 GEM MINT,2025 Bowman Chrome Crystalized Marcelo Mayer - Orange 21/25 BGS 9.5 GEM MINT
,,,Chrome It Came To The League Marcelo Mayer #IT-10,2025 Bowman Chrome It Came To The League Marcelo Mayer #IT-10 Red Sox RC
BS-3,,,BS-3 Best Showpieces Marcelo Mayer ( ),2025 Bowman's Best - Bowman Showpieces Marcelo Mayer #BS-3 (RC)
,,,"Marcelo Mayer Lot (14) Bowmanâs Best â X-Fractor /150, Blue /199 & Inserts","Marcelo Mayer Lot (14) 2025 Bowmanâs Best â X-Fractor /150, Blue /199 & Inserts"
BS-3,,,BS-3 Best Showpieces Marcelo Mayer,Topps Bowman's Best Showpieces Marcelo Mayer #BS-3 Boston Red Sox 2025
,,,BEST MARCELO MAYER ROOKIE PERFORMANCE MINI-DIAMOND REFRACTOR SP,2025 BOWMAN'S BEST MARCELO MAYER ROOKIE PERFORMANCE MINI-DIAMOND REFRACTOR SP
5,,,5 /75 Best Marcelo Mayer Yellow Refractor ( ),2025 Bowman's Best - Marcelo Mayer #5 Yellow Refractor /75 (RC)
BWC-10,,,BWC-10 Chrome /50 Crystallized Gold # Marcelo Mayer ROOKIE PSA 9,2025 Bowman Chrome Crystallized Gold #BWC10 Marcelo Mayer RC ROOKIE /50 PSA 9
,,,Chrome Marcelo Mayer #39 SP Red Variation PSA 9,Topps 2025 Bowman Chrome Marcelo Mayer #39 SP Red RC Variation PSA 9
BS-3,,,BS-3 Best Marcelo Mayer Showpieces Rookie,2025 Bowman's Best Marcelo Mayer Showpieces #BS-3 Rookie RC Boston Red Sox
5,,,5 /75 Best Marcelo Mayer Yellow Lazer Refractor ( ),2025 Bowman's Best - Marcelo Mayer #5 Yellow Lazer Refractor /75 (RC)
,,,Graded Chrome Marcelo Mayer #AD2 Adios Rookie Card PSA 10,Graded 2025 Topps Bowman Chrome Marcelo Mayer #AD2 Adios Rookie RC Card PSA 10
,,,Chrome Marcelo Mayer Rookie Green Auto 62/99 PSA 10,2025 Bowman Chrome Baseball Marcelo Mayer Rookie Green Auto 62/99 PSA 10
,,,Marcelo Mayer Best #/350 Lazer Refractors,Marcelo Mayer 2025 Bowman's Best Boston Red Sox #/350 Lazer Refractors
,,,Best Circuitry Marcelo Mayer #C-25 Mini-Diamond Refractor ( ),2025 Bowman's Best - Circuitry Marcelo Mayer #C-25 Mini-Diamond Refractor (RC)
5,,,5 Marcelo Mayer Best,Marcelo Mayer 2025 Bowman's Best RC #5
BP-27,,,BP-27 Marcelo Mayer Best Best Performance Refractor,Marcelo Mayer 2025 Bowman's Best Best Performance Refractor #BP-27
,,,Marcelo Mayer Best Pixel Portraits SP #P-18,Marcelo Mayer 2025 Bowman's Best Pixel Portraits SP #P-18
5,,,5 Marcelo Mayer Best Refractor,Marcelo Mayer 2025 Bowman's Best RC Refractor #5 Boston Red Sox
,,,Chrome Mega Box Mojo Refractor #39 MARCELO MAYER PSA 9,2025 Bowman Chrome Mega Box Mojo Refractor #39 MARCELO MAYER RC  Red Sox - PSA 9
,,,Best Marcelo Mayer Rookie Serial #5 /250,2025 Topps Bowman's Best Marcelo Mayer Red Sox Rookie Serial #5 /250
,,,Chrome Marcelo Mayer Red Geometric 3/5 PSA GEM MINT 10,2025 Bowman Chrome Marcelo Mayer Red Geometric Rookie Card 3/5 PSA GEM MINT 10
,,,Best Marcelo Mayer Base & Inserts Refractor Rookie Lot of 4,2025 Bowman's Best Marcelo Mayer Base & Inserts Refractor Rookie RC Lot of 4
,,,MARCOS TORRES CHROME Lot 18,MARCOS TORRES 2025 Bowman CHROME 1ST BOWMAN PROSPECT - Texas Rangers Lot 18
BP-94,,,BP-94 Marcos Torres Paper Lot Of 10 Texas Rangersð¥ð¥,2025 Bowman Marcos Torres 1st Paper Prospects Lot Of 10 BP-94 Texas Rangersð¥ð¥
,,,Marcos Torres Paper & Chrome Lot x9,2025 Bowman Marcos Torres 1st Paper & Chrome Lot x9 Rangers
24,,,24 Paper Marcus Semien 5 Card Lot,2025 Bowman Paper Marcus Semien Texas Rangers #24  5 Card Lot
24,,,24 MARCUS SEMIEN (8) Card Lot First B192,MARCUS SEMIEN (8) #24 Card Lot 2025 Topps Bowman First RANGERS B192
,,,"Veteran & -You Pick- 1-100 **Buy More, Save More**","2025 Bowman Veteran & RC -You Pick- 1-100 **Buy More, Save More**"
,,,You Pick (1-100) Buy 5 Get 7 Free,2025 Bowman Baseball You Pick! (1-100) Buy 5 Get 7 Free!!!
,,,Base **Buy 1 Get 8 More FREE** You Pick Complete Your Set,2025 Bowman Base **Buy 1 Get 8 More FREE** You Pick - Complete Your Set
BP-1,,,BP-1 BASE and #1-100 to BP-150 You Pick,2025 Bowman Baseball BASE and PROSPECTS #1-100 #BP-1 to BP-150 You Pick!
24,,,24 (5) Paper Base card Lot Marcus Semien,2025 Bowman (5) Paper Base card Lot #24 Marcus Semien Rangers
,,,Mark Vientos 2023 Chrome Prism Refractor Lot,Mark Vientos 2023 Bowman RC 2025 Topps Chrome Prism Refractor Lot Mets
,,,ROOKIES & VETERANS AUTOS #PRVMV MARK VIENTOS PSA 9,2025 BOWMAN BOWMAN ROOKIES & VETERANS AUTOS #PRVMV MARK VIENTOS PSA 9
,,,Best MASYN WINN yellow lazer refractor/75,2025 Bowman's Best MASYN WINN yellow lazer refractor/75 St. Louis Cardinals
,,,Best Masyn Winn Green Mini-Diamond Refractor /99 RARE,2025 Bowman's Best Masyn Winn Green Mini-Diamond Refractor /99 RARE cardinals
44,,,44 /350 Best - Masyn Winn Lazer Refractor,2025 Bowman's Best #44- Masyn Winn - Lazer Refractor /350 - Cardinals
,,,Chrome Masyn Winn Purple Geometric Refractor /250 PSA 10,2025 Bowman Chrome Masyn Winn Purple Geometric Refractor /250 PSA 10
44,,,44 /99 Best Masyn Winn Green Mini-Diamond Refractor,2025 Bowman's Best - Masyn Winn #44 Green Mini-Diamond Refractor /99
44,,,44 /150 Masyn Winn Best Blue X-Fractor,Masyn Winn 2025 Bowman's Best Blue X-Fractor /150 #44 Cardinals
,,,You Pick (1-100) Buy 5 Get 7 Free,2025 Bowman Baseball You Pick! (1-100) Buy 5 Get 7 Free!!!
44,,,44 /150 Best Masyn Winn Blue X-fractor,2025 Bowman's Best #44 Masyn Winn Blue X-fractor /150
44,,,44 /250 Masyn Winn Best Purple Mojo,Masyn Winn  2025 Bowman's Best - Purple Mojo #/250 - #44 Cardinals
,,,Chrome Masyn Winn Black Geometric /10 PSA 10,2025 Bowman Chrome Masyn Winn - Black Geometric /10 St. Louis Cardinals - PSA 10
44,,,44 /199 Best Masyn Winn Aqua Refractor,2025 Bowman's Best Masyn Winn Aqua Refractor /199 #44 Cardinals
,,,Masyn Winn 75/75 Yellow Refractor Best BOOKEND,Masyn Winn 75/75 Yellow Refractor 2025 Bowman Bowman's Best BOOKEND
,,,Chrome Masyn Winn Aqua RayWave #64 /199 PSA 10,2025 Bowman Chrome Masyn Winn Aqua RayWave #64 /199 Cardinals PSA 10
44,,,44 /199 Best Masyn Winn Aqua Refractor,2025 Bowman's Best Masyn Winn Aqua Refractor /199 #44 Cardinals
44,,,44 /250 Best Masyn Winn Purple Mojo Refractor,2025 Bowman's Best - Masyn Winn #44 Purple Mojo Refractor /250
44,,,44 /250 Best Masyn Winn Purple Lazer Refractor,2025 Bowman's Best - Masyn Winn #44 Purple Lazer Refractor /250
44,,,44 Best Masyn Winn Refractor,2025 Bowman's Best #44 Masyn Winn Refractor
44,,,44 /250 Best Masyn Winn Serial Numbered,Topps 2025 Bowman's Best Masyn Winn Cardinals #44 Serial Numbered 221/250
,,,Bowmans Best Masyn Winn Mini Diamond Refractor 294/299,2025 Bowmans Best Masyn Winn Mini Diamond Refractor 294/299
,,,Best JJ WETHERHOLT & MASYN WINN 47/75 DUAL AUTOGRAPH,2025 Bowman's Best JJ WETHERHOLT & MASYN WINN 47/75  DUAL AUTOGRAPH
44,,,44 /99 Best Green Refractor Masyn Winn,2025 Bowman's Best Green Refractor /99 #44 Masyn Winn St. Louis Cardinals
44,,,44 Best Masyn Winn,2025 Bowman's Best #44 Masyn Winn
100,,,100 Masyn Winn PSA 10 Gem Mint ð¥ Shortstop Ro,2025 Bowman Masyn Winn #100 PSA 10 Gem Mint ð¥ St. Louis Cardinals Shortstop Ro
44,,,44 Best Refractor Masyn Winn,2025 Bowman's Best Refractor Masyn Winn #44 Cardinals
,,,You Pick (1-100) Buy 5 Get 7 Free,2025 Bowman Baseball You Pick! (1-100) Buy 5 Get 7 Free!!!
,,,Chrome Base You Pick Singles,2025 Bowman Chrome Baseball Base You Pick Singles!
,,,CHROME YELLOW REFRACTOR #49 MATT CHAPMAN 19/75 PSA 9,2025 BOWMAN CHROME YELLOW REFRACTOR #49 MATT CHAPMAN 19/75 PSA 9
,,,Best Matt Olson Schwellenbach 9 card lot,Topps Bowman's Best 2025 Atlanta Braves Matt Olson Schwellenbach 9 card lot
,,,Chrome Base- You Pick- Volume Discount,2025 Bowman Chrome Base- You Pick- Volume Discount
,,,Best Matt Olson Serial Numbered #20 /99,2025 Topps Bowman's Best Matt Olson Atlanta Braves Serial Numbered #20 /99
20,,,20 Best Matt Olson Refractor,2025 Bowman's Best - Matt Olson #20 Refractor Atlanta Braves
,,,"Veteran & -You Pick- 1-100 **Buy More, Save More**","2025 Bowman Veteran & RC -You Pick- 1-100 **Buy More, Save More**"
20,,,20 /250 Best Matt Olson Purple Refractor & Bonus Refractor & Base,2025 Bowman's Best Matt Olson #20 Purple Refractor /250 & Bonus Refractor & Base
,,,You Pick (1-100) Buy 5 Get 7 Free,2025 Bowman Baseball You Pick! (1-100) Buy 5 Get 7 Free!!!
20,,,20 Best Matt Olson,2025 Bowman's Best - Matt Olson #20
,,,Best Matt Olson Purple Laser Refractor /250 ð¥,2025 Bowman's Best Matt Olson Purple Laser Refractor /250 ð¥ Braves
20,,,20 Best Matt Olson Wave Refractors,2025 Bowman's Best #20 Matt Olson Wave Refractors
20,,,20 Best MATT OLSON Refractor,2025 Bowman's Best #20 MATT OLSON Refractor Braves
,,,Best BASE You Pick Complete Your Set,2025 Bowman's Best - BASE - You Pick Complete Your Set
20,,,20 /299 Matt Olson Best Mini Diamond Refractor,Matt Olson 2025 Bowman's Best Mini Diamond Refractor /299 Braves #20
20,,,20 Best Matt Olson,2025 Bowman's Best Matt Olson #20 Braves
20,,,20 /99 Best Matt Olson Green Mini Diamond Refractor,2025 Bowman's Best Matt Olson #20 Green Mini Diamond Refractor 70/99
20,,,20 Best Matt Olson Refractor,2025 Bowman's Best - Matt Olson #20 Refractor
,,,CHROME MATT OLSON BLACK GEOMETRIC REFRACTOR /10 ðGEM MTð PSA 10,2025 BOWMAN CHROME MATT OLSON BLACK GEOMETRIC REFRACTOR /10 ðGEM MTð PSA 10
20,,,20 Best Matt Olson Refractor,2025 Bowman's Best #20 Matt Olson Refractor
,,,B6736- Card #s 1-100 +Inserts -You Pick- 15+ FREE US SHIP,B6736- 2025 Bowman Baseball Card #s 1-100 +Inserts -You Pick- 15+ FREE US SHIP
20,,,20 /299 Best Matt Olson Mini-Diamond Refractor,2025 Bowman's Best Matt Olson Mini-Diamond Refractor /299 #20 Braves
20,,,20 /10 Best Matt Olson Red Refractor,2025 Bowman's Best - Matt Olson #20 Red Refractor /10
20,,,20 /150 Best Matt Olson Blue X-Fractor,2025 Bowman's Best - Matt Olson #20 Blue X-Fractor /150
,,,CHROME CHROME ROOKIE AUTOS GREEN REFRACTOR MATT SHAW 84/99 PSA 9,2025 BOWMAN CHROME CHROME ROOKIE AUTOS GREEN REFRACTOR MATT SHAW 84/99 PSA 9
15,,,15 Matt Shaw Best REFRACTOR,Matt Shaw 2025 Bowman's Best REFRACTOR Rookie Card RC #15 Chicago Cubs
15,,,15 Best Matt Shaw Refractors,2025 Bowman 2025 Bowman's Best Matt Shaw #15 Refractors
15,,,15 /199 Best Matt Shaw Blue Refractor,2025 Bowman's Best Matt Shaw RC #15 Blue Refractor 004/199
,,,Chrome Matt Shaw #MR-9 Meteoric Rise Rookie Card,Topps 2025 Bowman Chrome Matt Shaw #MR-9 Meteoric Rise Rookie Cubs Baseball Card
,,,Matt Shaw Best Best-Tek Rookie Gold /50 #BT-22 ( ),Matt Shaw 2025 Bowman's Best Best-Tek Rookie Gold /50 #BT-22 Chicago Cubs (RC)
,,,Chrome Meteoric Rise Mojo #MR-9 Matt Shaw ( ),2025 Bowman Chrome Meteoric Rise Mojo #MR-9 Matt Shaw RC (CUBS) !
,,,Matt Shaw Best Best Tek #/99 Rookie #BT-22,Matt Shaw 2025 Bowman's Best Best Tek #/99 Rookie #BT-22
,,,Best Best Tek Matt Shaw #BT-22 Blue /75 ( ) SN,2025 Bowman's Best - Best Tek Matt Shaw #BT-22 Blue /75 (RC) SN
,,,Chrome It Came to The League Matt Shaw IT 11,2025 Bowman Chrome It Came to The League Matt Shaw IT 11 Rookie Card Cubs RC
,,,Graded Chrome M/B Matt Shaw #46 Orange REF /25 Card PSA 10,Graded 2025 Bowman Chrome M/B Matt Shaw #46 Orange REF /25 Baseball Card PSA 10
,,,Chrome Matt Shaw METEORIC RISE RED MOJO REFRACTOR 4/5 #MR-9,2025 Bowman Chrome Matt Shaw METEORIC RISE RED MOJO REFRACTOR RC 4/5 #MR-9 CUBS
,,,MATT SHAW BEST ROOKIE PURPLE MOJO /250,MATT SHAW 2025 BOWMAN'S BEST ROOKIE PURPLE MOJO CUBS RC /250
,,,Best BASE You Pick Complete Your Set,2025 Bowman's Best - BASE - You Pick Complete Your Set
BA-2,,,BA-2 Chrome Matt Shaw Ascensions Rookie Case Hit SSP,2025 Bowman Chrome Matt Shaw Ascensions Rookie Case Hit SSP BA-2 Cubs
,,,"Chrome Parallels and Inserts Pick Your Card, SHIPS FREE Up'd 4/26","2025 Bowman Chrome Parallels and Inserts Pick Your Card, SHIPS FREE! Up'd 4/26!"
,,,Chrome Rookie Auto Matt Shaw /150 PSA 10 Blue Refractor Color Match,2025 Bowman Chrome Rookie Auto Matt Shaw /150 PSA 10 Blue Refractor Color Match
,,,"""RARE"" BEST-TEK ROOKIE AUTO SP #BTA-MS MATT SHAW /99 NRMT-MT","""RARE"" 2025 BOWMAN'S BEST-TEK ROOKIE AUTO SP #BTA-MS MATT SHAW RC /99 NRMT-MT!!!"
BA-2,,,BA-2 Chrome Ascensions Matt Shaw ( ),2025 Bowman Chrome Bowman Ascensions Matt Shaw #BA-2 (RC) Cubs
,,,Best Best Matt Shaw Rookie-Tek Gold Auto /50. Case hit SSP,2025 Bowman's Best Best Matt Shaw Rookie-Tek Gold Auto /50. Case hit! SSP CUBS
,,,Bowmans Best Matt Shaw,2025 Bowmans Best Matt Shaw RC Chicago Cubs
,,,Chrome Matt Shaw Max Volume Auto /99 PSA 9,2025 Bowman Chrome Matt Shaw Max Volume Auto /99 PSA 9
,,,Matt Shaw Bowmans Best Best Of Rookie Auto #B25-MS,Matt Shaw 2025 Bowmans Best - Best Of 2025 Rookie Auto Cubs #B25-MS RC
BP-145,,,BP-145 Paper Matt Wilkinson 5 Card Lot,2025 Bowman Prospect Paper Matt Wilkinson Cleveland Guardians #BP-145 5 Card Lot
,,,Chrome Matt Wilkinson Gold Lava Auto 41/50 PSA 9,2025 Bowman Chrome Prospect Matt Wilkinson Gold Lava Bowman 1st Auto 41/50 PSA 9
BCP-145,,,BCP-145 Chrome Matt Wilkinson Popcorn SSP PSA 9 MINT #,2025 Bowman Matt Wilkinson 1st Chrome Prospect  Popcorn SSP PSA 9 MINT #bcp145
,,,(1-150) You Pick Buy 5 Get 7 Free,2025 Bowman Baseball Prospects (1-150) You Pick! Buy 5 Get 7 Free!!!
,,,Chrome Autographs Matt Wilkinson Gold Refractor PSA 9 MINT,2025 Bowman Chrome Prospect Autographs Matt Wilkinson Gold Refractor PSA 9 MINT
1,,,1 Paper -150: You Pick- Complete Your Set,2025 Bowman Baseball Paper Prospects #1-150: You Pick- Complete Your Set
BCP-150,,,BCP-150 Chrome â¢ BCP-1â â¢ YOU PICK NM/M,2025 Bowman â¢ Baseball Chrome Prospects BCP-1âBCP-150 â¢ YOU PICK NM/M
CPA-MW,,,CPA-MW Chrome /10 Matt Wilkinson Pearl Auto # ( ) Sp PSA 10,2025 Bowman Matt Wilkinson Chrome Prospect Pearl Auto /10 #CPA-MW (RC) Sp PSA 10
,,,Chrome Max Clark Mega Mojo Ref. GMG Graded 10 Gem Mint ð Rookie,2025 Bowman Chrome Max Clark Mega Mojo Ref. GMG Graded 10 Gem Mint ð Rookie
,,,Draft Chrome Yellow Mojo Max Clark /75 #BDC-48,2025 Bowman Draft Chrome Yellow Mojo Max Clark /75 Detroit Tigers #BDC-48
,,,Max Clark Draft Steel Refractor /100 + Xfractor #BDC-48,Max Clark 2025 Bowman Draft Steel Refractor /100 + Xfractor #BDC-48 Tigers
,,,Draft Chrome Crystallized Max Clark #C-3 CASE HIT SSP,2025 Bowman Draft Chrome Crystallized Max Clark #C-3 CASE HIT Tigers SSP
,,,Draft #BDC-48 Max Clark Chrome Yellow Refractor #/75,2025 Bowman Draft #BDC-48 Max Clark Chrome Yellow Refractor #/75
,,,Draft #BD-48 Max Clark Sky Blue Border #/499,2025 Bowman Draft #BD-48 Max Clark Sky Blue Border #/499
,,,Max Clark BEST MAX CLARK #B25-MC ( ) REFRACTOR AUTO AUTOGRAPH,Max Clark 2025 BOWMAN'S BEST MAX CLARK #B25-MC (RC) REFRACTOR AUTO AUTOGRAPH
,,,Max Clark Draft #BD-48 Gold Border #/50,Max Clark 2025 Bowman Draft #BD-48 Gold Border #/50
,,,"Max Clark Chrome, It Came to the League Gold /50, #IT-12 ( )","Max Clark 2025 Bowman Chrome, It Came to the League Gold /50, #IT-12 (RC)"
,,,Max Clark Best #B25-MC Refractor Auto,Max Clark 2025 Bowman's Best #B25-MC Refractor Auto
,,,x25 Max Clark Draft Chrome Refractor Base lot,x25 Max Clark 2025 Bowman Draft Chrome Refractor Base Rookie Card RC lot Tigers!
,,,Draft Chrome Max Clark #BDC-48,2025 Bowman Draft Chrome Max Clark #BDC-48
,,,Draft Chrome Max Clark BDC-48,2025 1st Bowman Draft Chrome Prospect Max Clark BDC-48 Detroit Tigers
,,,Draft Chrome Max Clark #BDC-48 Yellow Mojo Refractor /75 ( ),2025 Bowman Draft - Chrome Max Clark #BDC-48 Yellow Mojo Refractor /75 (RC)
BCP-24,,,BCP-24 Chrome X-FRACTOR # MAX CLARK PSA 10,2025 BOWMAN CHROME PROSPECTS X-FRACTOR #BCP24 MAX CLARK PSA 10
,,,Draft Chrome MAX CLARK Rookie Gold Refractor /50,2025 Bowman Draft Chrome MAX CLARK Rookie Gold Refractor RC Tigers /50
,,,Draft Chrome MAX CLARK Rookie Silver Refractor SP,2025 Bowman Draft Chrome MAX CLARK Rookie Silver Refractor RC Tigers SP
,,,MAX CLARK Draft Sapphire Chrome #BDC-48,MAX CLARK 2025 Bowman Draft Sapphire Chrome Prospects #BDC-48 Tigers
,,,Draft Max Clark Paper Lot Of 5 Base #BD-48,2025 Bowman Draft Baseball Max Clark Paper Lot Of 5 Base #BD-48
,,,Max Clark Best #B25-MC Refractor Auto,Max Clark 2025 Bowman's Best #B25-MC Refractor Auto
,,,Max Clark Chrome #MM-18 Melt Mashers,Max Clark 2025 Bowman Chrome #MM-18 Melt Mashers
,,,Max Clark Best Max Clark #TP-1 Green Refractor /99,Max Clark 2025 Bowman's Best Max Clark #TP-1 Green Refractor /99 Detroit Tigers
,,,Chrome Max Clark Rookie BDC-48 Gem Mint 10,2025 Bowman Chrome Max Clark Tigers Bowman Rookie Prospect BDC-48 Gem Mint 10
BP-24,,,BP-24 Draft Max Clark Rookie Card Gem Mint 10,2025 Bowman Draft Max Clark Tigers Bowman Rookie Prospect Card BP-24 Gem Mint 10
,,,Draft Max Clark #C-3 Crystallized Orange Refractor 12/25,2025 Bowman Draft - Max Clark #C-3 - Crystallized Orange Refractor 12/25
BCP-24,,,BCP-24 Chrome /50 MAX CLARK TRUE GOLD REFRACTOR PSA 8 Det.,2025 Bowman Chrome MAX CLARK #BCP-24 TRUE GOLD REFRACTOR /50 PSA 8 Det. Tigers
,,,"Best Best of Autographs Max Clark #B25-MC Refractor (AU,...","2025 Bowman's Best - Best of 2025 Autographs Max Clark #B25-MC Refractor (AU,..."
,,,Best Mick Abel Rookie Best of Refractor Auto,2025 Bowman's Best Mick Abel RC Rookie Best of 2025 Refractor Auto Twins
,,,Chrome Mick Abel Red Geometric 3/5 PSA 9 Color Match,2025 Bowman Chrome Mick Abel Red Geometric 3/5 PSA 9 Color Match
,,,Bowmans Best Mick Abel Orange X-fractor Autograph #/25,2025 Bowmans Best Mick Abel Orange X-fractor RC Autograph #/25 TWINS
,,,Best Mick Abel #B25-MA Best Of Refractor Auto,2025 Topps Bowman's Best Mick Abel #B25-MA Best Of 2025 RC Refractor Auto
,,,Mick Abel Auto Best Best of Autograph,Mick Abel RC Auto 2025 Bowman's Best - Best of 2025 Autograph
,,,"Best Best of Autographs Mick Abel #B25-MA (AU, )","2025 Bowman's Best - Best of 2025 Autographs Mick Abel #B25-MA (AU, RC)"
,,,"(6) Lot MICK ABEL Gold #âd / , Sapphire, Sky Blue","(6) Lot MICK ABEL Topps Gold RC #âd /2025, Bowman Sapphire, Sky Blue 1st Edition"
,,,Mick Abel Rookie Auto Blue Refractor /150 Best #B25-MA,Mick Abel Rookie Auto Blue Refractor /150 - 2025 Bowman's Best #B25-MA Twins
,,,Best Mick Abel Best Of Auto #B25-MA,2025 Bowman's Best Mick Abel RC Best Of 2025 Auto Twins #B25-MA
,,,Mick Abel Best #B25-MA Auto Blue Refractor /150,Mick Abel 2025 Bowman's Best #B25-MA Auto Blue Refractor /150
,,,Mick Abel Auto Best of Autographs #B25-MA On Card Auto,Mick Abel RC Auto 2025 Bowman's Best of 2025 Autographs #B25-MA On Card Auto
,,,Best Mick Abel Auto Refractor #B25-MA,2025 Bowman's Best Mick Abel Auto RC Refractor #B25-MA
,,,"Best Best of Autographs Mick Abel #B25-MA (AU, )","2025 Bowman's Best - Best of 2025 Autographs Mick Abel #B25-MA (AU, RC)"
,,,Best Auto Mick Abel,2025 Bowman's Best Baseball RC Auto Mick Abel Twins
,,,"Best Best of Autographs Mick Abel #B25-MA (AU, )","2025 Bowman's Best - Best of 2025 Autographs Mick Abel #B25-MA (AU, RC)"
,,,"Chrome Mick Abel Lot (4) Fucshia /299, Red Refractor x2","2025 Bowman Chrome Mick Abel RC Lot (4) Fucshia /299, Red Refractor x2 - Twins"
26,,,26 Best Mike Trout Refractor,2025 Bowman's Best - Mike Trout #26 Refractor
,,,Mike Trout Best Wave Refractor ð¥,Mike Trout 2025 Bowman's Best Wave Refractor Angels ð¥
,,,Best Pixel Portraits Mike Trout #P-9,Topps 2025 Bowman's Best Pixel Portraits Mike Trout Angels #P-9
BS-9,,,BS-9 Best Showpieces Mike Trout Refractor,2025 Bowman's Best - Bowman Showpieces Mike Trout Refractor #BS-9
,,,Best Mike Trout Green Mini-Diamond Refractor /99,2025 Bowman's Best Mike Trout Green Mini-Diamond Refractor /99
,,,You Pick (1-100) Buy 5 Get 7 Free,2025 Bowman Baseball You Pick! (1-100) Buy 5 Get 7 Free!!!
,,,Best Mike Trout Pixel Portraits #P-9 Multiple Qty,2025 Bowman's Best Mike Trout Pixel Portraits #P-9 Angels Multiple Qty
,,,Best Mike Trout Gold Refractor /50,2025 Bowman's Best Mike Trout Gold Refractor /50 - Los Angeles Angels
,,,Chrome Meteoric Rise Mike Trout #MR-2 Pink Mojo Refractor /199,2025 Bowman Chrome - Meteoric Rise Mike Trout #MR-2 Pink Mojo Refractor /199
,,,Chrome Sapphire Mike Trout BLACK /10 PSA 8,2025 Bowman Chrome Sapphire Mike Trout BLACK /10 - PSA 8
,,,Chrome Mike Trout True Gold /50 PSA 9 MINT,2025 Bowman Chrome Mike Trout True Gold /50 - PSA 9 MINT
,,,Chrome Sapphire Mike Trout BLACK /10 PSA 8,2025 Bowman Chrome Sapphire Mike Trout BLACK /10 - PSA 8
,,,Chrome Ascensions Black Refractor Mike Trout 10/10 SSP PSA 7,2025 Bowman Chrome Ascensions Black Refractor Mike Trout Angels 10/10 SSP PSA 7
26,,,26 /299 Best Mike Trout Mini-Diamond Refractor,2025 Bowman's Best - Mike Trout #26 Mini-Diamond Refractor /299
,,,Bowmanâs Best Mike Trout /99 Best Tek PSA 10 Acetate #BT3,2025 Bowmanâs Best Mike Trout /99 Best Tek PSA 10 Acetate #BT3
,,,Best CASE HIT Mike Trout Best-Tek Blue Refractor /75 SP,2025 Bowman's Best CASE HIT Mike Trout Best-Tek Blue Refractor /75 Angels SP
26,,,26 /50 Best Mike Trout Gold Lava Refractor,2025 Bowman's Best - Mike Trout #26 Gold Lava Refractor /50
1,,,1 MIKE TROUT PSA 10,2025 BOWMAN #1 MIKE TROUT ANGELS PSA 10
,,,Chrome Meteor Mike Trout GPK Garbage Pail Kids,2025 Bowman Chrome Meteor Mike Trout GPK Garbage Pail Kids Los Angeles Angels
,,,Best Mike Trout #BT-3 Best-Tek Gold Refractor SSP /50 LA,2025 Bowman's Best Mike Trout #BT-3 Best-Tek Gold Refractor SSP /50 LA Angels
,,,Chrome Meteoric Rise Mike Trout #MR-2 Mojo Refractor,2025 Bowman Chrome - Meteoric Rise Mike Trout #MR-2 Mojo Refractor
,,,"Chrome Hobby Stars Lot of 8 Ohtani, Judge, Skenes, Trout, etc.","2025 Bowman Chrome - Hobby Stars - Lot of 8 - Ohtani, Judge, Skenes, Trout, etc."
,,,Mitch Jebb Chrome Auto Mini-Diamond Refractor # PSA 9 /100,2025 Bowman Mitch Jebb Chrome Auto Mini-Diamond Refractor 1st # PSA 9 /100
BP-41,,,BP-41 Paper Mitch Jebb 5 Card Lot,2025 Bowman Prospect Paper Mitch Jebb Pirates #BP-41 5 Card Lot
BP-41,,,BP-41 Mitch Jebb Paper Lot Of 10 Piratesð¥,2025 Bowman Mitch Jebb 1st Paper Prospects Lot Of 10 BP-41 Pittsburgh Piratesð¥
,,,Mitch Jebb Chrome Black X-Fractor /10 PSA 10,2025 Bowman Mitch Jebb Chrome Prospects Black X-Fractor /10 PSA 10
,,,Autograph Mitch Jebb Red Lava Auto PSA 10,2025 Bowman Prospect Autograph Mitch Jebb Red Lava Auto PSA 10
,,,CHROME AUTO BLUE REFRACTOR #CPAMJ MITCH JEBB 3/150 PSA 8,2025 BOWMAN CHROME PROSPECT AUTO BLUE REFRACTOR #CPAMJ MITCH JEBB 3/150 PSA 8
BCP-41,,,BCP-41 Chrome Mitch Jebb PEARL # PSA 9,Mitch Jebb - 2025 Bowman Chrome Prospect PEARL #BCP41 - PSA 9 1ST BOWMAN PIRATES
,,,(10) Mitch Jebb Lot,(10) 2025 Bowman Mitch Jebb  1st Rookie Card Lot - Pittsburgh Pirates RC
,,,MITCH JEBB CHROME SAPPHIRE BLACK /10 PSA 10 Pop 2,MITCH JEBB 2025 BOWMAN CHROME 1ST SAPPHIRE BASEBALL BLACK /10 PSA 10 Pop 2
BP-41,,,BP-41 Mitch Jebb (25) Card Lot,2025 Bowman Mitch Jebb (25) Card 1st Bowman Lot Pirates #BP-41
BP-41,,,BP-41 /125 Mitch Jebb Blue Pattern Paper Psa 10,2025 Bowman Mitch Jebb 1st Blue Pattern Paper /125 #BP-41 Psa 10
,,,Chrome Rookie Refractors Moises Ballesteros AUTO #/499 PSA 9,2025 Bowman Chrome Rookie Refractors Moises Ballesteros RC AUTO #/499 PSA 9 Cubs
,,,Chrome M/B Moises Ballesteros Rookie Blue Refractor #/150 PSA 9 ( ),2025 Bowman Chrome M/B Moises Ballesteros Rookie Blue Refractor #/150 PSA 9 (RC)
,,,Chrome Moises Ballesteros #42 Yellow Refractor /75 PSA 9,2025 Bowman Chrome - Moises Ballesteros #42 Yellow Refractor  /75 PSA 9
,,,Moises Ballesteros Chrome Orange Refractor Rookie Auto 2/25 SGC 10,Moises Ballesteros 2025 Bowman Chrome Orange Refractor Rookie Auto 2/25 SGC 10
,,,Chrome #42 Moises Ballesteros Rookie GEM MINT PTA 10ð¥,2025 Bowman Chrome #42 Moises Ballesteros Rookie Cubs GEM MINT PTA 10ð¥
,,,Chrome Moises Ballesteros RED ROOKIE REFRACTOR GEM MINT PTA 10ð¥,2025 Bowman Chrome Moises Ballesteros RED ROOKIE REFRACTOR GEM MINT PTA 10ð¥
,,,Chrome #42 Moises Ballesteros LOT x12 (SEE PICTURES ð),2025 Bowman Chrome #42 Moises Ballesteros RC LOT x12 (SEE PICTURES ð) Cubs
,,,Moises Ballesteros Chrome Refractor Auto /499- ( ) PSA 10,Moises Ballesteros 2025 Bowman Chrome Refractor Auto /499- Cubs (RC) PSA 10
,,,Chrome Sapphire Moises Ballesteros Red /5 #42 ð¥PSA 9ð¥,2025 Bowman Chrome Sapphire Moises Ballesteros  Red /5 RC #42 ð¥PSA 9ð¥
,,,Chrome Mookie Betts Mega Box Black Refractor 3/10 PSA 9,2025 Bowman Chrome Mookie Betts Mega Box Black Refractor 3/10 Dodgers PSA 9
64,,,64 /350 Best Mookie Betts Lazer Refractors,2025 Bowman's Best #64 Mookie Betts Lazer Refractors #/350
BA-5,,,BA-5 Mookie Betts Anime PSA 9 Mint Case Hit SSP,2025 Bowman #BA-5 Mookie Betts Anime PSA 9 Mint - Case Hit SSP - Dodgers
64,,,64 /199 Best Mookie Betts Aqua Refractor,2025 Bowman's Best Mookie Betts #64 Aqua Refractor /199 Los Angeles Dodgers
64,,,64 /99 Best Refractor Mookie Betts Serial Numbered,Topps 2025 Bowman's Best Refractor Mookie Betts #64 Dodgers Serial Numbered /99
,,,You Pick (1-100) Buy 5 Get 7 Free,2025 Bowman Baseball You Pick! (1-100) Buy 5 Get 7 Free!!!
,,,Chrome Mookie Betts ADIOS GOLD /50-,2025 Bowman Chrome Mookie Betts - ADIOS GOLD /50- Dodgers
,,,Chrome Sapphire Mookie Betts Gold Refractor #/50 PSA 9,2025 Bowman Chrome Sapphire Mookie Betts Gold Refractor #/50 Dodgers PSA 9
,,,Chrome Mookie Betts Mega Box Black Refractor /10 PSA 9,2025 Bowman Chrome Mookie Betts Mega Box Black Refractor /10 Dodgers PSA 9
,,,Mookie Betts Chrome #26 True Gold Refractor /50 LA PSA 9,Mookie Betts 2025 Bowman Chrome #26 True Gold Refractor /50 LA DODGERS PSA 9
,,,MOOKIE BETTS /5 Red Geometric Refractor Chrome #26 PSA 10,MOOKIE BETTS /5 Red Geometric Refractor 2025 Bowman Chrome #26 Dodgers PSA 10
BA-5,,,BA-5 Mookie Betts Anime # PSA 10,2025 Topps Bowman Mookie Betts Anime #BA5 PSA 10
64,,,64 /150 Best Mookie Betts Blue Refractor,2025 Bowman's Best - Mookie Betts #64 Blue Refractor /150
,,,CHROME MOOKIE BETTS BLUE REFRACTOR CLR MATCH #009/150 PSA 9,2025 BOWMAN CHROME MOOKIE BETTS BLUE REFRACTOR DODGERS CLR MATCH #009/150 PSA 9!
64,,,64 /99 Best Mookie Betts Green Mini-Diamond Refractor,2025 Bowman's Best - Mookie Betts #64 Green Mini-Diamond Refractor /99
64,,,64 /250 Best Mookie Betts Purple Refractor,2025 Bowman's Best Mookie Betts Purple Refractor /250 #64
64,,,64 /199 Best Mookie Betts Aqua Refractor,2025 Bowman's Best Mookie Betts #64 Aqua Refractor /199 Dodgers
,,,Best Mookie Betts GREEN REFRACTOR /99,2025 Bowman's Best Mookie Betts GREEN REFRACTOR /99
,,,Best-Mookie Betts Wave Refractor Card No. 64,2025 Bowman's Best-Mookie Betts Wave Refractor Los Angeles Dodgers Card No. 64
64,,,64 /50 Best Mookie Betts Gold Lava Refractor,2025 Bowman's Best - Mookie Betts #64 Gold Lava Refractor /50
,,,Mookie Betts Best Yellow Lazer Refractor /75,Mookie Betts  2025 Bowman's Best - Yellow Lazer Refractor /75 - Dodgers
,,,Best Serial Numbered Mookie Betts # /150,Bowman's Best Serial Numbered Mookie Betts Los Angeles Dodgers 2025 # /150
,,,Naibel Mariano Pearl Refractor PSA 9/10 Auto Top in Pop 2/10 CPANM,Naibel Mariano Pearl Refractor PSA 9/10 Auto Top in Pop 2/10 CPANM
1,,,1 Paper -150: You Pick- Complete Your Set,2025 Bowman Baseball Paper Prospects #1-150: You Pick- Complete Your Set
BCP-99,,,BCP-99 Chrome /100 Naibel Mariano Steel Metal # PSA 9 / NO HIGHER,Naibel Mariano - 2025 Bowman Chrome Steel Metal /100 #BCP99 - PSA 9 / NO HIGHER
CPA-NM,,,CPA-NM Chrome /250 Naibel Mariano First Auto Purple PSA 9,2025 Bowman Chrome Naibel Mariano First Bowman RC Auto Purple #CPA-NM /250 PSA 9
BCP-1,,,BCP-1 Chrome to BCP-252 You Pick 2 Card Minimum,2025 Bowman Chrome Prospects BCP-1 to BCP-252 You Pick - 2 Card Minimum
,,,Naibel Mariano Auto Black X-Fractor /10 PSA 9,2025 Bowman Naibel Mariano Auto Black X-Fractor /10 PSA 9 Cincinnati Reds
CPA-NM,,,CPA-NM Chrome Autograph Naibel Mariano # Rookie PSA 10,2025 Bowman Chrome Prospect Autograph Naibel Mariano #CPA-NM Rookie PSA 10
,,,Naibel Mariano Orange Wave Chrome Auto PSA 9 #23/25,2025 Bowman Naibel Mariano Orange Wave Chrome Prospect 1st Auto PSA 9 #23/25
,,,Naibel Mariano True Blue Chrome Auto PSA 9 #13/150,2025 Bowman Naibel Mariano True Blue Chrome Prospect 1st Auto PSA 9 #13/150
,,,Chrome Refractor Auto Naibel Mariano PSA 9 #33/499,2025 Bowman Chrome Prospect Refractor Auto Naibel Mariano PSA 9 #33/499
BP-102,,,BP-102 Paper Nate Nankil 5 Card Lot,2025 Bowman Prospect Paper Nate Nankil Athletics #BP-102 5 Card Lot
,,,Nate Nankil Fuchsia Ref /199 PSA 9,2025 Bowman Nate Nankil 1st Bowman Fuchsia Ref /199! PSA 9!
,,,Nate Nankil Chrome Auto true Orange Ref #CPANN PSA 10 /25,2025 Bowman Nate Nankil Chrome Prospect Auto true Orange Ref #CPANN PSA 10  /25
,,,Draft Chrome Sapphire Nate Nankil Gold Refractor 08/50 A's,2025 Bowman Draft Chrome Sapphire 1st Nate Nankil Gold Refractor 08/50 A's
BCP-1,,,BCP-1 Chrome to BCP-252 You Pick 2 Card Minimum,2025 Bowman Chrome Prospects BCP-1 to BCP-252 You Pick - 2 Card Minimum
42,,,42 /5 Best Nick Kurtz Red Refractor ( ),2025 Bowman's Best - Nick Kurtz #42 Red Refractor /5 (RC)
,,,"Chrome Adios Autographs Nick Kurtz #AAV-NK /99 (AU, ) PSA 9","2025 Bowman Chrome - Adios Autographs Nick Kurtz #AAV-NK /99 (AU, RC) PSA 9"
,,,ð2Nick Kurtz #/99ð22025 Best GOLD Green REFRACTOR Invest ROY Sharpð°,ð²Nick Kurtz RC #/99ð²2025 Bowman's Best GOLD Green REFRACTOR Invest ROY Sharpð°
,,,-NICK KURTZ REPTILIAN CHROME REFRACTOR PSA 10,2025 BOWMAN -NICK KURTZ - REPTILIAN CHROME PROSPECT REFRACTOR!  PSA 10
,,,Chrome Nick Kurtz #93 Image Variation PSA 8,2025 Bowman Chrome Baseball Nick Kurtz #93 Image Variation RC PSA 8
,,,Chrome Nick Kurtz True Orange Refractor/25 PSA 9,2025 Bowman Chrome Nick Kurtz True Orange RC Refractor/25 Athletics PSA 9
,,,Chrome Nick Kurtz True Gold Refractor #/50 #93 Rookie PSA 9 MINT,2025 Bowman Chrome Nick Kurtz True Gold Refractor #/50 #93 Rookie RC PSA 9 MINT
,,,â3⁄4 NICK KURTZ [ ] /499 | PSA 10 | Chrome #93 Geometric Refractor ð¥,â¾ NICK KURTZ [RC] /499 | PSA 10 | 2025 Bowman Chrome #93 Geometric Refractor ð¥
,,,Nick Kurtz Chrome Max Volume #MV-11,Nick Kurtz 2025 Bowman Chrome Max Volume #MV-11 Athletics
,,,Best Nick Kurtz Best of Auto #B25-NK,2025 Bowman's Best Nick Kurtz Best of 2025 Auto #B25-NK
,,,CHROME CHROME ROOKIE AUTOS REFRACTOR NICK KURTZ 470/499 PSA 9,2025 BOWMAN CHROME CHROME ROOKIE AUTOS REFRACTOR NICK KURTZ 470/499 PSA 9
,,,Nick Kurtz Chrome Green Lava Auto /99 PSA 9 Color Matched,Nick Kurtz 2025 Bowman Chrome Green Lava Auto /99 PSA 9 Color Matched
,,,Chrome Orange Geometric BGS 9.5 SUB-GRADES ð¤ ̄ #93 Nick Kurtz /25,2025 Bowman Chrome Orange Geometric BGS 9.5 SUB-GRADES ð¤¯ #93 Nick Kurtz RC /25
,,,"Chrome Nick Kurtz (14) Card Lot , NM-MT Look ð¥ð¥","2025 Bowman Chrome Nick Kurtz (14) Card RC Lot! Bowman, Topps NM-MT Look!ð¥ð¥"
BCP-114,,,BCP-114 Chrome /399 Nick Kurtz Lava Refractor PSA 9,2025 Bowman Chrome Prospects Nick Kurtz #BCP-114 Lava Refractor /399 PSA 9 RC
BS-2,,,BS-2 Best Nick Kurtz Showpieces Mini Diamond SP,2025 Bowman's Best Nick Kurtz #BS-2 Showpieces Mini Diamond RC SP
,,,Chrome Nick Kurtz BLUE REFRACTOR /150 PSA 10 GEM MINT #93 POP 2,2025 Bowman Chrome Nick Kurtz BLUE REFRACTOR /150 PSA 10 GEM MINT #93 POP 2
,,,Mint 9 Nick Kurtz Chrome Autograph #CPANK PSA,Mint 9 2025 Bowman Nick Kurtz Chrome Prospect Autograph #CPANK PSA
,,,Mint 9 Nick Kurtz Chrome Autograph #CPANK PSA,Mint 9 2025 Bowman Nick Kurtz Chrome Prospect Autograph #CPANK PSA
97,,,97 Paper Nick Yorke 5 Card Lot,2025 Bowman Paper Nick Yorke Pittsburgh Pirates RC #97  5 Card Lot
97,,,97 (4) NICK YORKE Lot,(4) 2025 Bowman NICK YORKE RC ROOKIE Card Lot #97 Pittsburgh Pirates
,,,"Veteran & -You Pick- 1-100 **Buy More, Save More**","2025 Bowman Veteran & RC -You Pick- 1-100 **Buy More, Save More**"
,,,Nick Yorke Panini-Donruss Prizm/Optic Insert Rookie Lot (9) NICE â3⁄4ï ̧,Nick Yorke Panini-Donruss Prizm/Optic Bowman Insert Rookie Lot (9) NICE!â¾ï¸
,,,You Pick (1-100) Buy 5 Get 7 Free,2025 Bowman Baseball You Pick! (1-100) Buy 5 Get 7 Free!!!
,,,"ð¥ Nick Yorke Lot Diamante, Donruss & Chrome ð¥","ð¥ Nick Yorke 2025 Rookie Card Lot - Diamante, Donruss & Bowman Chrome RC ð¥"
ROY-14,,,ROY-14 ROY FAVORITES # NICK YORKE PSA 10,2025 BOWMAN ROY FAVORITES #ROY14 NICK YORKE PSA 10
97,,,97 (10) Nick Yorke Lot,(10) 2025 Bowman Nick Yorke Rookie Card Lot #97 Pittsburgh Pirates RC
,,,1-100 Complete Your Set Singles,2025 Bowman 1-100 Complete Your Set Singles
,,,Best Noah Schultz #B25-NS Tire Gold Refractor Auto #24/50,2025 Bowman's Best Noah Schultz #B25-NS Tire Gold Refractor Auto #24/50 Chicago
,,,Best Noah Schultz Best of Auto Green Refractor #55/99 #B25-NS,2025 Bowman's Best Noah Schultz Best of 2025 Auto Green Refractor #55/99 #B25-NS
BTP-16,,,BTP-16 /150 Graded Noah Schultz # Mini Diamond Card PSA 10,Graded 2025 Bowman Noah Schultz #BTP16 Mini Diamond /150 RC Baseball Card PSA 10
,,,Best Best of Autographs Noah Schultz Purple Refractor 51/75,2025 Bowman's Best - Best of 2025 Autographs Noah Schultz Purple Refractor 51/75
,,,Best Noah Schultz Best Performances Refractor Auto /250,2025 Bowman's Best Noah Schultz Best Performances Refractor Auto /250 White Sox
,,,Best Noah Schultz Blue Refractor Auto /150,2025 Bowman's Best Noah Schultz Blue Refractor Auto /150 White Sox
,,,Best Best of Autographs Noah Schultz Purple 66/75,2025 Bowman's Best - Best of 2025 Autographs Noah Schultz Purple 66/75
,,,Best Noah Schultz Best of Auto Blue Refractor /150,2025 Bowman's Best Noah Schultz Best of 2025 Auto Blue Refractor /150 White Sox
,,,2022& Chrome Noah Schultz Lot of 6 Rainbow Start/Sapphire,2022&2025 Bowman Chrome Noah Schultz Lot of 6 Rainbow Start/Sapphire
,,,Best Autograph Noah Schultz #B25-NS /50 Gold ð,Topps 2025 Bowman's Best Autograph Noah Schultz White Sox #B25-NS /50 Gold ð
,,,Best Noah Schultz /10 Auto Black X-Fractor #B25-NS,2025 Bowman's Best Noah Schultz /10 Auto Black X-Fractor #B25-NS
,,,Best Noah Schultz Best Performances Refractor Auto /250,2025 Bowman's Best Noah Schultz Best Performances Refractor Auto /250 White Sox
,,,PICK YOUR INSERT/PLAYER,2025 BOWMAN BASEBALL - PICK YOUR INSERT/PLAYER
,,,Inserts Pick Your Card,2025 Bowman Inserts Pick Your Card
,,,Noble Meyer 2024 Draft #BDC-38 Chrome & Refractor Lot,Noble Meyer 2024 Bowman Draft #BDC-38 Chrome & Refractor Miami Marlins Lot
,,,"Veteran & -You Pick- 1-100 **Buy More, Save More**","2025 Bowman Veteran & RC -You Pick- 1-100 **Buy More, Save More**"
,,,You Pick (1-100) Buy 5 Get 7 Free,2025 Bowman Baseball You Pick! (1-100) Buy 5 Get 7 Free!!!
68,,,68 Nolan Arenado **27 card lot**,2025 Bowman - Nolan Arenado #68 Cardinals **27 card lot**
,,,1-100 Complete Your Set Singles,2025 Bowman 1-100 Complete Your Set Singles
BP-134,,,BP-134 Onil Perez Paper Lot Of 10,2025 Bowman Onil Perez 1st Paper Prospects Lot Of 10 BP-134 San Francisco Giants
BP-134,,,BP-134 (10) Onil Perez Lot San Fransisco,(10) 2025 Bowman Onil Perez 1st Rookie Card Lot #BP-134 San Fransisco Giants RC
BP-134,,,BP-134 Onil Perez (25) Card Lot,2025 Bowman Onil Perez (25) Card 1st Bowman Lot Giants #BP-134
,,,You Pick (1-100) Buy 5 Get 7 Free,2025 Bowman Baseball You Pick! (1-100) Buy 5 Get 7 Free!!!
,,,Orelvis MARTINEZ Rookie Lot of (12),Orelvis MARTINEZ 2025 Bowman Rookie Lot of (12)
75,,,75 Orelvis Martinez (25) Rookie Lot,2025 Bowman Orelvis Martinez (25) Rookie RC Lot Blue Jays #75
,,,Chrome Red Rookie Redemption Orelvis Martinez PSA 9 #75,2025 Bowman Chrome Red Rookie Redemption Orelvis Martinez RC PSA 9 Blue Jays #75
,,,PSA Graded Auto's Refractors-Serial #-Short Print,PSA Graded 1st Bowman Auto's Refractors-Serial #-Short Print
,,,ROOKIES & VETERANS AUTO BLUE OSWALD PERAZA 89/150 PSA 9,2025 BOWMAN BOWMAN ROOKIES & VETERANS AUTO BLUE OSWALD PERAZA 89/150 PSA 9
PRV-OP,,,PRV-OP Paper Oswald Peraza # Autograph Auto GEM MT PSA 10 * POP 3 *,2025 Bowman Paper Oswald Peraza #PRV-OP Autograph Auto GEM MT PSA 10 * POP 3 *
,,,"~ Serial #'d, Short Prints, AUTO, SSP ~ You Pick w/ Chrome","2025 BOWMAN ~ Serial #'d, Short Prints, AUTO, SSP ~ You Pick w/ 1st Chrome RC"
BTP-39,,,BTP-39 Chrome Scouts Top 100 Owen Caissie ( ) CGC 9,2025 Bowman - Bowman Scouts Top 100 Chrome Owen Caissie #BTP-39 (RC) CGC 9
,,,Scouts Top 100 Owen Caissie Gold Refractor /50 PSA 9,2025 Bowman - Scouts Top 100 - Owen Caissie Gold Refractor /50 PSA 9
,,,CHROME Prospects1-149 & INSERTS You Pick Updated 3 APR,2025 Bowman Baseball CHROME Prospects1-149 & INSERTS You Pick! Updated 3 APR!
,,,Owen Caissie PSA 10 POP 1 Chrome SCOUTS TOP 100,Owen Caissie PSA 10 POP 1 2025 Bowman Chrome SCOUTS TOP 100
,,,CHROME Inserts & Parallels You Pick Choose 4+ 20% OFF,2025 BOWMAN CHROME PROSPECTS Inserts & Parallels RC You Pick Choose 4+ 20% OFF!
,,,Best Owen Caissie 41/50 Patch Auto Relic #PPA-OC,2025 Topps Bowman's Best Owen Caissie 41/50 Prospect Patch Auto Relic #PPA-OC
,,,Bowmans Best Owen Cassie #PPA-OC Rookie Patch Auto /25,2025 Bowmans Best Owen Cassie #PPA-OC Rookie Patch Auto /25
,,,INSERT CARDS PICK YOUR CARD,2025 BOWMAN BASEBALL INSERT CARDS PICK YOUR CARD
,,,INSERTS YOU PICK YOUR CARD,2025 BOWMAN INSERTS YOU PICK YOUR CARD
,,,Best Owen Caissie Patch Auto #09/50,2025 Bowman's Best Owen Caissie Prospect Patch Auto #09/50 Cubs
,,,Best Owen Caissie Patch Auto #44/50,2025 Bowman's Best Owen Caissie Prospect Patch Auto #44/50 Cubs
,,,Chrome Scouts Top 100 Complete Your Set,2025 Bowman Chrome Scouts Top 100 - Complete Your Set!!!!!
,,,Best Owen Caissie Patch Autograph Relic Card 16/25,Topps 2025 Bowman's Best Owen Caissie Patch Autograph Relic Card 16/25 Cubs
BP-14,,,BP-14 Paper Owen Wild 5 Card Lot,2025 Bowman Prospect Paper Owen Wild Tampa Bay Rays #BP-14 5 Card Lot
BP-14,,,BP-14 Owen Wild Paper Lot Of 10 Raysð¥ð¥,2025 Bowman Owen Wild 1st Paper Prospects Lot Of 10 BP-14 Tampa Bay Raysð¥ð¥
,,,Chrome Owen Wild Snack Pack Sunflower Seed PSA 10,2025 Bowman Chrome 1st Owen Wild Snack Pack Sunflower Seed PSA 10
BP-14,,,BP-14 Owen Wild (25) Lot,2025 Bowman Owen Wild (25) 1st Bowman Lot Rays #BP-14
,,,"Veteran & -You Pick- 1-100 **Buy More, Save More**","2025 Bowman Veteran & RC -You Pick- 1-100 **Buy More, Save More**"
,,,You Pick (1-100) Buy 5 Get 7 Free,2025 Bowman Baseball You Pick! (1-100) Buy 5 Get 7 Free!!!
1,,,1 Paper 's & Vets -100: You Pick- Complete Your Set,2025 Bowman Baseball Paper RC's & Vets #1-100: You Pick- Complete Your Set
,,,"Ozzie Albies (3) Card Lot ,Heritage,","Ozzie Albies (3) Card Lot 2025 Topps,Heritage,Bowman"
BP-1,,,BP-1 BASE and #1-100 to BP-150 You Pick,2025 Bowman Baseball BASE and PROSPECTS #1-100 #BP-1 to BP-150 You Pick!
71,,,71 Ozzie Albies (Lot of 23 Cards),2025 Bowman - Ozzie Albies #71 Atlanta Braves (Lot of 23 Cards)
,,,"Paper Pick Your Card, BUY 2+ SHIPS FREE Updated 3/31","2025 Bowman Paper! Pick Your Card, BUY 2+ SHIPS FREE! Updated 3/31!"
,,,1-100 Complete Your Set Singles,2025 Bowman 1-100 Complete Your Set Singles
BCP-144,,,BCP-144 Chrome Pablo Guerrero Orange Shimmer PSA GM 10,2025 Bowman BCP144 Pablo Guerrero Chrome Prospect Orange Shimmer PSA GM 10 RC
,,,Chrome Mega Box Pablo Guerrero #BMA-PG PSA 10 Auto,2025 Bowman Chrome Prospect Mega Box Pablo Guerrero #BMA-PG PSA 10 Auto
,,,2024 Chrome Paul Skenes #M1B-36 My refractor PSA 8 First,2024 Bowman Chrome Paul Skenes #M1B-36 My 1st Bowman RC refractor PSA 8 First RC
40,,,40 Bowmans Best Refractor Paul Skenes ( ),2025 Bowmans Best Refractor #40 Paul Skenes (PIRATES) !
,,,Best Paul Skenes Purple Lazer Refractor /250,2025 Bowman's Best Paul Skenes Purple Lazer Refractor /250 Pirates
40,,,40 /250 Best Paul Skenes Purple Refractor,2025 Bowman's Best Paul Skenes #40 Purple Refractor 191/250 Pirates
,,,You Pick (1-100) Buy 5 Get 7 Free,2025 Bowman Baseball You Pick! (1-100) Buy 5 Get 7 Free!!!
40,,,40 Best Paul Skenes Refractor,2025 Bowman's Best #40 Paul Skenes Refractor Pittsburgh Pirates
BP-1,,,BP-1 Best Paul Skenes Best Performance Insert,2025 Bowman's Best Paul Skenes Best Performance Insert #BP-1 Pirates
30,,,30 /299 PAUL SKENES Fuchsia Parallel SP PSA 8,PAUL SKENES 2025 Bowman #30 Fuchsia  Parallel  #/299  SP Pirates PSA 8
40,,,40 /350 Best Paul Skenes Lazer Refractor,2025 Bowman's Best - Paul Skenes #40 Lazer Refractor /350
40,,,40 Best Paul Skenes,2025 Bowman's Best #40 Paul Skenes
BP-1,,,BP-1 Best Paul Skenes Performance,2025 Topps Bowman's Best Paul Skenes Performance #BP-1 Pirates
,,,Best Pixel Portraits Paul Skenes #P-14 Mini-Diamond Refractor,2025 Bowman's Best - Pixel Portraits Paul Skenes #P-14 Mini-Diamond Refractor
,,,Best Aqua Refractor /199 Paul Skenes,2025 Bowman's Best Aqua Refractor /199 Paul Skenes
40,,,40 Best Paul Skenes Wave Refractor,2025 Bowman's Best #40 Paul Skenes Wave Refractor
,,,Best #BT-25 Paul Skenes Best Tek Gold /50,2025 Bowman's Best #BT-25 Paul Skenes Best Tek Gold /50
,,,Chrome Paul Skenes #30 Green Geometric /99 PSA 9,2025 Bowman Chrome Paul Skenes #30 Green Geometric /99 PSA 9 Pittsburgh Pirates
,,,Best Paul Skenes Best-Tek Gold Holofoil Acetate 11/50,2025 Bowman's Best Paul Skenes Best-Tek Gold Holofoil Acetate 11/50 Pirates
BP-1,,,BP-1 Best Paul Skenes Performance Mini-Diamond Refractor,2025 Bowman's Best Paul Skenes Performance Mini-Diamond Refractor #BP-1 Pirates
,,,Best #BT-25 Paul Skenes Best Tek Orange #/25,2025 Bowman's Best #BT-25 Paul Skenes Best Tek Orange #/25
40,,,40 Best Paul Skenes Wave Refractor,2025 Bowman's Best - Paul Skenes #40 Wave Refractor
40,,,40 /299 Paul Skenes Best Mini Diamond Refractor,Paul Skenes 2025 Bowman's Best #40 Mini Diamond Refractor Pirates /299
,,,Chrome Mega Box Paul Skenes #30 PSA 10,2025 Bowman Chrome Mega Box Paul Skenes #30 PSA 10
,,,CHROME #30 PAUL SKENES ORANGE REFRACTOR /25 Psa 8 Investment Cardð¥,2025 BOWMAN CHROME #30 PAUL SKENES ORANGE REFRACTOR /25 Psa 8 Investment Cardð¥
,,,Chrome Paul Skenes Green Wave 16/99 PSA 9,2025 Bowman Chrome Paul Skenes Green Wave 16/99 PSA 9 PIRATES
BP-1,,,"BP-1 , -bp150,10 card minimum, 10/$5.00, Free","2025 Bowman Prospects, bp1-bp150,10 card minimum, 10/$5.00, Free Shipping !!"
,,,(1-150) You Pick Buy 5 Get 7 Free,2025 Bowman Baseball Prospects (1-150) You Pick! Buy 5 Get 7 Free!!!
,,,PAULINO SANTANA 3-LOT REPTILIAN/Chrome/Top 100 TX,PAULINO SANTANA 3-LOT 2025 Bowman Prospects REPTILIAN/Chrome/Top 100 TX RANGERS
1,,,1 Paper -150: You Pick- Complete Your Set,2025 Bowman Baseball Paper Prospects #1-150: You Pick- Complete Your Set
BCP-1,,,BCP-1 Chrome to BCP-252 You Pick 2 Card Minimum,2025 Bowman Chrome Prospects BCP-1 to BCP-252 You Pick - 2 Card Minimum
BP-78,,,BP-78 Paper Payton Eeles 5 Card Lot,2025 Bowman Prospect Paper Payton Eeles Minnesota Twins #BP-78 5 Card Lot
BP-78,,,BP-78 (10) Payton Eeles Lot,(10) 2025 Bowman Payton Eeles  1st Rookie Card Lot Baltimore Orioles RC #BP-78
BP-78,,,BP-78 Payton Eeles (25) Card Lot,2025 Bowman Payton Eeles (25) Card 1st Bowman Lot Twins #BP-78
,,,Payton Eeles Chrome Pro Au- Orange Ref Psa 9,2025 Bowman Payton Eeles Chrome Pro Au- Orange Ref Psa 9
,,,Payton Eeles PSA 10 ð¥ Green Grass Autograph Holo Refractor /99 *POP 3*,2025 Payton Eeles PSA 10 ð¥ Green Grass Autograph Holo Refractor /99 *POP 3*
51,,,51 Pete Alonso [Aqua Lava Refractor] Best,Pete Alonso [Aqua Lava Refractor] #51 2025 Bowman's Best New york Mets
51,,,51 Pete Alonso [Aqua Refractor] Best Ney York,Pete Alonso [Aqua Refractor] #51 2025 Bowman's Best Ney York Mets
,,,Pete Alonso Best Refractor,Pete Alonso 2025 Bowman's Best Refractor
51,,,51 /50 Best Pete Alonso Gold Refractor NY ð¥ð¥ð¥,2025 Bowman's Best Pete Alonso #51 Gold Refractor /50 NY Mets ð¥ð¥ð¥
,,,Best Pete Alonso Polar Bear Green Mini-diamond Refractor /99,2025 Bowman's Best Pete Alonso Polar Bear Green Mini-diamond Refractor /99 Mets
,,,You Pick (1-100) Buy 5 Get 7 Free,2025 Bowman Baseball You Pick! (1-100) Buy 5 Get 7 Free!!!
,,,PETE ALONSO BEST GREEN REFRACTOR /99 Q4440,PETE ALONSO 2025 BOWMAN'S BEST GREEN REFRACTOR METS /99 Q4440
51,,,51 Best Pete Alonso,2025 Bowman's Best Pete Alonso #51 Mets
,,,PETE ALONSO BEST PURPLE LAZER 007/250,PETE ALONSO 2025 BOWMAN'S BEST PURPLE LAZER METS  007/250
,,,Best 51 Pete Alonso Mini Diamond Refractor /299,2025 Bowman's Best 51 Pete Alonso Mini Diamond Refractor /299
51,,,51 /75 Best Pete Alonso Yellow Refractor Bookend,2025 Bowman's Best - Pete Alonso #51 Yellow Refractor /75 Bookend
,,,Best Pete Alonso Gold refractor 72/75,2025 Bowman's Best Pete Alonso Gold refractor 72/75 New York Mets
,,,PETE ALONSO BEST WAVE REFRACTOR,PETE ALONSO 2025 BOWMAN'S BEST BASEBALL WAVE REFRACTOR METS
51,,,51 Best Pete Alonso Refractor,2025 Bowman's Best Pete Alonso #51 Refractor Mets
51,,,51 Best Pete Alonso,2025 Bowman's Best Pete Alonso #51 Mets
,,,Pete Alonso Best Purple Mojo Refractor 104/250,Pete Alonso 2025 Bowman's Best Purple Mojo Refractor 104/250 New York Mets
,,,Pete Alonso Best Purple Mojo Refractor 308/250,Pete Alonso 2025 Bowman's Best Purple Mojo Refractor 308/250 New York Mets
51,,,51 Best Pete Alonso Refractor,2025 Bowman's Best #51 Pete Alonso Refractor
51,,,51 /250 (4) Best Pete Alonso Purple Lazer Refractor & Blue /150,(4) 2025 Bowman's Best #51 Pete Alonso Purple Lazer Refractor /250 & Blue /150
51,,,51 /250 Best Pete Alonso Purple Lazer Refractor,2025 Bowman's Best Pete Alonso Purple Lazer Refractor /250 New York Mets #51
,,,Pete Alonso Bowmans Best Yellow Refractor /75 ð¥,Pete Alonso 2025 Bowmans Best Yellow Refractor /75 Mets ð¥
,,,1-100 Complete Your Set Singles,2025 Bowman 1-100 Complete Your Set Singles
51,,,51 /150 Pete Alonso Best Blue Refractor,Pete Alonso 2025 Bowman's Best Blue Refractor /150 #51 New York Mets Baseball
51,,,51 Best Pete Alonso Wave Refractor,2025 Bowman's Best - Pete Alonso #51 Wave Refractor
BPA-PO,,,BPA-PO DRAFT PEYTON OLEJNIK AUTO # PAPER ROOKIE,2025 BOWMAN DRAFT PEYTON OLEJNIK RC AUTO #BPA-PO ANGELS 1ST PAPER RC ROOKIE
,,,Bowmans Best PJ Morlando Refractor Auto Jumbo Patch Patch /10,2025 Bowmans Best PJ Morlando Refractor Auto Jumbo Patch Prospect Patch /10
,,,CHROME AUTOS BLUE REFRACTOR #CPAPM PJ MORLANDO 42/150 PSA 9,2025 BOWMAN CHROME PROSPECT AUTOS BLUE REFRACTOR #CPAPM PJ MORLANDO 42/150 PSA 9
,,,"PJ Morlando Lot /399, /199, /399, Sapphire","2025 Bowman 1st PJ Morlando Lot /399, /199, /399, Sapphire"
,,,Chrome PJ MORLANDO Speckle Refractor Auto SP /299 Mint PSA 9,2025 Bowman Chrome PJ MORLANDO Speckle Refractor 1st Auto SP /299 Mint PSA 9
,,,PJ Morlando Best Auto Autograph Patch Black 7/10,PJ Morlando 2025 Bowman's Best Auto Autograph Patch Black RC Marlins 7/10
,,,Best Best of On Card Auto PJ Morlando Orange X-Fractor /25,2025 Bowman's Best Best of 2025 On Card Auto PJ Morlando Orange X-Fractor /25
,,,Best Best of Autograph PJ Morlando 02/50,Topps 2025 Bowman's Best Best of 2025 Autograph PJ Morlando Marlins 02/50
,,,PJ MORLANDO Speckle AUTO /299 PSA 10,PJ MORLANDO 2025 Bowman 1st Speckle AUTO /299 PSA 10 Marlins
,,,PJ MORLANDO BEST OF AUTOGRAPHS REFRACTORS AUTO,PJ MORLANDO 2025 BOWMAN'S BEST OF 2025 AUTOGRAPHS REFRACTORS AUTO MIAMI MARLINS
,,,Chrome PJ MORLANDO Speckle Refractor Auto SP /299 Mint PSA 9,2025 Bowman Chrome PJ MORLANDO Speckle Refractor 1st Auto SP /299 Mint PSA 9
,,,Best PJ Morlando Refractor Auto #B25-PM Autograph,2025 Bowman's Best PJ Morlando Refractor Auto #B25-PM Miami Marlins Autograph
,,,CHROME AUTO PJ MORLANDO /99 PSA 10 Low Pop Gem ð ð¥ð¥ð¥,2025 BOWMAN CHROME PROSPECT AUTO PJ MORLANDO /99 PSA 10 Low Pop Gem ð ð¥ð¥ð¥
,,,Chrome PJ Morlando Blue Geometric /150 PSA 10,2025 Bowman Chrome Prospects PJ Morlando Blue Geometric /150 PSA 10
,,,Chrome QUINN MATHEWS Speckle Refractor Auto SP /299 Mint PSA 9,2025 Bowman Chrome QUINN MATHEWS Speckle Refractor 1st Auto SP /299 Mint PSA 9
,,,"Best Best of Autographs Quinn Mathews #B25-QM (AU, )","2025 Bowman's Best - Best of 2025 Autographs Quinn Mathews #B25-QM (AU, RC)"
,,,Best Quinn Mathews B25-QM Best of Blue Refractor Auto 122/150,2025 Bowman's Best Quinn Mathews B25-QM Best of 2025 Blue Refractor Auto 122/150
,,,ð¥ Best Quinn Mathews Autograph Rookie Purple Refractor /75 ð¥,ð¥ 2025 Bowman's Best Quinn Mathews Autograph Rookie Purple Refractor /75 RC ð¥
,,,Quinn Mathews Chrome Auto TRUE Blue Refractor #/150 PSA 10,2025 Bowman Quinn Mathews Chrome Prospect Auto TRUE Blue Refractor #/150 PSA 10
,,,Chrome Autos Quinn Mathews Gold Lava Refractor /50 BGS 9.5,2025 Bowman Chrome Prospect Autos Quinn Mathews Gold Lava Refractor /50 BGS 9.5
,,,Best Quinn Mathews Auto Rookie Purple /75,Topps 2025 Bowman's Best Quinn Mathews Auto Rookie Purple /75 Cardinals
,,,Quinn Mathews Chrome Auto Green Reptilian #/99 PSA 10,2025 Bowman Quinn Mathews Chrome Prospect Auto Green Reptilian #/99 PSA 10
21,,,21 RAFAEL DEVERS Best REFRACTOR Lot 12,RAFAEL DEVERS 2025 Bowman's Best REFRACTOR #21 - San Francisco Giants Lot 12
21,,,21 ð¥Rafael Devers Best Wave Refractor,ð¥Rafael Devers 2025 Bowman's Best #21 Wave Refractor Giants
21,,,21 /99 Best Rafael Devers Green Refractor,Topps 2025 Bowman's Best Rafael Devers Giants #21 Green Refractor 70/99
,,,"Veteran & -You Pick- 1-100 **Buy More, Save More**","2025 Bowman Veteran & RC -You Pick- 1-100 **Buy More, Save More**"
21,,,21 /150 Best Rafael Devers Blue Refractor,2025 Bowman's Best Rafael Devers Blue Refractor /150 #21 Giants
,,,You Pick (1-100) Buy 5 Get 7 Free,2025 Bowman Baseball You Pick! (1-100) Buy 5 Get 7 Free!!!
21,,,21 /150 Best Rafael Devers Blue Refractor,2025 Bowman's Best - Rafael Devers #21 Blue Refractor 136/150 - Giants
21,,,21 /75 Best Rafael Devers Yellow Refractor,2025 Bowman's Best #21  Rafael Devers Yellow Refractor  /75
,,,Best Rafael Devers Green Mini-Diamond Refractor #/99,2025 Bowman's Best Rafael Devers Green Mini-Diamond Refractor #/99 Giants
,,,Chrome Meteoric Rise Rafael Devers Mini-Diamond /150 #MR-13,2025 Bowman Chrome Meteoric Rise Rafael Devers Mini-Diamond /150 #MR-13
1,,,1 /250 Best Rafael Devers Purple,2025 Topps Bowman's Best Rafael Devers #1 Purple 235/250
21,,,21 /250 Best Rafael Devers Purple Lazer Refractor,2025 Bowman's Best - Rafael Devers #21 Purple Lazer Refractor /250
,,,Best Rafael Devers Refractor Blue X-Fractor #/150,2025 Bowman's Best Rafael Devers Refractor Blue X-Fractor #/150 Giants
,,,Best BASE You Pick Complete Your Set,2025 Bowman's Best - BASE - You Pick Complete Your Set
21,,,21 /150 Best Rafael Devers Blue Refractor,2025 Bowman's Best - Rafael Devers #21 Blue Refractor 136/150 - Giants
21,,,21 Best Rafael Devers Wave Refractor,2025 Bowman's Best #21 Rafael Devers Wave Refractor
,,,Best Rafael Devers Yellow Lazer Refractor /75,2025 Bowman's Best - Rafael Devers - Yellow Lazer Refractor /75 - Giants
21,,,21 Best Rafael Devers Wave Refractor,2025 Bowman's Best - Rafael Devers #21 Wave Refractor
,,,Best Purple Refractor Rafael Devers /250,2025 Bowman's Best Purple Refractor Rafael Devers /250
21,,,21 /50 Best Gold Wave Lava Refractor Rafael Devers SP |,2025 Bowman's Best Gold Wave Lava Refractor /50 Rafael Devers #21 SP | Giants
21,,,21 /250 Best Rafael Devers Purple Lazer Refractor,2025 Bowman's Best - Rafael Devers #21 Purple Lazer Refractor /250 Giants
21,,,21 /299 Best Rafael Devers Mini-Diamond Refractor,2025 Bowman's Best - Rafael Devers #21 Mini-Diamond Refractor /299
21,,,21 Best Rafael Devers Wave Refractor,2025 Bowman's Best - Rafael Devers #21 Wave Refractor
,,,Best Rafael Devers Mini-Diamond Refractor #/299,2025 Bowman's Best Rafael Devers Mini-Diamond Refractor #/299 Giants
CPA-RF,,,CPA-RF Chrome /99 Auto Rafael Flores # Green Refractor PSA 10,2025 Bowman Chrome 1st Auto Rafael Flores #CPA-RF Green Refractor /99 PSA 10
CPA-RF,,,CPA-RF Chrome /75 Rafael Flores True Yellow Auto # PSA 9,2025 Bowman Chrome Rafael Flores /75 True Yellow Auto #CPA-RF PSA 9
,,,Rafael Flores True Orange Refractor Auto /25 PSA 9,2025 Bowman Rafael Flores 1st True Orange Refractor Auto /25 PSA 9
,,,Chrome Rafael Flores Auto True Gold /50 PSA 8,2025 Bowman Chrome Rafael Flores Auto True Gold /50 PSA 8
BP-34,,,BP-34 (10) Rafael Flores Lot,(10) 2025 Bowman Rafael Flores 1st Rookie Card Lot Pittsburgh Pirates RC #BP-34
,,,CHROME AUTO SPECKLE REFRACTOR RAFAEL FLORES /299 PSA 9,2025 BOWMAN CHROME PROSPECT AUTO SPECKLE REFRACTOR RAFAEL FLORES /299 PSA 9
,,,LUIS MEREJO CHROME Lot 15,LUIS MEREJO 2025 Bowman CHROME 1ST BOWMAN PROSPECT - Cleveland Guardians Lot 15
,,,Chrome Scouts Top 100 Complete Your Set Insert Refractors,2025 Bowman Chrome Scouts Top 100 - Complete Your Set - Insert Refractors
,,,"Inserts- Top 100, ROY Favorites, VIP, Rockstar- Volume Discount","2025 Bowman Inserts- Top 100, ROY Favorites, VIP, Rockstar- Volume Discount"
,,,Inserts **Complete Your Set** You pick multiple (3 minimum purchase),2025 Bowman Inserts **Complete Your Set** You pick multiple (3 minimum purchase)
,,,Scouts Top 100 Insert PICK YOUR CARD.,2025 Bowman Baseball - Bowman Scouts Top 100 Insert - PICK YOUR CARD.
,,,INSERTS with Chrome and Rookies You Pick 2 Card Minimum,2025 Bowman INSERTS with Chrome and Rookies You Pick - 2 Card Minimum
BTP-1,,,BTP-1 Top YOU PICK 88 # -#BTP100 Complete Your Set,2025 Bowman Bowman Top Prospects YOU PICK 88 #BTP1-#BTP100 Complete Your Set
,,,Chrome Base- You Pick- Volume Discount,2025 Bowman Chrome Base- You Pick- Volume Discount
,,,You Pick (1-100) Buy 5 Get 7 Free,2025 Bowman Baseball You Pick! (1-100) Buy 5 Get 7 Free!!!
,,,CHROME #35 RANDY AROZARENA /10 BLACK GEOMETRIC POP 1 PSA 10,2025 BOWMAN CHROME #35 RANDY AROZARENA /10 BLACK GEOMETRIC POP 1 PSA 10
,,,Chrome Inserts You Pick $2.00 or 2 Card Minimum,2025 Bowman Chrome Inserts - You Pick -  $2.00 or 2 Card Minimum
,,,INSERTS: Complete Your Set & Pick Your Card,2025 Bowman Baseball INSERTS: Complete Your Set & Pick Your Card
,,,Rece Hinds Update 2020 Refractor Lot,Rece Hinds 2025 Topps Update RC 2020 Bowman Refractor Lot
,,,Inserts Pick Your Card,2025 Bowman Inserts Pick Your Card
,,,Rece Hinds Cosmic Archives Chrome Rockstar 4-Card Lot,Rece Hinds - Cosmic - Archives - Chrome - Rockstar Cincinnati Reds 4-Card Lot
,,,Chrome Rece Hinds Rockstar Rookies Card Lot (11),2025 Bowman Chrome Rece Hinds Rockstar Rookies Card Lot (11) - Reds
,,,"Rece Hinds Lot (21) Flagship, Chrome & Insert","2025 Topps Rece Hinds Rookie Card RC Lot (21) - Flagship, Chrome & Bowman Insert"
CRA-RH,,,CRA-RH Chrome /150 Rece Hinds AUTO # Blue Refractor ( ) PSA 9,2025 Bowman Chrome Rece Hinds AUTO #CRA-RH Blue Refractor /150 (RC) PSA 9
,,,Rockstar Rookies- You Pick Complete Your Set- Listed 9/8- 50% Off 4+,2025 Bowman Rockstar Rookies- You Pick Complete Your Set- Listed 9/8- 50% Off 4+
,,,"Inserts You Pick Complete Your Set: Sasaki, Crews, Caglianone Etc..","2025 Bowman Inserts You Pick Complete Your Set: Sasaki, Crews, Caglianone Etc.."
,,,You Pick (1-100) Buy 5 Get 7 Free,2025 Bowman Baseball You Pick! (1-100) Buy 5 Get 7 Free!!!
,,,Best Rhett Lowder Auto Purple Refractor #/75,2025 Bowman's Best Rhett Lowder Auto RC Purple Refractor #/75 Reds
,,,Best Best of Autographs RHETT LOWDER #B25-RL Purple /75,2025 Bowman's Best - Best of 2025 Autographs RHETT LOWDER #B25-RL Purple /75
,,,Rhett Lowder Best of 25 Auto Purple Refractor /75 #B25-RL,Rhett Lowder 2025 Bowman's Best of 25 Auto Purple Refractor /75 #B25-RL RC
6,,,6 Rhett Lowder Etched in Glass Variation ( ) PSA 10,2025 Bowman - Rhett Lowder #6 Etched in Glass Variation (RC) PSA 10
,,,"Rhett Lowder / 19 Card Rookie, Parallels & Inserts Lot","Rhett Lowder - 2025 Bowman / Topps 19 Card Rookie, Parallels & Inserts Lot Reds"
,,,Best Rhett Lowder Rookie Autograph Serial #07/10,Topps 2025 Bowman's Best Rhett Lowder Rookie Autograph Serial #07/10 Reds
,,,Best Rhett Lowder Best of Autographs Rookie,Topps Bowman's Best 2025 Rhett Lowder Best of 2025 Autographs Rookie Reds
CPA-RY,,,CPA-RY Chrome /10 Ricardo Yan Signed # # PSA 10 Card,Ricardo Yan Diamondbacks Signed 2025 Bowman Chrome 1st #CPA-RY #8/10 PSA 10 Card
,,,Chrome RICARDO YAN Red Refractor Auto SP /5 Gem Mint PSA 10,2025 Bowman Chrome RICARDO YAN Red Refractor 1st Auto SP /5 Gem Mint PSA 10
,,,RICARDO YAN CHROME Lot 15,RICARDO YAN 2025 Bowman CHROME 1ST BOWMAN PROSPECT - Arizona Diamondbacks Lot 15
CPA-RY,,,CPA-RY Chrome /10 Ricardo Yan Signed # # PSA 10 Card,Ricardo Yan Diamondbacks Signed 2025 Bowman Chrome 1st #CPA-RY #8/10 PSA 10 Card
,,,Richard Matic Chrome Auto Speckle Ref /299 PSA MINT 9,2025 Bowman Richard Matic 1st Chrome Prospect Auto Speckle Ref /299 PSA MINT 9
,,,Richard Matic Chrome Orange Shimmer Auto /25 PSA 10 POP 3,Richard Matic 2025 Bowman Chrome 1st Orange Shimmer Auto /25 PSA 10 POP 3
,,,Richard Matic Chrome Autographs #CPARM /499 PSA 9,Richard Matic - 2025 Bowman Chrome Prospect Autographs #CPARM /499 PSA 9
BCP-150,,,BCP-150 Chrome â¢ BCP-1â â¢ YOU PICK NM/M,2025 Bowman â¢ Baseball Chrome Prospects BCP-1âBCP-150 â¢ YOU PICK NM/M
,,,Richard Matic â Chrome Blue X-Fractor Auto /150 PSA 9/10,Richard Matic â 2025 Bowman Chrome 1st Blue X-Fractor Auto /150 PSA 9/10 Yankees
,,,RICHARD MATIC CHROME AUTOGRAPH GOLD REFRACTOR AUTO 21/50 PSA 9,RICHARD MATIC 2025 BOWMAN CHROME 1ST AUTOGRAPH GOLD REFRACTOR AUTO 21/50 PSA 9
,,,Richard Matic Chrome Autograph Yellow Refractor /75 PSA 10 (KK,2025 Bowman Richard Matic 1st Chrome Autograph Yellow Refractor /75 PSA 10 (KK
,,,Chrome Richard Matic AUTO #CPARM Gold Lava /50 PSA 10,2025 Bowman Chrome 1st Bowman Richard Matic AUTO #CPARM Gold Lava /50 PSA 10
,,,RICHARD MATIC Orange REPTILIAN Auto /25 PSA 9,2025 BOWMAN RICHARD MATIC  Orange REPTILIAN Auto /25 PSA 9 Yankees
58,,,58 Paper Riley Greene 5 Card Lot,2025 Bowman Paper Riley Greene Detroit Tigers #58  5 Card Lot
59,,,59 ð¥Riley Greene Bowmans Best Refractor,ð¥Riley Greene 2025 Bowmans Best #59 Refractor Tigers
59,,,59 /250 Best Riley Greene Purple Lazer Refractors,2025 Bowman's Best #59 Riley Greene Purple Lazer Refractors /250 Detroit Tigers
59,,,59 /99 Best Riley Greene Green .,2025 Bowman's Best #59 Riley Greene Green /99. Detroit Tigers
,,,Best Refractor Riley Greene 045/299,2025 Bowman's Best Refractor Riley Greene Detroit Tigers 045/299
59,,,59 /350 Best Riley Greene Lazer Refractors,2025 Bowman's Best #59 Riley Greene Lazer Refractors #/350
59,,,59 Best Riley Greene Refractors,2025 Bowman's Best #59 Riley Greene Refractors
,,,"Veteran & -You Pick- 1-100 **Buy More, Save More**","2025 Bowman Veteran & RC -You Pick- 1-100 **Buy More, Save More**"
,,,You Pick (1-100) Buy 5 Get 7 Free,2025 Bowman Baseball You Pick! (1-100) Buy 5 Get 7 Free!!!
59,,,59 /25 Best Riley Greene Orange Refractor,2025 Bowman's Best - Riley Greene #59 Orange Refractor /25
59,,,59 Best RILEY GREENE Refractor,2025 Bowman's Best #59 RILEY GREENE Refractor Tigers
59,,,59 Best Riley Greene Wave Refractor,2025 Bowman's Best - Riley Greene #59 Wave Refractor
59,,,59 /99 BEST RILEY GREENE GREEN MINI-DIAMOND REFRACTOR,2025 BOWMAN'S BEST RILEY GREENE #59 GREEN MINI-DIAMOND REFRACTOR /99 Detroit
59,,,59 /75 RILEY GREENE BEST YELLOW REFRACTORS,RILEY GREENE 2025 BOWMAN'S BEST YELLOW REFRACTORS 24/75 DETROIT TIGERS #59
,,,Best Riley Greene Blue Lazer /150,2025 Bowman's Best - Riley Greene - Blue Lazer /150
,,,RILEY GREENE BEST AQUA LAVA REFRACTOR /199,RILEY GREENE 2025 BOWMAN'S BEST AQUA LAVA REFRACTOR TIGERS /199
,,,Best BASE You Pick Complete Your Set,2025 Bowman's Best - BASE - You Pick Complete Your Set
,,,2019 Draft BD-50 Riley Greene Rookie~ GRADED GEM MINT PTA 10ð¥,2019 Bowman Draft BD-50 Riley Greene 1st Bowman Rookie~ GRADED GEM MINT PTA 10ð¥
59,,,59 Best Riley Greene Refractor,2025 Bowman's Best #59 Riley Greene Refractor
59,,,59 /150 Best Riley Greene Lazer Refractor,2025 Bowman's Best #59 Riley Greene Lazer Refractor /150
59,,,59 Best Riley Greene Wave Refractor,2025 Bowman's Best Riley Greene #59 Wave Refractor Tigers
59,,,59 /250 Best Riley Greene Purple Refractor,2025 Bowman's Best Riley Greene Purple Refractor 122/250 Tigers #59
,,,RILEY GREENE BEST MINI DIAMOND REFRACTOR /299,RILEY GREENE 2025 BOWMAN'S BEST MINI DIAMOND REFRACTOR TIGERS /299
,,,Bowmans Best Numbered Riley Greene /299,2025 Topps Bowmans Best Numbered Riley Greene Tigers /299
59,,,59 /250 Best Riley Greene Serial Numbered,2025 Topps Bowman's Best Riley Greene Tigers #59 Serial Numbered 14/250
,,,BEST RILEY GREENE PURPLE REFRACTOR /250,TOPPS 2025 BOWMAN'S BEST RILEY GREENE PURPLE REFRACTOR  /250 TIGERS
,,,"Veteran & -You Pick- 1-100 **Buy More, Save More**","2025 Bowman Veteran & RC -You Pick- 1-100 **Buy More, Save More**"
,,,You Pick (1-100) Buy 5 Get 7 Free,2025 Bowman Baseball You Pick! (1-100) Buy 5 Get 7 Free!!!
,,,& MLB RIVER RYAN LA INSERT & BASE ROOKIES 3 CARD LOT,2025 Topps & Bowman MLB RIVER RYAN LA DODGERS INSERT & BASE ROOKIES 3 CARD LOT
69,,,69 River Ryan ( ) {7 Card Special Lot},2025 Bowman River Ryan #69 (RC) Los Angeles Dodgers {7 Card Special Lot}
,,,1-100 Complete Your Set Singles,2025 Bowman 1-100 Complete Your Set Singles
,,,Mega Orange /25 Robert Calaz #BMA- PSA 10,2025 Bowman Mega Orange /25 Robert Calaz #BMA-RC PSA 10
1,,,1 Paper -150: You Pick- Complete Your Set,2025 Bowman Baseball Paper Prospects #1-150: You Pick- Complete Your Set
1,,,1 Paper -150 Choose your card 2 CARD MINIMUM,2025 Bowman Paper Prospects #1-150 - Choose your card!  2 CARD MINIMUM!
,,,2024 Chrome Robert Calaz Gold Mega Box Auto /50 PSA/DNA 10 Gem Mint,2024 Bowman Chrome Robert Calaz Gold Mega Box Auto /50 PSA/DNA 10 Gem Mint
BCP-1,,,BCP-1 Chrome to BCP-252 You Pick 2 Card Minimum,2025 Bowman Chrome Prospects BCP-1 to BCP-252 You Pick - 2 Card Minimum
,,,BEST ROBERT CALAZ PATCH AUTO #PPA- 15/50,TOPPS 2025 BOWMAN'S BEST ROBERT CALAZ PROSPECT PATCH AUTO #PPA-RC 15/50 ROCKIES
,,,Best Patch Autograph Robert Calaz #20/50,Topps Bowman's Best Prospect Patch Autograph Robert Calaz #20/50 Rockies
,,,Best Rookie Roki Sasaki Lot Refractor /250 6 cards,Topps Bowman's Best 2025 Dodgers Rookie Roki Sasaki Lot Refractor  /250 6 cards
,,,Chrome Roki Sasaki Autograph Relic Gold /50 PSA 8 Auto 10 Rookie RPA,2025 Bowman Chrome Roki Sasaki Autograph Relic Gold /50 PSA 8 Auto 10 Rookie RPA
,,,Best BEST-TEK SSP Roki Sasaki Gold /50,2025 Bowman's Best BEST-TEK SSP Roki Sasaki Gold /50 RC Los Angeles Dodgers
,,,Best Circuitry Roki Sasaki #C-24 Lava Refractor /50 ( ),2025 Bowman's Best - Circuitry Roki Sasaki #C-24 Lava Refractor /50 (RC)
,,,Best Roki Sasaki Blue Refractor Rookie Autograph B25-RS /150,2025 Topps Bowman's Best Roki Sasaki Blue Refractor Rookie Autograph B25-RS /150
,,,Chrome ROKI SASAKI Max Volume #MV-1 Rookie Refractor,2025 Bowman Chrome ROKI SASAKI Max Volume #MV-1 Dodgers Rookie Refractor
,,,Chrome Roki Sasaki Autograph Relic Gold /50 PSA 8 Auto 10 Rookie,2025 Bowman Chrome Roki Sasaki Autograph Relic Gold /50 PSA 8 Auto 10 Rookie
12,,,12 /75 Roki Sasaki Yellow Pattern PSA 10 Gem Mint,Roki Sasaki 2025 Bowman Yellow Pattern /75 RC #12 PSA 10 Gem Mint Dodgers
,,,Chrome Roki Sasaki #12 Yellow Refractor 75/75 PSA 10,2025 Bowman Chrome Roki Sasaki #12 Yellow Refractor 75/75 RC Dodgers PSA 10
,,,Roki Sasaki Chrome M/B Aqua Refractor 102/299 Rookie PSA MT 9,Roki Sasaki 2025 Bowman Chrome M/B Aqua Refractor  102/299 Rookie RC PSA MT 9!
,,,Best Circuitry Roki Sasaki #C-24 ( ),2025 Bowman's Best - Circuitry Roki Sasaki #C-24 (RC)
,,,Roki Sasaki PSA 9 Chrome #12 Rookie,Roki Sasaki PSA 9 2025 Bowman Chrome #12 Rookie RC Dodgers
,,,Chrome Roli Sasaki Rookie Auto Psa 9 Auto 10,2025 Bowman Chrome Roli Sasaki Rookie Auto Psa 9 Auto 10
GL-23,,,GL-23 Graded Roki Sasaki # Greatness Loading PSA 10,Graded 2025 Topps Bowman Roki Sasaki #GL23 Greatness Loading Rookie Card PSA 10
BP-23,,,BP-23 Best Performance Mini Diamond Roki Sasaki,2025 Bowman's Best Performance Mini Diamond Roki Sasaki RC #BP-23
,,,Roki Sasaki Chrome Rookie Autograph Refractor /499 PSA 9,Roki Sasaki - 2025 Bowman Chrome  - Rookie Autograph - Refractor /499 - PSA 9
,,,Roki Sasaki Best ShowPieces Refractor LA Rookie,Roki Sasaki 2025 Bowman's Best ShowPieces Refractor LA Dodgers Rookie RC
12,,,12 ETCHED IN GLASS VARIATION ROKI SASAKI PSA 10,2025 BOWMAN ETCHED IN GLASS VARIATION #12 ROKI SASAKI PSA 10
,,,Roki Sasaki #BCAR-RS Chrome Relic Gold Refractor 44/50 ( ) PSA 8,Roki Sasaki 2025 Bowman #BCAR-RS Chrome Relic Gold Refractor 44/50 (RC) PSA 8
12,,,12 /75 Roki Sasaki Yellow Pattern ( ) PSA 10 Low Pop,2025 Bowman - Roki Sasaki #12 Yellow Pattern /75 (RC) PSA 10 Low Pop
,,,Chrome Roki Sasaki #12 SP Rookie Red Variation PSA 10,2025 Bowman Chrome - Roki Sasaki #12 SP Rookie Red RC Variation PSA 10
ROY-10,,,ROY-10 ROKI SASAKI ROOKIE OF THE YEAR FAVORITES PSA 9,2025 Bowman ROKI SASAKI RC Dodgers ROOKIE OF THE YEAR FAVORITES #ROY-10 PSA 9
,,,ROKI SASAKI CHROME MEGA BOX PSA 10. .,ROKI SASAKI 2025 BOWMAN CHROME MEGA BOX RC PSA 10. DODGERS.
,,,Chrome #12 Roki Sasaki Geometric Refractor /499 PSA 10,2025 Bowman Chrome #12 Roki Sasaki Geometric Refractor /499 RC PSA 10
,,,Chrome Roki Sasaki Rookie /25 Orange Geometric PSA 9,2025 Bowman Chrome Roki Sasaki Rookie /25 Orange Geometric Dodgers RC PSA 9
,,,Best Roki Sasaki Rookie,2025 Bowman's Best Roki Sasaki Rookie Dodgers - RC
,,,Best Roki Sasaki Showpieces Refractor SP Rookie,2025 Bowman's Best - Roki Sasaki Showpieces Refractor RC Dodgers SP Rookie
,,,Roki Sasaki Bowmans Best Of Auto #B25-RS ð¥ð¥,Roki Sasaki 2025 Bowmans Best Of 2025 Auto #B25-RS Rookie Card ð¥ð¥
,,,Bowmans Best Circuitry Lot of 8 (Roki Sasaki Diamond Refractor),Bowmans Best 2025 Circuitry - Lot of 8 (Roki Sasaki Diamond Refractor)
,,,Best Best of Autographs Roki Sasaki #B25-RS Blue Refractor,2025 Bowman's Best - Best of 2025 Autographs Roki Sasaki #B25-RS Blue Refractor
,,,Best Roman Anthony Top Blue X-Fractor #/150,2025 Bowman's Best Roman Anthony Top Prospects Blue X-Fractor #/150 Red Sox
BCP-167,,,BCP-167 Chrome /199 ROMAN ANTHONY Pink Mojo Refractor PSA,2025 Bowman Chrome Prospects ROMAN ANTHONY #BCP-167 Pink Mojo Refractor /199 PSA
,,,Chrome Roman Anthony Melt Mashers Gold /50 #MM-13,2025 Bowman Chrome Roman Anthony Melt Mashers Gold /50 #MM-13 Boston Red Sox
,,,Chrome Roman Anthony Max Volume Refractor #MV-8,2025 Bowman Chrome Baseball Roman Anthony Max Volume Refractor #MV-8 RED SOX
,,,Chrome Roman Anthony Purple Pulsar Refractor /250 PSA 10,2025 Bowman Chrome Prospects Roman Anthony Purple Pulsar Refractor /250 PSA 10
,,,Roman Anthony Best Top Refractor #TP-16,Roman Anthony Rookie Card RC 2025 Bowman's Best Top Prospects Refractor #TP-16
,,,Best BASE You Pick Complete Your Set,2025 Bowman's Best - BASE - You Pick Complete Your Set
,,,Bowmanâs Best Top Roman Anthony Refractor ~ GEM MINT PTA 10ð¥,2025 Bowmanâs Best Top Prospects Roman Anthony Refractor ~ GEM MINT PTA 10ð¥
,,,Best Top Roman Anthony #TP-16 Refractor ( ),2025 Bowman's Best - Top Prospects Roman Anthony #TP-16 Refractor (RC)
,,,Chrome Roman Anthony Purple Geometric PSA 9ð¥ð¥,2025 Bowman Chrome Roman Anthony Prospects Purple Geometric PSA 9ð¥ð¥
,,,Roman Anthony Best Purple Refractors SP #/250 #TP-16,Roman Anthony 2025 Bowman's Best Purple Refractors SP #/250 #TP-16
,,,Roman Anthony Best #TP-16,Roman Anthony 2025 Bowman's Best #TP-16 Boston Red Sox
,,,Best #TP-16 Roman Anthony Chrome Refractor,2025 Bowman's Best - #TP-16 Roman Anthony Chrome Refractor - Red Sox
,,,Best Top Roman Anthony #TP-16 Blue Refractor /150 ( ),2025 Bowman's Best - Top Prospects Roman Anthony #TP-16 Blue Refractor /150 (RC)
BCP-167,,,BCP-167 Chrome Roman Anthony Rookie Card Gem Mint 10,2025 Bowman Chrome Roman Anthony Rookie Prospect Card #BCP-167 Gem Mint 10
,,,ROMAN ANTHONY Chrome Melt Mashers Refractor Insert #MM-13,ROMAN ANTHONY 2025 Bowman Chrome - Melt Mashers Refractor RC Insert #MM-13
,,,Best Roman Anthony Top Purple Mojo /250 #TP-16,2025 Bowman's Best Roman Anthony Top Prospects Purple Mojo /250 #TP-16 Red Sox
,,,Best Roman Anthony Top Purple Refractor /250 #TP-16,2025 Bowman's Best Roman Anthony Top Prospects Purple Refractor /250 Sox #TP-16
,,,Chrome Mega Box Roman Anthony #MR-25 Meteoric Rise Mojo Refractor,2025 Bowman Chrome Mega Box Roman Anthony #MR-25 Meteoric Rise Mojo Refractor
BP-3,,,BP-3 Paper Romeo Sanabria 5 Card Lot,2025 Bowman Prospect Paper Romeo Sanabria San Diego Padres #BP-3 5 Card Lot
,,,ð ROMEO SANABRIA CHROME RED GEOMETRIC /5 PSA 10 ð,ð ROMEO SANABRIA 2025 BOWMAN CHROME 1ST RED GEOMETRIC /5 PSA 10  PADRES ð
BP-3,,,BP-3 Romeo Sanabria Paper Lot Of 10 SD Padresð¥ð¥,2025 Bowman Romeo Sanabria 1st Paper Prospects Lot Of 10 BP-3 SD Padresð¥ð¥
,,,PSA 10 ROMEO SANABRIA Chrome ORANGE REPTILIAN REFRACTOR/25 GEM MINT,PSA 10 ROMEO SANABRIA 2025 Bowman Chrome ORANGE REPTILIAN REFRACTOR/25 GEM MINT
BCP-1,,,BCP-1 Chrome to BCP-252 You Pick 2 Card Minimum,2025 Bowman Chrome Prospects BCP-1 to BCP-252 You Pick - 2 Card Minimum
,,,Best Ronald AcuÃ±a Jr. /299 & Pixel Lot of 5,Topps Bowman's Best 2025 Braves Ronald AcuÃ±a Jr. /299 & Pixel Lot of 5
,,,Ronald AcuÃ±a Jr. Lot (6) Bowmanâs Best â Inserts & Chrome,Ronald AcuÃ±a Jr. Lot (6) 2025 Bowmanâs Best â Inserts & Chrome
,,,Ronald Acuna Jr. Graded 10 Gem Mint,2025 Bowman Ronald Acuna Jr. Graded 10 Gem Mint Atlanta Braves
BP-24,,,BP-24 Best Best Performances Ronald AcuÃ±a Jr.,Topps 2025 Bowman's Best Best Performances Ronald AcuÃ±a Jr. BP-24 Braves
BP-24,,,BP-24 Best Best Performances Ronald AcuÃ±a Jr.,2025 Bowman's Best - Best Performances Ronald AcuÃ±a Jr. #BP-24
,,,Best Ronald Acuna Jr. #SG-13 Strokes of Gold SSP,2025 Bowman's Best Ronald Acuna Jr. #SG-13 Strokes of Gold SSP Braves
,,,Best #P-5 Ronald AcuÃ±a Jr. Pixel Portraits,2025 Bowman's Best #P-5 Ronald AcuÃ±a Jr. Pixel Portraits
13,,,13 Best Ronald AcuÃ±a Jr. Wave Refractors,2025 Bowman's Best #13 Ronald AcuÃ±a Jr. Wave Refractors
,,,Best Pixel Portraits Ronald AcuÃ±a Jr. P-5,Topps 2025 Bowman's Best Pixel Portraits Ronald AcuÃ±a Jr. P-5 Atlanta Braves
,,,"Best, Best Performance Ronald AcuÃ±a Jr. Mini Diamonds","2025 Topps Bowman's Best,  Best Performance Ronald AcuÃ±a Jr.  Mini Diamonds"
,,,Best Strokes of Gold Ronald AcuÃ±a Jr. SG-13,Topps 2025 Bowman's Best Strokes of Gold Ronald AcuÃ±a Jr. SG-13 Atlanta Braves
21,,,21 Ronald AcuÃ±a Jr. (25) Card Lot,2025 Bowman Ronald AcuÃ±a Jr. (25) Card Lot Braves #21
,,,Chrome Meteoric Rise Ronald AcuÃ±a Jr. #MR-24 Mojo Refractor,2025 Bowman Chrome - Meteoric Rise Ronald AcuÃ±a Jr. #MR-24 Mojo Refractor
BP-24,,,BP-24 Best Best Performance Insert Ronald AcuÃ±a Jr.,Topps 2025 Bowman's Best Best Performance Insert Ronald AcuÃ±a Jr. Braves BP-24
,,,Chrome Adios Ronald AcuÃ±a Jr. #AD-14,2025 Bowman Chrome - Adios Ronald AcuÃ±a Jr. #AD-14
BTP-86,,,BTP-86 SCOUTS' TOP 100 # RYAN CLIFFORD PSA 7,2025 BOWMAN SCOUTS' TOP 100 #BTP86 RYAN CLIFFORD PSA 7
BTP-86,,,BTP-86 RYAN CLIFFORD SCOUTS TOP 100 Lot 16,RYAN CLIFFORD 2025 Bowman SCOUTS TOP 100 PROSPECT #BTP-86 - New York Mets Lot 16
BTP-86,,,BTP-86 RYAN CLIFFORD SCOUTS TOP 100 & Astros Lot 13,RYAN CLIFFORD 2025 Bowman SCOUTS TOP 100 PROSPECT #BTP-86 - Mets & Astros Lot 13
,,,inserts Singles You Pick Complete your set,2025 Bowman inserts Singles You Pick Complete your set !
,,,Top 100 Inserts (You Pick),2025 Bowman Baseball - Top 100 Prospects Inserts (You Pick)
,,,"2024 Best Ryan Clifford #B24- Auto ( , AU)","2024 Bowman's Best - Ryan Clifford #B24-RC - Auto (RC, AU)"
,,,"Salvador Perez PSA 10 - To Cooperstown, 5 Gold Gloves","Salvador Perez PSA 10 - 2025 Bowman -Royals To Cooperstown, 5 Gold Gloves"
,,,Chrome (#1 #100) You Pick- Volume Discount,2025 Bowman Chrome (#1 - #100) - You Pick- Volume Discount
,,,"4 Card Lot Salvador Perez Gold /50, Gonzales Blue Bandana & 2 /499","2025 Bowman 4 Card Lot Salvador Perez Gold /50, Gonzales Blue Bandana & 2 /499"
,,,You Pick (1-100) Buy 5 Get 7 Free,2025 Bowman Baseball You Pick! (1-100) Buy 5 Get 7 Free!!!
BPA-SS,,,BPA-SS Draft Paper Sam Stuhr Rookie Auto #,2025 Bowman Draft Paper Prospect Sam Stuhr Rookie Auto RC 1st #BPA-SS Athletics
,,,Autographs Sam Stuhr Green Color Match PSA 9 /99 POP 1,2025 Bowman Prospect Autographs Sam Stuhr Green Color Match PSA 9 /99 POP 1
BP-50,,,BP-50 Paper Sammy Hernandez 5 Card Lot,2025 Bowman Prospect Paper Sammy Hernandez Cardinals #BP-50 5 Card Lot
,,,Draft SAMMY HERNANDEZ Green Paper /399,2025 Bowman Draft 1st SAMMY HERNANDEZ Green Paper /399
BP-50,,,BP-50 Sammy Hernandez Paper Lot Of 10 Cardinalsð¥ð¥,2025 Bowman Sammy Hernandez 1st Paper Prospects Lot Of 10 BP-50 Cardinalsð¥ð¥
BP-1,,,BP-1 (Paper) # thru #BP150 You Pick & Free CHEAP,2025 Bowman Prospects (Paper) #BP1 thru #BP150 You Pick & Free Shipping CHEAP
,,,(1-150) You Pick Buy 5 Get 7 Free,2025 Bowman Baseball Prospects (1-150) You Pick! Buy 5 Get 7 Free!!!
,,,Sammy Hernandez Red Reptilian 4/5 PSA 9,Sammy Hernandez 2025 Bowman 1st Bowman Red Reptilian 4/5 Cardinals PSA 9
BCP-66,,,BCP-66 Chrome /5 Sammy Hernandez Snackpack Popcorn Refractor PSA 10,2025 Bowman Chrome Sammy Hernandez Snackpack Popcorn Refractor /5 PSA 10 BCP-66
BCP-1,,,BCP-1 Chrome to BCP-252 You Pick 2 Card Minimum,2025 Bowman Chrome Prospects BCP-1 to BCP-252 You Pick - 2 Card Minimum
,,,Draft #187 Sammy Stafura,2025 Bowman Draft #187 Sammy Stafura PIRATES
,,,*FREE CHEAP * Draft- Complete Your Set Pick Your Player,*FREE SHIPPING! CHEAP!* 2025 Bowman Draft- Complete Your Set - Pick Your Player
,,,Draft #BDC-187 Sammy Stafura Chrome Fuchsia Reptilian Refractor,2025 Bowman Draft #BDC-187 Sammy Stafura Chrome Fuchsia Reptilian Refractor
,,,Sammy Stafura Draft Sapphire Gold Refractor /75 #BDC-187 â,Sammy Stafura 2025 Bowman Draft Sapphire Gold Refractor /75 #BDC-187 â Pirates
,,,Draft Chrome SAMMY STAFURA Refractor #BDC-187,2025 Bowman Draft Chrome  SAMMY STAFURA  Refractor  #BDC-187
,,,Draft Sammy Stafura BCD-187 Green Reptilian 90/99,2025 Bowman Draft Sammy Stafura BCD-187 Green Reptilian 90/99 Pirates Prospect
,,,Draft #BDC-187 Sammy Stafura Chrome Refractor,2025 Bowman Draft #BDC-187 Sammy Stafura Chrome Refractor
,,,SAMMY STAFURA DRAFT GREEN REPTILIAN REFRACTOR /99,SAMMY STAFURA 2025 TOPPS BOWMAN DRAFT GREEN REPTILIAN REFRACTOR /99
,,,"Draft Chrome BDC-187 Sammy Stafura,","2025 Bowman Draft Chrome BDC-187 Sammy Stafura, Pittsburgh Pirates"
1,,,1 Draft Paper -200: You Pick- Complete Your Set,2025 Bowman Draft Baseball Paper #1-200: You Pick- Complete Your Set
,,,Draft Sammy Stafura #BD-187 Gold Paper /50,2025 Bowman Draft Sammy Stafura #BD-187 Gold Paper /50 Pirates
,,,Draft Sammy Stafura #BDC-187 Steel Metal Refractor /100,2025 Bowman Draft Sammy Stafura #BDC-187 Steel Metal Refractor /100
BCP-100,,,BCP-100 Chrome Sammy Stafura Reptilian Refractor PSA 10,2025 Bowman - Chrome Prospects Sammy Stafura #BCP-100 Reptilian Refractor PSA 10
,,,Draft PICK YOUR CARD BULK SAVINGS,2025 Bowman Draft Baseball  - PICK YOUR CARD - BULK SAVINGS
,,,Draft- Complete Your Set Pick Your Player Volume Pricing,2025 Bowman Draft- Complete Your Set - Pick Your Player - Volume Pricing! 1st
,,,YOU PICK Draft Chrome Base Cards BDC 1-200 â3⁄4ï ̧,YOU PICK - 2025 Bowman Draft Baseball Chrome Base Cards BDC 1-200 â¾ï¸
,,,Sammy Stafura Draft Paper Sky Blue Border /499,Sammy Stafura 2025 Bowman Draft Prospect Paper Sky Blue Border /499
,,,Draft Sammy Stafura True Orange Refractor /25,2025 Bowman Draft Sammy Stafura True Orange Refractor /25
,,,Draft Paper (BD1-BD200): YOU PICK Complete Your Set 50% off 4+,2025 Bowman Draft Paper (BD1-BD200): YOU PICK Complete Your Set - 50% off 4+
,,,Draft #BDC-187 Sammy Stafura Chrome Green Refractor #/99,2025 Bowman Draft #BDC-187 Sammy Stafura Chrome Green Refractor #/99
1,,,1 Draft Paper Base Pick Your Card -200,2025 Bowman Draft Baseball Paper Base Pick Your Card # 1-200
,,,Draft Sammy Stafura Orange #'d /25,2025 Bowman Draft Prospects Sammy Stafura Orange #'d /25
CPA-SS,,,CPA-SS /10 Sammy Stafura Black X-Fractor Autograph # Psa 10,2025 Bowman Sammy Stafura 1st Black X-Fractor Autograph /10 #CPA-SS Psa 10
,,,Sammy Stafura /199 Draft Chrome Purple Reptilian #BDC-187 B5,Sammy Stafura /199 2025 Topps Bowman Draft Chrome Purple Reptilian #BDC-187 B5
BP-109,,,BP-109 Samuel Basallo Rookie GMG Graded 10 Gem Mint ð,2025 Bowman Samuel Basallo Rookie GMG Graded 10 Gem Mint ð #BP-109 Orioles RC
,,,Chrome Samuel Basallo Green Shimmer Ref 67/99 PSA 10,2025 Bowman Chrome Prospects Samuel Basallo Green Shimmer Ref  67/99    PSA 10
BCP-109,,,BCP-109 Chrome /99 Samuel Basallo Green Reptilian Ref PSA 10,2025 Bowman Chrome Samuel Basallo BCP-109 Green Reptilian Ref  35/99    PSA 10
,,,Chrome Sapphire Selections Samuel Basallo #BSS-16 PSA 10 GEM MT,2025 Bowman Chrome Sapphire Selections Samuel Basallo #BSS-16 PSA 10 GEM MT
BP-109,,,BP-109 Lot (6) of Samuel Basallo #,Lot (6) of Samuel Basallo 2025 Bowman Prospects #BP109 Orioles
BPA-SB,,,BPA-SB /250 Best Best Performance Samuel Basallo,Topps 2025 Bowman's Best Best Performance Samuel Basallo #BPA-SB /250 Orioles
,,,Samuel Basallo VIP Orange Color Match Refractor Auto /25 PSA 9,2025 Bowman Samuel Basallo VIP Orange Color Match Refractor RC Auto /25 PSA 9
,,,Chrome Samuel Basallo Melt Mashers Gold Refractor /50 PSA 10 GEM MIN,2025 Bowman Chrome Samuel Basallo Melt Mashers Gold Refractor /50 PSA 10 GEM MIN
BPA-SB,,,BPA-SB /250 Best-Best Performance Autograph-Samuel Basallo,2025 Bowman's Best-Best Performance Autograph-Samuel Basallo #BPA-SB /250
BP-109,,,BP-109 /25 Samuel Basallo Orange ..PSA 9,2025 Bowman Samuel Basallo #BP-109 Orange 24/25  ..PSA 9
BP-142,,,BP-142 Paper Santiago Suarez 5 Card Lot,2025 Bowman Prospect Paper Santiago Suarez Tampa Bay Rays #BP-142 5 Card Lot
BP-142,,,BP-142 Santiago Suarez Paper Lot Of 10,2025 Bowman  Santiago Suarez 1st Paper Prospects Lot Of 10 BP-142 Tampa Bay Rays
BCP-142,,,BCP-142 /4 â3⁄4 Santiago Suarez Orange Sapphire /25 PSA 10 â3⁄4,â¾ Santiago Suarez Orange Sapphire /25 PSA 10 â¾ 2025 Bowman BCP-142
BCP-142,,,BCP-142 Chrome /50 Santiago Suarez Gold Shimmer Refractor PSA 10,2025 Bowman Santiago Suarez Chrome Gold Shimmer Refractor #/50 PSA 10 #BCP-142
1,,,1 Paper -150: You Pick- Complete Your Set,2025 Bowman Baseball Paper Prospects #1-150: You Pick- Complete Your Set
BP-142,,,BP-142 (5) Paper Base card Lot Santiago Suarez,2025 Bowman (5) Paper Base card Lot #BP-142 Santiago Suarez Rays
BP-142,,,BP-142 Santiago Suarez (25) Lot,2025 Bowman Santiago Suarez (25) 1st Bowman Lot Rays #BP-142
BCP-89,,,BCP-89 Chrome Sean Keys Lot Of 4,Sean Keys 1st Prospect 2025 Bowman Chrome #BCP-89 Toronto Blue Jays Lot Of 4
,,,"Sean Keys Lot (8) True Blue Refractor /150, 6 Base","2025 Bowman Blue Jays Sean Keys 1st Lot (8) - True Blue Refractor /150, 6 Base"
,,,Sean Keys #B25-SK Best Autograph,Sean Keys #B25-SK 2025 Bowman's Best Autograph
,,,(1-150) You Pick Buy 5 Get 7 Free,2025 Bowman Baseball Prospects (1-150) You Pick! Buy 5 Get 7 Free!!!
,,,"Best Best of Autographs Sean Keys #B25-SK Refractor (AU,...","2025 Bowman's Best - Best of 2025 Autographs Sean Keys #B25-SK Refractor (AU,..."
BP-89,,,BP-89 Sean Keys (25) Lot,2025 Bowman Sean Keys (25) 1st Bowman Lot Blue Jays #BP-89
,,,Best #B25-SK Sean Keys Best Of Autograph,2025 Bowman's Best #B25-SK Sean Keys Best Of 2025 Autograph!
,,,Chrome Sean Keys Rookie Speckle Refractor Auto /299 PSA 9,2025 Bowman Chrome Sean Keys 1st RC  Rookie Speckle Refractor Auto /299 PSA 9
1,,,1 2026 Paper -150: You Pick Complete Your Set -PreSale,2026 Bowman Baseball Paper Prospects #1-150: You Pick Complete Your Set -PreSale
,,,(1-150) You Pick Buy 5 Get 7 Free,2025 Bowman Baseball Prospects (1-150) You Pick! Buy 5 Get 7 Free!!!
BCP-93,,,"BCP-93 Chrome SEAVER KING 6 card Lot: 1 Top 100, 5","SEAVER KING 2025 Bowman 6 card Lot: 1 Top 100, 5 Chrome #BCP-93 Nationals"
,,,Best Patch Autograph Seaver King /25,Topps 2025 Bowman's Best Prospect Patch Autograph Seaver King /25
,,,SEAVER KING Best Orange Patch Auto /25,SEAVER KING 2025 Bowman's Best Prospect Orange Patch Auto /25 Nationals
,,,Sebastian Walcott Green Grass Refractor #'d /99 PSA 9 MINT,2025 Bowman Sebastian Walcott Green Grass Refractor #'d /99 - PSA 9 MINT
,,,Best Sebastian Walcott 5 Card Lot MLB,Topps Bowman's Best 2025 Texas Rangers Sebastian Walcott 5 Card Lot MLB
,,,Draft #BDC-169 Sebastian Walcott Chrome Blue Geometric /150,2025 Bowman Draft #BDC-169 Sebastian Walcott Chrome Blue Geometric /150
CPA-SW,,,CPA-SW /150 SEBASTIAN WALCOTT # HTA Choice Mojo Refractor Auto PSA 9,SEBASTIAN WALCOTT 2025 Bowman #CPA-SW HTA Choice Mojo Refractor Auto /150 PSA 9
CPA-SW,,,CPA-SW /50 SEBASTIAN WALCOTT # Gold Lava Refractor Auto PSA 9,SEBASTIAN WALCOTT 2025 Bowman #CPA-SW Gold Lava Refractor Auto /50 PSA 9
,,,Best Sebastian Walcott Refractor Blue X-Fractor #/150,2025 Bowman's Best Sebastian Walcott Prospect Refractor Blue X-Fractor #/150
,,,Chrome Sebastian Walcott Rose Gold Refractor SSP /15 PSA 10 POP 4,2025 Bowman Chrome Sebastian Walcott Rose Gold Refractor  SSP /15 PSA 10 POP 4
,,,"Sebastian Walcott Mega Lot (20) Draft Yellow /75, Green /99 Inserts","Sebastian Walcott Mega Lot (20) 2025 Bowman Draft Yellow /75, Green /99 Inserts"
,,,Best Top Sebastian Walcott #TP-25 Aqua Refractor /199,2025 Bowman's Best - Top Prospects Sebastian Walcott #TP-25 Aqua Refractor /199
,,,Chrome Sebastian Walcott Refractor Auto #âd /499 PSA 9,2025 Bowman Chrome Prospects Sebastian Walcott Refractor Auto #âd /499 PSA 9
,,,Sebastian Walcott Chrome #IT-1 It Came To The League,Sebastian Walcott 2025 Bowman Chrome #IT-1 It Came To The League
BCP-133,,,BCP-133 Chrome Pros Sebastian Walcott Reptilian PSA 9,2025 Bowman Chrome Pros Sebastian Walcott #BCP-133 Reptilian PSA 9 RC Rangers
,,,SEBASTIAN WALCOTT BEST Diamond #FG-17 All Star Future Game,SEBASTIAN WALCOTT 2025 BOWMAN'S BEST Diamond #FG-17 All Star Future Game
,,,Draft Sebastian Walcott Final Draft Case Hit SSP #FD-8,2025 Bowman Draft Sebastian Walcott Final Draft Case Hit SSP #FD-8
,,,Sebastian Walcott Draft SSP Crystallized Orange #23/25,Sebastian Walcott 2025 Bowman Draft SSP Texas Rangers Crystallized Orange #23/25
,,,ð¥ Chrome Auto Mini-Diamond /100 Sebastian Walcott PSA 10,ð¥2025 Bowman Chrome Auto Mini-Diamond /100 Sebastian Walcott PSA 10 Rangers
,,,Sebastian Walcott Chrome Orange /25 PSA 10,Sebastian Walcott 2025 Bowman Chrome 1st Orange /25 PSA 10 Texas Rangers
,,,Chrome Sebastian Walcott AUTO /250 Purple Refractor PSA 9 MINT CPASW,2025 Bowman Chrome Sebastian Walcott AUTO /250 Purple Refractor PSA 9 MINT CPASW
,,,Sebastian Walcott Draft Orange Border /25,Sebastian Walcott 2025 Bowman Draft Baseball Orange Border /25 Rangers
,,,Draft Sapphire Sebastian Walcott Gold Refractor #/50,2025 Bowman Draft Sapphire Sebastian Walcott Prospect Gold Refractor #/50
,,,CHROME SEBASTIAN WALCOTT BLUE REFRACTOR /150 PSA 10 (POP 1),2025 BOWMAN CHROME  - SEBASTIAN WALCOTT BLUE REFRACTOR /150 - PSA 10 (POP 1)
,,,Draft Fuchsia Reptilian Refractor /199 Sebastian Walcott,2025 Bowman Draft Fuchsia Reptilian Refractor  /199 Sebastian Walcott
,,,Sapphire Sebastian Walcott Selections Orange /25 BSS10 PSA 10 GEM,2025 Bowman Sapphire Sebastian Walcott Selections Orange /25 RC BSS10 PSA 10 GEM
,,,DRAFT SAPPHIRE SEBASTIAN WALCOTT GOLD REFRACTOR # 20/50,2025 BOWMAN DRAFT SAPPHIRE SEBASTIAN WALCOTT RC GOLD REFRACTOR # 20/50 RANGERS
,,,DRAFT SAPPHIRE SEBASTIAN WALCOTT ORANGE REFRACTOR # 19/25,2025 BOWMAN DRAFT SAPPHIRE SEBASTIAN WALCOTT RC ORANGE REFRACTOR # 19/25 RANGERS
,,,Chrome Sapphire Sebastian Walcott BLACK PSA 9 10/10,2025 Bowman Chrome Sapphire Sebastian Walcott Rangers BLACK PSA 9 10/10
,,,Draft Sebastian Walcott Aqua Wave /125 #BDC-169,2025 Bowman Draft Sebastian Walcott Aqua Wave /125 Rangers #BDC-169
,,,99 Cents Cards KC You Pick The Players Updated 11-18-25,99 Cents Baseball Cards KC Royals You Pick The Players! Updated 11-18-25
,,,2021-2026 & Panini TARIK SKUBAL CHOOSE YOUR CARD (RCs),2021-2026 Topps & Panini TARIK SKUBAL Detroit Tigers CHOOSE YOUR CARD (RCs)
,,,Chrome Set Singles You PICK Complete your set #1-149,2025 Topps Chrome Baseball Set Singles You PICK Complete your set #1-149
,,,Chrome X-Fractor PICK YOUR PERSON,2025 Topps Chrome X-Fractor Prospects - PICK YOUR PERSON!
,,,(70) Seth Lugo Card LOT 2024 Chrome Refractor + Gold Foil + Heritage,(70) Seth Lugo Card LOT 2024 Topps Chrome Refractor + Gold Foil + Heritage 2025
,,,Cards Choose from 100s Player Qty Discount Pt 24,Kansas City Royals Baseball Cards - Choose from 100s Player Qty Discount - Pt 24
,,,Archives Shane McClanahan Auto ROOKIE /25 SP 2018 Draft,2025 Topps Archives Shane McClanahan 1st Auto RC ROOKIE /25 SP 2018 Bowman Draft
,,,Archives SHANE MCCLANAHAN ROOKIE AUTO /25 2020 Chrome PSA 8,2025 Topps Archives SHANE MCCLANAHAN RC ROOKIE AUTO /25 2020 Bowman Chrome PSA 8
,,,ARCHIVES SHANE MCCLANAHAN ROOKIE AUTO 1/1 2021 Chrome PSA 9,2025 TOPPS ARCHIVES SHANE MCCLANAHAN RC ROOKIE AUTO 1/1 2021 Bowman Chrome PSA 9
,,,You Pick (1-100) Buy 5 Get 7 Free,2025 Bowman Baseball You Pick! (1-100) Buy 5 Get 7 Free!!!
48,,,48 /125 BLUE PATTERN SHANE MCCLANAHAN PSA 10,2025 BOWMAN BLUE PATTERN #48 SHANE MCCLANAHAN 105/125 PSA 10
,,,Shay Whitcomb Base Paper Lot Of 8,2025 Bowman Baseball Shay Whitcomb Base RC Paper Lot Of 8 Houston Astros
47,,,47 Shay Whitcomb RED ROOKIE REDEMPTION PSA 8 NM-MT Astros,2025 Bowman Shay Whitcomb RED ROOKIE REDEMPTION RC PSA 8 NM-MT #47 Astros
,,,You Pick (1-100) Buy 5 Get 7 Free,2025 Bowman Baseball You Pick! (1-100) Buy 5 Get 7 Free!!!
CRA-SW,,,CRA-SW /50 Shay Whitcomb # True Gold Auto PSA 9,2025 Bowman - Shay Whitcomb #CRA-SW True Gold Auto /50 - PSA 9
47,,,47 Shay Whitcomb True Rookie ~GEM MINT PTA 10ð¥,2025 Bowman #47 Shay Whitcomb True Rookie Houston Astros ~GEM MINT PTA 10ð¥
47,,,47 Shay Whitcomb (25) Card Rookie Lot Astros,2025 Bowman Shay Whitcomb (25) Card Rookie RC Lot Astros #47
,,,Chrome Rookie Auto Shay Whitcomb True Red /5 PSA 9,2025 Bowman Chrome Rookie Auto Shay Whitcomb True Red /5 PSA 9
,,,Shohei Ohtani Bowmanâs Best Showpieces Lava /50 PSA 10 POP 3 ð¥,Shohei Ohtani 2025 Bowmanâs Best Showpieces Lava /50 PSA 10 POP 3 ð¥ Dodgers
,,,Chrome Shohei Ohtani #17 Mega Box Mojo Refractor PSA 9 MLB,2025 Bowman Chrome Shohei Ohtani #17 Dodgers Mega Box Mojo Refractor PSA 9 MLB
46,,,46 BEST SHOHEI OHTANI QUANTITY,2025 BOWMAN'S BEST SHOHEI OHTANI #46 LOS ANGELES DODGERS QUANTITY
BS-12,,,BS-12 BEST SHOHEI OHTANI SHOWPIECES REFRACTOR A,2025 BOWMAN'S BEST SHOHEI OHTANI #BS-12 BOWMAN SHOWPIECES REFRACTOR DODGERS A
BS-12,,,BS-12 Best Showpieces Shohei Ohtani,2025 Bowman's Best - Bowman Showpieces Shohei Ohtani #BS-12
17,,,17 PSA 10 SHOHEI OHTANI Veterans LA MVP GEM MINT,PSA 10 SHOHEI OHTANI 2025 Bowman Veterans #17 LA DODGERS MVP GEM MINT
,,,Best Shohei Ohtani refractor Numbered #46 /250,Topps 2025 Bowman's Best Shohei Ohtani refractor Numbered #46  /250 Dodgers
,,,Chrome Shohei Ohtani #17 Fuchsia Refractor /299 PSA 9 Mint,2025 Bowman Chrome Shohei Ohtani #17 Fuchsia Refractor /299 PSA 9 Mint
,,,Best Circuitry Shohei Ohtani #C-14 MVP BEST PLAYER IN OUR LIFE,2025 Bowman's Best - Circuitry Shohei Ohtani #C-14 MVP! BEST PLAYER IN OUR LIFE!
,,,Bowmanâs Best Shohei Ohtani REFRACTOR ~ GEM MINT PTA 10ð¥,2025 Bowmanâs Best Baseball Shohei Ohtani REFRACTOR Dodgers~ GEM MINT PTA 10ð¥
,,,Best Circuitry Shohei Ohtani #C-14,2025 Bowman's Best - Circuitry Shohei Ohtani #C-14
46,,,46 /250 Best Shohei Ohtani Purple Lazer Refractor,2025 Bowman's Best #46 Shohei Ohtani Purple Lazer Refractor /250
46,,,46 Shohei Ohtani Best Base,Shohei Ohtani  -  2025 Bowman's Best  Base #46
,,,Best #C-14 Shohei Ohtani Circuitry Mini-Diamond Refractor,2025 Bowman's Best #C-14 Shohei Ohtani Circuitry Mini-Diamond Refractor
BA-16,,,BA-16 Chrome Ascensions Shohei Ohtani case hit,2025 Bowman Chrome - Bowman Ascensions Shohei Ohtani #BA-16 case hit
46,,,46 Best Shohei Ohtani Refractor,2025 Bowman's Best Shohei Ohtani Refractor #46 Los Angeles Dodgers
,,,Chrome Shohei Ohtani #MR-12 Mega Box Mojo Meteoric Rise NM,2025 Topps Bowman Chrome Shohei Ohtani #MR-12 Mega Box Mojo Meteoric Rise NM
46,,,46 Shohei Ohtani Best Refractor,Shohei Ohtani 2025 Bowman's Best Refractor #46 - Los Angeles Dodgers
,,,Chrome Adios Shohei Ohtani #AD-17 PSA 10,2025 Bowman Chrome - Adios Shohei Ohtani #AD-17 PSA 10
BS-12,,,BS-12 Best Showpieces Shohei Ohtani Mini-Diamond...,2025 Bowman's Best - Bowman Showpieces Shohei Ohtani #BS-12 Mini-Diamond...
46,,,46 Best Shohei Ohtani,2025 Bowman's Best - Shohei Ohtani #46
46,,,46 Best SHOHEI OHTANI ~,2025 Bowman's Best SHOHEI OHTANI #46 ~ Los Angeles Dodgers
BS-12,,,BS-12 Best Shohei Ohtani Showpieces,2025 Bowman's Best Shohei Ohtani #BS-12 Showpieces
,,,Chrome SHOTA Imanaga GPK AUTO SSP 01/10 Garbage Pail Kids SEALED ð3,2025 Bowman Chrome SHOTA Imanaga GPK AUTO SSP 01/10 Garbage Pail Kids SEALED ð³
,,,You Pick (1-100) Buy 5 Get 7 Free,2025 Bowman Baseball You Pick! (1-100) Buy 5 Get 7 Free!!!
1,,,1 SINGLES & ROOKIE CARDS THRU 00***YOU PICK***,2025 BOWMAN SINGLES & ROOKIE CARDS  #1 THRU #100***YOU PICK***
,,,Draft Slade Caldwell #BDC-152 Yellow Geometric /75,2025 Bowman Draft Slade Caldwell #BDC-152 Yellow Geometric /75
,,,Draft Chrome #BDC-152 Slade Caldwell Green Geometric/99 Arizona,2025 Bowman Draft Chrome #BDC-152 Slade Caldwell Green Geometric/99 Arizona
,,,Best #TP-30 Slade Caldwell Yellow Refractors /75,2025 Bowman's Best #TP-30 Slade Caldwell Yellow Refractors /75
,,,SLADE CALDWELL BEST TOP GREEN REFRACTOR /99 Q1492,SLADE CALDWELL 2025 BOWMAN'S BEST TOP PROSPECTS GREEN REFRACTOR /99 Q1492
,,,Draft Slade Caldwell Chrome Aqua Wave Refractor #/125 #BDC-152,2025 Bowman Draft Slade Caldwell Chrome Aqua Wave Refractor #/125 #BDC-152
,,,Draft Slade Caldwell Yellow Refractor /75 #BDC-152,2025 Bowman Draft Slade Caldwell Yellow Refractor /75 Diamondbacks #BDC-152
,,,SLADE CALDWELL - Chrome Speckle Auto PSA Mint 9,SLADE CALDWELL - Diamondbacks - 2025 Bowman Chrome Speckle 1st Auto - PSA Mint 9
,,,Best Slade Caldwell On Card Auto #B25-SC,2025 Bowman's Best Slade Caldwell On Card Auto #B25-SC
,,,Draft Chrome Slade Caldwell Green Refractor Achromatic Auto /99 SP,2025 Bowman Draft Chrome - Slade Caldwell Green Refractor Achromatic Auto /99 SP
,,,Draft Slade Caldwell #BD-152 Sky Blue /499 ( ),2025 Bowman Draft - Slade Caldwell #BD-152 Sky Blue /499 (RC)
BCP-21,,,BCP-21 Chrome /199 Draft Slade Caldwell Fuchsia Reptilian,2025 Bowman Draft Chrome Slade Caldwell #BCP-21 Fuchsia Reptilian 24/199
,,,Draft Slade Caldwell Chrome Achromatic Auto /250 Arizona Diamondback,2025 Bowman Draft Slade Caldwell Chrome Achromatic Auto /250 Arizona Diamondback
,,,Slade Caldwell Best Aqua Refractor /199 #TP-30,Slade Caldwell 2025 Bowman's Best Aqua Refractor /199 #TP-30
,,,SLADE CALDWELL Draft #BDC-152 Chrome Fuchsia Reptilian /199,SLADE CALDWELL 2025 Bowman Draft #BDC-152 Chrome Fuchsia Reptilian /199
,,,Chrome #CPASC Slade Caldwell Chr Pros Au-Speckle Ref PSA 6,2025 Bowman Chrome  #CPASC Slade Caldwell Chr Pros Au-Speckle Ref PSA 6
,,,Best Top Slade Caldwell #TP-30 Green Refractor /99...,2025 Bowman's Best - Top Prospects Slade Caldwell #TP-30 Green Refractor /99...
,,,Draft Slade Caldwell Paper /25 Orange #BD-152 Rd Pick DBacks,2025 Bowman Draft Slade Caldwell Paper /25 Orange #BD-152 1st Rd Pick DBacks
,,,"Best Best of Autographs Slade Caldwell #B25-SC (AU, )","2025 Bowman's Best - Best of 2025 Autographs Slade Caldwell #B25-SC (AU, RC)"
BCP-21,,,BCP-21 /25 Slade Caldwell Orange Refractor Psa 10,2025 Bowman Slade Caldwell 1st Orange Refractor /25 #BCP-21 Psa 10
BCP-21,,,BCP-21 /15 Slade Caldwell Rose Gold Mini Diamond Refractor Psa 9,2025 Bowman Slade Caldwell 1st Rose Gold Mini Diamond Refractor /15 BCP-21 Psa 9
BCP-21,,,BCP-21 /99 Slade Caldwell Green Grass Refractor Psa 10,2025 Bowman Slade Caldwell 1st Green Grass Refractor /99 #BCP-21 Psa 10
,,,Best Rookie Auto Blue Refractor /150 Slade Caldwell,Topps 2025 Bowman's Best Rookie Auto Blue Refractor /150 Slade Caldwell
,,,Draft Spencer Jones Blue Parallel /150,2025 Bowman Draft Spencer Jones Blue Prospect Parallel /150
,,,Spencer Jones Draft Paper Blue /150 #BD-9,Spencer Jones 2025 Bowman Draft Paper Blue /150 #BD-9 Yankees
,,,Draft Sapphire Spencer Jones #BDC-9,2025 Bowman Draft Sapphire - Spencer Jones #BDC-9
,,,Draft #BDC-9 Spencer Jones Green Geometric /99,2025 Bowman Draft #BDC-9 Spencer Jones Green Geometric /99
,,,Draft Spencer Jones Laser Refractor #BDC-9,2025 Bowman Draft Spencer Jones Laser Refractor #BDC-9 Yankees
,,,Draft Chrome #BDC-9 Spencer Jones,2025 Bowman Draft Chrome - #BDC-9 Spencer Jones Yankees
,,,(42) Card Lot Draft #BD-9 Spencer Jones,(42) Card Lot 2025 Bowman Draft #BD-9 Spencer Jones New York Yankees
,,,SPENCER JONES DRAFT GOLD PAPER PARALLEL 6/50 #BD-9,SPENCER JONES 2025 BOWMAN DRAFT GOLD PAPER PARALLEL 6/50 #BD-9 YANKEES
,,,SPENCER JONES DRAFT #BD-9,SPENCER JONES  YANKEES  2025 BOWMAN DRAFT #BD-9
,,,Draft #BDC-9 Spencer Jones Chrome Refractor,2025 Bowman Draft #BDC-9 Spencer Jones Chrome Refractor
,,,Draft #BD-9 Spencer Jones Sky Blue Border,2025 Bowman Draft #BD-9 Spencer Jones Sky Blue Border
,,,Draft Spencer Jones Green Reptilian Refractor /125,2025 Bowman Draft Spencer Jones Green Reptilian Refractor /125
,,,Draft Chrome Spencer Jones #BDC-9 X-Fractor ( ),2025 Bowman Draft - Chrome Spencer Jones #BDC-9 X-Fractor (RC)
,,,Draft Paper Complete your Set You Pick #BD1-BD200 (2 Card Minimum),2025 Bowman Draft Paper Complete your Set You Pick  #BD1-BD200 (2 Card Minimum)
,,,Spencer Jones Draft Chrome /99 Green Grass Refractor ð¥ ...,Spencer Jones 2025 Bowman Draft Chrome /99 Green Grass Refractor ð¥ Yankees...
,,,Spencer Jones Draft Chrome- Green Refractor /99,Spencer Jones - 2025 Bowman Draft Chrome- Green Refractor /99 - Prospect Yankees
,,,DRAFT CHROME Spencer Jones Graded GEM MINT PTA 10ð¥,2025 BOWMAN DRAFT CHROME Spencer Jones Yankees Graded GEM MINT PTA 10ð¥
,,,Draft BD-9 Spencer Jones Graded GEM MINT PTA 10ð¥,2025 Bowman Draft BD-9 Spencer Jones New York Yankees Graded GEM MINT PTA 10ð¥
,,,Draft Fuchsia Reptilian /199 Spencer Jones #BDC-9,2025 Topps Bowman Draft Fuchsia Reptilian /199 Spencer Jones #BDC-9 Yankees
,,,Draft Spencer Jones Chrome Yellow Reptilian /75,2025 Bowman Draft Spencer Jones Chrome Yellow Reptilian /75 Yankees
,,,Draft Sapphire Spencer Jones #BDC-9,2025 Bowman Draft Sapphire Edition Spencer Jones #BDC-9
,,,Draft Chrome Purple #BDC-9 Spencer Jones #/250,2025 Topps Bowman Draft Chrome Purple #BDC-9 Spencer Jones #/250 Yankees
,,,Draft Chrome #BDC-9 Spencer Jones PURPLE /250,2025 Bowman Draft Chrome #BDC-9 Spencer Jones PURPLE /250 New York Yankees
,,,Spencer Jones Draft Paper Blue /150 #BD-9,Spencer Jones 2025 Bowman Draft Paper Blue /150 #BD-9 Yankees
,,,Spencer Jones Draft BD-9 Orange /25,Spencer Jones 2025 Bowman Draft BD-9 Orange /25 - New York Yankees
,,,Draft Spencer Jones (20) Card Lot #BD-9,2025 Bowman Draft Spencer Jones (20) Card  Prospect Lot Yankees #BD-9
,,,Draft Paper (BD1-BD200): YOU PICK Complete Your Set 50% off 4+,2025 Bowman Draft Paper (BD1-BD200): YOU PICK Complete Your Set - 50% off 4+
,,,Spencer Jones Draft Chrome #BDC-9,Spencer Jones 2025 Bowman Draft Chrome #BDC-9 New York Yankees
,,,Draft Chrome Spencer Jones #BDC-9 Purple Refractor /250 ( ),2025 Bowman Draft - Chrome Spencer Jones #BDC-9 Purple Refractor /250 (RC)
,,,Lot Dax Kilby Spencer Jones George Lombard,New York Yankees Bowman Prospects Lot - Dax Kilby Spencer Jones George Lombard
,,,Spencer Jones X25 Lot Refractor Base Inserts,Spencer Jones Bowman X25 Lot Refractor Base Inserts Yankees
,,,Spencer Jones Draft Chrome Green Reptilian Refractor #45/99 #BDC-9,Spencer Jones 2025 Bowman Draft Chrome Green Reptilian Refractor #45/99 #BDC-9
,,,Spencer Jones Draft Chrome Green Reptilian Refractor #55/99 #BDC-9,Spencer Jones 2025 Bowman Draft Chrome Green Reptilian Refractor #55/99 #BDC-9
,,,Draft Spencer Jones Green Reptilian Refractor /99 #BDC-9,2025 Bowman Draft Spencer Jones Green Reptilian Refractor /99 #BDC-9 Yankees
,,,Draft Spencer Jones #BD-9,2025 Bowman Draft Spencer Jones #BD-9
,,,CHROME SAPPHIRE ED YELLOW #84 SPENCER SCHWELLENBACH 18/75 PSA 8,2025 BOWMAN CHROME SAPPHIRE ED YELLOW #84 SPENCER SCHWELLENBACH 18/75 PSA 8
68,,,68 Best Spencer Schwellenbach Wave Refractor,2025 Bowman's Best Spencer Schwellenbach #68 Wave Refractor RC Braves
,,,Best Spencer Schwellenbach Auto Blue Refractor /150,Topps Bowman's Best 2025 Spencer Schwellenbach Braves Auto Blue Refractor /150
,,,SPENCER SCHWELLENBACH BEST ROOKIE BLUE LAZER /150 Q3917,SPENCER SCHWELLENBACH 2025 BOWMAN'S BEST ROOKIE BLUE LAZER RC /150 Q3917
,,,Spencer Schwellenbach Best Orange Xfractor On Card Auto /25,Spencer Schwellenbach 2025 Bowman's Best RC Orange Xfractor On Card Auto /25
,,,Best Spencer Schwellenbach Auto Gold Mini Diamond Refractor /50,2025 Bowman's Best Spencer Schwellenbach Auto RC Gold Mini Diamond Refractor /50
68,,,68 /50 BEST SPENCER SCHWELLENBACH ROOKIE GOLD LAVA,2025 BOWMAN'S BEST # 68  SPENCER SCHWELLENBACH ROOKIE GOLD LAVA RC /50
68,,,68 /299 Best Spencer Schwellenbach Mini-Diamond Refractor ( ),2025 Bowman's Best - Spencer Schwellenbach #68 Mini-Diamond Refractor /299 (RC)
,,,You Pick (1-100) Buy 5 Get 7 Free,2025 Bowman Baseball You Pick! (1-100) Buy 5 Get 7 Free!!!
,,,Bowmanâs Best Spencer Schwellenbach Superfractor 1/1 Auto PSA 10 B25-SS,2025 Bowmanâs Best Spencer Schwellenbach Superfractor 1/1 Auto RC PSA 10! B25-SS
,,,"Best Best of Autographs Spencer Schwellenbach #B25-SS (AU,","2025 Bowman's Best - Best of 2025 Autographs Spencer Schwellenbach #B25-SS (AU,"
,,,Graded Chrome Spencer Schwellenbach #84 Gold Geo /50 Card PSA 10,Graded 2025 Bowman Chrome Spencer Schwellenbach #84 Gold Geo /50 RC Card PSA 10
68,,,68 /250 Best Spencer Schwellenbach Purple Mojo Refractor,2025 Bowman's Best Spencer Schwellenbach #68 Purple Mojo Refractor /250 Braves
68,,,68 /250 Best Spencer Schwellenbach Purple Refractor ( ),2025 Bowman's Best - Spencer Schwellenbach #68 Purple Refractor /250 (RC)
,,,"Best Best of Autographs Spencer Schwellenbach #B25-SS (AU,","2025 Bowman's Best - Best of 2025 Autographs Spencer Schwellenbach #B25-SS (AU,"
68,,,68 /350 Best Spencer Schwellenbach Lazer Refractor,2025 Bowman's Best #68 Spencer Schwellenbach Lazer Refractor /350
,,,Chrome SPENCER SCHWELLENBACH Red Rookie #78 PSA 10,2025 Bowman Chrome SPENCER SCHWELLENBACH RC Red Rookie #78 Braves PSA 10
,,,Best Spencer Schwellenbach Purple Refractor Rookie #68 /250,2025 Bowman's Best Spencer Schwellenbach Braves Purple Refractor Rookie #68 /250
,,,Chrome Rookie Auto #CRASS Spencer Schwellenbach Gold Ref /50 PSA 9,2025 Bowman Chrome Rookie Auto #CRASS Spencer Schwellenbach Gold Ref /50 PSA 9
,,,Mike Trout Rookie Chase Pack. Read Description PSA 10 Ohtani Judge,Mike Trout Rookie Chase Pack. Read Description PSA 10 Ohtani Judge
,,,2022 SPENCER STRIDER 4-card lot w/ ROOKIES,2022 Bowman 2025 Topps SPENCER STRIDER Atlanta Braves 4-card lot w/ ROOKIES!
,,,2022 SPENCER STRIDER 3-card lot w/ ROOKIES & parallel,2022 Bowman 2025 Topps SPENCER STRIDER 3-card lot w/ ROOKIES & parallel!
,,,"/ -Variations And , Yamamoto , Ohtani, Etc-You Pick New Low Price","Topps/Bowman-Variations And RC, Yamamoto RC, Ohtani, Etc-You Pick!New Low Price!"
,,,ACUNA CHIPPER MURPHY & other PICK YOUR CARD ROOKIES/PARALLELS,ACUNA CHIPPER MURPHY & other braves - PICK YOUR CARD - ROOKIES/PARALLELS
,,,Best Base You Pick Complete Your Set,2025 Bowman's Best Baseball Base - You Pick - Complete Your Set
,,,CARDS YOU PICK ROOKIE INSERT PARALLEL FOIL,ATLANTA BRAVES BASEBALL CARDS - YOU PICK TOPPS ROOKIE RC INSERT PARALLEL FOIL
,,,25 Different SPENCER STRIDER lot Clear Cosmic,25 Different SPENCER STRIDER Rookie Card RC lot 1st Bowman Clear Cosmic Braves!!
,,,25 Different SPENCER STRIDER lot Chrome Cosmic,25 Different SPENCER STRIDER Rookie Card RC lot 1st Bowman Chrome Cosmic Braves!
,,,20 Different SPENCER STRIDER lot Chrome Cosmic,20 Different SPENCER STRIDER Rookie Card RC lot 1st Bowman Chrome Cosmic Braves!
,,,Case Hits Ungraded/Graded PSA- HFA-Canvas-Clear-Silver Refractors,Topps Case Hits Ungraded/Graded PSA- HFA-Canvas-Clear-Silver Refractors
,,,2024- Various / Cards Pick Your Card,2024-2025 Various Topps/Bowman Atlanta Braves Cards - Pick Your Card
,,,Spencer Strider Lot 12 Different Cards 2022( /Rookies)-,Spencer Strider Lot 12 Different Baseball Cards 2022(RC/Rookies)-2025 Braves
,,,"Spencer Strider Cards Base, Chrome,- You Choose 2 CARD MINIMUM","Spencer Strider Baseball Cards - Base, Chrome,- You Choose!  2 CARD MINIMUM!"
,,,(26) Team Lot Bowmans & / Rookies,(26) Atlanta Braves Baseball Team Lot - 1st Bowmans & Prospects / Rookies
,,,*Choose Your Cards* Acuna Albies Rookies (Updated 10/30),Atlanta Braves *Choose Your Baseball Cards* Acuna Albies Rookies (Updated 10/30)
,,,20 Different Austin Wells lot Chrome hot,20 Different Austin Wells Rookie Card RC lot 1st Bowman Topps Chrome Yankees hot
,,,Chrome -You Pick-VOLUME DISCOUNT Go,2025 ATLANTA BRAVES Topps Chrome Baseball -You Pick-VOLUME DISCOUNT Go Braves!!
41,,,41 Spencer Strider Lot 2022 Rookie Â Diamante #579 + Stars,Spencer Strider Lot 2022 Rookie #41 Â RC Atlanta 2025 Topps Diamante #579 + Stars
,,,Cards Choose from 100s Quantity Discount Part 15,Atlanta Braves Baseball Cards - Choose from 100s Quantity Discount - Part 15
,,,Steve Carlton Retrofactor Autograph Orange /25 PSA 10,Steve Carlton 2025 Bowman Retrofactor Autograph Orange /25 PSA 10
BCP-54,,,BCP-54 Chrome Reptilian Refractor Aidan Miller / Lot,2025 Bowman Chrome Reptilian Refractor Aidan Miller #BCP-54/Phillies Lot
,,,41) Prizm #/d rookie lot AIDAN MILLER Schmidt CARLTON Harper NORI,41) PHILLIES Prizm #/d rookie lot AIDAN MILLER Schmidt CARLTON Harper NORI
,,,CHROME RETROFRACTOR-ORANGE STEVE CARLTON 22/25 PSA 10,2025 BOWMAN CHROME PROSPECTS RETROFRACTOR-ORANGE STEVE CARLTON 22/25 PSA 10
CPR-SC,,,CPR-SC /25 Steve Carlton # Orange Refractor Autograph PSA 10,2025 Bowman Steve Carlton #CPR-SC Orange Refractor Autograph 02/25 PSA 10
,,,Steve Carlton Retrofractor Orange Refractor Auto 21/25 PSA 9,2025 Bowman Steve Carlton 1st Retrofractor Orange Refractor Auto 21/25 PSA 9
,,,"410 Card Lot Rookies, , All-Stars, HOFers & More","Philadelphia Phillies 410 Card Lot! Rookies, Prospects, All-Stars, HOFers & More"
,,,"Cards *You Pick* Base, RCs,Inserts, Parallels â3⁄4ð","PHILADELPHIA PHILLIES Baseball Cards *You Pick* Base, RCs,Inserts, Parallels â¾ð"
BP-73,,,BP-73 Paper Steven Echavarria 5 Card Lot,2025 Bowman Prospect Paper Steven Echavarria Athletics #BP-73 5 Card Lot
,,,#CPASE Steven Echavarria Chrome Orange Auto /25 PSA 9,2025 Bowman #CPASE Steven Echavarria 1st Chrome Orange Auto /25 PSA 9 Athletics
BP-73,,,BP-73 Steven Echavarria Paper Lot Of 10 Athleticsð¥ð¥,2025 Bowman Steven Echavarria 1st Paper Prospects Lot Of 10 BP-73 Athleticsð¥ð¥
,,,SAPPHIRE STEVEN ECHAVARRIA RED /5 PSA 10 ALPHA,2025 BOWMAN SAPPHIRE STEVEN ECHAVARRIA 1ST RED /5 PSA 10 ALPHA
BCP-73,,,BCP-73 Chrome /75 # STEVEN ECHAVARRIA CHR PROS-YELLOW X-FRACTOR PSA 6,2025 BOWMAN CHROME #BCP73 STEVEN ECHAVARRIA CHR PROS-YELLOW X-FRACTOR /75 PSA 6
,,,Chrome Steven Echavarria Rwd Geometric Psa 10,2025 Bowman Chrome Prospect  Steven Echavarria  Rwd Geometric Psa 10
CPA-SE,,,CPA-SE /25 Steven Echavarria Draft # Auto Orange Wave # Aâs,Steven Echavarria 2025 Bowman Draft #CPA-SE 1st Auto  Orange Wave # 15/25 Aâs
CPA-SE,,,CPA-SE Chrome Auto Steven Echavarria # Green Shimmer Psa 10,2025 Bowman Chrome Prospect Auto Steven Echavarria #CPA-SE Green Shimmer Psa 10!
,,,Chrome Tarik Skubal 95 Green Geometric Refractor 86/99 PSA 9,2025 Bowman Chrome Tarik Skubal 95 Green Geometric Refractor 86/99 PSA 9 Tigers
12,,,12 TARIK SKUBAL Best REFRACTOR Lot 15,TARIK SKUBAL 2025 Bowman's Best REFRACTOR #12 - Detroit Tigers RC Lot 15
,,,Chrome Tarik Skubal Aqua Geometric Refractor /125 PSA 8,2025 Bowman Chrome Tarik Skubal Aqua Geometric Refractor /125 PSA 8
,,,Best #C-17 Tarik Skubal Circuitry Mini-Diamond Refractors,2025 Bowman's Best #C-17 Tarik Skubal Circuitry Mini-Diamond Refractors
,,,You Pick (1-100) Buy 5 Get 7 Free,2025 Bowman Baseball You Pick! (1-100) Buy 5 Get 7 Free!!!
,,,Best Refractor 2 /75 Skubal & McGonigle,Topps 2025 Bowman's Best Refractor 2 Detroit Tigers /75 Skubal & McGonigle
12,,,12 Best Tarik Skubal Refractor,2025 Bowman's Best - Tarik Skubal #12 Refractor
,,,Best Circuitry Tarik Skubal #C-17 Green Refractor /50,2025 Bowman's Best Circuitry Tarik Skubal #C-17 Green Refractor /50
,,,Best Tarik Skubal Orange Refractor #/25 MLB,2025 Bowman's Best Tarik Skubal Orange Refractor #/25 MLB Detroit Tigers
12,,,12 /150 Tarik Skubal Best Blue Laser Refractor,Tarik Skubal 2025 Bowman's Best Blue Laser Refractor /150 Tigers #12
12,,,12 /250 Best Tarik Skubal Purple Refractor,2025 Bowman's Best - Tarik Skubal #12 Purple Refractor /250 DETROIT TIGERS
12,,,12 /150 Best Tarik Skubal Blue X-Fractor,2025 Bowman's Best - Tarik Skubal #12 Blue X-Fractor /150
,,,Best Tarik Skubal #C-17 Circuitry Mini-Diamond Refractors SP,2025 Bowman's Best Tarik Skubal  #C-17 Circuitry Mini-Diamond Refractors SP
12,,,12 Tarik Skubal Best Refractor,Tarik Skubal 2025 Bowman's Best Refractor #12 - Detroit Tigers
,,,Bowmanâs Best Tarik Skubal Lot,2025 Bowmanâs Best Tarik Skubal Lot
,,,Best Circuitry Insert Tarik Skubal #C-17,Topps 2025 Bowman's Best Circuitry Insert - Tarik Skubal #C-17 Detroit Tigers
12,,,12 /150 Best Tarik Skubal Blue X-Fractor,2025 Bowman's Best - Tarik Skubal #12 Blue X-Fractor /150
,,,Bowmanâs Best Tarik Skubal Wave Refractor + Pixel Portraits Lot (2),2025 Bowmanâs Best Tarik Skubal Wave Refractor + Pixel Portraits Lot (2)  Tigers
,,,"Inserts Greatness Loading, ROY, Rockstar, VIP, Top 100 YOU PICK","2025 Bowman Inserts - Greatness Loading, ROY, Rockstar, VIP, Top 100 - YOU PICK"
,,,"2022 Draft HOBBY LITE Factory Sealedð¥ Jackson Holliday, Chase DeLauter","2022 Bowman Draft HOBBY LITE Factory Sealedð¥ Jackson Holliday, Chase DeLauter"
,,,Inserts **Complete Your Set** You pick multiple (3 minimum purchase),2025 Bowman Inserts **Complete Your Set** You pick multiple (3 minimum purchase)
,,,Top 100 Inserts (You Pick),2025 Bowman Baseball - Top 100 Prospects Inserts (You Pick)
,,,Chrome Singles You Pick No Minimums,2025 Bowman Chrome Singles - You Pick! - No Minimums!
,,,Scouts Top 100 Chrome Termarr Johnson Orange /25 PSA 10,2025 Bowman Bowman Scouts Top 100 Chrome Termarr Johnson Orange /25 PSA 10
,,,"Chrome Inserts -You Pick- **Buy More, Save More**","2025 Bowman Chrome Inserts -You Pick- **Buy More, Save More**"
,,,"MLB Singles ~ Short Print, Serial #'d, SSP ~ YOU PICK w/","2025 MLB Topps Baseball Singles ~ Short Print, Serial #'d, SSP ~ YOU PICK w/ RC"
,,,Base Chrome Parallels Inserts You Pick See List,2025 Bowman Base Chrome Parallels Inserts You Pick! See List!
,,,Chrome Scouts Top 100 Complete Your Set,2025 Bowman Chrome Scouts Top 100 - Complete Your Set!!!!!
,,,2023 Draft Set Singles You PICK Complete your set #BD1-BD200,2023 Bowman Draft Baseball Set Singles You PICK Complete your set #BD1-BD200
,,,SCOUTS' TOP 100 INSERT-YOU PICK,2025 Bowman Baseball SCOUTS' TOP 100 INSERT-YOU PICK
,,,Mega Auto #BMA-TL Thayron Liranzo PSA 9,2025 Prospect Mega Auto #BMA-TL Thayron Liranzo PSA 9
,,,Draft Paper Thayron Liranzo BD-168 5 card lot,2025 Bowman  Draft Paper Thayron Liranzo Detroit Tigers BD-168 5 card lot
,,,Draft #BDC-168 Thayron Liranzo Chrome Refractor,2025 Bowman Draft #BDC-168 Thayron Liranzo Chrome Refractor
,,,Best Autograph Thayron Liranzo #B24-TLI MLB,2025 Bowman's Best Autograph Thayron Liranzo #B24-TLI Tigers MLB
,,,Draft Chrome Aqua Wave Refractor Thayron Liranzo #BDC-168 SN,2025 Bowman Draft Chrome Aqua Wave Refractor Thayron Liranzo #BDC-168 Tigers SN
,,,Draft Chrome Thayron Liranzo #BDC-168 5-Card Lot,2025 Bowman Draft Chrome Thayron Liranzo #BDC-168 Detroit Tigers 5-Card Lot
,,,Draft #BDC-168 Thayron Liranzo True Gold Refractor /50,2025 Bowman Draft #BDC-168 Thayron Liranzo True Gold Refractor /50
,,,Draft Thayron Liranzo Sky Blue Border /499,2025 Bowman Draft Thayron Liranzo Sky Blue Border /499 Tigers
,,,Thayron Liranzo Lot (8) Draft â Chrome & Refractor,Thayron Liranzo Lot (8) 2025 Bowman Draft â Chrome & Refractor
,,,Thayron Liranzo Best #B25-TL Best Of Orange Auto /25 SP,Thayron Liranzo 2025 Bowman's Best #B25-TL Best Of 2025 Orange Auto /25 SP
,,,Draft Chrome Thayron Liranzo #BDC-168 Green Grass Refractor /99...,2025 Bowman Draft - Chrome Thayron Liranzo #BDC-168 Green Grass Refractor /99...
,,,Draft Chrome THAYRON LIRANZO Refractor #BDC-168,2025 Bowman Draft Chrome  THAYRON LIRANZO  Refractor  #BDC-168
,,,Draft Chrome Thayron Liranzo Refractor BDC-168,2025 Bowman Draft Chrome Thayron Liranzo Refractor BDC-168
,,,THAYRON LIRANZO DRAFT #BD-168,THAYRON LIRANZO  TIGERS  2025 BOWMAN DRAFT #BD-168
,,,Draft Thayron Liranzo #BDC-168 Fuchsia Reptilian Refractor /199,2025 Bowman Draft - Thayron Liranzo #BDC-168 Fuchsia Reptilian Refractor /199
,,,Draft #BDC-168 Thayron Liranzo Chrome Refractor,2025 Bowman Draft #BDC-168 Thayron Liranzo Chrome Refractor
,,,Draft Chrome Thayron Liranzo #BDC-168,2025 Bowman Draft Chrome Thayron Liranzo #BDC-168
,,,Draft Thayron Liranzo #BD-#168,2025 Bowman Draft Thayron Liranzo #BD-#168
,,,Draft Chrome #BDC-168 Thayron Liranzo Laser Refractor,2025 Bowman Draft Chrome - #BDC-168 Thayron Liranzo Laser Refractor Tigers
,,,Draft Autograph ð ̈Thayron Liranzoð ̈ #BMA-TL Purple Steel,2025 Bowman Draft Autograph  ð¨Thayron Liranzoð¨ #BMA-TL Purple Steel
,,,Thayron Liranzo Draft Orange #BD-168 /25,Thayron Liranzo 2025 Bowman Draft Orange #BD-168 Detroit Tigers /25
,,,Draft Thayron Liranzo #BD-168 Sky Blue /499 ( ),2025 Bowman Draft - Thayron Liranzo #BD-168 Sky Blue /499 (RC)
,,,Draft Sapphire THAYRON LIRANZO Chrome #BDC-168 SP,2025 Bowman Draft Sapphire THAYRON LIRANZO Chrome Prospects #BDC-168 Tigers SP
,,,Thayron Liranzo Draft Paper 5 Card Lot,Thayron Liranzo 2025 Bowman Draft Prospects Paper 5 Card Lot Detroit Tigers
,,,Best Thayron Liranzo Purple Refractor Auto 47/75 #B25-TL,2025 Bowman's Best Thayron Liranzo Purple Refractor Auto 47/75 Tigers #B25-TL
,,,Draft #BDC-168 Thayron Liranzo Chrome Sapphire Gold /50,2025 Bowman Draft #BDC-168 Thayron Liranzo Chrome Sapphire Gold /50
,,,Draft Thayron Liranzo Purple Geometric Refractor /250 BDC-168,2025 Bowman Draft Thayron Liranzo Purple Geometric Refractor /250 BDC-168
,,,Draft #BDC-168 Thayron Liranzo Chrome Refractor,2025 Bowman Draft #BDC-168 Thayron Liranzo Chrome Refractor
,,,Draft Chrome Thayron Liranzo #BDC-168 Green Reptilian Refractor...,2025 Bowman Draft - Chrome Thayron Liranzo #BDC-168 Green Reptilian Refractor...
,,,Draft #BDC-168 Thayron Liranzo Sapphire,2025 Bowman Draft #BDC-168 Thayron Liranzo Sapphire Edition
,,,Draft Chrome Thayron Liranzo #BDC-168,2025 Bowman Draft Chrome Thayron Liranzo #BDC-168
,,,"Draft Theo Gillen Lot: 1x Blue Refactor /150, 1x Insert #BD-121","2025 Bowman Draft Theo Gillen Lot: 1x Blue Refactor /150, 1x Insert #BD-121"
,,,Draft Theo Gillen Chrome Card #BDC-121,2025 Bowman Draft Theo Gillen Chrome Prospect Card #BDC-121 - Rays
,,,Draft Theo Gillen Chrome Purple Geometric 111/250,2025 Bowman Draft Theo Gillen Chrome Purple Geometric 111/250
,,,Draft Theo Gillen #BD-121 Blue /150,2025 Bowman Draft - Theo Gillen #BD-121 Blue /150
,,,Draft Theo Gillen /75 Yellow Reptilian Refractor #BDC-121,2025 Bowman Draft - Theo Gillen /75 Yellow Reptilian Refractor #BDC-121 Rays
,,,Draft In Action Insert Pick Your Card Free S&H,2025 Bowman Draft Baseball In Action Insert - Pick Your Card - Free S&H!
,,,"Theo Gillen Lot (9) Draft â Aqua /125, Sapphire, Chrome & Inserts","Theo Gillen Lot (9) 2025 Bowman Draft â Aqua /125, Sapphire, Chrome & Inserts"
,,,Best Best of Autographs #B25-TG Theo Gillen AU,Bowman 2025 Bowman's Best Best of 2025 Autographs #B25-TG Theo Gillen AU
,,,Theo Gillen Best #B25-TG Best Of Autographs AUTO,Theo Gillen 2025 Bowman's Best #B25-TG Best Of 2025 Autographs AUTO - RAYS
,,,THEO GILLEN DRAFT #BD-121,THEO GILLEN  RAYS 2025 BOWMAN DRAFT #BD-121
,,,Draft Set Paper Singles BD1-BD200 20 card lots New Lower Prices,2025 Bowman Draft Set Paper Singles BD1-BD200 20 card lots New Lower Prices
,,,Draft Sapphire Theo Gillen #BDC-121,2025 Bowman Draft Sapphire Theo Gillen Tampa Bay Rays #BDC-121
,,,Draft #BDC-131 Theo Gillen,2025 Bowman Draft #BDC-131 Theo Gillen
,,,Draft Chrome Theo Gillen #BDC-121 Refractor ( ),2025 Bowman Draft - Chrome Theo Gillen #BDC-121 Refractor (RC)
,,,Best Theo Gillen #B25-TG Autograph Best of,Topps 2025 Bowman's Best Theo Gillen #B25-TG Autograph Best of 2025 Rays
,,,Draft Paper (BD1-BD200): YOU PICK Complete Your Set,2025 Bowman Draft Paper (BD1-BD200): YOU PICK Complete Your Set
,,,Draft Chrome Theo Gillen #BDC-121 Purple Geometric Refractor /250,2025 Bowman Draft - Chrome Theo Gillen #BDC-121 Purple Geometric Refractor /250
,,,Draft Chrome Theo Gillen #BDC-121 Green Grass Refractor /99 ( ),2025 Bowman Draft - Chrome Theo Gillen #BDC-121 Green Grass Refractor /99 (RC)
,,,Draft Theo Gillen #BDC-121 Chrome Gold Refractor /50 Stud TP,2025 Bowman Draft Theo Gillen #BDC-121 Chrome Gold Refractor /50 Rays Stud TP
,,,Draft Theo Gillen #BDC-121 Chrome Gold Refractor /50 TP Stud,2025 Bowman Draft Theo Gillen #BDC-121 Chrome Gold Refractor /50 Rays TP Stud!
,,,Best Theo Gillen #B25-TG Best of Auto,2025 Bowman's Best Theo Gillen #B25-TG Best of Auto Rays
,,,Draft Chrome In Action Theo Gillen #BIA-24,2025 Bowman Draft Chrome In Action Theo Gillen #BIA-24 Tampa Bay Rays
,,,"Best Best of Autographs Theo Gillen #B25-TG (AU, )","2025 Bowman's Best - Best of 2025 Autographs Theo Gillen #B25-TG (AU, RC)"
,,,Draft #BDC-121 Theo Gillen Chrome Purple Refractor /250,2025 Bowman Draft #BDC-121 Theo Gillen Chrome Purple Refractor /250
,,,Draft Theo Gillen Sky Blue Chrome Refractor,2025 Bowman Draft Theo Gillen Sky Blue Chrome Refractor Rays
,,,Draft Chrome- Theo Gillen #BDC-121- Green Reptilian Refractor /99,2025 Bowman Draft Chrome- Theo Gillen #BDC-121- Green Reptilian Refractor /99
,,,Chrome M/B Theo Gillen AUTO #TG Black Refractor /10 PSA 10,2025 Bowman Chrome M/B Theo Gillen AUTO #TG Black Refractor /10 PSA 10
,,,Draft Chrome THEO GILLEN Refractor #BDC-121,2025 Bowman Draft Chrome  THEO GILLEN  Refractor  #BDC-121
,,,Draft Theo Gillen #BD-121 Green Border /99,2025 Bowman Draft Theo Gillen #BD-121 Green Border /99 Rays
,,,THEO GILLEN Best Green Refractor Auto /99,THEO GILLEN 2025 Bowman's Best Prospect Green Refractor Auto /99 Rays
,,,Draft Chrome Theo Gillen #BDC-121 Yellow Geometric Refractor /75,2025 Bowman Draft - Chrome Theo Gillen #BDC-121 Yellow Geometric Refractor /75
,,,Draft Paper (BD1-BD200): YOU PICK Complete Your Set 50% off 4+,2025 Bowman Draft Paper (BD1-BD200): YOU PICK Complete Your Set - 50% off 4+
,,,Draft Chrome Theo Gillen #BDC-121 Fuchsia Reptilian Refractor 199,2025 Bowman Draft - Chrome Theo Gillen #BDC-121 Fuchsia Reptilian Refractor 199
,,,Draft in Action Theo Gillen #BIA-24 Gold Refractor /50 ( ),2025 Bowman Draft - Bowman in Action Theo Gillen #BIA-24 Gold Refractor /50 (RC)
,,,Draft Sapphire Theo Gillen Chrome Gold Refractor #/50,2025 Bowman Draft Sapphire Theo Gillen Chrome Gold Refractor #/50 Rays
,,,Draft Chrome Theo Gillen True Blue Refractor /150,2025 Bowman Draft Chrome Theo Gillen True Blue Refractor /150 Tampa Bay Rays
,,,Theo Gillen Teal Best of Auto /15 Best #B25-TG,Theo Gillen Teal Best of 2025 Auto /15 2025 Bowman's Best Tampa Bay Rays #B25-TG
,,,"Best Best of Autographs Theo Gillen #B25-TG (AU, )","2025 Bowman's Best - Best of 2025 Autographs Theo Gillen #B25-TG (AU, RC)"
,,,You Pick (1-100) Buy 5 Get 7 Free,2025 Bowman Baseball You Pick! (1-100) Buy 5 Get 7 Free!!!
57,,,57 THOMAS SAGGESE Lot of 7 Rockstar Roy Favorite,2025 BOWMAN RC THOMAS SAGGESE CARDINALS #57 Lot of 7 Rockstar Roy Favorite
,,,Thomas Saggese Red Refractor Auto /5 PSA 10 Pop 1,2025 Bowman Thomas Saggese Red Refractor Auto /5 Cardinals RC PSA 10 Pop 1
,,,Chrome Thomas Saggese Auto Gold Refractor /50 PSA 10 Pop 1,2025 Bowman Chrome Thomas Saggese Auto Gold Refractor /50 PSA 10 Pop 1
57,,,57 /275 Mega Box Thomas Saggese Burgundy PSA 10,2025 Bowman Mega Box #57 Thomas Saggese Cardinals RC Burgundy /275 PSA 10
BCP-69,,,BCP-69 THOMAS WHITE Etched In Glass SSP PSA 10,2025 Bowman #BCP-69 THOMAS WHITE Etched In Glass SSP 1st Bowman PSA 10
,,,Draft Thomas White BDC-26 Fuchsia Reptilian Refractor /199,2025 Bowman Draft Thomas White BDC-26 Fuchsia Reptilian Refractor /199 Marlins
,,,Draft Thomas White #BDC-26 Sunflower Seeds SSP,2025 Bowman Draft Thomas White #BDC-26 Sunflower Seeds SSP!
,,,Chrome Autographs Thomas White #CPATW Blue 033/150 PSA 8,2025 Bowman Chrome Prospect Autographs Thomas White #CPATW Blue 033/150 PSA 8
1,,,1 2026 Paper -150: You Pick Complete Your Set -PreSale,2026 Bowman Baseball Paper Prospects #1-150: You Pick Complete Your Set -PreSale
,,,THOMAS WHITE DRAFT #BD-26,THOMAS WHITE  MARLINS   2025 BOWMAN DRAFT #BD-26
,,,Draft Thomas White /150 #BDC-26 Blue Geometric,2025 Bowman Draft Thomas White /150 Miami Marlins #BDC-26 Blue Geometric
,,,Draft Thomas White (b) 99/100 #BDC-26 Steel,2025 Bowman Draft Thomas White (b) 99/100 Miami Marlins #BDC-26 Steel
,,,Draft Thomas White /199 #BDC-26 Magenta Reptilian,2025 Bowman Draft Thomas White /199 Miami Marlins #BDC-26 Magenta Reptilian
,,,Draft Thomas White /499 #BD-26 Sky Blue Paper,2025 Bowman Draft Thomas White /499 Miami Marlins #BD-26 Sky Blue Paper
,,,"Best Best of Autographs Thomas White #B25-TW Refractor (AU,","2025 Bowman's Best - Best of 2025 Autographs Thomas White #B25-TW Refractor (AU,"
,,,Draft Paper Complete your Set You Pick #BD1-BD200 (2 Card Minimum),2025 Bowman Draft Paper Complete your Set You Pick  #BD1-BD200 (2 Card Minimum)
,,,Draft Thomas White #BD-26 Sky Blue Paper /499 PSA 10,2025 Bowman Draft Thomas White #BD-26 Sky Blue Paper /499 PSA 10
,,,Thomas White Auto /499 Refractor PSA 9,2025 Bowman Thomas White 1st Bowman Auto /499 Refractor PSA 9
,,,Draft Paper (BD1-BD200): YOU PICK Complete Your Set 50% off 4+,2025 Bowman Draft Paper (BD1-BD200): YOU PICK Complete Your Set - 50% off 4+
,,,Best Best of Autographs Thomas White #B25-TW Blue /150,2025 Bowman's Best - Best of 2025 Autographs Thomas White #B25-TW Blue /150
,,,"Best Best of Autographs Thomas White #B25-TW (AU, )","2025 Bowman's Best - Best of 2025 Autographs Thomas White #B25-TW (AU, RC)"
,,,Thomas White Auto Blue Refractor /150 PSA 10/10,2025 Bowman Thomas White - 1st Prospect Auto - Blue Refractor /150 - PSA 10/10
,,,Thomas White Auto Gold /50 PSA 10/10 GEM MT,2025 Bowman Thomas White - 1st Prospect Auto - Gold /50 - PSA 10/10 GEM MT
,,,Draft #BD-26 Thomas White Sky Blue Border #/499,2025 Bowman Draft #BD-26 Thomas White Sky Blue Border #/499
,,,THOMAS WHITE BEST AUTOGRAPH ORANGE X-FRACTOR AUTO /25 Q1449,THOMAS WHITE 2025 BOWMAN'S BEST AUTOGRAPH ORANGE X-FRACTOR AUTO /25 Q1449
,,,Draft Sapphire Thomas White #BDC-26 Gold /50,2025 Bowman Draft Sapphire - Thomas White - #BDC-26 Gold /50 - Miami Marlins
BCP-69,,,BCP-69 /175 Mega Box Thomas White Navy Refractor Psa 10,2025 Bowman Mega Box Thomas White 1st Navy Refractor /175 #BCP-69 Psa 10
BCP-69,,,BCP-69 /99 Thomas White Green Geometric Refractor Psa 9,2025 Bowman Thomas White 1st Green Geometric Refractor /99 #BCP-69 Psa 9
CPA-TW,,,CPA-TW Chrome Auto Thomas White # PSA Autograph,2025 Bowman Chrome 1st Auto Thomas White #CPA-TW PSA Miami Marlins Autograph
,,,Chrome Mega Box Autograph #TH Tink Hence Blue PSA 9 #/150,2025 Bowman Chrome Mega Box Autograph #TH Tink Hence Blue PSA 9 #/150
,,,CHROME MEGA BOX AUTOGRAPH #TH TINK HENCE BLUE PSA 9 #/150,2025 BOWMAN CHROME MEGA BOX AUTOGRAPH #TH TINK HENCE BLUE PSA 9 #/150
,,,Sapphire Tink Hence Green Refractor /99 PSA 10,2025 Bowman Sapphire Tink Hence Green Refractor /99 PSA 10 Cardinals
,,,LA card lot Shohei Ohtani Mookie Betts Yoshinobu Yamamoto Roki,LA Dodgers card lot Shohei Ohtani Mookie Betts Yoshinobu Yamamoto Roki Topps
1,,,1 2020 Series 1 Base Cards -150 COMPLETE YOUR SET (You Pick),2020 Topps Series 1 - Base Cards - #1-150 - COMPLETE YOUR SET (You Pick)
,,,Cards Choose from 100s Player Qty Discount Pt18,Los Angeles Dodgers Baseball Cards - Choose from 100s Player Qty Discount - Pt18
,,,Draft Tommy Troy Aqua Geometric /125 #BDC-36,2025 Bowman Draft Tommy Troy Aqua Geometric /125 #BDC-36
,,,Draft Chrome Tommy Troy #BDC-36 ( ),2025 Bowman Draft - Chrome Tommy Troy #BDC-36 (RC)
,,,Draft Sapphire Tommy Troy Chrome Red Refractor #BDC-36 1/5,2025 Bowman Draft Sapphire Tommy Troy Chrome Prospect Red Refractor #BDC-36 1/5
,,,Draft Tommy Troy Chrome Blue Refractor #/150,2025 Bowman Draft Tommy Troy Chrome Blue Refractor #/150 Diamondbacks
,,,"Chrome Draft -You Pick- **Buy More, Save More**","2025 Bowman Chrome Draft -You Pick- **Buy More, Save More**"
,,,"Tommy Troy Lot (12) Draft â Chrome, Refractors, Sapphire & Base","Tommy Troy Lot (12) 2025 Bowman Draft â Chrome, Refractors, Sapphire & Base"
,,,Draft TOMMY TROY Chrome Refractor #BDC-36,2025 Bowman Draft Prospect  TOMMY TROY  Chrome Refractor  #BDC-36
,,,TOMMY TROY DBACKS DRAFT #BD-36,TOMMY TROY  DBACKS  2025 BOWMAN DRAFT #BD-36
,,,Tommy Troy Gold Refractor /50 Draft Chrome #BDC-36,Tommy Troy Gold Refractor /50 - 2025 Bowman Draft - Chrome #BDC-36
,,,Tommy Troy [Fuchsia Reptilian Refractor] #BDC-36 Draft Chrome,Tommy Troy [Fuchsia Reptilian Refractor] #BDC-36 2025 Bowman Draft Chrome
,,,Draft Chrome Tommy Troy Sparkle Refractor #BDC-36,2025 Bowman Draft Chrome Tommy Troy Sparkle Refractor #BDC-36
,,,Draft Tommy Troy Chrome Purple Refractor /250,2025 Bowman Draft Tommy Troy Chrome Purple Refractor /250 Diamondbacks
,,,Draft Chrome Tommy Troy Sapphire #BDC-36 |,2025 Bowman Draft Chrome Tommy Troy Sapphire #BDC-36 | Arizona Diamondbacks
,,,Draft TOMMY TROY Chrome Refractor #BDC-36,2025 Bowman Draft Prospect  TOMMY TROY  Chrome Refractor  #BDC-36
,,,2024 Best Tommy Troy Best of 2024 AUTO #B24-TT PSA 9,2024 Bowman's Best Tommy Troy Best of 2024 AUTO #B24-TT PSA 9
,,,Draft Tommy Troy BD-36 Blue Parallel 87/150,2025 Bowman Draft Tommy Troy BD-36 Blue Parallel 87/150 - Diamondbacks
,,,Draft Chrome Tommy Troy #BDC-36 Yellow Reptilian Refractor /75...,2025 Bowman Draft - Chrome Tommy Troy #BDC-36 Yellow Reptilian Refractor /75...
,,,Draft Chrome Tommy Troy Refractor #BDC-36,2025 Bowman Draft Chrome Tommy Troy Refractor #BDC-36
,,,Draft Chrome Tommy Troy #BDC-36 Black Refractor /10 ( ),2025 Bowman Draft - Chrome Tommy Troy #BDC-36 Black Refractor /10 (RC)
BCP-1,,,BCP-1 Chrome Draft Propsects -BCP200 You Pick 2 Card Minimum,2025 Bowman Draft CHROME Propsects BCP1-BCP200 You Pick - 2 Card Minimum
,,,Draft Paper (BD1-BD200): YOU PICK Complete Your Set 50% off 4+,2025 Bowman Draft Paper (BD1-BD200): YOU PICK Complete Your Set - 50% off 4+
,,,Draft Chrome Tommy Troy Refractor /35,2025 Bowman Draft Chrome Tommy Troy Refractor /35 Diamondbacks
,,,Tommy Troy Gold Refractor /50 Draft Chrome #BDC-36,Tommy Troy Gold Refractor /50 - 2025 Bowman Draft - Chrome #BDC-36
,,,Draft TOMMY TROY Chrome Sky Blue Refractor #BCD-36,2025 Bowman Draft TOMMY TROY Chrome Sky Blue Refractor  #BCD-36 Diamondbacks
,,,Tommy Troy Draft Chrome Purple Refractor #/250,Tommy Troy 2025 Bowman Draft Chrome Purple Refractor #/250 Arizona Diamondbacks
,,,Tommy Troy AQUA REPTILIAN REFRACTOR #d 98/125 Draft BDC-36 Arizona,Tommy Troy AQUA REPTILIAN REFRACTOR #d 98/125 2025 Bowman Draft BDC-36 Arizona
,,,Draft Tommy Troy #BD-36 Gold /50 ( ),2025 Bowman Draft - Tommy Troy #BD-36 Gold /50 (RC) Arizona Diamondbacks
,,,Draft Chrome Tommy Troy Refractor #BDC-36,2025 Bowman Draft Chrome Tommy Troy Refractor #BDC-36
,,,Draft Tommy Troy Sky Blue /499 #BD-36,2025 Bowman Draft Tommy Troy Sky Blue /499 #BD-36
,,,draft Tommy Troy Gold paper /50,2025 Bowman draft Tommy Troy Gold paper /50
,,,Draft Tommy Troy BDC-36 Gold /50,2025 Bowman Draft Tommy Troy Arizona Diamondbacks BDC-36 Gold /50
,,,Draft Tommy Troy #BD-36 Sky Blue Border /499,2025 Bowman Draft Tommy Troy #BD-36 Sky Blue Border /499 Arizona Diamondbacks
,,,Tomoyuki Sugano Paper Lot Of 10 Rookieð¥ð¥,2025 Bowman Tomoyuki Sugano RC Paper Lot Of 10 Baltimore Orioles Rookieð¥ð¥
,,,Chrome Tomoyuki Sugano RED ROOKIE REDEMPTION #41 PSA 8 NM-MT,2025 Bowman Chrome Tomoyuki Sugano RED ROOKIE REDEMPTION RC #41 PSA 8 NM-MT
,,,You Pick (1-100) Buy 5 Get 7 Free,2025 Bowman Baseball You Pick! (1-100) Buy 5 Get 7 Free!!!
41,,,41 Tomoyuki Sugano ROOKIE Paper Base Lot Of (7),Tomoyuki Sugano 2025 Bowman Orioles RC ROOKIE Paper Base Lot Of (7) #41
,,,Tomoyuki Sugano -2026 / Update/Holiday/Heritage 8-Card Lot,Tomoyuki Sugano 2025-2026 Bowman/Topps Update/Holiday/Heritage RC 8-Card Lot
41,,,41 Red Rookie Redemption Variation Tomoyuki Sugano -PSA 9,2025 Bowman - Red Rookie Redemption RC Variation Tomoyuki Sugano #41 -PSA 9
41,,,41 Tomoyuki Sugano (25) Card Rookie Lot,2025 Bowman Tomoyuki Sugano (25) Card Rookie RC Lot Orioles #41
,,,Travis Bazzana Draft Chrome #BDC-49 Lot Of 5,Travis Bazzana 2025 Bowman Draft Chrome #BDC-49 Cleveland Guardians Lot Of 5
,,,Travis Bazzana Chrome Adios Mini-Diamond Refractor /150 #AD12 PSA 9,Travis Bazzana 2025 Bowman Chrome Adios Mini-Diamond Refractor /150 #AD12 PSA 9
,,,Chrome ADIOS Travis Bazzana #AD-12 ð¥ FS,2025 Bowman Chrome - ADIOS - Travis Bazzana #AD-12 ð¥ FS!
,,,Travis Bazzana Draft Chrome True Gold Refractor /50 #BDC49,Travis Bazzana 2025 Bowman Draft Chrome True Gold Refractor /50 #BDC49 Cleveland
,,,TRAVIS BAZZANA DRAFT #BD-49,TRAVIS BAZZANA  GUARDIANS  2025 BOWMAN DRAFT #BD-49
,,,Best Best of Autographs Travis Bazzana #B25-TB Refractor,2025 Bowman's Best - Best of 2025 Autographs Travis Bazzana #B25-TB Refractor RC
,,,Draft Chrome Travis Bazzana Purple Refractor #/250 #BDC-49,2025 Bowman Draft Chrome Travis Bazzana Purple Refractor #/250 Guardians #BDC-49
49,,,49 /25 Draft Sapphire Travis Bazzana Orange PSA 10,2025 Bowman Draft Sapphire Travis Bazzana Orange /25 PSA 10 #49
,,,Travis Bazzana Chrome Crystallized SGC 9.5 MINT+,Travis Bazzana 2025 Bowman Chrome Crystallized SGC 9.5 MINT+ Cleveland Guardians
BCP-131,,,BCP-131 /50 Sapphire | Travis Bazzana Gold PSA 10 |,2025 Bowman Sapphire | Travis Bazzana #BCP-131 Gold /50 PSA 10 | Guardians
,,,Draft Travis Bazzana Blue Refractor 123/150 #BD-49,2025 Bowman Draft Travis Bazzana Blue Refractor 123/150 #BD-49 Guardians
,,,Sapphire | Travis Bazzana Red /5 PSA 9 MINT |,2025 Bowman Sapphire | Travis Bazzana Red /5 PSA 9 MINT | Guardians
,,,Draft Chrome Travis Bazzana Blue Geometric Refractor /150,2025 Bowman Draft Chrome Travis Bazzana Blue Geometric Refractor /150 Guardians
BP-131,,,BP-131 Travis Bazzana Paper Lot Of 7 Cards,2025 Bowman Prospects Travis Bazzana Paper Prospect Lot Of 7 Cards #BP-131
,,,Best Performances mini diamond Travis Bazzana,Topps 2025 Bowman's Best Performances mini diamond Travis Bazzana Guardians
,,,Draft Chrome Travis Bazzana #BDC-49 Refractor ( ),2025 Bowman Draft - Chrome Travis Bazzana #BDC-49 Refractor (RC)
,,,ð¥ð¥Travis Bazzanaâ¬ï ̧ð¥ Chrome VIP Rookie Lot {14},ð¥ð¥Travis Bazzanaâ¬ï¸ð¥2025 Bowman Chrome VIP Prospects RC Rookie Lot {14}
,,,Best Best of Autographs Travis Bazzana Gold Refractor /50,2025 Bowman's Best Best of 2025 Autographs Travis Bazzana Gold Refractor /50 RC
BCP-131,,,BCP-131 Chrome /75 YELLOW WAVE # TRAVIS BAZZANA PSA 8,2025 BOWMAN CHROME PROSPECTS YELLOW WAVE #BCP131 TRAVIS BAZZANA /75 PSA 8
,,,TRAVIS BAZZANA CHROME HTA CHOICE REFRACTOR AUTO /150 PSA 10,TRAVIS BAZZANA 2025 BOWMAN CHROME HTA CHOICE REFRACTOR AUTO /150 PSA 10
,,,Travis Bazzana 5 Card Lot,Travis Bazzana Bowman 5 Card Lot
,,,ð¥TRAVIS BAZZANA CHROME TRUE BLUE REFRACTOR AUTO /150 PSA 9 CLE,ð¥TRAVIS BAZZANA 2025 BOWMAN CHROME TRUE BLUE REFRACTOR AUTO /150 PSA 9 CLE
,,,"Chrome/panini Prizm Travis Bazzana 2 Card Lot. Mojo, Green Ice","2025 Bowman Chrome/panini Prizm Travis Bazzana 2 Card Lot. Mojo, Green Ice"
,,,BSS-17 Travis Bazzana Sapphire Selections Gold Refractor PSA 10,2025 Bowman BSS-17 Travis Bazzana Sapphire Selections Gold Refractor - PSA 10
,,,Draft Travis Bazzana Chrome Prized Refractor #/250,2025 Bowman Draft Travis Bazzana Chrome Prized Prospects Refractor #/250
,,,Best Travis Bazzana Auto Purple /75 #B25-TB,2025 Topps Bowman's Best Travis Bazzana RC Auto Purple /75 Guardians #B25-TB
,,,Draft Paper Travis Sykora BD-137 5 card lot,2025 Bowman Draft Paper Travis Sykora Nationals BD-137 5 card lot
,,,Draft #BD-137 Travis Sykora Sky Blue Border #/499,2025 Bowman Draft #BD-137 Travis Sykora Sky Blue Border #/499
,,,*FREE CHEAP * Draft- Complete Your Set Pick Your Player,*FREE SHIPPING! CHEAP!* 2025 Bowman Draft- Complete Your Set - Pick Your Player
,,,Draft Travis Sykora Chrome Fuchsia Reptilian Refractor #/199,2025 Bowman Draft Travis Sykora Chrome Fuchsia Reptilian Refractor #/199
,,,Draft Chrome Travis Sykora #BDC-137 Purple Geometric Refractor /250,2025 Bowman Draft Chrome Travis Sykora #BDC-137 Purple Geometric Refractor /250
,,,Draft Chrome Travis Sykora Lazer Refractor Washington,2025 Bowman Draft Chrome Travis Sykora Lazer Refractor 1st Bowman Washington
,,,"Travis Sykora Lot (9) Draft â Sapphire, Chrome & Refractors","Travis Sykora Lot (9) 2025 Bowman Draft â Sapphire, Chrome & Refractors"
,,,Draft Chrome TRAVIS SYKORA Refractor #BDC-137,2025 Bowman Draft Chrome  TRAVIS SYKORA  Refractor  #BDC-137
BP-1,,,BP-1 Draft PAPER # -200 YOU Pick COMPLETE YOUR Set,2025 Bowman Draft Baseball PAPER PROSPECTS #BP1-200 YOU Pick COMPLETE YOUR Set!
,,,DRAFT TRAVIS SYKORA #BD-137,2025 BOWMAN DRAFT TRAVIS SYKORA WASHINGTON NATIONALS #BD-137
,,,TRAVIS SYKORA DRAFT #BD-137,TRAVIS SYKORA  NATIONALS 2025 BOWMAN DRAFT #BD-137
,,,Draft Set Paper Singles BD1-BD200 20 card lots New Lower Prices,2025 Bowman Draft Set Paper Singles BD1-BD200 20 card lots New Lower Prices
,,,Draft Travis Sykora /75 #BDC-137 Yellow,2025 Bowman Draft Travis Sykora /75 Washington Nationals #BDC-137 Yellow
,,,Draft Paper (BD1-BD200): YOU PICK Complete Your Set,2025 Bowman Draft Paper (BD1-BD200): YOU PICK Complete Your Set
,,,Draft Travis Sykora Chrome Yellow Refractor #/75,2025 Bowman Draft Travis Sykora Chrome Yellow Refractor #/75 Nationals
,,,TRAVIS SYKORA /99 TRUE GREEN REFRACTOR Draft #BDC-137,TRAVIS SYKORA /99 TRUE GREEN REFRACTOR 2025 Bowman Draft #BDC-137 Nationals
1,,,1 Draft Paper -200: You Pick- Complete Your Set,2025 Bowman Draft Baseball Paper #1-200: You Pick- Complete Your Set
,,,TRAVIS SYKORA DRAFT CHROME REFRACTORS,TRAVIS SYKORA 2025 BOWMAN DRAFT CHROME REFRACTORS RC WASHINGTON NATIONALS
,,,TRAVIS SYKORA DRAFT CHROME #BDC-137,TRAVIS SYKORA 2025 BOWMAN DRAFT CHROME RC WASHINGTON NATIONALS #BDC-137
,,,Draft Sapphire Travis Sykora Chrome #BDC-137 (Multiples),2025 Bowman Draft Sapphire Travis Sykora Chrome #BDC-137 Nationals (Multiples)
,,,Draft PICK YOUR CARD BULK SAVINGS,2025 Bowman Draft Baseball  - PICK YOUR CARD - BULK SAVINGS
,,,Travis Sykora Draft Sapphire #BDC-137,Travis Sykora 2025 Bowman Draft Sapphire #BDC-137 Nationals
,,,Draft- Complete Your Set Pick Your Player Volume Pricing,2025 Bowman Draft- Complete Your Set - Pick Your Player - Volume Pricing! 1st
,,,Draft Paper Complete your Set You Pick #BD1-BD200 (2 Card Minimum),2025 Bowman Draft Paper Complete your Set You Pick  #BD1-BD200 (2 Card Minimum)
,,,YOU PICK Draft Chrome Base Cards BDC 1-200 â3⁄4ï ̧,YOU PICK - 2025 Bowman Draft Baseball Chrome Base Cards BDC 1-200 â¾ï¸
,,,Draft #BDC-137 Travis Sykora Black Sapphire 6/10,2025 Bowman Draft #BDC-137 Travis Sykora Black Sapphire 6/10
,,,Draft #BDC-137 Travis Sykora Chrome Refractor,2025 Bowman Draft #BDC-137 Travis Sykora Chrome Refractor Nationals
,,,Draft Travis Sykora Gold Geometric /50,2025 Bowman Draft Travis Sykora Gold Geometric /50
,,,Draft Travis Sykora Bd-137 5 Paper Base Card Lot,2025 Bowman Draft Travis Sykora Bd-137 5 Paper Base Card Lot Nationals
,,,Draft Travis Sykora Gold /50,2025 Bowman Draft Prospects Travis Sykora Gold /50 Nationals
,,,PSA 10 TRAVIS SYKORA ON-CARD AUTO MOJO CHROME CHROME MEGA,PSA 10 TRAVIS SYKORA ON-CARD AUTO MOJO CHROME PROSPECTS 2025 BOWMAN CHROME MEGA
,,,Draft Travis Sykora Sky Blue Border #/499,2025 Bowman Draft Travis Sykora Sky Blue Border #/499 Nationals
BCP-1,,,BCP-1 Chrome Draft Propsects -BCP200 You Pick 2 Card Minimum,2025 Bowman Draft CHROME Propsects BCP1-BCP200 You Pick - 2 Card Minimum
,,,Draft Chrome #BDC-137 Travis Sykora Laser Refractor A,2025 Bowman Draft Chrome #BDC-137 Travis Sykora Laser Refractor A
,,,Travis Sykora Draft Steel Metal Refractor /100 BDC-137 *READ*,Travis Sykora Bowman Draft Steel Metal Refractor /100 BDC-137 2025 *READ*
,,,Draft Paper (BD1-BD200): YOU PICK Complete Your Set 50% off 4+,2025 Bowman Draft Paper (BD1-BD200): YOU PICK Complete Your Set - 50% off 4+
,,,Draft Travis Sykora Aqua Wave Refractor /125 BDC-137,2025 Bowman Draft Travis Sykora Aqua Wave Refractor /125 BDC-137 Nationals
,,,Draft #BDC-137 Travis Sykora True Orange Refractor /25,2025 Bowman Draft #BDC-137 Travis Sykora True Orange Refractor /25 Nationals
,,,Draft Chrome Travis Sykora #BDC-137 Aqua Wave Refractor /125 ( ),2025 Bowman Draft - Chrome Travis Sykora #BDC-137 Aqua Wave Refractor /125 (RC)
,,,Draft Chrome PURPLE REFRACTOR/250 Travis Sykora #BDC-137,2025 Bowman Draft Chrome PURPLE REFRACTOR/250 Travis Sykora Nationals #BDC-137
,,,Draft Chrome Travis Sykora #BDC-137,2025 Bowman Draft Chrome Travis Sykora #BDC-137
,,,Travis Sykora Draft Gold Sapphire /50,Travis Sykora 2025 Bowman Draft Gold Sapphire /50!!! Nationals
,,,Chrome Trea Turner Blue Geometric Refractor /150 PSA 9,2025 Bowman Chrome Trea Turner Blue Geometric Refractor /150 PSA 9
,,,"Veteran & -You Pick- 1-100 **Buy More, Save More**","2025 Bowman Veteran & RC -You Pick- 1-100 **Buy More, Save More**"
,,,You Pick (1-100) Buy 5 Get 7 Free,2025 Bowman Baseball You Pick! (1-100) Buy 5 Get 7 Free!!!
,,,"Chrome Base, Pick Your Card, SHIPS FREE Updated 4/3","2025 Bowman Chrome Base, Pick Your Card, SHIPS FREE! Updated 4/3!"
,,,Chrome Trea Turner Orange Geometric /25 #82 PSA 9,2025 Bowman Chrome Trea Turner Orange Geometric /25 #82 PSA 9 Phillies
,,,Chrome (#1 #100) You Pick- Volume Discount,2025 Bowman Chrome (#1 - #100) - You Pick- Volume Discount
,,,"TREY SWEENEY ROOKIE FAVORITES, ROCKSTAR ROOKIES 2 CARD LOT","2025 BOWMAN BASEBALL TREY SWEENEY ROOKIE FAVORITES, ROCKSTAR ROOKIES 2 CARD LOT"
,,,Inserts Pick Your Card,2025 Bowman Inserts Pick Your Card
,,,Trey Yesavage Scouts Top 100-red Ref 3/5. Psa 8,2025 Bowman Trey Yesavage Scouts Top 100-red Ref 3/5. Psa 8
,,,TREY YESAVAGE DRAFT CARD #BD-92,TREY YESAVAGE 2025 BOWMAN DRAFT 1ST BOWMAN CARD #BD-92 TORONTO BLUE JAYS
,,,TREY YESAVAGE 2024 DRAFT DRAFT #BD-92 TGA 9.5,TREY YESAVAGE 2024 BOWMAN DRAFT 1ST BOWMAN DRAFT #BD-92 TGA 9.5
,,,2024 Draft Chrome Trey Yesavage #BDC-92 ( ),2024 Bowman Draft - Chrome Trey Yesavage #BDC-92 (RC)
,,,ð¥ Archives Signature Series Triston Casas Auto /10 PSA 9 ð¥,ð¥ 2025 Topps Archives Signature Series Triston Casas Auto /10 PSA 9 Red Sox ð¥
,,,"Veteran & -You Pick- 1-100 **Buy More, Save More**","2025 Bowman Veteran & RC -You Pick- 1-100 **Buy More, Save More**"
,,,You Pick (1-100) Buy 5 Get 7 Free,2025 Bowman Baseball You Pick! (1-100) Buy 5 Get 7 Free!!!
BP-1,,,BP-1 BASE and #1-100 to BP-150 You Pick,2025 Bowman Baseball BASE and PROSPECTS #1-100 #BP-1 to BP-150 You Pick!
,,,1-100 Complete Your Set Singles,2025 Bowman 1-100 Complete Your Set Singles
BP-95,,,BP-95 Tsung-Che Cheng Paper Lot Of 10 Piratesð¥ð¥,2025 Bowman Tsung-Che Cheng 1st Paper Prospects Lot Of 10 BP-95 Piratesð¥ð¥
BP-95,,,BP-95 Tsung-Che Cheng GEM MINT Graded 10,Tsung-Che Cheng 2025 Bowman Prospects Rookie Card BP-95 GEM MINT Graded 10
,,,CHROME AUTOS GOLD REFRACTOR TSUNG-CHE CHENG 29/50 PSA 9,2025 BOWMAN CHROME PROSPECT AUTOS GOLD REFRACTOR TSUNG-CHE CHENG 29/50 PSA 9
CPA-TC,,,CPA-TC Chrome /50 Auto Gold Shimmer Tsung-Che Cheng PSA 10,2025 Bowman Chrome Prospect Auto Gold Shimmer 9/50 Tsung-Che Cheng CPA-TC PSA 10
,,,", Purple Lava-Black Wave,4 CARD MINIMUM,CARDS 1-100,30% OFF free ship","2025 Bowman, Purple Lava-Black Wave,4 CARD MINIMUM,CARDS 1-100,30% OFF free ship"
,,,Draft #AA-TBR Tyler Bremner Achromatic Auto /99,2025 Bowman Draft #AA-TBR Tyler Bremner Achromatic Auto /99
,,,Draft #AA-TBR Tyler Bremner Achromatic Auto /250,2025 Bowman Draft #AA-TBR Tyler Bremner Achromatic Auto /250
,,,"Lot (60) w/ Numbered Parallels, Rookie Cards , Chourio +","Milwaukee Brewers Lot (60) w/ Numbered Parallels, Rookie Cards RC, Chourio +"
,,,Draft Crystallized Tyler Bremner #C-8 Black Refractor /10 SSP,2025 Bowman Draft - Crystallized Tyler Bremner #C-8 Black Refractor /10 SSP
,,,U Chrome Basketball Black Wave Cards complete your set A0387,2025 Bowman U Chrome Basketball Black Wave Cards complete your set A0387
,,,Draft Tyler Bremner Achromatic Autograph Green /99 #AA-TBR,2025 Bowman Draft Tyler Bremner Achromatic Autograph Green /99 #AA-TBR
39,,,39 /75 2024 Best Tyler Black Yellow Lazer Refractor ( ),2024 Bowman's Best - Tyler Black #39 - Yellow Lazer Refractor /75 (RC)
,,,Draft Tyler Bremner Chrome Achromatic Auto /250,2025 Bowman Draft Tyler Bremner Chrome Achromatic Auto /250 Angels
,,,Tyler Bremner In Action Die cut Black parallel 3/10 PSA 10,2025 Bowman 1st Tyler Bremner In Action Die cut Black parallel 3/10 PSA 10
,,,Tyler Bremner Draft Chrome Achromatic Auto /250 #AA-TBR â,Tyler Bremner 2025 Bowman Draft Chrome 1st Achromatic Auto /250 Angels #AA-TBR â
,,,Best Tyler Bremner Auto Black Refractor /10 ~,2025 Bowman's Best Tyler Bremner Auto Black Refractor /10 ~ Los Angeles Angels
,,,"Veteran & -You Pick- 1-100 **Buy More, Save More**","2025 Bowman Veteran & RC -You Pick- 1-100 **Buy More, Save More**"
,,,You Pick (1-100) Buy 5 Get 7 Free,2025 Bowman Baseball You Pick! (1-100) Buy 5 Get 7 Free!!!
CRA-TL,,,CRA-TL Chrome /150 Tyler Locklear # Rookie Blue Refractor Auto PSA 8,2025 Bowman Chrome Tyler Locklear #CRA-TL Rookie Blue Refractor Auto /150 PSA 8
93,,,93 ð¥ Red Rookie Redemption ( ) Tyler Locklear ð¥Psa 9,ð¥2025 Bowman #93 Red Rookie Redemption (Rc) Tyler Locklear ð¥Psa 9 Mariners
93,,,93 Tyler Locklear Red Rookie Redemption PSA 10,2025 Bowman Tyler Locklear #93 Red Rookie Redemption PSA 10
,,,1-100 Complete Your Set Singles,2025 Bowman 1-100 Complete Your Set Singles
,,,TYLER LOCKLEAR 4-LOT Chrome RED LOGO REFRACTOR/Paper #93,TYLER LOCKLEAR 4-LOT 2025 Bowman Chrome RED LOGO REFRACTOR/Paper #93 MARINERS RC
BP-45,,,BP-45 Paper Victor Rodrigues 5 Card Lot,2025 Bowman Prospect Paper Victor Rodrigues  #BP-45 5 Card Lot
BCP-45,,,BCP-45 Chrome /10 Victor Rodrigues Black PSA 10 POP 1,2025 Bowman Chrome Prospect 1st Victor Rodrigues #BCP-45 Black /10 PSA 10 POP 1
PRV-VS,,,PRV-VS /250 Purple Auto # Victor Scott II BGS 9,2025 Bowman Purple Auto #PRV-VS Victor Scott II St. Louis Cardinals 13/250 BGS 9
,,,Best Vladimir Guerrero Jr. /150 & Refractor 4 Lot,Topps Bowman's Best 2025 Vladimir Guerrero Jr. /150 & Refractor Blue Jays 4 Lot
,,,Vladimir Guerrero Jr. Chrome Refractor Best #22,Vladimir Guerrero Jr. Chrome Refractor 2025 Bowman's Best #22 Toronto Blue Jays
,,,Vladimir Guerrero Jr. Chrome Graded MGCo Gem Mint 10,Vladimir Guerrero Jr. 2025 Bowman Chrome Graded MGCo Gem Mint 10
22,,,22 Best Vladimir Guerrero Jr.,2025 Bowman's Best Vladimir Guerrero Jr. #22 Toronto Blue Jays
,,,You Pick (1-100) Buy 5 Get 7 Free,2025 Bowman Baseball You Pick! (1-100) Buy 5 Get 7 Free!!!
,,,ð¥ð¥ Chrome Vladimir Guerrero Jr. ORANGE ADIOS /25 ð¥ð¥,ð¥ð¥2025 Bowman Chrome Vladimir Guerrero Jr. ORANGE ADIOS /25 ð¥ð¥
,,,Vladimir Guerrero Jr #AAV-VG Adios Auto /99 Chrome PSA 10,Vladimir Guerrero Jr #AAV-VG Adios Auto /99 Blue Jays 2025 Bowman Chrome PSA 10!
,,,#27 Chrome Fuchsia Mega Refr Mojo Vladimir Guerrero Jr. /299 Psa 9,2025 Bowman #27 Chrome Fuchsia Mega Refr Mojo Vladimir Guerrero Jr. /299 Psa 9
22,,,22 Best Vladimir Guerrero Jr. Refractors,2025 Bowman's Best #22 Vladimir Guerrero Jr. Refractors
,,,CHROME VLADIMIR GUERRERO JR. TRUE ORANGE REFRACTOR SP #21/25 PSA 9,2025 BOWMAN CHROME VLADIMIR GUERRERO JR. TRUE ORANGE REFRACTOR SP #21/25 PSA 9!
,,,Chrome VLADIMIR GUERRERO JR 16/99 Auto Refractor SP Adios #AAV-VG,2025 Bowman Chrome VLADIMIR GUERRERO JR 16/99 Auto Refractor SP Adios! #AAV-VG
,,,Chrome Adios #AD-22 Vladimir Guerrero Jr.,2025 Bowman Chrome Baseball - Adios #AD-22 Vladimir Guerrero Jr. Blue Jays
22,,,22 Best Vladimir Guerrero Jr. Refractor,2025 Bowman's Best #22 Vladimir Guerrero Jr. Refractor
,,,Best Vladimir Guerrero Jr. Aqua Refractor #/199,2025 Bowman's Best Vladimir Guerrero Jr. Aqua Refractor #/199 Blue Jays
,,,Vladimir Guerrero Jr. ð #27 Chrome Mojo Refractor 5 Card Lot,Vladimir Guerrero Jr. ð 2025 Bowman - #27 Chrome Mojo Refractor 5 Card Lot
22,,,22 Best Vladimir Guerrero Jr. Refractor,2025 Bowman's Best - Vladimir Guerrero Jr. #22 Refractor
22,,,22 /250 Best Vladimir Guerrero Jr PURPLE REFRACTOR,2025 Bowman's Best Vladimir Guerrero Jr PURPLE REFRACTOR /250 #22 Blue Jays
,,,Chrome Walker Janek Black Sapphire /10 PSA 10 POP 3,2025 Bowman Chrome Prospects Walker Janek Black Sapphire /10 PSA 10 POP 3
,,,Walker Janek CHR Pros 14/25 Auto Orange Wave #CPAWJA PSA 9,2025 Bowman Walker Janek CHR Pros 14/25 Auto Orange Wave #CPAWJA PSA 9
,,,Best Walker Janek Refractor Auto,2025 Bowman's Best Walker Janek Refractor Auto
,,,Draft #BDC-45 Walker Janek Gold Sapphire /50,2025 Bowman Draft #BDC-45 Walker Janek Gold Sapphire /50
,,,Draft Walker Janek #BD-45,2025 Bowman Draft Walker Janek #BD-45
,,,Draft Chrome Walker Janek #BDC-45 Green Refractor /99,2025 Bowman Draft Chrome Walker Janek #BDC-45 Green Refractor /99
BCP-15,,,BCP-15 Chrome Walker Janek Popcorn Refractor PSA Gem Mint 10 Low Pop,2025 Bowman Chrome BCP-15 Walker Janek Popcorn Refractor PSA Gem Mint 10 Low Pop
,,,Draft #BDC-45 Walker Janek Chrome Green Grass Refractor /99,2025 Bowman Draft #BDC-45 Walker Janek Chrome Green Grass Refractor /99
,,,Draft Chrome Walker Janek Laser Refractor,2025 Bowman Draft Chrome Walker Janek Laser Refractor RC
,,,Draft BDC-45 Walker Janek Red Geometric 1/5 First Print,2025 Bowman Draft Prospects BDC-45 Walker Janek Red Geometric 1/5 First Print
,,,Chrome Walker Janek AUTO Gold Shimmer /50 PSA 9,2025 Bowman Chrome 1st Bowman Walker Janek AUTO Gold Shimmer /50 PSA 9
,,,Best Rookie Autograph Walker Janek #B25-WJA,Topps 2025 Bowman's Best Rookie Autograph Walker Janek Houston Astros #B25-WJA
,,,Sapphire Chrome Walker Janek Yellow /75 PSA 10,2025 Bowman Sapphire Edition - Chrome Prospects Walker Janek Yellow /75 PSA 10
BP-15,,,BP-15 WALKER JANEK Card Astros ( 21 Card Lot ),WALKER JANEK 2025 Bowman Prospects #BP-15 1st Bowman Card Astros ( 21 Card Lot )
,,,Walker Janek Draft Chrome Aqua Reptilian Refractor #/125 Astros,Walker Janek 2025 Bowman Draft Chrome Aqua Reptilian Refractor #/125 Astros
CPA-WJA,,,CPA-WJA Chrome /299 Walker Janek Auto Speckle Refractor # PSA 10,2025 Bowman Walker Janek Chrome Auto Speckle Refractor /299 #CPA-WJA PSA 10
,,,Draft Walker Jenkins BDC-159 Purple Refractor Parallel #193/250,2025 Bowman Draft Walker Jenkins BDC-159 1st Purple Refractor Parallel #193/250
,,,Walker Jenkins Chrome Speckle Refractor Auto /299 PSA 9,Walker Jenkins 2025 Bowman Chrome Speckle Refractor Auto /299 PSA 9
,,,Walker Jenkins Best Refractor Auto Rookie,Walker Jenkins 2025 Bowman's Best Refractor Auto Prospect Rookie RC Twins
,,,Best #TP-7 Walker Jenkins Blue Lazer Refractor /150,2025 Bowman's Best #TP-7 - Walker Jenkins Blue Lazer Refractor /150
1,,,1 /250 Best WALKER JENKINS PURPLE LASER REFRACTOR,2025 Bowman's Best WALKER JENKINS PURPLE LASER REFRACTOR /250 TWINS #1 Prospect
,,,Best Best-Tek Autograph Walker Jenkins 19/25 CASE HIT,Topps 2025 Bowman's Best Best-Tek Autograph Walker Jenkins Twins 19/25 CASE HIT
,,,Walker Jenkins Sapphire Selections #BSS18 Gold Ref #/50 PSA 10,Walker Jenkins 2025 Bowman Sapphire Selections #BSS18 Twins Gold Ref #/50 PSA 10
,,,Draft Chrome #BDC-159 Walker Jenkins True Blue Refractor 93/150,2025 Bowman Draft Chrome #BDC-159 Walker Jenkins True Blue Refractor 93/150
,,,Draft Chrome #A-14 Walker Jenkins Axis,2025 Bowman Draft Chrome #A-14 Walker Jenkins Axis Minnesota Twins
,,,Best #TP-7 WALKER JENKINS Yellow Refractor /75,2025 Bowman's Best #TP-7 WALKER JENKINS Yellow Refractor /75
,,,Best #TP-7 WALKER JENKINS Mini Diamond Refractor /299,2025 Bowman's Best #TP-7 WALKER JENKINS Mini Diamond Refractor /299
,,,Best Walker Jenkins #TP-7 Lazer Refractor /350,2025 Bowman's Best Walker Jenkins #TP-7 Lazer Refractor /350 Twins
,,,WALKER JENKINS Draft Chrome #BDC-159 Yellow Reptilian /75ð¥ð¥ð,WALKER JENKINS 2025 Bowman Draft Chrome #BDC-159 Yellow Reptilian /75ð¥ð¥ð
,,,Chrome GPK Dead Ringer Walker BGP-26 Mint 9 Walker Jenkins,2025 Bowman Chrome GPK Dead Ringer Walker BGP-26 Mint 9 Walker Jenkins Twins
,,,DRAFT WALKER JENKINS SKY BLUE BORDER /499,2025 BOWMAN DRAFT WALKER JENKINS SKY BLUE BORDER /499
,,,Draft Chrome Walker Jenkins #BDC-159 Laser Refractor ( ),2025 Bowman Draft - Chrome Walker Jenkins #BDC-159 Laser Refractor (RC)
,,,Draft #BDC-159 Walker Jenkins Geometric /75,2025 Bowman Draft #BDC-159 Walker Jenkins Geometric /75
,,,Best Top Walker Jenkins Purple Mojo Refractor /250 ( ),2025 Bowman's Best - Top Prospect Walker Jenkins Purple Mojo Refractor /250 (RC)
,,,Best #TP-7 Walker Jenkins Purple Lazer Refractors #/250,2025 Bowman's Best #TP-7 Walker Jenkins Purple Lazer Refractors #/250
,,,Best Walker Jenkins #TP-7 Purple Mojo Refractor /250,2025 Bowman's Best - Walker Jenkins #TP-7 Purple Mojo Refractor /250
,,,Draft Chrome Walker Jenkins Black Geometric Refractor /10 PSA 9,2025 Bowman Draft Chrome Walker Jenkins Black Geometric Refractor 1st/10 PSA 9
,,,Walker Jenkins /75 Yellow Geometric Refractor Draft #BDC-159,Walker Jenkins /75 Yellow Geometric Refractor 2025 Bowman Draft #BDC-159 Twins
,,,Draft Walker Jenkins #BD-159 Blue /150 ( ),2025 Bowman Draft - Walker Jenkins #BD-159 Blue /150 (RC)
,,,Best Walker Jenkins Best of Blue Refractor Auto /150,2025 Bowman's Best Walker Jenkins Best of 2025 Blue Refractor Auto /150
,,,INSERTS You Pick Your Card & Complete Your Set,2025 BOWMAN BASEBALL INSERTS You Pick Your Card & Complete Your Set
BTP-84,,,BTP-84 16 Card Lot Of Welbyn Francisca Scouts' Top 100,16 Card Lot Of 2025 Bowman Welbyn Francisca Scouts' Top 100 #BTP-84 Guardians
,,,INSERTS YOU PICK YOUR CARD,2025 BOWMAN INSERTS YOU PICK YOUR CARD
,,,INSERTS with Chrome and Rookies You Pick 2 Card Minimum,2025 Bowman INSERTS with Chrome and Rookies You Pick - 2 Card Minimum
BP-6,,,BP-6 Paper Wen Hui Pan 5 Card Lot,2025 Bowman Prospect Paper Wen Hui Pan #BP-6 5 Card Lot
,,,Chrome Auto True Red Refractor Wen-Hui Pan Dual Gr PSA 8/10,2025 Bowman Chrome Prospect Auto True Red Refractor Wen-Hui Pan Dual Gr PSA 8/10
,,,Wen-Hui Pan Chrome Auto Gold Refractor /50 PSA 9,2025 Bowman Wen-Hui Pan Chrome Auto Gold Refractor 1st /50 Phillies PSA 9
BCP-6,,,BCP-6 /50 Sapphire Wen-Hui Pan Gold Refractor ( ) PSA 10,2025 Bowman Sapphire Wen-Hui Pan #BCP-6 Gold Refractor /50 (RC) PSA 10
,,,Wen-Hui Pan Auto Orange Shimmer 21/25 PSA 10 POP 2 ð¥,2025 Bowman Phillies Wen-Hui Pan 1st Auto Orange Shimmer 21/25 PSA 10 POP 2!!ð¥
BCP-6,,,BCP-6 Chrome # Wen-Hui Pan Reptilian Ref PSA 10,2025 Bowman Chrome Prospects #BCP6 Wen-Hui Pan 1st Reptilian Ref PSA 10
,,,WEN-HUI PAN Chrome BLUE X-FRACTOR AUTO /150 PSA 9 Mint,2025 Bowman WEN-HUI PAN Chrome Prospect BLUE X-FRACTOR AUTO /150 PSA 9 Mint
,,,Wen-Hui Pan Chrome Auto Speckle Refractor /299 #CPAWP PSA 10,2025 Bowman - Wen-Hui Pan 1st Chrome Auto Speckle Refractor /299 #CPAWP PSA 10
CPA-WP,,,CPA-WP /99 Wen-Hui Pan # Green Lava Auto PSA 9,2025 Bowman Wen-Hui Pan #CPA-WP Green Lava Auto /99 PSA 9
BP-35,,,BP-35 Paper Will Simpson 5 Card Lot,2025 Bowman Prospect Paper Will Simpson Athletics #BP-35 5 Card Lot
CPA-WSI,,,CPA-WSI Chrome /99 Autographs Will Simpson # Green PSA 9,2025 Bowman - Chrome Prospect Autographs Will Simpson #CPA-WSI Green /99 PSA 9
,,,Will Simpson Autograph Chrome Red Refractor /5 PSA 9,2025 Bowman Will Simpson Autograph 1st Bowman Chrome Red Refractor /5 PSA 9
,,,CHROME WILL SIMPSON AUTO /150 TRUE BLUE REFRACTOR PSA 10 GEM Aâs,2025 BOWMAN CHROME WILL SIMPSON 1ST AUTO /150 TRUE BLUE REFRACTOR PSA 10 GEM Aâs
,,,Chrome Yellow X-Fractor Graded PSA GEM MT 10 Will Simpson /75,2025 Bowman Chrome Yellow X-Fractor Graded PSA GEM MT 10 - Will Simpson /75
,,,Draft Will Simpson Blue Geometric /150,2025 Bowman Draft Will Simpson 1st Prospect Blue Geometric /150 Athletics
,,,Best Will Smith Refractor /5 SSSP,2025 Bowman's Best Will Smith Refractor /5 SSSP!
23,,,23 Best Will Smith Refractor,2025 Bowman's Best Will Smith Refractor #23 Los Angeles Dodgers
23,,,23 /199 Best Will Smith Aqua Lava Refractor,2025 Bowman's Best #23 Will Smith Aqua Lava Refractor #/199 Los Angeles Dodgers
23,,,23 /99 Best Will Smith Serial,2025 Topps Bowman's Best Will Smith Los Angeles Dodgers #23 Serial #/99
,,,Will Smith Bowmans Best Red Refractor #d 2/5,Will Smith 2025 Bowmans Best Baseball Red Refractor #d 2/5 Dodgers
23,,,23 Best Will Smith Wave Refractor,2025 Bowman's Best Will Smith #23 Wave Refractor Los Angeles Dodgers
,,,You Pick (1-100) Buy 5 Get 7 Free,2025 Bowman Baseball You Pick! (1-100) Buy 5 Get 7 Free!!!
23,,,23 Best WILL SMITH Base,2025 Bowman's Best #23 WILL SMITH Base Los Angeles Dodgers
23,,,23 Best Will Smith Refractors,2025 Bowman's Best Will Smith Refractors #23 Los Angeles Dodgers
23,,,23 Best Will Smith Refractor,2025 Bowman's Best #23 Will Smith Refractor Los Angeles Dodgers
,,,Best Base You Pick Complete Your Set,2025 Bowman's Best Baseball Base - You Pick - Complete Your Set
62,,,62 & Will Smith Card Lot 198,Topps & Bowman Will Smith Los Angeles Dodgers  2025 Card Lot #62 198
23,,,23 /75 Will Smith Best Yellow Lazer Refractor,Will Smith 2025 Bowman's Best #23 Yellow Lazer Refractor /75
,,,Best Will Smith Blue Refractor Parallel /150 Lot w Betts,2025 Bowman's Best Will Smith Blue Refractor Parallel /150 Dodgers Lot w Betts
23,,,23 Best Will Smith Green Mini-Diamond Refractor,2025 Bowman's Best Will Smith #23 Green Mini-Diamond Refractor
23,,,23 BEST REFRACTOR WILL SMITH,2025 BOWMAN'S BEST REFRACTOR #23 WILL SMITH DODGERS
,,,Best BASE You Pick Complete Your Set,2025 Bowman's Best - BASE - You Pick Complete Your Set
23,,,23 Best Will Smith Wave Refractor,2025 Bowman's Best Will Smith #23 Wave Refractor Los Angeles Dodgers
23,,,23 /199 Best Will Smith Aqua Lava Refractor LA,2025 Bowman's Best Will Smith Aqua Lava Refractor /199 #23 LA Dodgers
62,,,62 Will Smith ** Lot of 24 Cards **,2025 Bowman - Will Smith #62 Dodgers ** Lot of 24 Cards **
23,,,23 /99 Best Green Mini-Diamond Refractor Will Smith,2025 Bowman's Best Green Mini-Diamond Refractor /99 Will Smith #23 Dodgers
,,,B6736- Card #s 1-100 +Inserts -You Pick- 15+ FREE US SHIP,B6736- 2025 Bowman Baseball Card #s 1-100 +Inserts -You Pick- 15+ FREE US SHIP
23,,,23 /99 Best Will Smith Green Refractor ð¥,2025 Bowman's Best #23 Will Smith Green Refractor /99 Dodgers ð¥
,,,Best Will Smith Wave Refractor,2025 Bowman's Best Will Smith Wave Refractor Dodgers
23,,,23 Best Will Smith Refractor,2025 Bowman's Best Will Smith #23 Refractor
,,,Will Smith /150 Refractor Blue X-Fractor Best,Will Smith /150 Refractor Blue X-Fractor 2025 Bowman's Best Dodgers
23,,,23 /250 Best Will Smith Purple Mojo #âd ð¥ð¥,2025 Bowman's Best Will Smith #23 Purple Mojo #âd /250 Los Angeles Dodgers ð¥ð¥
23,,,23 /150 Best Will Smith Blue Color Match Refractor,2025 Topps Bowman's Best Will Smith Blue Color Match Refractor /150 Dodgers #23
,,,Bowmanâs Best Will Smith (17) Card Lot: Number Match Mini Diamond,2025 Bowmanâs Best Dodgers Will Smith (17) Card Lot: Number Match Mini Diamond
,,,Bowmans Best Will Smith Aqua Lava Refractor /199,2025 Bowmans Best Will Smith Aqua Lava Refractor /199 Dodgers
23,,,23 Best Will Smith Refractor,2025 Bowman's Best - Will Smith #23 Refractor
70,,,70 Paper William Contreras 5 Card Lot,2025 Bowman Paper William Contreras Milwaukee Brewers #70  5 Card Lot
,,,"Veteran & -You Pick- 1-100 **Buy More, Save More**","2025 Bowman Veteran & RC -You Pick- 1-100 **Buy More, Save More**"
,,,You Pick (1-100) Buy 5 Get 7 Free,2025 Bowman Baseball You Pick! (1-100) Buy 5 Get 7 Free!!!
70,,,70 William Contreras **23 Card Lot**,2025 Bowman - William Contreras #70 Milwaukee Brewers **23 Card Lot**
,,,B6736- Card #s 1-100 +Inserts -You Pick- 15+ FREE US SHIP,B6736- 2025 Bowman Baseball Card #s 1-100 +Inserts -You Pick- 15+ FREE US SHIP
,,,Chrome Willy Adames Black Geometric Refractor #14 7/10 PSA 10 GEM MT,2025 Bowman Chrome Willy Adames Black Geometric Refractor #14 7/10 PSA 10 GEM MT
,,,You Pick (1-100) Buy 5 Get 7 Free,2025 Bowman Baseball You Pick! (1-100) Buy 5 Get 7 Free!!!
,,,CHROME SAPPHIRE ORANGE #14 WILLY ADAMES 25/25 PSA 10,2025 BOWMAN CHROME SAPPHIRE EDITION ORANGE #14 WILLY ADAMES 25/25 PSA 10
,,,"Chrome Parallels and Inserts Pick Your Card, SHIPS FREE Up'd 4/26","2025 Bowman Chrome Parallels and Inserts Pick Your Card, SHIPS FREE! Up'd 4/26!"
BP-121,,,BP-121 Winston Santos Paper Lot Of 10 Texas Rangersð¥,2025 Bowman Winston Santos 1st Paper Prospects Lot Of 10 BP-121 Texas Rangersð¥
,,,Winston Santos Chrome Auto HTA Choice Refractor /150 PSA 9,2025 Bowman Winston Santos Chrome Auto HTA Choice Refractor 1st /150 PSA 9
BCP-121,,,BCP-121 Chrome Winston Santos Lot x6,2025 Bowman Winston Santos 1st Chrome Lot x6 Rangers BCP-121
,,,Chrome Winston Santos Firefractor 1/3 PSA 10 Gem Mint POP 1,2025 Bowman Chrome Winston Santos  Firefractor 1/3 PSA 10 Gem Mint POP 1
CPA-WS,,,CPA-WS Chrome /50 WINSTON SANTOS TRUE GOLD A PSA 10,WINSTON SANTOS 2025 BOWMAN CHROME 1ST TRUE GOLD /50 A PSA 10 CPA-WS
,,,Best Wyatt Langford Aqua Lava Refractor /199,2025 Bowman's Best Baseball Wyatt Langford Aqua Lava Refractor /199
,,,Wyatt Langford Chrome Refractor Best #63,Wyatt Langford Chrome Refractor 2025 Bowman's Best Baseball #63 Texas Rangers
,,,Best Yellow Laser Refractor Wyatt Langford /75,2025 Topps Bowman's Best - Yellow Laser Refractor - Rangers Wyatt Langford  /75
,,,Best WYATT LANGFORD #/75 True YELLOW REFRACTOR 63,2025 Bowman's Best WYATT LANGFORD #/75 True YELLOW REFRACTOR Rangers 63
,,,You Pick (1-100) Buy 5 Get 7 Free,2025 Bowman Baseball You Pick! (1-100) Buy 5 Get 7 Free!!!
,,,ð¥âï ̧ Best Best Performance Wyatt Langford auto 20/50âï ̧ð¥,ð¥âï¸2025 Bowman's Best Best Performance Wyatt Langford auto 20/50âï¸ð¥
,,,x25 Wyatt Langford 2023 ( ) Draft #106 lot/set,x25 Wyatt Langford 2023 (1st) Bowman Draft #106 Rookie Card RC lot/set Rangers!!
63,,,63 /50 Wyatt Langford Best Gold Refractor -,Wyatt Langford  2025 Bowman's Best Gold Refractor 14/50- #63 Rangers
BP-4,,,BP-4 Best Best Performances Wyatt Langford Mini-Diamond...,2025 Bowman's Best - Best Performances Wyatt Langford #BP-4 Mini-Diamond...
63,,,63 /250 Best Wyatt Langford Purple Lazer Refractor,2025 Bowman's Best - Wyatt Langford #63 Purple Lazer Refractor /250
BPA-WL,,,BPA-WL /150 Best # Wyatt Langford Best Performance Autographs,2025 Bowman's Best #BPA-WL Wyatt Langford Best Performance Autographs /150
,,,Chrome Sapphire Wyatt Langford Black /10 PSA 10 POP 1,2025 Bowman Chrome Sapphire Wyatt Langford Black /10 PSA 10 POP 1
BP-4,,,BP-4 /50 Best Wyatt Langford Best Performances Gold Lava,2025 Bowman's Best Wyatt Langford #BP-4 Best Performances Rangers Gold Lava /50
BPA-WL,,,BPA-WL /150 Wyatt Langford Best # Best Performance Auto,Wyatt Langford 2025 Bowman's Best #BPA-WL Best Performance Auto /150
BPA-WL,,,BPA-WL /150 Best Wyatt Langford Best Performance Auto #,2025 Bowman's Best Wyatt Langford Best Performance Auto 086/150 #BPA-WL
63,,,63 /250 Best Wyatt Langford Purple Lazer Refractor,2025 Bowman's Best - Wyatt Langford #63 Purple Lazer Refractor /250
,,,"Lot (105) w/ Refractor Parallels, Rookie Cards , +","Miami Marlins Lot (105) w/ Refractor Parallels, Rookie Cards RC, Prospects +"
,,,Chrome Set Singles You PICK Complete your set #1-149,2025 Topps Chrome Baseball Set Singles You PICK Complete your set #1-149
1,,,1 2021 -150 You Pick/Choose,2021 Bowman Prospects #1-150 You Pick/Choose
,,,38 Lot 2026 9 PJ Morlando 2024 #/299 2023 Deyvison de Los Santos #/499,38 Lot 2026 Marlins 9 PJ Morlando 2024 #/299 2023 Deyvison de Los Santos #/499
,,,XAVIER ISAAC 2023 Green /99 Light Blue /499 Purple Chrome /250 LOT OF 3,XAVIER ISAAC 2023 Bowman Green /99 Light Blue /499 Purple Chrome /250 LOT OF 3
,,,Top 100 Insert You Chose Complete Your Set,2025 Bowman Top 100 Insert You Chose! Complete Your Set!
,,,Yeremi Cabrera Sapphire Chrome Auto Gold Refractor /50 PSA 8,Yeremi Cabrera 2025 Bowman Sapphire Chrome 1st Auto Gold Refractor /50 PSA 8
BP-146,,,BP-146 Yeremi Cabrera Paper Lot Of 10 Texas Rangersð¥,2025 Bowman Yeremi Cabrera 1st Paper Prospects Lot Of 10 BP-146 Texas Rangersð¥
,,,Chrome Yeremi Cabrera Auto PSA 10 GEM MINT POP 23 Rookie,2025 Bowman Chrome Yeremi Cabrera 1st Auto PSA 10 GEM MINT POP 23 Rookie RC
,,,Yeremi Cabrera Chrome #CPAYC orange wave auto 15/25 PSA 8,Yeremi Cabrera 2025 Bowman Chrome #CPAYC orange wave 1st RC auto 15/25 PSA 8
,,,Sapphire Yeremi Cabrera Black /10 PSA 10,2025 Bowman Sapphire Yeremi Cabrera Black /10 PSA 10 1st Bowman Rangers
,,,Chrome Yeremi Cabrera Blue Sapphire Auto /199 PSA 10,2025 Bowman Chrome 1st Yeremi Cabrera Blue Sapphire Auto /199 PSA 10
CPA-YR,,,CPA-YR /499 Yophery Rodriguez Refractor Autograph # PSA 8,2025 Bowman Yophery Rodriguez 1st Refractor Autograph /499 #CPA-YR PSA 8
CPA-YR,,,CPA-YR Chrome /299 Yophery Rodriguez # Speckle Ref. Auto # PSA 9,2025 Bowman Chrome 1st Yophery Rodriguez #CPA-YR Speckle Ref. Auto #40/299 PSA 9
,,,Chrome Yophery Rodriguez Auto Speckle Ref. /299 PSA 10 Rookie,2025 Bowman Chrome Yophery Rodriguez 1st Auto Speckle Ref. /299 PSA 10 Rookie RC
CPA-YR,,,CPA-YR /150 - Yophery Rodriguez âMy Bowmanâ Auto True Blue PSA 9,2025 Bowman-CPA-YR Yophery Rodriguez âMy 1st Bowmanâ Auto True Blue 1/150 PSA 9
CPA-YR,,,CPA-YR /250 Yophery Rodriguez Purple AUTO PSA-10 GEM # #,Yophery Rodriguez 2025 Bowman Purple AUTO 1st Bowman PSA-10 GEM #023/250 #CPA-YR
,,,Yophery Rodriguez Speckle Auto /299 ð PSA 10 ð,2025 Bowman Yophery Rodriguez Speckle 1st Auto /299 ð PSA 10 ð Red Sox
,,,Yophery Rodriguez Orange Wave Auto /25 ðPSA 10ð Pop 2,2025 Bowman Yophery Rodriguez Orange Wave 1st Auto /25 ðPSA 10ð Pop 2! Red Sox
,,,Chrome Sapphire Yophery Rodriguez Auto Green /99 Psa 10,2025 Bowman Chrome Sapphire Yophery Rodriguez 1st Bowman Auto Green /99 Psa 10
CPA-YR,,,CPA-YR Chrome YOPHERY RODRIGUEZ Auto # PSA 10 Gem,YOPHERY RODRIGUEZ 2025 Bowman Chrome Prospect Auto #CPA-YR PSA 10 Gem Red Sox
,,,Yophery Rodriguez Chrome Sapphire Auto /199 PSA 9,2025 Bowman Yophery Rodriguez 1st Chrome Sapphire Auto /199 PSA 9 RED SOX
,,,Chrome Yophery Rodriguez 14/15 Yophery Rodriguez PSA 10,2025 Bowman Chrome 1st  Yophery Rodriguez 14/15 Yophery Rodriguez PSA 10
BCP-36,,,BCP-36 /25 Sapphire Yophery Rodriguez Orange Psa 10,2025 Bowman Sapphire Yophery Rodriguez 1st Orange /25 #BCP-36 Psa 10
,,,Chrome Yordan Alvarez #81 Geometric Refractor CGC 8.5 /499,Topps 2025 Bowman Chrome Yordan Alvarez #81 Geometric Refractor CGC 8.5 /499
,,,You Pick (1-100) Buy 5 Get 7 Free,2025 Bowman Baseball You Pick! (1-100) Buy 5 Get 7 Free!!!
,,,Chrome 43 Card Team Lot Yordan Alvarez Altuve Vets,2025 Bowman Chrome Houston Astros 43 Card Team Lot Yordan Alvarez Altuve RC Vets
,,,(50) 2023- Yordan Alvarez Card Lot W/ Rookie,(50) 2023-2025 Bowman Yordan Alvarez Card Lot W/ Houston Astros Rookie RC
,,,Yordan Alvarez -Yellow /75 PSA 10,2025 Topps Yordan Alvarez -Yellow /75 PSA 10!!!
18,,,18 Yoshinobu Yamamoto World Series MVP GMG Graded 10 Gem Mint ð,2025 Bowman Yoshinobu Yamamoto #18 World Series MVP GMG Graded 10 Gem Mint ð
,,,CHROME SAPPHIRE GOLD #76 YOSHINOBU YAMAMOTO 32/50 PSA 9,2025 BOWMAN CHROME SAPPHIRE EDITION GOLD #76 YOSHINOBU YAMAMOTO 32/50 PSA 9
,,,You Pick (1-100) Buy 5 Get 7 Free,2025 Bowman Baseball You Pick! (1-100) Buy 5 Get 7 Free!!!
18,,,18 YOSHINOBU YAMAMOTO PSA 10 MINT SUPERSTAR MLB,2025 BOWMAN #18 YOSHINOBU YAMAMOTO PSA 10 MINT DODGERS SUPERSTAR MLB
18,,,18 Yoshinobu Yamamoto Graded Gem Mint 10.,Yoshinobu Yamamoto Graded Gem Mint 10.  2025 Bowman #18
,,,Yoshinobu Yamamoto Chrome Pulsar /399 PSA 9,Yoshinobu Yamamoto 2025 Bowman Chrome Pulsar /399 PSA 9
,,,Yoshinobu Yamamoto PSA Graded 10 Chrome â3⁄4ï ̧,Yoshinobu Yamamoto PSA Graded 10 !  2025 Bowman Chrome ! â¾ï¸
,,,CHROME SAPPHIRE YELLOW #76 YOSHINOBU YAMAMOTO 46/75 PSA 6,2025 BOWMAN CHROME SAPPHIRE EDITION YELLOW #76 YOSHINOBU YAMAMOTO 46/75 PSA 6
18,,,18 Yoshinobu Yamamoto Lot (4) XCG 9 Mint â â Graded Slabs,Yoshinobu Yamamoto Lot (4) 2025 Bowman #18 XCG 9 Mint â Dodgers â Graded Slabs
BP-27,,,BP-27 Paper Yu Min Lin 5 Card Lot,2025 Bowman Prospect Paper Yu Min Lin Arizona Diamondbacks #BP-27 5 Card Lot
,,,YU-MIN LIN CHROME Lot 10,YU-MIN LIN 2025 Bowman CHROME 1ST BOWMAN PROSPECT - Arizona Diamondbacks Lot 10
BP-27,,,BP-27 Yu-Min Lin (25) Card Lot,2025 Bowman Yu-Min Lin (25) Card 1st Bowman Lot Diamondbacks #BP-27
47,,,47 /250 Best Zach Neto Purple Refractor,2025 Bowman's Best Zach Neto Purple Refractor /250 Angels #47
,,,Zach Neto Best Aqua Lava Refractor #2/199,Zach Neto 2025 Bowman's Best Aqua Lava Refractor #2/199 - Los Angeles Angels
47,,,47 Zach Neto Best Refractor,Zach Neto 2025 Bowman's Best Refractor #47 - Los Angeles Angels
47,,,47 /250 Zach Neto Best Purple Refractor,Zach Neto 2025 Bowman's Best Purple Refractor /250 Los Angeles Angels #47
47,,,47 /250 Zach Neto Best Purple Lazer Refractor,Zach Neto 2025 Bowman's Best Purple Lazer Refractor /250 #47 Angels
,,,You Pick (1-100) Buy 5 Get 7 Free,2025 Bowman Baseball You Pick! (1-100) Buy 5 Get 7 Free!!!
,,,BEST ZACH NETO GREEN MINI DIAMOND /99,2025 BOWMAN'S BEST ZACH NETO GREEN MINI DIAMOND /99 ANGELS
,,,Best Zach Neto Lazer Refractor /350,2025 Bowman's Best Zach Neto Lazer Refractor /350
,,,Best Zach Neto Yellow Refractor #/75,2025 Bowman's Best Zach Neto Yellow Refractor #/75 Angels
,,,Zach Neto Best Yellow Lazer Refractor #d /75 LA,Zach Neto 2025 Bowman's Best Yellow Lazer Refractor #d /75  LA Angels
47,,,47 Best Zach Neto Refractors,2025 Bowman's Best #47 Zach Neto Refractors
47,,,47 /259 Best Zach Neto Red Lava Refractor,2025 Bowman's Best Zach Neto #47 Red Lava Refractor 149/259
,,,Bowmanâs Best Lot Mike Trout Zach Neto Christian Moore,2025 Bowmanâs Best Angels Lot Mike Trout Zach Neto Christian Moore
,,,ZACH NETO BEST AQUA REFRACTOR /199,ZACH NETO 2025 BOWMAN'S BEST BASEBALL AQUA REFRACTOR ANGELS /199
,,,Best BASE You Pick Complete Your Set,2025 Bowman's Best - BASE - You Pick Complete Your Set
47,,,47 /199 ZACH NETO Best AQUA LAVA,ZACH NETO 2025 Bowman's Best Baseball AQUA LAVA /199 Los Angeles Angels #47
47,,,47 /250 Best Zach Neto Purple Mojo Refractors,2025 Bowman's Best #47 Zach Neto Purple Mojo Refractors #/250
,,,Best Zach Neto Purple Refractor Rookie /250,2025 Topps Bowman's Best Zach Neto Angels  Purple Refractor Rookie /250
,,,ZACH NETO BEST AQUA /199,ZACH NETO 2025 BOWMAN'S BEST BASEBALL AQUA ANGELS /199
47,,,47 /75 Best Zach Neto Yellow Lazer Refractor LA,2025 Bowman's Best Zach Neto #47 Yellow Lazer Refractor /75 LA Angels
,,,Best Zach Neto Aqua Lava Refractor Rookie /199,2025 Bowman's Best Topps Zach Neto Angels  Aqua Lava Refractor Rookie /199
,,,Best Zach Neto Blue X Fractor #/150,2025 Bowman's Best Zach Neto Blue X  Fractor #/150 Angels
,,,Best Serial Numbered Zach Neto #47 /99,2025 Topps Bowman's Best Serial Numbered Zach Neto #47 /99 Angels
,,,"Zach Neto lot Donruss Auto, Best Refractor, Heritage Team Color Match","Zach Neto lot - Donruss Auto, Bowman Best Refractor, Heritage Team Color Match"
47,,,47 /150 Best Zach Neto Blue Lazer Refractor,2025 Bowman's Best Zach Neto Blue Lazer Refractor /150 #47 Angels
BP-74,,,BP-74 Paper Zack Showalter 5 Card Lot,2025 Bowman Prospect Paper Zack Showalter St. Louis Cardinals #BP-74 5 Card Lot
,,,Chrome Pick Your Card Buy 3 Get 1 Free,2025 Bowman Baseball Chrome Prospects - Pick Your Card - Buy 3 Get 1 Free!!
,,,Chrome Zack Showalter Green Geometric /99 PSA 10,2025 Bowman Chrome Zack Showalter Green Geometric /99 PSA 10
,,,Zack Showalter Chrome Paper Base Lot Of 5 T0,Zack Showalter 2025 1st Bowman St Louis Cardinals Chrome Paper Base Lot Of 5 T0
1,,,1 Paper -150: You Pick- Complete Your Set,2025 Bowman Baseball Paper Prospects #1-150: You Pick- Complete Your Set
1,,,1 Paper -150 Choose your card 2 CARD MINIMUM,2025 Bowman Paper Prospects #1-150 - Choose your card!  2 CARD MINIMUM!
BP-74,,,BP-74 Zack Showalter (25) Card Lot,2025 Bowman Zack Showalter (25) Card 1st Bowman Lot Cardinals #BP-74
BCP-1,,,BCP-1 Chrome to BCP-252 You Pick 2 Card Minimum,2025 Bowman Chrome Prospects BCP-1 to BCP-252 You Pick - 2 Card Minimum
BCP-74,,,BCP-74 /25 Sapphire Zack Showalter Orange Psa 10,2025 Bowman Sapphire Zack Showalter 1st Orange /25 #BCP-74 Psa 10
,,,Chrome Base- You Pick- Volume Discount,2025 Bowman Chrome Base- You Pick- Volume Discount
,,,Archives Zack Wheeler ROOKIE AUTO #/24 2012 Best SP,2025 Topps Archives Zack Wheeler RC ROOKIE AUTO #/24 2012 Bowman's Best SP
,,,Chrome Aqua RayWave #72 Zack Wheeler #46/199 ( ) PSA 10,2025 Bowman Chrome Aqua RayWave #72 Zack Wheeler #46/199 (Phillies) PSA 10
,,,You Pick (1-100) Buy 5 Get 7 Free,2025 Bowman Baseball You Pick! (1-100) Buy 5 Get 7 Free!!!
,,,"Best Best of Autographs Zyhir Hope #B25-ZH (AU, )","2025 Bowman's Best - Best of 2025 Autographs Zyhir Hope #B25-ZH (AU, RC)"
,,,CHROME AUTOS BLUE REFRACTOR #CPAZH ZYHIR HOPE 135/150 PSA 9,2025 BOWMAN CHROME PROSPECT AUTOS BLUE REFRACTOR #CPAZH ZYHIR HOPE 135/150 PSA 9
,,,ð¥ Draft Zyhir Hope Final Draft Case Hit #FD-10,ð¥2025 Bowman Draft Zyhir Hope RC - Final Draft Case Hit  #FD-10
,,,Draft In Action Insert Pick Your Card Free S&H,2025 Bowman Draft Baseball In Action Insert - Pick Your Card - Free S&H!
,,,Draft in Action Zyhir Hope Pink Mojo Refractor /199 ( ),2025 Bowman Draft - Bowman in Action Zyhir Hope Pink Mojo Refractor /199 (RC)
,,,Draft Zyhir Hope #BIA-11 In Action,2025 Bowman Draft Zyhir Hope #BIA-11 Bowman In Action
,,,"Best Best of Autographs Zyhir Hope #B25-ZH (AU, )","2025 Bowman's Best - Best of 2025 Autographs Zyhir Hope #B25-ZH (AU, RC)"
,,,"Best Best of Autographs Zyhir Hope #B25-ZH (AU, )","2025 Bowman's Best - Best of 2025 Autographs Zyhir Hope #B25-ZH (AU, RC)"
,,,Chrome Zyhir Hope Meteoric Rise Purple Mojo /199,2025 Bowman Chrome Zyhir Hope Meteoric Rise Purple Mojo /199 Dodgers
,,,Draft #BIA-11 Zyhir Hope In Action,2025 Bowman Draft #BIA-11 Zyhir Hope Bowman In Action
,,,Draft #A-15 Zyhir Hope Axis Orange Refractor #/25,2025 Bowman Draft #A-15 Zyhir Hope Axis Orange Refractor #/25
,,,Draft in Action Zyhir Hope #BIA-11 Gold Mojo /50 ( ),2025 Bowman Draft - Bowman in Action Zyhir Hope #BIA-11 Gold Mojo /50 (RC)
,,,Draft in Action Zyhir Hope #BIA-11 ( ),2025 Bowman Draft  Bowman in Action Zyhir Hope #BIA-11 (RC)
,,,Best Zyhir Hope Refractor Auto ( ),2025 Bowman's Best Zyhir Hope Refractor Auto (RC)
,,,Best Zyhir Hope Blue Refractor Autograph 013/150 #B25-ZH,2025 Topps Bowman's Best Zyhir Hope Blue Refractor Autograph 013/150 - #B25-ZH
