set_key,year,brand,product,section,section_card_count,card_number,player_name_raw,affiliation_raw,raw_line,is_multi_player
2024_topps_chrome_update,2024,Topps,Chrome Update,Base,,USC1,Juan Soto,New York Yankees,Base	USC1	Juan Soto	New York Yankees,False
2024_topps_chrome_update,2024,Topps,Chrome Update,Base,,USC2,Jorge Soler,Atlanta Braves,Base	USC2	Jorge Soler	Atlanta Braves,False
2024_topps_chrome_update,2024,Topps,Chrome Update,Base,,USC3,Christopher Morel,Tampa Bay Rays,Base	USC3	Christopher Morel	Tampa Bay Rays,False
2024_topps_chrome_update,2024,Topps,Chrome Update,Base,,USC4,Carlos Carrasco,Cleveland Guardians,Base	USC4	Carlos Carrasco	Cleveland Guardians,False
2024_topps_chrome_update,2024,Topps,Chrome Update,Base,,USC5,Mitch Garver,Seattle Mariners,Base	USC5	Mitch Garver	Seattle Mariners,False
2024_topps_chrome_update,2024,Topps,Chrome Update,Base,,USC6,Aroldis Chapman,Pittsburgh Pirates,Base	USC6	Aroldis Chapman	Pittsburgh Pirates,False
2024_topps_chrome_update,2024,Topps,Chrome Update,Base,,USC7,Joey Gallo,Washington Nationals,Base	USC7	Joey Gallo	Washington Nationals,False
2024_topps_chrome_update,2024,Topps,Chrome Update,Base,,USC8,Colt Keith,Detroit Tigers	RC,Base	USC8	Colt Keith	Detroit Tigers	RC,False
2024_topps_chrome_update,2024,Topps,Chrome Update,Base,,USC9,Naoyuki Uwasawa,Boston Red Sox	RC,Base	USC9	Naoyuki Uwasawa	Boston Red Sox	RC,False
2024_topps_chrome_update,2024,Topps,Chrome Update,Base,,USC10,Zach Eflin,Baltimore Orioles,Base	USC10	Zach Eflin	Baltimore Orioles,False
2024_topps_chrome_update,2024,Topps,Chrome Update,Base,,USC11,Michael Lorenzen,Kansas City Royals,Base	USC11	Michael Lorenzen	Kansas City Royals,False
2024_topps_chrome_update,2024,Topps,Chrome Update,Base,,USC12,Jonathan Cannon,Chicago White Sox	RC,Base	USC12	Jonathan Cannon	Chicago White Sox	RC,False
2024_topps_chrome_update,2024,Topps,Chrome Update,Base,,USC13,Mitchell Parker,Washington Nationals	RC,Base	USC13	Mitchell Parker	Washington Nationals	RC,False
2024_topps_chrome_update,2024,Topps,Chrome Update,Base,,USC14,Nick Nastrini,Chicago White Sox	RC,Base	USC14	Nick Nastrini	Chicago White Sox	RC,False
2024_topps_chrome_update,2024,Topps,Chrome Update,Base,,USC15,Miguel Andujar,Oakland Athletics,Base	USC15	Miguel Andujar	Oakland Athletics,False
2024_topps_chrome_update,2024,Topps,Chrome Update,Base,,USC16,Trevor Rogers,Baltimore Orioles,Base	USC16	Trevor Rogers	Baltimore Orioles,False
2024_topps_chrome_update,2024,Topps,Chrome Update,Base,,USC17,Spencer Arrighetti,Houston Astros	RC,Base	USC17	Spencer Arrighetti	Houston Astros	RC,False
2024_topps_chrome_update,2024,Topps,Chrome Update,Base,,USC18,Jackson Chourio,Milwaukee Brewers	RC,Base	USC18	Jackson Chourio	Milwaukee Brewers	RC,False
2024_topps_chrome_update,2024,Topps,Chrome Update,Base,,USC19,Daniel Hudson,Los Angeles Dodgers,Base	USC19	Daniel Hudson	Los Angeles Dodgers,False
2024_topps_chrome_update,2024,Topps,Chrome Update,Base,,USC20,Jordan Beck,Colorado Rockies	RC,Base	USC20	Jordan Beck	Colorado Rockies	RC,False
2024_topps_chrome_update,2024,Topps,Chrome Update,Base,,USC21,Darell Hernaiz,Oakland Athletics	RC,Base	USC21	Darell Hernaiz	Oakland Athletics	RC,False
2024_topps_chrome_update,2024,Topps,Chrome Update,Base,,USC22,Tyler Soderstrom,Oakland Athletics	RC,Base	USC22	Tyler Soderstrom	Oakland Athletics	RC,False
2024_topps_chrome_update,2024,Topps,Chrome Update,Base,,USC23,Masyn Winn,St. Louis Cardinals	RC,Base	USC23	Masyn Winn	St. Louis Cardinals	RC,False
2024_topps_chrome_update,2024,Topps,Chrome Update,Base,,USC24,José Caballero,Tampa Bay Rays,Base	USC24	José Caballero	Tampa Bay Rays,False
2024_topps_chrome_update,2024,Topps,Chrome Update,Base,,USC25,Tobias Myers,Milwaukee Brewers	RC,Base	USC25	Tobias Myers	Milwaukee Brewers	RC,False
2024_topps_chrome_update,2024,Topps,Chrome Update,Base,,USC26,Kyle Manzardo,Cleveland Guardians	RC,Base	USC26	Kyle Manzardo	Cleveland Guardians	RC,False
2024_topps_chrome_update,2024,Topps,Chrome Update,Base,,USC27,Paul Skenes,Pittsburgh Pirates	RC,Base	USC27	Paul Skenes	Pittsburgh Pirates	RC,False
2024_topps_chrome_update,2024,Topps,Chrome Update,Base,,USC28,Samad Taylor,Seattle Mariners	RC,Base	USC28	Samad Taylor	Seattle Mariners	RC,False
2024_topps_chrome_update,2024,Topps,Chrome Update,Base,,USC29,Pedro Pagés,St. Louis Cardinals	RC,Base	USC29	Pedro Pagés	St. Louis Cardinals	RC,False
2024_topps_chrome_update,2024,Topps,Chrome Update,Base,,USC30,Jackson Chourio,Milwaukee Brewers	RC,Base	USC30	Jackson Chourio	Milwaukee Brewers	RC,False
2024_topps_chrome_update,2024,Topps,Chrome Update,Base,,USC31,Bryan Ramos,Chicago White Sox	RC,Base	USC31	Bryan Ramos	Chicago White Sox	RC,False
2024_topps_chrome_update,2024,Topps,Chrome Update,Base,,USC32,Austin Hays,Philadelphia Phillies,Base	USC32	Austin Hays	Philadelphia Phillies,False
2024_topps_chrome_update,2024,Topps,Chrome Update,Base,,USC33,Lenyn Sosa,Chicago White Sox,Base	USC33	Lenyn Sosa	Chicago White Sox,False
2024_topps_chrome_update,2024,Topps,Chrome Update,Base,,USC34,Andrew Abbott,Cincinnati Reds	RC,Base	USC34	Andrew Abbott	Cincinnati Reds	RC,False
2024_topps_chrome_update,2024,Topps,Chrome Update,Base,,USC35,Wyatt Langford,Texas Rangers	RC,Base	USC35	Wyatt Langford	Texas Rangers	RC,False
2024_topps_chrome_update,2024,Topps,Chrome Update,Base,,USC36,Jake Bauers,Milwaukee Brewers,Base	USC36	Jake Bauers	Milwaukee Brewers,False
2024_topps_chrome_update,2024,Topps,Chrome Update,Base,,USC37,Wyatt Langford,Texas Rangers	RC,Base	USC37	Wyatt Langford	Texas Rangers	RC,False
2024_topps_chrome_update,2024,Topps,Chrome Update,Base,,USC38,Alex Verdugo,New York Yankees,Base	USC38	Alex Verdugo	New York Yankees,False
2024_topps_chrome_update,2024,Topps,Chrome Update,Base,,USC39,Tyler Glasnow,Los Angeles Dodgers,Base	USC39	Tyler Glasnow	Los Angeles Dodgers,False
2024_topps_chrome_update,2024,Topps,Chrome Update,Base,,USC40,Zack Gelof,Oakland Athletics	RC,Base	USC40	Zack Gelof	Oakland Athletics	RC,False
2024_topps_chrome_update,2024,Topps,Chrome Update,Base,,USC41,Ronny Mauricio,New York Mets	RC,Base	USC41	Ronny Mauricio	New York Mets	RC,False
2024_topps_chrome_update,2024,Topps,Chrome Update,Base,,USC42,Max Schuemann,Oakland Athletics	RC,Base	USC42	Max Schuemann	Oakland Athletics	RC,False
2024_topps_chrome_update,2024,Topps,Chrome Update,Base,,USC43,Jared Jones,Pittsburgh Pirates	RC,Base	USC43	Jared Jones	Pittsburgh Pirates	RC,False
2024_topps_chrome_update,2024,Topps,Chrome Update,Base,,USC44,Ceddanne Rafaela,Boston Red Sox	RC,Base	USC44	Ceddanne Rafaela	Boston Red Sox	RC,False
2024_topps_chrome_update,2024,Topps,Chrome Update,Base,,USC45,Simeon Woods Richardson,Minnesota Twins,Base	USC45	Simeon Woods Richardson	Minnesota Twins,False
2024_topps_chrome_update,2024,Topps,Chrome Update,Base,,USC46,Justin Slaten,Boston Red Sox	RC,Base	USC46	Justin Slaten	Boston Red Sox	RC,False
2024_topps_chrome_update,2024,Topps,Chrome Update,Base,,USC47,Erick Fedde,St. Louis Cardinals,Base	USC47	Erick Fedde	St. Louis Cardinals,False
2024_topps_chrome_update,2024,Topps,Chrome Update,Base,,USC48,Victor Scott II,St. Louis Cardinals	RC,Base	USC48	Victor Scott II	St. Louis Cardinals	RC,False
2024_topps_chrome_update,2024,Topps,Chrome Update,Base,,USC49,Nelson Velázquez,Kansas City Royals,Base	USC49	Nelson Velázquez	Kansas City Royals,False
2024_topps_chrome_update,2024,Topps,Chrome Update,Base,,USC50,Robert Gasser,Milwaukee Brewers	RC,Base	USC50	Robert Gasser	Milwaukee Brewers	RC,False
2024_topps_chrome_update,2024,Topps,Chrome Update,Base,,USC51,Jordan Lawlar,Arizona Diamondbacks	(RC),Base	USC51	Jordan Lawlar	Arizona Diamondbacks	(RC),False
2024_topps_chrome_update,2024,Topps,Chrome Update,Base,,USC52,Isaac Paredes,Chicago Cubs,Base	USC52	Isaac Paredes	Chicago Cubs,False
2024_topps_chrome_update,2024,Topps,Chrome Update,Base,,USC53,Blaze Alexander,Arizona Diamondbacks	RC,Base	USC53	Blaze Alexander	Arizona Diamondbacks	RC,False
2024_topps_chrome_update,2024,Topps,Chrome Update,Base,,USC54,Ramon Urías,Baltimore Orioles,Base	USC54	Ramon Urías	Baltimore Orioles,False
2024_topps_chrome_update,2024,Topps,Chrome Update,Base,,USC55,Victor Scott II,St. Louis Cardinals	RC,Base	USC55	Victor Scott II	St. Louis Cardinals	RC,False
2024_topps_chrome_update,2024,Topps,Chrome Update,Base,,USC56,Trevor Williams,Washington Nationals,Base	USC56	Trevor Williams	Washington Nationals,False
2024_topps_chrome_update,2024,Topps,Chrome Update,Base,,USC57,Jackson Merrill,San Diego Padres	RC,Base	USC57	Jackson Merrill	San Diego Padres	RC,False
2024_topps_chrome_update,2024,Topps,Chrome Update,Base,,USC58,Adrian Houser,New York Mets,Base	USC58	Adrian Houser	New York Mets,False
2024_topps_chrome_update,2024,Topps,Chrome Update,Base,,USC59,Blake Snell,San Francisco Giants,Base	USC59	Blake Snell	San Francisco Giants,False
2024_topps_chrome_update,2024,Topps,Chrome Update,Base,,USC60,Ricky Vanasco,Los Angeles Dodgers	RC,Base	USC60	Ricky Vanasco	Los Angeles Dodgers	RC,False
2024_topps_chrome_update,2024,Topps,Chrome Update,Base,,USC61,Sal Frelick,Milwaukee Brewers	(RC),Base	USC61	Sal Frelick	Milwaukee Brewers	(RC),False
2024_topps_chrome_update,2024,Topps,Chrome Update,Base,,USC62,Blaze Alexander,Arizona Diamondbacks	RC,Base	USC62	Blaze Alexander	Arizona Diamondbacks	RC,False
2024_topps_chrome_update,2024,Topps,Chrome Update,Base,,USC63,Elvis Peguero,Milwaukee Brewers,Base	USC63	Elvis Peguero	Milwaukee Brewers,False
2024_topps_chrome_update,2024,Topps,Chrome Update,Base,,USC64,Santiago Espinal,Cincinnati Reds,Base	USC64	Santiago Espinal	Cincinnati Reds,False
2024_topps_chrome_update,2024,Topps,Chrome Update,Base,,USC65,Kevin Pillar,Los Angeles Angels,Base	USC65	Kevin Pillar	Los Angeles Angels,False
2024_topps_chrome_update,2024,Topps,Chrome Update,Base,,USC66,Stephen Kolek,San Diego Padres	RC,Base	USC66	Stephen Kolek	San Diego Padres	RC,False
2024_topps_chrome_update,2024,Topps,Chrome Update,Base,,USC67,Ben Brown,Chicago Cubs	RC,Base	USC67	Ben Brown	Chicago Cubs	RC,False
2024_topps_chrome_update,2024,Topps,Chrome Update,Base,,USC68,Nolan Schanuel,Los Angeles Angels	RC,Base	USC68	Nolan Schanuel	Los Angeles Angels	RC,False
2024_topps_chrome_update,2024,Topps,Chrome Update,Base,,USC69,Blake Walston,Arizona Diamondbacks	RC,Base	USC69	Blake Walston	Arizona Diamondbacks	RC,False
2024_topps_chrome_update,2024,Topps,Chrome Update,Base,,USC70,Jasson Domínguez,New York Yankees	(RC),Base	USC70	Jasson Domínguez	New York Yankees	(RC),False
2024_topps_chrome_update,2024,Topps,Chrome Update,Base,,USC71,J.P. France,Houston Astros,Base	USC71	J.P. France	Houston Astros,False
2024_topps_chrome_update,2024,Topps,Chrome Update,Base,,USC72,Martín Perez,San Diego Padres,Base	USC72	Martín Perez	San Diego Padres,False
2024_topps_chrome_update,2024,Topps,Chrome Update,Base,,USC73,Victor Caratini,Houston Astros,Base	USC73	Victor Caratini	Houston Astros,False
2024_topps_chrome_update,2024,Topps,Chrome Update,Base,,USC74,Eugenio Suárez,Arizona Diamondbacks,Base	USC74	Eugenio Suárez	Arizona Diamondbacks,False
2024_topps_chrome_update,2024,Topps,Chrome Update,Base,,USC75,Gavin Stone,Los Angeles Dodgers,Base	USC75	Gavin Stone	Los Angeles Dodgers,False
2024_topps_chrome_update,2024,Topps,Chrome Update,Base,,USC76,Leo Rivas,Seattle Mariners	RC,Base	USC76	Leo Rivas	Seattle Mariners	RC,False
2024_topps_chrome_update,2024,Topps,Chrome Update,Base,,USC77,Gavin Williams,Cleveland Guardians	RC,Base	USC77	Gavin Williams	Cleveland Guardians	RC,False
2024_topps_chrome_update,2024,Topps,Chrome Update,Base,,USC78,Jazz Chisholm Jr.,New York Yankees,Base	USC78	Jazz Chisholm Jr.	New York Yankees,False
2024_topps_chrome_update,2024,Topps,Chrome Update,Base,,USC79,Dakota Hudson,Colorado Rockies,Base	USC79	Dakota Hudson	Colorado Rockies,False
2024_topps_chrome_update,2024,Topps,Chrome Update,Base,,USC80,Cole Winn,Texas Rangers	RC,Base	USC80	Cole Winn	Texas Rangers	RC,False
2024_topps_chrome_update,2024,Topps,Chrome Update,Base,,USC81,Jeimer Candelario,Cincinnati Reds,Base	USC81	Jeimer Candelario	Cincinnati Reds,False
2024_topps_chrome_update,2024,Topps,Chrome Update,Base,,USC82,Frankie Montas,Milwaukee Brewers,Base	USC82	Frankie Montas	Milwaukee Brewers,False
2024_topps_chrome_update,2024,Topps,Chrome Update,Base,,USC83,Davis Wendzel,Cincinnati Reds	RC,Base	USC83	Davis Wendzel	Cincinnati Reds	RC,False
2024_topps_chrome_update,2024,Topps,Chrome Update,Base,,USC84,Justin Turner,Seattle Mariners,Base	USC84	Justin Turner	Seattle Mariners,False
2024_topps_chrome_update,2024,Topps,Chrome Update,Base,,USC85,Kris Bubic,Kansas City Royals,Base	USC85	Kris Bubic	Kansas City Royals,False
2024_topps_chrome_update,2024,Topps,Chrome Update,Base,,USC86,Joey Estes,Oakland Athletics	RC,Base	USC86	Joey Estes	Oakland Athletics	RC,False
2024_topps_chrome_update,2024,Topps,Chrome Update,Base,,USC87,AJ Smith-Shawver,Atlanta Braves	RC,Base	USC87	AJ Smith-Shawver	Atlanta Braves	RC,False
2024_topps_chrome_update,2024,Topps,Chrome Update,Base,,USC88,Paul Skenes,Pittsburgh Pirates	RC,Base	USC88	Paul Skenes	Pittsburgh Pirates	RC,False
2024_topps_chrome_update,2024,Topps,Chrome Update,Base,,USC89,Jackson Holliday,Baltimore Orioles	RC,Base	USC89	Jackson Holliday	Baltimore Orioles	RC,False
2024_topps_chrome_update,2024,Topps,Chrome Update,Base,,USC90,Louie Varland,Minnesota Twins,Base	USC90	Louie Varland	Minnesota Twins,False
2024_topps_chrome_update,2024,Topps,Chrome Update,Base,,USC91,Noelvi Marte,Cincinnati Reds	RC,Base	USC91	Noelvi Marte	Cincinnati Reds	RC,False
2024_topps_chrome_update,2024,Topps,Chrome Update,Base,,USC92,Christian Encarnacion-Stra,Cincinnati Reds	RC,Base	USC92	Christian Encarnacion-Stra	Cincinnati Reds	RC,False
2024_topps_chrome_update,2024,Topps,Chrome Update,Base,,USC93,Marcell Ozuna,Atlanta Braves,Base	USC93	Marcell Ozuna	Atlanta Braves,False
2024_topps_chrome_update,2024,Topps,Chrome Update,Base,,USC94,Jordan Leasure,Chicago White Sox	RC,Base	USC94	Jordan Leasure	Chicago White Sox	RC,False
2024_topps_chrome_update,2024,Topps,Chrome Update,Base,,USC95,Shota Imanaga,Chicago Cubs	RC,Base	USC95	Shota Imanaga	Chicago Cubs	RC,False
2024_topps_chrome_update,2024,Topps,Chrome Update,Base,,USC96,Cam Eden,Toronto Blue Jays	RC,Base	USC96	Cam Eden	Toronto Blue Jays	RC,False
2024_topps_chrome_update,2024,Topps,Chrome Update,Base,,USC97,Graham Pauley,Miami Marlins	RC,Base	USC97	Graham Pauley	Miami Marlins	RC,False
2024_topps_chrome_update,2024,Topps,Chrome Update,Base,,USC98,Michael Kopech,Los Angeles Dodgers,Base	USC98	Michael Kopech	Los Angeles Dodgers,False
2024_topps_chrome_update,2024,Topps,Chrome Update,Base,,USC99,Jose Trevino,New York Yankees,Base	USC99	Jose Trevino	New York Yankees,False
2024_topps_chrome_update,2024,Topps,Chrome Update,Base,,USC100,Luis Arraez,San Diego Padres,Base	USC100	Luis Arraez	San Diego Padres,False
2024_topps_chrome_update,2024,Topps,Chrome Update,Base,,USC101,Cristopher Sánchez,Philadelphia Phillies,Base	USC101	Cristopher Sánchez	Philadelphia Phillies,False
2024_topps_chrome_update,2024,Topps,Chrome Update,Base,,USC102,Kai-Wei Teng,San Francisco Giants	RC,Base	USC102	Kai-Wei Teng	San Francisco Giants	RC,False
2024_topps_chrome_update,2024,Topps,Chrome Update,Base,,USC103,Yusei Kikuchi,Houston Astros,Base	USC103	Yusei Kikuchi	Houston Astros,False
2024_topps_chrome_update,2024,Topps,Chrome Update,Base,,USC104,Landen Roupp,San Francisco Giants	RC,Base	USC104	Landen Roupp	San Francisco Giants	RC,False
2024_topps_chrome_update,2024,Topps,Chrome Update,Base,,USC105,Jack Leiter,Texas Rangers	RC,Base	USC105	Jack Leiter	Texas Rangers	RC,False
2024_topps_chrome_update,2024,Topps,Chrome Update,Base,,USC106,Randy Rodriguez,San Francisco Giants	RC,Base	USC106	Randy Rodriguez	San Francisco Giants	RC,False
2024_topps_chrome_update,2024,Topps,Chrome Update,Base,,USC107,Yariel Rodríguez,Toronto Blue Jays	RC,Base	USC107	Yariel Rodríguez	Toronto Blue Jays	RC,False
2024_topps_chrome_update,2024,Topps,Chrome Update,Base,,USC108,Yoshinobu Yamamoto,Los Angeles Dodgers	RC,Base	USC108	Yoshinobu Yamamoto	Los Angeles Dodgers	RC,False
2024_topps_chrome_update,2024,Topps,Chrome Update,Base,,USC109,J.D. Martinez,New York Mets,Base	USC109	J.D. Martinez	New York Mets,False
2024_topps_chrome_update,2024,Topps,Chrome Update,Base,,USC110,Christian Scott,New York Mets	RC,Base	USC110	Christian Scott	New York Mets	RC,False
2024_topps_chrome_update,2024,Topps,Chrome Update,Base,,USC111,Tommy Pham,St. Louis Cardinals,Base	USC111	Tommy Pham	St. Louis Cardinals,False
2024_topps_chrome_update,2024,Topps,Chrome Update,Base,,USC112,Tyler Rogers,San Francisco Giants,Base	USC112	Tyler Rogers	San Francisco Giants,False
2024_topps_chrome_update,2024,Topps,Chrome Update,Base,,USC113,Eduardo Rodriguez,Arizona Diamondbacks,Base	USC113	Eduardo Rodriguez	Arizona Diamondbacks,False
2024_topps_chrome_update,2024,Topps,Chrome Update,Base,,USC114,Jack Flaherty,Los Angeles Dodgers,Base	USC114	Jack Flaherty	Los Angeles Dodgers,False
2024_topps_chrome_update,2024,Topps,Chrome Update,Base,,USC115,Ryan Fernandez,St. Louis Cardinals	RC,Base	USC115	Ryan Fernandez	St. Louis Cardinals	RC,False
2024_topps_chrome_update,2024,Topps,Chrome Update,Base,,USC116,Paul Blackburn,New York Mets,Base	USC116	Paul Blackburn	New York Mets,False
2024_topps_chrome_update,2024,Topps,Chrome Update,Base,,USC117,Jordan Westburg,Baltimore Orioles	RC,Base	USC117	Jordan Westburg	Baltimore Orioles	RC,False
2024_topps_chrome_update,2024,Topps,Chrome Update,Base,,USC118,Clayton Beeter,New York Yankees	RC,Base	USC118	Clayton Beeter	New York Yankees	RC,False
2024_topps_chrome_update,2024,Topps,Chrome Update,Base,,USC119,Austin Shenton,Tampa Bay Rays	RC,Base	USC119	Austin Shenton	Tampa Bay Rays	RC,False
2024_topps_chrome_update,2024,Topps,Chrome Update,Base,,USC120,Heston Kjerstad,Baltimore Orioles	RC,Base	USC120	Heston Kjerstad	Baltimore Orioles	RC,False
2024_topps_chrome_update,2024,Topps,Chrome Update,Base,,USC121,Mason Black,San Francisco Giants	RC,Base	USC121	Mason Black	San Francisco Giants	RC,False
2024_topps_chrome_update,2024,Topps,Chrome Update,Base,,USC122,Amed Rosario,Tampa Bay Rays,Base	USC122	Amed Rosario	Tampa Bay Rays,False
2024_topps_chrome_update,2024,Topps,Chrome Update,Base,,USC123,Austin Hedges,Cleveland Guardians,Base	USC123	Austin Hedges	Cleveland Guardians,False
2024_topps_chrome_update,2024,Topps,Chrome Update,Base,,USC124,Tyler Black,Milwaukee Brewers	RC,Base	USC124	Tyler Black	Milwaukee Brewers	RC,False
2024_topps_chrome_update,2024,Topps,Chrome Update,Base,,USC125,Ronel Blanco,Houston Astros	RC,Base	USC125	Ronel Blanco	Houston Astros	RC,False
2024_topps_chrome_update,2024,Topps,Chrome Update,Base,,USC126,Bryan De La Cruz,Pittsburgh Pirates,Base	USC126	Bryan De La Cruz	Pittsburgh Pirates,False
2024_topps_chrome_update,2024,Topps,Chrome Update,Base,,USC127,Tyler O'Neill,Boston Red Sox,Base	USC127	Tyler O'Neill	Boston Red Sox,False
2024_topps_chrome_update,2024,Topps,Chrome Update,Base,,USC128,Henry Davis,Pittsburgh Pirates	(RC),Base	USC128	Henry Davis	Pittsburgh Pirates	(RC),False
2024_topps_chrome_update,2024,Topps,Chrome Update,Base,,USC129,Alek Jacob,San Diego Padres	RC,Base	USC129	Alek Jacob	San Diego Padres	RC,False
2024_topps_chrome_update,2024,Topps,Chrome Update,Base,,USC130,Emmet Sheehan,Los Angeles Dodgers	RC,Base	USC130	Emmet Sheehan	Los Angeles Dodgers	RC,False
2024_topps_chrome_update,2024,Topps,Chrome Update,Base,,USC131,Fernando Cruz,Cincinnati Reds	RC,Base	USC131	Fernando Cruz	Cincinnati Reds	RC,False
2024_topps_chrome_update,2024,Topps,Chrome Update,Base,,USC132,Marco Luciano,San Francisco Giants	(RC),Base	USC132	Marco Luciano	San Francisco Giants	(RC),False
2024_topps_chrome_update,2024,Topps,Chrome Update,Base,,USC133,Jordan Beck,Colorado Rockies	RC,Base	USC133	Jordan Beck	Colorado Rockies	RC,False
2024_topps_chrome_update,2024,Topps,Chrome Update,Base,,USC134,Trey Lipscomb,Washington Nationals	RC,Base	USC134	Trey Lipscomb	Washington Nationals	RC,False
2024_topps_chrome_update,2024,Topps,Chrome Update,Base,,USC135,Oliver Dunn,Milwaukee Brewers	RC,Base	USC135	Oliver Dunn	Milwaukee Brewers	RC,False
2024_topps_chrome_update,2024,Topps,Chrome Update,Base,,USC136,Austin Martin,Minnesota Twins	(RC),Base	USC136	Austin Martin	Minnesota Twins	(RC),False
2024_topps_chrome_update,2024,Topps,Chrome Update,Base,,USC137,Hunter Stratton,Pittsburgh Pirates	RC,Base	USC137	Hunter Stratton	Pittsburgh Pirates	RC,False
2024_topps_chrome_update,2024,Topps,Chrome Update,Base,,USC138,Adam Ottavino,New York Mets,Base	USC138	Adam Ottavino	New York Mets,False
2024_topps_chrome_update,2024,Topps,Chrome Update,Base,,USC139,A.J. Puk,Arizona Diamondbacks,Base	USC139	A.J. Puk	Arizona Diamondbacks,False
2024_topps_chrome_update,2024,Topps,Chrome Update,Base,,USC140,Joey Loperfido,Houston Astros	RC,Base	USC140	Joey Loperfido	Houston Astros	RC,False
2024_topps_chrome_update,2024,Topps,Chrome Update,Base,,USC141,Jacob Hurtubise,Cincinnati Reds	RC,Base	USC141	Jacob Hurtubise	Cincinnati Reds	RC,False
2024_topps_chrome_update,2024,Topps,Chrome Update,Base,,USC142,Kyle McCann,Oakland Athletics	RC,Base	USC142	Kyle McCann	Oakland Athletics	RC,False
2024_topps_chrome_update,2024,Topps,Chrome Update,Base,,USC143,Jared Jones,Pittsburgh Pirates	RC,Base	USC143	Jared Jones	Pittsburgh Pirates	RC,False
2024_topps_chrome_update,2024,Topps,Chrome Update,Base,,USC144,LaMonte Wade Jr.,San Francisco Giants,Base	USC144	LaMonte Wade Jr.	San Francisco Giants,False
2024_topps_chrome_update,2024,Topps,Chrome Update,Base,,USC145,Adam Cimber,Los Angeles Angels,Base	USC145	Adam Cimber	Los Angeles Angels,False
2024_topps_chrome_update,2024,Topps,Chrome Update,Base,,USC146,Steven Matz,St. Louis Cardinals,Base	USC146	Steven Matz	St. Louis Cardinals,False
2024_topps_chrome_update,2024,Topps,Chrome Update,Base,,USC147,Jonatan Clase,Toronto Blue Jays	RC,Base	USC147	Jonatan Clase	Toronto Blue Jays	RC,False
2024_topps_chrome_update,2024,Topps,Chrome Update,Base,,USC148,Andy Pages,Los Angeles Dodgers	RC,Base	USC148	Andy Pages	Los Angeles Dodgers	RC,False
2024_topps_chrome_update,2024,Topps,Chrome Update,Base,,USC149,Robert Garcia,Washington Nationals	RC,Base	USC149	Robert Garcia	Washington Nationals	RC,False
2024_topps_chrome_update,2024,Topps,Chrome Update,Base,,USC150,Elly De La Cruz,Cincinnati Reds	RC,Base	USC150	Elly De La Cruz	Cincinnati Reds	RC,False
2024_topps_chrome_update,2024,Topps,Chrome Update,Base,,USC151,Travis Jankowski,Texas Rangers,Base	USC151	Travis Jankowski	Texas Rangers,False
2024_topps_chrome_update,2024,Topps,Chrome Update,Base,,USC152,Lucas Giolito,Boston Red Sox,Base	USC152	Lucas Giolito	Boston Red Sox,False
2024_topps_chrome_update,2024,Topps,Chrome Update,Base,,USC153,Jackson Merrill,San Diego Padres	RC,Base	USC153	Jackson Merrill	San Diego Padres	RC,False
2024_topps_chrome_update,2024,Topps,Chrome Update,Base,,USC154,Colton Cowser,Baltimore Orioles	(RC),Base	USC154	Colton Cowser	Baltimore Orioles	(RC),False
2024_topps_chrome_update,2024,Topps,Chrome Update,Base,,USC155,Matt Sauer,Kansas City Royals	RC,Base	USC155	Matt Sauer	Kansas City Royals	RC,False
2024_topps_chrome_update,2024,Topps,Chrome Update,Base,,USC156,Joey Ortiz,Milwaukee Brewers,Base	USC156	Joey Ortiz	Milwaukee Brewers,False
2024_topps_chrome_update,2024,Topps,Chrome Update,Base,,USC157,Kyle Harrison,San Francisco Giants	RC,Base	USC157	Kyle Harrison	San Francisco Giants	RC,False
2024_topps_chrome_update,2024,Topps,Chrome Update,Base,,USC158,Pete Crow-Armstrong,Chicago Cubs	RC,Base	USC158	Pete Crow-Armstrong	Chicago Cubs	RC,False
2024_topps_chrome_update,2024,Topps,Chrome Update,Base,,USC159,Addison Barger,Toronto Blue Jays	RC,Base	USC159	Addison Barger	Toronto Blue Jays	RC,False
2024_topps_chrome_update,2024,Topps,Chrome Update,Base,,USC160,Luis Gil,New York Yankees,Base	USC160	Luis Gil	New York Yankees,False
2024_topps_chrome_update,2024,Topps,Chrome Update,Base,,USC161,Christian Scott,New York Mets	RC,Base	USC161	Christian Scott	New York Mets	RC,False
2024_topps_chrome_update,2024,Topps,Chrome Update,Base,,USC162,Dylan Lee,Atlanta Braves,Base	USC162	Dylan Lee	Atlanta Braves,False
2024_topps_chrome_update,2024,Topps,Chrome Update,Base,,USC163,Jorge Barrosa,Arizona Diamondbacks	RC,Base	USC163	Jorge Barrosa	Arizona Diamondbacks	RC,False
2024_topps_chrome_update,2024,Topps,Chrome Update,Base,,USC164,Roddery Muñoz,Miami Marlins	RC,Base	USC164	Roddery Muñoz	Miami Marlins	RC,False
2024_topps_chrome_update,2024,Topps,Chrome Update,Base,,USC165,Adam Duvall,Atlanta Braves,Base	USC165	Adam Duvall	Atlanta Braves,False
2024_topps_chrome_update,2024,Topps,Chrome Update,Base,,USC166,Mitch Spence,Oakland Athletics	RC,Base	USC166	Mitch Spence	Oakland Athletics	RC,False
2024_topps_chrome_update,2024,Topps,Chrome Update,Base,,USC167,Wenceel Pérez,Detroit Tigers	RC,Base	USC167	Wenceel Pérez	Detroit Tigers	RC,False
2024_topps_chrome_update,2024,Topps,Chrome Update,Base,,USC168,Manuel Margot,Minnesota Twins,Base	USC168	Manuel Margot	Minnesota Twins,False
2024_topps_chrome_update,2024,Topps,Chrome Update,Base,,USC169,Bryan Hudson,Milwaukee Brewers	RC,Base	USC169	Bryan Hudson	Milwaukee Brewers	RC,False
2024_topps_chrome_update,2024,Topps,Chrome Update,Base,,USC170,Seth Lugo,Kansas City Royals,Base	USC170	Seth Lugo	Kansas City Royals,False
2024_topps_chrome_update,2024,Topps,Chrome Update,Base,,USC171,Brandon Crawford,St. Louis Cardinals,Base	USC171	Brandon Crawford	St. Louis Cardinals,False
2024_topps_chrome_update,2024,Topps,Chrome Update,Base,,USC172,Austin Martin,Minnesota Twins	RC,Base	USC172	Austin Martin	Minnesota Twins	RC,False
2024_topps_chrome_update,2024,Topps,Chrome Update,Base,,USC173,Nasim Nuñez,Washington Nationals	RC,Base	USC173	Nasim Nuñez	Washington Nationals	RC,False
2024_topps_chrome_update,2024,Topps,Chrome Update,Base,,USC174,Tyler Black,Milwaukee Brewers	RC,Base	USC174	Tyler Black	Milwaukee Brewers	RC,False
2024_topps_chrome_update,2024,Topps,Chrome Update,Base,,USC175,Alex Speas,Houston Astros	RC,Base	USC175	Alex Speas	Houston Astros	RC,False
2024_topps_chrome_update,2024,Topps,Chrome Update,Base,,USC176,Landon Knack,Los Angeles Dodgers	RC,Base	USC176	Landon Knack	Los Angeles Dodgers	RC,False
2024_topps_chrome_update,2024,Topps,Chrome Update,Base,,USC177,Jorge Polanco,Seattle Mariners,Base	USC177	Jorge Polanco	Seattle Mariners,False
2024_topps_chrome_update,2024,Topps,Chrome Update,Base,,USC178,Colt Keith,Detroit Tigers	RC,Base	USC178	Colt Keith	Detroit Tigers	RC,False
2024_topps_chrome_update,2024,Topps,Chrome Update,Base,,USC179,Justin Foscue,Texas Rangers	RC,Base	USC179	Justin Foscue	Texas Rangers	RC,False
2024_topps_chrome_update,2024,Topps,Chrome Update,Base,,USC180,Jurickson Profar,San Diego Padres,Base	USC180	Jurickson Profar	San Diego Padres,False
2024_topps_chrome_update,2024,Topps,Chrome Update,Base,,USC181,Emmanuel Rivera,Miami Marlins,Base	USC181	Emmanuel Rivera	Miami Marlins,False
2024_topps_chrome_update,2024,Topps,Chrome Update,Base,,USC182,Lane Thomas,Cleveland Guardians,Base	USC182	Lane Thomas	Cleveland Guardians,False
2024_topps_chrome_update,2024,Topps,Chrome Update,Base,,USC183,Brett Harris,Oakland Athletics	RC,Base	USC183	Brett Harris	Oakland Athletics	RC,False
2024_topps_chrome_update,2024,Topps,Chrome Update,Base,,USC184,Dylan Cease,San Diego Padres,Base	USC184	Dylan Cease	San Diego Padres,False
2024_topps_chrome_update,2024,Topps,Chrome Update,Base,,USC185,Jung HOO Lee,San Francisco Giants	RC,Base	USC185	Jung HOO Lee	San Francisco Giants	RC,False
2024_topps_chrome_update,2024,Topps,Chrome Update,Base,,USC186,Andy Pages,Los Angeles Dodgers	RC,Base	USC186	Andy Pages	Los Angeles Dodgers	RC,False
2024_topps_chrome_update,2024,Topps,Chrome Update,Base,,USC187,Yuki Matsui,San Diego Padres	RC,Base	USC187	Yuki Matsui	San Diego Padres	RC,False
2024_topps_chrome_update,2024,Topps,Chrome Update,Base,,USC188,Cade Smith,Cleveland Guardians	RC,Base	USC188	Cade Smith	Cleveland Guardians	RC,False
2024_topps_chrome_update,2024,Topps,Chrome Update,Base,,USC189,Eddie Rosario,Washington Nationals,Base	USC189	Eddie Rosario	Washington Nationals,False
2024_topps_chrome_update,2024,Topps,Chrome Update,Base,,USC190,Eloy Jiménez,Baltimore Orioles,Base	USC190	Eloy Jiménez	Baltimore Orioles,False
2024_topps_chrome_update,2024,Topps,Chrome Update,Base,,USC191,Kevin Kiermaier,Los Angeles Dodgers,Base	USC191	Kevin Kiermaier	Los Angeles Dodgers,False
2024_topps_chrome_update,2024,Topps,Chrome Update,Base,,USC192,Tyler Holton,Detroit Tigers	RC,Base	USC192	Tyler Holton	Detroit Tigers	RC,False
2024_topps_chrome_update,2024,Topps,Chrome Update,Base,,USC193,Junior Caminero,Tampa Bay Rays	RC,Base	USC193	Junior Caminero	Tampa Bay Rays	RC,False
2024_topps_chrome_update,2024,Topps,Chrome Update,Base,,USC194,Randy Arozarena,Seattle Mariners,Base	USC194	Randy Arozarena	Seattle Mariners,False
2024_topps_chrome_update,2024,Topps,Chrome Update,Base,,USC195,Joey Loperfido,Toronto Blue Jays	RC,Base	USC195	Joey Loperfido	Toronto Blue Jays	RC,False
2024_topps_chrome_update,2024,Topps,Chrome Update,Base,,USC196,Kyle Manzardo,Cleveland Guardians	RC,Base	USC196	Kyle Manzardo	Cleveland Guardians	RC,False
2024_topps_chrome_update,2024,Topps,Chrome Update,Base,,USC197,Austin Wells,New York Yankees	RC,Base	USC197	Austin Wells	New York Yankees	RC,False
2024_topps_chrome_update,2024,Topps,Chrome Update,Base,,USC198,Gio Urshela,Atlanta Braves,Base	USC198	Gio Urshela	Atlanta Braves,False
2024_topps_chrome_update,2024,Topps,Chrome Update,Base,,USC199,Evan Carter,Texas Rangers	RC,Base	USC199	Evan Carter	Texas Rangers	RC,False
2024_topps_chrome_update,2024,Topps,Chrome Update,Base,,USC200,Jackson Holliday,Baltimore Orioles	RC,Base	USC200	Jackson Holliday	Baltimore Orioles	RC,False
2024_topps_chrome_update,2024,Topps,Chrome Update,1989 Topps Baseball,,89CU-1,Paul Skenes,Pittsburgh Pirates,1989 Topps Baseball	89CU-1	Paul Skenes	Pittsburgh Pirates,False
2024_topps_chrome_update,2024,Topps,Chrome Update,1989 Topps Baseball,,89CU-2,Wyatt Langford,Texas Rangers,1989 Topps Baseball	89CU-2	Wyatt Langford	Texas Rangers,False
2024_topps_chrome_update,2024,Topps,Chrome Update,1989 Topps Baseball,,89CU-3,Jackson Holliday,Baltimore Orioles,1989 Topps Baseball	89CU-3	Jackson Holliday	Baltimore Orioles,False
2024_topps_chrome_update,2024,Topps,Chrome Update,1989 Topps Baseball,,89CU-4,Jackson Chourio,Milwaukee Brewers,1989 Topps Baseball	89CU-4	Jackson Chourio	Milwaukee Brewers,False
2024_topps_chrome_update,2024,Topps,Chrome Update,1989 Topps Baseball,,89CU-5,Yoshinobu Yamamoto,Los Angeles Dodgers,1989 Topps Baseball	89CU-5	Yoshinobu Yamamoto	Los Angeles Dodgers,False
2024_topps_chrome_update,2024,Topps,Chrome Update,1989 Topps Baseball,,89CU-6,Jung Hoo Lee,San Francisco Giants,1989 Topps Baseball	89CU-6	Jung Hoo Lee	San Francisco Giants,False
2024_topps_chrome_update,2024,Topps,Chrome Update,1989 Topps Baseball,,89CU-7,Shota Imanaga,Chicago Cubs,1989 Topps Baseball	89CU-7	Shota Imanaga	Chicago Cubs,False
2024_topps_chrome_update,2024,Topps,Chrome Update,1989 Topps Baseball,,89CU-8,Andy Pages,Los Angeles Dodgers,1989 Topps Baseball	89CU-8	Andy Pages	Los Angeles Dodgers,False
2024_topps_chrome_update,2024,Topps,Chrome Update,1989 Topps Baseball,,89CU-9,Jackson Merrill,San Diego Padres,1989 Topps Baseball	89CU-9	Jackson Merrill	San Diego Padres,False
2024_topps_chrome_update,2024,Topps,Chrome Update,1989 Topps Baseball,,89CU-10,Kyle Manzardo,Cleveland Guardians,1989 Topps Baseball	89CU-10	Kyle Manzardo	Cleveland Guardians,False
2024_topps_chrome_update,2024,Topps,Chrome Update,1989 Topps Baseball,,89CU-11,Bobby Witt Jr.,Kansas City Royals,1989 Topps Baseball	89CU-11	Bobby Witt Jr.	Kansas City Royals,False
2024_topps_chrome_update,2024,Topps,Chrome Update,1989 Topps Baseball,,89CU-12,Gunnar Henderson,Baltimore Orioles,1989 Topps Baseball	89CU-12	Gunnar Henderson	Baltimore Orioles,False
2024_topps_chrome_update,2024,Topps,Chrome Update,1989 Topps Baseball,,89CU-13,Bo Bichette,Toronto Blue Jays,1989 Topps Baseball	89CU-13	Bo Bichette	Toronto Blue Jays,False
2024_topps_chrome_update,2024,Topps,Chrome Update,1989 Topps Baseball,,89CU-14,Nolan Arenado,St. Louis Cardinals,1989 Topps Baseball	89CU-14	Nolan Arenado	St. Louis Cardinals,False
2024_topps_chrome_update,2024,Topps,Chrome Update,1989 Topps Baseball,,89CU-15,Colton Cowser,Baltimore Orioles,1989 Topps Baseball	89CU-15	Colton Cowser	Baltimore Orioles,False
2024_topps_chrome_update,2024,Topps,Chrome Update,1989 Topps Baseball,,89CU-16,Freddie Freeman,Los Angeles Dodgers,1989 Topps Baseball	89CU-16	Freddie Freeman	Los Angeles Dodgers,False
2024_topps_chrome_update,2024,Topps,Chrome Update,1989 Topps Baseball,,89CU-17,Corbin Carroll,Arizona Diamondbacks,1989 Topps Baseball	89CU-17	Corbin Carroll	Arizona Diamondbacks,False
2024_topps_chrome_update,2024,Topps,Chrome Update,1989 Topps Baseball,,89CU-18,Manny Machado,San Diego Padres,1989 Topps Baseball	89CU-18	Manny Machado	San Diego Padres,False
2024_topps_chrome_update,2024,Topps,Chrome Update,1989 Topps Baseball,,89CU-19,Andrew McCutchen,Pittsburgh Pirates,1989 Topps Baseball	89CU-19	Andrew McCutchen	Pittsburgh Pirates,False
2024_topps_chrome_update,2024,Topps,Chrome Update,1989 Topps Baseball,,89CU-20,Francisco Lindor,New York Mets,1989 Topps Baseball	89CU-20	Francisco Lindor	New York Mets,False
2024_topps_chrome_update,2024,Topps,Chrome Update,1989 Topps Baseball Autographs,,89CA-BW,Bobby Witt Jr.,Kansas City Royals,1989 Topps Baseball Autographs	89CA-BW	Bobby Witt Jr.	Kansas City Royals,False
2024_topps_chrome_update,2024,Topps,Chrome Update,1989 Topps Baseball Autographs,,89CA-CB,Corbin Burnes,Baltimore Orioles,1989 Topps Baseball Autographs	89CA-CB	Corbin Burnes	Baltimore Orioles,False
2024_topps_chrome_update,2024,Topps,Chrome Update,1989 Topps Baseball Autographs,,89CA-CY,Christian Yelich,Milwaukee Brewers,1989 Topps Baseball Autographs	89CA-CY	Christian Yelich	Milwaukee Brewers,False
2024_topps_chrome_update,2024,Topps,Chrome Update,1989 Topps Baseball Autographs,,89CA-DS,Dansby Swanson,Chicago Cubs,1989 Topps Baseball Autographs	89CA-DS	Dansby Swanson	Chicago Cubs,False
2024_topps_chrome_update,2024,Topps,Chrome Update,1989 Topps Baseball Autographs,,89CA-GS,George Springer,Toronto Blue Jays,1989 Topps Baseball Autographs	89CA-GS	George Springer	Toronto Blue Jays,False
2024_topps_chrome_update,2024,Topps,Chrome Update,1989 Topps Baseball Autographs,,89CA-JA,José Abreu,Houston Astros,1989 Topps Baseball Autographs	89CA-JA	José Abreu	Houston Astros,False
2024_topps_chrome_update,2024,Topps,Chrome Update,1989 Topps Baseball Autographs,,89CA-JM,J.D. Martinez,New York Mets,1989 Topps Baseball Autographs	89CA-JM	J.D. Martinez	New York Mets,False
2024_topps_chrome_update,2024,Topps,Chrome Update,1989 Topps Baseball Autographs,,89CA-JR,Julio Rodríguez,Seattle Mariners,1989 Topps Baseball Autographs	89CA-JR	Julio Rodríguez	Seattle Mariners,False
2024_topps_chrome_update,2024,Topps,Chrome Update,1989 Topps Baseball Autographs,,89CA-JV,Joey Votto,Toronto Blue Jays,1989 Topps Baseball Autographs	89CA-JV	Joey Votto	Toronto Blue Jays,False
2024_topps_chrome_update,2024,Topps,Chrome Update,1989 Topps Baseball Autographs,,89CA-KB,Kris Bryant,Colorado Rockies,1989 Topps Baseball Autographs	89CA-KB	Kris Bryant	Colorado Rockies,False
2024_topps_chrome_update,2024,Topps,Chrome Update,1989 Topps Baseball Autographs,,89CA-LR,Luis Robert Jr.,Chicago White Sox,1989 Topps Baseball Autographs	89CA-LR	Luis Robert Jr.	Chicago White Sox,False
2024_topps_chrome_update,2024,Topps,Chrome Update,1989 Topps Baseball Autographs,,89CA-MM,Manny Machado,San Diego Padres,1989 Topps Baseball Autographs	89CA-MM	Manny Machado	San Diego Padres,False
2024_topps_chrome_update,2024,Topps,Chrome Update,1989 Topps Baseball Autographs,,89CA-MO,Matt Olson,Atlanta Braves,1989 Topps Baseball Autographs	89CA-MO	Matt Olson	Atlanta Braves,False
2024_topps_chrome_update,2024,Topps,Chrome Update,1989 Topps Baseball Autographs,,89CA-NA,Nolan Arenado,St. Louis Cardinals,1989 Topps Baseball Autographs	89CA-NA	Nolan Arenado	St. Louis Cardinals,False
2024_topps_chrome_update,2024,Topps,Chrome Update,1989 Topps Baseball Autographs,,89CA-RA,Ronald Acuña Jr.,Atlanta Braves,1989 Topps Baseball Autographs	89CA-RA	Ronald Acuña Jr.	Atlanta Braves,False
2024_topps_chrome_update,2024,Topps,Chrome Update,1989 Topps Baseball Autographs,,89CA-RD,Rafael Devers,Boston Red Sox,1989 Topps Baseball Autographs	89CA-RD	Rafael Devers	Boston Red Sox,False
2024_topps_chrome_update,2024,Topps,Chrome Update,1989 Topps Baseball Autographs,,89CA-SM,Sean Murphy,Atlanta Braves,1989 Topps Baseball Autographs	89CA-SM	Sean Murphy	Atlanta Braves,False
2024_topps_chrome_update,2024,Topps,Chrome Update,1989 Topps Baseball Autographs,,89CA-ST,Spencer Torkelson,Detroit Tigers,1989 Topps Baseball Autographs	89CA-ST	Spencer Torkelson	Detroit Tigers,False
2024_topps_chrome_update,2024,Topps,Chrome Update,1989 Topps Baseball Autographs,,89CA-TT,Trea Turner,Philadelphia Phillies,1989 Topps Baseball Autographs	89CA-TT	Trea Turner	Philadelphia Phillies,False
2024_topps_chrome_update,2024,Topps,Chrome Update,1989 Topps Baseball Autographs,,89CA-VG,Vladimir Guerrero Jr.,Toronto Blue Jays,1989 Topps Baseball Autographs	89CA-VG	Vladimir Guerrero Jr.	Toronto Blue Jays,False
2024_topps_chrome_update,2024,Topps,Chrome Update,1989 Topps Baseball Autographs,,89CA-WS,Will Smith,Los Angeles Dodgers,1989 Topps Baseball Autographs	89CA-WS	Will Smith	Los Angeles Dodgers,False
2024_topps_chrome_update,2024,Topps,Chrome Update,1989 Topps Baseball Autographs,,89CA-YA,Yordan Alvarez,Houston Astros,1989 Topps Baseball Autographs	89CA-YA	Yordan Alvarez	Houston Astros,False
2024_topps_chrome_update,2024,Topps,Chrome Update,2024 All-Star Game Autographs,,ASGCA-AR,Adley Rutschman,Baltimore Orioles,2024 All-Star Game Autographs	ASGCA-AR	Adley Rutschman	Baltimore Orioles,False
2024_topps_chrome_update,2024,Topps,Chrome Update,2024 All-Star Game Autographs,,ASGCA-BR,Bryan Reynolds,Pittsburgh Pirates,2024 All-Star Game Autographs	ASGCA-BR	Bryan Reynolds	Pittsburgh Pirates,False
2024_topps_chrome_update,2024,Topps,Chrome Update,2024 All-Star Game Autographs,,ASGCA-BW,Bobby Witt Jr.,Kansas City Royals,2024 All-Star Game Autographs	ASGCA-BW	Bobby Witt Jr.	Kansas City Royals,False
2024_topps_chrome_update,2024,Topps,Chrome Update,2024 All-Star Game Autographs,,ASGCA-CA,CJ Abrams,Washington Nationals,2024 All-Star Game Autographs	ASGCA-CA	CJ Abrams	Washington Nationals,False
2024_topps_chrome_update,2024,Topps,Chrome Update,2024 All-Star Game Autographs,,ASGCA-CB,Corbin Burnes,Baltimore Orioles,2024 All-Star Game Autographs	ASGCA-CB	Corbin Burnes	Baltimore Orioles,False
2024_topps_chrome_update,2024,Topps,Chrome Update,2024 All-Star Game Autographs,,ASGCA-CH,Clay Holmes,New York Yankees,2024 All-Star Game Autographs	ASGCA-CH	Clay Holmes	New York Yankees,False
2024_topps_chrome_update,2024,Topps,Chrome Update,2024 All-Star Game Autographs,,ASGCA-CR,Cole Ragans,Kansas City Royals,2024 All-Star Game Autographs	ASGCA-CR	Cole Ragans	Kansas City Royals,False
2024_topps_chrome_update,2024,Topps,Chrome Update,2024 All-Star Game Autographs,,ASGCA-CY,Christian Yelich,Milwaukee Brewers,2024 All-Star Game Autographs	ASGCA-CY	Christian Yelich	Milwaukee Brewers,False
2024_topps_chrome_update,2024,Topps,Chrome Update,2024 All-Star Game Autographs,,ASGCA-DF,David Fry,Cleveland Guardians,2024 All-Star Game Autographs	ASGCA-DF	David Fry	Cleveland Guardians,False
2024_topps_chrome_update,2024,Topps,Chrome Update,2024 All-Star Game Autographs,,ASGCA-FT,Fernando Tatis Jr.,San Diego Padres,2024 All-Star Game Autographs	ASGCA-FT	Fernando Tatis Jr.	San Diego Padres,False
2024_topps_chrome_update,2024,Topps,Chrome Update,2024 All-Star Game Autographs,,ASGCA-GC,Garrett Crochet,Chicago White Sox,2024 All-Star Game Autographs	ASGCA-GC	Garrett Crochet	Chicago White Sox,False
2024_topps_chrome_update,2024,Topps,Chrome Update,2024 All-Star Game Autographs,,ASGCA-HR,Heliot Ramos,San Francisco Giants,2024 All-Star Game Autographs	ASGCA-HR	Heliot Ramos	San Francisco Giants,False
2024_topps_chrome_update,2024,Topps,Chrome Update,2024 All-Star Game Autographs,,ASGCA-JA,Jose Altuve,Houston Astros,2024 All-Star Game Autographs	ASGCA-JA	Jose Altuve	Houston Astros,False
2024_topps_chrome_update,2024,Topps,Chrome Update,2024 All-Star Game Autographs,,ASGCA-JM,Jackson Merrill,San Diego Padres,2024 All-Star Game Autographs	ASGCA-JM	Jackson Merrill	San Diego Padres,False
2024_topps_chrome_update,2024,Topps,Chrome Update,2024 All-Star Game Autographs,,ASGCA-JR,José Ramírez,Cleveland Guardians,2024 All-Star Game Autographs	ASGCA-JR	José Ramírez	Cleveland Guardians,False
2024_topps_chrome_update,2024,Topps,Chrome Update,2024 All-Star Game Autographs,,ASGCA-JS,Juan Soto,New York Yankees,2024 All-Star Game Autographs	ASGCA-JS	Juan Soto	New York Yankees,False
2024_topps_chrome_update,2024,Topps,Chrome Update,2024 All-Star Game Autographs,,ASGCA-LW,Logan Webb,San Francisco Giants,2024 All-Star Game Autographs	ASGCA-LW	Logan Webb	San Francisco Giants,False
2024_topps_chrome_update,2024,Topps,Chrome Update,2024 All-Star Game Autographs,,ASGCA-MM,Mason Miller,Oakland Athletics,2024 All-Star Game Autographs	ASGCA-MM	Mason Miller	Oakland Athletics,False
2024_topps_chrome_update,2024,Topps,Chrome Update,2024 All-Star Game Autographs,,ASGCA-PA,Pete Alonso,New York Mets,2024 All-Star Game Autographs	ASGCA-PA	Pete Alonso	New York Mets,False
2024_topps_chrome_update,2024,Topps,Chrome Update,2024 All-Star Game Autographs,,ASGCA-PS,Paul Skenes,Pittsburgh Pirates,2024 All-Star Game Autographs	ASGCA-PS	Paul Skenes	Pittsburgh Pirates,False
2024_topps_chrome_update,2024,Topps,Chrome Update,2024 All-Star Game Autographs,,ASGCA-SI,Shota Imanaga,Chicago Cubs,2024 All-Star Game Autographs	ASGCA-SI	Shota Imanaga	Chicago Cubs,False
2024_topps_chrome_update,2024,Topps,Chrome Update,2024 All-Star Game Autographs,,ASGCA-SL,Seth Lugo,Kansas City Royals,2024 All-Star Game Autographs	ASGCA-SL	Seth Lugo	Kansas City Royals,False
2024_topps_chrome_update,2024,Topps,Chrome Update,2024 All-Star Game Autographs,,ASGCA-TH,Tanner Houck,Boston Red Sox,2024 All-Star Game Autographs	ASGCA-TH	Tanner Houck	Boston Red Sox,False
2024_topps_chrome_update,2024,Topps,Chrome Update,2024 All-Star Game Autographs,,ASGCA-VG,Vladimir Guerrero Jr.,Toronto Blue Jays,2024 All-Star Game Autographs	ASGCA-VG	Vladimir Guerrero Jr.	Toronto Blue Jays,False
2024_topps_chrome_update,2024,Topps,Chrome Update,2024 All-Star Game Autographs,,ASGCA-WS,Will Smith,Los Angeles Dodgers,2024 All-Star Game Autographs	ASGCA-WS	Will Smith	Los Angeles Dodgers,False
2024_topps_chrome_update,2024,Topps,Chrome Update,2024 All-Star Game Autographs,,ASGCA-YA,Yordan Alvarez,Houston Astros,2024 All-Star Game Autographs	ASGCA-YA	Yordan Alvarez	Houston Astros,False
2024_topps_chrome_update,2024,Topps,Chrome Update,2024 All-Star Game Chrome,,ASGC-1,Adley Rutschman,Baltimore Orioles,2024 All-Star Game Chrome	ASGC-1	Adley Rutschman	Baltimore Orioles,False
2024_topps_chrome_update,2024,Topps,Chrome Update,2024 All-Star Game Chrome,,ASGC-2,Vladimir Guerrero Jr.,Toronto Blue Jays,2024 All-Star Game Chrome	ASGC-2	Vladimir Guerrero Jr.	Toronto Blue Jays,False
2024_topps_chrome_update,2024,Topps,Chrome Update,2024 All-Star Game Chrome,,ASGC-3,Jose Altuve,Houston Astros,2024 All-Star Game Chrome	ASGC-3	Jose Altuve	Houston Astros,False
2024_topps_chrome_update,2024,Topps,Chrome Update,2024 All-Star Game Chrome,,ASGC-4,José Ramírez,Cleveland Guardians,2024 All-Star Game Chrome	ASGC-4	José Ramírez	Cleveland Guardians,False
2024_topps_chrome_update,2024,Topps,Chrome Update,2024 All-Star Game Chrome,,ASGC-5,Gunnar Henderson,Baltimore Orioles,2024 All-Star Game Chrome	ASGC-5	Gunnar Henderson	Baltimore Orioles,False
2024_topps_chrome_update,2024,Topps,Chrome Update,2024 All-Star Game Chrome,,ASGC-6,Aaron Judge,New York Yankees,2024 All-Star Game Chrome	ASGC-6	Aaron Judge	New York Yankees,False
2024_topps_chrome_update,2024,Topps,Chrome Update,2024 All-Star Game Chrome,,ASGC-7,Juan Soto,New York Yankees,2024 All-Star Game Chrome	ASGC-7	Juan Soto	New York Yankees,False
2024_topps_chrome_update,2024,Topps,Chrome Update,2024 All-Star Game Chrome,,ASGC-8,Steven Kwan,Cleveland Guardians,2024 All-Star Game Chrome	ASGC-8	Steven Kwan	Cleveland Guardians,False
2024_topps_chrome_update,2024,Topps,Chrome Update,2024 All-Star Game Chrome,,ASGC-9,Yordan Alvarez,Houston Astros,2024 All-Star Game Chrome	ASGC-9	Yordan Alvarez	Houston Astros,False
2024_topps_chrome_update,2024,Topps,Chrome Update,2024 All-Star Game Chrome,,ASGC-10,William Contreras,Milwaukee Brewers,2024 All-Star Game Chrome	ASGC-10	William Contreras	Milwaukee Brewers,False
2024_topps_chrome_update,2024,Topps,Chrome Update,2024 All-Star Game Chrome,,ASGC-11,Bryce Harper,Philadelphia Phillies,2024 All-Star Game Chrome	ASGC-11	Bryce Harper	Philadelphia Phillies,False
2024_topps_chrome_update,2024,Topps,Chrome Update,2024 All-Star Game Chrome,,ASGC-12,Ketel Marte,Arizona Diamondbacks,2024 All-Star Game Chrome	ASGC-12	Ketel Marte	Arizona Diamondbacks,False
2024_topps_chrome_update,2024,Topps,Chrome Update,2024 All-Star Game Chrome,,ASGC-13,Alec Bohm,Philadelphia Phillies,2024 All-Star Game Chrome	ASGC-13	Alec Bohm	Philadelphia Phillies,False
2024_topps_chrome_update,2024,Topps,Chrome Update,2024 All-Star Game Chrome,,ASGC-14,Trea Turner,Philadelphia Phillies,2024 All-Star Game Chrome	ASGC-14	Trea Turner	Philadelphia Phillies,False
2024_topps_chrome_update,2024,Topps,Chrome Update,2024 All-Star Game Chrome,,ASGC-15,Jurickson Profar,San Diego Padres,2024 All-Star Game Chrome	ASGC-15	Jurickson Profar	San Diego Padres,False
2024_topps_chrome_update,2024,Topps,Chrome Update,2024 All-Star Game Chrome,,ASGC-16,Fernando Tatis Jr.,San Diego Padres,2024 All-Star Game Chrome	ASGC-16	Fernando Tatis Jr.	San Diego Padres,False
2024_topps_chrome_update,2024,Topps,Chrome Update,2024 All-Star Game Chrome,,ASGC-17,Christian Yelich,Milwaukee Brewers,2024 All-Star Game Chrome	ASGC-17	Christian Yelich	Milwaukee Brewers,False
2024_topps_chrome_update,2024,Topps,Chrome Update,2024 All-Star Game Chrome,,ASGC-18,Shohei Ohtani,Los Angeles Dodgers,2024 All-Star Game Chrome	ASGC-18	Shohei Ohtani	Los Angeles Dodgers,False
2024_topps_chrome_update,2024,Topps,Chrome Update,2024 All-Star Game Chrome,,ASGC-19,Corbin Burnes,Baltimore Orioles,2024 All-Star Game Chrome	ASGC-19	Corbin Burnes	Baltimore Orioles,False
2024_topps_chrome_update,2024,Topps,Chrome Update,2024 All-Star Game Chrome,,ASGC-20,Emmanuel Clase,Cleveland Guardians,2024 All-Star Game Chrome	ASGC-20	Emmanuel Clase	Cleveland Guardians,False
2024_topps_chrome_update,2024,Topps,Chrome Update,2024 All-Star Game Chrome,,ASGC-21,Garrett Crochet,Chicago White Sox,2024 All-Star Game Chrome	ASGC-21	Garrett Crochet	Chicago White Sox,False
2024_topps_chrome_update,2024,Topps,Chrome Update,2024 All-Star Game Chrome,,ASGC-22,Seth Lugo,Kansas City Royals,2024 All-Star Game Chrome	ASGC-22	Seth Lugo	Kansas City Royals,False
2024_topps_chrome_update,2024,Topps,Chrome Update,2024 All-Star Game Chrome,,ASGC-23,Mason Miller,Oakland Athletics,2024 All-Star Game Chrome	ASGC-23	Mason Miller	Oakland Athletics,False
2024_topps_chrome_update,2024,Topps,Chrome Update,2024 All-Star Game Chrome,,ASGC-24,Cole Ragans,Kansas City Royals,2024 All-Star Game Chrome	ASGC-24	Cole Ragans	Kansas City Royals,False
2024_topps_chrome_update,2024,Topps,Chrome Update,2024 All-Star Game Chrome,,ASGC-25,Tarik Skubal,Detroit Tigers,2024 All-Star Game Chrome	ASGC-25	Tarik Skubal	Detroit Tigers,False
2024_topps_chrome_update,2024,Topps,Chrome Update,2024 All-Star Game Chrome,,ASGC-26,Tyler Glasnow,Los Angeles Dodgers,2024 All-Star Game Chrome	ASGC-26	Tyler Glasnow	Los Angeles Dodgers,False
2024_topps_chrome_update,2024,Topps,Chrome Update,2024 All-Star Game Chrome,,ASGC-27,Shota Imanaga,Chicago Cubs,2024 All-Star Game Chrome	ASGC-27	Shota Imanaga	Chicago Cubs,False
2024_topps_chrome_update,2024,Topps,Chrome Update,2024 All-Star Game Chrome,,ASGC-28,Chris Sale,Atlanta Braves,2024 All-Star Game Chrome	ASGC-28	Chris Sale	Atlanta Braves,False
2024_topps_chrome_update,2024,Topps,Chrome Update,2024 All-Star Game Chrome,,ASGC-29,Paul Skenes,Pittsburgh Pirates,2024 All-Star Game Chrome	ASGC-29	Paul Skenes	Pittsburgh Pirates,False
2024_topps_chrome_update,2024,Topps,Chrome Update,2024 All-Star Game Chrome,,ASGC-30,Ranger Suarez,Philadelphia Phillies,2024 All-Star Game Chrome	ASGC-30	Ranger Suarez	Philadelphia Phillies,False
2024_topps_chrome_update,2024,Topps,Chrome Update,2024 All-Star Game Chrome,,ASGC-31,Logan Webb,San Francisco Giants,2024 All-Star Game Chrome	ASGC-31	Logan Webb	San Francisco Giants,False
2024_topps_chrome_update,2024,Topps,Chrome Update,2024 All-Star Game Chrome,,ASGC-32,Zack Wheeler,Philadelphia Phillies,2024 All-Star Game Chrome	ASGC-32	Zack Wheeler	Philadelphia Phillies,False
2024_topps_chrome_update,2024,Topps,Chrome Update,2024 All-Star Game Chrome,,ASGC-33,Salvador Perez,Kansas City Royals,2024 All-Star Game Chrome	ASGC-33	Salvador Perez	Kansas City Royals,False
2024_topps_chrome_update,2024,Topps,Chrome Update,2024 All-Star Game Chrome,,ASGC-34,Will Smith,Los Angeles Dodgers,2024 All-Star Game Chrome	ASGC-34	Will Smith	Los Angeles Dodgers,False
2024_topps_chrome_update,2024,Topps,Chrome Update,2024 All-Star Game Chrome,,ASGC-35,Matt Strahm,Philadelphia Phillies,2024 All-Star Game Chrome	ASGC-35	Matt Strahm	Philadelphia Phillies,False
2024_topps_chrome_update,2024,Topps,Chrome Update,2024 All-Star Game Chrome,,ASGC-36,Rafael Devers,Boston Red Sox,2024 All-Star Game Chrome	ASGC-36	Rafael Devers	Boston Red Sox,False
2024_topps_chrome_update,2024,Topps,Chrome Update,2024 All-Star Game Chrome,,ASGC-37,Josh Naylor,Cleveland Guardians,2024 All-Star Game Chrome	ASGC-37	Josh Naylor	Cleveland Guardians,False
2024_topps_chrome_update,2024,Topps,Chrome Update,2024 All-Star Game Chrome,,ASGC-38,Marcus Semien,Texas Rangers,2024 All-Star Game Chrome	ASGC-38	Marcus Semien	Texas Rangers,False
2024_topps_chrome_update,2024,Topps,Chrome Update,2024 All-Star Game Chrome,,ASGC-39,Bobby Witt Jr.,Kansas City Royals,2024 All-Star Game Chrome	ASGC-39	Bobby Witt Jr.	Kansas City Royals,False
2024_topps_chrome_update,2024,Topps,Chrome Update,2024 All-Star Game Chrome,,ASGC-40,CJ Abrams,Washington Nationals,2024 All-Star Game Chrome	ASGC-40	CJ Abrams	Washington Nationals,False
2024_topps_chrome_update,2024,Topps,Chrome Update,2024 All-Star Game Chrome,,ASGC-41,Pete Alonso,New York Mets,2024 All-Star Game Chrome	ASGC-41	Pete Alonso	New York Mets,False
2024_topps_chrome_update,2024,Topps,Chrome Update,2024 All-Star Game Chrome,,ASGC-42,Luis Arraez,San Diego Padres,2024 All-Star Game Chrome	ASGC-42	Luis Arraez	San Diego Padres,False
2024_topps_chrome_update,2024,Topps,Chrome Update,2024 All-Star Game Chrome,,ASGC-43,Mookie Betts,Los Angeles Dodgers,2024 All-Star Game Chrome	ASGC-43	Mookie Betts	Los Angeles Dodgers,False
2024_topps_chrome_update,2024,Topps,Chrome Update,2024 All-Star Game Chrome,,ASGC-44,Elly De La Cruz,Cincinnati Reds,2024 All-Star Game Chrome	ASGC-44	Elly De La Cruz	Cincinnati Reds,False
2024_topps_chrome_update,2024,Topps,Chrome Update,2024 All-Star Game Chrome,,ASGC-45,Freddie Freeman,Los Angeles Dodgers,2024 All-Star Game Chrome	ASGC-45	Freddie Freeman	Los Angeles Dodgers,False
2024_topps_chrome_update,2024,Topps,Chrome Update,2024 All-Star Game Chrome,,ASGC-46,Jarren Duran,Boston Red Sox,2024 All-Star Game Chrome	ASGC-46	Jarren Duran	Boston Red Sox,False
2024_topps_chrome_update,2024,Topps,Chrome Update,2024 All-Star Game Chrome,,ASGC-47,Riley Greene,Detroit Tigers,2024 All-Star Game Chrome	ASGC-47	Riley Greene	Detroit Tigers,False
2024_topps_chrome_update,2024,Topps,Chrome Update,2024 All-Star Game Chrome,,ASGC-48,Kyle Tucker,Houston Astros,2024 All-Star Game Chrome	ASGC-48	Kyle Tucker	Houston Astros,False
2024_topps_chrome_update,2024,Topps,Chrome Update,2024 All-Star Game Chrome,,ASGC-49,Jackson Merrill,San Diego Padres,2024 All-Star Game Chrome	ASGC-49	Jackson Merrill	San Diego Padres,False
2024_topps_chrome_update,2024,Topps,Chrome Update,2024 All-Star Game Chrome,,ASGC-50,Bryan Reynolds,Pittsburgh Pirates,2024 All-Star Game Chrome	ASGC-50	Bryan Reynolds	Pittsburgh Pirates,False
2024_topps_chrome_update,2024,Topps,Chrome Update,2024 Topps Chrome Youthquake,,YQ-51,Paul Skenes,Pittsburgh Pirates,2024 Topps Chrome Youthquake	YQ-51	Paul Skenes	Pittsburgh Pirates,False
2024_topps_chrome_update,2024,Topps,Chrome Update,2024 Topps Chrome Youthquake,,YQ-52,Noelvi Marte,Cincinnati Reds,2024 Topps Chrome Youthquake	YQ-52	Noelvi Marte	Cincinnati Reds,False
2024_topps_chrome_update,2024,Topps,Chrome Update,2024 Topps Chrome Youthquake,,YQ-53,Yoshinobu Yamamoto,Los Angeles Dodgers,2024 Topps Chrome Youthquake	YQ-53	Yoshinobu Yamamoto	Los Angeles Dodgers,False
2024_topps_chrome_update,2024,Topps,Chrome Update,2024 Topps Chrome Youthquake,,YQ-54,Colt Keith,Detroit Tigers,2024 Topps Chrome Youthquake	YQ-54	Colt Keith	Detroit Tigers,False
2024_topps_chrome_update,2024,Topps,Chrome Update,2024 Topps Chrome Youthquake,,YQ-55,Victor Scott II,St. Louis Cardinals,2024 Topps Chrome Youthquake	YQ-55	Victor Scott II	St. Louis Cardinals,False
2024_topps_chrome_update,2024,Topps,Chrome Update,2024 Topps Chrome Youthquake,,YQ-56,Jung Hoo Lee,San Francisco Giants,2024 Topps Chrome Youthquake	YQ-56	Jung Hoo Lee	San Francisco Giants,False
2024_topps_chrome_update,2024,Topps,Chrome Update,2024 Topps Chrome Youthquake,,YQ-57,Wyatt Langford,Texas Rangers,2024 Topps Chrome Youthquake	YQ-57	Wyatt Langford	Texas Rangers,False
2024_topps_chrome_update,2024,Topps,Chrome Update,2024 Topps Chrome Youthquake,,YQ-58,Ben Brown,Chicago Cubs,2024 Topps Chrome Youthquake	YQ-58	Ben Brown	Chicago Cubs,False
2024_topps_chrome_update,2024,Topps,Chrome Update,2024 Topps Chrome Youthquake,,YQ-59,Oliver Dunn,Milwaukee Brewers,2024 Topps Chrome Youthquake	YQ-59	Oliver Dunn	Milwaukee Brewers,False
2024_topps_chrome_update,2024,Topps,Chrome Update,2024 Topps Chrome Youthquake,,YQ-60,Jared Jones,Pittsburgh Pirates,2024 Topps Chrome Youthquake	YQ-60	Jared Jones	Pittsburgh Pirates,False
2024_topps_chrome_update,2024,Topps,Chrome Update,2024 Topps Chrome Youthquake,,YQ-61,Jackson Chourio,Milwaukee Brewers,2024 Topps Chrome Youthquake	YQ-61	Jackson Chourio	Milwaukee Brewers,False
2024_topps_chrome_update,2024,Topps,Chrome Update,2024 Topps Chrome Youthquake,,YQ-62,Austin Martin,Minnesota Twins,2024 Topps Chrome Youthquake	YQ-62	Austin Martin	Minnesota Twins,False
2024_topps_chrome_update,2024,Topps,Chrome Update,2024 Topps Chrome Youthquake,,YQ-63,Shota Imanaga,Chicago Cubs,2024 Topps Chrome Youthquake	YQ-63	Shota Imanaga	Chicago Cubs,False
2024_topps_chrome_update,2024,Topps,Chrome Update,2024 Topps Chrome Youthquake,,YQ-64,Justin Foscue,Texas Rangers,2024 Topps Chrome Youthquake	YQ-64	Justin Foscue	Texas Rangers,False
2024_topps_chrome_update,2024,Topps,Chrome Update,2024 Topps Chrome Youthquake,,YQ-65,Jackson Holliday,Baltimore Orioles,2024 Topps Chrome Youthquake	YQ-65	Jackson Holliday	Baltimore Orioles,False
2024_topps_chrome_update,2024,Topps,Chrome Update,2024 Topps Chrome Youthquake,,YQ-66,Yariel Rodríguez,Toronto Blue Jays,2024 Topps Chrome Youthquake	YQ-66	Yariel Rodríguez	Toronto Blue Jays,False
2024_topps_chrome_update,2024,Topps,Chrome Update,2024 Topps Chrome Youthquake,,YQ-67,Jonatan Clase,Toronto Blue Jays,2024 Topps Chrome Youthquake	YQ-67	Jonatan Clase	Toronto Blue Jays,False
2024_topps_chrome_update,2024,Topps,Chrome Update,2024 Topps Chrome Youthquake,,YQ-68,Andy Pages,Los Angeles Dodgers,2024 Topps Chrome Youthquake	YQ-68	Andy Pages	Los Angeles Dodgers,False
2024_topps_chrome_update,2024,Topps,Chrome Update,2024 Topps Chrome Youthquake,,YQ-69,Landon Knack,Los Angeles Dodgers,2024 Topps Chrome Youthquake	YQ-69	Landon Knack	Los Angeles Dodgers,False
2024_topps_chrome_update,2024,Topps,Chrome Update,2024 Topps Chrome Youthquake,,YQ-70,Jack Leiter,Texas Rangers,2024 Topps Chrome Youthquake	YQ-70	Jack Leiter	Texas Rangers,False
2024_topps_chrome_update,2024,Topps,Chrome Update,2024 Topps Chrome Youthquake,,YQ-71,Joey Loperfido,Toronto Blue Jays,2024 Topps Chrome Youthquake	YQ-71	Joey Loperfido	Toronto Blue Jays,False
2024_topps_chrome_update,2024,Topps,Chrome Update,2024 Topps Chrome Youthquake,,YQ-72,Tyler Black,Milwaukee Brewers,2024 Topps Chrome Youthquake	YQ-72	Tyler Black	Milwaukee Brewers,False
2024_topps_chrome_update,2024,Topps,Chrome Update,2024 Topps Chrome Youthquake,,YQ-73,Jordan Beck,Colorado Rockies,2024 Topps Chrome Youthquake	YQ-73	Jordan Beck	Colorado Rockies,False
2024_topps_chrome_update,2024,Topps,Chrome Update,2024 Topps Chrome Youthquake,,YQ-74,Christian Scott,New York Mets,2024 Topps Chrome Youthquake	YQ-74	Christian Scott	New York Mets,False
2024_topps_chrome_update,2024,Topps,Chrome Update,2024 Topps Chrome Youthquake,,YQ-75,Bryan Ramos,Chicago White Sox,2024 Topps Chrome Youthquake	YQ-75	Bryan Ramos	Chicago White Sox,False
2024_topps_chrome_update,2024,Topps,Chrome Update,2024 Topps Chrome Youthquake,,YQ-76,Kyle Manzardo,Cleveland Guardians,2024 Topps Chrome Youthquake	YQ-76	Kyle Manzardo	Cleveland Guardians,False
2024_topps_chrome_update,2024,Topps,Chrome Update,2024 Topps Chrome Youthquake,,YQ-77,Brett Harris,Oakland Athletics,2024 Topps Chrome Youthquake	YQ-77	Brett Harris	Oakland Athletics,False
2024_topps_chrome_update,2024,Topps,Chrome Update,2024 Topps Chrome Youthquake,,YQ-78,Graham Pauley,Miami Marlins,2024 Topps Chrome Youthquake	YQ-78	Graham Pauley	Miami Marlins,False
2024_topps_chrome_update,2024,Topps,Chrome Update,2024 Topps Chrome Youthquake,,YQ-79,Yuki Matsui,San Diego Padres,2024 Topps Chrome Youthquake	YQ-79	Yuki Matsui	San Diego Padres,False
2024_topps_chrome_update,2024,Topps,Chrome Update,2024 Topps Chrome Youthquake,,YQ-80,Blaze Alexander,Arizona Diamondbacks,2024 Topps Chrome Youthquake	YQ-80	Blaze Alexander	Arizona Diamondbacks,False
2024_topps_chrome_update,2024,Topps,Chrome Update,2024 Topps Chrome Youthquake,,YQ-81,Clayton Beeter,New York Yankees,2024 Topps Chrome Youthquake	YQ-81	Clayton Beeter	New York Yankees,False
2024_topps_chrome_update,2024,Topps,Chrome Update,2024 Topps Chrome Youthquake,,YQ-82,Trey Lipscomb,Washington Nationals,2024 Topps Chrome Youthquake	YQ-82	Trey Lipscomb	Washington Nationals,False
2024_topps_chrome_update,2024,Topps,Chrome Update,2024 Topps Chrome Youthquake,,YQ-83,Kyle McCann,Oakland Athletics,2024 Topps Chrome Youthquake	YQ-83	Kyle McCann	Oakland Athletics,False
2024_topps_chrome_update,2024,Topps,Chrome Update,2024 Topps Chrome Youthquake,,YQ-84,Addison Barger,Toronto Blue Jays,2024 Topps Chrome Youthquake	YQ-84	Addison Barger	Toronto Blue Jays,False
2024_topps_chrome_update,2024,Topps,Chrome Update,2024 Topps Chrome Youthquake,,YQ-85,Everson Pereira,New York Yankees,2024 Topps Chrome Youthquake	YQ-85	Everson Pereira	New York Yankees,False
2024_topps_chrome_update,2024,Topps,Chrome Update,2024 Topps Chrome Youthquake,,YQ-86,Jordan Westburg,Baltimore Orioles,2024 Topps Chrome Youthquake	YQ-86	Jordan Westburg	Baltimore Orioles,False
2024_topps_chrome_update,2024,Topps,Chrome Update,2024 Topps Chrome Youthquake,,YQ-87,Jonny Deluca,Tampa Bay Rays,2024 Topps Chrome Youthquake	YQ-87	Jonny Deluca	Tampa Bay Rays,False
2024_topps_chrome_update,2024,Topps,Chrome Update,2024 Topps Chrome Youthquake,,YQ-88,Johan Rojas,Philadelphia Phillies,2024 Topps Chrome Youthquake	YQ-88	Johan Rojas	Philadelphia Phillies,False
2024_topps_chrome_update,2024,Topps,Chrome Update,2024 Topps Chrome Youthquake,,YQ-89,Wilyer Abreu,Boston Red Sox,2024 Topps Chrome Youthquake	YQ-89	Wilyer Abreu	Boston Red Sox,False
2024_topps_chrome_update,2024,Topps,Chrome Update,2024 Topps Chrome Youthquake,,YQ-90,Keaton Winn,San Francisco Giants,2024 Topps Chrome Youthquake	YQ-90	Keaton Winn	San Francisco Giants,False
2024_topps_chrome_update,2024,Topps,Chrome Update,2024 Topps Chrome Youthquake,,YQ-91,Gunnar Henderson,Baltimore Orioles,2024 Topps Chrome Youthquake	YQ-91	Gunnar Henderson	Baltimore Orioles,False
2024_topps_chrome_update,2024,Topps,Chrome Update,2024 Topps Chrome Youthquake,,YQ-92,Michael Harris II,Atlanta Braves,2024 Topps Chrome Youthquake	YQ-92	Michael Harris II	Atlanta Braves,False
2024_topps_chrome_update,2024,Topps,Chrome Update,2024 Topps Chrome Youthquake,,YQ-93,Mark Vientos,New York Mets,2024 Topps Chrome Youthquake	YQ-93	Mark Vientos	New York Mets,False
2024_topps_chrome_update,2024,Topps,Chrome Update,2024 Topps Chrome Youthquake,,YQ-94,Vinnie Pasquantino,Kansas City Royals,2024 Topps Chrome Youthquake	YQ-94	Vinnie Pasquantino	Kansas City Royals,False
2024_topps_chrome_update,2024,Topps,Chrome Update,2024 Topps Chrome Youthquake,,YQ-95,Triston Casas,Boston Red Sox,2024 Topps Chrome Youthquake	YQ-95	Triston Casas	Boston Red Sox,False
2024_topps_chrome_update,2024,Topps,Chrome Update,2024 Topps Chrome Youthquake,,YQ-96,Ezequiel Tovar,Colorado Rockies,2024 Topps Chrome Youthquake	YQ-96	Ezequiel Tovar	Colorado Rockies,False
2024_topps_chrome_update,2024,Topps,Chrome Update,2024 Topps Chrome Youthquake,,YQ-97,Zach Neto,Los Angeles Angels,2024 Topps Chrome Youthquake	YQ-97	Zach Neto	Los Angeles Angels,False
2024_topps_chrome_update,2024,Topps,Chrome Update,2024 Topps Chrome Youthquake,,YQ-98,James Outman,Los Angeles Dodgers,2024 Topps Chrome Youthquake	YQ-98	James Outman	Los Angeles Dodgers,False
2024_topps_chrome_update,2024,Topps,Chrome Update,2024 Topps Chrome Youthquake,,YQ-99,Mason Miller,Oakland Athletics,2024 Topps Chrome Youthquake	YQ-99	Mason Miller	Oakland Athletics,False
2024_topps_chrome_update,2024,Topps,Chrome Update,2024 Topps Chrome Youthquake,,YQ-100,Brayan Bello,Boston Red Sox,2024 Topps Chrome Youthquake	YQ-100	Brayan Bello	Boston Red Sox,False
2024_topps_chrome_update,2024,Topps,Chrome Update,Celebración,,CELE-1,Elly De La Cruz,Cincinnati Reds,Celebración	CELE-1	Elly De La Cruz	Cincinnati Reds,False
2024_topps_chrome_update,2024,Topps,Chrome Update,Celebración,,CELE-2,Julio Rodríguez,Seattle Mariners,Celebración	CELE-2	Julio Rodríguez	Seattle Mariners,False
2024_topps_chrome_update,2024,Topps,Chrome Update,Celebración,,CELE-3,Colt Keith,Detroit Tigers,Celebración	CELE-3	Colt Keith	Detroit Tigers,False
2024_topps_chrome_update,2024,Topps,Chrome Update,Celebración,,CELE-4,Jackson Holliday,Baltimore Orioles,Celebración	CELE-4	Jackson Holliday	Baltimore Orioles,False
2024_topps_chrome_update,2024,Topps,Chrome Update,Celebración,,CELE-5,Adley Rutschman,Baltimore Orioles,Celebración	CELE-5	Adley Rutschman	Baltimore Orioles,False
2024_topps_chrome_update,2024,Topps,Chrome Update,Celebración,,CELE-6,Rafael Devers,Boston Red Sox,Celebración	CELE-6	Rafael Devers	Boston Red Sox,False
2024_topps_chrome_update,2024,Topps,Chrome Update,Celebración,,CELE-7,Kris Bryant,Colorado Rockies,Celebración	CELE-7	Kris Bryant	Colorado Rockies,False
2024_topps_chrome_update,2024,Topps,Chrome Update,Celebración,,CELE-8,Mike Trout,Los Angeles Angels,Celebración	CELE-8	Mike Trout	Los Angeles Angels,False
2024_topps_chrome_update,2024,Topps,Chrome Update,Celebración,,CELE-9,Aaron Judge,New York Yankees,Celebración	CELE-9	Aaron Judge	New York Yankees,False
2024_topps_chrome_update,2024,Topps,Chrome Update,Celebración,,CELE-10,Juan Soto,New York Yankees,Celebración	CELE-10	Juan Soto	New York Yankees,False
2024_topps_chrome_update,2024,Topps,Chrome Update,Celebración,,CELE-11,Bryce Harper,Philadelphia Phillies,Celebración	CELE-11	Bryce Harper	Philadelphia Phillies,False
2024_topps_chrome_update,2024,Topps,Chrome Update,Celebración,,CELE-12,Shohei Ohtani,Los Angeles Dodgers,Celebración	CELE-12	Shohei Ohtani	Los Angeles Dodgers,False
2024_topps_chrome_update,2024,Topps,Chrome Update,Celebración,,CELE-13,Mookie Betts,Los Angeles Dodgers,Celebración	CELE-13	Mookie Betts	Los Angeles Dodgers,False
2024_topps_chrome_update,2024,Topps,Chrome Update,Celebración,,CELE-14,Ronald Acuña Jr.,Atlanta Braves,Celebración	CELE-14	Ronald Acuña Jr.	Atlanta Braves,False
2024_topps_chrome_update,2024,Topps,Chrome Update,Celebración,,CELE-15,Paul Skenes,Pittsburgh Pirates,Celebración	CELE-15	Paul Skenes	Pittsburgh Pirates,False
2024_topps_chrome_update,2024,Topps,Chrome Update,Celebración,,CELE-16,Victor Scott II,St. Louis Cardinals,Celebración	CELE-16	Victor Scott II	St. Louis Cardinals,False
2024_topps_chrome_update,2024,Topps,Chrome Update,Celebración,,CELE-17,Shota Imanaga,Chicago Cubs,Celebración	CELE-17	Shota Imanaga	Chicago Cubs,False
2024_topps_chrome_update,2024,Topps,Chrome Update,Celebración,,CELE-18,Yoshinobu Yamamoto,Los Angeles Dodgers,Celebración	CELE-18	Yoshinobu Yamamoto	Los Angeles Dodgers,False
2024_topps_chrome_update,2024,Topps,Chrome Update,Celebración,,CELE-19,Jackson Chourio,Milwaukee Brewers,Celebración	CELE-19	Jackson Chourio	Milwaukee Brewers,False
2024_topps_chrome_update,2024,Topps,Chrome Update,Celebración,,CELE-20,CJ Abrams,Washington Nationals,Celebración	CELE-20	CJ Abrams	Washington Nationals,False
2024_topps_chrome_update,2024,Topps,Chrome Update,Chrome All-Etch,,CAEU-1,Gerrit Cole,New York Yankees,Chrome All-Etch	CAEU-1	Gerrit Cole	New York Yankees,False
2024_topps_chrome_update,2024,Topps,Chrome Update,Chrome All-Etch,,CAEU-2,Josh Jung,Texas Rangers,Chrome All-Etch	CAEU-2	Josh Jung	Texas Rangers,False
2024_topps_chrome_update,2024,Topps,Chrome Update,Chrome All-Etch,,CAEU-3,Bryce Harper,Philadelphia Phillies,Chrome All-Etch	CAEU-3	Bryce Harper	Philadelphia Phillies,False
2024_topps_chrome_update,2024,Topps,Chrome Update,Chrome All-Etch,,CAEU-4,Freddie Freeman,Los Angeles Dodgers,Chrome All-Etch	CAEU-4	Freddie Freeman	Los Angeles Dodgers,False
2024_topps_chrome_update,2024,Topps,Chrome Update,Chrome All-Etch,,CAEU-5,Francisco Lindor,New York Mets,Chrome All-Etch	CAEU-5	Francisco Lindor	New York Mets,False
2024_topps_chrome_update,2024,Topps,Chrome Update,Chrome All-Etch,,CAEU-6,Cody Bellinger,Chicago Cubs,Chrome All-Etch	CAEU-6	Cody Bellinger	Chicago Cubs,False
2024_topps_chrome_update,2024,Topps,Chrome Update,Chrome All-Etch,,CAEU-7,Fernando Tatis Jr.,San Diego Padres,Chrome All-Etch	CAEU-7	Fernando Tatis Jr.	San Diego Padres,False
2024_topps_chrome_update,2024,Topps,Chrome Update,Chrome All-Etch,,CAEU-8,Yordan Alvarez,Houston Astros,Chrome All-Etch	CAEU-8	Yordan Alvarez	Houston Astros,False
2024_topps_chrome_update,2024,Topps,Chrome Update,Chrome All-Etch,,CAEU-9,Carlos Correa,Minnesota Twins,Chrome All-Etch	CAEU-9	Carlos Correa	Minnesota Twins,False
2024_topps_chrome_update,2024,Topps,Chrome Update,Chrome All-Etch,,CAEU-10,Nolan Arenado,St. Louis Cardinals,Chrome All-Etch	CAEU-10	Nolan Arenado	St. Louis Cardinals,False
2024_topps_chrome_update,2024,Topps,Chrome Update,Chrome All-Etch Autographs,,CUAE-BB,Byron Buxton,Minnesota Twins,Chrome All-Etch Autographs	CUAE-BB	Byron Buxton	Minnesota Twins,False
2024_topps_chrome_update,2024,Topps,Chrome Update,Chrome All-Etch Autographs,,CUAE-CK,Clayton Kershaw,Los Angeles Dodgers,Chrome All-Etch Autographs	CUAE-CK	Clayton Kershaw	Los Angeles Dodgers,False
2024_topps_chrome_update,2024,Topps,Chrome Update,Chrome All-Etch Autographs,,CUAE-FT,Fernando Tatis Jr.,San Diego Padres,Chrome All-Etch Autographs	CUAE-FT	Fernando Tatis Jr.	San Diego Padres,False
2024_topps_chrome_update,2024,Topps,Chrome Update,Chrome All-Etch Autographs,,CUAE-JS,Juan Soto,New York Yankees,Chrome All-Etch Autographs	CUAE-JS	Juan Soto	New York Yankees,False
2024_topps_chrome_update,2024,Topps,Chrome Update,Chrome All-Etch Autographs,,CUAE-JW,Jordan Walker,St. Louis Cardinals,Chrome All-Etch Autographs	CUAE-JW	Jordan Walker	St. Louis Cardinals,False
2024_topps_chrome_update,2024,Topps,Chrome Update,Chrome All-Etch Autographs,,CUAE-PG,Paul Goldschmidt,St. Louis Cardinals,Chrome All-Etch Autographs	CUAE-PG	Paul Goldschmidt	St. Louis Cardinals,False
2024_topps_chrome_update,2024,Topps,Chrome Update,Chrome All-Etch Autographs,,CUAE-RA,Ronald Acuña Jr.,Atlanta Braves,Chrome All-Etch Autographs	CUAE-RA	Ronald Acuña Jr.	Atlanta Braves,False
2024_topps_chrome_update,2024,Topps,Chrome Update,Chrome All-Etch Autographs,,CUAE-VG,Vladimir Guerrero Jr.,Toronto Blue Jays,Chrome All-Etch Autographs	CUAE-VG	Vladimir Guerrero Jr.	Toronto Blue Jays,False
2024_topps_chrome_update,2024,Topps,Chrome Update,Chrome All-Etch Rookie Rush,,CAERU-1,Paul Skenes,Pittsburgh Pirates,Chrome All-Etch Rookie Rush	CAERU-1	Paul Skenes	Pittsburgh Pirates,False
2024_topps_chrome_update,2024,Topps,Chrome Update,Chrome All-Etch Rookie Rush,,CAERU-2,Jackson Holliday,Baltimore Orioles,Chrome All-Etch Rookie Rush	CAERU-2	Jackson Holliday	Baltimore Orioles,False
2024_topps_chrome_update,2024,Topps,Chrome Update,Chrome All-Etch Rookie Rush,,CAERU-3,Jackson Chourio,Milwaukee Brewers,Chrome All-Etch Rookie Rush	CAERU-3	Jackson Chourio	Milwaukee Brewers,False
2024_topps_chrome_update,2024,Topps,Chrome Update,Chrome All-Etch Rookie Rush,,CAERU-4,Jackson Merrill,San Diego Padres,Chrome All-Etch Rookie Rush	CAERU-4	Jackson Merrill	San Diego Padres,False
2024_topps_chrome_update,2024,Topps,Chrome Update,Chrome All-Etch Rookie Rush,,CAERU-5,Colt Keith,Detroit Tigers,Chrome All-Etch Rookie Rush	CAERU-5	Colt Keith	Detroit Tigers,False
2024_topps_chrome_update,2024,Topps,Chrome Update,Chrome All-Etch Rookie Rush,,CAERU-6,Wyatt Langford,Texas Rangers,Chrome All-Etch Rookie Rush	CAERU-6	Wyatt Langford	Texas Rangers,False
2024_topps_chrome_update,2024,Topps,Chrome Update,Chrome All-Etch Rookie Rush,,CAERU-7,Andy Pages,Los Angeles Dodgers,Chrome All-Etch Rookie Rush	CAERU-7	Andy Pages	Los Angeles Dodgers,False
2024_topps_chrome_update,2024,Topps,Chrome Update,Chrome All-Etch Rookie Rush,,CAERU-8,Jack Leiter,Texas Rangers,Chrome All-Etch Rookie Rush	CAERU-8	Jack Leiter	Texas Rangers,False
2024_topps_chrome_update,2024,Topps,Chrome Update,Chrome All-Etch Rookie Rush,,CAERU-9,Tyler Black,Milwaukee Brewers,Chrome All-Etch Rookie Rush	CAERU-9	Tyler Black	Milwaukee Brewers,False
2024_topps_chrome_update,2024,Topps,Chrome Update,Chrome All-Etch Rookie Rush,,CAERU-10,Kyle Manzardo,Cleveland Guardians,Chrome All-Etch Rookie Rush	CAERU-10	Kyle Manzardo	Cleveland Guardians,False
2024_topps_chrome_update,2024,Topps,Chrome Update,Chrome All-Etch Rookie Rush,,CAERU-11,Victor Scott II,St. Louis Cardinals,Chrome All-Etch Rookie Rush	CAERU-11	Victor Scott II	St. Louis Cardinals,False
2024_topps_chrome_update,2024,Topps,Chrome Update,Chrome All-Etch Rookie Rush,,CAERU-12,Jared Jones,Pittsburgh Pirates,Chrome All-Etch Rookie Rush	CAERU-12	Jared Jones	Pittsburgh Pirates,False
2024_topps_chrome_update,2024,Topps,Chrome Update,Chrome All-Etch Rookie Rush,,CAERU-13,Austin Martin,Minnesota Twins,Chrome All-Etch Rookie Rush	CAERU-13	Austin Martin	Minnesota Twins,False
2024_topps_chrome_update,2024,Topps,Chrome Update,Chrome All-Etch Rookie Rush,,CAERU-14,Justin Foscue,Texas Rangers,Chrome All-Etch Rookie Rush	CAERU-14	Justin Foscue	Texas Rangers,False
2024_topps_chrome_update,2024,Topps,Chrome Update,Chrome All-Etch Rookie Rush,,CAERU-15,Jordan Beck,Colorado Rockies,Chrome All-Etch Rookie Rush	CAERU-15	Jordan Beck	Colorado Rockies,False
2024_topps_chrome_update,2024,Topps,Chrome Update,Chrome All-Etch Rookie Rush Autographs,,CURR-CC,Colton Cowser,Baltimore Orioles,Chrome All-Etch Rookie Rush Autographs	CURR-CC	Colton Cowser	Baltimore Orioles,False
2024_topps_chrome_update,2024,Topps,Chrome Update,Chrome All-Etch Rookie Rush Autographs,,CURR-CM,Curtis Mead,Tampa Bay Rays,Chrome All-Etch Rookie Rush Autographs	CURR-CM	Curtis Mead	Tampa Bay Rays,False
2024_topps_chrome_update,2024,Topps,Chrome Update,Chrome All-Etch Rookie Rush Autographs,,CURR-CR,Ceddanne Rafaela,Boston Red Sox,Chrome All-Etch Rookie Rush Autographs	CURR-CR	Ceddanne Rafaela	Boston Red Sox,False
2024_topps_chrome_update,2024,Topps,Chrome Update,Chrome All-Etch Rookie Rush Autographs,,CURR-ED,Elly De La Cruz,Cincinnati Reds,Chrome All-Etch Rookie Rush Autographs	CURR-ED	Elly De La Cruz	Cincinnati Reds,False
2024_topps_chrome_update,2024,Topps,Chrome Update,Chrome All-Etch Rookie Rush Autographs,,CURR-HK,Heston Kjerstad,Baltimore Orioles,Chrome All-Etch Rookie Rush Autographs	CURR-HK	Heston Kjerstad	Baltimore Orioles,False
2024_topps_chrome_update,2024,Topps,Chrome Update,Chrome All-Etch Rookie Rush Autographs,,CURR-JC,Junior Caminero,Tampa Bay Rays,Chrome All-Etch Rookie Rush Autographs	CURR-JC	Junior Caminero	Tampa Bay Rays,False
2024_topps_chrome_update,2024,Topps,Chrome Update,Chrome All-Etch Rookie Rush Autographs,,CURR-JD,Jasson Domínguez,New York Yankees,Chrome All-Etch Rookie Rush Autographs	CURR-JD	Jasson Domínguez	New York Yankees,False
2024_topps_chrome_update,2024,Topps,Chrome Update,Chrome All-Etch Rookie Rush Autographs,,CURR-JH,Jackson Holliday,Baltimore Orioles,Chrome All-Etch Rookie Rush Autographs	CURR-JH	Jackson Holliday	Baltimore Orioles,False
2024_topps_chrome_update,2024,Topps,Chrome Update,Chrome All-Etch Rookie Rush Autographs,,CURR-JHL,Jung Hoo Lee,San Francisco Giants,Chrome All-Etch Rookie Rush Autographs	CURR-JHL	Jung Hoo Lee	San Francisco Giants,False
2024_topps_chrome_update,2024,Topps,Chrome Update,Chrome All-Etch Rookie Rush Autographs,,CURR-JL,Jordan Lawlar,Arizona Diamondbacks,Chrome All-Etch Rookie Rush Autographs	CURR-JL	Jordan Lawlar	Arizona Diamondbacks,False
2024_topps_chrome_update,2024,Topps,Chrome Update,Chrome All-Etch Rookie Rush Autographs,,CURR-JM,Jackson Merrill,San Diego Padres,Chrome All-Etch Rookie Rush Autographs	CURR-JM	Jackson Merrill	San Diego Padres,False
2024_topps_chrome_update,2024,Topps,Chrome Update,Chrome All-Etch Rookie Rush Autographs,,CURR-NM,Noelvi Marte,Cincinnati Reds,Chrome All-Etch Rookie Rush Autographs	CURR-NM	Noelvi Marte	Cincinnati Reds,False
2024_topps_chrome_update,2024,Topps,Chrome Update,Chrome All-Etch Rookie Rush Autographs,,CURR-NS,Nolan Schanuel,Los Angeles Angels,Chrome All-Etch Rookie Rush Autographs	CURR-NS	Nolan Schanuel	Los Angeles Angels,False
2024_topps_chrome_update,2024,Topps,Chrome Update,Chrome All-Etch Rookie Rush Autographs,,CURR-SF,Sal Frelick,Milwaukee Brewers,Chrome All-Etch Rookie Rush Autographs	CURR-SF	Sal Frelick	Milwaukee Brewers,False
2024_topps_chrome_update,2024,Topps,Chrome Update,Chrome All-Etch Rookie Rush Autographs,,CURR-WL,Wyatt Langford,Texas Rangers,Chrome All-Etch Rookie Rush Autographs	CURR-WL	Wyatt Langford	Texas Rangers,False
2024_topps_chrome_update,2024,Topps,Chrome Update,Chrome Baseball Update Series Autographs,,AC-AA,Andrew Abbott,Cincinnati Reds	Rookie,Chrome Baseball Update Series Autographs	AC-AA	Andrew Abbott	Cincinnati Reds	Rookie,False
2024_topps_chrome_update,2024,Topps,Chrome Update,Chrome Baseball Update Series Autographs,,AC-AC,Alexander Canario,Chicago Cubs	Rookie,Chrome Baseball Update Series Autographs	AC-AC	Alexander Canario	Chicago Cubs	Rookie,False
2024_topps_chrome_update,2024,Topps,Chrome Update,Chrome Baseball Update Series Autographs,,AC-AS,AJ Smith-Shawver,Atlanta Braves	Rookie,Chrome Baseball Update Series Autographs	AC-AS	AJ Smith-Shawver	Atlanta Braves	Rookie,False
2024_topps_chrome_update,2024,Topps,Chrome Update,Chrome Baseball Update Series Autographs,,AC-ASH,Austin Shenton,Tampa Bay Rays	Rookie,Chrome Baseball Update Series Autographs	AC-ASH	Austin Shenton	Tampa Bay Rays	Rookie,False
2024_topps_chrome_update,2024,Topps,Chrome Update,Chrome Baseball Update Series Autographs,,AC-AV,Alex Verdugo,New York Yankees,Chrome Baseball Update Series Autographs	AC-AV	Alex Verdugo	New York Yankees,False
2024_topps_chrome_update,2024,Topps,Chrome Update,Chrome Baseball Update Series Autographs,,AC-AWE,Austin Wells,New York Yankees	Rookie,Chrome Baseball Update Series Autographs	AC-AWE	Austin Wells	New York Yankees	Rookie,False
2024_topps_chrome_update,2024,Topps,Chrome Update,Chrome Baseball Update Series Autographs,,AC-BHA,Brett Harris,Oakland Athletics	Rookie,Chrome Baseball Update Series Autographs	AC-BHA	Brett Harris	Oakland Athletics	Rookie,False
2024_topps_chrome_update,2024,Topps,Chrome Update,Chrome Baseball Update Series Autographs,,AC-BS,Brady Singer,Kansas City Royals,Chrome Baseball Update Series Autographs	AC-BS	Brady Singer	Kansas City Royals,False
2024_topps_chrome_update,2024,Topps,Chrome Update,Chrome Baseball Update Series Autographs,,AC-BW,Bryan Woo,Seattle Mariners	Rookie,Chrome Baseball Update Series Autographs	AC-BW	Bryan Woo	Seattle Mariners	Rookie,False
2024_topps_chrome_update,2024,Topps,Chrome Update,Chrome Baseball Update Series Autographs,,AC-CB,Corbin Burnes,Baltimore Orioles,Chrome Baseball Update Series Autographs	AC-CB	Corbin Burnes	Baltimore Orioles,False
2024_topps_chrome_update,2024,Topps,Chrome Update,Chrome Baseball Update Series Autographs,,AC-CC,Colton Cowser,Baltimore Orioles	Rookie,Chrome Baseball Update Series Autographs	AC-CC	Colton Cowser	Baltimore Orioles	Rookie,False
2024_topps_chrome_update,2024,Topps,Chrome Update,Chrome Baseball Update Series Autographs,,AC-CE,Christian Encarnacion-Stra,Cincinnati Reds	Rookie,Chrome Baseball Update Series Autographs	AC-CE	Christian Encarnacion-Stra	Cincinnati Reds	Rookie,False
2024_topps_chrome_update,2024,Topps,Chrome Update,Chrome Baseball Update Series Autographs,,AC-CHO,Clay Holmes,New York Yankees,Chrome Baseball Update Series Autographs	AC-CHO	Clay Holmes	New York Yankees,False
2024_topps_chrome_update,2024,Topps,Chrome Update,Chrome Baseball Update Series Autographs,,AC-CK,Colt Keith,Detroit Tigers	Rookie,Chrome Baseball Update Series Autographs	AC-CK	Colt Keith	Detroit Tigers	Rookie,False
2024_topps_chrome_update,2024,Topps,Chrome Update,Chrome Baseball Update Series Autographs,,AC-CME,Curtis Mead,Tampa Bay Rays	Rookie,Chrome Baseball Update Series Autographs	AC-CME	Curtis Mead	Tampa Bay Rays	Rookie,False
2024_topps_chrome_update,2024,Topps,Chrome Update,Chrome Baseball Update Series Autographs,,AC-CP,Connor Phillips,Cincinnati Reds	Rookie,Chrome Baseball Update Series Autographs	AC-CP	Connor Phillips	Cincinnati Reds	Rookie,False
2024_topps_chrome_update,2024,Topps,Chrome Update,Chrome Baseball Update Series Autographs,,AC-CR,Ceddanne Rafaela,Boston Red Sox	Rookie,Chrome Baseball Update Series Autographs	AC-CR	Ceddanne Rafaela	Boston Red Sox	Rookie,False
2024_topps_chrome_update,2024,Topps,Chrome Update,Chrome Baseball Update Series Autographs,,AC-CRA,Cole Ragans,Kansas City Royals,Chrome Baseball Update Series Autographs	AC-CRA	Cole Ragans	Kansas City Royals,False
2024_topps_chrome_update,2024,Topps,Chrome Update,Chrome Baseball Update Series Autographs,,AC-CRR,Chris Roller,Milwaukee Brewers	Rookie,Chrome Baseball Update Series Autographs	AC-CRR	Chris Roller	Milwaukee Brewers	Rookie,False
2024_topps_chrome_update,2024,Topps,Chrome Update,Chrome Baseball Update Series Autographs,,AC-CS,Cade Smith,Cleveland Guardians	Rookie,Chrome Baseball Update Series Autographs	AC-CS	Cade Smith	Cleveland Guardians	Rookie,False
2024_topps_chrome_update,2024,Topps,Chrome Update,Chrome Baseball Update Series Autographs,,AC-CSC,Christian Scott,New York Mets	Rookie,Chrome Baseball Update Series Autographs	AC-CSC	Christian Scott	New York Mets	Rookie,False
2024_topps_chrome_update,2024,Topps,Chrome Update,Chrome Baseball Update Series Autographs,,AC-DB,David Bañuelos,Baltimore Orioles	Rookie,Chrome Baseball Update Series Autographs	AC-DB	David Bañuelos	Baltimore Orioles	Rookie,False
2024_topps_chrome_update,2024,Topps,Chrome Update,Chrome Baseball Update Series Autographs,,AC-DHA,David Hamilton,Boston Red Sox	Rookie,Chrome Baseball Update Series Autographs	AC-DHA	David Hamilton	Boston Red Sox	Rookie,False
2024_topps_chrome_update,2024,Topps,Chrome Update,Chrome Baseball Update Series Autographs,,AC-DS,Davis Schneider,Toronto Blue Jays	Rookie,Chrome Baseball Update Series Autographs	AC-DS	Davis Schneider	Toronto Blue Jays	Rookie,False
2024_topps_chrome_update,2024,Topps,Chrome Update,Chrome Baseball Update Series Autographs,,AC-EH,Emerson Hancock,Seattle Mariners	Rookie,Chrome Baseball Update Series Autographs	AC-EH	Emerson Hancock	Seattle Mariners	Rookie,False
2024_topps_chrome_update,2024,Topps,Chrome Update,Chrome Baseball Update Series Autographs,,AC-EP,Everson Pereira,New York Yankees	Rookie,Chrome Baseball Update Series Autographs	AC-EP	Everson Pereira	New York Yankees	Rookie,False
2024_topps_chrome_update,2024,Topps,Chrome Update,Chrome Baseball Update Series Autographs,,AC-ER,Endy Rodríguez,Pittsburgh Pirates	Rookie,Chrome Baseball Update Series Autographs	AC-ER	Endy Rodríguez	Pittsburgh Pirates	Rookie,False
2024_topps_chrome_update,2024,Topps,Chrome Update,Chrome Baseball Update Series Autographs,,AC-ET,Ezequiel Tovar,Colorado Rockies,Chrome Baseball Update Series Autographs	AC-ET	Ezequiel Tovar	Colorado Rockies,False
2024_topps_chrome_update,2024,Topps,Chrome Update,Chrome Baseball Update Series Autographs,,AC-FWH,Forrest Whitley,Houston Astros	Rookie,Chrome Baseball Update Series Autographs	AC-FWH	Forrest Whitley	Houston Astros	Rookie,False
2024_topps_chrome_update,2024,Topps,Chrome Update,Chrome Baseball Update Series Autographs,,AC-GK,Grae Kessinger,Houston Astros	Rookie,Chrome Baseball Update Series Autographs	AC-GK	Grae Kessinger	Houston Astros	Rookie,False
2024_topps_chrome_update,2024,Topps,Chrome Update,Chrome Baseball Update Series Autographs,,AC-GR,Grayson Rodriguez,Baltimore Orioles,Chrome Baseball Update Series Autographs	AC-GR	Grayson Rodriguez	Baltimore Orioles,False
2024_topps_chrome_update,2024,Topps,Chrome Update,Chrome Baseball Update Series Autographs,,AC-GRP,Graham Pauley,San Diego Padres	Rookie,Chrome Baseball Update Series Autographs	AC-GRP	Graham Pauley	San Diego Padres	Rookie,False
2024_topps_chrome_update,2024,Topps,Chrome Update,Chrome Baseball Update Series Autographs,,AC-GW,Gavin Williams,Cleveland Guardians	Rookie,Chrome Baseball Update Series Autographs	AC-GW	Gavin Williams	Cleveland Guardians	Rookie,False
2024_topps_chrome_update,2024,Topps,Chrome Update,Chrome Baseball Update Series Autographs,,AC-HB,Harrison Bader,New York Mets,Chrome Baseball Update Series Autographs	AC-HB	Harrison Bader	New York Mets,False
2024_topps_chrome_update,2024,Topps,Chrome Update,Chrome Baseball Update Series Autographs,,AC-HD,Henry Davis,Pittsburgh Pirates	Rookie,Chrome Baseball Update Series Autographs	AC-HD	Henry Davis	Pittsburgh Pirates	Rookie,False
2024_topps_chrome_update,2024,Topps,Chrome Update,Chrome Baseball Update Series Autographs,,AC-HK,Heston Kjerstad,Baltimore Orioles	Rookie,Chrome Baseball Update Series Autographs	AC-HK	Heston Kjerstad	Baltimore Orioles	Rookie,False
2024_topps_chrome_update,2024,Topps,Chrome Update,Chrome Baseball Update Series Autographs,,AC-JAC,Jair Camargo,Minnesota Twins	Rookie,Chrome Baseball Update Series Autographs	AC-JAC	Jair Camargo	Minnesota Twins	Rookie,False
2024_topps_chrome_update,2024,Topps,Chrome Update,Chrome Baseball Update Series Autographs,,AC-JB,JJ Bleday,Oakland Athletics,Chrome Baseball Update Series Autographs	AC-JB	JJ Bleday	Oakland Athletics,False
2024_topps_chrome_update,2024,Topps,Chrome Update,Chrome Baseball Update Series Autographs,,AC-JC,Jackson Chourio,Milwaukee Brewers	Rookie,Chrome Baseball Update Series Autographs	AC-JC	Jackson Chourio	Milwaukee Brewers	Rookie,False
2024_topps_chrome_update,2024,Topps,Chrome Update,Chrome Baseball Update Series Autographs,,AC-JCA,Junior Caminero,Tampa Bay Rays	Rookie,Chrome Baseball Update Series Autographs	AC-JCA	Junior Caminero	Tampa Bay Rays	Rookie,False
2024_topps_chrome_update,2024,Topps,Chrome Update,Chrome Baseball Update Series Autographs,,AC-JCL,Jonatan Clase,Seattle Mariners	Rookie,Chrome Baseball Update Series Autographs	AC-JCL	Jonatan Clase	Seattle Mariners	Rookie,False
2024_topps_chrome_update,2024,Topps,Chrome Update,Chrome Baseball Update Series Autographs,,AC-JD,Jonny Deluca,Tampa Bay Rays	Rookie,Chrome Baseball Update Series Autographs	AC-JD	Jonny Deluca	Tampa Bay Rays	Rookie,False
2024_topps_chrome_update,2024,Topps,Chrome Update,Chrome Baseball Update Series Autographs,,AC-JH,Jackson Holliday,Baltimore Orioles	Rookie,Chrome Baseball Update Series Autographs	AC-JH	Jackson Holliday	Baltimore Orioles	Rookie,False
2024_topps_chrome_update,2024,Topps,Chrome Update,Chrome Baseball Update Series Autographs,,AC-JHU,Jacob Hurtubise,Cincinnati Reds	Rookie,Chrome Baseball Update Series Autographs	AC-JHU	Jacob Hurtubise	Cincinnati Reds	Rookie,False
2024_topps_chrome_update,2024,Topps,Chrome Update,Chrome Baseball Update Series Autographs,,AC-JL,Jordan Lawlar,Arizona Diamondbacks	Rookie,Chrome Baseball Update Series Autographs	AC-JL	Jordan Lawlar	Arizona Diamondbacks	Rookie,False
2024_topps_chrome_update,2024,Topps,Chrome Update,Chrome Baseball Update Series Autographs,,AC-JM,Jackson Merrill,San Diego Padres	Rookie,Chrome Baseball Update Series Autographs	AC-JM	Jackson Merrill	San Diego Padres	Rookie,False
2024_topps_chrome_update,2024,Topps,Chrome Update,Chrome Baseball Update Series Autographs,,AC-JO,Joey Ortiz,Milwaukee Brewers,Chrome Baseball Update Series Autographs	AC-JO	Joey Ortiz	Milwaukee Brewers,False
2024_topps_chrome_update,2024,Topps,Chrome Update,Chrome Baseball Update Series Autographs,,AC-JOE,Joey Loperfido,Houston Astros	Rookie,Chrome Baseball Update Series Autographs	AC-JOE	Joey Loperfido	Houston Astros	Rookie,False
2024_topps_chrome_update,2024,Topps,Chrome Update,Chrome Baseball Update Series Autographs,,AC-JOR,Jordan Beck,Colorado Rockies	Rookie,Chrome Baseball Update Series Autographs	AC-JOR	Jordan Beck	Colorado Rockies	Rookie,False
2024_topps_chrome_update,2024,Topps,Chrome Update,Chrome Baseball Update Series Autographs,,AC-JOU,James Outman,Los Angeles Dodgers,Chrome Baseball Update Series Autographs	AC-JOU	James Outman	Los Angeles Dodgers,False
2024_topps_chrome_update,2024,Topps,Chrome Update,Chrome Baseball Update Series Autographs,,AC-JST,Justin Steele,Chicago Cubs,Chrome Baseball Update Series Autographs	AC-JST	Justin Steele	Chicago Cubs,False
2024_topps_chrome_update,2024,Topps,Chrome Update,Chrome Baseball Update Series Autographs,,AC-JUF,Justin Foscue,Texas Rangers	Rookie,Chrome Baseball Update Series Autographs	AC-JUF	Justin Foscue	Texas Rangers	Rookie,False
2024_topps_chrome_update,2024,Topps,Chrome Update,Chrome Baseball Update Series Autographs,,AC-JW,Jordan Wicks,Chicago Cubs	Rookie,Chrome Baseball Update Series Autographs	AC-JW	Jordan Wicks	Chicago Cubs	Rookie,False
2024_topps_chrome_update,2024,Topps,Chrome Update,Chrome Baseball Update Series Autographs,,AC-JWE,Jordan Westburg,Baltimore Orioles	Rookie,Chrome Baseball Update Series Autographs	AC-JWE	Jordan Westburg	Baltimore Orioles	Rookie,False
2024_topps_chrome_update,2024,Topps,Chrome Update,Chrome Baseball Update Series Autographs,,AC-JY,Jacob Young,Washington Nationals	Rookie,Chrome Baseball Update Series Autographs	AC-JY	Jacob Young	Washington Nationals	Rookie,False
2024_topps_chrome_update,2024,Topps,Chrome Update,Chrome Baseball Update Series Autographs,,AC-KB,Kyle Bradish,Baltimore Orioles,Chrome Baseball Update Series Autographs	AC-KB	Kyle Bradish	Baltimore Orioles,False
2024_topps_chrome_update,2024,Topps,Chrome Update,Chrome Baseball Update Series Autographs,,AC-KCA,Kerry Carpenter,Detroit Tigers,Chrome Baseball Update Series Autographs	AC-KCA	Kerry Carpenter	Detroit Tigers,False
2024_topps_chrome_update,2024,Topps,Chrome Update,Chrome Baseball Update Series Autographs,,AC-KH,Kyle Harrison,San Francisco Giants	Rookie,Chrome Baseball Update Series Autographs	AC-KH	Kyle Harrison	San Francisco Giants	Rookie,False
2024_topps_chrome_update,2024,Topps,Chrome Update,Chrome Baseball Update Series Autographs,,AC-KHU,Kyle Hurt,Los Angeles Dodgers	Rookie,Chrome Baseball Update Series Autographs	AC-KHU	Kyle Hurt	Los Angeles Dodgers	Rookie,False
2024_topps_chrome_update,2024,Topps,Chrome Update,Chrome Baseball Update Series Autographs,,AC-KMC,Kyle McCann,Oakland Athletics	Rookie,Chrome Baseball Update Series Autographs	AC-KMC	Kyle McCann	Oakland Athletics	Rookie,False
2024_topps_chrome_update,2024,Topps,Chrome Update,Chrome Baseball Update Series Autographs,,AC-KP,Kyren Paris,Los Angeles Angels	Rookie,Chrome Baseball Update Series Autographs	AC-KP	Kyren Paris	Los Angeles Angels	Rookie,False
2024_topps_chrome_update,2024,Topps,Chrome Update,Chrome Baseball Update Series Autographs,,AC-LB,Lawrence Butler,Oakland Athletics	Rookie,Chrome Baseball Update Series Autographs	AC-LB	Lawrence Butler	Oakland Athletics	Rookie,False
2024_topps_chrome_update,2024,Topps,Chrome Update,Chrome Baseball Update Series Autographs,,AC-LG,Luis Gil,New York Yankees,Chrome Baseball Update Series Autographs	AC-LG	Luis Gil	New York Yankees,False
2024_topps_chrome_update,2024,Topps,Chrome Update,Chrome Baseball Update Series Autographs,,AC-LK,Landon Knack,Los Angeles Dodgers	Rookie,Chrome Baseball Update Series Autographs	AC-LK	Landon Knack	Los Angeles Dodgers	Rookie,False
2024_topps_chrome_update,2024,Topps,Chrome Update,Chrome Baseball Update Series Autographs,,AC-LM,Luis Matos,San Francisco Giants	Rookie,Chrome Baseball Update Series Autographs	AC-LM	Luis Matos	San Francisco Giants	Rookie,False
2024_topps_chrome_update,2024,Topps,Chrome Update,Chrome Baseball Update Series Autographs,,AC-LO,Logan O'Hoppe,Los Angeles Angels,Chrome Baseball Update Series Autographs	AC-LO	Logan O'Hoppe	Los Angeles Angels,False
2024_topps_chrome_update,2024,Topps,Chrome Update,Chrome Baseball Update Series Autographs,,AC-LV,Luis Vázquez,Chicago Cubs	Rookie,Chrome Baseball Update Series Autographs	AC-LV	Luis Vázquez	Chicago Cubs	Rookie,False
2024_topps_chrome_update,2024,Topps,Chrome Update,Chrome Baseball Update Series Autographs,,AC-MB,Mason Black,San Francisco Giants	Rookie,Chrome Baseball Update Series Autographs	AC-MB	Mason Black	San Francisco Giants	Rookie,False
2024_topps_chrome_update,2024,Topps,Chrome Update,Chrome Baseball Update Series Autographs,,AC-MG,Maikel Garcia,Kansas City Royals,Chrome Baseball Update Series Autographs	AC-MG	Maikel Garcia	Kansas City Royals,False
2024_topps_chrome_update,2024,Topps,Chrome Update,Chrome Baseball Update Series Autographs,,AC-MH,Michael Harris II,Atlanta Braves,Chrome Baseball Update Series Autographs	AC-MH	Michael Harris II	Atlanta Braves,False
2024_topps_chrome_update,2024,Topps,Chrome Update,Chrome Baseball Update Series Autographs,,AC-MIB,Michael Busch,Chicago Cubs,Chrome Baseball Update Series Autographs	AC-MIB	Michael Busch	Chicago Cubs,False
2024_topps_chrome_update,2024,Topps,Chrome Update,Chrome Baseball Update Series Autographs,,AC-ML,Marco Luciano,San Francisco Giants	Rookie,Chrome Baseball Update Series Autographs	AC-ML	Marco Luciano	San Francisco Giants	Rookie,False
2024_topps_chrome_update,2024,Topps,Chrome Update,Chrome Baseball Update Series Autographs,,AC-MM,Mason Miller,Oakland Athletics,Chrome Baseball Update Series Autographs	AC-MM	Mason Miller	Oakland Athletics,False
2024_topps_chrome_update,2024,Topps,Chrome Update,Chrome Baseball Update Series Autographs,,AC-MSC,Max Schuemann,Oakland Athletics	Rookie,Chrome Baseball Update Series Autographs	AC-MSC	Max Schuemann	Oakland Athletics	Rookie,False
2024_topps_chrome_update,2024,Topps,Chrome Update,Chrome Baseball Update Series Autographs,,AC-NG,Nick Gonzales,Pittsburgh Pirates	Rookie,Chrome Baseball Update Series Autographs	AC-NG	Nick Gonzales	Pittsburgh Pirates	Rookie,False
2024_topps_chrome_update,2024,Topps,Chrome Update,Chrome Baseball Update Series Autographs,,AC-NL,Nick Loftin,Kansas City Royals	Rookie,Chrome Baseball Update Series Autographs	AC-NL	Nick Loftin	Kansas City Royals	Rookie,False
2024_topps_chrome_update,2024,Topps,Chrome Update,Chrome Baseball Update Series Autographs,,AC-NM,Noelvi Marte,Cincinnati Reds	Rookie,Chrome Baseball Update Series Autographs	AC-NM	Noelvi Marte	Cincinnati Reds	Rookie,False
2024_topps_chrome_update,2024,Topps,Chrome Update,Chrome Baseball Update Series Autographs,,AC-NS,Nolan Schanuel,Los Angeles Angels	Rookie,Chrome Baseball Update Series Autographs	AC-NS	Nolan Schanuel	Los Angeles Angels	Rookie,False
2024_topps_chrome_update,2024,Topps,Chrome Update,Chrome Baseball Update Series Autographs,,AC-OC,Oswaldo Cabrera,New York Yankees,Chrome Baseball Update Series Autographs	AC-OC	Oswaldo Cabrera	New York Yankees,False
2024_topps_chrome_update,2024,Topps,Chrome Update,Chrome Baseball Update Series Autographs,,AC-PB,Patrick Bailey,San Francisco Giants,Chrome Baseball Update Series Autographs	AC-PB	Patrick Bailey	San Francisco Giants,False
2024_topps_chrome_update,2024,Topps,Chrome Update,Chrome Baseball Update Series Autographs,,AC-PC,Pete Crow-Armstrong,Chicago Cubs	Rookie,Chrome Baseball Update Series Autographs	AC-PC	Pete Crow-Armstrong	Chicago Cubs	Rookie,False
2024_topps_chrome_update,2024,Topps,Chrome Update,Chrome Baseball Update Series Autographs,,AC-PH,Porter Hodge,Chicago Cubs	Rookie,Chrome Baseball Update Series Autographs	AC-PH	Porter Hodge	Chicago Cubs	Rookie,False
2024_topps_chrome_update,2024,Topps,Chrome Update,Chrome Baseball Update Series Autographs,,AC-PM,Parker Meadows,Detroit Tigers	Rookie,Chrome Baseball Update Series Autographs	AC-PM	Parker Meadows	Detroit Tigers	Rookie,False
2024_topps_chrome_update,2024,Topps,Chrome Update,Chrome Baseball Update Series Autographs,,AC-PP,Pedro Pagés,St. Louis Cardinals	Rookie,Chrome Baseball Update Series Autographs	AC-PP	Pedro Pagés	St. Louis Cardinals	Rookie,False
2024_topps_chrome_update,2024,Topps,Chrome Update,Chrome Baseball Update Series Autographs,,AC-QP,Quinn Priester,Pittsburgh Pirates	Rookie,Chrome Baseball Update Series Autographs	AC-QP	Quinn Priester	Pittsburgh Pirates	Rookie,False
2024_topps_chrome_update,2024,Topps,Chrome Update,Chrome Baseball Update Series Autographs,,AC-RD,Reid Detmers,Los Angeles Angels,Chrome Baseball Update Series Autographs	AC-RD	Reid Detmers	Los Angeles Angels,False
2024_topps_chrome_update,2024,Topps,Chrome Update,Chrome Baseball Update Series Autographs,,AC-REES,Reese Olson,Detroit Tigers	Rookie,Chrome Baseball Update Series Autographs	AC-REES	Reese Olson	Detroit Tigers	Rookie,False
2024_topps_chrome_update,2024,Topps,Chrome Update,Chrome Baseball Update Series Autographs,,AC-RH,Rhys Hoskins,Milwaukee Brewers,Chrome Baseball Update Series Autographs	AC-RH	Rhys Hoskins	Milwaukee Brewers,False
2024_topps_chrome_update,2024,Topps,Chrome Update,Chrome Baseball Update Series Autographs,,AC-RJ,Ryan Jeffers,Minnesota Twins,Chrome Baseball Update Series Autographs	AC-RJ	Ryan Jeffers	Minnesota Twins,False
2024_topps_chrome_update,2024,Topps,Chrome Update,Chrome Baseball Update Series Autographs,,AC-RM,Ronny Mauricio,New York Mets	Rookie,Chrome Baseball Update Series Autographs	AC-RM	Ronny Mauricio	New York Mets	Rookie,False
2024_topps_chrome_update,2024,Topps,Chrome Update,Chrome Baseball Update Series Autographs,,AC-ROBL,Ronel Blanco,Houston Astros	Rookie,Chrome Baseball Update Series Autographs	AC-ROBL	Ronel Blanco	Houston Astros	Rookie,False
2024_topps_chrome_update,2024,Topps,Chrome Update,Chrome Baseball Update Series Autographs,,AC-RP,Ryan Pepiot,Tampa Bay Rays,Chrome Baseball Update Series Autographs	AC-RP	Ryan Pepiot	Tampa Bay Rays,False
2024_topps_chrome_update,2024,Topps,Chrome Update,Chrome Baseball Update Series Autographs,,AC-RRA,Robbie Ray,San Francisco Giants,Chrome Baseball Update Series Autographs	AC-RRA	Robbie Ray	San Francisco Giants,False
2024_topps_chrome_update,2024,Topps,Chrome Update,Chrome Baseball Update Series Autographs,,AC-SF,Sal Frelick,Milwaukee Brewers	Rookie,Chrome Baseball Update Series Autographs	AC-SF	Sal Frelick	Milwaukee Brewers	Rookie,False
2024_topps_chrome_update,2024,Topps,Chrome Update,Chrome Baseball Update Series Autographs,,AC-SGR,Sonny Gray,St. Louis Cardinals,Chrome Baseball Update Series Autographs	AC-SGR	Sonny Gray	St. Louis Cardinals,False
2024_topps_chrome_update,2024,Topps,Chrome Update,Chrome Baseball Update Series Autographs,,AC-SH,Spencer Horwitz,Toronto Blue Jays	Rookie,Chrome Baseball Update Series Autographs	AC-SH	Spencer Horwitz	Toronto Blue Jays	Rookie,False
2024_topps_chrome_update,2024,Topps,Chrome Update,Chrome Baseball Update Series Autographs,,AC-SI,Shota Imanaga,Chicago Cubs	Rookie,Chrome Baseball Update Series Autographs	AC-SI	Shota Imanaga	Chicago Cubs	Rookie,False
2024_topps_chrome_update,2024,Topps,Chrome Update,Chrome Baseball Update Series Autographs,,AC-TBI,Tanner Bibee,Cleveland Guardians,Chrome Baseball Update Series Autographs	AC-TBI	Tanner Bibee	Cleveland Guardians,False
2024_topps_chrome_update,2024,Topps,Chrome Update,Chrome Baseball Update Series Autographs,,AC-TBY,Taj Bradley,Tampa Bay Rays,Chrome Baseball Update Series Autographs	AC-TBY	Taj Bradley	Tampa Bay Rays,False
2024_topps_chrome_update,2024,Topps,Chrome Update,Chrome Baseball Update Series Autographs,,AC-TF,Tyler Fitzgerald,San Francisco Giants	Rookie,Chrome Baseball Update Series Autographs	AC-TF	Tyler Fitzgerald	San Francisco Giants	Rookie,False
2024_topps_chrome_update,2024,Topps,Chrome Update,Chrome Baseball Update Series Autographs,,AC-TM,Tobias Myers,Milwaukee Brewers	Rookie,Chrome Baseball Update Series Autographs	AC-TM	Tobias Myers	Milwaukee Brewers	Rookie,False
2024_topps_chrome_update,2024,Topps,Chrome Update,Chrome Baseball Update Series Autographs,,AC-TRL,Trey Lipscomb,Washington Nationals	Rookie,Chrome Baseball Update Series Autographs	AC-TRL	Trey Lipscomb	Washington Nationals	Rookie,False
2024_topps_chrome_update,2024,Topps,Chrome Update,Chrome Baseball Update Series Autographs,,AC-TS,Tyler Soderstrom,Oakland Athletics	Rookie,Chrome Baseball Update Series Autographs	AC-TS	Tyler Soderstrom	Oakland Athletics	Rookie,False
2024_topps_chrome_update,2024,Topps,Chrome Update,Chrome Baseball Update Series Autographs,,AC-VG,Vaughn Grissom,Boston Red Sox,Chrome Baseball Update Series Autographs	AC-VG	Vaughn Grissom	Boston Red Sox,False
2024_topps_chrome_update,2024,Topps,Chrome Update,Chrome Baseball Update Series Autographs,,AC-VIS,Victor Scott II,St. Louis Cardinals	Rookie,Chrome Baseball Update Series Autographs	AC-VIS	Victor Scott II	St. Louis Cardinals	Rookie,False
2024_topps_chrome_update,2024,Topps,Chrome Update,Chrome Baseball Update Series Autographs,,AC-WA,Wilyer Abreu,Boston Red Sox	Rookie,Chrome Baseball Update Series Autographs	AC-WA	Wilyer Abreu	Boston Red Sox	Rookie,False
2024_topps_chrome_update,2024,Topps,Chrome Update,Chrome Baseball Update Series Autographs,,AC-WL,Wyatt Langford,Texas Rangers	Rookie,Chrome Baseball Update Series Autographs	AC-WL	Wyatt Langford	Texas Rangers	Rookie,False
2024_topps_chrome_update,2024,Topps,Chrome Update,Chrome Baseball Update Series Autographs,,AC-WM,Wade Meckler,San Francisco Giants	Rookie,Chrome Baseball Update Series Autographs	AC-WM	Wade Meckler	San Francisco Giants	Rookie,False
2024_topps_chrome_update,2024,Topps,Chrome Update,Chrome Baseball Update Series Autographs,,AC-YD,Yainer Diaz,Houston Astros,Chrome Baseball Update Series Autographs	AC-YD	Yainer Diaz	Houston Astros,False
2024_topps_chrome_update,2024,Topps,Chrome Update,Chrome Baseball Update Series Autographs,,AC-YM,Yuki Matsui,San Diego Padres	Rookie,Chrome Baseball Update Series Autographs	AC-YM	Yuki Matsui	San Diego Padres	Rookie,False
2024_topps_chrome_update,2024,Topps,Chrome Update,Chrome Baseball Update Series Autographs,,AC-YR,Yariel Rodríguez,Toronto Blue Jays	Rookie,Chrome Baseball Update Series Autographs	AC-YR	Yariel Rodríguez	Toronto Blue Jays	Rookie,False
2024_topps_chrome_update,2024,Topps,Chrome Update,Chrome Baseball Update Series Autographs,,AC-YY,Yoshinobu Yamamoto,Los Angeles Dodgers	Rookie,Chrome Baseball Update Series Autographs	AC-YY	Yoshinobu Yamamoto	Los Angeles Dodgers	Rookie,False
2024_topps_chrome_update,2024,Topps,Chrome Update,Chrome Baseball Update Series Autographs,,AC-ZD,Zach DeLoach,Chicago White Sox	Rookie,Chrome Baseball Update Series Autographs	AC-ZD	Zach DeLoach	Chicago White Sox	Rookie,False
2024_topps_chrome_update,2024,Topps,Chrome Update,Chrome Baseball Update Series Autographs,,AC-ZG,Zack Gelof,Oakland Athletics	Rookie,Chrome Baseball Update Series Autographs	AC-ZG	Zack Gelof	Oakland Athletics	Rookie,False
2024_topps_chrome_update,2024,Topps,Chrome Update,Chrome Baseball Update Series Autographs,,AC-ZN,Zach Neto,Los Angeles Angels,Chrome Baseball Update Series Autographs	AC-ZN	Zach Neto	Los Angeles Angels,False
2024_topps_chrome_update,2024,Topps,Chrome Update,Chrome Baseball Update Series Autographs,,RA-AM,Austin Martin,Minnesota Twins	Rookie,Chrome Baseball Update Series Autographs	RA-AM	Austin Martin	Minnesota Twins	Rookie,False
2024_topps_chrome_update,2024,Topps,Chrome Update,Chrome Baseball Update Series Autographs,,RA-AP,Andy Pages,Los Angeles Dodgers	Rookie,Chrome Baseball Update Series Autographs	RA-AP	Andy Pages	Los Angeles Dodgers	Rookie,False
2024_topps_chrome_update,2024,Topps,Chrome Update,Chrome Baseball Update Series Autographs,,RA-AU,Abner Uribe,Milwaukee Brewers	Rookie,Chrome Baseball Update Series Autographs	RA-AU	Abner Uribe	Milwaukee Brewers	Rookie,False
2024_topps_chrome_update,2024,Topps,Chrome Update,Chrome Baseball Update Series Autographs,,RA-BB,Ben Brown,Chicago Cubs	Rookie,Chrome Baseball Update Series Autographs	RA-BB	Ben Brown	Chicago Cubs	Rookie,False
2024_topps_chrome_update,2024,Topps,Chrome Update,Chrome Baseball Update Series Autographs,,RA-BRR,Bryan Ramos,Chicago White Sox	Rookie,Chrome Baseball Update Series Autographs	RA-BRR	Bryan Ramos	Chicago White Sox	Rookie,False
2024_topps_chrome_update,2024,Topps,Chrome Update,Chrome Baseball Update Series Autographs,,RA-CBE,Clayton Beeter,New York Yankees	Rookie,Chrome Baseball Update Series Autographs	RA-CBE	Clayton Beeter	New York Yankees	Rookie,False
2024_topps_chrome_update,2024,Topps,Chrome Update,Chrome Baseball Update Series Autographs,,RA-DHE,Daysbel Hernandez,Atlanta Braves	Rookie,Chrome Baseball Update Series Autographs	RA-DHE	Daysbel Hernandez	Atlanta Braves	Rookie,False
2024_topps_chrome_update,2024,Topps,Chrome Update,Chrome Baseball Update Series Autographs,,RA-DR,Drew Rom,St. Louis Cardinals	Rookie,Chrome Baseball Update Series Autographs	RA-DR	Drew Rom	St. Louis Cardinals	Rookie,False
2024_topps_chrome_update,2024,Topps,Chrome Update,Chrome Baseball Update Series Autographs,,RA-DS,Devin Sweet,Oakland Athletics	Rookie,Chrome Baseball Update Series Autographs	RA-DS	Devin Sweet	Oakland Athletics	Rookie,False
2024_topps_chrome_update,2024,Topps,Chrome Update,Chrome Baseball Update Series Autographs,,RA-ESH,Emmet Sheehan,Los Angeles Dodgers	Rookie,Chrome Baseball Update Series Autographs	RA-ESH	Emmet Sheehan	Los Angeles Dodgers	Rookie,False
2024_topps_chrome_update,2024,Topps,Chrome Update,Chrome Baseball Update Series Autographs,,RA-IL,Irving Lopez,St. Louis Cardinals	Rookie,Chrome Baseball Update Series Autographs	RA-IL	Irving Lopez	St. Louis Cardinals	Rookie,False
2024_topps_chrome_update,2024,Topps,Chrome Update,Chrome Baseball Update Series Autographs,,RA-JBA,Jordan Balazovic,Minnesota Twins	Rookie,Chrome Baseball Update Series Autographs	RA-JBA	Jordan Balazovic	Minnesota Twins	Rookie,False
2024_topps_chrome_update,2024,Topps,Chrome Update,Chrome Baseball Update Series Autographs,,RA-JBO,Jorge Barrosa,Arizona Diamondbacks	Rookie,Chrome Baseball Update Series Autographs	RA-JBO	Jorge Barrosa	Arizona Diamondbacks	Rookie,False
2024_topps_chrome_update,2024,Topps,Chrome Update,Chrome Baseball Update Series Autographs,,RA-JBY,Joey Boyle,Oakland Athletics	Rookie,Chrome Baseball Update Series Autographs	RA-JBY	Joey Boyle	Oakland Athletics	Rookie,False
2024_topps_chrome_update,2024,Topps,Chrome Update,Chrome Baseball Update Series Autographs,,RA-JJ,Jared Jones,Pittsburgh Pirates	Rookie,Chrome Baseball Update Series Autographs	RA-JJ	Jared Jones	Pittsburgh Pirates	Rookie,False
2024_topps_chrome_update,2024,Topps,Chrome Update,Chrome Baseball Update Series Autographs,,RA-JL,Jack Leiter,Texas Rangers	Rookie,Chrome Baseball Update Series Autographs	RA-JL	Jack Leiter	Texas Rangers	Rookie,False
2024_topps_chrome_update,2024,Topps,Chrome Update,Chrome Baseball Update Series Autographs,,RA-JLO,Jacob Lopez,Tampa Bay Rays	Rookie,Chrome Baseball Update Series Autographs	RA-JLO	Jacob Lopez	Tampa Bay Rays	Rookie,False
2024_topps_chrome_update,2024,Topps,Chrome Update,Chrome Baseball Update Series Autographs,,RA-JOF,Jose Ferrer,Washington Nationals	Rookie,Chrome Baseball Update Series Autographs	RA-JOF	Jose Ferrer	Washington Nationals	Rookie,False
2024_topps_chrome_update,2024,Topps,Chrome Update,Chrome Baseball Update Series Autographs,,RA-JR,Johnathan Rodriguez,Cleveland Guardians	Rookie,Chrome Baseball Update Series Autographs	RA-JR	Johnathan Rodriguez	Cleveland Guardians	Rookie,False
2024_topps_chrome_update,2024,Topps,Chrome Update,Chrome Baseball Update Series Autographs,,RA-JRO,Johan Rojas,Philadelphia Phillies	Rookie,Chrome Baseball Update Series Autographs	RA-JRO	Johan Rojas	Philadelphia Phillies	Rookie,False
2024_topps_chrome_update,2024,Topps,Chrome Update,Chrome Baseball Update Series Autographs,,RA-KI,Kolton Ingram,Los Angeles Angels	Rookie,Chrome Baseball Update Series Autographs	RA-KI	Kolton Ingram	Los Angeles Angels	Rookie,False
2024_topps_chrome_update,2024,Topps,Chrome Update,Chrome Baseball Update Series Autographs,,RA-KMA,Kyle Manzardo,Cleveland Guardians	Rookie,Chrome Baseball Update Series Autographs	RA-KMA	Kyle Manzardo	Cleveland Guardians	Rookie,False
2024_topps_chrome_update,2024,Topps,Chrome Update,Chrome Baseball Update Series Autographs,,RA-KW,Keaton Winn,San Francisco Giants	Rookie,Chrome Baseball Update Series Autographs	RA-KW	Keaton Winn	San Francisco Giants	Rookie,False
2024_topps_chrome_update,2024,Topps,Chrome Update,Chrome Baseball Update Series Autographs,,RA-MWA,Matt Waldron,San Diego Padres	Rookie,Chrome Baseball Update Series Autographs	RA-MWA	Matt Waldron	San Diego Padres	Rookie,False
2024_topps_chrome_update,2024,Topps,Chrome Update,Chrome Baseball Update Series Autographs,,RA-PS,Paul Skenes,Pittsburgh Pirates	Rookie,Chrome Baseball Update Series Autographs	RA-PS	Paul Skenes	Pittsburgh Pirates	Rookie,False
2024_topps_chrome_update,2024,Topps,Chrome Update,Chrome Baseball Update Series Autographs,,RA-RG,Robert Gasser,Milwaukee Brewers	Rookie,Chrome Baseball Update Series Autographs	RA-RG	Robert Gasser	Milwaukee Brewers	Rookie,False
2024_topps_chrome_update,2024,Topps,Chrome Update,Chrome Baseball Update Series Autographs,,RA-RK,Ricky Karcher,Cincinnati Reds	Rookie,Chrome Baseball Update Series Autographs	RA-RK	Ricky Karcher	Cincinnati Reds	Rookie,False
2024_topps_chrome_update,2024,Topps,Chrome Update,Chrome Baseball Update Series Autographs,,RA-SDU,Shawn Dubin,Houston Astros	Rookie,Chrome Baseball Update Series Autographs	RA-SDU	Shawn Dubin	Houston Astros	Rookie,False
2024_topps_chrome_update,2024,Topps,Chrome Update,Chrome Baseball Update Series Autographs,,RA-TB,Tyler Black,Milwaukee Brewers	Rookie,Chrome Baseball Update Series Autographs	RA-TB	Tyler Black	Milwaukee Brewers	Rookie,False
2024_topps_chrome_update,2024,Topps,Chrome Update,Chrome Baseball Update Series Autographs,,RA-VME,Victor Mederos,Los Angeles Angels	Rookie,Chrome Baseball Update Series Autographs	RA-VME	Victor Mederos	Los Angeles Angels	Rookie,False
2024_topps_chrome_update,2024,Topps,Chrome Update,Chrome Baseball Update Series Autographs,,RA-WP,Wenceel Pérez,Detroit Tigers	Rookie,Chrome Baseball Update Series Autographs	RA-WP	Wenceel Pérez	Detroit Tigers	Rookie,False
2024_topps_chrome_update,2024,Topps,Chrome Update,Chrome Baseball Update Series Autographs,,RA-YG,Yoendrys Gomez,New York Yankees	Rookie,Chrome Baseball Update Series Autographs	RA-YG	Yoendrys Gomez	New York Yankees	Rookie,False
2024_topps_chrome_update,2024,Topps,Chrome Update,Chrome Legend Autographs,,CLA-BL,Barry Larkin,Cincinnati Reds,Chrome Legend Autographs	CLA-BL	Barry Larkin	Cincinnati Reds,False
2024_topps_chrome_update,2024,Topps,Chrome Update,Chrome Legend Autographs,,CLA-CB,Carlos Beltran,Kansas City Royals,Chrome Legend Autographs	CLA-CB	Carlos Beltran	Kansas City Royals,False
2024_topps_chrome_update,2024,Topps,Chrome Update,Chrome Legend Autographs,,CLA-CF,Carlton Fisk,Chicago White Sox,Chrome Legend Autographs	CLA-CF	Carlton Fisk	Chicago White Sox,False
2024_topps_chrome_update,2024,Topps,Chrome Update,Chrome Legend Autographs,,CLA-CJ,Chipper Jones,Atlanta Braves,Chrome Legend Autographs	CLA-CJ	Chipper Jones	Atlanta Braves,False
2024_topps_chrome_update,2024,Topps,Chrome Update,Chrome Legend Autographs,,CLA-DM,Dale Murphy,Atlanta Braves,Chrome Legend Autographs	CLA-DM	Dale Murphy	Atlanta Braves,False
2024_topps_chrome_update,2024,Topps,Chrome Update,Chrome Legend Autographs,,CLA-OS,Ozzie Smith,St. Louis Cardinals,Chrome Legend Autographs	CLA-OS	Ozzie Smith	St. Louis Cardinals,False
2024_topps_chrome_update,2024,Topps,Chrome Update,Chrome Legend Autographs,,CLA-RH,Rickey Henderson,Oakland Athletics,Chrome Legend Autographs	CLA-RH	Rickey Henderson	Oakland Athletics,False
2024_topps_chrome_update,2024,Topps,Chrome Update,Chrome Legend Autographs,,CLA-TH,Trevor Hoffman,San Diego Padres,Chrome Legend Autographs	CLA-TH	Trevor Hoffman	San Diego Padres,False
2024_topps_chrome_update,2024,Topps,Chrome Update,Chrome Legend Autographs,,CLA-WB,Wade Boggs,Boston Red Sox,Chrome Legend Autographs	CLA-WB	Wade Boggs	Boston Red Sox,False
2024_topps_chrome_update,2024,Topps,Chrome Update,Chrome Rookie Autographs Lava Lamp Magenta/Purple,,RA-AP,Andy Pages,Los Angeles Dodgers,Chrome Rookie Autographs Lava Lamp Magenta/Purple	RA-AP	Andy Pages	Los Angeles Dodgers,False
2024_topps_chrome_update,2024,Topps,Chrome Update,Chrome Rookie Autographs Lava Lamp Magenta/Purple,,RA-AW,Austin Wells,New York Yankees,Chrome Rookie Autographs Lava Lamp Magenta/Purple	RA-AW	Austin Wells	New York Yankees,False
2024_topps_chrome_update,2024,Topps,Chrome Update,Chrome Rookie Autographs Lava Lamp Magenta/Purple,,RA-CC,Colton Cowser,Baltimore Orioles,Chrome Rookie Autographs Lava Lamp Magenta/Purple	RA-CC	Colton Cowser	Baltimore Orioles,False
2024_topps_chrome_update,2024,Topps,Chrome Update,Chrome Rookie Autographs Lava Lamp Magenta/Purple,,RA-CKE,Colt Keith,Detroit Tigers,Chrome Rookie Autographs Lava Lamp Magenta/Purple	RA-CKE	Colt Keith	Detroit Tigers,False
2024_topps_chrome_update,2024,Topps,Chrome Update,Chrome Rookie Autographs Lava Lamp Magenta/Purple,,RA-EC,Evan Carter,Texas Rangers,Chrome Rookie Autographs Lava Lamp Magenta/Purple	RA-EC	Evan Carter	Texas Rangers,False
2024_topps_chrome_update,2024,Topps,Chrome Update,Chrome Rookie Autographs Lava Lamp Magenta/Purple,,RA-EDLC,Elly De La Cruz,Cincinnati Reds,Chrome Rookie Autographs Lava Lamp Magenta/Purple	RA-EDLC	Elly De La Cruz	Cincinnati Reds,False
2024_topps_chrome_update,2024,Topps,Chrome Update,Chrome Rookie Autographs Lava Lamp Magenta/Purple,,RA-JC,Jackson Chourio,Milwaukee Brewers,Chrome Rookie Autographs Lava Lamp Magenta/Purple	RA-JC	Jackson Chourio	Milwaukee Brewers,False
2024_topps_chrome_update,2024,Topps,Chrome Update,Chrome Rookie Autographs Lava Lamp Magenta/Purple,,RA-JCA,Junior Caminero,Tampa Bay Rays,Chrome Rookie Autographs Lava Lamp Magenta/Purple	RA-JCA	Junior Caminero	Tampa Bay Rays,False
2024_topps_chrome_update,2024,Topps,Chrome Update,Chrome Rookie Autographs Lava Lamp Magenta/Purple,,RA-JDZ,Jasson Domínguez,New York Yankees,Chrome Rookie Autographs Lava Lamp Magenta/Purple	RA-JDZ	Jasson Domínguez	New York Yankees,False
2024_topps_chrome_update,2024,Topps,Chrome Update,Chrome Rookie Autographs Lava Lamp Magenta/Purple,,RA-JH,Jackson Holliday,Baltimore Orioles,Chrome Rookie Autographs Lava Lamp Magenta/Purple	RA-JH	Jackson Holliday	Baltimore Orioles,False
2024_topps_chrome_update,2024,Topps,Chrome Update,Chrome Rookie Autographs Lava Lamp Magenta/Purple,,RA-JHL,Jung Hoo Lee,San Francisco Giants,Chrome Rookie Autographs Lava Lamp Magenta/Purple	RA-JHL	Jung Hoo Lee	San Francisco Giants,False
2024_topps_chrome_update,2024,Topps,Chrome Update,Chrome Rookie Autographs Lava Lamp Magenta/Purple,,RA-JLA,Jordan Lawlar,Arizona Diamondbacks,Chrome Rookie Autographs Lava Lamp Magenta/Purple	RA-JLA	Jordan Lawlar	Arizona Diamondbacks,False
2024_topps_chrome_update,2024,Topps,Chrome Update,Chrome Rookie Autographs Lava Lamp Magenta/Purple,,RA-JME,Jackson Merrill,San Diego Padres,Chrome Rookie Autographs Lava Lamp Magenta/Purple	RA-JME	Jackson Merrill	San Diego Padres,False
2024_topps_chrome_update,2024,Topps,Chrome Update,Chrome Rookie Autographs Lava Lamp Magenta/Purple,,RA-LBU,Lawrence Butler,Oakland Athletics,Chrome Rookie Autographs Lava Lamp Magenta/Purple	RA-LBU	Lawrence Butler	Oakland Athletics,False
2024_topps_chrome_update,2024,Topps,Chrome Update,Chrome Rookie Autographs Lava Lamp Magenta/Purple,,RA-MW,Masyn Winn,St. Louis Cardinals,Chrome Rookie Autographs Lava Lamp Magenta/Purple	RA-MW	Masyn Winn	St. Louis Cardinals,False
2024_topps_chrome_update,2024,Topps,Chrome Update,Chrome Rookie Autographs Lava Lamp Magenta/Purple,,RA-NG,Nick Gonzales,Pittsburgh Pirates,Chrome Rookie Autographs Lava Lamp Magenta/Purple	RA-NG	Nick Gonzales	Pittsburgh Pirates,False
2024_topps_chrome_update,2024,Topps,Chrome Update,Chrome Rookie Autographs Lava Lamp Magenta/Purple,,RA-NS,Nolan Schanuel,Los Angeles Angels,Chrome Rookie Autographs Lava Lamp Magenta/Purple	RA-NS	Nolan Schanuel	Los Angeles Angels,False
2024_topps_chrome_update,2024,Topps,Chrome Update,Chrome Rookie Autographs Lava Lamp Magenta/Purple,,RA-RM,Ronny Mauricio,New York Mets,Chrome Rookie Autographs Lava Lamp Magenta/Purple	RA-RM	Ronny Mauricio	New York Mets,False
2024_topps_chrome_update,2024,Topps,Chrome Update,Chrome Rookie Autographs Lava Lamp Magenta/Purple,,RA-SF,Sal Frelick,Milwaukee Brewers,Chrome Rookie Autographs Lava Lamp Magenta/Purple	RA-SF	Sal Frelick	Milwaukee Brewers,False
2024_topps_chrome_update,2024,Topps,Chrome Update,Chrome Rookie Autographs Lava Lamp Magenta/Purple,,RA-SI,Shota Imanaga,Chicago Cubs,Chrome Rookie Autographs Lava Lamp Magenta/Purple	RA-SI	Shota Imanaga	Chicago Cubs,False
2024_topps_chrome_update,2024,Topps,Chrome Update,Chrome Rookie Autographs Lava Lamp Magenta/Purple,,RA-WL,Wyatt Langford,Texas Rangers,Chrome Rookie Autographs Lava Lamp Magenta/Purple	RA-WL	Wyatt Langford	Texas Rangers,False
2024_topps_chrome_update,2024,Topps,Chrome Update,Chrome Rookie Autographs Lava Lamp Magenta/Purple,,RA-YY,Yoshinobu Yamamoto,Los Angeles Dodgers,Chrome Rookie Autographs Lava Lamp Magenta/Purple	RA-YY	Yoshinobu Yamamoto	Los Angeles Dodgers,False
2024_topps_chrome_update,2024,Topps,Chrome Update,Crushed,,CR-1,Giancarlo Stanton,New York Yankees,Crushed	CR-1	Giancarlo Stanton	New York Yankees,False
2024_topps_chrome_update,2024,Topps,Chrome Update,Crushed,,CR-2,Aaron Judge,New York Yankees,Crushed	CR-2	Aaron Judge	New York Yankees,False
2024_topps_chrome_update,2024,Topps,Chrome Update,Crushed,,CR-3,Jasson Domínguez,New York Yankees,Crushed	CR-3	Jasson Domínguez	New York Yankees,False
2024_topps_chrome_update,2024,Topps,Chrome Update,Crushed,,CR-4,Juan Soto,New York Yankees,Crushed	CR-4	Juan Soto	New York Yankees,False
2024_topps_chrome_update,2024,Topps,Chrome Update,Crushed,,CR-5,Ronald Acuña Jr.,Atlanta Braves,Crushed	CR-5	Ronald Acuña Jr.	Atlanta Braves,False
2024_topps_chrome_update,2024,Topps,Chrome Update,Crushed,,CR-6,Shohei Ohtani,Los Angeles Dodgers,Crushed	CR-6	Shohei Ohtani	Los Angeles Dodgers,False
2024_topps_chrome_update,2024,Topps,Chrome Update,Crushed,,CR-7,Vladimir Guerrero Jr.,Toronto Blue Jays,Crushed	CR-7	Vladimir Guerrero Jr.	Toronto Blue Jays,False
2024_topps_chrome_update,2024,Topps,Chrome Update,Crushed,,CR-8,Elly De La Cruz,Cincinnati Reds,Crushed	CR-8	Elly De La Cruz	Cincinnati Reds,False
2024_topps_chrome_update,2024,Topps,Chrome Update,Crushed,,CR-9,Jackson Chourio,Milwaukee Brewers,Crushed	CR-9	Jackson Chourio	Milwaukee Brewers,False
2024_topps_chrome_update,2024,Topps,Chrome Update,Crushed,,CR-10,Yordan Alvarez,Houston Astros,Crushed	CR-10	Yordan Alvarez	Houston Astros,False
2024_topps_chrome_update,2024,Topps,Chrome Update,Crushed,,CR-11,Fernando Tatis Jr.,San Diego Padres,Crushed	CR-11	Fernando Tatis Jr.	San Diego Padres,False
2024_topps_chrome_update,2024,Topps,Chrome Update,Crushed,,CR-12,Adolis García,Texas Rangers,Crushed	CR-12	Adolis García	Texas Rangers,False
2024_topps_chrome_update,2024,Topps,Chrome Update,Crushed,,CR-13,Mike Trout,Los Angeles Angels,Crushed	CR-13	Mike Trout	Los Angeles Angels,False
2024_topps_chrome_update,2024,Topps,Chrome Update,Crushed,,CR-14,Julio Rodríguez,Seattle Mariners,Crushed	CR-14	Julio Rodríguez	Seattle Mariners,False
2024_topps_chrome_update,2024,Topps,Chrome Update,Crushed,,CR-15,Andy Pages,Los Angeles Dodgers,Crushed	CR-15	Andy Pages	Los Angeles Dodgers,False
2024_topps_chrome_update,2024,Topps,Chrome Update,Crushed,,CR-16,Matt Olson,Atlanta Braves,Crushed	CR-16	Matt Olson	Atlanta Braves,False
2024_topps_chrome_update,2024,Topps,Chrome Update,Crushed,,CR-17,Jackson Merrill,San Diego Padres,Crushed	CR-17	Jackson Merrill	San Diego Padres,False
2024_topps_chrome_update,2024,Topps,Chrome Update,Crushed,,CR-18,Pete Alonso,New York Mets,Crushed	CR-18	Pete Alonso	New York Mets,False
2024_topps_chrome_update,2024,Topps,Chrome Update,Crushed,,CR-19,Bobby Witt Jr.,Kansas City Royals,Crushed	CR-19	Bobby Witt Jr.	Kansas City Royals,False
2024_topps_chrome_update,2024,Topps,Chrome Update,Crushed,,CR-20,Rafael Devers,Boston Red Sox,Crushed	CR-20	Rafael Devers	Boston Red Sox,False
2024_topps_chrome_update,2024,Topps,Chrome Update,Crushed,,CR-21,Gunnar Henderson,Baltimore Orioles,Crushed	CR-21	Gunnar Henderson	Baltimore Orioles,False
2024_topps_chrome_update,2024,Topps,Chrome Update,Crushed,,CR-22,Bryce Harper,Philadelphia Phillies,Crushed	CR-22	Bryce Harper	Philadelphia Phillies,False
2024_topps_chrome_update,2024,Topps,Chrome Update,Crushed,,CR-23,Corey Seager,Texas Rangers,Crushed	CR-23	Corey Seager	Texas Rangers,False
2024_topps_chrome_update,2024,Topps,Chrome Update,Crushed,,CR-24,Jackson Holliday,Baltimore Orioles,Crushed	CR-24	Jackson Holliday	Baltimore Orioles,False
2024_topps_chrome_update,2024,Topps,Chrome Update,Crushed,,CR-25,Wyatt Langford,Texas Rangers,Crushed	CR-25	Wyatt Langford	Texas Rangers,False
2024_topps_chrome_update,2024,Topps,Chrome Update,Diamond Dominance,,DD-1,Paul Skenes,Pittsburgh Pirates,Diamond Dominance	DD-1	Paul Skenes	Pittsburgh Pirates,False
2024_topps_chrome_update,2024,Topps,Chrome Update,Diamond Dominance,,DD-2,Wyatt Langford,Texas Rangers,Diamond Dominance	DD-2	Wyatt Langford	Texas Rangers,False
2024_topps_chrome_update,2024,Topps,Chrome Update,Diamond Dominance,,DD-3,Yoshinobu Yamamoto,Los Angeles Dodgers,Diamond Dominance	DD-3	Yoshinobu Yamamoto	Los Angeles Dodgers,False
2024_topps_chrome_update,2024,Topps,Chrome Update,Diamond Dominance,,DD-4,Jackson Holliday,Baltimore Orioles,Diamond Dominance	DD-4	Jackson Holliday	Baltimore Orioles,False
2024_topps_chrome_update,2024,Topps,Chrome Update,Diamond Dominance,,DD-5,Jackson Chourio,Milwaukee Brewers,Diamond Dominance	DD-5	Jackson Chourio	Milwaukee Brewers,False
2024_topps_chrome_update,2024,Topps,Chrome Update,Diamond Dominance,,DD-6,Elly De La Cruz,Cincinnati Reds,Diamond Dominance	DD-6	Elly De La Cruz	Cincinnati Reds,False
2024_topps_chrome_update,2024,Topps,Chrome Update,Diamond Dominance,,DD-7,Jasson Domínguez,New York Yankees,Diamond Dominance	DD-7	Jasson Domínguez	New York Yankees,False
2024_topps_chrome_update,2024,Topps,Chrome Update,Diamond Dominance,,DD-8,Evan Carter,Texas Rangers,Diamond Dominance	DD-8	Evan Carter	Texas Rangers,False
2024_topps_chrome_update,2024,Topps,Chrome Update,Diamond Dominance,,DD-9,Pete Crow-Armstrong,Chicago Cubs,Diamond Dominance	DD-9	Pete Crow-Armstrong	Chicago Cubs,False
2024_topps_chrome_update,2024,Topps,Chrome Update,Diamond Dominance,,DD-10,Shota Imanaga,Chicago Cubs,Diamond Dominance	DD-10	Shota Imanaga	Chicago Cubs,False
2024_topps_chrome_update,2024,Topps,Chrome Update,Diamond Dominance,,DD-11,Shohei Ohtani,Los Angeles Dodgers,Diamond Dominance	DD-11	Shohei Ohtani	Los Angeles Dodgers,False
2024_topps_chrome_update,2024,Topps,Chrome Update,Diamond Dominance,,DD-12,Mookie Betts,Los Angeles Dodgers,Diamond Dominance	DD-12	Mookie Betts	Los Angeles Dodgers,False
2024_topps_chrome_update,2024,Topps,Chrome Update,Diamond Dominance,,DD-13,Aaron Judge,New York Yankees,Diamond Dominance	DD-13	Aaron Judge	New York Yankees,False
2024_topps_chrome_update,2024,Topps,Chrome Update,Diamond Dominance,,DD-14,Juan Soto,New York Yankees,Diamond Dominance	DD-14	Juan Soto	New York Yankees,False
2024_topps_chrome_update,2024,Topps,Chrome Update,Diamond Dominance,,DD-15,Ronald Acuña Jr.,Atlanta Braves,Diamond Dominance	DD-15	Ronald Acuña Jr.	Atlanta Braves,False
2024_topps_chrome_update,2024,Topps,Chrome Update,Diamond Dominance,,DD-16,Mike Trout,Los Angeles Angels,Diamond Dominance	DD-16	Mike Trout	Los Angeles Angels,False
2024_topps_chrome_update,2024,Topps,Chrome Update,Diamond Dominance,,DD-17,Vladimir Guerrero Jr.,Toronto Blue Jays,Diamond Dominance	DD-17	Vladimir Guerrero Jr.	Toronto Blue Jays,False
2024_topps_chrome_update,2024,Topps,Chrome Update,Diamond Dominance,,DD-18,Fernando Tatis Jr.,San Diego Padres,Diamond Dominance	DD-18	Fernando Tatis Jr.	San Diego Padres,False
2024_topps_chrome_update,2024,Topps,Chrome Update,Diamond Dominance,,DD-19,Julio Rodríguez,Seattle Mariners,Diamond Dominance	DD-19	Julio Rodríguez	Seattle Mariners,False
2024_topps_chrome_update,2024,Topps,Chrome Update,Diamond Dominance,,DD-20,Gunnar Henderson,Baltimore Orioles,Diamond Dominance	DD-20	Gunnar Henderson	Baltimore Orioles,False
2024_topps_chrome_update,2024,Topps,Chrome Update,Diamond Dominance,,DD-21,Bobby Witt Jr.,Kansas City Royals,Diamond Dominance	DD-21	Bobby Witt Jr.	Kansas City Royals,False
2024_topps_chrome_update,2024,Topps,Chrome Update,Diamond Dominance,,DD-22,Bryce Harper,Philadelphia Phillies,Diamond Dominance	DD-22	Bryce Harper	Philadelphia Phillies,False
2024_topps_chrome_update,2024,Topps,Chrome Update,Diamond Dominance,,DD-23,Yordan Alvarez,Houston Astros,Diamond Dominance	DD-23	Yordan Alvarez	Houston Astros,False
2024_topps_chrome_update,2024,Topps,Chrome Update,Diamond Dominance,,DD-24,Clayton Kershaw,Los Angeles Dodgers,Diamond Dominance	DD-24	Clayton Kershaw	Los Angeles Dodgers,False
2024_topps_chrome_update,2024,Topps,Chrome Update,Diamond Dominance,,DD-25,Corbin Carroll,Arizona Diamondbacks,Diamond Dominance	DD-25	Corbin Carroll	Arizona Diamondbacks,False
2024_topps_chrome_update,2024,Topps,Chrome Update,Dual Autographs,,CDA-AJO,Matt Olson / Ronald Acuña Jr.,Atlanta Braves,Dual Autographs	CDA-AJO	Matt Olson / Ronald Acuña Jr.	Atlanta Braves,True
2024_topps_chrome_update,2024,Topps,Chrome Update,Dual Autographs,,CDA-ALP,Francisco Alvarez / Mike Piazza,New York Mets,Dual Autographs	CDA-ALP	Francisco Alvarez / Mike Piazza	New York Mets,True
2024_topps_chrome_update,2024,Topps,Chrome Update,Dual Autographs,,CDA-CAL,Corbin Carroll / Jordan Lawlar,Arizona Diamondbacks,Dual Autographs	CDA-CAL	Corbin Carroll / Jordan Lawlar	Arizona Diamondbacks,True
2024_topps_chrome_update,2024,Topps,Chrome Update,Dual Autographs,,CDA-CLA,Evan Carter / Wyatt Langford,Texas Rangers,Dual Autographs	CDA-CLA	Evan Carter / Wyatt Langford	Texas Rangers,True
2024_topps_chrome_update,2024,Topps,Chrome Update,Dual Autographs,,CDA-FRC,Sal Frelick / Jackson Chourio,Milwaukee Brewers,Dual Autographs	CDA-FRC	Sal Frelick / Jackson Chourio	Milwaukee Brewers,True
2024_topps_chrome_update,2024,Topps,Chrome Update,Dual Autographs,,CDA-IRO,Ichiro / Julio Rodríguez,Seattle Mariners,Dual Autographs	CDA-IRO	Ichiro / Julio Rodríguez	Seattle Mariners,True
2024_topps_chrome_update,2024,Topps,Chrome Update,Dual Autographs,,CDA-JEV,Anthony Volpe / Derek Jeter,New York Yankees,Dual Autographs	CDA-JEV	Anthony Volpe / Derek Jeter	New York Yankees,True
2024_topps_chrome_update,2024,Topps,Chrome Update,Dual Autographs,,CDA-KKE,Sandy Koufax / Clayton Kershaw,Los Angeles Dodgers,Dual Autographs	CDA-KKE	Sandy Koufax / Clayton Kershaw	Los Angeles Dodgers,True
2024_topps_chrome_update,2024,Topps,Chrome Update,Dual Autographs,,CDA-RIH,Bill Ripken / Jackson Holliday,Baltimore Orioles,Dual Autographs	CDA-RIH	Bill Ripken / Jackson Holliday	Baltimore Orioles,True
2024_topps_chrome_update,2024,Topps,Chrome Update,Dual Autographs,,CDA-RJH,Jackson Holliday / Cal Ripken Jr.,Baltimore Orioles,Dual Autographs	CDA-RJH	Jackson Holliday / Cal Ripken Jr.	Baltimore Orioles,True
2024_topps_chrome_update,2024,Topps,Chrome Update,Dual Autographs,,CDA-TJM,Manny Machado / Fernando Tatis Jr.,San Diego Padres,Dual Autographs	CDA-TJM	Manny Machado / Fernando Tatis Jr.	San Diego Padres,True
2024_topps_chrome_update,2024,Topps,Chrome Update,Dual Autographs,,CDA-VLE,Jack Leiter / Anthony Volpe,Texas Rangers,Dual Autographs	CDA-VLE	Jack Leiter / Anthony Volpe	Texas Rangers,True
2024_topps_chrome_update,2024,Topps,Chrome Update,Dual Autographs,,CDA-VLE,Jack Leiter / Anthony Volpe,New York Yankees,Dual Autographs	CDA-VLE	Jack Leiter / Anthony Volpe	New York Yankees,True
2024_topps_chrome_update,2024,Topps,Chrome Update,Future Stars,,FSU-1,Adley Rutschman,Baltimore Orioles,Future Stars	FSU-1	Adley Rutschman	Baltimore Orioles,False
2024_topps_chrome_update,2024,Topps,Chrome Update,Future Stars,,FSU-2,Gunnar Henderson,Baltimore Orioles,Future Stars	FSU-2	Gunnar Henderson	Baltimore Orioles,False
2024_topps_chrome_update,2024,Topps,Chrome Update,Future Stars,,FSU-3,Corbin Carroll,Arizona Diamondbacks,Future Stars	FSU-3	Corbin Carroll	Arizona Diamondbacks,False
2024_topps_chrome_update,2024,Topps,Chrome Update,Future Stars,,FSU-4,Anthony Volpe,New York Yankees,Future Stars	FSU-4	Anthony Volpe	New York Yankees,False
2024_topps_chrome_update,2024,Topps,Chrome Update,Future Stars,,FSU-5,Justin Steele,Chicago Cubs,Future Stars	FSU-5	Justin Steele	Chicago Cubs,False
2024_topps_chrome_update,2024,Topps,Chrome Update,Future Stars,,FSU-6,Michael Harris II,Atlanta Braves,Future Stars	FSU-6	Michael Harris II	Atlanta Braves,False
2024_topps_chrome_update,2024,Topps,Chrome Update,Future Stars,,FSU-7,Josh Jung,Texas Rangers,Future Stars	FSU-7	Josh Jung	Texas Rangers,False
2024_topps_chrome_update,2024,Topps,Chrome Update,Future Stars,,FSU-8,Matt McLain,Cincinnati Reds,Future Stars	FSU-8	Matt McLain	Cincinnati Reds,False
2024_topps_chrome_update,2024,Topps,Chrome Update,Future Stars,,FSU-9,Masataka Yoshida,Boston Red Sox,Future Stars	FSU-9	Masataka Yoshida	Boston Red Sox,False
2024_topps_chrome_update,2024,Topps,Chrome Update,Future Stars,,FSU-10,Riley Greene,Detroit Tigers,Future Stars	FSU-10	Riley Greene	Detroit Tigers,False
2024_topps_chrome_update,2024,Topps,Chrome Update,Future Stars,,FSU-11,Elly De La Cruz,Cincinnati Reds,Future Stars	FSU-11	Elly De La Cruz	Cincinnati Reds,False
2024_topps_chrome_update,2024,Topps,Chrome Update,Future Stars,,FSU-12,Jasson Domínguez,New York Yankees,Future Stars	FSU-12	Jasson Domínguez	New York Yankees,False
2024_topps_chrome_update,2024,Topps,Chrome Update,Future Stars,,FSU-13,Evan Carter,Texas Rangers,Future Stars	FSU-13	Evan Carter	Texas Rangers,False
2024_topps_chrome_update,2024,Topps,Chrome Update,Future Stars,,FSU-14,Wyatt Langford,Texas Rangers,Future Stars	FSU-14	Wyatt Langford	Texas Rangers,False
2024_topps_chrome_update,2024,Topps,Chrome Update,Future Stars,,FSU-15,Jackson Holliday,Baltimore Orioles,Future Stars	FSU-15	Jackson Holliday	Baltimore Orioles,False
2024_topps_chrome_update,2024,Topps,Chrome Update,Future Stars,,FSU-16,Jackson Chourio,Milwaukee Brewers,Future Stars	FSU-16	Jackson Chourio	Milwaukee Brewers,False
2024_topps_chrome_update,2024,Topps,Chrome Update,Future Stars,,FSU-17,Paul Skenes,Pittsburgh Pirates,Future Stars	FSU-17	Paul Skenes	Pittsburgh Pirates,False
2024_topps_chrome_update,2024,Topps,Chrome Update,Future Stars,,FSU-18,Junior Caminero,Tampa Bay Rays,Future Stars	FSU-18	Junior Caminero	Tampa Bay Rays,False
2024_topps_chrome_update,2024,Topps,Chrome Update,Future Stars,,FSU-19,Pete Crow-Armstrong,Chicago Cubs,Future Stars	FSU-19	Pete Crow-Armstrong	Chicago Cubs,False
2024_topps_chrome_update,2024,Topps,Chrome Update,Future Stars,,FSU-20,Colt Keith,Detroit Tigers,Future Stars	FSU-20	Colt Keith	Detroit Tigers,False
2024_topps_chrome_update,2024,Topps,Chrome Update,Future Stars Autographs,,FSA-AR,Adley Rutschman,Baltimore Orioles,Future Stars Autographs	FSA-AR	Adley Rutschman	Baltimore Orioles,False
2024_topps_chrome_update,2024,Topps,Chrome Update,Future Stars Autographs,,FSA-AV,Anthony Volpe,New York Yankees,Future Stars Autographs	FSA-AV	Anthony Volpe	New York Yankees,False
2024_topps_chrome_update,2024,Topps,Chrome Update,Future Stars Autographs,,FSA-BB,Brett Baty,New York Mets,Future Stars Autographs	FSA-BB	Brett Baty	New York Mets,False
2024_topps_chrome_update,2024,Topps,Chrome Update,Future Stars Autographs,,FSA-CC,Corbin Carroll,Arizona Diamondbacks,Future Stars Autographs	FSA-CC	Corbin Carroll	Arizona Diamondbacks,False
2024_topps_chrome_update,2024,Topps,Chrome Update,Future Stars Autographs,,FSA-FA,Francisco Alvarez,New York Mets,Future Stars Autographs	FSA-FA	Francisco Alvarez	New York Mets,False
2024_topps_chrome_update,2024,Topps,Chrome Update,Future Stars Autographs,,FSA-GM,Gabriel Moreno,Arizona Diamondbacks,Future Stars Autographs	FSA-GM	Gabriel Moreno	Arizona Diamondbacks,False
2024_topps_chrome_update,2024,Topps,Chrome Update,Future Stars Autographs,,FSA-GR,Grayson Rodriguez,Baltimore Orioles,Future Stars Autographs	FSA-GR	Grayson Rodriguez	Baltimore Orioles,False
2024_topps_chrome_update,2024,Topps,Chrome Update,Future Stars Autographs,,FSA-JJ,Josh Jung,Texas Rangers,Future Stars Autographs	FSA-JJ	Josh Jung	Texas Rangers,False
2024_topps_chrome_update,2024,Topps,Chrome Update,Future Stars Autographs,,FSA-JO,James Outman,Los Angeles Dodgers,Future Stars Autographs	FSA-JO	James Outman	Los Angeles Dodgers,False
2024_topps_chrome_update,2024,Topps,Chrome Update,Future Stars Autographs,,FSA-MH,Michael Harris II,Atlanta Braves,Future Stars Autographs	FSA-MH	Michael Harris II	Atlanta Braves,False
2024_topps_chrome_update,2024,Topps,Chrome Update,Future Stars Autographs,,FSA-MV,Miguel Vargas,Chicago White Sox,Future Stars Autographs	FSA-MV	Miguel Vargas	Chicago White Sox,False
2024_topps_chrome_update,2024,Topps,Chrome Update,Future Stars Autographs,,FSA-MY,Masataka Yoshida,Boston Red Sox,Future Stars Autographs	FSA-MY	Masataka Yoshida	Boston Red Sox,False
2024_topps_chrome_update,2024,Topps,Chrome Update,Future Stars Autographs,,FSA-OC,Oswaldo Cabrera,New York Yankees,Future Stars Autographs	FSA-OC	Oswaldo Cabrera	New York Yankees,False
2024_topps_chrome_update,2024,Topps,Chrome Update,Future Stars Autographs,,FSA-OP,Oswald Peraza,New York Yankees,Future Stars Autographs	FSA-OP	Oswald Peraza	New York Yankees,False
2024_topps_chrome_update,2024,Topps,Chrome Update,Future Stars Autographs,,FSA-RG,Riley Greene,Detroit Tigers,Future Stars Autographs	FSA-RG	Riley Greene	Detroit Tigers,False
2024_topps_chrome_update,2024,Topps,Chrome Update,Helix,,HX-16,Paul Skenes,Pittsburgh Pirates,Helix	HX-16	Paul Skenes	Pittsburgh Pirates,False
2024_topps_chrome_update,2024,Topps,Chrome Update,Helix,,HX-17,Aaron Judge,New York Yankees,Helix	HX-17	Aaron Judge	New York Yankees,False
2024_topps_chrome_update,2024,Topps,Chrome Update,Helix,,HX-18,Wyatt Langford,Texas Rangers,Helix	HX-18	Wyatt Langford	Texas Rangers,False
2024_topps_chrome_update,2024,Topps,Chrome Update,Helix,,HX-19,Jackson Holliday,Baltimore Orioles,Helix	HX-19	Jackson Holliday	Baltimore Orioles,False
2024_topps_chrome_update,2024,Topps,Chrome Update,Helix,,HX-20,Jackson Chourio,Milwaukee Brewers,Helix	HX-20	Jackson Chourio	Milwaukee Brewers,False
2024_topps_chrome_update,2024,Topps,Chrome Update,Helix,,HX-21,Ronald Acuña Jr.,Atlanta Braves,Helix	HX-21	Ronald Acuña Jr.	Atlanta Braves,False
2024_topps_chrome_update,2024,Topps,Chrome Update,Helix,,HX-22,Yordan Alvarez,Houston Astros,Helix	HX-22	Yordan Alvarez	Houston Astros,False
2024_topps_chrome_update,2024,Topps,Chrome Update,Helix,,HX-23,Fernando Tatis Jr.,San Diego Padres,Helix	HX-23	Fernando Tatis Jr.	San Diego Padres,False
2024_topps_chrome_update,2024,Topps,Chrome Update,Helix,,HX-24,Julio Rodríguez,Seattle Mariners,Helix	HX-24	Julio Rodríguez	Seattle Mariners,False
2024_topps_chrome_update,2024,Topps,Chrome Update,Helix,,HX-25,Bobby Witt Jr.,Kansas City Royals,Helix	HX-25	Bobby Witt Jr.	Kansas City Royals,False
2024_topps_chrome_update,2024,Topps,Chrome Update,Home Field Advantage,,HFAC-1,Elly De La Cruz,Cincinnati Reds,Home Field Advantage	HFAC-1	Elly De La Cruz	Cincinnati Reds,False
2024_topps_chrome_update,2024,Topps,Chrome Update,Home Field Advantage,,HFAC-2,Clayton Kershaw,Los Angeles Dodgers,Home Field Advantage	HFAC-2	Clayton Kershaw	Los Angeles Dodgers,False
2024_topps_chrome_update,2024,Topps,Chrome Update,Home Field Advantage,,HFAC-3,Yordan Alvarez,Houston Astros,Home Field Advantage	HFAC-3	Yordan Alvarez	Houston Astros,False
2024_topps_chrome_update,2024,Topps,Chrome Update,Home Field Advantage,,HFAC-4,Andrew McCutchen,Pittsburgh Pirates,Home Field Advantage	HFAC-4	Andrew McCutchen	Pittsburgh Pirates,False
2024_topps_chrome_update,2024,Topps,Chrome Update,Home Field Advantage,,HFAC-5,Nolan Arenado,St. Louis Cardinals,Home Field Advantage	HFAC-5	Nolan Arenado	St. Louis Cardinals,False
2024_topps_chrome_update,2024,Topps,Chrome Update,Home Field Advantage,,HFAC-6,Fernando Tatis Jr.,San Diego Padres,Home Field Advantage	HFAC-6	Fernando Tatis Jr.	San Diego Padres,False
2024_topps_chrome_update,2024,Topps,Chrome Update,Home Field Advantage,,HFAC-7,Julio Rodríguez,Seattle Mariners,Home Field Advantage	HFAC-7	Julio Rodríguez	Seattle Mariners,False
2024_topps_chrome_update,2024,Topps,Chrome Update,Home Field Advantage,,HFAC-8,Mike Trout,Los Angeles Angels,Home Field Advantage	HFAC-8	Mike Trout	Los Angeles Angels,False
2024_topps_chrome_update,2024,Topps,Chrome Update,Home Field Advantage,,HFAC-9,Brandon Lowe,Tampa Bay Rays,Home Field Advantage	HFAC-9	Brandon Lowe	Tampa Bay Rays,False
2024_topps_chrome_update,2024,Topps,Chrome Update,Home Field Advantage,,HFAC-10,Bobby Witt Jr.,Kansas City Royals,Home Field Advantage	HFAC-10	Bobby Witt Jr.	Kansas City Royals,False
2024_topps_chrome_update,2024,Topps,Chrome Update,Home Field Advantage,,HFAC-11,Ronald Acuña Jr.,Atlanta Braves,Home Field Advantage	HFAC-11	Ronald Acuña Jr.	Atlanta Braves,False
2024_topps_chrome_update,2024,Topps,Chrome Update,Home Field Advantage,,HFAC-12,Jasson Domínguez,New York Yankees,Home Field Advantage	HFAC-12	Jasson Domínguez	New York Yankees,False
2024_topps_chrome_update,2024,Topps,Chrome Update,Home Field Advantage,,HFAC-13,Evan Carter,Texas Rangers,Home Field Advantage	HFAC-13	Evan Carter	Texas Rangers,False
2024_topps_chrome_update,2024,Topps,Chrome Update,Home Field Advantage,,HFAC-14,Jordan Lawlar,Arizona Diamondbacks,Home Field Advantage	HFAC-14	Jordan Lawlar	Arizona Diamondbacks,False
2024_topps_chrome_update,2024,Topps,Chrome Update,Home Field Advantage,,HFAC-15,Pete Crow-Armstrong,Chicago Cubs,Home Field Advantage	HFAC-15	Pete Crow-Armstrong	Chicago Cubs,False
2024_topps_chrome_update,2024,Topps,Chrome Update,Home Field Advantage,,HFAC-16,Marco Luciano,San Francisco Giants,Home Field Advantage	HFAC-16	Marco Luciano	San Francisco Giants,False
2024_topps_chrome_update,2024,Topps,Chrome Update,Home Field Advantage,,HFAC-17,Bryce Harper,Philadelphia Phillies,Home Field Advantage	HFAC-17	Bryce Harper	Philadelphia Phillies,False
2024_topps_chrome_update,2024,Topps,Chrome Update,Home Field Advantage,,HFAC-18,Yoshinobu Yamamoto,Los Angeles Dodgers,Home Field Advantage	HFAC-18	Yoshinobu Yamamoto	Los Angeles Dodgers,False
2024_topps_chrome_update,2024,Topps,Chrome Update,Home Field Advantage,,HFAC-19,Tyler Soderstrom,Oakland Athletics,Home Field Advantage	HFAC-19	Tyler Soderstrom	Oakland Athletics,False
2024_topps_chrome_update,2024,Topps,Chrome Update,Home Field Advantage,,HFAC-20,Sandy Alcantara,Miami Marlins,Home Field Advantage	HFAC-20	Sandy Alcantara	Miami Marlins,False
2024_topps_chrome_update,2024,Topps,Chrome Update,Home Field Advantage,,HFAC-21,Jackson Holliday,Baltimore Orioles,Home Field Advantage	HFAC-21	Jackson Holliday	Baltimore Orioles,False
2024_topps_chrome_update,2024,Topps,Chrome Update,Home Field Advantage,,HFAC-22,Luis Robert Jr.,Chicago White Sox,Home Field Advantage	HFAC-22	Luis Robert Jr.	Chicago White Sox,False
2024_topps_chrome_update,2024,Topps,Chrome Update,Home Field Advantage,,HFAC-23,Royce Lewis,Minnesota Twins,Home Field Advantage	HFAC-23	Royce Lewis	Minnesota Twins,False
2024_topps_chrome_update,2024,Topps,Chrome Update,Home Field Advantage,,HFAC-24,CJ Abrams,Washington Nationals,Home Field Advantage	HFAC-24	CJ Abrams	Washington Nationals,False
2024_topps_chrome_update,2024,Topps,Chrome Update,Home Field Advantage,,HFAC-25,Jackson Chourio,Milwaukee Brewers,Home Field Advantage	HFAC-25	Jackson Chourio	Milwaukee Brewers,False
2024_topps_chrome_update,2024,Topps,Chrome Update,Home Field Advantage,,HFAC-26,Ceddanne Rafaela,Boston Red Sox,Home Field Advantage	HFAC-26	Ceddanne Rafaela	Boston Red Sox,False
2024_topps_chrome_update,2024,Topps,Chrome Update,Home Field Advantage,,HFAC-27,Ronny Mauricio,New York Mets,Home Field Advantage	HFAC-27	Ronny Mauricio	New York Mets,False
2024_topps_chrome_update,2024,Topps,Chrome Update,Home Field Advantage,,HFAC-28,Gavin Williams,Cleveland Guardians,Home Field Advantage	HFAC-28	Gavin Williams	Cleveland Guardians,False
2024_topps_chrome_update,2024,Topps,Chrome Update,Home Field Advantage,,HFAC-29,Colt Keith,Detroit Tigers,Home Field Advantage	HFAC-29	Colt Keith	Detroit Tigers,False
2024_topps_chrome_update,2024,Topps,Chrome Update,Home Field Advantage,,HFAC-30,Vladimir Guerrero Jr.,Toronto Blue Jays,Home Field Advantage	HFAC-30	Vladimir Guerrero Jr.	Toronto Blue Jays,False
2024_topps_chrome_update,2024,Topps,Chrome Update,Home Field Advantage,,HFAC-31,Nolan Jones,Colorado Rockies,Home Field Advantage	HFAC-31	Nolan Jones	Colorado Rockies,False
2024_topps_chrome_update,2024,Topps,Chrome Update,Home Field Advantage,,HFAC-32,Wyatt Langford,Texas Rangers,Home Field Advantage	HFAC-32	Wyatt Langford	Texas Rangers,False
2024_topps_chrome_update,2024,Topps,Chrome Update,Home Field Advantage,,HFAC-33,Shota Imanaga,Chicago Cubs,Home Field Advantage	HFAC-33	Shota Imanaga	Chicago Cubs,False
2024_topps_chrome_update,2024,Topps,Chrome Update,Home Field Advantage,,HFAC-34,Jung Hoo Lee,San Francisco Giants,Home Field Advantage	HFAC-34	Jung Hoo Lee	San Francisco Giants,False
2024_topps_chrome_update,2024,Topps,Chrome Update,Home Field Advantage,,HFAC-35,Jackson Merrill,San Diego Padres,Home Field Advantage	HFAC-35	Jackson Merrill	San Diego Padres,False
2024_topps_chrome_update,2024,Topps,Chrome Update,Home Field Advantage,,HFAC-36,Junior Caminero,Tampa Bay Rays,Home Field Advantage	HFAC-36	Junior Caminero	Tampa Bay Rays,False
2024_topps_chrome_update,2024,Topps,Chrome Update,Home Field Advantage,,HFAC-37,Paul Skenes,Pittsburgh Pirates,Home Field Advantage	HFAC-37	Paul Skenes	Pittsburgh Pirates,False
2024_topps_chrome_update,2024,Topps,Chrome Update,Home Field Advantage,,HFAC-38,Shohei Ohtani,Los Angeles Dodgers,Home Field Advantage	HFAC-38	Shohei Ohtani	Los Angeles Dodgers,False
2024_topps_chrome_update,2024,Topps,Chrome Update,Home Field Advantage,,HFAC-39,Juan Soto,New York Yankees,Home Field Advantage	HFAC-39	Juan Soto	New York Yankees,False
2024_topps_chrome_update,2024,Topps,Chrome Update,Home Field Advantage,,HFAC-40,Matt Olson,Atlanta Braves,Home Field Advantage	HFAC-40	Matt Olson	Atlanta Braves,False
2024_topps_chrome_update,2024,Topps,Chrome Update,Image Variations,,USC8,Colt Keith,Detroit Tigers,Image Variations	USC8	Colt Keith	Detroit Tigers,False
2024_topps_chrome_update,2024,Topps,Chrome Update,Image Variations,,USC18,Jackson Chourio,Milwaukee Brewers,Image Variations	USC18	Jackson Chourio	Milwaukee Brewers,False
2024_topps_chrome_update,2024,Topps,Chrome Update,Image Variations,,USC20,Jordan Beck,Colorado Rockies,Image Variations	USC20	Jordan Beck	Colorado Rockies,False
2024_topps_chrome_update,2024,Topps,Chrome Update,Image Variations,,USC35,Wyatt Langford,Texas Rangers,Image Variations	USC35	Wyatt Langford	Texas Rangers,False
2024_topps_chrome_update,2024,Topps,Chrome Update,Image Variations,,USC48,Victor Scott II,St. Louis Cardinals,Image Variations	USC48	Victor Scott II	St. Louis Cardinals,False
2024_topps_chrome_update,2024,Topps,Chrome Update,Image Variations,,USC51,Jordan Lawlar,Arizona Diamondbacks,Image Variations	USC51	Jordan Lawlar	Arizona Diamondbacks,False
2024_topps_chrome_update,2024,Topps,Chrome Update,Image Variations,,USC67,Ben Brown,Chicago Cubs,Image Variations	USC67	Ben Brown	Chicago Cubs,False
2024_topps_chrome_update,2024,Topps,Chrome Update,Image Variations,,USC70,Jasson Domínguez,New York Yankees,Image Variations	USC70	Jasson Domínguez	New York Yankees,False
2024_topps_chrome_update,2024,Topps,Chrome Update,Image Variations,,USC88,Paul Skenes,Pittsburgh Pirates,Image Variations	USC88	Paul Skenes	Pittsburgh Pirates,False
2024_topps_chrome_update,2024,Topps,Chrome Update,Image Variations,,USC91,Noelvi Marte,Cincinnati Reds,Image Variations	USC91	Noelvi Marte	Cincinnati Reds,False
2024_topps_chrome_update,2024,Topps,Chrome Update,Image Variations,,USC105,Jack Leiter,Texas Rangers,Image Variations	USC105	Jack Leiter	Texas Rangers,False
2024_topps_chrome_update,2024,Topps,Chrome Update,Image Variations,,USC108,Yoshinobu Yamamoto,Los Angeles Dodgers,Image Variations	USC108	Yoshinobu Yamamoto	Los Angeles Dodgers,False
2024_topps_chrome_update,2024,Topps,Chrome Update,Image Variations,,USC120,Heston Kjerstad,Baltimore Orioles,Image Variations	USC120	Heston Kjerstad	Baltimore Orioles,False
2024_topps_chrome_update,2024,Topps,Chrome Update,Image Variations,,USC143,Jared Jones,Pittsburgh Pirates,Image Variations	USC143	Jared Jones	Pittsburgh Pirates,False
2024_topps_chrome_update,2024,Topps,Chrome Update,Image Variations,,USC147,Jonatan Clase,Toronto Blue Jays,Image Variations	USC147	Jonatan Clase	Toronto Blue Jays,False
2024_topps_chrome_update,2024,Topps,Chrome Update,Image Variations,,USC148,Andy Pages,Los Angeles Dodgers,Image Variations	USC148	Andy Pages	Los Angeles Dodgers,False
2024_topps_chrome_update,2024,Topps,Chrome Update,Image Variations,,USC150,Elly De La Cruz,Cincinnati Reds,Image Variations	USC150	Elly De La Cruz	Cincinnati Reds,False
2024_topps_chrome_update,2024,Topps,Chrome Update,Image Variations,,USC153,Jackson Merrill,San Diego Padres,Image Variations	USC153	Jackson Merrill	San Diego Padres,False
2024_topps_chrome_update,2024,Topps,Chrome Update,Image Variations,,USC154,Colton Cowser,Baltimore Orioles,Image Variations	USC154	Colton Cowser	Baltimore Orioles,False
2024_topps_chrome_update,2024,Topps,Chrome Update,Image Variations,,USC158,Pete Crow-Armstrong,Chicago Cubs,Image Variations	USC158	Pete Crow-Armstrong	Chicago Cubs,False
2024_topps_chrome_update,2024,Topps,Chrome Update,Image Variations,,USC174,Tyler Black,Milwaukee Brewers,Image Variations	USC174	Tyler Black	Milwaukee Brewers,False
2024_topps_chrome_update,2024,Topps,Chrome Update,Image Variations,,USC185,Jung HOO Lee,San Francisco Giants,Image Variations	USC185	Jung HOO Lee	San Francisco Giants,False
2024_topps_chrome_update,2024,Topps,Chrome Update,Image Variations,,USC195,Joey Loperfido,Toronto Blue Jays,Image Variations	USC195	Joey Loperfido	Toronto Blue Jays,False
2024_topps_chrome_update,2024,Topps,Chrome Update,Image Variations,,USC199,Evan Carter,Texas Rangers,Image Variations	USC199	Evan Carter	Texas Rangers,False
2024_topps_chrome_update,2024,Topps,Chrome Update,Image Variations,,USC200,Jackson Holliday,Baltimore Orioles,Image Variations	USC200	Jackson Holliday	Baltimore Orioles,False
2024_topps_chrome_update,2024,Topps,Chrome Update,Let's Go! Chrome,,LGC-46,Paul Skenes,Pittsburgh Pirates,Let's Go! Chrome	LGC-46	Paul Skenes	Pittsburgh Pirates,False
2024_topps_chrome_update,2024,Topps,Chrome Update,Let's Go! Chrome,,LGC-47,Wyatt Langford,Texas Rangers,Let's Go! Chrome	LGC-47	Wyatt Langford	Texas Rangers,False
2024_topps_chrome_update,2024,Topps,Chrome Update,Let's Go! Chrome,,LGC-48,Jackson Chourio,Milwaukee Brewers,Let's Go! Chrome	LGC-48	Jackson Chourio	Milwaukee Brewers,False
2024_topps_chrome_update,2024,Topps,Chrome Update,Let's Go! Chrome,,LGC-49,Yoshinobu Yamamoto,Los Angeles Dodgers,Let's Go! Chrome	LGC-49	Yoshinobu Yamamoto	Los Angeles Dodgers,False
2024_topps_chrome_update,2024,Topps,Chrome Update,Let's Go! Chrome,,LGC-50,Jackson Holliday,Baltimore Orioles,Let's Go! Chrome	LGC-50	Jackson Holliday	Baltimore Orioles,False
2024_topps_chrome_update,2024,Topps,Chrome Update,Let's Go! Chrome,,LGC-51,Gunnar Henderson,Baltimore Orioles,Let's Go! Chrome	LGC-51	Gunnar Henderson	Baltimore Orioles,False
2024_topps_chrome_update,2024,Topps,Chrome Update,Let's Go! Chrome,,LGC-52,Vladimir Guerrero Jr.,Toronto Blue Jays,Let's Go! Chrome	LGC-52	Vladimir Guerrero Jr.	Toronto Blue Jays,False
2024_topps_chrome_update,2024,Topps,Chrome Update,Let's Go! Chrome,,LGC-53,Clayton Kershaw,Los Angeles Dodgers,Let's Go! Chrome	LGC-53	Clayton Kershaw	Los Angeles Dodgers,False
2024_topps_chrome_update,2024,Topps,Chrome Update,Let's Go! Chrome,,LGC-54,Jung Hoo Lee,San Francisco Giants,Let's Go! Chrome	LGC-54	Jung Hoo Lee	San Francisco Giants,False
2024_topps_chrome_update,2024,Topps,Chrome Update,Let's Go! Chrome,,LGC-55,Shota Imanaga,Chicago Cubs,Let's Go! Chrome	LGC-55	Shota Imanaga	Chicago Cubs,False
2024_topps_chrome_update,2024,Topps,Chrome Update,Let's Go! Chrome,,LGC-56,Jackson Merrill,San Diego Padres,Let's Go! Chrome	LGC-56	Jackson Merrill	San Diego Padres,False
2024_topps_chrome_update,2024,Topps,Chrome Update,Let's Go! Chrome,,LGC-57,Tyler Black,Milwaukee Brewers,Let's Go! Chrome	LGC-57	Tyler Black	Milwaukee Brewers,False
2024_topps_chrome_update,2024,Topps,Chrome Update,Let's Go! Chrome,,LGC-58,Colt Keith,Detroit Tigers,Let's Go! Chrome	LGC-58	Colt Keith	Detroit Tigers,False
2024_topps_chrome_update,2024,Topps,Chrome Update,Let's Go! Chrome,,LGC-59,Andy Pages,Los Angeles Dodgers,Let's Go! Chrome	LGC-59	Andy Pages	Los Angeles Dodgers,False
2024_topps_chrome_update,2024,Topps,Chrome Update,Let's Go! Chrome,,LGC-60,Josh Jung,Texas Rangers,Let's Go! Chrome	LGC-60	Josh Jung	Texas Rangers,False
2024_topps_chrome_update,2024,Topps,Chrome Update,Major League Minis,,MM-1,Aaron Judge,New York Yankees,Major League Minis	MM-1	Aaron Judge	New York Yankees,False
2024_topps_chrome_update,2024,Topps,Chrome Update,Major League Minis,,MM-2,Juan Soto,New York Yankees,Major League Minis	MM-2	Juan Soto	New York Yankees,False
2024_topps_chrome_update,2024,Topps,Chrome Update,Major League Minis,,MM-3,Shohei Ohtani,Los Angeles Dodgers,Major League Minis	MM-3	Shohei Ohtani	Los Angeles Dodgers,False
2024_topps_chrome_update,2024,Topps,Chrome Update,Major League Minis,,MM-4,Vladimir Guerrero Jr.,Toronto Blue Jays,Major League Minis	MM-4	Vladimir Guerrero Jr.	Toronto Blue Jays,False
2024_topps_chrome_update,2024,Topps,Chrome Update,Major League Minis,,MM-5,Mike Trout,Los Angeles Angels,Major League Minis	MM-5	Mike Trout	Los Angeles Angels,False
2024_topps_chrome_update,2024,Topps,Chrome Update,Major League Minis,,MM-6,Jackson Holliday,Baltimore Orioles,Major League Minis	MM-6	Jackson Holliday	Baltimore Orioles,False
2024_topps_chrome_update,2024,Topps,Chrome Update,Major League Minis,,MM-7,Jackson Chourio,Milwaukee Brewers,Major League Minis	MM-7	Jackson Chourio	Milwaukee Brewers,False
2024_topps_chrome_update,2024,Topps,Chrome Update,Major League Minis,,MM-8,Jasson Domínguez,New York Yankees,Major League Minis	MM-8	Jasson Domínguez	New York Yankees,False
2024_topps_chrome_update,2024,Topps,Chrome Update,Major League Minis,,MM-9,Elly De La Cruz,Cincinnati Reds,Major League Minis	MM-9	Elly De La Cruz	Cincinnati Reds,False
2024_topps_chrome_update,2024,Topps,Chrome Update,Major League Minis,,MM-10,Evan Carter,Texas Rangers,Major League Minis	MM-10	Evan Carter	Texas Rangers,False
2024_topps_chrome_update,2024,Topps,Chrome Update,Major League Minis,,MM-11,Wyatt Langford,Texas Rangers,Major League Minis	MM-11	Wyatt Langford	Texas Rangers,False
2024_topps_chrome_update,2024,Topps,Chrome Update,Major League Minis,,MM-12,Pete Crow-Armstrong,Chicago Cubs,Major League Minis	MM-12	Pete Crow-Armstrong	Chicago Cubs,False
2024_topps_chrome_update,2024,Topps,Chrome Update,Major League Minis,,MM-13,Ronald Acuña Jr.,Atlanta Braves,Major League Minis	MM-13	Ronald Acuña Jr.	Atlanta Braves,False
2024_topps_chrome_update,2024,Topps,Chrome Update,Major League Minis,,MM-14,Julio Rodríguez,Seattle Mariners,Major League Minis	MM-14	Julio Rodríguez	Seattle Mariners,False
2024_topps_chrome_update,2024,Topps,Chrome Update,Major League Minis,,MM-15,Bryce Harper,Philadelphia Phillies,Major League Minis	MM-15	Bryce Harper	Philadelphia Phillies,False
2024_topps_chrome_update,2024,Topps,Chrome Update,MLB Debut Patch Autographs,,RDPA-AA,Andrew Abbott,Cincinnati Reds	1/1,MLB Debut Patch Autographs	RDPA-AA	Andrew Abbott	Cincinnati Reds	1/1,False
2024_topps_chrome_update,2024,Topps,Chrome Update,MLB Debut Patch Autographs,,RDPA-AB,Addison Barger,Toronto Blue Jays	1/1,MLB Debut Patch Autographs	RDPA-AB	Addison Barger	Toronto Blue Jays	1/1,False
2024_topps_chrome_update,2024,Topps,Chrome Update,MLB Debut Patch Autographs,,RDPA-AC,Alexander Canario,Chicago Cubs	1/1,MLB Debut Patch Autographs	RDPA-AC	Alexander Canario	Chicago Cubs	1/1,False
2024_topps_chrome_update,2024,Topps,Chrome Update,MLB Debut Patch Autographs,,RDPA-AF,Angel Felipe,Oakland Athletics	1/1,MLB Debut Patch Autographs	RDPA-AF	Angel Felipe	Oakland Athletics	1/1,False
2024_topps_chrome_update,2024,Topps,Chrome Update,MLB Debut Patch Autographs,,RDPA-AJ,Alek Jacob,San Diego Padres	1/1,MLB Debut Patch Autographs	RDPA-AJ	Alek Jacob	San Diego Padres	1/1,False
2024_topps_chrome_update,2024,Topps,Chrome Update,MLB Debut Patch Autographs,,RDPA-AJS,AJ Smith-Shawver,Atlanta Braves	1/1,MLB Debut Patch Autographs	RDPA-AJS	AJ Smith-Shawver	Atlanta Braves	1/1,False
2024_topps_chrome_update,2024,Topps,Chrome Update,MLB Debut Patch Autographs,,RDPA-AL,Andre Lipcius,Detroit Tigers	1/1,MLB Debut Patch Autographs	RDPA-AL	Andre Lipcius	Detroit Tigers	1/1,False
2024_topps_chrome_update,2024,Topps,Chrome Update,MLB Debut Patch Autographs,,RDPA-AM,Anthony Maldonado,Miami Marlins	1/1,MLB Debut Patch Autographs	RDPA-AM	Anthony Maldonado	Miami Marlins	1/1,False
2024_topps_chrome_update,2024,Topps,Chrome Update,MLB Debut Patch Autographs,,RDPA-AM,Alec Marsh,Kansas City Royals	1/1,MLB Debut Patch Autographs	RDPA-AM	Alec Marsh	Kansas City Royals	1/1,False
2024_topps_chrome_update,2024,Topps,Chrome Update,MLB Debut Patch Autographs,,RDPA-AMA,Austin Martin,Minnesota Twins	1/1,MLB Debut Patch Autographs	RDPA-AMA	Austin Martin	Minnesota Twins	1/1,False
2024_topps_chrome_update,2024,Topps,Chrome Update,MLB Debut Patch Autographs,,RDPA-AMO,Anthony Molina,Colorado Rockies	1/1,MLB Debut Patch Autographs	RDPA-AMO	Anthony Molina	Colorado Rockies	1/1,False
2024_topps_chrome_update,2024,Topps,Chrome Update,MLB Debut Patch Autographs,,RDPA-AP,Andy Pages,Los Angeles Dodgers	1/1,MLB Debut Patch Autographs	RDPA-AP	Andy Pages	Los Angeles Dodgers	1/1,False
2024_topps_chrome_update,2024,Topps,Chrome Update,MLB Debut Patch Autographs,,RDPA-AS,Austin Shenton,Tampa Bay Rays	1/1,MLB Debut Patch Autographs	RDPA-AS	Austin Shenton	Tampa Bay Rays	1/1,False
2024_topps_chrome_update,2024,Topps,Chrome Update,MLB Debut Patch Autographs,,RDPA-AS,Andrew Saalfrank,Arizona Diamondbacks	1/1,MLB Debut Patch Autographs	RDPA-AS	Andrew Saalfrank	Arizona Diamondbacks	1/1,False
2024_topps_chrome_update,2024,Topps,Chrome Update,MLB Debut Patch Autographs,,RDPA-ASP,Alex Speas,Texas Rangers	1/1,MLB Debut Patch Autographs	RDPA-ASP	Alex Speas	Texas Rangers	1/1,False
2024_topps_chrome_update,2024,Topps,Chrome Update,MLB Debut Patch Autographs,,RDPA-AU,Abner Uribe,Milwaukee Brewers	1/1,MLB Debut Patch Autographs	RDPA-AU	Abner Uribe	Milwaukee Brewers	1/1,False
2024_topps_chrome_update,2024,Topps,Chrome Update,MLB Debut Patch Autographs,,RDPA-AV,Anthony Veneziano,Kansas City Royals	1/1,MLB Debut Patch Autographs	RDPA-AV	Anthony Veneziano	Kansas City Royals	1/1,False
2024_topps_chrome_update,2024,Topps,Chrome Update,MLB Debut Patch Autographs,,RDPA-AW,Austin Wells,New York Yankees	1/1,MLB Debut Patch Autographs	RDPA-AW	Austin Wells	New York Yankees	1/1,False
2024_topps_chrome_update,2024,Topps,Chrome Update,MLB Debut Patch Autographs,,RDPA-AWI,Amos Willingham,Washington Nationals	1/1,MLB Debut Patch Autographs	RDPA-AWI	Amos Willingham	Washington Nationals	1/1,False
2024_topps_chrome_update,2024,Topps,Chrome Update,MLB Debut Patch Autographs,,RDPA-AWL,Alika Williams,Pittsburgh Pirates	1/1,MLB Debut Patch Autographs	RDPA-AWL	Alika Williams	Pittsburgh Pirates	1/1,False
2024_topps_chrome_update,2024,Topps,Chrome Update,MLB Debut Patch Autographs,,RDPA-AWS,Allan Winans,Atlanta Braves	1/1,MLB Debut Patch Autographs	RDPA-AWS	Allan Winans	Atlanta Braves	1/1,False
2024_topps_chrome_update,2024,Topps,Chrome Update,MLB Debut Patch Autographs,,RDPA-BA,Blaze Alexander,Arizona Diamondbacks	1/1,MLB Debut Patch Autographs	RDPA-BA	Blaze Alexander	Arizona Diamondbacks	1/1,False
2024_topps_chrome_update,2024,Topps,Chrome Update,MLB Debut Patch Autographs,,RDPA-BB,Ben Brown,Chicago Cubs	1/1,MLB Debut Patch Autographs	RDPA-BB	Ben Brown	Chicago Cubs	1/1,False
2024_topps_chrome_update,2024,Topps,Chrome Update,MLB Debut Patch Autographs,,RDPA-BH,Brett Harris,Oakland Athletics	1/1,MLB Debut Patch Autographs	RDPA-BH	Brett Harris	Oakland Athletics	1/1,False
2024_topps_chrome_update,2024,Topps,Chrome Update,MLB Debut Patch Autographs,,RDPA-BH,Brenan Hanifee,Detroit Tigers	1/1,MLB Debut Patch Autographs	RDPA-BH	Brenan Hanifee	Detroit Tigers	1/1,False
2024_topps_chrome_update,2024,Topps,Chrome Update,MLB Debut Patch Autographs,,RDPA-BHE,Blair Henley,Houston Astros	1/1,MLB Debut Patch Autographs	RDPA-BHE	Blair Henley	Houston Astros	1/1,False
2024_topps_chrome_update,2024,Topps,Chrome Update,MLB Debut Patch Autographs,,RDPA-BHU,Bryan Hudson,Los Angeles Dodgers	1/1,MLB Debut Patch Autographs	RDPA-BHU	Bryan Hudson	Los Angeles Dodgers	1/1,False
2024_topps_chrome_update,2024,Topps,Chrome Update,MLB Debut Patch Autographs,,RDPA-BJ,Bryce Jarvis,Arizona Diamondbacks	1/1,MLB Debut Patch Autographs	RDPA-BJ	Bryce Jarvis	Arizona Diamondbacks	1/1,False
2024_topps_chrome_update,2024,Topps,Chrome Update,MLB Debut Patch Autographs,,RDPA-BR,Bryan Ramos,Chicago White Sox	1/1,MLB Debut Patch Autographs	RDPA-BR	Bryan Ramos	Chicago White Sox	1/1,False
2024_topps_chrome_update,2024,Topps,Chrome Update,MLB Debut Patch Autographs,,RDPA-BW,Blake Walston,Arizona Diamondbacks	1/1,MLB Debut Patch Autographs	RDPA-BW	Blake Walston	Arizona Diamondbacks	1/1,False
2024_topps_chrome_update,2024,Topps,Chrome Update,MLB Debut Patch Autographs,,RDPA-BW,Brandon Walter,Boston Red Sox	1/1,MLB Debut Patch Autographs	RDPA-BW	Brandon Walter	Boston Red Sox	1/1,False
2024_topps_chrome_update,2024,Topps,Chrome Update,MLB Debut Patch Autographs,,RDPA-BWH,Brendan White,Detroit Tigers	1/1,MLB Debut Patch Autographs	RDPA-BWH	Brendan White	Detroit Tigers	1/1,False
2024_topps_chrome_update,2024,Topps,Chrome Update,MLB Debut Patch Autographs,,RDPA-BWO,Bryan Woo,Seattle Mariners	1/1,MLB Debut Patch Autographs	RDPA-BWO	Bryan Woo	Seattle Mariners	1/1,False
2024_topps_chrome_update,2024,Topps,Chrome Update,MLB Debut Patch Autographs,,RDPA-CA,Clayton Andrews,Milwaukee Brewers	1/1,MLB Debut Patch Autographs	RDPA-CA	Clayton Andrews	Milwaukee Brewers	1/1,False
2024_topps_chrome_update,2024,Topps,Chrome Update,MLB Debut Patch Autographs,,RDPA-CB,Cam Booser,Boston Red Sox	1/1,MLB Debut Patch Autographs	RDPA-CB	Cam Booser	Boston Red Sox	1/1,False
2024_topps_chrome_update,2024,Topps,Chrome Update,MLB Debut Patch Autographs,,RDPA-CB,Caleb Boushley,Milwaukee Brewers	1/1,MLB Debut Patch Autographs	RDPA-CB	Caleb Boushley	Milwaukee Brewers	1/1,False
2024_topps_chrome_update,2024,Topps,Chrome Update,MLB Debut Patch Autographs,,RDPA-CBE,Clayton Beeter,New York Yankees	1/1,MLB Debut Patch Autographs	RDPA-CBE	Clayton Beeter	New York Yankees	1/1,False
2024_topps_chrome_update,2024,Topps,Chrome Update,MLB Debut Patch Autographs,,RDPA-CC,Colton Cowser,Baltimore Orioles	1/1,MLB Debut Patch Autographs	RDPA-CC	Colton Cowser	Baltimore Orioles	1/1,False
2024_topps_chrome_update,2024,Topps,Chrome Update,MLB Debut Patch Autographs,,RDPA-CE,Cam Eden,Toronto Blue Jays	1/1,MLB Debut Patch Autographs	RDPA-CE	Cam Eden	Toronto Blue Jays	1/1,False
2024_topps_chrome_update,2024,Topps,Chrome Update,MLB Debut Patch Autographs,,RDPA-CES,Christian Encarnacion-Stra,Cincinnati Reds	1/1,MLB Debut Patch Autographs	RDPA-CES	Christian Encarnacion-Stra	Cincinnati Reds	1/1,False
2024_topps_chrome_update,2024,Topps,Chrome Update,MLB Debut Patch Autographs,,RDPA-CK,Colt Keith,Detroit Tigers	1/1,MLB Debut Patch Autographs	RDPA-CK	Colt Keith	Detroit Tigers	1/1,False
2024_topps_chrome_update,2024,Topps,Chrome Update,MLB Debut Patch Autographs,,RDPA-CK,Connor Kaiser,Colorado Rockies	1/1,MLB Debut Patch Autographs	RDPA-CK	Connor Kaiser	Colorado Rockies	1/1,False
2024_topps_chrome_update,2024,Topps,Chrome Update,MLB Debut Patch Autographs,,RDPA-CM,Curtis Mead,Tampa Bay Rays	1/1,MLB Debut Patch Autographs	RDPA-CM	Curtis Mead	Tampa Bay Rays	1/1,False
2024_topps_chrome_update,2024,Topps,Chrome Update,MLB Debut Patch Autographs,,RDPA-CMA,Cade Marlowe,Seattle Mariners	1/1,MLB Debut Patch Autographs	RDPA-CMA	Cade Marlowe	Seattle Mariners	1/1,False
2024_topps_chrome_update,2024,Topps,Chrome Update,MLB Debut Patch Autographs,,RDPA-CML,Carmen Mlodzinski,Pittsburgh Pirates	1/1,MLB Debut Patch Autographs	RDPA-CML	Carmen Mlodzinski	Pittsburgh Pirates	1/1,False
2024_topps_chrome_update,2024,Topps,Chrome Update,MLB Debut Patch Autographs,,RDPA-CMO,Coco Montes,Colorado Rockies	1/1,MLB Debut Patch Autographs	RDPA-CMO	Coco Montes	Colorado Rockies	1/1,False
2024_topps_chrome_update,2024,Topps,Chrome Update,MLB Debut Patch Autographs,,RDPA-CMU,Chris Murphy,Boston Red Sox	1/1,MLB Debut Patch Autographs	RDPA-CMU	Chris Murphy	Boston Red Sox	1/1,False
2024_topps_chrome_update,2024,Topps,Chrome Update,MLB Debut Patch Autographs,,RDPA-CP,Connor Phillips,Cincinnati Reds	1/1,MLB Debut Patch Autographs	RDPA-CP	Connor Phillips	Cincinnati Reds	1/1,False
2024_topps_chrome_update,2024,Topps,Chrome Update,MLB Debut Patch Autographs,,RDPA-CR,Chris Roller,Milwaukee Brewers	1/1,MLB Debut Patch Autographs	RDPA-CR	Chris Roller	Milwaukee Brewers	1/1,False
2024_topps_chrome_update,2024,Topps,Chrome Update,MLB Debut Patch Autographs,,RDPA-CR,Ceddanne Rafaela,Boston Red Sox	1/1,MLB Debut Patch Autographs	RDPA-CR	Ceddanne Rafaela	Boston Red Sox	1/1,False
2024_topps_chrome_update,2024,Topps,Chrome Update,MLB Debut Patch Autographs,,RDPA-CRO,Chris Roycroft,St. Louis Cardinals	1/1,MLB Debut Patch Autographs	RDPA-CRO	Chris Roycroft	St. Louis Cardinals	1/1,False
2024_topps_chrome_update,2024,Topps,Chrome Update,MLB Debut Patch Autographs,,RDPA-CS,Christian Scott,New York Mets	1/1,MLB Debut Patch Autographs	RDPA-CS	Christian Scott	New York Mets	1/1,False
2024_topps_chrome_update,2024,Topps,Chrome Update,MLB Debut Patch Autographs,,RDPA-CS,Chandler Seagle,San Diego Padres	1/1,MLB Debut Patch Autographs	RDPA-CS	Chandler Seagle	San Diego Padres	1/1,False
2024_topps_chrome_update,2024,Topps,Chrome Update,MLB Debut Patch Autographs,,RDPA-CSE,Colin Selby,Pittsburgh Pirates	1/1,MLB Debut Patch Autographs	RDPA-CSE	Colin Selby	Pittsburgh Pirates	1/1,False
2024_topps_chrome_update,2024,Topps,Chrome Update,MLB Debut Patch Autographs,,RDPA-CSM,Cade Smith,Cleveland Guardians	1/1,MLB Debut Patch Autographs	RDPA-CSM	Cade Smith	Cleveland Guardians	1/1,False
2024_topps_chrome_update,2024,Topps,Chrome Update,MLB Debut Patch Autographs,,RDPA-CSP,Carson Spiers,Cincinnati Reds	1/1,MLB Debut Patch Autographs	RDPA-CSP	Carson Spiers	Cincinnati Reds	1/1,False
2024_topps_chrome_update,2024,Topps,Chrome Update,MLB Debut Patch Autographs,,RDPA-CV,Chris Vallimont,Baltimore Orioles	1/1,MLB Debut Patch Autographs	RDPA-CV	Chris Vallimont	Baltimore Orioles	1/1,False
2024_topps_chrome_update,2024,Topps,Chrome Update,MLB Debut Patch Autographs,,RDPA-CW,Cole Winn,Texas Rangers	1/1,MLB Debut Patch Autographs	RDPA-CW	Cole Winn	Texas Rangers	1/1,False
2024_topps_chrome_update,2024,Topps,Chrome Update,MLB Debut Patch Autographs,,RDPA-DB,David Banuelos,Baltimore Orioles	1/1,MLB Debut Patch Autographs	RDPA-DB	David Banuelos	Baltimore Orioles	1/1,False
2024_topps_chrome_update,2024,Topps,Chrome Update,MLB Debut Patch Autographs,,RDPA-DC,Declan Cronin,Chicago White Sox	1/1,MLB Debut Patch Autographs	RDPA-DC	Declan Cronin	Chicago White Sox	1/1,False
2024_topps_chrome_update,2024,Topps,Chrome Update,MLB Debut Patch Autographs,,RDPA-DCA,Dominic Canzone,Arizona Diamondbacks	1/1,MLB Debut Patch Autographs	RDPA-DCA	Dominic Canzone	Arizona Diamondbacks	1/1,False
2024_topps_chrome_update,2024,Topps,Chrome Update,MLB Debut Patch Autographs,,RDPA-DD,Davis Daniel,Los Angeles Angels	1/1,MLB Debut Patch Autographs	RDPA-DD	Davis Daniel	Los Angeles Angels	1/1,False
2024_topps_chrome_update,2024,Topps,Chrome Update,MLB Debut Patch Autographs,,RDPA-DH,Darell Hernaiz,Oakland Athletics	1/1,MLB Debut Patch Autographs	RDPA-DH	Darell Hernaiz	Oakland Athletics	1/1,False
2024_topps_chrome_update,2024,Topps,Chrome Update,MLB Debut Patch Autographs,,RDPA-DH,Daysbel Hernández,Atlanta Braves	1/1,MLB Debut Patch Autographs	RDPA-DH	Daysbel Hernández	Atlanta Braves	1/1,False
2024_topps_chrome_update,2024,Topps,Chrome Update,MLB Debut Patch Autographs,,RDPA-DHA,David Hamilton,Boston Red Sox	1/1,MLB Debut Patch Autographs	RDPA-DHA	David Hamilton	Boston Red Sox	1/1,False
2024_topps_chrome_update,2024,Topps,Chrome Update,MLB Debut Patch Autographs,,RDPA-DM,Drew Millas,Washington Nationals	1/1,MLB Debut Patch Autographs	RDPA-DM	Drew Millas	Washington Nationals	1/1,False
2024_topps_chrome_update,2024,Topps,Chrome Update,MLB Debut Patch Autographs,,RDPA-DMY,Dane Myers,Miami Marlins	1/1,MLB Debut Patch Autographs	RDPA-DMY	Dane Myers	Miami Marlins	1/1,False
2024_topps_chrome_update,2024,Topps,Chrome Update,MLB Debut Patch Autographs,,RDPA-DN,Dedniel Núñez,New York Mets	1/1,MLB Debut Patch Autographs	RDPA-DN	Dedniel Núñez	New York Mets	1/1,False
2024_topps_chrome_update,2024,Topps,Chrome Update,MLB Debut Patch Autographs,,RDPA-DP,Daniel Palencia,Chicago Cubs	1/1,MLB Debut Patch Autographs	RDPA-DP	Daniel Palencia	Chicago Cubs	1/1,False
2024_topps_chrome_update,2024,Topps,Chrome Update,MLB Debut Patch Autographs,,RDPA-DR,Drew Rom,St. Louis Cardinals	1/1,MLB Debut Patch Autographs	RDPA-DR	Drew Rom	St. Louis Cardinals	1/1,False
2024_topps_chrome_update,2024,Topps,Chrome Update,MLB Debut Patch Autographs,,RDPA-DS,Davis Schneider,Toronto Blue Jays	1/1,MLB Debut Patch Autographs	RDPA-DS	Davis Schneider	Toronto Blue Jays	1/1,False
2024_topps_chrome_update,2024,Topps,Chrome Update,MLB Debut Patch Autographs,,RDPA-DSW,Devin Sweet,Seattle Mariners	1/1,MLB Debut Patch Autographs	RDPA-DSW	Devin Sweet	Seattle Mariners	1/1,False
2024_topps_chrome_update,2024,Topps,Chrome Update,MLB Debut Patch Autographs,,RDPA-DV,Darius Vines,Atlanta Braves	1/1,MLB Debut Patch Autographs	RDPA-DV	Darius Vines	Atlanta Braves	1/1,False
2024_topps_chrome_update,2024,Topps,Chrome Update,MLB Debut Patch Autographs,,RDPA-DW,Davis Wendzel,Texas Rangers	1/1,MLB Debut Patch Autographs	RDPA-DW	Davis Wendzel	Texas Rangers	1/1,False
2024_topps_chrome_update,2024,Topps,Chrome Update,MLB Debut Patch Autographs,,RDPA-EC,Evan Carter,Texas Rangers	1/1,MLB Debut Patch Autographs	RDPA-EC	Evan Carter	Texas Rangers	1/1,False
2024_topps_chrome_update,2024,Topps,Chrome Update,MLB Debut Patch Autographs,,RDPA-ED,Enmanuel De Jesus,Miami Marlins	1/1,MLB Debut Patch Autographs	RDPA-ED	Enmanuel De Jesus	Miami Marlins	1/1,False
2024_topps_chrome_update,2024,Topps,Chrome Update,MLB Debut Patch Autographs,,RDPA-EDLC,Elly De La Cruz,Cincinnati Reds	1/1,MLB Debut Patch Autographs	RDPA-EDLC	Elly De La Cruz	Cincinnati Reds	1/1,False
2024_topps_chrome_update,2024,Topps,Chrome Update,MLB Debut Patch Autographs,,RDPA-EH,Emerson Hancock,Seattle Mariners	1/1,MLB Debut Patch Autographs	RDPA-EH	Emerson Hancock	Seattle Mariners	1/1,False
2024_topps_chrome_update,2024,Topps,Chrome Update,MLB Debut Patch Autographs,,RDPA-EJ,Evan Justice,Colorado Rockies	1/1,MLB Debut Patch Autographs	RDPA-EJ	Evan Justice	Colorado Rockies	1/1,False
2024_topps_chrome_update,2024,Topps,Chrome Update,MLB Debut Patch Autographs,,RDPA-EL,Easton Lucas,Oakland Athletics	1/1,MLB Debut Patch Autographs	RDPA-EL	Easton Lucas	Oakland Athletics	1/1,False
2024_topps_chrome_update,2024,Topps,Chrome Update,MLB Debut Patch Autographs,,RDPA-EM,Erik Miller,San Francisco Giants	1/1,MLB Debut Patch Autographs	RDPA-EM	Erik Miller	San Francisco Giants	1/1,False
2024_topps_chrome_update,2024,Topps,Chrome Update,MLB Debut Patch Autographs,,RDPA-EN,Edgar Navarro,Chicago White Sox	1/1,MLB Debut Patch Autographs	RDPA-EN	Edgar Navarro	Chicago White Sox	1/1,False
2024_topps_chrome_update,2024,Topps,Chrome Update,MLB Debut Patch Autographs,,RDPA-EP,Everson Pereira,New York Yankees	1/1,MLB Debut Patch Autographs	RDPA-EP	Everson Pereira	New York Yankees	1/1,False
2024_topps_chrome_update,2024,Topps,Chrome Update,MLB Debut Patch Autographs,,RDPA-ER,Emmanuel Ramirez,Miami Marlins	1/1,MLB Debut Patch Autographs	RDPA-ER	Emmanuel Ramirez	Miami Marlins	1/1,False
2024_topps_chrome_update,2024,Topps,Chrome Update,MLB Debut Patch Autographs,,RDPA-ER,Endy Rodríguez,Pittsburgh Pirates	1/1,MLB Debut Patch Autographs	RDPA-ER	Endy Rodríguez	Pittsburgh Pirates	1/1,False
2024_topps_chrome_update,2024,Topps,Chrome Update,MLB Debut Patch Autographs,,RDPA-ES,Emmet Sheehan,Los Angeles Dodgers	1/1,MLB Debut Patch Autographs	RDPA-ES	Emmet Sheehan	Los Angeles Dodgers	1/1,False
2024_topps_chrome_update,2024,Topps,Chrome Update,MLB Debut Patch Autographs,,RDPA-EV,Eli Villalobos,Miami Marlins	1/1,MLB Debut Patch Autographs	RDPA-EV	Eli Villalobos	Miami Marlins	1/1,False
2024_topps_chrome_update,2024,Topps,Chrome Update,MLB Debut Patch Autographs,,RDPA-FW,Forrest Whitley,Houston Astros	1/1,MLB Debut Patch Autographs	RDPA-FW	Forrest Whitley	Houston Astros	1/1,False
2024_topps_chrome_update,2024,Topps,Chrome Update,MLB Debut Patch Autographs,,RDPA-FW,Forrest Wall,Atlanta Braves	1/1,MLB Debut Patch Autographs	RDPA-FW	Forrest Wall	Atlanta Braves	1/1,False
2024_topps_chrome_update,2024,Topps,Chrome Update,MLB Debut Patch Autographs,,RDPA-GH,Grant Hartwig,New York Mets	1/1,MLB Debut Patch Autographs	RDPA-GH	Grant Hartwig	New York Mets	1/1,False
2024_topps_chrome_update,2024,Topps,Chrome Update,MLB Debut Patch Autographs,,RDPA-GK,Grae Kessinger,Houston Astros	1/1,MLB Debut Patch Autographs	RDPA-GK	Grae Kessinger	Houston Astros	1/1,False
2024_topps_chrome_update,2024,Topps,Chrome Update,MLB Debut Patch Autographs,,RDPA-GP,Graham Pauley,San Diego Padres	1/1,MLB Debut Patch Autographs	RDPA-GP	Graham Pauley	San Diego Padres	1/1,False
2024_topps_chrome_update,2024,Topps,Chrome Update,MLB Debut Patch Autographs,,RDPA-GW,Gavin Williams,Cleveland Guardians	1/1,MLB Debut Patch Autographs	RDPA-GW	Gavin Williams	Cleveland Guardians	1/1,False
2024_topps_chrome_update,2024,Topps,Chrome Update,MLB Debut Patch Autographs,,RDPA-HAD,Henry Davis,Pittsburgh Pirates	1/1,MLB Debut Patch Autographs	RDPA-HAD	Henry Davis	Pittsburgh Pirates	1/1,False
2024_topps_chrome_update,2024,Topps,Chrome Update,MLB Debut Patch Autographs,,RDPA-HD,Hagen Danner,Toronto Blue Jays	1/1,MLB Debut Patch Autographs	RDPA-HD	Hagen Danner	Toronto Blue Jays	1/1,False
2024_topps_chrome_update,2024,Topps,Chrome Update,MLB Debut Patch Autographs,,RDPA-HG,Hunter Goodman,Colorado Rockies	1/1,MLB Debut Patch Autographs	RDPA-HG	Hunter Goodman	Colorado Rockies	1/1,False
2024_topps_chrome_update,2024,Topps,Chrome Update,MLB Debut Patch Autographs,,RDPA-HK,Heston Kjerstad,Baltimore Orioles	1/1,MLB Debut Patch Autographs	RDPA-HK	Heston Kjerstad	Baltimore Orioles	1/1,False
2024_topps_chrome_update,2024,Topps,Chrome Update,MLB Debut Patch Autographs,,RDPA-HS,Hunter Stratton,Pittsburgh Pirates	1/1,MLB Debut Patch Autographs	RDPA-HS	Hunter Stratton	Pittsburgh Pirates	1/1,False
2024_topps_chrome_update,2024,Topps,Chrome Update,MLB Debut Patch Autographs,,RDPA-IC,Isaiah Campbell,Seattle Mariners	1/1,MLB Debut Patch Autographs	RDPA-IC	Isaiah Campbell	Seattle Mariners	1/1,False
2024_topps_chrome_update,2024,Topps,Chrome Update,MLB Debut Patch Autographs,,RDPA-IL,Irving Lopez,St. Louis Cardinals	1/1,MLB Debut Patch Autographs	RDPA-IL	Irving Lopez	St. Louis Cardinals	1/1,False
2024_topps_chrome_update,2024,Topps,Chrome Update,MLB Debut Patch Autographs,,RDPA-JA,Jordyn Adams,Los Angeles Angels	1/1,MLB Debut Patch Autographs	RDPA-JA	Jordyn Adams	Los Angeles Angels	1/1,False
2024_topps_chrome_update,2024,Topps,Chrome Update,MLB Debut Patch Autographs,,RDPA-JAM,Jacob Amaya,Miami Marlins	1/1,MLB Debut Patch Autographs	RDPA-JAM	Jacob Amaya	Miami Marlins	1/1,False
2024_topps_chrome_update,2024,Topps,Chrome Update,MLB Debut Patch Autographs,,RDPA-JB,Jordan Beck,Colorado Rockies	1/1,MLB Debut Patch Autographs	RDPA-JB	Jordan Beck	Colorado Rockies	1/1,False
2024_topps_chrome_update,2024,Topps,Chrome Update,MLB Debut Patch Autographs,,RDPA-JB,Jonathan Bowlan,Kansas City Royals	1/1,MLB Debut Patch Autographs	RDPA-JB	Jonathan Bowlan	Kansas City Royals	1/1,False
2024_topps_chrome_update,2024,Topps,Chrome Update,MLB Debut Patch Autographs,,RDPA-JBA,Jorge Barrosa,Arizona Diamondbacks	1/1,MLB Debut Patch Autographs	RDPA-JBA	Jorge Barrosa	Arizona Diamondbacks	1/1,False
2024_topps_chrome_update,2024,Topps,Chrome Update,MLB Debut Patch Autographs,,RDPA-JBA,Jordan Balazovic,Minnesota Twins	1/1,MLB Debut Patch Autographs	RDPA-JBA	Jordan Balazovic	Minnesota Twins	1/1,False
2024_topps_chrome_update,2024,Topps,Chrome Update,MLB Debut Patch Autographs,,RDPA-JBO,Joey Boyle,Oakland Athletics	1/1,MLB Debut Patch Autographs	RDPA-JBO	Joey Boyle	Oakland Athletics	1/1,False
2024_topps_chrome_update,2024,Topps,Chrome Update,MLB Debut Patch Autographs,,RDPA-JC,Jonathan Cannon,Chicago White Sox	1/1,MLB Debut Patch Autographs	RDPA-JC	Jonathan Cannon	Chicago White Sox	1/1,False
2024_topps_chrome_update,2024,Topps,Chrome Update,MLB Debut Patch Autographs,,RDPA-JC,Junior Caminero,Tampa Bay Rays	1/1,MLB Debut Patch Autographs	RDPA-JC	Junior Caminero	Tampa Bay Rays	1/1,False
2024_topps_chrome_update,2024,Topps,Chrome Update,MLB Debut Patch Autographs,,RDPA-JCA,Jair Camargo,Minnesota Twins	1/1,MLB Debut Patch Autographs	RDPA-JCA	Jair Camargo	Minnesota Twins	1/1,False
2024_topps_chrome_update,2024,Topps,Chrome Update,MLB Debut Patch Autographs,,RDPA-JCH,Jackson Chourio,Milwaukee Brewers	1/1,MLB Debut Patch Autographs	RDPA-JCH	Jackson Chourio	Milwaukee Brewers	1/1,False
2024_topps_chrome_update,2024,Topps,Chrome Update,MLB Debut Patch Autographs,,RDPA-JCL,Jonatan Clase,Seattle Mariners	1/1,MLB Debut Patch Autographs	RDPA-JCL	Jonatan Clase	Seattle Mariners	1/1,False
2024_topps_chrome_update,2024,Topps,Chrome Update,MLB Debut Patch Autographs,,RDPA-JD,Jasson Domínguez,New York Yankees	1/1,MLB Debut Patch Autographs	RDPA-JD	Jasson Domínguez	New York Yankees	1/1,False
2024_topps_chrome_update,2024,Topps,Chrome Update,MLB Debut Patch Autographs,,RDPA-JDE,Jonny Deluca,Los Angeles Dodgers	1/1,MLB Debut Patch Autographs	RDPA-JDE	Jonny Deluca	Los Angeles Dodgers	1/1,False
2024_topps_chrome_update,2024,Topps,Chrome Update,MLB Debut Patch Autographs,,RDPA-JE,Jose Espada,San Diego Padres	1/1,MLB Debut Patch Autographs	RDPA-JE	Jose Espada	San Diego Padres	1/1,False
2024_topps_chrome_update,2024,Topps,Chrome Update,MLB Debut Patch Autographs,,RDPA-JES,Joey Estes,Oakland Athletics	1/1,MLB Debut Patch Autographs	RDPA-JES	Joey Estes	Oakland Athletics	1/1,False
2024_topps_chrome_update,2024,Topps,Chrome Update,MLB Debut Patch Autographs,,RDPA-JF,Justin Foscue,Texas Rangers	1/1,MLB Debut Patch Autographs	RDPA-JF	Justin Foscue	Texas Rangers	1/1,False
2024_topps_chrome_update,2024,Topps,Chrome Update,MLB Debut Patch Autographs,,RDPA-JF,José Fermín,St. Louis Cardinals	1/1,MLB Debut Patch Autographs	RDPA-JF	José Fermín	St. Louis Cardinals	1/1,False
2024_topps_chrome_update,2024,Topps,Chrome Update,MLB Debut Patch Autographs,,RDPA-JFE,Jose Ferrer,Washington Nationals	1/1,MLB Debut Patch Autographs	RDPA-JFE	Jose Ferrer	Washington Nationals	1/1,False
2024_topps_chrome_update,2024,Topps,Chrome Update,MLB Debut Patch Autographs,,RDPA-JH,Jacob Hurtubise,Cincinnati Reds	1/1,MLB Debut Patch Autographs	RDPA-JH	Jacob Hurtubise	Cincinnati Reds	1/1,False
2024_topps_chrome_update,2024,Topps,Chrome Update,MLB Debut Patch Autographs,,RDPA-JHL,Jung Hoo Lee,San Francisco Giants	1/1,MLB Debut Patch Autographs	RDPA-JHL	Jung Hoo Lee	San Francisco Giants	1/1,False
2024_topps_chrome_update,2024,Topps,Chrome Update,MLB Debut Patch Autographs,,RDPA-JHO,Jackson Holliday,Baltimore Orioles	1/1,MLB Debut Patch Autographs	RDPA-JHO	Jackson Holliday	Baltimore Orioles	1/1,False
2024_topps_chrome_update,2024,Topps,Chrome Update,MLB Debut Patch Autographs,,RDPA-JJ,Jared Jones,Pittsburgh Pirates	1/1,MLB Debut Patch Autographs	RDPA-JJ	Jared Jones	Pittsburgh Pirates	1/1,False
2024_topps_chrome_update,2024,Topps,Chrome Update,MLB Debut Patch Autographs,,RDPA-JJ,Joe Jacques,Boston Red Sox	1/1,MLB Debut Patch Autographs	RDPA-JJ	Joe Jacques	Boston Red Sox	1/1,False
2024_topps_chrome_update,2024,Topps,Chrome Update,MLB Debut Patch Autographs,,RDPA-JL,Joey Loperfido,Houston Astros	1/1,MLB Debut Patch Autographs	RDPA-JL	Joey Loperfido	Houston Astros	1/1,False
2024_topps_chrome_update,2024,Topps,Chrome Update,MLB Debut Patch Autographs,,RDPA-JL,Jordan Lawlar,Arizona Diamondbacks	1/1,MLB Debut Patch Autographs	RDPA-JL	Jordan Lawlar	Arizona Diamondbacks	1/1,False
2024_topps_chrome_update,2024,Topps,Chrome Update,MLB Debut Patch Autographs,,RDPA-JLE,Jordan Leasure,Chicago White Sox	1/1,MLB Debut Patch Autographs	RDPA-JLE	Jordan Leasure	Chicago White Sox	1/1,False
2024_topps_chrome_update,2024,Topps,Chrome Update,MLB Debut Patch Autographs,,RDPA-JLO,José Lopez,Tampa Bay Rays	1/1,MLB Debut Patch Autographs	RDPA-JLO	José Lopez	Tampa Bay Rays	1/1,False
2024_topps_chrome_update,2024,Topps,Chrome Update,MLB Debut Patch Autographs,,RDPA-JLR,Jack Leiter,Texas Rangers	1/1,MLB Debut Patch Autographs	RDPA-JLR	Jack Leiter	Texas Rangers	1/1,False
2024_topps_chrome_update,2024,Topps,Chrome Update,MLB Debut Patch Autographs,,RDPA-JLZ,Jacob Lopez,Tampa Bay Rays	1/1,MLB Debut Patch Autographs	RDPA-JLZ	Jacob Lopez	Tampa Bay Rays	1/1,False
2024_topps_chrome_update,2024,Topps,Chrome Update,MLB Debut Patch Autographs,,RDPA-JM,Josh Maciejewski,New York Yankees	1/1,MLB Debut Patch Autographs	RDPA-JM	Josh Maciejewski	New York Yankees	1/1,False
2024_topps_chrome_update,2024,Topps,Chrome Update,MLB Debut Patch Autographs,,RDPA-JM,J.P. Martínez,Texas Rangers	1/1,MLB Debut Patch Autographs	RDPA-JM	J.P. Martínez	Texas Rangers	1/1,False
2024_topps_chrome_update,2024,Topps,Chrome Update,MLB Debut Patch Autographs,,RDPA-JMA,Justin Martinez,Arizona Diamondbacks	1/1,MLB Debut Patch Autographs	RDPA-JMA	Justin Martinez	Arizona Diamondbacks	1/1,False
2024_topps_chrome_update,2024,Topps,Chrome Update,MLB Debut Patch Autographs,,RDPA-JMC,James McArthur,Kansas City Royals	1/1,MLB Debut Patch Autographs	RDPA-JMC	James McArthur	Kansas City Royals	1/1,False
2024_topps_chrome_update,2024,Topps,Chrome Update,MLB Debut Patch Autographs,,RDPA-JME,Jackson Merrill,San Diego Padres	1/1,MLB Debut Patch Autographs	RDPA-JME	Jackson Merrill	San Diego Padres	1/1,False
2024_topps_chrome_update,2024,Topps,Chrome Update,MLB Debut Patch Autographs,,RDPA-JO,Jonathan Ornelas,Texas Rangers	1/1,MLB Debut Patch Autographs	RDPA-JO	Jonathan Ornelas	Texas Rangers	1/1,False
2024_topps_chrome_update,2024,Topps,Chrome Update,MLB Debut Patch Autographs,,RDPA-JP,Jhonny Pereda,Miami Marlins	1/1,MLB Debut Patch Autographs	RDPA-JP	Jhonny Pereda	Miami Marlins	1/1,False
2024_topps_chrome_update,2024,Topps,Chrome Update,MLB Debut Patch Autographs,,RDPA-JR,Johnathan Rodriguez,Cleveland Guardians	1/1,MLB Debut Patch Autographs	RDPA-JR	Johnathan Rodriguez	Cleveland Guardians	1/1,False
2024_topps_chrome_update,2024,Topps,Chrome Update,MLB Debut Patch Autographs,,RDPA-JR,Jackson Rutledge,Washington Nationals	1/1,MLB Debut Patch Autographs	RDPA-JR	Jackson Rutledge	Washington Nationals	1/1,False
2024_topps_chrome_update,2024,Topps,Chrome Update,MLB Debut Patch Autographs,,RDPA-JRO,José Rodríguez,Chicago White Sox	1/1,MLB Debut Patch Autographs	RDPA-JRO	José Rodríguez	Chicago White Sox	1/1,False
2024_topps_chrome_update,2024,Topps,Chrome Update,MLB Debut Patch Autographs,,RDPA-JRS,Johan Rojas,Philadelphia Phillies	1/1,MLB Debut Patch Autographs	RDPA-JRS	Johan Rojas	Philadelphia Phillies	1/1,False
2024_topps_chrome_update,2024,Topps,Chrome Update,MLB Debut Patch Autographs,,RDPA-JS,Justin Slaten,Boston Red Sox	1/1,MLB Debut Patch Autographs	RDPA-JS	Justin Slaten	Boston Red Sox	1/1,False
2024_topps_chrome_update,2024,Topps,Chrome Update,MLB Debut Patch Autographs,,RDPA-JS,José Soriano,Los Angeles Angels	1/1,MLB Debut Patch Autographs	RDPA-JS	José Soriano	Los Angeles Angels	1/1,False
2024_topps_chrome_update,2024,Topps,Chrome Update,MLB Debut Patch Autographs,,RDPA-JT,José Tena,Cleveland Guardians	1/1,MLB Debut Patch Autographs	RDPA-JT	José Tena	Cleveland Guardians	1/1,False
2024_topps_chrome_update,2024,Topps,Chrome Update,MLB Debut Patch Autographs,,RDPA-JTR,Jared Triolo,Pittsburgh Pirates	1/1,MLB Debut Patch Autographs	RDPA-JTR	Jared Triolo	Pittsburgh Pirates	1/1,False
2024_topps_chrome_update,2024,Topps,Chrome Update,MLB Debut Patch Autographs,,RDPA-JW,Jackson Wolf,San Diego Padres	1/1,MLB Debut Patch Autographs	RDPA-JW	Jackson Wolf	San Diego Padres	1/1,False
2024_topps_chrome_update,2024,Topps,Chrome Update,MLB Debut Patch Autographs,,RDPA-JWE,Jordan Westburg,Baltimore Orioles	1/1,MLB Debut Patch Autographs	RDPA-JWE	Jordan Westburg	Baltimore Orioles	1/1,False
2024_topps_chrome_update,2024,Topps,Chrome Update,MLB Debut Patch Autographs,,RDPA-JWO,Jake Wong,Cincinnati Reds	1/1,MLB Debut Patch Autographs	RDPA-JWO	Jake Wong	Cincinnati Reds	1/1,False
2024_topps_chrome_update,2024,Topps,Chrome Update,MLB Debut Patch Autographs,,RDPA-JY,Jacob Young,Washington Nationals	1/1,MLB Debut Patch Autographs	RDPA-JY	Jacob Young	Washington Nationals	1/1,False
2024_topps_chrome_update,2024,Topps,Chrome Update,MLB Debut Patch Autographs,,RDPA-KC,Kelvin Caceres,Los Angeles Angels	1/1,MLB Debut Patch Autographs	RDPA-KC	Kelvin Caceres	Los Angeles Angels	1/1,False
2024_topps_chrome_update,2024,Topps,Chrome Update,MLB Debut Patch Autographs,,RDPA-KF,Kody Funderburk,Minnesota Twins	1/1,MLB Debut Patch Autographs	RDPA-KF	Kody Funderburk	Minnesota Twins	1/1,False
2024_topps_chrome_update,2024,Topps,Chrome Update,MLB Debut Patch Autographs,,RDPA-KH,Kyle Hurt,Los Angeles Dodgers	1/1,MLB Debut Patch Autographs	RDPA-KH	Kyle Hurt	Los Angeles Dodgers	1/1,False
2024_topps_chrome_update,2024,Topps,Chrome Update,MLB Debut Patch Autographs,,RDPA-KI,Kolton Ingram,Los Angeles Angels	1/1,MLB Debut Patch Autographs	RDPA-KI	Kolton Ingram	Los Angeles Angels	1/1,False
2024_topps_chrome_update,2024,Topps,Chrome Update,MLB Debut Patch Autographs,,RDPA-KM,Kyle Manzardo,Cleveland Guardians	1/1,MLB Debut Patch Autographs	RDPA-KM	Kyle Manzardo	Cleveland Guardians	1/1,False
2024_topps_chrome_update,2024,Topps,Chrome Update,MLB Debut Patch Autographs,,RDPA-KMC,Kyle McCann,Oakland Athletics	1/1,MLB Debut Patch Autographs	RDPA-KMC	Kyle McCann	Oakland Athletics	1/1,False
2024_topps_chrome_update,2024,Topps,Chrome Update,MLB Debut Patch Autographs,,RDPA-KN,Kyle Nicolas,Pittsburgh Pirates	1/1,MLB Debut Patch Autographs	RDPA-KN	Kyle Nicolas	Pittsburgh Pirates	1/1,False
2024_topps_chrome_update,2024,Topps,Chrome Update,MLB Debut Patch Autographs,,RDPA-KP,Kyren Paris,Los Angeles Angels	1/1,MLB Debut Patch Autographs	RDPA-KP	Kyren Paris	Los Angeles Angels	1/1,False
2024_topps_chrome_update,2024,Topps,Chrome Update,MLB Debut Patch Autographs,,RDPA-KT,Kai-Wei Teng,San Francisco Giants	1/1,MLB Debut Patch Autographs	RDPA-KT	Kai-Wei Teng	San Francisco Giants	1/1,False
2024_topps_chrome_update,2024,Topps,Chrome Update,MLB Debut Patch Autographs,,RDPA-KW,Keaton Winn,San Francisco Giants	1/1,MLB Debut Patch Autographs	RDPA-KW	Keaton Winn	San Francisco Giants	1/1,False
2024_topps_chrome_update,2024,Topps,Chrome Update,MLB Debut Patch Autographs,,RDPA-LB,Lawrence Butler,Oakland Athletics	1/1,MLB Debut Patch Autographs	RDPA-LB	Lawrence Butler	Oakland Athletics	1/1,False
2024_topps_chrome_update,2024,Topps,Chrome Update,MLB Debut Patch Autographs,,RDPA-LBA,Luken Baker,St. Louis Cardinals	1/1,MLB Debut Patch Autographs	RDPA-LBA	Luken Baker	St. Louis Cardinals	1/1,False
2024_topps_chrome_update,2024,Topps,Chrome Update,MLB Debut Patch Autographs,,RDPA-LK,Landon Knack,Los Angeles Dodgers	1/1,MLB Debut Patch Autographs	RDPA-LK	Landon Knack	Los Angeles Dodgers	1/1,False
2024_topps_chrome_update,2024,Topps,Chrome Update,MLB Debut Patch Autographs,,RDPA-LL,Luke Little,Chicago Cubs	1/1,MLB Debut Patch Autographs	RDPA-LL	Luke Little	Chicago Cubs	1/1,False
2024_topps_chrome_update,2024,Topps,Chrome Update,MLB Debut Patch Autographs,,RDPA-LM,Luis Matos,San Francisco Giants	1/1,MLB Debut Patch Autographs	RDPA-LM	Luis Matos	San Francisco Giants	1/1,False
2024_topps_chrome_update,2024,Topps,Chrome Update,MLB Debut Patch Autographs,,RDPA-LR,Leo Rivas,Seattle Mariners	1/1,MLB Debut Patch Autographs	RDPA-LR	Leo Rivas	Seattle Mariners	1/1,False
2024_topps_chrome_update,2024,Topps,Chrome Update,MLB Debut Patch Autographs,,RDPA-LR,Lane Ramsey,Chicago White Sox	1/1,MLB Debut Patch Autographs	RDPA-LR	Lane Ramsey	Chicago White Sox	1/1,False
2024_topps_chrome_update,2024,Topps,Chrome Update,MLB Debut Patch Autographs,,RDPA-LRI,Lyon Richardson,Cincinnati Reds	1/1,MLB Debut Patch Autographs	RDPA-LRI	Lyon Richardson	Cincinnati Reds	1/1,False
2024_topps_chrome_update,2024,Topps,Chrome Update,MLB Debut Patch Autographs,,RDPA-LRO,Landen Roupp,San Francisco Giants	1/1,MLB Debut Patch Autographs	RDPA-LRO	Landen Roupp	San Francisco Giants	1/1,False
2024_topps_chrome_update,2024,Topps,Chrome Update,MLB Debut Patch Autographs,,RDPA-LV,Luis Vázquez,Chicago Cubs	1/1,MLB Debut Patch Autographs	RDPA-LV	Luis Vázquez	Chicago Cubs	1/1,False
2024_topps_chrome_update,2024,Topps,Chrome Update,MLB Debut Patch Autographs,,RDPA-MB,Mason Black,San Francisco Giants	1/1,MLB Debut Patch Autographs	RDPA-MB	Mason Black	San Francisco Giants	1/1,False
2024_topps_chrome_update,2024,Topps,Chrome Update,MLB Debut Patch Autographs,,RDPA-MK,Matt Krook,New York Yankees	1/1,MLB Debut Patch Autographs	RDPA-MK	Matt Krook	New York Yankees	1/1,False
2024_topps_chrome_update,2024,Topps,Chrome Update,MLB Debut Patch Autographs,,RDPA-ML,Marco Luciano,San Francisco Giants	1/1,MLB Debut Patch Autographs	RDPA-ML	Marco Luciano	San Francisco Giants	1/1,False
2024_topps_chrome_update,2024,Topps,Chrome Update,MLB Debut Patch Autographs,,RDPA-MM,Mason McCoy,Toronto Blue Jays	1/1,MLB Debut Patch Autographs	RDPA-MM	Mason McCoy	Toronto Blue Jays	1/1,False
2024_topps_chrome_update,2024,Topps,Chrome Update,MLB Debut Patch Autographs,,RDPA-MP,Mitchell Parker,Washington Nationals	1/1,MLB Debut Patch Autographs	RDPA-MP	Mitchell Parker	Washington Nationals	1/1,False
2024_topps_chrome_update,2024,Topps,Chrome Update,MLB Debut Patch Autographs,,RDPA-MS,Max Schuemann,Oakland Athletics	1/1,MLB Debut Patch Autographs	RDPA-MS	Max Schuemann	Oakland Athletics	1/1,False
2024_topps_chrome_update,2024,Topps,Chrome Update,MLB Debut Patch Autographs,,RDPA-MSA,Matt Sauer,Kansas City Royals	1/1,MLB Debut Patch Autographs	RDPA-MSA	Matt Sauer	Kansas City Royals	1/1,False
2024_topps_chrome_update,2024,Topps,Chrome Update,MLB Debut Patch Autographs,,RDPA-MSP,Mitch Spence,Oakland Athletics	1/1,MLB Debut Patch Autographs	RDPA-MSP	Mitch Spence	Oakland Athletics	1/1,False
2024_topps_chrome_update,2024,Topps,Chrome Update,MLB Debut Patch Autographs,,RDPA-MW,Masyn Winn,St. Louis Cardinals	1/1,MLB Debut Patch Autographs	RDPA-MW	Masyn Winn	St. Louis Cardinals	1/1,False
2024_topps_chrome_update,2024,Topps,Chrome Update,MLB Debut Patch Autographs,,RDPA-MWA,Matt Waldron,San Diego Padres	1/1,MLB Debut Patch Autographs	RDPA-MWA	Matt Waldron	San Diego Padres	1/1,False
2024_topps_chrome_update,2024,Topps,Chrome Update,MLB Debut Patch Autographs,,RDPA-NA,Nick Avila,San Francisco Giants	1/1,MLB Debut Patch Autographs	RDPA-NA	Nick Avila	San Francisco Giants	1/1,False
2024_topps_chrome_update,2024,Topps,Chrome Update,MLB Debut Patch Autographs,,RDPA-NG,Nick Gonzales,Pittsburgh Pirates	1/1,MLB Debut Patch Autographs	RDPA-NG	Nick Gonzales	Pittsburgh Pirates	1/1,False
2024_topps_chrome_update,2024,Topps,Chrome Update,MLB Debut Patch Autographs,,RDPA-NH,Nick Hernandez,San Diego Padres	1/1,MLB Debut Patch Autographs	RDPA-NH	Nick Hernandez	San Diego Padres	1/1,False
2024_topps_chrome_update,2024,Topps,Chrome Update,MLB Debut Patch Autographs,,RDPA-NL,Nick Loftin,Kansas City Royals	1/1,MLB Debut Patch Autographs	RDPA-NL	Nick Loftin	Kansas City Royals	1/1,False
2024_topps_chrome_update,2024,Topps,Chrome Update,MLB Debut Patch Autographs,,RDPA-NM,Noelvi Marte,Cincinnati Reds	1/1,MLB Debut Patch Autographs	RDPA-NM	Noelvi Marte	Cincinnati Reds	1/1,False
2024_topps_chrome_update,2024,Topps,Chrome Update,MLB Debut Patch Autographs,,RDPA-NN,Nick Nastrini,Chicago White Sox	1/1,MLB Debut Patch Autographs	RDPA-NN	Nick Nastrini	Chicago White Sox	1/1,False
2024_topps_chrome_update,2024,Topps,Chrome Update,MLB Debut Patch Autographs,,RDPA-NNU,Nasim Nuñez,Washington Nationals	1/1,MLB Debut Patch Autographs	RDPA-NNU	Nasim Nuñez	Washington Nationals	1/1,False
2024_topps_chrome_update,2024,Topps,Chrome Update,MLB Debut Patch Autographs,,RDPA-NR,Nick Robertson,Los Angeles Dodgers	1/1,MLB Debut Patch Autographs	RDPA-NR	Nick Robertson	Los Angeles Dodgers	1/1,False
2024_topps_chrome_update,2024,Topps,Chrome Update,MLB Debut Patch Autographs,,RDPA-NS,Nolan Schanuel,Los Angeles Angels	1/1,MLB Debut Patch Autographs	RDPA-NS	Nolan Schanuel	Los Angeles Angels	1/1,False
2024_topps_chrome_update,2024,Topps,Chrome Update,MLB Debut Patch Autographs,,RDPA-NU,Naoyuki Uwasawa,Boston Red Sox	1/1,MLB Debut Patch Autographs	RDPA-NU	Naoyuki Uwasawa	Boston Red Sox	1/1,False
2024_topps_chrome_update,2024,Topps,Chrome Update,MLB Debut Patch Autographs,,RDPA-OB,Osleivis Basabe,Tampa Bay Rays	1/1,MLB Debut Patch Autographs	RDPA-OB	Osleivis Basabe	Tampa Bay Rays	1/1,False
2024_topps_chrome_update,2024,Topps,Chrome Update,MLB Debut Patch Autographs,,RDPA-OBI,Osvaldo Bido,Pittsburgh Pirates	1/1,MLB Debut Patch Autographs	RDPA-OBI	Osvaldo Bido	Pittsburgh Pirates	1/1,False
2024_topps_chrome_update,2024,Topps,Chrome Update,MLB Debut Patch Autographs,,RDPA-OD,Oliver Dunn,Milwaukee Brewers	1/1,MLB Debut Patch Autographs	RDPA-OD	Oliver Dunn	Milwaukee Brewers	1/1,False
2024_topps_chrome_update,2024,Topps,Chrome Update,MLB Debut Patch Autographs,,RDPA-OK,Orion Kerkering,Philadelphia Phillies	1/1,MLB Debut Patch Autographs	RDPA-OK	Orion Kerkering	Philadelphia Phillies	1/1,False
2024_topps_chrome_update,2024,Topps,Chrome Update,MLB Debut Patch Autographs,,RDPA-OW,Owen White,Texas Rangers	1/1,MLB Debut Patch Autographs	RDPA-OW	Owen White	Texas Rangers	1/1,False
2024_topps_chrome_update,2024,Topps,Chrome Update,MLB Debut Patch Autographs,,RDPA-PB,Prelander Berroa,Seattle Mariners	1/1,MLB Debut Patch Autographs	RDPA-PB	Prelander Berroa	Seattle Mariners	1/1,False
2024_topps_chrome_update,2024,Topps,Chrome Update,MLB Debut Patch Autographs,,RDPA-PC,Pete Crow-Armstrong,Chicago Cubs	1/1,MLB Debut Patch Autographs	RDPA-PC	Pete Crow-Armstrong	Chicago Cubs	1/1,False
2024_topps_chrome_update,2024,Topps,Chrome Update,MLB Debut Patch Autographs,,RDPA-PH,Porter Hodge,Chicago Cubs	1/1,MLB Debut Patch Autographs	RDPA-PH	Porter Hodge	Chicago Cubs	1/1,False
2024_topps_chrome_update,2024,Topps,Chrome Update,MLB Debut Patch Autographs,,RDPA-PM,Parker Meadows,Detroit Tigers	1/1,MLB Debut Patch Autographs	RDPA-PM	Parker Meadows	Detroit Tigers	1/1,False
2024_topps_chrome_update,2024,Topps,Chrome Update,MLB Debut Patch Autographs,,RDPA-PP,Pedro Pagés,St. Louis Cardinals	1/1,MLB Debut Patch Autographs	RDPA-PP	Pedro Pagés	St. Louis Cardinals	1/1,False
2024_topps_chrome_update,2024,Topps,Chrome Update,MLB Debut Patch Autographs,,RDPA-PS,Paul Skenes,Pittsburgh Pirates	1/1,MLB Debut Patch Autographs	RDPA-PS	Paul Skenes	Pittsburgh Pirates	1/1,False
2024_topps_chrome_update,2024,Topps,Chrome Update,MLB Debut Patch Autographs,,RDPA-QP,Quinn Priester,Pittsburgh Pirates	1/1,MLB Debut Patch Autographs	RDPA-QP	Quinn Priester	Pittsburgh Pirates	1/1,False
2024_topps_chrome_update,2024,Topps,Chrome Update,MLB Debut Patch Autographs,,RDPA-RF,Ryan Fernandez,St. Louis Cardinals	1/1,MLB Debut Patch Autographs	RDPA-RF	Ryan Fernandez	St. Louis Cardinals	1/1,False
2024_topps_chrome_update,2024,Topps,Chrome Update,MLB Debut Patch Autographs,,RDPA-RG,Robert Gasser,Milwaukee Brewers	1/1,MLB Debut Patch Autographs	RDPA-RG	Robert Gasser	Milwaukee Brewers	1/1,False
2024_topps_chrome_update,2024,Topps,Chrome Update,MLB Debut Patch Autographs,,RDPA-RG,Robert Garcia,Miami Marlins	1/1,MLB Debut Patch Autographs	RDPA-RG	Robert Garcia	Miami Marlins	1/1,False
2024_topps_chrome_update,2024,Topps,Chrome Update,MLB Debut Patch Autographs,,RDPA-RK,Ricky Karcher,Cincinnati Reds	1/1,MLB Debut Patch Autographs	RDPA-RK	Ricky Karcher	Cincinnati Reds	1/1,False
2024_topps_chrome_update,2024,Topps,Chrome Update,MLB Debut Patch Autographs,,RDPA-RM,Roddery Muñoz,Miami Marlins	1/1,MLB Debut Patch Autographs	RDPA-RM	Roddery Muñoz	Miami Marlins	1/1,False
2024_topps_chrome_update,2024,Topps,Chrome Update,MLB Debut Patch Autographs,,RDPA-RM,Ronny Mauricio,New York Mets	1/1,MLB Debut Patch Autographs	RDPA-RM	Ronny Mauricio	New York Mets	1/1,False
2024_topps_chrome_update,2024,Topps,Chrome Update,MLB Debut Patch Autographs,,RDPA-RO,Reese Olson,Detroit Tigers	1/1,MLB Debut Patch Autographs	RDPA-RO	Reese Olson	Detroit Tigers	1/1,False
2024_topps_chrome_update,2024,Topps,Chrome Update,MLB Debut Patch Autographs,,RDPA-RR,Randy Rodríguez,San Francisco Giants	1/1,MLB Debut Patch Autographs	RDPA-RR	Randy Rodríguez	San Francisco Giants	1/1,False
2024_topps_chrome_update,2024,Topps,Chrome Update,MLB Debut Patch Autographs,,RDPA-RR,Ryder Ryan,Seattle Mariners	1/1,MLB Debut Patch Autographs	RDPA-RR	Ryder Ryan	Seattle Mariners	1/1,False
2024_topps_chrome_update,2024,Topps,Chrome Update,MLB Debut Patch Autographs,,RDPA-RV,Ricky Vanasco,Los Angeles Dodgers	1/1,MLB Debut Patch Autographs	RDPA-RV	Ricky Vanasco	Los Angeles Dodgers	1/1,False
2024_topps_chrome_update,2024,Topps,Chrome Update,MLB Debut Patch Autographs,,RDPA-RW,Randy Wynne,Cincinnati Reds	1/1,MLB Debut Patch Autographs	RDPA-RW	Randy Wynne	Cincinnati Reds	1/1,False
2024_topps_chrome_update,2024,Topps,Chrome Update,MLB Debut Patch Autographs,,RDPA-SA,Spencer Arrighetti,Houston Astros	1/1,MLB Debut Patch Autographs	RDPA-SA	Spencer Arrighetti	Houston Astros	1/1,False
2024_topps_chrome_update,2024,Topps,Chrome Update,MLB Debut Patch Autographs,,RDPA-SC,Steven Cruz,Kansas City Royals	1/1,MLB Debut Patch Autographs	RDPA-SC	Steven Cruz	Kansas City Royals	1/1,False
2024_topps_chrome_update,2024,Topps,Chrome Update,MLB Debut Patch Autographs,,RDPA-SCE,Slade Cecconi,Arizona Diamondbacks	1/1,MLB Debut Patch Autographs	RDPA-SCE	Slade Cecconi	Arizona Diamondbacks	1/1,False
2024_topps_chrome_update,2024,Topps,Chrome Update,MLB Debut Patch Autographs,,RDPA-SD,Shawn Dubin,Houston Astros	1/1,MLB Debut Patch Autographs	RDPA-SD	Shawn Dubin	Houston Astros	1/1,False
2024_topps_chrome_update,2024,Topps,Chrome Update,MLB Debut Patch Autographs,,RDPA-SF,Sal Frelick,Milwaukee Brewers	1/1,MLB Debut Patch Autographs	RDPA-SF	Sal Frelick	Milwaukee Brewers	1/1,False
2024_topps_chrome_update,2024,Topps,Chrome Update,MLB Debut Patch Autographs,,RDPA-SG,Sawyer Gipson-Long,Detroit Tigers	1/1,MLB Debut Patch Autographs	RDPA-SG	Sawyer Gipson-Long	Detroit Tigers	1/1,False
2024_topps_chrome_update,2024,Topps,Chrome Update,MLB Debut Patch Autographs,,RDPA-SH,Spencer Horwitz,Toronto Blue Jays	1/1,MLB Debut Patch Autographs	RDPA-SH	Spencer Horwitz	Toronto Blue Jays	1/1,False
2024_topps_chrome_update,2024,Topps,Chrome Update,MLB Debut Patch Autographs,,RDPA-SI,Shota Imanaga,Chicago Cubs	1/1,MLB Debut Patch Autographs	RDPA-SI	Shota Imanaga	Chicago Cubs	1/1,False
2024_topps_chrome_update,2024,Topps,Chrome Update,MLB Debut Patch Autographs,,RDPA-SK,Stephen Kolek,San Diego Padres	1/1,MLB Debut Patch Autographs	RDPA-SK	Stephen Kolek	San Diego Padres	1/1,False
2024_topps_chrome_update,2024,Topps,Chrome Update,MLB Debut Patch Autographs,,RDPA-ST,Samad Taylor,Kansas City Royals	1/1,MLB Debut Patch Autographs	RDPA-ST	Samad Taylor	Kansas City Royals	1/1,False
2024_topps_chrome_update,2024,Topps,Chrome Update,MLB Debut Patch Autographs,,RDPA-TA,Ty Adcock,Seattle Mariners	1/1,MLB Debut Patch Autographs	RDPA-TA	Ty Adcock	Seattle Mariners	1/1,False
2024_topps_chrome_update,2024,Topps,Chrome Update,MLB Debut Patch Autographs,,RDPA-TB,Tyler Black,Milwaukee Brewers	1/1,MLB Debut Patch Autographs	RDPA-TB	Tyler Black	Milwaukee Brewers	1/1,False
2024_topps_chrome_update,2024,Topps,Chrome Update,MLB Debut Patch Autographs,,RDPA-TC,Trey Cabbage,Los Angeles Angels	1/1,MLB Debut Patch Autographs	RDPA-TC	Trey Cabbage	Los Angeles Angels	1/1,False
2024_topps_chrome_update,2024,Topps,Chrome Update,MLB Debut Patch Autographs,,RDPA-TF,Tyler Ferguson,Oakland Athletics	1/1,MLB Debut Patch Autographs	RDPA-TF	Tyler Ferguson	Oakland Athletics	1/1,False
2024_topps_chrome_update,2024,Topps,Chrome Update,MLB Debut Patch Autographs,,RDPA-TF,Tyler Fitzgerald,San Francisco Giants	1/1,MLB Debut Patch Autographs	RDPA-TF	Tyler Fitzgerald	San Francisco Giants	1/1,False
2024_topps_chrome_update,2024,Topps,Chrome Update,MLB Debut Patch Autographs,,RDPA-TG,Tristan Gray,Tampa Bay Rays	1/1,MLB Debut Patch Autographs	RDPA-TG	Tristan Gray	Tampa Bay Rays	1/1,False
2024_topps_chrome_update,2024,Topps,Chrome Update,MLB Debut Patch Autographs,,RDPA-TH,TJ Hopkins,Cincinnati Reds	1/1,MLB Debut Patch Autographs	RDPA-TH	TJ Hopkins	Cincinnati Reds	1/1,False
2024_topps_chrome_update,2024,Topps,Chrome Update,MLB Debut Patch Autographs,,RDPA-TJ,Tyler Jay,New York Mets	1/1,MLB Debut Patch Autographs	RDPA-TJ	Tyler Jay	New York Mets	1/1,False
2024_topps_chrome_update,2024,Topps,Chrome Update,MLB Debut Patch Autographs,,RDPA-TK,Taylor Kohlwey,San Diego Padres	1/1,MLB Debut Patch Autographs	RDPA-TK	Taylor Kohlwey	San Diego Padres	1/1,False
2024_topps_chrome_update,2024,Topps,Chrome Update,MLB Debut Patch Autographs,,RDPA-TL,Trey Lipscomb,Washington Nationals	1/1,MLB Debut Patch Autographs	RDPA-TL	Trey Lipscomb	Washington Nationals	1/1,False
2024_topps_chrome_update,2024,Topps,Chrome Update,MLB Debut Patch Autographs,,RDPA-TM,Tobias Myers,Milwaukee Brewers	1/1,MLB Debut Patch Autographs	RDPA-TM	Tobias Myers	Milwaukee Brewers	1/1,False
2024_topps_chrome_update,2024,Topps,Chrome Update,MLB Debut Patch Autographs,,RDPA-TS,Tyler Soderstrom,Oakland Athletics	1/1,MLB Debut Patch Autographs	RDPA-TS	Tyler Soderstrom	Oakland Athletics	1/1,False
2024_topps_chrome_update,2024,Topps,Chrome Update,MLB Debut Patch Autographs,,RDPA-VM,Victor Mederos,Los Angeles Angels	1/1,MLB Debut Patch Autographs	RDPA-VM	Victor Mederos	Los Angeles Angels	1/1,False
2024_topps_chrome_update,2024,Topps,Chrome Update,MLB Debut Patch Autographs,,RDPA-VS,Victor Scott II,St. Louis Cardinals	1/1,MLB Debut Patch Autographs	RDPA-VS	Victor Scott II	St. Louis Cardinals	1/1,False
2024_topps_chrome_update,2024,Topps,Chrome Update,MLB Debut Patch Autographs,,RDPA-VV,Victor Vodnik,Colorado Rockies	1/1,MLB Debut Patch Autographs	RDPA-VV	Victor Vodnik	Colorado Rockies	1/1,False
2024_topps_chrome_update,2024,Topps,Chrome Update,MLB Debut Patch Autographs,,RDPA-WA,Wilyer Abreu,Boston Red Sox	1/1,MLB Debut Patch Autographs	RDPA-WA	Wilyer Abreu	Boston Red Sox	1/1,False
2024_topps_chrome_update,2024,Topps,Chrome Update,MLB Debut Patch Autographs,,RDPA-WK,Will Klein,Kansas City Royals	1/1,MLB Debut Patch Autographs	RDPA-WK	Will Klein	Kansas City Royals	1/1,False
2024_topps_chrome_update,2024,Topps,Chrome Update,MLB Debut Patch Autographs,,RDPA-WL,Wyatt Langford,Texas Rangers	1/1,MLB Debut Patch Autographs	RDPA-WL	Wyatt Langford	Texas Rangers	1/1,False
2024_topps_chrome_update,2024,Topps,Chrome Update,MLB Debut Patch Autographs,,RDPA-WM,Wade Meckler,San Francisco Giants	1/1,MLB Debut Patch Autographs	RDPA-WM	Wade Meckler	San Francisco Giants	1/1,False
2024_topps_chrome_update,2024,Topps,Chrome Update,MLB Debut Patch Autographs,,RDPA-WP,Wenceel Pérez,Detroit Tigers	1/1,MLB Debut Patch Autographs	RDPA-WP	Wenceel Pérez	Detroit Tigers	1/1,False
2024_topps_chrome_update,2024,Topps,Chrome Update,MLB Debut Patch Autographs,,RDPA-WW,Weston Wilson,Philadelphia Phillies	1/1,MLB Debut Patch Autographs	RDPA-WW	Weston Wilson	Philadelphia Phillies	1/1,False
2024_topps_chrome_update,2024,Topps,Chrome Update,MLB Debut Patch Autographs,,RDPA-YG,Yoendrys Gomez,New York Yankees	1/1,MLB Debut Patch Autographs	RDPA-YG	Yoendrys Gomez	New York Yankees	1/1,False
2024_topps_chrome_update,2024,Topps,Chrome Update,MLB Debut Patch Autographs,,RDPA-YM,Yuki Matsui,San Diego Padres	1/1,MLB Debut Patch Autographs	RDPA-YM	Yuki Matsui	San Diego Padres	1/1,False
2024_topps_chrome_update,2024,Topps,Chrome Update,MLB Debut Patch Autographs,,RDPA-YR,Yariel Rodríguez,Toronto Blue Jays	1/1,MLB Debut Patch Autographs	RDPA-YR	Yariel Rodríguez	Toronto Blue Jays	1/1,False
2024_topps_chrome_update,2024,Topps,Chrome Update,MLB Debut Patch Autographs,,RDPA-YY,Yoshinobu Yamamoto,Los Angeles Dodgers	1/1,MLB Debut Patch Autographs	RDPA-YY	Yoshinobu Yamamoto	Los Angeles Dodgers	1/1,False
2024_topps_chrome_update,2024,Topps,Chrome Update,MLB Debut Patch Autographs,,RDPA-ZD,Zach DeLoach,Chicago White Sox	1/1,MLB Debut Patch Autographs	RDPA-ZD	Zach DeLoach	Chicago White Sox	1/1,False
2024_topps_chrome_update,2024,Topps,Chrome Update,MLB Debut Patch Autographs,,RDPA-ZG,Zack Gelof,Oakland Athletics	1/1,MLB Debut Patch Autographs	RDPA-ZG	Zack Gelof	Oakland Athletics	1/1,False
2024_topps_chrome_update,2024,Topps,Chrome Update,MLB Debut Patch Autographs,,RDPA-ZK,Zac Kristofak,Los Angeles Angels	1/1,MLB Debut Patch Autographs	RDPA-ZK	Zac Kristofak	Los Angeles Angels	1/1,False
2024_topps_chrome_update,2024,Topps,Chrome Update,MLB Debut Patch Autographs,,RDPA-ZR,Zach Remillard,Chicago White Sox	1/1,MLB Debut Patch Autographs	RDPA-ZR	Zach Remillard	Chicago White Sox	1/1,False
2024_topps_chrome_update,2024,Topps,Chrome Update,MLB Illustrations,,MLBI-1,Elly De La Cruz,Cincinnati Reds,MLB Illustrations	MLBI-1	Elly De La Cruz	Cincinnati Reds,False
2024_topps_chrome_update,2024,Topps,Chrome Update,MLB Illustrations,,MLBI-2,Jasson Domínguez,New York Yankees,MLB Illustrations	MLBI-2	Jasson Domínguez	New York Yankees,False
2024_topps_chrome_update,2024,Topps,Chrome Update,MLB Illustrations,,MLBI-3,Ken Griffey Jr.,Seattle Mariners,MLB Illustrations	MLBI-3	Ken Griffey Jr.	Seattle Mariners,False
2024_topps_chrome_update,2024,Topps,Chrome Update,MLB Illustrations,,MLBI-4,Shohei Ohtani,Los Angeles Dodgers,MLB Illustrations	MLBI-4	Shohei Ohtani	Los Angeles Dodgers,False
2024_topps_chrome_update,2024,Topps,Chrome Update,MLB Illustrations,,MLBI-5,Mike Trout,Los Angeles Angels,MLB Illustrations	MLBI-5	Mike Trout	Los Angeles Angels,False
2024_topps_chrome_update,2024,Topps,Chrome Update,MLB Illustrations,,MLBI-6,Aaron Judge,New York Yankees,MLB Illustrations	MLBI-6	Aaron Judge	New York Yankees,False
2024_topps_chrome_update,2024,Topps,Chrome Update,MLB Illustrations,,MLBI-7,Fernando Tatis Jr.,San Diego Padres,MLB Illustrations	MLBI-7	Fernando Tatis Jr.	San Diego Padres,False
2024_topps_chrome_update,2024,Topps,Chrome Update,MLB Illustrations,,MLBI-8,Ronald Acuña Jr.,Atlanta Braves,MLB Illustrations	MLBI-8	Ronald Acuña Jr.	Atlanta Braves,False
2024_topps_chrome_update,2024,Topps,Chrome Update,MLB Illustrations,,MLBI-9,Cal Ripken Jr.,Baltimore Orioles,MLB Illustrations	MLBI-9	Cal Ripken Jr.	Baltimore Orioles,False
2024_topps_chrome_update,2024,Topps,Chrome Update,MLB Illustrations,,MLBI-10,Frank Thomas,Chicago White Sox,MLB Illustrations	MLBI-10	Frank Thomas	Chicago White Sox,False
2024_topps_chrome_update,2024,Topps,Chrome Update,Sizzle,,SIZ-1,Paul Skenes,Pittsburgh Pirates,Sizzle	SIZ-1	Paul Skenes	Pittsburgh Pirates,False
2024_topps_chrome_update,2024,Topps,Chrome Update,Sizzle,,SIZ-2,Jackson Holliday,Baltimore Orioles,Sizzle	SIZ-2	Jackson Holliday	Baltimore Orioles,False
2024_topps_chrome_update,2024,Topps,Chrome Update,Sizzle,,SIZ-3,Jackson Chourio,Milwaukee Brewers,Sizzle	SIZ-3	Jackson Chourio	Milwaukee Brewers,False
2024_topps_chrome_update,2024,Topps,Chrome Update,Sizzle,,SIZ-4,Jasson Domínguez,New York Yankees,Sizzle	SIZ-4	Jasson Domínguez	New York Yankees,False
2024_topps_chrome_update,2024,Topps,Chrome Update,Sizzle,,SIZ-5,Elly De La Cruz,Cincinnati Reds,Sizzle	SIZ-5	Elly De La Cruz	Cincinnati Reds,False
2024_topps_chrome_update,2024,Topps,Chrome Update,Sizzle,,SIZ-6,Evan Carter,Texas Rangers,Sizzle	SIZ-6	Evan Carter	Texas Rangers,False
2024_topps_chrome_update,2024,Topps,Chrome Update,Sizzle,,SIZ-7,Wyatt Langford,Texas Rangers,Sizzle	SIZ-7	Wyatt Langford	Texas Rangers,False
2024_topps_chrome_update,2024,Topps,Chrome Update,Sizzle,,SIZ-8,Shohei Ohtani,Los Angeles Dodgers,Sizzle	SIZ-8	Shohei Ohtani	Los Angeles Dodgers,False
2024_topps_chrome_update,2024,Topps,Chrome Update,Sizzle,,SIZ-9,Mike Trout,Los Angeles Angels,Sizzle	SIZ-9	Mike Trout	Los Angeles Angels,False
2024_topps_chrome_update,2024,Topps,Chrome Update,Sizzle,,SIZ-10,Aaron Judge,New York Yankees,Sizzle	SIZ-10	Aaron Judge	New York Yankees,False
2024_topps_chrome_update,2024,Topps,Chrome Update,Stratospheric Stars,,SSC-1,Julio Rodríguez,Seattle Mariners,Stratospheric Stars	SSC-1	Julio Rodríguez	Seattle Mariners,False
2024_topps_chrome_update,2024,Topps,Chrome Update,Stratospheric Stars,,SSC-2,Fernando Tatis Jr.,San Diego Padres,Stratospheric Stars	SSC-2	Fernando Tatis Jr.	San Diego Padres,False
2024_topps_chrome_update,2024,Topps,Chrome Update,Stratospheric Stars,,SSC-3,Ronald Acuña Jr.,Atlanta Braves,Stratospheric Stars	SSC-3	Ronald Acuña Jr.	Atlanta Braves,False
2024_topps_chrome_update,2024,Topps,Chrome Update,Stratospheric Stars,,SSC-4,Mookie Betts,Los Angeles Dodgers,Stratospheric Stars	SSC-4	Mookie Betts	Los Angeles Dodgers,False
2024_topps_chrome_update,2024,Topps,Chrome Update,Stratospheric Stars,,SSC-5,Aaron Judge,New York Yankees,Stratospheric Stars	SSC-5	Aaron Judge	New York Yankees,False
2024_topps_chrome_update,2024,Topps,Chrome Update,Stratospheric Stars,,SSC-6,Shohei Ohtani,Los Angeles Dodgers,Stratospheric Stars	SSC-6	Shohei Ohtani	Los Angeles Dodgers,False
2024_topps_chrome_update,2024,Topps,Chrome Update,Stratospheric Stars,,SSC-7,Mike Trout,Los Angeles Angels,Stratospheric Stars	SSC-7	Mike Trout	Los Angeles Angels,False
2024_topps_chrome_update,2024,Topps,Chrome Update,Stratospheric Stars,,SSC-8,Bryce Harper,Philadelphia Phillies,Stratospheric Stars	SSC-8	Bryce Harper	Philadelphia Phillies,False
2024_topps_chrome_update,2024,Topps,Chrome Update,Stratospheric Stars,,SSC-9,Juan Soto,New York Yankees,Stratospheric Stars	SSC-9	Juan Soto	New York Yankees,False
2024_topps_chrome_update,2024,Topps,Chrome Update,Stratospheric Stars,,SSC-10,Elly De La Cruz,Cincinnati Reds,Stratospheric Stars	SSC-10	Elly De La Cruz	Cincinnati Reds,False
2024_topps_chrome_update,2024,Topps,Chrome Update,Stratospheric Stars,,SSC-11,Jasson Domínguez,New York Yankees,Stratospheric Stars	SSC-11	Jasson Domínguez	New York Yankees,False
2024_topps_chrome_update,2024,Topps,Chrome Update,Stratospheric Stars,,SSC-12,Jackson Holliday,Baltimore Orioles,Stratospheric Stars	SSC-12	Jackson Holliday	Baltimore Orioles,False
2024_topps_chrome_update,2024,Topps,Chrome Update,Stratospheric Stars,,SSC-13,Yoshinobu Yamamoto,Los Angeles Dodgers,Stratospheric Stars	SSC-13	Yoshinobu Yamamoto	Los Angeles Dodgers,False
2024_topps_chrome_update,2024,Topps,Chrome Update,Stratospheric Stars,,SSC-14,Paul Skenes,Pittsburgh Pirates,Stratospheric Stars	SSC-14	Paul Skenes	Pittsburgh Pirates,False
2024_topps_chrome_update,2024,Topps,Chrome Update,Stratospheric Stars,,SSC-15,Evan Carter,Texas Rangers,Stratospheric Stars	SSC-15	Evan Carter	Texas Rangers,False
2024_topps_chrome_update,2024,Topps,Chrome Update,Stratospheric Stars,,SSC-16,Wyatt Langford,Texas Rangers,Stratospheric Stars	SSC-16	Wyatt Langford	Texas Rangers,False
2024_topps_chrome_update,2024,Topps,Chrome Update,Stratospheric Stars,,SSC-17,Jackson Chourio,Milwaukee Brewers,Stratospheric Stars	SSC-17	Jackson Chourio	Milwaukee Brewers,False
2024_topps_chrome_update,2024,Topps,Chrome Update,Stratospheric Stars,,SSC-18,Junior Caminero,Tampa Bay Rays,Stratospheric Stars	SSC-18	Junior Caminero	Tampa Bay Rays,False
2024_topps_chrome_update,2024,Topps,Chrome Update,Stratospheric Stars,,SSC-19,Tyler Black,Milwaukee Brewers,Stratospheric Stars	SSC-19	Tyler Black	Milwaukee Brewers,False
2024_topps_chrome_update,2024,Topps,Chrome Update,Stratospheric Stars,,SSC-20,Yordan Alvarez,Houston Astros,Stratospheric Stars	SSC-20	Yordan Alvarez	Houston Astros,False
2024_topps_chrome_update,2024,Topps,Chrome Update,Stratospheric Stars,,SSC-21,Bobby Witt Jr.,Kansas City Royals,Stratospheric Stars	SSC-21	Bobby Witt Jr.	Kansas City Royals,False
2024_topps_chrome_update,2024,Topps,Chrome Update,Stratospheric Stars,,SSC-22,Gunnar Henderson,Baltimore Orioles,Stratospheric Stars	SSC-22	Gunnar Henderson	Baltimore Orioles,False
2024_topps_chrome_update,2024,Topps,Chrome Update,Stratospheric Stars,,SSC-23,Shota Imanaga,Chicago Cubs,Stratospheric Stars	SSC-23	Shota Imanaga	Chicago Cubs,False
2024_topps_chrome_update,2024,Topps,Chrome Update,Stratospheric Stars,,SSC-24,Adley Rutschman,Baltimore Orioles,Stratospheric Stars	SSC-24	Adley Rutschman	Baltimore Orioles,False
2024_topps_chrome_update,2024,Topps,Chrome Update,Stratospheric Stars,,SSC-25,Austin Riley,Atlanta Braves,Stratospheric Stars	SSC-25	Austin Riley	Atlanta Braves,False
2024_topps_chrome_update,2024,Topps,Chrome Update,Stratospheric Stars,,SSC-26,Freddie Freeman,Los Angeles Dodgers,Stratospheric Stars	SSC-26	Freddie Freeman	Los Angeles Dodgers,False
2024_topps_chrome_update,2024,Topps,Chrome Update,Stratospheric Stars,,SSC-27,Vladimir Guerrero Jr.,Toronto Blue Jays,Stratospheric Stars	SSC-27	Vladimir Guerrero Jr.	Toronto Blue Jays,False
2024_topps_chrome_update,2024,Topps,Chrome Update,Stratospheric Stars,,SSC-28,Pete Alonso,New York Mets,Stratospheric Stars	SSC-28	Pete Alonso	New York Mets,False
2024_topps_chrome_update,2024,Topps,Chrome Update,Stratospheric Stars,,SSC-29,Rafael Devers,Boston Red Sox,Stratospheric Stars	SSC-29	Rafael Devers	Boston Red Sox,False
2024_topps_chrome_update,2024,Topps,Chrome Update,Stratospheric Stars,,SSC-30,Trea Turner,Philadelphia Phillies,Stratospheric Stars	SSC-30	Trea Turner	Philadelphia Phillies,False
2024_topps_chrome_update,2024,Topps,Chrome Update,Stratospheric Stars,,SSC-31,Carlos Correa,Minnesota Twins,Stratospheric Stars	SSC-31	Carlos Correa	Minnesota Twins,False
2024_topps_chrome_update,2024,Topps,Chrome Update,Stratospheric Stars,,SSC-32,Luis Robert Jr.,Chicago White Sox,Stratospheric Stars	SSC-32	Luis Robert Jr.	Chicago White Sox,False
2024_topps_chrome_update,2024,Topps,Chrome Update,Stratospheric Stars,,SSC-33,Corbin Carroll,Arizona Diamondbacks,Stratospheric Stars	SSC-33	Corbin Carroll	Arizona Diamondbacks,False
2024_topps_chrome_update,2024,Topps,Chrome Update,Stratospheric Stars,,SSC-34,Pete Crow-Armstrong,Chicago Cubs,Stratospheric Stars	SSC-34	Pete Crow-Armstrong	Chicago Cubs,False
2024_topps_chrome_update,2024,Topps,Chrome Update,Stratospheric Stars,,SSC-35,Jazz Chisholm Jr.,New York Yankees,Stratospheric Stars	SSC-35	Jazz Chisholm Jr.	New York Yankees,False
2024_topps_chrome_update,2024,Topps,Chrome Update,Topps Chrome Exposé,,TCE-35,Paul Skenes,Pittsburgh Pirates,Topps Chrome Exposé	TCE-35	Paul Skenes	Pittsburgh Pirates,False
2024_topps_chrome_update,2024,Topps,Chrome Update,Topps Chrome Exposé,,TCE-36,Justin Verlander,Houston Astros,Topps Chrome Exposé	TCE-36	Justin Verlander	Houston Astros,False
2024_topps_chrome_update,2024,Topps,Chrome Update,Topps Chrome Exposé,,TCE-37,Shota Imanaga,Chicago Cubs,Topps Chrome Exposé	TCE-37	Shota Imanaga	Chicago Cubs,False
2024_topps_chrome_update,2024,Topps,Chrome Update,Topps Chrome Exposé,,TCE-38,Wyatt Langford,Texas Rangers,Topps Chrome Exposé	TCE-38	Wyatt Langford	Texas Rangers,False
2024_topps_chrome_update,2024,Topps,Chrome Update,Topps Chrome Exposé,,TCE-39,Jackson Holliday,Baltimore Orioles,Topps Chrome Exposé	TCE-39	Jackson Holliday	Baltimore Orioles,False
2024_topps_chrome_update,2024,Topps,Chrome Update,Topps Chrome Exposé,,TCE-40,Jackson Chourio,Milwaukee Brewers,Topps Chrome Exposé	TCE-40	Jackson Chourio	Milwaukee Brewers,False
2024_topps_chrome_update,2024,Topps,Chrome Update,Topps Chrome Exposé,,TCE-41,Colt Keith,Detroit Tigers,Topps Chrome Exposé	TCE-41	Colt Keith	Detroit Tigers,False
2024_topps_chrome_update,2024,Topps,Chrome Update,Topps Chrome Exposé,,TCE-42,Andy Pages,Los Angeles Dodgers,Topps Chrome Exposé	TCE-42	Andy Pages	Los Angeles Dodgers,False
2024_topps_chrome_update,2024,Topps,Chrome Update,Topps Chrome Exposé,,TCE-43,Austin Riley,Atlanta Braves,Topps Chrome Exposé	TCE-43	Austin Riley	Atlanta Braves,False
2024_topps_chrome_update,2024,Topps,Chrome Update,Topps Chrome Exposé,,TCE-44,Manny Machado,San Diego Padres,Topps Chrome Exposé	TCE-44	Manny Machado	San Diego Padres,False
2024_topps_chrome_update,2024,Topps,Chrome Update,Topps Chrome Exposé,,TCE-45,Jackson Merrill,San Diego Padres,Topps Chrome Exposé	TCE-45	Jackson Merrill	San Diego Padres,False
2024_topps_chrome_update,2024,Topps,Chrome Update,Topps Chrome Exposé,,TCE-46,Anthony Volpe,New York Yankees,Topps Chrome Exposé	TCE-46	Anthony Volpe	New York Yankees,False
2024_topps_chrome_update,2024,Topps,Chrome Update,Topps Chrome Exposé,,TCE-47,Francisco Lindor,New York Mets,Topps Chrome Exposé	TCE-47	Francisco Lindor	New York Mets,False
2024_topps_chrome_update,2024,Topps,Chrome Update,Topps Chrome Exposé,,TCE-48,Tyler Black,Milwaukee Brewers,Topps Chrome Exposé	TCE-48	Tyler Black	Milwaukee Brewers,False
2024_topps_chrome_update,2024,Topps,Chrome Update,Topps Chrome Exposé,,TCE-49,Kyle Manzardo,Cleveland Guardians,Topps Chrome Exposé	TCE-49	Kyle Manzardo	Cleveland Guardians,False
2024_topps_chrome_update,2024,Topps,Chrome Update,Topps Chrome Exposé,,TCE-50,Marco Luciano,San Francisco Giants,Topps Chrome Exposé	TCE-50	Marco Luciano	San Francisco Giants,False
2024_topps_chrome_update,2024,Topps,Chrome Update,Topps Chrome Exposé,,TCE-51,Henry Davis,Pittsburgh Pirates,Topps Chrome Exposé	TCE-51	Henry Davis	Pittsburgh Pirates,False
2024_topps_chrome_update,2024,Topps,Chrome Update,Topps Chrome Exposé,,TCE-52,Christian Scott,New York Mets,Topps Chrome Exposé	TCE-52	Christian Scott	New York Mets,False
2024_topps_chrome_update,2024,Topps,Chrome Update,Topps Chrome Exposé,,TCE-53,Bobby Witt Jr.,Kansas City Royals,Topps Chrome Exposé	TCE-53	Bobby Witt Jr.	Kansas City Royals,False
2024_topps_chrome_update,2024,Topps,Chrome Update,Topps Chrome Exposé,,TCE-54,Masyn Winn,St. Louis Cardinals,Topps Chrome Exposé	TCE-54	Masyn Winn	St. Louis Cardinals,False
2024_topps_chrome_update,2024,Topps,Chrome Update,Topps Chrome Radiating Rookies,,RR-21,Paul Skenes,Pittsburgh Pirates,Topps Chrome Radiating Rookies	RR-21	Paul Skenes	Pittsburgh Pirates,False
2024_topps_chrome_update,2024,Topps,Chrome Update,Topps Chrome Radiating Rookies,,RR-22,Noelvi Marte,Cincinnati Reds,Topps Chrome Radiating Rookies	RR-22	Noelvi Marte	Cincinnati Reds,False
2024_topps_chrome_update,2024,Topps,Chrome Update,Topps Chrome Radiating Rookies,,RR-23,Tyler Black,Milwaukee Brewers,Topps Chrome Radiating Rookies	RR-23	Tyler Black	Milwaukee Brewers,False
2024_topps_chrome_update,2024,Topps,Chrome Update,Topps Chrome Radiating Rookies,,RR-24,Shota Imanaga,Chicago Cubs,Topps Chrome Radiating Rookies	RR-24	Shota Imanaga	Chicago Cubs,False
2024_topps_chrome_update,2024,Topps,Chrome Update,Topps Chrome Radiating Rookies,,RR-25,Kyle Manzardo,Cleveland Guardians,Topps Chrome Radiating Rookies	RR-25	Kyle Manzardo	Cleveland Guardians,False
2024_topps_chrome_update,2024,Topps,Chrome Update,Topps Chrome Radiating Rookies,,RR-26,Andy Pages,Los Angeles Dodgers,Topps Chrome Radiating Rookies	RR-26	Andy Pages	Los Angeles Dodgers,False
2024_topps_chrome_update,2024,Topps,Chrome Update,Topps Chrome Radiating Rookies,,RR-27,Jordan Westburg,Baltimore Orioles,Topps Chrome Radiating Rookies	RR-27	Jordan Westburg	Baltimore Orioles,False
2024_topps_chrome_update,2024,Topps,Chrome Update,Topps Chrome Radiating Rookies,,RR-28,Christian Scott,New York Mets,Topps Chrome Radiating Rookies	RR-28	Christian Scott	New York Mets,False
2024_topps_chrome_update,2024,Topps,Chrome Update,Topps Chrome Radiating Rookies,,RR-29,Jordan Beck,Colorado Rockies,Topps Chrome Radiating Rookies	RR-29	Jordan Beck	Colorado Rockies,False
2024_topps_chrome_update,2024,Topps,Chrome Update,Topps Chrome Radiating Rookies,,RR-30,Curtis Mead,Tampa Bay Rays,Topps Chrome Radiating Rookies	RR-30	Curtis Mead	Tampa Bay Rays,False
2024_topps_chrome_update,2024,Topps,Chrome Update,Triple Autographs,,CTA-AAB,Yordan Alvarez / Jose Altuve / Alex Bregman,Houston Astros,Triple Autographs	CTA-AAB	Yordan Alvarez / Jose Altuve / Alex Bregman	Houston Astros,True
2024_topps_chrome_update,2024,Topps,Chrome Update,Triple Autographs,,CTA-BJB,Wade Boggs / Chipper Jones / George Brett,Boston Red Sox,Triple Autographs	CTA-BJB	Wade Boggs / Chipper Jones / George Brett	Boston Red Sox,True
2024_topps_chrome_update,2024,Topps,Chrome Update,Triple Autographs,,CTA-BJB,Wade Boggs / Chipper Jones / George Brett,Atlanta Braves,Triple Autographs	CTA-BJB	Wade Boggs / Chipper Jones / George Brett	Atlanta Braves,True
2024_topps_chrome_update,2024,Topps,Chrome Update,Triple Autographs,,CTA-BJB,Wade Boggs / Chipper Jones / George Brett,Kansas City Royals,Triple Autographs	CTA-BJB	Wade Boggs / Chipper Jones / George Brett	Kansas City Royals,True
2024_topps_chrome_update,2024,Topps,Chrome Update,Triple Autographs,,CTA-BPM,Yadier Molina / Johnny Bench / Buster Posey,St. Louis Cardinals,Triple Autographs	CTA-BPM	Yadier Molina / Johnny Bench / Buster Posey	St. Louis Cardinals,True
2024_topps_chrome_update,2024,Topps,Chrome Update,Triple Autographs,,CTA-BPM,Yadier Molina / Johnny Bench / Buster Posey,Cincinnati Reds,Triple Autographs	CTA-BPM	Yadier Molina / Johnny Bench / Buster Posey	Cincinnati Reds,True
2024_topps_chrome_update,2024,Topps,Chrome Update,Triple Autographs,,CTA-BPM,Yadier Molina / Johnny Bench / Buster Posey,San Francisco Giants,Triple Autographs	CTA-BPM	Yadier Molina / Johnny Bench / Buster Posey	San Francisco Giants,True
2024_topps_chrome_update,2024,Topps,Chrome Update,Triple Autographs,,CTA-CCL,Pete Crow-Armstrong / Colton Cowser / Wyatt Langford,Chicago Cubs,Triple Autographs	CTA-CCL	Pete Crow-Armstrong / Colton Cowser / Wyatt Langford	Chicago Cubs,True
2024_topps_chrome_update,2024,Topps,Chrome Update,Triple Autographs,,CTA-CCL,Pete Crow-Armstrong / Colton Cowser / Wyatt Langford,Baltimore Orioles,Triple Autographs	CTA-CCL	Pete Crow-Armstrong / Colton Cowser / Wyatt Langford	Baltimore Orioles,True
2024_topps_chrome_update,2024,Topps,Chrome Update,Triple Autographs,,CTA-CCL,Pete Crow-Armstrong / Colton Cowser / Wyatt Langford,Texas Rangers,Triple Autographs	CTA-CCL	Pete Crow-Armstrong / Colton Cowser / Wyatt Langford	Texas Rangers,True
2024_topps_chrome_update,2024,Topps,Chrome Update,Triple Autographs,,CTA-CWT,Bobby Witt Jr. / Trea Turner / Corbin Carroll,Kansas City Royals,Triple Autographs	CTA-CWT	Bobby Witt Jr. / Trea Turner / Corbin Carroll	Kansas City Royals,True
2024_topps_chrome_update,2024,Topps,Chrome Update,Triple Autographs,,CTA-CWT,Bobby Witt Jr. / Trea Turner / Corbin Carroll,Philadelphia Phillies,Triple Autographs	CTA-CWT	Bobby Witt Jr. / Trea Turner / Corbin Carroll	Philadelphia Phillies,True
2024_topps_chrome_update,2024,Topps,Chrome Update,Triple Autographs,,CTA-CWT,Bobby Witt Jr. / Trea Turner / Corbin Carroll,Arizona Diamondbacks,Triple Autographs	CTA-CWT	Bobby Witt Jr. / Trea Turner / Corbin Carroll	Arizona Diamondbacks,True
2024_topps_chrome_update,2024,Topps,Chrome Update,Triple Autographs,,CTA-HCM,Jackson Chourio / Jackson Merrill / Jackson Holliday,Milwaukee Brewers,Triple Autographs	CTA-HCM	Jackson Chourio / Jackson Merrill / Jackson Holliday	Milwaukee Brewers,True
2024_topps_chrome_update,2024,Topps,Chrome Update,Triple Autographs,,CTA-HCM,Jackson Chourio / Jackson Merrill / Jackson Holliday,San Diego Padres,Triple Autographs	CTA-HCM	Jackson Chourio / Jackson Merrill / Jackson Holliday	San Diego Padres,True
2024_topps_chrome_update,2024,Topps,Chrome Update,Triple Autographs,,CTA-HCM,Jackson Chourio / Jackson Merrill / Jackson Holliday,Baltimore Orioles,Triple Autographs	CTA-HCM	Jackson Chourio / Jackson Merrill / Jackson Holliday	Baltimore Orioles,True
2024_topps_chrome_update,2024,Topps,Chrome Update,Triple Autographs,,CTA-HMJ,Reggie Jackson / Rickey Henderson / Mark McGwire,Oakland Athletics,Triple Autographs	CTA-HMJ	Reggie Jackson / Rickey Henderson / Mark McGwire	Oakland Athletics,True
2024_topps_chrome_update,2024,Topps,Chrome Update,Triple Autographs,,CTA-HRH,Jackson Holliday / Adley Rutschman / Gunnar Henderson,Baltimore Orioles,Triple Autographs	CTA-HRH	Jackson Holliday / Adley Rutschman / Gunnar Henderson	Baltimore Orioles,True
2024_topps_chrome_update,2024,Topps,Chrome Update,Triple Autographs,,CTA-JSD,Jasson Domínguez / Aaron Judge / Juan Soto,New York Yankees,Triple Autographs	CTA-JSD	Jasson Domínguez / Aaron Judge / Juan Soto	New York Yankees,True
2024_topps_chrome_update,2024,Topps,Chrome Update,Triple Autographs,,CTA-MOD,Pedro Martinez / Rafael Devers / David Ortiz,Boston Red Sox,Triple Autographs	CTA-MOD	Pedro Martinez / Rafael Devers / David Ortiz	Boston Red Sox,True
2024_topps_chrome_update,2024,Topps,Chrome Update,Triple Autographs,,CTA-MSG,Tom Glavine / John Smoltz / Greg Maddux,Atlanta Braves,Triple Autographs	CTA-MSG	Tom Glavine / John Smoltz / Greg Maddux	Atlanta Braves,True
2024_topps_chrome_update,2024,Topps,Chrome Update,Triple Autographs,,CTA-PMG,Albert Pujols / Mark McGwire / Paul Goldschmidt,St. Louis Cardinals,Triple Autographs	CTA-PMG	Albert Pujols / Mark McGwire / Paul Goldschmidt	St. Louis Cardinals,True
2024_topps_chrome_update,2024,Topps,Chrome Update,Triple Autographs,,CTA-PRA,Mike Piazza / Pete Alonso / David Wright,New York Mets,Triple Autographs	CTA-PRA	Mike Piazza / Pete Alonso / David Wright	New York Mets,True
2024_topps_chrome_update,2024,Topps,Chrome Update,Triple Autographs,,CTA-SJR,Paul Skenes / Jared Jones / Bryan Reynolds,Pittsburgh Pirates,Triple Autographs	CTA-SJR	Paul Skenes / Jared Jones / Bryan Reynolds	Pittsburgh Pirates,True
2024_topps_chrome_update,2024,Topps,Chrome Update,Triple Autographs,,CTA-SSJ,Marcus Semien / Corey Seager / Josh Jung,Texas Rangers,Triple Autographs	CTA-SSJ	Marcus Semien / Corey Seager / Josh Jung	Texas Rangers,True
2024_topps_chrome_update,2024,Topps,Chrome Update,Triple Autographs,,CTA-TAG,Vladimir Guerrero Jr. / Fernando Tatis Jr. / Ronald Acuña Jr.,Toronto Blue Jays,Triple Autographs	CTA-TAG	Vladimir Guerrero Jr. / Fernando Tatis Jr. / Ronald Acuña Jr.	Toronto Blue Jays,True
2024_topps_chrome_update,2024,Topps,Chrome Update,Triple Autographs,,CTA-TAG,Vladimir Guerrero Jr. / Fernando Tatis Jr. / Ronald Acuña Jr.,San Diego Padres,Triple Autographs	CTA-TAG	Vladimir Guerrero Jr. / Fernando Tatis Jr. / Ronald Acuña Jr.	San Diego Padres,True
2024_topps_chrome_update,2024,Topps,Chrome Update,Triple Autographs,,CTA-TAG,Vladimir Guerrero Jr. / Fernando Tatis Jr. / Ronald Acuña Jr.,Atlanta Braves,Triple Autographs	CTA-TAG	Vladimir Guerrero Jr. / Fernando Tatis Jr. / Ronald Acuña Jr.	Atlanta Braves,True
2024_topps_chrome_update,2024,Topps,Chrome Update,Triple Autographs,,CTA-URH,Ryan Howard / Jimmy Rollins / Chase Utley,Philadelphia Phillies,Triple Autographs	CTA-URH	Ryan Howard / Jimmy Rollins / Chase Utley	Philadelphia Phillies,True
2024_topps_chrome_update,2024,Topps,Chrome Update,Triple Autographs,,CTA-WVD,Elly De La Cruz / Bobby Witt Jr. / Anthony Volpe,Cincinnati Reds,Triple Autographs	CTA-WVD	Elly De La Cruz / Bobby Witt Jr. / Anthony Volpe	Cincinnati Reds,True
2024_topps_chrome_update,2024,Topps,Chrome Update,Triple Autographs,,CTA-WVD,Elly De La Cruz / Bobby Witt Jr. / Anthony Volpe,Kansas City Royals,Triple Autographs	CTA-WVD	Elly De La Cruz / Bobby Witt Jr. / Anthony Volpe	Kansas City Royals,True
2024_topps_chrome_update,2024,Topps,Chrome Update,Triple Autographs,,CTA-WVD,Elly De La Cruz / Bobby Witt Jr. / Anthony Volpe,New York Yankees,Triple Autographs	CTA-WVD	Elly De La Cruz / Bobby Witt Jr. / Anthony Volpe	New York Yankees,True
