set_key,year,brand,product,section,section_card_count,card_number,player_name_raw,affiliation_raw,raw_line,is_multi_player
2024_topps_chrome,2024,Topps,Chrome,Base,,1,Shohei Ohtani,Los Angeles Dodgers,Base	1	Shohei Ohtani	Los Angeles Dodgers,False
2024_topps_chrome,2024,Topps,Chrome,Base,,2,Colt Keith,Detroit Tigers	RC,Base	2	Colt Keith	Detroit Tigers	RC,False
2024_topps_chrome,2024,Topps,Chrome,Base,,3,Corbin Burnes,Baltimore Orioles,Base	3	Corbin Burnes	Baltimore Orioles,False
2024_topps_chrome,2024,Topps,Chrome,Base,,4,Freddie Freeman,Los Angeles Dodgers,Base	4	Freddie Freeman	Los Angeles Dodgers,False
2024_topps_chrome,2024,Topps,Chrome,Base,,5,Lawrence Butler,Oakland Athletics	RC,Base	5	Lawrence Butler	Oakland Athletics	RC,False
2024_topps_chrome,2024,Topps,Chrome,Base,,6,Eury Pérez,Miami Marlins,Base	6	Eury Pérez	Miami Marlins,False
2024_topps_chrome,2024,Topps,Chrome,Base,,7,MJ Melendez,Kansas City Royals,Base	7	MJ Melendez	Kansas City Royals,False
2024_topps_chrome,2024,Topps,Chrome,Base,,8,Tristan Gray,Tampa Bay Rays	RC,Base	8	Tristan Gray	Tampa Bay Rays	RC,False
2024_topps_chrome,2024,Topps,Chrome,Base,,9,Ozzie Albies,Atlanta Braves,Base	9	Ozzie Albies	Atlanta Braves,False
2024_topps_chrome,2024,Topps,Chrome,Base,,10,Byron Buxton,Minnesota Twins,Base	10	Byron Buxton	Minnesota Twins,False
2024_topps_chrome,2024,Topps,Chrome,Base,,11,Alex Verdugo,New York Yankees,Base	11	Alex Verdugo	New York Yankees,False
2024_topps_chrome,2024,Topps,Chrome,Base,,12,Manny Machado,San Diego Padres,Base	12	Manny Machado	San Diego Padres,False
2024_topps_chrome,2024,Topps,Chrome,Base,,13,Seiya Suzuki,Chicago Cubs,Base	13	Seiya Suzuki	Chicago Cubs,False
2024_topps_chrome,2024,Topps,Chrome,Base,,14,J.P. Crawford,Seattle Mariners,Base	14	J.P. Crawford	Seattle Mariners,False
2024_topps_chrome,2024,Topps,Chrome,Base,,15,Gavin Williams,Cleveland Guardians	RC,Base	15	Gavin Williams	Cleveland Guardians	RC,False
2024_topps_chrome,2024,Topps,Chrome,Base,,16,Pete Crow-Armstrong,Chicago Cubs	RC,Base	16	Pete Crow-Armstrong	Chicago Cubs	RC,False
2024_topps_chrome,2024,Topps,Chrome,Base,,17,Brett Baty,New York Mets,Base	17	Brett Baty	New York Mets,False
2024_topps_chrome,2024,Topps,Chrome,Base,,18,Yoshinobu Yamamoto,Los Angeles Dodgers	RC,Base	18	Yoshinobu Yamamoto	Los Angeles Dodgers	RC,False
2024_topps_chrome,2024,Topps,Chrome,Base,,19,AJ Smith-Shawver,Atlanta Braves	RC,Base	19	AJ Smith-Shawver	Atlanta Braves	RC,False
2024_topps_chrome,2024,Topps,Chrome,Base,,20,Connor Phillips,Cincinnati Reds	RC,Base	20	Connor Phillips	Cincinnati Reds	RC,False
2024_topps_chrome,2024,Topps,Chrome,Base,,21,Gabriel Moreno,Arizona Diamondbacks,Base	21	Gabriel Moreno	Arizona Diamondbacks,False
2024_topps_chrome,2024,Topps,Chrome,Base,,22,Wade Meckler,San Francisco Giants	RC,Base	22	Wade Meckler	San Francisco Giants	RC,False
2024_topps_chrome,2024,Topps,Chrome,Base,,23,Matt Olson,Atlanta Braves,Base	23	Matt Olson	Atlanta Braves,False
2024_topps_chrome,2024,Topps,Chrome,Base,,24,William Contreras,Milwaukee Brewers,Base	24	William Contreras	Milwaukee Brewers,False
2024_topps_chrome,2024,Topps,Chrome,Base,,25,Zack Wheeler,Philadelphia Phillies,Base	25	Zack Wheeler	Philadelphia Phillies,False
2024_topps_chrome,2024,Topps,Chrome,Base,,26,Spencer Horwitz,Toronto Blue Jays	RC,Base	26	Spencer Horwitz	Toronto Blue Jays	RC,False
2024_topps_chrome,2024,Topps,Chrome,Base,,27,Bo Bichette,Toronto Blue Jays,Base	27	Bo Bichette	Toronto Blue Jays,False
2024_topps_chrome,2024,Topps,Chrome,Base,,28,Ronny Mauricio,New York Mets	RC,Base	28	Ronny Mauricio	New York Mets	RC,False
2024_topps_chrome,2024,Topps,Chrome,Base,,29,José Tena,Cleveland Guardians	RC,Base	29	José Tena	Cleveland Guardians	RC,False
2024_topps_chrome,2024,Topps,Chrome,Base,,30,Steven Kwan,Cleveland Guardians,Base	30	Steven Kwan	Cleveland Guardians,False
2024_topps_chrome,2024,Topps,Chrome,Base,,31,Kodai Senga,New York Mets,Base	31	Kodai Senga	New York Mets,False
2024_topps_chrome,2024,Topps,Chrome,Base,,32,Xander Bogaerts,San Diego Padres,Base	32	Xander Bogaerts	San Diego Padres,False
2024_topps_chrome,2024,Topps,Chrome,Base,,33,Andrew Benintendi,Chicago White Sox,Base	33	Andrew Benintendi	Chicago White Sox,False
2024_topps_chrome,2024,Topps,Chrome,Base,,34,Alika Williams,Pittsburgh Pirates	RC,Base	34	Alika Williams	Pittsburgh Pirates	RC,False
2024_topps_chrome,2024,Topps,Chrome,Base,,35,Ketel Marte,Arizona Diamondbacks,Base	35	Ketel Marte	Arizona Diamondbacks,False
2024_topps_chrome,2024,Topps,Chrome,Base,,36,Gunnar Henderson,Baltimore Orioles,Base	36	Gunnar Henderson	Baltimore Orioles,False
2024_topps_chrome,2024,Topps,Chrome,Base,,37,Max Scherzer,Texas Rangers,Base	37	Max Scherzer	Texas Rangers,False
2024_topps_chrome,2024,Topps,Chrome,Base,,38,Triston Casas,Boston Red Sox,Base	38	Triston Casas	Boston Red Sox,False
2024_topps_chrome,2024,Topps,Chrome,Base,,39,Sal Frelick,Milwaukee Brewers	(RC),Base	39	Sal Frelick	Milwaukee Brewers	(RC),False
2024_topps_chrome,2024,Topps,Chrome,Base,,40,Reese Olson,Detroit Tigers	RC,Base	40	Reese Olson	Detroit Tigers	RC,False
2024_topps_chrome,2024,Topps,Chrome,Base,,41,Osleivis Basabe,Tampa Bay Rays	RC,Base	41	Osleivis Basabe	Tampa Bay Rays	RC,False
2024_topps_chrome,2024,Topps,Chrome,Base,,42,Jackson Rutledge,Washington Nationals	RC,Base	42	Jackson Rutledge	Washington Nationals	RC,False
2024_topps_chrome,2024,Topps,Chrome,Base,,43,Paul Blackburn,Oakland Athletics,Base	43	Paul Blackburn	Oakland Athletics,False
2024_topps_chrome,2024,Topps,Chrome,Base,,44,Elly De La Cruz,Cincinnati Reds	RC,Base	44	Elly De La Cruz	Cincinnati Reds	RC,False
2024_topps_chrome,2024,Topps,Chrome,Base,,45,Grant Hartwig,New York Mets	RC,Base	45	Grant Hartwig	New York Mets	RC,False
2024_topps_chrome,2024,Topps,Chrome,Base,,46,Dane Myers,Miami Marlins	RC,Base	46	Dane Myers	Miami Marlins	RC,False
2024_topps_chrome,2024,Topps,Chrome,Base,,47,Chris Murphy,Boston Red Sox	RC,Base	47	Chris Murphy	Boston Red Sox	RC,False
2024_topps_chrome,2024,Topps,Chrome,Base,,48,Matt McLain,Cincinnati Reds,Base	48	Matt McLain	Cincinnati Reds,False
2024_topps_chrome,2024,Topps,Chrome,Base,,49,David Hamilton,Boston Red Sox	RC,Base	49	David Hamilton	Boston Red Sox	RC,False
2024_topps_chrome,2024,Topps,Chrome,Base,,50,Aaron Judge,New York Yankees,Base	50	Aaron Judge	New York Yankees,False
2024_topps_chrome,2024,Topps,Chrome,Base,,51,Mickey Moniak,Los Angeles Angels,Base	51	Mickey Moniak	Los Angeles Angels,False
2024_topps_chrome,2024,Topps,Chrome,Base,,52,Michael Harris II,Atlanta Braves,Base	52	Michael Harris II	Atlanta Braves,False
2024_topps_chrome,2024,Topps,Chrome,Base,,53,Alex Bregman,Houston Astros,Base	53	Alex Bregman	Houston Astros,False
2024_topps_chrome,2024,Topps,Chrome,Base,,54,Tyler Glasnow,Los Angeles Dodgers,Base	54	Tyler Glasnow	Los Angeles Dodgers,False
2024_topps_chrome,2024,Topps,Chrome,Base,,55,Quinn Priester,Pittsburgh Pirates	RC,Base	55	Quinn Priester	Pittsburgh Pirates	RC,False
2024_topps_chrome,2024,Topps,Chrome,Base,,56,Jack Flaherty,Detroit Tigers,Base	56	Jack Flaherty	Detroit Tigers,False
2024_topps_chrome,2024,Topps,Chrome,Base,,57,Teoscar Hernández,Los Angeles Dodgers,Base	57	Teoscar Hernández	Los Angeles Dodgers,False
2024_topps_chrome,2024,Topps,Chrome,Base,,58,Jose Altuve,Houston Astros,Base	58	Jose Altuve	Houston Astros,False
2024_topps_chrome,2024,Topps,Chrome,Base,,59,Lourdes Gurriel Jr.,Arizona Diamondbacks,Base	59	Lourdes Gurriel Jr.	Arizona Diamondbacks,False
2024_topps_chrome,2024,Topps,Chrome,Base,,60,David Bednar,Pittsburgh Pirates,Base	60	David Bednar	Pittsburgh Pirates,False
2024_topps_chrome,2024,Topps,Chrome,Base,,61,Anthony Rendon,Los Angeles Angels,Base	61	Anthony Rendon	Los Angeles Angels,False
2024_topps_chrome,2024,Topps,Chrome,Base,,62,Bryce Harper,Philadelphia Phillies,Base	62	Bryce Harper	Philadelphia Phillies,False
2024_topps_chrome,2024,Topps,Chrome,Base,,63,Masataka Yoshida,Boston Red Sox,Base	63	Masataka Yoshida	Boston Red Sox,False
2024_topps_chrome,2024,Topps,Chrome,Base,,64,Keibert Ruiz,Washington Nationals,Base	64	Keibert Ruiz	Washington Nationals,False
2024_topps_chrome,2024,Topps,Chrome,Base,,65,Christian Encarnacion-Stra,Cincinnati Reds	RC,Base	65	Christian Encarnacion-Stra	Cincinnati Reds	RC,False
2024_topps_chrome,2024,Topps,Chrome,Base,,66,Lane Thomas,Washington Nationals,Base	66	Lane Thomas	Washington Nationals,False
2024_topps_chrome,2024,Topps,Chrome,Base,,67,Jordan Wicks,Chicago Cubs	RC,Base	67	Jordan Wicks	Chicago Cubs	RC,False
2024_topps_chrome,2024,Topps,Chrome,Base,,68,James Outman,Los Angeles Dodgers,Base	68	James Outman	Los Angeles Dodgers,False
2024_topps_chrome,2024,Topps,Chrome,Base,,69,Kyle Bradish,Baltimore Orioles,Base	69	Kyle Bradish	Baltimore Orioles,False
2024_topps_chrome,2024,Topps,Chrome,Base,,70,Jazz Chisholm Jr.,Miami Marlins,Base	70	Jazz Chisholm Jr.	Miami Marlins,False
2024_topps_chrome,2024,Topps,Chrome,Base,,71,Kyle Schwarber,Philadelphia Phillies,Base	71	Kyle Schwarber	Philadelphia Phillies,False
2024_topps_chrome,2024,Topps,Chrome,Base,,72,Nick Gonzales,Pittsburgh Pirates	RC,Base	72	Nick Gonzales	Pittsburgh Pirates	RC,False
2024_topps_chrome,2024,Topps,Chrome,Base,,73,Spencer Torkelson,Detroit Tigers,Base	73	Spencer Torkelson	Detroit Tigers,False
2024_topps_chrome,2024,Topps,Chrome,Base,,74,Jonathan Ornelas,Texas Rangers	RC,Base	74	Jonathan Ornelas	Texas Rangers	RC,False
2024_topps_chrome,2024,Topps,Chrome,Base,,75,Bryce Jarvis,Arizona Diamondbacks	RC,Base	75	Bryce Jarvis	Arizona Diamondbacks	RC,False
2024_topps_chrome,2024,Topps,Chrome,Base,,76,Isaiah Campbell,Boston Red Sox	RC,Base	76	Isaiah Campbell	Boston Red Sox	RC,False
2024_topps_chrome,2024,Topps,Chrome,Base,,77,Slade Cecconi,Arizona Diamondbacks	RC,Base	77	Slade Cecconi	Arizona Diamondbacks	RC,False
2024_topps_chrome,2024,Topps,Chrome,Base,,78,Vladimir Guerrero Jr.,Toronto Blue Jays,Base	78	Vladimir Guerrero Jr.	Toronto Blue Jays,False
2024_topps_chrome,2024,Topps,Chrome,Base,,79,Jared Triolo,Pittsburgh Pirates	RC,Base	79	Jared Triolo	Pittsburgh Pirates	RC,False
2024_topps_chrome,2024,Topps,Chrome,Base,,80,Adley Rutschman,Baltimore Orioles,Base	80	Adley Rutschman	Baltimore Orioles,False
2024_topps_chrome,2024,Topps,Chrome,Base,,81,Matt Chapman,San Francisco Giants,Base	81	Matt Chapman	San Francisco Giants,False
2024_topps_chrome,2024,Topps,Chrome,Base,,82,Cedric Mullins,Baltimore Orioles,Base	82	Cedric Mullins	Baltimore Orioles,False
2024_topps_chrome,2024,Topps,Chrome,Base,,83,Taj Bradley,Tampa Bay Rays,Base	83	Taj Bradley	Tampa Bay Rays,False
2024_topps_chrome,2024,Topps,Chrome,Base,,84,Austin Riley,Atlanta Braves,Base	84	Austin Riley	Atlanta Braves,False
2024_topps_chrome,2024,Topps,Chrome,Base,,85,Drew Millas,Washington Nationals	RC,Base	85	Drew Millas	Washington Nationals	RC,False
2024_topps_chrome,2024,Topps,Chrome,Base,,86,Luis Robert Jr.,Chicago White Sox,Base	86	Luis Robert Jr.	Chicago White Sox,False
2024_topps_chrome,2024,Topps,Chrome,Base,,87,Mike Yastrzemski,San Francisco Giants,Base	87	Mike Yastrzemski	San Francisco Giants,False
2024_topps_chrome,2024,Topps,Chrome,Base,,88,Jackson Holliday,Baltimore Orioles	RC,Base	88	Jackson Holliday	Baltimore Orioles	RC,False
2024_topps_chrome,2024,Topps,Chrome,Base,,89,Jasson Domínguez,New York Yankees	(RC),Base	89	Jasson Domínguez	New York Yankees	(RC),False
2024_topps_chrome,2024,Topps,Chrome,Base,,90,Paul Goldschmidt,St. Louis Cardinals,Base	90	Paul Goldschmidt	St. Louis Cardinals,False
2024_topps_chrome,2024,Topps,Chrome,Base,,91,Joe Boyle,Oakland Athletics	RC,Base	91	Joe Boyle	Oakland Athletics	RC,False
2024_topps_chrome,2024,Topps,Chrome,Base,,92,Jacob Amaya,Miami Marlins	RC,Base	92	Jacob Amaya	Miami Marlins	RC,False
2024_topps_chrome,2024,Topps,Chrome,Base,,93,Rafael Devers,Boston Red Sox,Base	93	Rafael Devers	Boston Red Sox,False
2024_topps_chrome,2024,Topps,Chrome,Base,,94,MacKenzie Gore,Washington Nationals,Base	94	MacKenzie Gore	Washington Nationals,False
2024_topps_chrome,2024,Topps,Chrome,Base,,95,Irving Lopez,St. Louis Cardinals	RC,Base	95	Irving Lopez	St. Louis Cardinals	RC,False
2024_topps_chrome,2024,Topps,Chrome,Base,,96,Jared Jones,Pittsburgh Pirates	RC,Base	96	Jared Jones	Pittsburgh Pirates	RC,False
2024_topps_chrome,2024,Topps,Chrome,Base,,97,Nolan Gorman,St. Louis Cardinals,Base	97	Nolan Gorman	St. Louis Cardinals,False
2024_topps_chrome,2024,Topps,Chrome,Base,,98,Oneil Cruz,Pittsburgh Pirates,Base	98	Oneil Cruz	Pittsburgh Pirates,False
2024_topps_chrome,2024,Topps,Chrome,Base,,99,Hunter Goodman,Colorado Rockies	RC,Base	99	Hunter Goodman	Colorado Rockies	RC,False
2024_topps_chrome,2024,Topps,Chrome,Base,,100,Corey Seager,Texas Rangers,Base	100	Corey Seager	Texas Rangers,False
2024_topps_chrome,2024,Topps,Chrome,Base,,101,Riley Greene,Detroit Tigers,Base	101	Riley Greene	Detroit Tigers,False
2024_topps_chrome,2024,Topps,Chrome,Base,,102,Marcus Semien,Texas Rangers,Base	102	Marcus Semien	Texas Rangers,False
2024_topps_chrome,2024,Topps,Chrome,Base,,103,Devin Williams,Milwaukee Brewers,Base	103	Devin Williams	Milwaukee Brewers,False
2024_topps_chrome,2024,Topps,Chrome,Base,,104,Spencer Steer,Cincinnati Reds,Base	104	Spencer Steer	Cincinnati Reds,False
2024_topps_chrome,2024,Topps,Chrome,Base,,105,Ezequiel Tovar,Colorado Rockies,Base	105	Ezequiel Tovar	Colorado Rockies,False
2024_topps_chrome,2024,Topps,Chrome,Base,,106,Robbie Ray,San Francisco Giants,Base	106	Robbie Ray	San Francisco Giants,False
2024_topps_chrome,2024,Topps,Chrome,Base,,107,Yandy Díaz,Tampa Bay Rays,Base	107	Yandy Díaz	Tampa Bay Rays,False
2024_topps_chrome,2024,Topps,Chrome,Base,,108,Jake Burger,Miami Marlins,Base	108	Jake Burger	Miami Marlins,False
2024_topps_chrome,2024,Topps,Chrome,Base,,109,Javier Báez,Detroit Tigers,Base	109	Javier Báez	Detroit Tigers,False
2024_topps_chrome,2024,Topps,Chrome,Base,,110,Clayton Kershaw,Los Angeles Dodgers,Base	110	Clayton Kershaw	Los Angeles Dodgers,False
2024_topps_chrome,2024,Topps,Chrome,Base,,111,Jack Leiter,Texas Rangers	RC,Base	111	Jack Leiter	Texas Rangers	RC,False
2024_topps_chrome,2024,Topps,Chrome,Base,,112,Kyle Tucker,Houston Astros,Base	112	Kyle Tucker	Houston Astros,False
2024_topps_chrome,2024,Topps,Chrome,Base,,113,Brayan Rocchio,Cleveland Guardians,Base	113	Brayan Rocchio	Cleveland Guardians,False
2024_topps_chrome,2024,Topps,Chrome,Base,,114,Adolis García,Texas Rangers,Base	114	Adolis García	Texas Rangers,False
2024_topps_chrome,2024,Topps,Chrome,Base,,115,José Rodríguez,Chicago White Sox	RC,Base	115	José Rodríguez	Chicago White Sox	RC,False
2024_topps_chrome,2024,Topps,Chrome,Base,,116,Yuki Matsui,San Diego Padres	RC,Base	116	Yuki Matsui	San Diego Padres	RC,False
2024_topps_chrome,2024,Topps,Chrome,Base,,117,Salvador Perez,Kansas City Royals,Base	117	Salvador Perez	Kansas City Royals,False
2024_topps_chrome,2024,Topps,Chrome,Base,,118,Ceddanne Rafaela,Boston Red Sox	RC,Base	118	Ceddanne Rafaela	Boston Red Sox	RC,False
2024_topps_chrome,2024,Topps,Chrome,Base,,119,Cal Raleigh,Seattle Mariners,Base	119	Cal Raleigh	Seattle Mariners,False
2024_topps_chrome,2024,Topps,Chrome,Base,,120,Bobby Witt Jr.,Kansas City Royals,Base	120	Bobby Witt Jr.	Kansas City Royals,False
2024_topps_chrome,2024,Topps,Chrome,Base,,121,Shota Imanaga,Chicago Cubs	RC,Base	121	Shota Imanaga	Chicago Cubs	RC,False
2024_topps_chrome,2024,Topps,Chrome,Base,,122,Wyatt Langford,Texas Rangers	RC,Base	122	Wyatt Langford	Texas Rangers	RC,False
2024_topps_chrome,2024,Topps,Chrome,Base,,123,Zach Neto,Los Angeles Angels,Base	123	Zach Neto	Los Angeles Angels,False
2024_topps_chrome,2024,Topps,Chrome,Base,,124,Andrew McCutchen,Pittsburgh Pirates,Base	124	Andrew McCutchen	Pittsburgh Pirates,False
2024_topps_chrome,2024,Topps,Chrome,Base,,125,Eloy Jiménez,Chicago White Sox,Base	125	Eloy Jiménez	Chicago White Sox,False
2024_topps_chrome,2024,Topps,Chrome,Base,,126,Willy Adames,Milwaukee Brewers,Base	126	Willy Adames	Milwaukee Brewers,False
2024_topps_chrome,2024,Topps,Chrome,Base,,127,Anthony Rizzo,New York Yankees,Base	127	Anthony Rizzo	New York Yankees,False
2024_topps_chrome,2024,Topps,Chrome,Base,,128,Ryan Pepiot,Tampa Bay Rays,Base	128	Ryan Pepiot	Tampa Bay Rays,False
2024_topps_chrome,2024,Topps,Chrome,Base,,129,Luis Castillo,Seattle Mariners,Base	129	Luis Castillo	Seattle Mariners,False
2024_topps_chrome,2024,Topps,Chrome,Base,,130,Yennier Cano,Baltimore Orioles,Base	130	Yennier Cano	Baltimore Orioles,False
2024_topps_chrome,2024,Topps,Chrome,Base,,131,Tyler Fitzgerald,San Francisco Giants	RC,Base	131	Tyler Fitzgerald	San Francisco Giants	RC,False
2024_topps_chrome,2024,Topps,Chrome,Base,,132,Luken Baker,St. Louis Cardinals	RC,Base	132	Luken Baker	St. Louis Cardinals	RC,False
2024_topps_chrome,2024,Topps,Chrome,Base,,133,Dominic Canzone,Seattle Mariners	RC,Base	133	Dominic Canzone	Seattle Mariners	RC,False
2024_topps_chrome,2024,Topps,Chrome,Base,,134,George Springer,Toronto Blue Jays,Base	134	George Springer	Toronto Blue Jays,False
2024_topps_chrome,2024,Topps,Chrome,Base,,135,Shane McClanahan,Tampa Bay Rays,Base	135	Shane McClanahan	Tampa Bay Rays,False
2024_topps_chrome,2024,Topps,Chrome,Base,,136,Evan Carter,Texas Rangers	RC,Base	136	Evan Carter	Texas Rangers	RC,False
2024_topps_chrome,2024,Topps,Chrome,Base,,137,Francisco Lindor,New York Mets,Base	137	Francisco Lindor	New York Mets,False
2024_topps_chrome,2024,Topps,Chrome,Base,,138,Sandy Alcantara,Miami Marlins,Base	138	Sandy Alcantara	Miami Marlins,False
2024_topps_chrome,2024,Topps,Chrome,Base,,139,Brenton Doyle,Colorado Rockies,Base	139	Brenton Doyle	Colorado Rockies,False
2024_topps_chrome,2024,Topps,Chrome,Base,,140,Daulton Varsho,Toronto Blue Jays,Base	140	Daulton Varsho	Toronto Blue Jays,False
2024_topps_chrome,2024,Topps,Chrome,Base,,141,Nico Hoerner,Chicago Cubs,Base	141	Nico Hoerner	Chicago Cubs,False
2024_topps_chrome,2024,Topps,Chrome,Base,,142,Heston Kjerstad,Baltimore Orioles	RC,Base	142	Heston Kjerstad	Baltimore Orioles	RC,False
2024_topps_chrome,2024,Topps,Chrome,Base,,143,Sonny Gray,St. Louis Cardinals,Base	143	Sonny Gray	St. Louis Cardinals,False
2024_topps_chrome,2024,Topps,Chrome,Base,,144,Chris Sale,Atlanta Braves,Base	144	Chris Sale	Atlanta Braves,False
2024_topps_chrome,2024,Topps,Chrome,Base,,145,Jordyn Adams,Los Angeles Angels	RC,Base	145	Jordyn Adams	Los Angeles Angels	RC,False
2024_topps_chrome,2024,Topps,Chrome,Base,,146,Bryan Reynolds,Pittsburgh Pirates,Base	146	Bryan Reynolds	Pittsburgh Pirates,False
2024_topps_chrome,2024,Topps,Chrome,Base,,147,Zac Gallen,Arizona Diamondbacks,Base	147	Zac Gallen	Arizona Diamondbacks,False
2024_topps_chrome,2024,Topps,Chrome,Base,,148,Tyler Cropley,Kansas City Royals	RC,Base	148	Tyler Cropley	Kansas City Royals	RC,False
2024_topps_chrome,2024,Topps,Chrome,Base,,149,Shane Bieber,Cleveland Guardians,Base	149	Shane Bieber	Cleveland Guardians,False
2024_topps_chrome,2024,Topps,Chrome,Base,,150,Juan Soto,New York Yankees,Base	150	Juan Soto	New York Yankees,False
2024_topps_chrome,2024,Topps,Chrome,Base,,151,Kyren Paris,Los Angeles Angels	RC,Base	151	Kyren Paris	Los Angeles Angels	RC,False
2024_topps_chrome,2024,Topps,Chrome,Base,,152,Edouard Julien,Minnesota Twins,Base	152	Edouard Julien	Minnesota Twins,False
2024_topps_chrome,2024,Topps,Chrome,Base,,153,Randy Arozarena,Tampa Bay Rays,Base	153	Randy Arozarena	Tampa Bay Rays,False
2024_topps_chrome,2024,Topps,Chrome,Base,,154,Andrew Abbott,Cincinnati Reds	RC,Base	154	Andrew Abbott	Cincinnati Reds	RC,False
2024_topps_chrome,2024,Topps,Chrome,Base,,155,Zach Remillard,Chicago White Sox	RC,Base	155	Zach Remillard	Chicago White Sox	RC,False
2024_topps_chrome,2024,Topps,Chrome,Base,,156,Carlos Correa,Minnesota Twins,Base	156	Carlos Correa	Minnesota Twins,False
2024_topps_chrome,2024,Topps,Chrome,Base,,157,Charlie Blackmon,Colorado Rockies,Base	157	Charlie Blackmon	Colorado Rockies,False
2024_topps_chrome,2024,Topps,Chrome,Base,,158,Bo Naylor,Cleveland Guardians,Base	158	Bo Naylor	Cleveland Guardians,False
2024_topps_chrome,2024,Topps,Chrome,Base,,159,Justin Martinez,Arizona Diamondbacks	RC,Base	159	Justin Martinez	Arizona Diamondbacks	RC,False
2024_topps_chrome,2024,Topps,Chrome,Base,,160,Yoendrys Gómez,New York Yankees	RC,Base	160	Yoendrys Gómez	New York Yankees	RC,False
2024_topps_chrome,2024,Topps,Chrome,Base,,161,Jackson Chourio,Milwaukee Brewers	RC,Base	161	Jackson Chourio	Milwaukee Brewers	RC,False
2024_topps_chrome,2024,Topps,Chrome,Base,,162,Josh Hader,Houston Astros,Base	162	Josh Hader	Houston Astros,False
2024_topps_chrome,2024,Topps,Chrome,Base,,163,Jonny Deluca,Tampa Bay Rays	RC,Base	163	Jonny Deluca	Tampa Bay Rays	RC,False
2024_topps_chrome,2024,Topps,Chrome,Base,,164,Gerrit Cole,New York Yankees,Base	164	Gerrit Cole	New York Yankees,False
2024_topps_chrome,2024,Topps,Chrome,Base,,165,Wilyer Abreu,Boston Red Sox	RC,Base	165	Wilyer Abreu	Boston Red Sox	RC,False
2024_topps_chrome,2024,Topps,Chrome,Base,,166,Emmanuel Clase,Cleveland Guardians,Base	166	Emmanuel Clase	Cleveland Guardians,False
2024_topps_chrome,2024,Topps,Chrome,Base,,167,Carson Spiers,Cincinnati Reds	RC,Base	167	Carson Spiers	Cincinnati Reds	RC,False
2024_topps_chrome,2024,Topps,Chrome,Base,,168,Logan Webb,San Francisco Giants,Base	168	Logan Webb	San Francisco Giants,False
2024_topps_chrome,2024,Topps,Chrome,Base,,169,Trea Turner,Philadelphia Phillies,Base	169	Trea Turner	Philadelphia Phillies,False
2024_topps_chrome,2024,Topps,Chrome,Base,,170,Yordan Alvarez,Houston Astros,Base	170	Yordan Alvarez	Houston Astros,False
2024_topps_chrome,2024,Topps,Chrome,Base,,171,Joey Votto,Toronto Blue Jays,Base	171	Joey Votto	Toronto Blue Jays,False
2024_topps_chrome,2024,Topps,Chrome,Base,,172,Bryan Woo,Seattle Mariners	RC,Base	172	Bryan Woo	Seattle Mariners	RC,False
2024_topps_chrome,2024,Topps,Chrome,Base,,173,José Ramírez,Cleveland Guardians,Base	173	José Ramírez	Cleveland Guardians,False
2024_topps_chrome,2024,Topps,Chrome,Base,,174,Alexander Canario,Chicago Cubs	RC,Base	174	Alexander Canario	Chicago Cubs	RC,False
2024_topps_chrome,2024,Topps,Chrome,Base,,175,José Fermín,St. Louis Cardinals	RC,Base	175	José Fermín	St. Louis Cardinals	RC,False
2024_topps_chrome,2024,Topps,Chrome,Base,,176,Forrest Wall,Atlanta Braves	RC,Base	176	Forrest Wall	Atlanta Braves	RC,False
2024_topps_chrome,2024,Topps,Chrome,Base,,177,Noelvi Marte,Cincinnati Reds	RC,Base	177	Noelvi Marte	Cincinnati Reds	RC,False
2024_topps_chrome,2024,Topps,Chrome,Base,,178,Andrew Saalfrank,Arizona Diamondbacks	RC,Base	178	Andrew Saalfrank	Arizona Diamondbacks	RC,False
2024_topps_chrome,2024,Topps,Chrome,Base,,179,Kris Bryant,Colorado Rockies,Base	179	Kris Bryant	Colorado Rockies,False
2024_topps_chrome,2024,Topps,Chrome,Base,,180,Orion Kerkering,Philadelphia Phillies	RC,Base	180	Orion Kerkering	Philadelphia Phillies	RC,False
2024_topps_chrome,2024,Topps,Chrome,Base,,181,Seth Lugo,Kansas City Royals,Base	181	Seth Lugo	Kansas City Royals,False
2024_topps_chrome,2024,Topps,Chrome,Base,,182,Coco Montes,Colorado Rockies	RC,Base	182	Coco Montes	Colorado Rockies	RC,False
2024_topps_chrome,2024,Topps,Chrome,Base,,183,Nick Loftin,Kansas City Royals	RC,Base	183	Nick Loftin	Kansas City Royals	RC,False
2024_topps_chrome,2024,Topps,Chrome,Base,,184,Ian Happ,Chicago Cubs,Base	184	Ian Happ	Chicago Cubs,False
2024_topps_chrome,2024,Topps,Chrome,Base,,185,Jonathan India,Cincinnati Reds,Base	185	Jonathan India	Cincinnati Reds,False
2024_topps_chrome,2024,Topps,Chrome,Base,,186,Cole Ragans,Kansas City Royals,Base	186	Cole Ragans	Kansas City Royals,False
2024_topps_chrome,2024,Topps,Chrome,Base,,187,Steven Cruz,Kansas City Royals	RC,Base	187	Steven Cruz	Kansas City Royals	RC,False
2024_topps_chrome,2024,Topps,Chrome,Base,,188,Francisco Alvarez,New York Mets,Base	188	Francisco Alvarez	New York Mets,False
2024_topps_chrome,2024,Topps,Chrome,Base,,189,Masyn Winn,St. Louis Cardinals	RC,Base	189	Masyn Winn	St. Louis Cardinals	RC,False
2024_topps_chrome,2024,Topps,Chrome,Base,,190,JJ Bleday,Oakland Athletics,Base	190	JJ Bleday	Oakland Athletics,False
2024_topps_chrome,2024,Topps,Chrome,Base,,191,Kyle Harrison,San Francisco Giants	RC,Base	191	Kyle Harrison	San Francisco Giants	RC,False
2024_topps_chrome,2024,Topps,Chrome,Base,,192,Joe Musgrove,San Diego Padres,Base	192	Joe Musgrove	San Diego Padres,False
2024_topps_chrome,2024,Topps,Chrome,Base,,193,Grae Kessinger,Houston Astros	RC,Base	193	Grae Kessinger	Houston Astros	RC,False
2024_topps_chrome,2024,Topps,Chrome,Base,,194,Patrick Bailey,San Francisco Giants,Base	194	Patrick Bailey	San Francisco Giants,False
2024_topps_chrome,2024,Topps,Chrome,Base,,195,Drew Rom,St. Louis Cardinals	RC,Base	195	Drew Rom	St. Louis Cardinals	RC,False
2024_topps_chrome,2024,Topps,Chrome,Base,,196,Kerry Carpenter,Detroit Tigers,Base	196	Kerry Carpenter	Detroit Tigers,False
2024_topps_chrome,2024,Topps,Chrome,Base,,197,Darius Vines,Atlanta Braves	RC,Base	197	Darius Vines	Atlanta Braves	RC,False
2024_topps_chrome,2024,Topps,Chrome,Base,,198,Jordan Balazovic,Minnesota Twins	RC,Base	198	Jordan Balazovic	Minnesota Twins	RC,False
2024_topps_chrome,2024,Topps,Chrome,Base,,199,Logan O'Hoppe,Los Angeles Angels,Base	199	Logan O'Hoppe	Los Angeles Angels,False
2024_topps_chrome,2024,Topps,Chrome,Base,,200,Mike Trout,Los Angeles Angels,Base	200	Mike Trout	Los Angeles Angels,False
2024_topps_chrome,2024,Topps,Chrome,Base,,201,Jung Hoo Lee,San Francisco Giants	RC,Base	201	Jung Hoo Lee	San Francisco Giants	RC,False
2024_topps_chrome,2024,Topps,Chrome,Base,,202,Zack Greinke,Kansas City Royals,Base	202	Zack Greinke	Kansas City Royals,False
2024_topps_chrome,2024,Topps,Chrome,Base,,203,Yainer Díaz,Houston Astros,Base	203	Yainer Díaz	Houston Astros,False
2024_topps_chrome,2024,Topps,Chrome,Base,,204,Tim Anderson,Miami Marlins,Base	204	Tim Anderson	Miami Marlins,False
2024_topps_chrome,2024,Topps,Chrome,Base,,205,Shea Langeliers,Oakland Athletics,Base	205	Shea Langeliers	Oakland Athletics,False
2024_topps_chrome,2024,Topps,Chrome,Base,,206,Alex Kirilloff,Minnesota Twins,Base	206	Alex Kirilloff	Minnesota Twins,False
2024_topps_chrome,2024,Topps,Chrome,Base,,207,Jackson Merrill,San Diego Padres	RC,Base	207	Jackson Merrill	San Diego Padres	RC,False
2024_topps_chrome,2024,Topps,Chrome,Base,,208,Keaton Winn,San Francisco Giants	RC,Base	208	Keaton Winn	San Francisco Giants	RC,False
2024_topps_chrome,2024,Topps,Chrome,Base,,209,Curtis Mead,Tampa Bay Rays	RC,Base	209	Curtis Mead	Tampa Bay Rays	RC,False
2024_topps_chrome,2024,Topps,Chrome,Base,,210,Marco Luciano,San Francisco Giants	(RC),Base	210	Marco Luciano	San Francisco Giants	(RC),False
2024_topps_chrome,2024,Topps,Chrome,Base,,211,Owen White,Texas Rangers	RC,Base	211	Owen White	Texas Rangers	RC,False
2024_topps_chrome,2024,Topps,Chrome,Base,,212,Jordan Walker,St. Louis Cardinals,Base	212	Jordan Walker	St. Louis Cardinals,False
2024_topps_chrome,2024,Topps,Chrome,Base,,213,Junior Caminero,Tampa Bay Rays	RC,Base	213	Junior Caminero	Tampa Bay Rays	RC,False
2024_topps_chrome,2024,Topps,Chrome,Base,,214,Josh Jung,Texas Rangers,Base	214	Josh Jung	Texas Rangers,False
2024_topps_chrome,2024,Topps,Chrome,Base,,215,Nolan Arenado,St. Louis Cardinals,Base	215	Nolan Arenado	St. Louis Cardinals,False
2024_topps_chrome,2024,Topps,Chrome,Base,,216,Luis Arraez,San Diego Padres,Base	216	Luis Arraez	San Diego Padres,False
2024_topps_chrome,2024,Topps,Chrome,Base,,217,Royce Lewis,Minnesota Twins,Base	217	Royce Lewis	Minnesota Twins,False
2024_topps_chrome,2024,Topps,Chrome,Base,,218,Blake Snell,San Francisco Giants,Base	218	Blake Snell	San Francisco Giants,False
2024_topps_chrome,2024,Topps,Chrome,Base,,219,Nick Castellanos,Philadelphia Phillies,Base	219	Nick Castellanos	Philadelphia Phillies,False
2024_topps_chrome,2024,Topps,Chrome,Base,,220,Casey Schmitt,San Francisco Giants,Base	220	Casey Schmitt	San Francisco Giants,False
2024_topps_chrome,2024,Topps,Chrome,Base,,221,Emmet Sheehan,Los Angeles Dodgers	RC,Base	221	Emmet Sheehan	Los Angeles Dodgers	RC,False
2024_topps_chrome,2024,Topps,Chrome,Base,,222,LaMonte Wade Jr.,San Francisco Giants,Base	222	LaMonte Wade Jr.	San Francisco Giants,False
2024_topps_chrome,2024,Topps,Chrome,Base,,223,Jorge Soler,San Francisco Giants,Base	223	Jorge Soler	San Francisco Giants,False
2024_topps_chrome,2024,Topps,Chrome,Base,,224,Dylan Cease,San Diego Padres,Base	224	Dylan Cease	San Diego Padres,False
2024_topps_chrome,2024,Topps,Chrome,Base,,225,Jacob Lopez,Tampa Bay Rays	RC,Base	225	Jacob Lopez	Tampa Bay Rays	RC,False
2024_topps_chrome,2024,Topps,Chrome,Base,,226,Trey Cabbage,Los Angeles Angels	RC,Base	226	Trey Cabbage	Los Angeles Angels	RC,False
2024_topps_chrome,2024,Topps,Chrome,Base,,227,Andre Lipcius,Detroit Tigers	RC,Base	227	Andre Lipcius	Detroit Tigers	RC,False
2024_topps_chrome,2024,Topps,Chrome,Base,,228,Jacob deGrom,Texas Rangers,Base	228	Jacob deGrom	Texas Rangers,False
2024_topps_chrome,2024,Topps,Chrome,Base,,229,Jordan Lawlar,Arizona Diamondbacks	(RC),Base	229	Jordan Lawlar	Arizona Diamondbacks	(RC),False
2024_topps_chrome,2024,Topps,Chrome,Base,,230,Lyon Richardson,Cincinnati Reds	RC,Base	230	Lyon Richardson	Cincinnati Reds	RC,False
2024_topps_chrome,2024,Topps,Chrome,Base,,231,Dansby Swanson,Chicago Cubs,Base	231	Dansby Swanson	Chicago Cubs,False
2024_topps_chrome,2024,Topps,Chrome,Base,,232,Cody Bellinger,Chicago Cubs,Base	232	Cody Bellinger	Chicago Cubs,False
2024_topps_chrome,2024,Topps,Chrome,Base,,233,Brandon Nimmo,New York Mets,Base	233	Brandon Nimmo	New York Mets,False
2024_topps_chrome,2024,Topps,Chrome,Base,,234,Willson Contreras,St. Louis Cardinals,Base	234	Willson Contreras	St. Louis Cardinals,False
2024_topps_chrome,2024,Topps,Chrome,Base,,235,Eduardo Rodriguez,Arizona Diamondbacks,Base	235	Eduardo Rodriguez	Arizona Diamondbacks,False
2024_topps_chrome,2024,Topps,Chrome,Base,,236,Anthony Volpe,New York Yankees,Base	236	Anthony Volpe	New York Yankees,False
2024_topps_chrome,2024,Topps,Chrome,Base,,237,Yu Darvish,San Diego Padres,Base	237	Yu Darvish	San Diego Padres,False
2024_topps_chrome,2024,Topps,Chrome,Base,,238,Everson Pereira,New York Yankees	RC,Base	238	Everson Pereira	New York Yankees	RC,False
2024_topps_chrome,2024,Topps,Chrome,Base,,239,Jeimer Candelario,Cincinnati Reds,Base	239	Jeimer Candelario	Cincinnati Reds,False
2024_topps_chrome,2024,Topps,Chrome,Base,,240,Nolan Jones,Colorado Rockies,Base	240	Nolan Jones	Colorado Rockies,False
2024_topps_chrome,2024,Topps,Chrome,Base,,241,Esteury Ruiz,Oakland Athletics,Base	241	Esteury Ruiz	Oakland Athletics,False
2024_topps_chrome,2024,Topps,Chrome,Base,,242,Joey Meneses,Washington Nationals,Base	242	Joey Meneses	Washington Nationals,False
2024_topps_chrome,2024,Topps,Chrome,Base,,243,Samad Taylor,Kansas City Royals	RC,Base	243	Samad Taylor	Kansas City Royals	RC,False
2024_topps_chrome,2024,Topps,Chrome,Base,,244,Jeremy Peña,Houston Astros,Base	244	Jeremy Peña	Houston Astros,False
2024_topps_chrome,2024,Topps,Chrome,Base,,245,Emerson Hancock,Seattle Mariners	RC,Base	245	Emerson Hancock	Seattle Mariners	RC,False
2024_topps_chrome,2024,Topps,Chrome,Base,,246,Maikel Garcia,Kansas City Royals,Base	246	Maikel Garcia	Kansas City Royals,False
2024_topps_chrome,2024,Topps,Chrome,Base,,247,CJ Abrams,Washington Nationals,Base	247	CJ Abrams	Washington Nationals,False
2024_topps_chrome,2024,Topps,Chrome,Base,,248,Justin Turner,Toronto Blue Jays,Base	248	Justin Turner	Toronto Blue Jays,False
2024_topps_chrome,2024,Topps,Chrome,Base,,249,Allan Winans,Atlanta Braves	RC,Base	249	Allan Winans	Atlanta Braves	RC,False
2024_topps_chrome,2024,Topps,Chrome,Base,,250,Ronald Acuña Jr.,Atlanta Braves,Base	250	Ronald Acuña Jr.	Atlanta Braves,False
2024_topps_chrome,2024,Topps,Chrome,Base,,251,Victor Scott,St. Louis Cardinals	RC,Base	251	Victor Scott	St. Louis Cardinals	RC,False
2024_topps_chrome,2024,Topps,Chrome,Base,,252,Nathaniel Lowe,Texas Rangers,Base	252	Nathaniel Lowe	Texas Rangers,False
2024_topps_chrome,2024,Topps,Chrome,Base,,253,Christian Yelich,Milwaukee Brewers,Base	253	Christian Yelich	Milwaukee Brewers,False
2024_topps_chrome,2024,Topps,Chrome,Base,,254,Brandon Walter,Boston Red Sox	RC,Base	254	Brandon Walter	Boston Red Sox	RC,False
2024_topps_chrome,2024,Topps,Chrome,Base,,255,Sean Murphy,Atlanta Braves,Base	255	Sean Murphy	Atlanta Braves,False
2024_topps_chrome,2024,Topps,Chrome,Base,,256,Michael Conforto,San Francisco Giants,Base	256	Michael Conforto	San Francisco Giants,False
2024_topps_chrome,2024,Topps,Chrome,Base,,257,Starling Marte,New York Mets,Base	257	Starling Marte	New York Mets,False
2024_topps_chrome,2024,Topps,Chrome,Base,,258,Justin Steele,Chicago Cubs,Base	258	Justin Steele	Chicago Cubs,False
2024_topps_chrome,2024,Topps,Chrome,Base,,259,Andrés Giménez,Cleveland Guardians,Base	259	Andrés Giménez	Cleveland Guardians,False
2024_topps_chrome,2024,Topps,Chrome,Base,,260,Henry Davis,Pittsburgh Pirates	(RC),Base	260	Henry Davis	Pittsburgh Pirates	(RC),False
2024_topps_chrome,2024,Topps,Chrome,Base,,261,J.T. Realmuto,Philadelphia Phillies,Base	261	J.T. Realmuto	Philadelphia Phillies,False
2024_topps_chrome,2024,Topps,Chrome,Base,,262,Aaron Nola,Philadelphia Phillies,Base	262	Aaron Nola	Philadelphia Phillies,False
2024_topps_chrome,2024,Topps,Chrome,Base,,263,Fernando Tatis Jr.,San Diego Padres,Base	263	Fernando Tatis Jr.	San Diego Padres,False
2024_topps_chrome,2024,Topps,Chrome,Base,,264,Jacob Young,Washington Nationals	RC,Base	264	Jacob Young	Washington Nationals	RC,False
2024_topps_chrome,2024,Topps,Chrome,Base,,265,Ryan Mountcastle,Baltimore Orioles,Base	265	Ryan Mountcastle	Baltimore Orioles,False
2024_topps_chrome,2024,Topps,Chrome,Base,,266,Cade Marlowe,Seattle Mariners	RC,Base	266	Cade Marlowe	Seattle Mariners	RC,False
2024_topps_chrome,2024,Topps,Chrome,Base,,267,Corbin Carroll,Arizona Diamondbacks,Base	267	Corbin Carroll	Arizona Diamondbacks,False
2024_topps_chrome,2024,Topps,Chrome,Base,,268,Grayson Rodriguez,Baltimore Orioles,Base	268	Grayson Rodriguez	Baltimore Orioles,False
2024_topps_chrome,2024,Topps,Chrome,Base,,269,Pete Alonso,New York Mets,Base	269	Pete Alonso	New York Mets,False
2024_topps_chrome,2024,Topps,Chrome,Base,,270,Luis Matos,San Francisco Giants	RC,Base	270	Luis Matos	San Francisco Giants	RC,False
2024_topps_chrome,2024,Topps,Chrome,Base,,271,Parker Meadows,Detroit Tigers	RC,Base	271	Parker Meadows	Detroit Tigers	RC,False
2024_topps_chrome,2024,Topps,Chrome,Base,,272,Brice Turang,Milwaukee Brewers,Base	272	Brice Turang	Milwaukee Brewers,False
2024_topps_chrome,2024,Topps,Chrome,Base,,273,Johan Rojas,Philadelphia Phillies	RC,Base	273	Johan Rojas	Philadelphia Phillies	RC,False
2024_topps_chrome,2024,Topps,Chrome,Base,,274,Nolan Schanuel,Los Angeles Angels	RC,Base	274	Nolan Schanuel	Los Angeles Angels	RC,False
2024_topps_chrome,2024,Topps,Chrome,Base,,275,Giancarlo Stanton,New York Yankees,Base	275	Giancarlo Stanton	New York Yankees,False
2024_topps_chrome,2024,Topps,Chrome,Base,,276,Abner Uribe,Milwaukee Brewers	RC,Base	276	Abner Uribe	Milwaukee Brewers	RC,False
2024_topps_chrome,2024,Topps,Chrome,Base,,277,Jordan Westburg,Baltimore Orioles	RC,Base	277	Jordan Westburg	Baltimore Orioles	RC,False
2024_topps_chrome,2024,Topps,Chrome,Base,,278,Colton Cowser,Baltimore Orioles	(RC),Base	278	Colton Cowser	Baltimore Orioles	(RC),False
2024_topps_chrome,2024,Topps,Chrome,Base,,279,Trevor Story,Boston Red Sox,Base	279	Trevor Story	Boston Red Sox,False
2024_topps_chrome,2024,Topps,Chrome,Base,,280,Gleyber Torres,New York Yankees,Base	280	Gleyber Torres	New York Yankees,False
2024_topps_chrome,2024,Topps,Chrome,Base,,281,Austin Wells,New York Yankees	RC,Base	281	Austin Wells	New York Yankees	RC,False
2024_topps_chrome,2024,Topps,Chrome,Base,,282,Zack Gelof,Oakland Athletics	RC,Base	282	Zack Gelof	Oakland Athletics	RC,False
2024_topps_chrome,2024,Topps,Chrome,Base,,283,Nathan Eovaldi,Texas Rangers,Base	283	Nathan Eovaldi	Texas Rangers,False
2024_topps_chrome,2024,Topps,Chrome,Base,,284,Ryan Noda,Oakland Athletics,Base	284	Ryan Noda	Oakland Athletics,False
2024_topps_chrome,2024,Topps,Chrome,Base,,285,Ke'Bryan Hayes,Pittsburgh Pirates,Base	285	Ke'Bryan Hayes	Pittsburgh Pirates,False
2024_topps_chrome,2024,Topps,Chrome,Base,,286,Brandon Lowe,Tampa Bay Rays,Base	286	Brandon Lowe	Tampa Bay Rays,False
2024_topps_chrome,2024,Topps,Chrome,Base,,287,Elias Díaz,Colorado Rockies,Base	287	Elias Díaz	Colorado Rockies,False
2024_topps_chrome,2024,Topps,Chrome,Base,,288,Geraldo Perdomo,Arizona Diamondbacks,Base	288	Geraldo Perdomo	Arizona Diamondbacks,False
2024_topps_chrome,2024,Topps,Chrome,Base,,289,Jeff McNeil,New York Mets,Base	289	Jeff McNeil	New York Mets,False
2024_topps_chrome,2024,Topps,Chrome,Base,,290,Davis Schneider,Toronto Blue Jays	RC,Base	290	Davis Schneider	Toronto Blue Jays	RC,False
2024_topps_chrome,2024,Topps,Chrome,Base,,291,Justin Verlander,Houston Astros,Base	291	Justin Verlander	Houston Astros,False
2024_topps_chrome,2024,Topps,Chrome,Base,,292,Christopher Morel,Chicago Cubs,Base	292	Christopher Morel	Chicago Cubs,False
2024_topps_chrome,2024,Topps,Chrome,Base,,293,Will Smith,Los Angeles Dodgers,Base	293	Will Smith	Los Angeles Dodgers,False
2024_topps_chrome,2024,Topps,Chrome,Base,,294,J.P. Martínez,Atlanta Braves	RC,Base	294	J.P. Martínez	Atlanta Braves	RC,False
2024_topps_chrome,2024,Topps,Chrome,Base,,295,Endy Rodríguez,Pittsburgh Pirates	RC,Base	295	Endy Rodríguez	Pittsburgh Pirates	RC,False
2024_topps_chrome,2024,Topps,Chrome,Base,,296,Mookie Betts,Los Angeles Dodgers,Base	296	Mookie Betts	Los Angeles Dodgers,False
2024_topps_chrome,2024,Topps,Chrome,Base,,297,Kody Funderburk,Minnesota Twins	RC,Base	297	Kody Funderburk	Minnesota Twins	RC,False
2024_topps_chrome,2024,Topps,Chrome,Base,,298,Tyler Soderstrom,Oakland Athletics	RC,Base	298	Tyler Soderstrom	Oakland Athletics	RC,False
2024_topps_chrome,2024,Topps,Chrome,Base,,299,Ryan McMahon,Colorado Rockies,Base	299	Ryan McMahon	Colorado Rockies,False
2024_topps_chrome,2024,Topps,Chrome,Base,,300,Julio Rodríguez,Seattle Mariners,Base	300	Julio Rodríguez	Seattle Mariners,False
2024_topps_chrome,2024,Topps,Chrome,1989 Topps Baseball,,89CB-1,Mike Trout,Los Angeles Angels,1989 Topps Baseball	89CB-1	Mike Trout	Los Angeles Angels,False
2024_topps_chrome,2024,Topps,Chrome,1989 Topps Baseball,,89CB-2,Aaron Judge,New York Yankees,1989 Topps Baseball	89CB-2	Aaron Judge	New York Yankees,False
2024_topps_chrome,2024,Topps,Chrome,1989 Topps Baseball,,89CB-3,Ronald Acuña Jr.,Atlanta Braves,1989 Topps Baseball	89CB-3	Ronald Acuña Jr.	Atlanta Braves,False
2024_topps_chrome,2024,Topps,Chrome,1989 Topps Baseball,,89CB-4,Mookie Betts,Los Angeles Dodgers,1989 Topps Baseball	89CB-4	Mookie Betts	Los Angeles Dodgers,False
2024_topps_chrome,2024,Topps,Chrome,1989 Topps Baseball,,89CB-5,Shohei Ohtani,Los Angeles Dodgers,1989 Topps Baseball	89CB-5	Shohei Ohtani	Los Angeles Dodgers,False
2024_topps_chrome,2024,Topps,Chrome,1989 Topps Baseball,,89CB-6,Julio Rodríguez,Seattle Mariners,1989 Topps Baseball	89CB-6	Julio Rodríguez	Seattle Mariners,False
2024_topps_chrome,2024,Topps,Chrome,1989 Topps Baseball,,89CB-7,Vladimir Guerrero Jr.,Toronto Blue Jays,1989 Topps Baseball	89CB-7	Vladimir Guerrero Jr.	Toronto Blue Jays,False
2024_topps_chrome,2024,Topps,Chrome,1989 Topps Baseball,,89CB-8,Pete Alonso,New York Mets,1989 Topps Baseball	89CB-8	Pete Alonso	New York Mets,False
2024_topps_chrome,2024,Topps,Chrome,1989 Topps Baseball,,89CB-9,Juan Soto,New York Yankees,1989 Topps Baseball	89CB-9	Juan Soto	New York Yankees,False
2024_topps_chrome,2024,Topps,Chrome,1989 Topps Baseball,,89CB-10,Bryce Harper,Philadelphia Phillies,1989 Topps Baseball	89CB-10	Bryce Harper	Philadelphia Phillies,False
2024_topps_chrome,2024,Topps,Chrome,1989 Topps Baseball,,89CB-11,Elly De La Cruz,Cincinnati Reds,1989 Topps Baseball	89CB-11	Elly De La Cruz	Cincinnati Reds,False
2024_topps_chrome,2024,Topps,Chrome,1989 Topps Baseball,,89CB-12,Jasson Domínguez,New York Yankees,1989 Topps Baseball	89CB-12	Jasson Domínguez	New York Yankees,False
2024_topps_chrome,2024,Topps,Chrome,1989 Topps Baseball,,89CB-13,Evan Carter,Texas Rangers,1989 Topps Baseball	89CB-13	Evan Carter	Texas Rangers,False
2024_topps_chrome,2024,Topps,Chrome,1989 Topps Baseball,,89CB-14,Jordan Lawlar,Arizona Diamondbacks,1989 Topps Baseball	89CB-14	Jordan Lawlar	Arizona Diamondbacks,False
2024_topps_chrome,2024,Topps,Chrome,1989 Topps Baseball,,89CB-15,Junior Caminero,Tampa Bay Rays,1989 Topps Baseball	89CB-15	Junior Caminero	Tampa Bay Rays,False
2024_topps_chrome,2024,Topps,Chrome,1989 Topps Baseball,,89CB-16,Noelvi Marte,Cincinnati Reds,1989 Topps Baseball	89CB-16	Noelvi Marte	Cincinnati Reds,False
2024_topps_chrome,2024,Topps,Chrome,1989 Topps Baseball,,89CB-17,Masyn Winn,St. Louis Cardinals,1989 Topps Baseball	89CB-17	Masyn Winn	St. Louis Cardinals,False
2024_topps_chrome,2024,Topps,Chrome,1989 Topps Baseball,,89CB-18,Heston Kjerstad,Baltimore Orioles,1989 Topps Baseball	89CB-18	Heston Kjerstad	Baltimore Orioles,False
2024_topps_chrome,2024,Topps,Chrome,1989 Topps Baseball,,89CB-19,Pete Crow-Armstrong,Chicago Cubs,1989 Topps Baseball	89CB-19	Pete Crow-Armstrong	Chicago Cubs,False
2024_topps_chrome,2024,Topps,Chrome,1989 Topps Baseball,,89CB-20,Curtis Mead,Tampa Bay Rays,1989 Topps Baseball	89CB-20	Curtis Mead	Tampa Bay Rays,False
2024_topps_chrome,2024,Topps,Chrome,1989 Topps Baseball Autographs,,89CBA-AV,Anthony Volpe,New York Yankees,1989 Topps Baseball Autographs	89CBA-AV	Anthony Volpe	New York Yankees,False
2024_topps_chrome,2024,Topps,Chrome,1989 Topps Baseball Autographs,,89CBA-BB,Byron Buxton,Minnesota Twins,1989 Topps Baseball Autographs	89CBA-BB	Byron Buxton	Minnesota Twins,False
2024_topps_chrome,2024,Topps,Chrome,1989 Topps Baseball Autographs,,89CBA-JROD,Julio Rodríguez,Seattle Mariners,1989 Topps Baseball Autographs	89CBA-JROD	Julio Rodríguez	Seattle Mariners,False
2024_topps_chrome,2024,Topps,Chrome,1989 Topps Baseball Autographs,,89CBA-MM,Max Muncy,Los Angeles Dodgers,1989 Topps Baseball Autographs	89CBA-MM	Max Muncy	Los Angeles Dodgers,False
2024_topps_chrome,2024,Topps,Chrome,1989 Topps Baseball Autographs,,89CBA-MO,Matt Olson,Atlanta Braves,1989 Topps Baseball Autographs	89CBA-MO	Matt Olson	Atlanta Braves,False
2024_topps_chrome,2024,Topps,Chrome,1989 Topps Baseball Autographs,,89CBA-MY,Masataka Yoshida,Boston Red Sox,1989 Topps Baseball Autographs	89CBA-MY	Masataka Yoshida	Boston Red Sox,False
2024_topps_chrome,2024,Topps,Chrome,1989 Topps Baseball Autographs,,89CBA-TT,Trea Turner,Philadelphia Phillies,1989 Topps Baseball Autographs	89CBA-TT	Trea Turner	Philadelphia Phillies,False
2024_topps_chrome,2024,Topps,Chrome,1989 Topps Baseball Autographs,,89CBA-VG,Vladimir Guerrero Jr.,Toronto Blue Jays,1989 Topps Baseball Autographs	89CBA-VG	Vladimir Guerrero Jr.	Toronto Blue Jays,False
2024_topps_chrome,2024,Topps,Chrome,1989 Topps Baseball Chrome Layer Variations,,89BCL-1,Mike Trout,Los Angeles Angels,1989 Topps Baseball Chrome Layer Variations	89BCL-1	Mike Trout	Los Angeles Angels,False
2024_topps_chrome,2024,Topps,Chrome,1989 Topps Baseball Chrome Layer Variations,,89BCL-2,Aaron Judge,New York Yankees,1989 Topps Baseball Chrome Layer Variations	89BCL-2	Aaron Judge	New York Yankees,False
2024_topps_chrome,2024,Topps,Chrome,1989 Topps Baseball Chrome Layer Variations,,89BCL-3,Ronald Acuña Jr.,Atlanta Braves,1989 Topps Baseball Chrome Layer Variations	89BCL-3	Ronald Acuña Jr.	Atlanta Braves,False
2024_topps_chrome,2024,Topps,Chrome,1989 Topps Baseball Chrome Layer Variations,,89BCL-4,Mookie Betts,Los Angeles Dodgers,1989 Topps Baseball Chrome Layer Variations	89BCL-4	Mookie Betts	Los Angeles Dodgers,False
2024_topps_chrome,2024,Topps,Chrome,1989 Topps Baseball Chrome Layer Variations,,89BCL-5,Shohei Ohtani,Los Angeles Dodgers,1989 Topps Baseball Chrome Layer Variations	89BCL-5	Shohei Ohtani	Los Angeles Dodgers,False
2024_topps_chrome,2024,Topps,Chrome,1989 Topps Baseball Chrome Layer Variations,,89BCL-6,Julio Rodríguez,Seattle Mariners,1989 Topps Baseball Chrome Layer Variations	89BCL-6	Julio Rodríguez	Seattle Mariners,False
2024_topps_chrome,2024,Topps,Chrome,1989 Topps Baseball Chrome Layer Variations,,89BCL-7,Vladimir Guerrero Jr.,Toronto Blue Jays,1989 Topps Baseball Chrome Layer Variations	89BCL-7	Vladimir Guerrero Jr.	Toronto Blue Jays,False
2024_topps_chrome,2024,Topps,Chrome,1989 Topps Baseball Chrome Layer Variations,,89BCL-8,Pete Alonso,New York Mets,1989 Topps Baseball Chrome Layer Variations	89BCL-8	Pete Alonso	New York Mets,False
2024_topps_chrome,2024,Topps,Chrome,1989 Topps Baseball Chrome Layer Variations,,89BCL-9,Juan Soto,New York Yankees,1989 Topps Baseball Chrome Layer Variations	89BCL-9	Juan Soto	New York Yankees,False
2024_topps_chrome,2024,Topps,Chrome,1989 Topps Baseball Chrome Layer Variations,,89BCL-10,Bryce Harper,Philadelphia Phillies,1989 Topps Baseball Chrome Layer Variations	89BCL-10	Bryce Harper	Philadelphia Phillies,False
2024_topps_chrome,2024,Topps,Chrome,1989 Topps Baseball Chrome Layer Variations,,89BCL-11,Elly De La Cruz,Cincinnati Reds	Rookie,1989 Topps Baseball Chrome Layer Variations	89BCL-11	Elly De La Cruz	Cincinnati Reds	Rookie,False
2024_topps_chrome,2024,Topps,Chrome,1989 Topps Baseball Chrome Layer Variations,,89BCL-12,Jasson Domínguez,New York Yankees	Rookie,1989 Topps Baseball Chrome Layer Variations	89BCL-12	Jasson Domínguez	New York Yankees	Rookie,False
2024_topps_chrome,2024,Topps,Chrome,1989 Topps Baseball Chrome Layer Variations,,89BCL-13,Evan Carter,Texas Rangers	Rookie,1989 Topps Baseball Chrome Layer Variations	89BCL-13	Evan Carter	Texas Rangers	Rookie,False
2024_topps_chrome,2024,Topps,Chrome,1989 Topps Baseball Chrome Layer Variations,,89BCL-14,Jordan Lawlar,Arizona Diamondbacks	Rookie,1989 Topps Baseball Chrome Layer Variations	89BCL-14	Jordan Lawlar	Arizona Diamondbacks	Rookie,False
2024_topps_chrome,2024,Topps,Chrome,1989 Topps Baseball Chrome Layer Variations,,89BCL-15,Junior Caminero,Tampa Bay Rays	Rookie,1989 Topps Baseball Chrome Layer Variations	89BCL-15	Junior Caminero	Tampa Bay Rays	Rookie,False
2024_topps_chrome,2024,Topps,Chrome,1989 Topps Baseball Chrome Layer Variations,,89BCL-16,Noelvi Marte,Cincinnati Reds	Rookie,1989 Topps Baseball Chrome Layer Variations	89BCL-16	Noelvi Marte	Cincinnati Reds	Rookie,False
2024_topps_chrome,2024,Topps,Chrome,1989 Topps Baseball Chrome Layer Variations,,89BCL-17,Masyn Winn,St. Louis Cardinals	Rookie,1989 Topps Baseball Chrome Layer Variations	89BCL-17	Masyn Winn	St. Louis Cardinals	Rookie,False
2024_topps_chrome,2024,Topps,Chrome,1989 Topps Baseball Chrome Layer Variations,,89BCL-18,Heston Kjerstad,Baltimore Orioles	Rookie,1989 Topps Baseball Chrome Layer Variations	89BCL-18	Heston Kjerstad	Baltimore Orioles	Rookie,False
2024_topps_chrome,2024,Topps,Chrome,1989 Topps Baseball Chrome Layer Variations,,89BCL-19,Pete Crow-Armstrong,Chicago Cubs	Rookie,1989 Topps Baseball Chrome Layer Variations	89BCL-19	Pete Crow-Armstrong	Chicago Cubs	Rookie,False
2024_topps_chrome,2024,Topps,Chrome,1989 Topps Baseball Chrome Layer Variations,,89BCL-20,Curtis Mead,Tampa Bay Rays	Rookie,1989 Topps Baseball Chrome Layer Variations	89BCL-20	Curtis Mead	Tampa Bay Rays	Rookie,False
2024_topps_chrome,2024,Topps,Chrome,2023 Topps Chrome MVP Buyback Autographs,,39,Ronald Acuña Jr.,Atlanta Braves,2023 Topps Chrome MVP Buyback Autographs	39	Ronald Acuña Jr.	Atlanta Braves,False
2024_topps_chrome,2024,Topps,Chrome,2023 Topps Chrome MVP Buybacks,,17,Shohei Ohtani,Los Angeles Angels,2023 Topps Chrome MVP Buybacks	17	Shohei Ohtani	Los Angeles Angels,False
2024_topps_chrome,2024,Topps,Chrome,2023 Topps Chrome MVP Buybacks,,39,Ronald Acuña Jr.,Atlanta Braves,2023 Topps Chrome MVP Buybacks	39	Ronald Acuña Jr.	Atlanta Braves,False
2024_topps_chrome,2024,Topps,Chrome,Award Winners Variations,,1,Shohei Ohtani,Los Angeles Angels,Award Winners Variations	1	Shohei Ohtani	Los Angeles Angels,False
2024_topps_chrome,2024,Topps,Chrome,Award Winners Variations,,36,Gunnar Henderson,Baltimore Orioles,Award Winners Variations	36	Gunnar Henderson	Baltimore Orioles,False
2024_topps_chrome,2024,Topps,Chrome,Award Winners Variations,,164,Gerrit Cole,New York Yankees,Award Winners Variations	164	Gerrit Cole	New York Yankees,False
2024_topps_chrome,2024,Topps,Chrome,Award Winners Variations,,218,Blake Snell,San Diego Padres,Award Winners Variations	218	Blake Snell	San Diego Padres,False
2024_topps_chrome,2024,Topps,Chrome,Award Winners Variations,,250,Ronald Acuña Jr.,Atlanta Braves,Award Winners Variations	250	Ronald Acuña Jr.	Atlanta Braves,False
2024_topps_chrome,2024,Topps,Chrome,Award Winners Variations,,267,Corbin Carroll,Arizona Diamondbacks,Award Winners Variations	267	Corbin Carroll	Arizona Diamondbacks,False
2024_topps_chrome,2024,Topps,Chrome,Chrome All Etch,,CAE-1,Shohei Ohtani,Los Angeles Dodgers,Chrome All Etch	CAE-1	Shohei Ohtani	Los Angeles Dodgers,False
2024_topps_chrome,2024,Topps,Chrome,Chrome All Etch,,CAE-2,Mike Trout,Los Angeles Angels,Chrome All Etch	CAE-2	Mike Trout	Los Angeles Angels,False
2024_topps_chrome,2024,Topps,Chrome,Chrome All Etch,,CAE-3,Vladimir Guerrero Jr.,Toronto Blue Jays,Chrome All Etch	CAE-3	Vladimir Guerrero Jr.	Toronto Blue Jays,False
2024_topps_chrome,2024,Topps,Chrome,Chrome All Etch,,CAE-4,Gerrit Cole,New York Yankees,Chrome All Etch	CAE-4	Gerrit Cole	New York Yankees,False
2024_topps_chrome,2024,Topps,Chrome,Chrome All Etch,,CAE-5,Rafael Devers,Boston Red Sox,Chrome All Etch	CAE-5	Rafael Devers	Boston Red Sox,False
2024_topps_chrome,2024,Topps,Chrome,Chrome All Etch,,CAE-6,Aaron Judge,New York Yankees,Chrome All Etch	CAE-6	Aaron Judge	New York Yankees,False
2024_topps_chrome,2024,Topps,Chrome,Chrome All Etch,,CAE-7,Julio Rodríguez,Seattle Mariners,Chrome All Etch	CAE-7	Julio Rodríguez	Seattle Mariners,False
2024_topps_chrome,2024,Topps,Chrome,Chrome All Etch,,CAE-8,Austin Riley,Atlanta Braves,Chrome All Etch	CAE-8	Austin Riley	Atlanta Braves,False
2024_topps_chrome,2024,Topps,Chrome,Chrome All Etch,,CAE-9,Corey Seager,Texas Rangers,Chrome All Etch	CAE-9	Corey Seager	Texas Rangers,False
2024_topps_chrome,2024,Topps,Chrome,Chrome All Etch,,CAE-10,Adley Rutschman,Baltimore Orioles,Chrome All Etch	CAE-10	Adley Rutschman	Baltimore Orioles,False
2024_topps_chrome,2024,Topps,Chrome,Chrome All Etch,,CAE-11,Trea Turner,Philadelphia Phillies,Chrome All Etch	CAE-11	Trea Turner	Philadelphia Phillies,False
2024_topps_chrome,2024,Topps,Chrome,Chrome All Etch,,CAE-12,Justin Verlander,Houston Astros,Chrome All Etch	CAE-12	Justin Verlander	Houston Astros,False
2024_topps_chrome,2024,Topps,Chrome,Chrome All Etch,,CAE-13,Mookie Betts,Los Angeles Dodgers,Chrome All Etch	CAE-13	Mookie Betts	Los Angeles Dodgers,False
2024_topps_chrome,2024,Topps,Chrome,Chrome All Etch,,CAE-14,Juan Soto,New York Yankees,Chrome All Etch	CAE-14	Juan Soto	New York Yankees,False
2024_topps_chrome,2024,Topps,Chrome,Chrome All Etch,,CAE-15,Corbin Carroll,Arizona Diamondbacks,Chrome All Etch	CAE-15	Corbin Carroll	Arizona Diamondbacks,False
2024_topps_chrome,2024,Topps,Chrome,Chrome All Etch,,CAE-16,Luis Robert Jr.,Chicago White Sox,Chrome All Etch	CAE-16	Luis Robert Jr.	Chicago White Sox,False
2024_topps_chrome,2024,Topps,Chrome,Chrome All Etch,,CAE-17,José Ramírez,Cleveland Guardians,Chrome All Etch	CAE-17	José Ramírez	Cleveland Guardians,False
2024_topps_chrome,2024,Topps,Chrome,Chrome All Etch,,CAE-18,Dansby Swanson,Chicago Cubs,Chrome All Etch	CAE-18	Dansby Swanson	Chicago Cubs,False
2024_topps_chrome,2024,Topps,Chrome,Chrome All Etch,,CAE-19,Clayton Kershaw,Los Angeles Dodgers,Chrome All Etch	CAE-19	Clayton Kershaw	Los Angeles Dodgers,False
2024_topps_chrome,2024,Topps,Chrome,Chrome All Etch,,CAE-20,Christian Yelich,Milwaukee Brewers,Chrome All Etch	CAE-20	Christian Yelich	Milwaukee Brewers,False
2024_topps_chrome,2024,Topps,Chrome,Chrome All Etch,,CAE-21,Randy Arozarena,Tampa Bay Rays,Chrome All Etch	CAE-21	Randy Arozarena	Tampa Bay Rays,False
2024_topps_chrome,2024,Topps,Chrome,Chrome All Etch,,CAE-22,Jazz Chisholm Jr.,Miami Marlins,Chrome All Etch	CAE-22	Jazz Chisholm Jr.	Miami Marlins,False
2024_topps_chrome,2024,Topps,Chrome,Chrome All Etch,,CAE-23,Jordan Walker,St. Louis Cardinals,Chrome All Etch	CAE-23	Jordan Walker	St. Louis Cardinals,False
2024_topps_chrome,2024,Topps,Chrome,Chrome All Etch,,CAE-24,Byron Buxton,Minnesota Twins,Chrome All Etch	CAE-24	Byron Buxton	Minnesota Twins,False
2024_topps_chrome,2024,Topps,Chrome,Chrome All Etch,,CAE-25,Bobby Witt Jr.,Kansas City Royals,Chrome All Etch	CAE-25	Bobby Witt Jr.	Kansas City Royals,False
2024_topps_chrome,2024,Topps,Chrome,Chrome All Etch Autographs,,CEA-DO,David Ortiz,Boston Red Sox,Chrome All Etch Autographs	CEA-DO	David Ortiz	Boston Red Sox,False
2024_topps_chrome,2024,Topps,Chrome,Chrome All Etch Autographs,,CEA-JR,Julio Rodríguez,Seattle Mariners,Chrome All Etch Autographs	CEA-JR	Julio Rodríguez	Seattle Mariners,False
2024_topps_chrome,2024,Topps,Chrome,Chrome All Etch Autographs,,CEA-MT,Mike Trout,Los Angeles Angels,Chrome All Etch Autographs	CEA-MT	Mike Trout	Los Angeles Angels,False
2024_topps_chrome,2024,Topps,Chrome,Chrome All Etch Autographs,,CEA-TT,Trea Turner,Philadelphia Phillies,Chrome All Etch Autographs	CEA-TT	Trea Turner	Philadelphia Phillies,False
2024_topps_chrome,2024,Topps,Chrome,Chrome All Etch Autographs,,CEA-WB,Wade Boggs,Boston Red Sox,Chrome All Etch Autographs	CEA-WB	Wade Boggs	Boston Red Sox,False
2024_topps_chrome,2024,Topps,Chrome,Chrome All Etch Rookie Rush,,CERR-1,Elly De La Cruz,Cincinnati Reds,Chrome All Etch Rookie Rush	CERR-1	Elly De La Cruz	Cincinnati Reds,False
2024_topps_chrome,2024,Topps,Chrome,Chrome All Etch Rookie Rush,,CERR-2,Sal Frelick,Milwaukee Brewers,Chrome All Etch Rookie Rush	CERR-2	Sal Frelick	Milwaukee Brewers,False
2024_topps_chrome,2024,Topps,Chrome,Chrome All Etch Rookie Rush,,CERR-3,Zack Gelof,Oakland Athletics,Chrome All Etch Rookie Rush	CERR-3	Zack Gelof	Oakland Athletics,False
2024_topps_chrome,2024,Topps,Chrome,Chrome All Etch Rookie Rush,,CERR-4,Colton Cowser,Baltimore Orioles,Chrome All Etch Rookie Rush	CERR-4	Colton Cowser	Baltimore Orioles,False
2024_topps_chrome,2024,Topps,Chrome,Chrome All Etch Rookie Rush,,CERR-5,Marco Luciano,San Francisco Giants,Chrome All Etch Rookie Rush	CERR-5	Marco Luciano	San Francisco Giants,False
2024_topps_chrome,2024,Topps,Chrome,Chrome All Etch Rookie Rush,,CERR-6,Curtis Mead,Tampa Bay Rays,Chrome All Etch Rookie Rush	CERR-6	Curtis Mead	Tampa Bay Rays,False
2024_topps_chrome,2024,Topps,Chrome,Chrome All Etch Rookie Rush,,CERR-7,Pete Crow-Armstrong,Chicago Cubs,Chrome All Etch Rookie Rush	CERR-7	Pete Crow-Armstrong	Chicago Cubs,False
2024_topps_chrome,2024,Topps,Chrome,Chrome All Etch Rookie Rush,,CERR-8,Noelvi Marte,Cincinnati Reds,Chrome All Etch Rookie Rush	CERR-8	Noelvi Marte	Cincinnati Reds,False
2024_topps_chrome,2024,Topps,Chrome,Chrome All Etch Rookie Rush,,CERR-9,Masyn Winn,St. Louis Cardinals,Chrome All Etch Rookie Rush	CERR-9	Masyn Winn	St. Louis Cardinals,False
2024_topps_chrome,2024,Topps,Chrome,Chrome All Etch Rookie Rush,,CERR-10,Jasson Domínguez,New York Yankees,Chrome All Etch Rookie Rush	CERR-10	Jasson Domínguez	New York Yankees,False
2024_topps_chrome,2024,Topps,Chrome,Chrome All Etch Rookie Rush,,CERR-11,Ronny Mauricio,New York Mets,Chrome All Etch Rookie Rush	CERR-11	Ronny Mauricio	New York Mets,False
2024_topps_chrome,2024,Topps,Chrome,Chrome All Etch Rookie Rush,,CERR-12,Junior Caminero,Tampa Bay Rays,Chrome All Etch Rookie Rush	CERR-12	Junior Caminero	Tampa Bay Rays,False
2024_topps_chrome,2024,Topps,Chrome,Chrome All Etch Rookie Rush,,CERR-13,Jordan Lawlar,Arizona Diamondbacks,Chrome All Etch Rookie Rush	CERR-13	Jordan Lawlar	Arizona Diamondbacks,False
2024_topps_chrome,2024,Topps,Chrome,Chrome All Etch Rookie Rush,,CERR-14,Evan Carter,Texas Rangers,Chrome All Etch Rookie Rush	CERR-14	Evan Carter	Texas Rangers,False
2024_topps_chrome,2024,Topps,Chrome,Chrome All Etch Rookie Rush,,CERR-15,Heston Kjerstad,Baltimore Orioles,Chrome All Etch Rookie Rush	CERR-15	Heston Kjerstad	Baltimore Orioles,False
2024_topps_chrome,2024,Topps,Chrome,Chrome All Etch Rookie Rush,,CERR-16,Yoshinobu Yamamoto,Los Angeles Dodgers,Chrome All Etch Rookie Rush	CERR-16	Yoshinobu Yamamoto	Los Angeles Dodgers,False
2024_topps_chrome,2024,Topps,Chrome,Chrome All Etch Rookie Rush,,CERR-17,Jung Hoo Lee,San Francisco Giants,Chrome All Etch Rookie Rush	CERR-17	Jung Hoo Lee	San Francisco Giants,False
2024_topps_chrome,2024,Topps,Chrome,Chrome All Etch Rookie Rush,,CERR-18,Shota Imanaga,Chicago Cubs,Chrome All Etch Rookie Rush	CERR-18	Shota Imanaga	Chicago Cubs,False
2024_topps_chrome,2024,Topps,Chrome,Chrome All Etch Rookie Rush,,CERR-19,Ceddanne Rafaela,Boston Red Sox,Chrome All Etch Rookie Rush	CERR-19	Ceddanne Rafaela	Boston Red Sox,False
2024_topps_chrome,2024,Topps,Chrome,Chrome All Etch Rookie Rush,,CERR-20,Tyler Soderstrom,Oakland Athletics,Chrome All Etch Rookie Rush	CERR-20	Tyler Soderstrom	Oakland Athletics,False
2024_topps_chrome,2024,Topps,Chrome,Chrome All Etch Rookie Rush Autographs,,CERA-CC,Colton Cowser,Baltimore Orioles,Chrome All Etch Rookie Rush Autographs	CERA-CC	Colton Cowser	Baltimore Orioles,False
2024_topps_chrome,2024,Topps,Chrome,Chrome All Etch Rookie Rush Autographs,,CERA-CM,Curtis Mead,Tampa Bay Rays,Chrome All Etch Rookie Rush Autographs	CERA-CM	Curtis Mead	Tampa Bay Rays,False
2024_topps_chrome,2024,Topps,Chrome,Chrome All Etch Rookie Rush Autographs,,CERA-EVA,Evan Carter,Texas Rangers,Chrome All Etch Rookie Rush Autographs	CERA-EVA	Evan Carter	Texas Rangers,False
2024_topps_chrome,2024,Topps,Chrome,Chrome All Etch Rookie Rush Autographs,,CERA-JDO,Jasson Domínguez,New York Yankees,Chrome All Etch Rookie Rush Autographs	CERA-JDO	Jasson Domínguez	New York Yankees,False
2024_topps_chrome,2024,Topps,Chrome,Chrome All Etch Rookie Rush Autographs,,CERA-JOL,Jordan Lawlar,Arizona Diamondbacks,Chrome All Etch Rookie Rush Autographs	CERA-JOL	Jordan Lawlar	Arizona Diamondbacks,False
2024_topps_chrome,2024,Topps,Chrome,Chrome All Etch Rookie Rush Autographs,,CERA-JUC,Junior Caminero,Tampa Bay Rays,Chrome All Etch Rookie Rush Autographs	CERA-JUC	Junior Caminero	Tampa Bay Rays,False
2024_topps_chrome,2024,Topps,Chrome,Chrome All Etch Rookie Rush Autographs,,CERA-SF,Sal Frelick,Milwaukee Brewers,Chrome All Etch Rookie Rush Autographs	CERA-SF	Sal Frelick	Milwaukee Brewers,False
2024_topps_chrome,2024,Topps,Chrome,Chrome Legend Autographs,,CLA-AB,Adrián Beltré,Texas Rangers,Chrome Legend Autographs	CLA-AB	Adrián Beltré	Texas Rangers,False
2024_topps_chrome,2024,Topps,Chrome,Chrome Legend Autographs,,CLA-AD,Andre Dawson,Montréal Expos,Chrome Legend Autographs	CLA-AD	Andre Dawson	Montréal Expos,False
2024_topps_chrome,2024,Topps,Chrome,Chrome Legend Autographs,,CLA-AP,Albert Pujols,St. Louis Cardinals,Chrome Legend Autographs	CLA-AP	Albert Pujols	St. Louis Cardinals,False
2024_topps_chrome,2024,Topps,Chrome,Chrome Legend Autographs,,CLA-APE,Andy Pettitte,New York Yankees,Chrome Legend Autographs	CLA-APE	Andy Pettitte	New York Yankees,False
2024_topps_chrome,2024,Topps,Chrome,Chrome Legend Autographs,,CLA-BJ,Bo Jackson,Kansas City Royals,Chrome Legend Autographs	CLA-BJ	Bo Jackson	Kansas City Royals,False
2024_topps_chrome,2024,Topps,Chrome,Chrome Legend Autographs,,CLA-BW,Billy Williams,Chicago Cubs,Chrome Legend Autographs	CLA-BW	Billy Williams	Chicago Cubs,False
2024_topps_chrome,2024,Topps,Chrome,Chrome Legend Autographs,,CLA-CBI,Craig Biggio,Houston Astros,Chrome Legend Autographs	CLA-CBI	Craig Biggio	Houston Astros,False
2024_topps_chrome,2024,Topps,Chrome,Chrome Legend Autographs,,CLA-CU,Chase Utley,Philadelphia Phillies,Chrome Legend Autographs	CLA-CU	Chase Utley	Philadelphia Phillies,False
2024_topps_chrome,2024,Topps,Chrome,Chrome Legend Autographs,,CLA-DJ,Derek Jeter,New York Yankees,Chrome Legend Autographs	CLA-DJ	Derek Jeter	New York Yankees,False
2024_topps_chrome,2024,Topps,Chrome,Chrome Legend Autographs,,CLA-DO,David Ortiz,Boston Red Sox,Chrome Legend Autographs	CLA-DO	David Ortiz	Boston Red Sox,False
2024_topps_chrome,2024,Topps,Chrome,Chrome Legend Autographs,,CLA-DP,Dustin Pedroia,Boston Red Sox,Chrome Legend Autographs	CLA-DP	Dustin Pedroia	Boston Red Sox,False
2024_topps_chrome,2024,Topps,Chrome,Chrome Legend Autographs,,CLA-DW,Dave Winfield,San Diego Padres,Chrome Legend Autographs	CLA-DW	Dave Winfield	San Diego Padres,False
2024_topps_chrome,2024,Topps,Chrome,Chrome Legend Autographs,,CLA-EM,Eddie Murray,Baltimore Orioles,Chrome Legend Autographs	CLA-EM	Eddie Murray	Baltimore Orioles,False
2024_topps_chrome,2024,Topps,Chrome,Chrome Legend Autographs,,CLA-EMA,Edgar Martinez,Seattle Mariners,Chrome Legend Autographs	CLA-EMA	Edgar Martinez	Seattle Mariners,False
2024_topps_chrome,2024,Topps,Chrome,Chrome Legend Autographs,,CLA-FM,Fred McGriff,Tampa Bay Devil Rays,Chrome Legend Autographs	CLA-FM	Fred McGriff	Tampa Bay Devil Rays,False
2024_topps_chrome,2024,Topps,Chrome,Chrome Legend Autographs,,CLA-FT,Frank Thomas,Chicago White Sox,Chrome Legend Autographs	CLA-FT	Frank Thomas	Chicago White Sox,False
2024_topps_chrome,2024,Topps,Chrome,Chrome Legend Autographs,,CLA-FV,Fernando Valenzuela,Los Angeles Dodgers,Chrome Legend Autographs	CLA-FV	Fernando Valenzuela	Los Angeles Dodgers,False
2024_topps_chrome,2024,Topps,Chrome,Chrome Legend Autographs,,CLA-GB,George Brett,Kansas City Royals,Chrome Legend Autographs	CLA-GB	George Brett	Kansas City Royals,False
2024_topps_chrome,2024,Topps,Chrome,Chrome Legend Autographs,,CLA-GM,Greg Maddux,Atlanta Braves,Chrome Legend Autographs	CLA-GM	Greg Maddux	Atlanta Braves,False
2024_topps_chrome,2024,Topps,Chrome,Chrome Legend Autographs,,CLA-HM,Hideki Matsui,New York Yankees,Chrome Legend Autographs	CLA-HM	Hideki Matsui	New York Yankees,False
2024_topps_chrome,2024,Topps,Chrome,Chrome Legend Autographs,,CLA-I,Ichiro,Seattle Mariners,Chrome Legend Autographs	CLA-I	Ichiro	Seattle Mariners,False
2024_topps_chrome,2024,Topps,Chrome,Chrome Legend Autographs,,CLA-IR,Ivan Rodriguez,Texas Rangers,Chrome Legend Autographs	CLA-IR	Ivan Rodriguez	Texas Rangers,False
2024_topps_chrome,2024,Topps,Chrome,Chrome Legend Autographs,,CLA-JB,Johnny Bench,Cincinnati Reds,Chrome Legend Autographs	CLA-JB	Johnny Bench	Cincinnati Reds,False
2024_topps_chrome,2024,Topps,Chrome,Chrome Legend Autographs,,CLA-JBA,Jeff Bagwell,Houston Astros,Chrome Legend Autographs	CLA-JBA	Jeff Bagwell	Houston Astros,False
2024_topps_chrome,2024,Topps,Chrome,Chrome Legend Autographs,,CLA-JR,Jimmy Rollins,Philadelphia Phillies,Chrome Legend Autographs	CLA-JR	Jimmy Rollins	Philadelphia Phillies,False
2024_topps_chrome,2024,Topps,Chrome,Chrome Legend Autographs,,CLA-JS,John Smoltz,Atlanta Braves,Chrome Legend Autographs	CLA-JS	John Smoltz	Atlanta Braves,False
2024_topps_chrome,2024,Topps,Chrome,Chrome Legend Autographs,,CLA-KG,Ken Griffey Jr.,Seattle Mariners,Chrome Legend Autographs	CLA-KG	Ken Griffey Jr.	Seattle Mariners,False
2024_topps_chrome,2024,Topps,Chrome,Chrome Legend Autographs,,CLA-MM,Mark McGwire,Oakland Athletics,Chrome Legend Autographs	CLA-MM	Mark McGwire	Oakland Athletics,False
2024_topps_chrome,2024,Topps,Chrome,Chrome Legend Autographs,,CLA-MR,Mariano Rivera,New York Yankees,Chrome Legend Autographs	CLA-MR	Mariano Rivera	New York Yankees,False
2024_topps_chrome,2024,Topps,Chrome,Chrome Legend Autographs,,CLA-NG,Nomar Garciaparra,Boston Red Sox,Chrome Legend Autographs	CLA-NG	Nomar Garciaparra	Boston Red Sox,False
2024_topps_chrome,2024,Topps,Chrome,Chrome Legend Autographs,,CLA-NR,Nolan Ryan,California Angels,Chrome Legend Autographs	CLA-NR	Nolan Ryan	California Angels,False
2024_topps_chrome,2024,Topps,Chrome,Chrome Legend Autographs,,CLA-RC,Roger Clemens,Houston Astros,Chrome Legend Autographs	CLA-RC	Roger Clemens	Houston Astros,False
2024_topps_chrome,2024,Topps,Chrome,Chrome Legend Autographs,,CLA-RJ,Randy Johnson,Arizona Diamondbacks,Chrome Legend Autographs	CLA-RJ	Randy Johnson	Arizona Diamondbacks,False
2024_topps_chrome,2024,Topps,Chrome,Chrome Legend Autographs,,CLA-RS,Ryne Sandberg,Chicago Cubs,Chrome Legend Autographs	CLA-RS	Ryne Sandberg	Chicago Cubs,False
2024_topps_chrome,2024,Topps,Chrome,Chrome Legend Autographs,,CLA-RY,Robin Yount,Milwaukee Brewers,Chrome Legend Autographs	CLA-RY	Robin Yount	Milwaukee Brewers,False
2024_topps_chrome,2024,Topps,Chrome,Chrome Legend Autographs,,CLA-SK,Sandy Koufax,Brooklyn Dodgers,Chrome Legend Autographs	CLA-SK	Sandy Koufax	Brooklyn Dodgers,False
2024_topps_chrome,2024,Topps,Chrome,Chrome Legend Autographs,,CLA-SS,Sammy Sosa,Chicago Cubs,Chrome Legend Autographs	CLA-SS	Sammy Sosa	Chicago Cubs,False
2024_topps_chrome,2024,Topps,Chrome,Chrome Legend Autographs,,CLA-TG,Tom Glavine,Atlanta Braves,Chrome Legend Autographs	CLA-TG	Tom Glavine	Atlanta Braves,False
2024_topps_chrome,2024,Topps,Chrome,Dual Autographs,,DA-BWJ,George Brett / Bobby Witt Jr.,Kansas City Royals,Dual Autographs	DA-BWJ	George Brett / Bobby Witt Jr.	Kansas City Royals,True
2024_topps_chrome,2024,Topps,Chrome,Dual Autographs,,DA-FRS,Christian Yelich / Sal Frelick,Milwaukee Brewers,Dual Autographs	DA-FRS	Christian Yelich / Sal Frelick	Milwaukee Brewers,True
2024_topps_chrome,2024,Topps,Chrome,Dual Autographs,,DA-KV,Clayton Kershaw / Fernando Valenzuela,Los Angeles Dodgers,Dual Autographs	DA-KV	Clayton Kershaw / Fernando Valenzuela	Los Angeles Dodgers,True
2024_topps_chrome,2024,Topps,Chrome,Dual Autographs,,DA-RH,Ryan Howard / Jimmy Rollins,Philadelphia Phillies,Dual Autographs	DA-RH	Ryan Howard / Jimmy Rollins	Philadelphia Phillies,True
2024_topps_chrome,2024,Topps,Chrome,Dual Autographs,,DA-RIO,Austin Riley / Matt Olson,Atlanta Braves,Dual Autographs	DA-RIO	Austin Riley / Matt Olson	Atlanta Braves,True
2024_topps_chrome,2024,Topps,Chrome,Dual Autographs,,DA-TM,Fernando Tatis Jr. / Manny Machado,San Diego Padres,Dual Autographs	DA-TM	Fernando Tatis Jr. / Manny Machado	San Diego Padres,True
2024_topps_chrome,2024,Topps,Chrome,Dual Autographs,,DA-TRG,Vladimir Guerrero / Mike Trout,Los Angeles Angels,Dual Autographs	DA-TRG	Vladimir Guerrero / Mike Trout	Los Angeles Angels,True
2024_topps_chrome,2024,Topps,Chrome,Exposé,,TCE-1,Shohei Ohtani,Los Angeles Dodgers,Exposé	TCE-1	Shohei Ohtani	Los Angeles Dodgers,False
2024_topps_chrome,2024,Topps,Chrome,Exposé,,TCE-2,Mike Trout,Los Angeles Angels,Exposé	TCE-2	Mike Trout	Los Angeles Angels,False
2024_topps_chrome,2024,Topps,Chrome,Exposé,,TCE-3,Aaron Judge,New York Yankees,Exposé	TCE-3	Aaron Judge	New York Yankees,False
2024_topps_chrome,2024,Topps,Chrome,Exposé,,TCE-4,Vladimir Guerrero Jr.,Toronto Blue Jays,Exposé	TCE-4	Vladimir Guerrero Jr.	Toronto Blue Jays,False
2024_topps_chrome,2024,Topps,Chrome,Exposé,,TCE-5,Bryce Harper,Philadelphia Phillies,Exposé	TCE-5	Bryce Harper	Philadelphia Phillies,False
2024_topps_chrome,2024,Topps,Chrome,Exposé,,TCE-6,Julio Rodríguez,Seattle Mariners,Exposé	TCE-6	Julio Rodríguez	Seattle Mariners,False
2024_topps_chrome,2024,Topps,Chrome,Exposé,,TCE-7,Mookie Betts,Los Angeles Dodgers,Exposé	TCE-7	Mookie Betts	Los Angeles Dodgers,False
2024_topps_chrome,2024,Topps,Chrome,Exposé,,TCE-8,Freddie Freeman,Los Angeles Dodgers,Exposé	TCE-8	Freddie Freeman	Los Angeles Dodgers,False
2024_topps_chrome,2024,Topps,Chrome,Exposé,,TCE-9,Yordan Alvarez,Houston Astros,Exposé	TCE-9	Yordan Alvarez	Houston Astros,False
2024_topps_chrome,2024,Topps,Chrome,Exposé,,TCE-10,Gunnar Henderson,Baltimore Orioles,Exposé	TCE-10	Gunnar Henderson	Baltimore Orioles,False
2024_topps_chrome,2024,Topps,Chrome,Exposé,,TCE-11,Adley Rutschman,Baltimore Orioles,Exposé	TCE-11	Adley Rutschman	Baltimore Orioles,False
2024_topps_chrome,2024,Topps,Chrome,Exposé,,TCE-12,Juan Soto,New York Yankees,Exposé	TCE-12	Juan Soto	New York Yankees,False
2024_topps_chrome,2024,Topps,Chrome,Exposé,,TCE-13,Fernando Tatis Jr.,San Diego Padres,Exposé	TCE-13	Fernando Tatis Jr.	San Diego Padres,False
2024_topps_chrome,2024,Topps,Chrome,Exposé,,TCE-14,Ronald Acuña Jr.,Atlanta Braves,Exposé	TCE-14	Ronald Acuña Jr.	Atlanta Braves,False
2024_topps_chrome,2024,Topps,Chrome,Exposé,,TCE-15,Corbin Carroll,Arizona Diamondbacks,Exposé	TCE-15	Corbin Carroll	Arizona Diamondbacks,False
2024_topps_chrome,2024,Topps,Chrome,Exposé,,TCE-16,Matt Olson,Atlanta Braves,Exposé	TCE-16	Matt Olson	Atlanta Braves,False
2024_topps_chrome,2024,Topps,Chrome,Exposé,,TCE-17,Pete Alonso,New York Mets,Exposé	TCE-17	Pete Alonso	New York Mets,False
2024_topps_chrome,2024,Topps,Chrome,Exposé,,TCE-18,Max Scherzer,Texas Rangers,Exposé	TCE-18	Max Scherzer	Texas Rangers,False
2024_topps_chrome,2024,Topps,Chrome,Exposé,,TCE-19,Corey Seager,Texas Rangers,Exposé	TCE-19	Corey Seager	Texas Rangers,False
2024_topps_chrome,2024,Topps,Chrome,Exposé,,TCE-20,Elly De La Cruz,Cincinnati Reds,Exposé	TCE-20	Elly De La Cruz	Cincinnati Reds,False
2024_topps_chrome,2024,Topps,Chrome,Exposé,,TCE-21,Jasson Domínguez,New York Yankees,Exposé	TCE-21	Jasson Domínguez	New York Yankees,False
2024_topps_chrome,2024,Topps,Chrome,Exposé,,TCE-22,Evan Carter,Texas Rangers,Exposé	TCE-22	Evan Carter	Texas Rangers,False
2024_topps_chrome,2024,Topps,Chrome,Exposé,,TCE-23,Junior Caminero,Tampa Bay Rays,Exposé	TCE-23	Junior Caminero	Tampa Bay Rays,False
2024_topps_chrome,2024,Topps,Chrome,Exposé,,TCE-24,Colton Cowser,Baltimore Orioles,Exposé	TCE-24	Colton Cowser	Baltimore Orioles,False
2024_topps_chrome,2024,Topps,Chrome,Exposé,,TCE-25,Heston Kjerstad,Baltimore Orioles,Exposé	TCE-25	Heston Kjerstad	Baltimore Orioles,False
2024_topps_chrome,2024,Topps,Chrome,Exposé,,TCE-26,Pete Crow-Armstrong,Chicago Cubs,Exposé	TCE-26	Pete Crow-Armstrong	Chicago Cubs,False
2024_topps_chrome,2024,Topps,Chrome,Exposé,,TCE-27,Jordan Lawlar,Arizona Diamondbacks,Exposé	TCE-27	Jordan Lawlar	Arizona Diamondbacks,False
2024_topps_chrome,2024,Topps,Chrome,Exposé,,TCE-28,Curtis Mead,Tampa Bay Rays,Exposé	TCE-28	Curtis Mead	Tampa Bay Rays,False
2024_topps_chrome,2024,Topps,Chrome,Exposé,,TCE-29,Sal Frelick,Milwaukee Brewers,Exposé	TCE-29	Sal Frelick	Milwaukee Brewers,False
2024_topps_chrome,2024,Topps,Chrome,Exposé,,TCE-30,Noelvi Marte,Cincinnati Reds,Exposé	TCE-30	Noelvi Marte	Cincinnati Reds,False
2024_topps_chrome,2024,Topps,Chrome,Exposé,,TCE-31,Yoshinobu Yamamoto,Los Angeles Dodgers,Exposé	TCE-31	Yoshinobu Yamamoto	Los Angeles Dodgers,False
2024_topps_chrome,2024,Topps,Chrome,Exposé,,TCE-32,Jung Hoo Lee,San Francisco Giants,Exposé	TCE-32	Jung Hoo Lee	San Francisco Giants,False
2024_topps_chrome,2024,Topps,Chrome,Exposé,,TCE-33,Gerrit Cole,New York Yankees,Exposé	TCE-33	Gerrit Cole	New York Yankees,False
2024_topps_chrome,2024,Topps,Chrome,Exposé,,TCE-34,Luis Robert Jr.,Chicago White Sox,Exposé	TCE-34	Luis Robert Jr.	Chicago White Sox,False
2024_topps_chrome,2024,Topps,Chrome,Fanatical,,FAN-1,Ronald Acuña Jr.,Atlanta Braves,Fanatical	FAN-1	Ronald Acuña Jr.	Atlanta Braves,False
2024_topps_chrome,2024,Topps,Chrome,Fanatical,,FAN-2,Jazz Chisholm Jr.,Miami Marlins,Fanatical	FAN-2	Jazz Chisholm Jr.	Miami Marlins,False
2024_topps_chrome,2024,Topps,Chrome,Fanatical,,FAN-3,Julio Rodríguez,Seattle Mariners,Fanatical	FAN-3	Julio Rodríguez	Seattle Mariners,False
2024_topps_chrome,2024,Topps,Chrome,Fanatical,,FAN-4,Gunnar Henderson,Baltimore Orioles,Fanatical	FAN-4	Gunnar Henderson	Baltimore Orioles,False
2024_topps_chrome,2024,Topps,Chrome,Fanatical,,FAN-5,Rafael Devers,Boston Red Sox,Fanatical	FAN-5	Rafael Devers	Boston Red Sox,False
2024_topps_chrome,2024,Topps,Chrome,Fanatical,,FAN-6,Bobby Witt Jr.,Kansas City Royals,Fanatical	FAN-6	Bobby Witt Jr.	Kansas City Royals,False
2024_topps_chrome,2024,Topps,Chrome,Fanatical,,FAN-7,Yordan Alvarez,Houston Astros,Fanatical	FAN-7	Yordan Alvarez	Houston Astros,False
2024_topps_chrome,2024,Topps,Chrome,Fanatical,,FAN-8,Luis Robert Jr.,Chicago White Sox,Fanatical	FAN-8	Luis Robert Jr.	Chicago White Sox,False
2024_topps_chrome,2024,Topps,Chrome,Fanatical,,FAN-9,Elly De La Cruz,Cincinnati Reds,Fanatical	FAN-9	Elly De La Cruz	Cincinnati Reds,False
2024_topps_chrome,2024,Topps,Chrome,Fanatical,,FAN-10,Henry Davis,Pittsburgh Pirates,Fanatical	FAN-10	Henry Davis	Pittsburgh Pirates,False
2024_topps_chrome,2024,Topps,Chrome,Fanatical,,FAN-11,Mike Trout,Los Angeles Angels,Fanatical	FAN-11	Mike Trout	Los Angeles Angels,False
2024_topps_chrome,2024,Topps,Chrome,Fanatical,,FAN-12,Corey Seager,Texas Rangers,Fanatical	FAN-12	Corey Seager	Texas Rangers,False
2024_topps_chrome,2024,Topps,Chrome,Fanatical,,FAN-13,Kris Bryant,Colorado Rockies,Fanatical	FAN-13	Kris Bryant	Colorado Rockies,False
2024_topps_chrome,2024,Topps,Chrome,Fanatical,,FAN-14,Manny Machado,San Diego Padres,Fanatical	FAN-14	Manny Machado	San Diego Padres,False
2024_topps_chrome,2024,Topps,Chrome,Fanatical,,FAN-15,Corbin Carroll,Arizona Diamondbacks,Fanatical	FAN-15	Corbin Carroll	Arizona Diamondbacks,False
2024_topps_chrome,2024,Topps,Chrome,Future Stars,,FS-1,Adley Rutschman,Baltimore Orioles,Future Stars	FS-1	Adley Rutschman	Baltimore Orioles,False
2024_topps_chrome,2024,Topps,Chrome,Future Stars,,FS-2,Gunnar Henderson,Baltimore Orioles,Future Stars	FS-2	Gunnar Henderson	Baltimore Orioles,False
2024_topps_chrome,2024,Topps,Chrome,Future Stars,,FS-3,Corbin Carroll,Arizona Diamondbacks,Future Stars	FS-3	Corbin Carroll	Arizona Diamondbacks,False
2024_topps_chrome,2024,Topps,Chrome,Future Stars,,FS-4,Gabriel Moreno,Arizona Diamondbacks,Future Stars	FS-4	Gabriel Moreno	Arizona Diamondbacks,False
2024_topps_chrome,2024,Topps,Chrome,Future Stars,,FS-5,Anthony Volpe,New York Yankees,Future Stars	FS-5	Anthony Volpe	New York Yankees,False
2024_topps_chrome,2024,Topps,Chrome,Future Stars,,FS-6,Jordan Walker,St. Louis Cardinals,Future Stars	FS-6	Jordan Walker	St. Louis Cardinals,False
2024_topps_chrome,2024,Topps,Chrome,Future Stars,,FS-7,Francisco Alvarez,New York Mets,Future Stars	FS-7	Francisco Alvarez	New York Mets,False
2024_topps_chrome,2024,Topps,Chrome,Future Stars,,FS-8,Justin Steele,Chicago Cubs,Future Stars	FS-8	Justin Steele	Chicago Cubs,False
2024_topps_chrome,2024,Topps,Chrome,Future Stars,,FS-9,Kodai Senga,New York Mets,Future Stars	FS-9	Kodai Senga	New York Mets,False
2024_topps_chrome,2024,Topps,Chrome,Future Stars,,FS-10,Michael Harris II,Atlanta Braves,Future Stars	FS-10	Michael Harris II	Atlanta Braves,False
2024_topps_chrome,2024,Topps,Chrome,Future Stars,,FS-11,Eury Pérez,Miami Marlins,Future Stars	FS-11	Eury Pérez	Miami Marlins,False
2024_topps_chrome,2024,Topps,Chrome,Future Stars,,FS-12,Christopher Morel,Chicago Cubs,Future Stars	FS-12	Christopher Morel	Chicago Cubs,False
2024_topps_chrome,2024,Topps,Chrome,Future Stars,,FS-13,Josh Jung,Texas Rangers,Future Stars	FS-13	Josh Jung	Texas Rangers,False
2024_topps_chrome,2024,Topps,Chrome,Future Stars,,FS-14,Matt McLain,Cincinnati Reds,Future Stars	FS-14	Matt McLain	Cincinnati Reds,False
2024_topps_chrome,2024,Topps,Chrome,Future Stars,,FS-15,Masataka Yoshida,Boston Red Sox,Future Stars	FS-15	Masataka Yoshida	Boston Red Sox,False
2024_topps_chrome,2024,Topps,Chrome,Future Stars,,FS-16,Riley Greene,Detroit Tigers,Future Stars	FS-16	Riley Greene	Detroit Tigers,False
2024_topps_chrome,2024,Topps,Chrome,Future Stars,,FS-17,Triston Casas,Boston Red Sox,Future Stars	FS-17	Triston Casas	Boston Red Sox,False
2024_topps_chrome,2024,Topps,Chrome,Future Stars,,FS-18,Yainer Diaz,Houston Astros,Future Stars	FS-18	Yainer Diaz	Houston Astros,False
2024_topps_chrome,2024,Topps,Chrome,Future Stars,,FS-19,Ezequiel Tovar,Colorado Rockies,Future Stars	FS-19	Ezequiel Tovar	Colorado Rockies,False
2024_topps_chrome,2024,Topps,Chrome,Future Stars,,FS-20,Brayan Rocchio,Cleveland Guardians,Future Stars	FS-20	Brayan Rocchio	Cleveland Guardians,False
2024_topps_chrome,2024,Topps,Chrome,Future Stars Autographs,,FSA-AR,Adley Rutschman,Baltimore Orioles,Future Stars Autographs	FSA-AR	Adley Rutschman	Baltimore Orioles,False
2024_topps_chrome,2024,Topps,Chrome,Future Stars Autographs,,FSA-AV,Anthony Volpe,New York Yankees,Future Stars Autographs	FSA-AV	Anthony Volpe	New York Yankees,False
2024_topps_chrome,2024,Topps,Chrome,Future Stars Autographs,,FSA-FA,Francisco Alvarez,New York Mets,Future Stars Autographs	FSA-FA	Francisco Alvarez	New York Mets,False
2024_topps_chrome,2024,Topps,Chrome,Future Stars Autographs,,FSA-JW,Jordan Walker,St. Louis Cardinals,Future Stars Autographs	FSA-JW	Jordan Walker	St. Louis Cardinals,False
2024_topps_chrome,2024,Topps,Chrome,Future Stars Autographs,,FSA-MY,Masataka Yoshida,Boston Red Sox,Future Stars Autographs	FSA-MY	Masataka Yoshida	Boston Red Sox,False
2024_topps_chrome,2024,Topps,Chrome,Future Stars Autographs,,FSA-TC,Triston Casas,Boston Red Sox,Future Stars Autographs	FSA-TC	Triston Casas	Boston Red Sox,False
2024_topps_chrome,2024,Topps,Chrome,Helix,,HX-1,Shohei Ohtani,Los Angeles Dodgers,Helix	HX-1	Shohei Ohtani	Los Angeles Dodgers,False
2024_topps_chrome,2024,Topps,Chrome,Helix,,HX-2,Mike Trout,Los Angeles Angels,Helix	HX-2	Mike Trout	Los Angeles Angels,False
2024_topps_chrome,2024,Topps,Chrome,Helix,,HX-3,Vladimir Guerrero Jr.,Toronto Blue Jays,Helix	HX-3	Vladimir Guerrero Jr.	Toronto Blue Jays,False
2024_topps_chrome,2024,Topps,Chrome,Helix,,HX-4,Bryce Harper,Philadelphia Phillies,Helix	HX-4	Bryce Harper	Philadelphia Phillies,False
2024_topps_chrome,2024,Topps,Chrome,Helix,,HX-5,Gerrit Cole,New York Yankees,Helix	HX-5	Gerrit Cole	New York Yankees,False
2024_topps_chrome,2024,Topps,Chrome,Helix,,HX-6,Corey Seager,Texas Rangers,Helix	HX-6	Corey Seager	Texas Rangers,False
2024_topps_chrome,2024,Topps,Chrome,Helix,,HX-7,Jose Altuve,Houston Astros,Helix	HX-7	Jose Altuve	Houston Astros,False
2024_topps_chrome,2024,Topps,Chrome,Helix,,HX-8,Mookie Betts,Los Angeles Dodgers,Helix	HX-8	Mookie Betts	Los Angeles Dodgers,False
2024_topps_chrome,2024,Topps,Chrome,Helix,,HX-9,Gunnar Henderson,Baltimore Orioles,Helix	HX-9	Gunnar Henderson	Baltimore Orioles,False
2024_topps_chrome,2024,Topps,Chrome,Helix,,HX-10,Juan Soto,New York Yankees,Helix	HX-10	Juan Soto	New York Yankees,False
2024_topps_chrome,2024,Topps,Chrome,Helix,,HX-11,Elly De La Cruz,Cincinnati Reds,Helix	HX-11	Elly De La Cruz	Cincinnati Reds,False
2024_topps_chrome,2024,Topps,Chrome,Helix,,HX-12,Jasson Domínguez,New York Yankees,Helix	HX-12	Jasson Domínguez	New York Yankees,False
2024_topps_chrome,2024,Topps,Chrome,Helix,,HX-13,Evan Carter,Texas Rangers,Helix	HX-13	Evan Carter	Texas Rangers,False
2024_topps_chrome,2024,Topps,Chrome,Helix,,HX-14,Jordan Lawlar,Arizona Diamondbacks,Helix	HX-14	Jordan Lawlar	Arizona Diamondbacks,False
2024_topps_chrome,2024,Topps,Chrome,Helix,,HX-15,Pete Crow-Armstrong,Chicago Cubs,Helix	HX-15	Pete Crow-Armstrong	Chicago Cubs,False
2024_topps_chrome,2024,Topps,Chrome,Let's Go,,LGC-26,Juan Soto,New York Yankees,Let's Go	LGC-26	Juan Soto	New York Yankees,False
2024_topps_chrome,2024,Topps,Chrome,Let's Go,,LGC-27,Austin Riley,Atlanta Braves,Let's Go	LGC-27	Austin Riley	Atlanta Braves,False
2024_topps_chrome,2024,Topps,Chrome,Let's Go,,LGC-28,Gerrit Cole,New York Yankees,Let's Go	LGC-28	Gerrit Cole	New York Yankees,False
2024_topps_chrome,2024,Topps,Chrome,Let's Go,,LGC-29,Corbin Carroll,Arizona Diamondbacks,Let's Go	LGC-29	Corbin Carroll	Arizona Diamondbacks,False
2024_topps_chrome,2024,Topps,Chrome,Let's Go,,LGC-30,Adley Rutschman,Baltimore Orioles,Let's Go	LGC-30	Adley Rutschman	Baltimore Orioles,False
2024_topps_chrome,2024,Topps,Chrome,Let's Go,,LGC-31,Fernando Tatis Jr.,San Diego Padres,Let's Go	LGC-31	Fernando Tatis Jr.	San Diego Padres,False
2024_topps_chrome,2024,Topps,Chrome,Let's Go,,LGC-32,Alex Bregman,Houston Astros,Let's Go	LGC-32	Alex Bregman	Houston Astros,False
2024_topps_chrome,2024,Topps,Chrome,Let's Go,,LGC-33,Bryce Harper,Philadelphia Phillies,Let's Go	LGC-33	Bryce Harper	Philadelphia Phillies,False
2024_topps_chrome,2024,Topps,Chrome,Let's Go,,LGC-34,Trea Turner,Philadelphia Phillies,Let's Go	LGC-34	Trea Turner	Philadelphia Phillies,False
2024_topps_chrome,2024,Topps,Chrome,Let's Go,,LGC-35,Nolan Arenado,St. Louis Cardinals,Let's Go	LGC-35	Nolan Arenado	St. Louis Cardinals,False
2024_topps_chrome,2024,Topps,Chrome,Let's Go,,LGC-36,Pete Crow-Armstrong,Chicago Cubs,Let's Go	LGC-36	Pete Crow-Armstrong	Chicago Cubs,False
2024_topps_chrome,2024,Topps,Chrome,Let's Go,,LGC-37,Jasson Domínguez,New York Yankees,Let's Go	LGC-37	Jasson Domínguez	New York Yankees,False
2024_topps_chrome,2024,Topps,Chrome,Let's Go,,LGC-38,Evan Carter,Texas Rangers,Let's Go	LGC-38	Evan Carter	Texas Rangers,False
2024_topps_chrome,2024,Topps,Chrome,Let's Go,,LGC-39,Zack Gelof,Oakland Athletics,Let's Go	LGC-39	Zack Gelof	Oakland Athletics,False
2024_topps_chrome,2024,Topps,Chrome,Let's Go,,LGC-40,Heston Kjerstad,Baltimore Orioles,Let's Go	LGC-40	Heston Kjerstad	Baltimore Orioles,False
2024_topps_chrome,2024,Topps,Chrome,On the Spot Die-Cut Autographs,,OSA-AD,Andre Dawson,Montréal Expos,On the Spot Die-Cut Autographs	OSA-AD	Andre Dawson	Montréal Expos,False
2024_topps_chrome,2024,Topps,Chrome,On the Spot Die-Cut Autographs,,OSA-AH,Austin Hays,Baltimore Orioles,On the Spot Die-Cut Autographs	OSA-AH	Austin Hays	Baltimore Orioles,False
2024_topps_chrome,2024,Topps,Chrome,On the Spot Die-Cut Autographs,,OSA-AR,Adley Rutschman,Baltimore Orioles,On the Spot Die-Cut Autographs	OSA-AR	Adley Rutschman	Baltimore Orioles,False
2024_topps_chrome,2024,Topps,Chrome,On the Spot Die-Cut Autographs,,OSA-AV,Anthony Volpe,New York Yankees,On the Spot Die-Cut Autographs	OSA-AV	Anthony Volpe	New York Yankees,False
2024_topps_chrome,2024,Topps,Chrome,On the Spot Die-Cut Autographs,,OSA-BBX,Byron Buxton,Minnesota Twins,On the Spot Die-Cut Autographs	OSA-BBX	Byron Buxton	Minnesota Twins,False
2024_topps_chrome,2024,Topps,Chrome,On the Spot Die-Cut Autographs,,OSA-BW,Bobby Witt Jr.,Kansas City Royals,On the Spot Die-Cut Autographs	OSA-BW	Bobby Witt Jr.	Kansas City Royals,False
2024_topps_chrome,2024,Topps,Chrome,On the Spot Die-Cut Autographs,,OSA-CK,Clayton Kershaw,Los Angeles Dodgers,On the Spot Die-Cut Autographs	OSA-CK	Clayton Kershaw	Los Angeles Dodgers,False
2024_topps_chrome,2024,Topps,Chrome,On the Spot Die-Cut Autographs,,OSA-CM,Christopher Morel,Chicago Cubs,On the Spot Die-Cut Autographs	OSA-CM	Christopher Morel	Chicago Cubs,False
2024_topps_chrome,2024,Topps,Chrome,On the Spot Die-Cut Autographs,,OSA-DP,Dustin Pedroia,Boston Red Sox,On the Spot Die-Cut Autographs	OSA-DP	Dustin Pedroia	Boston Red Sox,False
2024_topps_chrome,2024,Topps,Chrome,On the Spot Die-Cut Autographs,,OSA-GH,Gunnar Henderson,Baltimore Orioles,On the Spot Die-Cut Autographs	OSA-GH	Gunnar Henderson	Baltimore Orioles,False
2024_topps_chrome,2024,Topps,Chrome,On the Spot Die-Cut Autographs,,OSA-JB,Jeff Bagwell,Houston Astros,On the Spot Die-Cut Autographs	OSA-JB	Jeff Bagwell	Houston Astros,False
2024_topps_chrome,2024,Topps,Chrome,On the Spot Die-Cut Autographs,,OSA-JR,Jimmy Rollins,Philadelphia Phillies,On the Spot Die-Cut Autographs	OSA-JR	Jimmy Rollins	Philadelphia Phillies,False
2024_topps_chrome,2024,Topps,Chrome,On the Spot Die-Cut Autographs,,OSA-JS,Juan Soto,New York Yankees,On the Spot Die-Cut Autographs	OSA-JS	Juan Soto	New York Yankees,False
2024_topps_chrome,2024,Topps,Chrome,On the Spot Die-Cut Autographs,,OSA-JW,Jordan Walker,St. Louis Cardinals,On the Spot Die-Cut Autographs	OSA-JW	Jordan Walker	St. Louis Cardinals,False
2024_topps_chrome,2024,Topps,Chrome,On the Spot Die-Cut Autographs,,OSA-MT,Mike Trout,Los Angeles Angels,On the Spot Die-Cut Autographs	OSA-MT	Mike Trout	Los Angeles Angels,False
2024_topps_chrome,2024,Topps,Chrome,On the Spot Die-Cut Autographs,,OSA-NE,Nathan Eovaldi,Texas Rangers,On the Spot Die-Cut Autographs	OSA-NE	Nathan Eovaldi	Texas Rangers,False
2024_topps_chrome,2024,Topps,Chrome,On the Spot Die-Cut Autographs,,OSA-NG,Nomar Garciaparra,Boston Red Sox,On the Spot Die-Cut Autographs	OSA-NG	Nomar Garciaparra	Boston Red Sox,False
2024_topps_chrome,2024,Topps,Chrome,On the Spot Die-Cut Autographs,,OSA-PF,Prince Fielder,Milwaukee Brewers,On the Spot Die-Cut Autographs	OSA-PF	Prince Fielder	Milwaukee Brewers,False
2024_topps_chrome,2024,Topps,Chrome,On the Spot Die-Cut Autographs,,OSA-RY,Robin Yount,Milwaukee Brewers,On the Spot Die-Cut Autographs	OSA-RY	Robin Yount	Milwaukee Brewers,False
2024_topps_chrome,2024,Topps,Chrome,On the Spot Die-Cut Autographs,,OSA-SR,Scott Rolen,Cincinnati Reds,On the Spot Die-Cut Autographs	OSA-SR	Scott Rolen	Cincinnati Reds,False
2024_topps_chrome,2024,Topps,Chrome,On the Spot Die-Cut Autographs,,OSA-TT,Trea Turner,Philadelphia Phillies,On the Spot Die-Cut Autographs	OSA-TT	Trea Turner	Philadelphia Phillies,False
2024_topps_chrome,2024,Topps,Chrome,On the Spot Die-Cut Autographs,,OSA-VG,Vladimir Guerrero Jr.,Toronto Blue Jays,On the Spot Die-Cut Autographs	OSA-VG	Vladimir Guerrero Jr.	Toronto Blue Jays,False
2024_topps_chrome,2024,Topps,Chrome,Radiating Rookies,,RR-1,Elly De La Cruz,Cincinnati Reds,Radiating Rookies	RR-1	Elly De La Cruz	Cincinnati Reds,False
2024_topps_chrome,2024,Topps,Chrome,Radiating Rookies,,RR-2,Sal Frelick,Milwaukee Brewers,Radiating Rookies	RR-2	Sal Frelick	Milwaukee Brewers,False
2024_topps_chrome,2024,Topps,Chrome,Radiating Rookies,,RR-3,Zack Gelof,Oakland Athletics,Radiating Rookies	RR-3	Zack Gelof	Oakland Athletics,False
2024_topps_chrome,2024,Topps,Chrome,Radiating Rookies,,RR-4,Colton Cowser,Baltimore Orioles,Radiating Rookies	RR-4	Colton Cowser	Baltimore Orioles,False
2024_topps_chrome,2024,Topps,Chrome,Radiating Rookies,,RR-5,Marco Luciano,San Francisco Giants,Radiating Rookies	RR-5	Marco Luciano	San Francisco Giants,False
2024_topps_chrome,2024,Topps,Chrome,Radiating Rookies,,RR-6,Colt Keith,Detroit Tigers,Radiating Rookies	RR-6	Colt Keith	Detroit Tigers,False
2024_topps_chrome,2024,Topps,Chrome,Radiating Rookies,,RR-7,Pete Crow-Armstrong,Chicago Cubs,Radiating Rookies	RR-7	Pete Crow-Armstrong	Chicago Cubs,False
2024_topps_chrome,2024,Topps,Chrome,Radiating Rookies,,RR-8,Jackson Chourio,Milwaukee Brewers,Radiating Rookies	RR-8	Jackson Chourio	Milwaukee Brewers,False
2024_topps_chrome,2024,Topps,Chrome,Radiating Rookies,,RR-9,Masyn Winn,St. Louis Cardinals,Radiating Rookies	RR-9	Masyn Winn	St. Louis Cardinals,False
2024_topps_chrome,2024,Topps,Chrome,Radiating Rookies,,RR-10,Jasson Domínguez,New York Yankees,Radiating Rookies	RR-10	Jasson Domínguez	New York Yankees,False
2024_topps_chrome,2024,Topps,Chrome,Radiating Rookies,,RR-11,Wyatt Langford,Texas Rangers,Radiating Rookies	RR-11	Wyatt Langford	Texas Rangers,False
2024_topps_chrome,2024,Topps,Chrome,Radiating Rookies,,RR-12,Junior Caminero,Tampa Bay Rays,Radiating Rookies	RR-12	Junior Caminero	Tampa Bay Rays,False
2024_topps_chrome,2024,Topps,Chrome,Radiating Rookies,,RR-13,Jordan Lawlar,Arizona Diamondbacks,Radiating Rookies	RR-13	Jordan Lawlar	Arizona Diamondbacks,False
2024_topps_chrome,2024,Topps,Chrome,Radiating Rookies,,RR-14,Evan Carter,Texas Rangers,Radiating Rookies	RR-14	Evan Carter	Texas Rangers,False
2024_topps_chrome,2024,Topps,Chrome,Radiating Rookies,,RR-15,Heston Kjerstad,Baltimore Orioles,Radiating Rookies	RR-15	Heston Kjerstad	Baltimore Orioles,False
2024_topps_chrome,2024,Topps,Chrome,Radiating Rookies,,RR-16,Yoshinobu Yamamoto,Los Angeles Dodgers,Radiating Rookies	RR-16	Yoshinobu Yamamoto	Los Angeles Dodgers,False
2024_topps_chrome,2024,Topps,Chrome,Radiating Rookies,,RR-17,Jung Hoo Lee,San Francisco Giants,Radiating Rookies	RR-17	Jung Hoo Lee	San Francisco Giants,False
2024_topps_chrome,2024,Topps,Chrome,Radiating Rookies,,RR-18,Nolan Schanuel,Los Angeles Angels,Radiating Rookies	RR-18	Nolan Schanuel	Los Angeles Angels,False
2024_topps_chrome,2024,Topps,Chrome,Radiating Rookies,,RR-19,Jackson Holliday,Baltimore Orioles,Radiating Rookies	RR-19	Jackson Holliday	Baltimore Orioles,False
2024_topps_chrome,2024,Topps,Chrome,Radiating Rookies,,RR-20,Jackson Merrill,San Diego Padres,Radiating Rookies	RR-20	Jackson Merrill	San Diego Padres,False
2024_topps_chrome,2024,Topps,Chrome,Radiating Rookies Autographs,,RRA-CC,Colton Cowser,Baltimore Orioles,Radiating Rookies Autographs	RRA-CC	Colton Cowser	Baltimore Orioles,False
2024_topps_chrome,2024,Topps,Chrome,Radiating Rookies Autographs,,RRA-CE,Christian Encarnacion-Stra,Cincinnati Reds,Radiating Rookies Autographs	RRA-CE	Christian Encarnacion-Stra	Cincinnati Reds,False
2024_topps_chrome,2024,Topps,Chrome,Radiating Rookies Autographs,,RRA-CK,Colt Keith,Detroit Tigers,Radiating Rookies Autographs	RRA-CK	Colt Keith	Detroit Tigers,False
2024_topps_chrome,2024,Topps,Chrome,Radiating Rookies Autographs,,RRA-CM,Curtis Mead,Tampa Bay Rays,Radiating Rookies Autographs	RRA-CM	Curtis Mead	Tampa Bay Rays,False
2024_topps_chrome,2024,Topps,Chrome,Radiating Rookies Autographs,,RRA-CR,Ceddanne Rafaela,Boston Red Sox,Radiating Rookies Autographs	RRA-CR	Ceddanne Rafaela	Boston Red Sox,False
2024_topps_chrome,2024,Topps,Chrome,Radiating Rookies Autographs,,RRA-ED,Elly De La Cruz,Cincinnati Reds,Radiating Rookies Autographs	RRA-ED	Elly De La Cruz	Cincinnati Reds,False
2024_topps_chrome,2024,Topps,Chrome,Radiating Rookies Autographs,,RRA-ER,Endy Rodríguez,Pittsburgh Pirates,Radiating Rookies Autographs	RRA-ER	Endy Rodríguez	Pittsburgh Pirates,False
2024_topps_chrome,2024,Topps,Chrome,Radiating Rookies Autographs,,RRA-EVA,Evan Carter,Texas Rangers,Radiating Rookies Autographs	RRA-EVA	Evan Carter	Texas Rangers,False
2024_topps_chrome,2024,Topps,Chrome,Radiating Rookies Autographs,,RRA-HEK,Heston Kjerstad,Baltimore Orioles,Radiating Rookies Autographs	RRA-HEK	Heston Kjerstad	Baltimore Orioles,False
2024_topps_chrome,2024,Topps,Chrome,Radiating Rookies Autographs,,RRA-JAD,Jasson Domínguez,New York Yankees,Radiating Rookies Autographs	RRA-JAD	Jasson Domínguez	New York Yankees,False
2024_topps_chrome,2024,Topps,Chrome,Radiating Rookies Autographs,,RRA-JC,Jackson Chourio,Milwaukee Brewers,Radiating Rookies Autographs	RRA-JC	Jackson Chourio	Milwaukee Brewers,False
2024_topps_chrome,2024,Topps,Chrome,Radiating Rookies Autographs,,RRA-JH,Jackson Holliday,Baltimore Orioles,Radiating Rookies Autographs	RRA-JH	Jackson Holliday	Baltimore Orioles,False
2024_topps_chrome,2024,Topps,Chrome,Radiating Rookies Autographs,,RRA-JOL,Jordan Lawlar,Arizona Diamondbacks,Radiating Rookies Autographs	RRA-JOL	Jordan Lawlar	Arizona Diamondbacks,False
2024_topps_chrome,2024,Topps,Chrome,Radiating Rookies Autographs,,RRA-JUC,Junior Caminero,Tampa Bay Rays,Radiating Rookies Autographs	RRA-JUC	Junior Caminero	Tampa Bay Rays,False
2024_topps_chrome,2024,Topps,Chrome,Radiating Rookies Autographs,,RRA-MAW,Masyn Winn,St. Louis Cardinals,Radiating Rookies Autographs	RRA-MAW	Masyn Winn	St. Louis Cardinals,False
2024_topps_chrome,2024,Topps,Chrome,Radiating Rookies Autographs,,RRA-NG,Nick Gonzales,Pittsburgh Pirates,Radiating Rookies Autographs	RRA-NG	Nick Gonzales	Pittsburgh Pirates,False
2024_topps_chrome,2024,Topps,Chrome,Radiating Rookies Autographs,,RRA-NOM,Noelvi Marte,Cincinnati Reds,Radiating Rookies Autographs	RRA-NOM	Noelvi Marte	Cincinnati Reds,False
2024_topps_chrome,2024,Topps,Chrome,Radiating Rookies Autographs,,RRA-PC,Pete Crow-Armstrong,Chicago Cubs,Radiating Rookies Autographs	RRA-PC	Pete Crow-Armstrong	Chicago Cubs,False
2024_topps_chrome,2024,Topps,Chrome,Radiating Rookies Autographs,,RRA-SF,Sal Frelick,Milwaukee Brewers,Radiating Rookies Autographs	RRA-SF	Sal Frelick	Milwaukee Brewers,False
2024_topps_chrome,2024,Topps,Chrome,Radiating Rookies Autographs,,RRA-WL,Wyatt Langford,Texas Rangers,Radiating Rookies Autographs	RRA-WL	Wyatt Langford	Texas Rangers,False
2024_topps_chrome,2024,Topps,Chrome,Rookie Autographs,,RA-AA,Andrew Abbott,Cincinnati Reds,Rookie Autographs	RA-AA	Andrew Abbott	Cincinnati Reds,False
2024_topps_chrome,2024,Topps,Chrome,Rookie Autographs,,RA-AC,Alexander Canario,Chicago Cubs,Rookie Autographs	RA-AC	Alexander Canario	Chicago Cubs,False
2024_topps_chrome,2024,Topps,Chrome,Rookie Autographs,,RA-AF,Angel Felipe,Oakland Athletics,Rookie Autographs	RA-AF	Angel Felipe	Oakland Athletics,False
2024_topps_chrome,2024,Topps,Chrome,Rookie Autographs,,RA-AJ,Alek Jacob,San Diego Padres,Rookie Autographs	RA-AJ	Alek Jacob	San Diego Padres,False
2024_topps_chrome,2024,Topps,Chrome,Rookie Autographs,,RA-AJS,AJ Smith-Shawver,Atlanta Braves,Rookie Autographs	RA-AJS	AJ Smith-Shawver	Atlanta Braves,False
2024_topps_chrome,2024,Topps,Chrome,Rookie Autographs,,RA-AL,Andre Lipcius,Detroit Tigers,Rookie Autographs	RA-AL	Andre Lipcius	Detroit Tigers,False
2024_topps_chrome,2024,Topps,Chrome,Rookie Autographs,,RA-AMA,Alec Marsh,Kansas City Royals,Rookie Autographs	RA-AMA	Alec Marsh	Kansas City Royals,False
2024_topps_chrome,2024,Topps,Chrome,Rookie Autographs,,RA-AMW,Amos Willingham,Washington Nationals,Rookie Autographs	RA-AMW	Amos Willingham	Washington Nationals,False
2024_topps_chrome,2024,Topps,Chrome,Rookie Autographs,,RA-ASP,Alex Speas,Texas Rangers,Rookie Autographs	RA-ASP	Alex Speas	Texas Rangers,False
2024_topps_chrome,2024,Topps,Chrome,Rookie Autographs,,RA-AV,Anthony Veneziano,Kansas City Royals,Rookie Autographs	RA-AV	Anthony Veneziano	Kansas City Royals,False
2024_topps_chrome,2024,Topps,Chrome,Rookie Autographs,,RA-AW,Austin Wells,New York Yankees,Rookie Autographs	RA-AW	Austin Wells	New York Yankees,False
2024_topps_chrome,2024,Topps,Chrome,Rookie Autographs,,RA-AWI,Alika Williams,Pittsburgh Pirates,Rookie Autographs	RA-AWI	Alika Williams	Pittsburgh Pirates,False
2024_topps_chrome,2024,Topps,Chrome,Rookie Autographs,,RA-AWS,Allan Winans,Atlanta Braves,Rookie Autographs	RA-AWS	Allan Winans	Atlanta Braves,False
2024_topps_chrome,2024,Topps,Chrome,Rookie Autographs,,RA-BHU,Bryan Hudson,Los Angeles Dodgers,Rookie Autographs	RA-BHU	Bryan Hudson	Los Angeles Dodgers,False
2024_topps_chrome,2024,Topps,Chrome,Rookie Autographs,,RA-BJ,Bryce Jarvis,Arizona Diamondbacks,Rookie Autographs	RA-BJ	Bryce Jarvis	Arizona Diamondbacks,False
2024_topps_chrome,2024,Topps,Chrome,Rookie Autographs,,RA-BR,Blake Rutherford,Washington Nationals,Rookie Autographs	RA-BR	Blake Rutherford	Washington Nationals,False
2024_topps_chrome,2024,Topps,Chrome,Rookie Autographs,,RA-BW,Brendan White,Detroit Tigers,Rookie Autographs	RA-BW	Brendan White	Detroit Tigers,False
2024_topps_chrome,2024,Topps,Chrome,Rookie Autographs,,RA-BWA,Brandon Walter,Boston Red Sox,Rookie Autographs	RA-BWA	Brandon Walter	Boston Red Sox,False
2024_topps_chrome,2024,Topps,Chrome,Rookie Autographs,,RA-BWO,Bryan Woo,Seattle Mariners,Rookie Autographs	RA-BWO	Bryan Woo	Seattle Mariners,False
2024_topps_chrome,2024,Topps,Chrome,Rookie Autographs,,RA-CA,Clayton Andrews,Milwaukee Brewers,Rookie Autographs	RA-CA	Clayton Andrews	Milwaukee Brewers,False
2024_topps_chrome,2024,Topps,Chrome,Rookie Autographs,,RA-CAM,Carmen Mlodzinski,Pittsburgh Pirates,Rookie Autographs	RA-CAM	Carmen Mlodzinski	Pittsburgh Pirates,False
2024_topps_chrome,2024,Topps,Chrome,Rookie Autographs,,RA-CB,Caleb Boushley,Milwaukee Brewers,Rookie Autographs	RA-CB	Caleb Boushley	Milwaukee Brewers,False
2024_topps_chrome,2024,Topps,Chrome,Rookie Autographs,,RA-CC,Colton Cowser,Baltimore Orioles,Rookie Autographs	RA-CC	Colton Cowser	Baltimore Orioles,False
2024_topps_chrome,2024,Topps,Chrome,Rookie Autographs,,RA-CE,Cam Eden,Toronto Blue Jays,Rookie Autographs	RA-CE	Cam Eden	Toronto Blue Jays,False
2024_topps_chrome,2024,Topps,Chrome,Rookie Autographs,,RA-CEN,Christian Encarnacion-Stra,Cincinnati Reds,Rookie Autographs	RA-CEN	Christian Encarnacion-Stra	Cincinnati Reds,False
2024_topps_chrome,2024,Topps,Chrome,Rookie Autographs,,RA-CHS,Chandler Seagle,San Diego Padres,Rookie Autographs	RA-CHS	Chandler Seagle	San Diego Padres,False
2024_topps_chrome,2024,Topps,Chrome,Rookie Autographs,,RA-CK,Connor Kaiser,Colorado Rockies,Rookie Autographs	RA-CK	Connor Kaiser	Colorado Rockies,False
2024_topps_chrome,2024,Topps,Chrome,Rookie Autographs,,RA-CKE,Colt Keith,Detroit Tigers,Rookie Autographs	RA-CKE	Colt Keith	Detroit Tigers,False
2024_topps_chrome,2024,Topps,Chrome,Rookie Autographs,,RA-CMA,Cade Marlowe,Seattle Mariners,Rookie Autographs	RA-CMA	Cade Marlowe	Seattle Mariners,False
2024_topps_chrome,2024,Topps,Chrome,Rookie Autographs,,RA-CME,Curtis Mead,Tampa Bay Rays,Rookie Autographs	RA-CME	Curtis Mead	Tampa Bay Rays,False
2024_topps_chrome,2024,Topps,Chrome,Rookie Autographs,,RA-CMO,Coco Montes,Colorado Rockies,Rookie Autographs	RA-CMO	Coco Montes	Colorado Rockies,False
2024_topps_chrome,2024,Topps,Chrome,Rookie Autographs,,RA-CMU,Chris Murphy,Boston Red Sox,Rookie Autographs	RA-CMU	Chris Murphy	Boston Red Sox,False
2024_topps_chrome,2024,Topps,Chrome,Rookie Autographs,,RA-CP,Connor Phillips,Cincinnati Reds,Rookie Autographs	RA-CP	Connor Phillips	Cincinnati Reds,False
2024_topps_chrome,2024,Topps,Chrome,Rookie Autographs,,RA-CR,Ceddanne Rafaela,Boston Red Sox,Rookie Autographs	RA-CR	Ceddanne Rafaela	Boston Red Sox,False
2024_topps_chrome,2024,Topps,Chrome,Rookie Autographs,,RA-CS,Colin Selby,Pittsburgh Pirates,Rookie Autographs	RA-CS	Colin Selby	Pittsburgh Pirates,False
2024_topps_chrome,2024,Topps,Chrome,Rookie Autographs,,RA-CSP,Carson Spiers,Cincinnati Reds,Rookie Autographs	RA-CSP	Carson Spiers	Cincinnati Reds,False
2024_topps_chrome,2024,Topps,Chrome,Rookie Autographs,,RA-CV,Chris Vallimont,Baltimore Orioles,Rookie Autographs	RA-CV	Chris Vallimont	Baltimore Orioles,False
2024_topps_chrome,2024,Topps,Chrome,Rookie Autographs,,RA-DC,Dominic Canzone,Seattle Mariners,Rookie Autographs	RA-DC	Dominic Canzone	Seattle Mariners,False
2024_topps_chrome,2024,Topps,Chrome,Rookie Autographs,,RA-DCR,Declan Cronin,Chicago White Sox,Rookie Autographs	RA-DCR	Declan Cronin	Chicago White Sox,False
2024_topps_chrome,2024,Topps,Chrome,Rookie Autographs,,RA-DD,Davis Daniel,Los Angeles Angels,Rookie Autographs	RA-DD	Davis Daniel	Los Angeles Angels,False
2024_topps_chrome,2024,Topps,Chrome,Rookie Autographs,,RA-DHA,David Hamilton,Boston Red Sox,Rookie Autographs	RA-DHA	David Hamilton	Boston Red Sox,False
2024_topps_chrome,2024,Topps,Chrome,Rookie Autographs,,RA-DM,Drew Millas,Washington Nationals,Rookie Autographs	RA-DM	Drew Millas	Washington Nationals,False
2024_topps_chrome,2024,Topps,Chrome,Rookie Autographs,,RA-DMY,Dane Myers,Miami Marlins,Rookie Autographs	RA-DMY	Dane Myers	Miami Marlins,False
2024_topps_chrome,2024,Topps,Chrome,Rookie Autographs,,RA-DP,Daniel Palencia,Chicago Cubs,Rookie Autographs	RA-DP	Daniel Palencia	Chicago Cubs,False
2024_topps_chrome,2024,Topps,Chrome,Rookie Autographs,,RA-DSC,Davis Schneider,Toronto Blue Jays,Rookie Autographs	RA-DSC	Davis Schneider	Toronto Blue Jays,False
2024_topps_chrome,2024,Topps,Chrome,Rookie Autographs,,RA-DV,Darius Vines,Atlanta Braves,Rookie Autographs	RA-DV	Darius Vines	Atlanta Braves,False
2024_topps_chrome,2024,Topps,Chrome,Rookie Autographs,,RA-EC,Evan Carter,Texas Rangers,Rookie Autographs	RA-EC	Evan Carter	Texas Rangers,False
2024_topps_chrome,2024,Topps,Chrome,Rookie Autographs,,RA-EDLC,Elly De La Cruz,Cincinnati Reds,Rookie Autographs	RA-EDLC	Elly De La Cruz	Cincinnati Reds,False
2024_topps_chrome,2024,Topps,Chrome,Rookie Autographs,,RA-EH,Emerson Hancock,Seattle Mariners,Rookie Autographs	RA-EH	Emerson Hancock	Seattle Mariners,False
2024_topps_chrome,2024,Topps,Chrome,Rookie Autographs,,RA-EJ,Evan Justice,Colorado Rockies,Rookie Autographs	RA-EJ	Evan Justice	Colorado Rockies,False
2024_topps_chrome,2024,Topps,Chrome,Rookie Autographs,,RA-EL,Easton Lucas,Oakland Athletics,Rookie Autographs	RA-EL	Easton Lucas	Oakland Athletics,False
2024_topps_chrome,2024,Topps,Chrome,Rookie Autographs,,RA-EN,Edgar Navarro,Chicago White Sox,Rookie Autographs	RA-EN	Edgar Navarro	Chicago White Sox,False
2024_topps_chrome,2024,Topps,Chrome,Rookie Autographs,,RA-EP,Everson Pereira,New York Yankees,Rookie Autographs	RA-EP	Everson Pereira	New York Yankees,False
2024_topps_chrome,2024,Topps,Chrome,Rookie Autographs,,RA-ER,Endy Rodríguez,Pittsburgh Pirates,Rookie Autographs	RA-ER	Endy Rodríguez	Pittsburgh Pirates,False
2024_topps_chrome,2024,Topps,Chrome,Rookie Autographs,,RA-FW,Forrest Wall,Atlanta Braves,Rookie Autographs	RA-FW	Forrest Wall	Atlanta Braves,False
2024_topps_chrome,2024,Topps,Chrome,Rookie Autographs,,RA-GH,Grant Hartwig,New York Mets,Rookie Autographs	RA-GH	Grant Hartwig	New York Mets,False
2024_topps_chrome,2024,Topps,Chrome,Rookie Autographs,,RA-GK,Grae Kessinger,Houston Astros,Rookie Autographs	RA-GK	Grae Kessinger	Houston Astros,False
2024_topps_chrome,2024,Topps,Chrome,Rookie Autographs,,RA-GW,Gavin Williams,Cleveland Guardians,Rookie Autographs	RA-GW	Gavin Williams	Cleveland Guardians,False
2024_topps_chrome,2024,Topps,Chrome,Rookie Autographs,,RA-HAD,Henry Davis,Pittsburgh Pirates,Rookie Autographs	RA-HAD	Henry Davis	Pittsburgh Pirates,False
2024_topps_chrome,2024,Topps,Chrome,Rookie Autographs,,RA-HD,Hagen Danner,Toronto Blue Jays,Rookie Autographs	RA-HD	Hagen Danner	Toronto Blue Jays,False
2024_topps_chrome,2024,Topps,Chrome,Rookie Autographs,,RA-HG,Hunter Goodman,Colorado Rockies,Rookie Autographs	RA-HG	Hunter Goodman	Colorado Rockies,False
2024_topps_chrome,2024,Topps,Chrome,Rookie Autographs,,RA-HK,Heston Kjerstad,Baltimore Orioles,Rookie Autographs	RA-HK	Heston Kjerstad	Baltimore Orioles,False
2024_topps_chrome,2024,Topps,Chrome,Rookie Autographs,,RA-HS,Hunter Stratton,Pittsburgh Pirates,Rookie Autographs	RA-HS	Hunter Stratton	Pittsburgh Pirates,False
2024_topps_chrome,2024,Topps,Chrome,Rookie Autographs,,RA-IC,Isaiah Campbell,Seattle Mariners,Rookie Autographs	RA-IC	Isaiah Campbell	Seattle Mariners,False
2024_topps_chrome,2024,Topps,Chrome,Rookie Autographs,,RA-JA,Jordyn Adams,Los Angeles Angels,Rookie Autographs	RA-JA	Jordyn Adams	Los Angeles Angels,False
2024_topps_chrome,2024,Topps,Chrome,Rookie Autographs,,RA-JAM,Jacob Amaya,Miami Marlins,Rookie Autographs	RA-JAM	Jacob Amaya	Miami Marlins,False
2024_topps_chrome,2024,Topps,Chrome,Rookie Autographs,,RA-JAW,Jake Wong,Cincinnati Reds,Rookie Autographs	RA-JAW	Jake Wong	Cincinnati Reds,False
2024_topps_chrome,2024,Topps,Chrome,Rookie Autographs,,RA-JB,Jonathan Bowlan,Kansas City Royals,Rookie Autographs	RA-JB	Jonathan Bowlan	Kansas City Royals,False
2024_topps_chrome,2024,Topps,Chrome,Rookie Autographs,,RA-JC,Jackson Chourio,Milwaukee Brewers,Rookie Autographs	RA-JC	Jackson Chourio	Milwaukee Brewers,False
2024_topps_chrome,2024,Topps,Chrome,Rookie Autographs,,RA-JCA,Junior Caminero,Tampa Bay Rays,Rookie Autographs	RA-JCA	Junior Caminero	Tampa Bay Rays,False
2024_topps_chrome,2024,Topps,Chrome,Rookie Autographs,,RA-JDE,Jonny Deluca,Tampa Bay Rays,Rookie Autographs	RA-JDE	Jonny Deluca	Tampa Bay Rays,False
2024_topps_chrome,2024,Topps,Chrome,Rookie Autographs,,RA-JDZ,Jasson Domínguez,New York Yankees,Rookie Autographs	RA-JDZ	Jasson Domínguez	New York Yankees,False
2024_topps_chrome,2024,Topps,Chrome,Rookie Autographs,,RA-JE,Jose Espada,San Diego Padres,Rookie Autographs	RA-JE	Jose Espada	San Diego Padres,False
2024_topps_chrome,2024,Topps,Chrome,Rookie Autographs,,RA-JES,Joey Estes,Oakland Athletics,Rookie Autographs	RA-JES	Joey Estes	Oakland Athletics,False
2024_topps_chrome,2024,Topps,Chrome,Rookie Autographs,,RA-JF,Justin Foscue,Texas Rangers,Rookie Autographs	RA-JF	Justin Foscue	Texas Rangers,False
2024_topps_chrome,2024,Topps,Chrome,Rookie Autographs,,RA-JFE,José Fermín,St. Louis Cardinals,Rookie Autographs	RA-JFE	José Fermín	St. Louis Cardinals,False
2024_topps_chrome,2024,Topps,Chrome,Rookie Autographs,,RA-JH,Jackson Holliday,Baltimore Orioles,Rookie Autographs	RA-JH	Jackson Holliday	Baltimore Orioles,False
2024_topps_chrome,2024,Topps,Chrome,Rookie Autographs,,RA-JHL,Jung-Hoo Lee,San Francisco Giants,Rookie Autographs	RA-JHL	Jung-Hoo Lee	San Francisco Giants,False
2024_topps_chrome,2024,Topps,Chrome,Rookie Autographs,,RA-JJQ,Joe Jacques,Boston Red Sox,Rookie Autographs	RA-JJQ	Joe Jacques	Boston Red Sox,False
2024_topps_chrome,2024,Topps,Chrome,Rookie Autographs,,RA-JLA,Jordan Lawlar,Arizona Diamondbacks,Rookie Autographs	RA-JLA	Jordan Lawlar	Arizona Diamondbacks,False
2024_topps_chrome,2024,Topps,Chrome,Rookie Autographs,,RA-JM,James McArthur,Kansas City Royals,Rookie Autographs	RA-JM	James McArthur	Kansas City Royals,False
2024_topps_chrome,2024,Topps,Chrome,Rookie Autographs,,RA-JMA,Justin Martinez,Arizona Diamondbacks,Rookie Autographs	RA-JMA	Justin Martinez	Arizona Diamondbacks,False
2024_topps_chrome,2024,Topps,Chrome,Rookie Autographs,,RA-JMC,John McMillon,Kansas City Royals,Rookie Autographs	RA-JMC	John McMillon	Kansas City Royals,False
2024_topps_chrome,2024,Topps,Chrome,Rookie Autographs,,RA-JME,Jackson Merrill,San Diego Padres,Rookie Autographs	RA-JME	Jackson Merrill	San Diego Padres,False
2024_topps_chrome,2024,Topps,Chrome,Rookie Autographs,,RA-JO,Jonathan Ornelas,Texas Rangers,Rookie Autographs	RA-JO	Jonathan Ornelas	Texas Rangers,False
2024_topps_chrome,2024,Topps,Chrome,Rookie Autographs,,RA-JP,J.P. Martinez,Texas Rangers,Rookie Autographs	RA-JP	J.P. Martinez	Texas Rangers,False
2024_topps_chrome,2024,Topps,Chrome,Rookie Autographs,,RA-JRU,Jackson Rutledge,Washington Nationals,Rookie Autographs	RA-JRU	Jackson Rutledge	Washington Nationals,False
2024_topps_chrome,2024,Topps,Chrome,Rookie Autographs,,RA-JS,José Soriano,Los Angeles Angels,Rookie Autographs	RA-JS	José Soriano	Los Angeles Angels,False
2024_topps_chrome,2024,Topps,Chrome,Rookie Autographs,,RA-JT,José Tena,Cleveland Guardians,Rookie Autographs	RA-JT	José Tena	Cleveland Guardians,False
2024_topps_chrome,2024,Topps,Chrome,Rookie Autographs,,RA-JTR,Jared Triolo,Pittsburgh Pirates,Rookie Autographs	RA-JTR	Jared Triolo	Pittsburgh Pirates,False
2024_topps_chrome,2024,Topps,Chrome,Rookie Autographs,,RA-JWE,Jordan Westburg,Baltimore Orioles,Rookie Autographs	RA-JWE	Jordan Westburg	Baltimore Orioles,False
2024_topps_chrome,2024,Topps,Chrome,Rookie Autographs,,RA-JWO,Jackson Wolf,Pittsburgh Pirates,Rookie Autographs	RA-JWO	Jackson Wolf	Pittsburgh Pirates,False
2024_topps_chrome,2024,Topps,Chrome,Rookie Autographs,,RA-JWS,Jordan Wicks,Chicago Cubs,Rookie Autographs	RA-JWS	Jordan Wicks	Chicago Cubs,False
2024_topps_chrome,2024,Topps,Chrome,Rookie Autographs,,RA-KC,Kelvin Caceres,Los Angeles Angels,Rookie Autographs	RA-KC	Kelvin Caceres	Los Angeles Angels,False
2024_topps_chrome,2024,Topps,Chrome,Rookie Autographs,,RA-KF,Kody Funderburk,Minnesota Twins,Rookie Autographs	RA-KF	Kody Funderburk	Minnesota Twins,False
2024_topps_chrome,2024,Topps,Chrome,Rookie Autographs,,RA-KH,Kyle Harrison,San Francisco Giants,Rookie Autographs	RA-KH	Kyle Harrison	San Francisco Giants,False
2024_topps_chrome,2024,Topps,Chrome,Rookie Autographs,,RA-KHU,Kyle Hurt,Los Angeles Dodgers,Rookie Autographs	RA-KHU	Kyle Hurt	Los Angeles Dodgers,False
2024_topps_chrome,2024,Topps,Chrome,Rookie Autographs,,RA-KL,Kyle Leahy,St. Louis Cardinals,Rookie Autographs	RA-KL	Kyle Leahy	St. Louis Cardinals,False
2024_topps_chrome,2024,Topps,Chrome,Rookie Autographs,,RA-KN,Kyle Nicolas,Pittsburgh Pirates,Rookie Autographs	RA-KN	Kyle Nicolas	Pittsburgh Pirates,False
2024_topps_chrome,2024,Topps,Chrome,Rookie Autographs,,RA-KP,Kyren Paris,Los Angeles Angels,Rookie Autographs	RA-KP	Kyren Paris	Los Angeles Angels,False
2024_topps_chrome,2024,Topps,Chrome,Rookie Autographs,,RA-LB,Luken Baker,St. Louis Cardinals,Rookie Autographs	RA-LB	Luken Baker	St. Louis Cardinals,False
2024_topps_chrome,2024,Topps,Chrome,Rookie Autographs,,RA-LBU,Lawrence Butler,Oakland Athletics,Rookie Autographs	RA-LBU	Lawrence Butler	Oakland Athletics,False
2024_topps_chrome,2024,Topps,Chrome,Rookie Autographs,,RA-LL,Luke Little,Chicago Cubs,Rookie Autographs	RA-LL	Luke Little	Chicago Cubs,False
2024_topps_chrome,2024,Topps,Chrome,Rookie Autographs,,RA-LM,Luis Matos,San Francisco Giants,Rookie Autographs	RA-LM	Luis Matos	San Francisco Giants,False
2024_topps_chrome,2024,Topps,Chrome,Rookie Autographs,,RA-LP,Logan Porter,Kansas City Royals,Rookie Autographs	RA-LP	Logan Porter	Kansas City Royals,False
2024_topps_chrome,2024,Topps,Chrome,Rookie Autographs,,RA-LR,Lyon Richardson,Cincinnati Reds,Rookie Autographs	RA-LR	Lyon Richardson	Cincinnati Reds,False
2024_topps_chrome,2024,Topps,Chrome,Rookie Autographs,,RA-LRA,Lane Ramsey,Chicago White Sox,Rookie Autographs	RA-LRA	Lane Ramsey	Chicago White Sox,False
2024_topps_chrome,2024,Topps,Chrome,Rookie Autographs,,RA-MCC,Mason McCoy,San Diego Padres,Rookie Autographs	RA-MCC	Mason McCoy	San Diego Padres,False
2024_topps_chrome,2024,Topps,Chrome,Rookie Autographs,,RA-MK,Matt Krook,New York Yankees,Rookie Autographs	RA-MK	Matt Krook	New York Yankees,False
2024_topps_chrome,2024,Topps,Chrome,Rookie Autographs,,RA-ML,Marco Luciano,San Francisco Giants,Rookie Autographs	RA-ML	Marco Luciano	San Francisco Giants,False
2024_topps_chrome,2024,Topps,Chrome,Rookie Autographs,,RA-MW,Masyn Winn,St. Louis Cardinals,Rookie Autographs	RA-MW	Masyn Winn	St. Louis Cardinals,False
2024_topps_chrome,2024,Topps,Chrome,Rookie Autographs,,RA-NG,Nick Gonzales,Pittsburgh Pirates,Rookie Autographs	RA-NG	Nick Gonzales	Pittsburgh Pirates,False
2024_topps_chrome,2024,Topps,Chrome,Rookie Autographs,,RA-NH,Nick Hernandez,San Diego Padres,Rookie Autographs	RA-NH	Nick Hernandez	San Diego Padres,False
2024_topps_chrome,2024,Topps,Chrome,Rookie Autographs,,RA-NL,Nick Loftin,Kansas City Royals,Rookie Autographs	RA-NL	Nick Loftin	Kansas City Royals,False
2024_topps_chrome,2024,Topps,Chrome,Rookie Autographs,,RA-NM,Noelvi Marte,Cincinnati Reds,Rookie Autographs	RA-NM	Noelvi Marte	Cincinnati Reds,False
2024_topps_chrome,2024,Topps,Chrome,Rookie Autographs,,RA-NR,Nick Robertson,Boston Red Sox,Rookie Autographs	RA-NR	Nick Robertson	Boston Red Sox,False
2024_topps_chrome,2024,Topps,Chrome,Rookie Autographs,,RA-NS,Nolan Schanuel,Los Angeles Angels,Rookie Autographs	RA-NS	Nolan Schanuel	Los Angeles Angels,False
2024_topps_chrome,2024,Topps,Chrome,Rookie Autographs,,RA-OB,Osleivis Basabe,Tampa Bay Rays,Rookie Autographs	RA-OB	Osleivis Basabe	Tampa Bay Rays,False
2024_topps_chrome,2024,Topps,Chrome,Rookie Autographs,,RA-OBI,Osvaldo Bido,Oakland Athletics,Rookie Autographs	RA-OBI	Osvaldo Bido	Oakland Athletics,False
2024_topps_chrome,2024,Topps,Chrome,Rookie Autographs,,RA-OK,Orion Kerkering,Philadelphia Phillies,Rookie Autographs	RA-OK	Orion Kerkering	Philadelphia Phillies,False
2024_topps_chrome,2024,Topps,Chrome,Rookie Autographs,,RA-OW,Owen White,Texas Rangers,Rookie Autographs	RA-OW	Owen White	Texas Rangers,False
2024_topps_chrome,2024,Topps,Chrome,Rookie Autographs,,RA-PB,Prelander Berroa,Seattle Mariners,Rookie Autographs	RA-PB	Prelander Berroa	Seattle Mariners,False
2024_topps_chrome,2024,Topps,Chrome,Rookie Autographs,,RA-PC,Pete Crow-Armstrong,Chicago Cubs,Rookie Autographs	RA-PC	Pete Crow-Armstrong	Chicago Cubs,False
2024_topps_chrome,2024,Topps,Chrome,Rookie Autographs,,RA-PM,Parker Meadows,Detroit Tigers,Rookie Autographs	RA-PM	Parker Meadows	Detroit Tigers,False
2024_topps_chrome,2024,Topps,Chrome,Rookie Autographs,,RA-QP,Quinn Priester,Pittsburgh Pirates,Rookie Autographs	RA-QP	Quinn Priester	Pittsburgh Pirates,False
2024_topps_chrome,2024,Topps,Chrome,Rookie Autographs,,RA-RGA,Robert Garcia,Washington Nationals,Rookie Autographs	RA-RGA	Robert Garcia	Washington Nationals,False
2024_topps_chrome,2024,Topps,Chrome,Rookie Autographs,,RA-RM,Ronny Mauricio,New York Mets,Rookie Autographs	RA-RM	Ronny Mauricio	New York Mets,False
2024_topps_chrome,2024,Topps,Chrome,Rookie Autographs,,RA-RO,Reese Olson,Detroit Tigers,Rookie Autographs	RA-RO	Reese Olson	Detroit Tigers,False
2024_topps_chrome,2024,Topps,Chrome,Rookie Autographs,,RA-RR,Ryder Ryan,Seattle Mariners,Rookie Autographs	RA-RR	Ryder Ryan	Seattle Mariners,False
2024_topps_chrome,2024,Topps,Chrome,Rookie Autographs,,RA-RW,Randy Wynne,Cincinnati Reds,Rookie Autographs	RA-RW	Randy Wynne	Cincinnati Reds,False
2024_topps_chrome,2024,Topps,Chrome,Rookie Autographs,,RA-SC,Steven Cruz,Kansas City Royals,Rookie Autographs	RA-SC	Steven Cruz	Kansas City Royals,False
2024_topps_chrome,2024,Topps,Chrome,Rookie Autographs,,RA-SCE,Slade Cecconi,Arizona Diamondbacks,Rookie Autographs	RA-SCE	Slade Cecconi	Arizona Diamondbacks,False
2024_topps_chrome,2024,Topps,Chrome,Rookie Autographs,,RA-SF,Sal Frelick,Milwaukee Brewers,Rookie Autographs	RA-SF	Sal Frelick	Milwaukee Brewers,False
2024_topps_chrome,2024,Topps,Chrome,Rookie Autographs,,RA-SG,Sawyer Gipson-Long,Detroit Tigers,Rookie Autographs	RA-SG	Sawyer Gipson-Long	Detroit Tigers,False
2024_topps_chrome,2024,Topps,Chrome,Rookie Autographs,,RA-SH,Spencer Horwitz,Toronto Blue Jays,Rookie Autographs	RA-SH	Spencer Horwitz	Toronto Blue Jays,False
2024_topps_chrome,2024,Topps,Chrome,Rookie Autographs,,RA-SI,Shōta Imanaga,Chicago Cubs,Rookie Autographs	RA-SI	Shōta Imanaga	Chicago Cubs,False
2024_topps_chrome,2024,Topps,Chrome,Rookie Autographs,,RA-ST,Samad Taylor,Kansas City Royals,Rookie Autographs	RA-ST	Samad Taylor	Kansas City Royals,False
2024_topps_chrome,2024,Topps,Chrome,Rookie Autographs,,RA-TA,Ty Adcock,Seattle Mariners,Rookie Autographs	RA-TA	Ty Adcock	Seattle Mariners,False
2024_topps_chrome,2024,Topps,Chrome,Rookie Autographs,,RA-TC,Tyler Cropley,Kansas City Royals,Rookie Autographs	RA-TC	Tyler Cropley	Kansas City Royals,False
2024_topps_chrome,2024,Topps,Chrome,Rookie Autographs,,RA-TCA,Trey Cabbage,Los Angeles Angels,Rookie Autographs	RA-TCA	Trey Cabbage	Los Angeles Angels,False
2024_topps_chrome,2024,Topps,Chrome,Rookie Autographs,,RA-TF,Tyler Fitzgerald,San Francisco Giants,Rookie Autographs	RA-TF	Tyler Fitzgerald	San Francisco Giants,False
2024_topps_chrome,2024,Topps,Chrome,Rookie Autographs,,RA-TGR,Tristan Gray,Tampa Bay Rays,Rookie Autographs	RA-TGR	Tristan Gray	Tampa Bay Rays,False
2024_topps_chrome,2024,Topps,Chrome,Rookie Autographs,,RA-TH,TJ Hopkins,Cincinnati Reds,Rookie Autographs	RA-TH	TJ Hopkins	Cincinnati Reds,False
2024_topps_chrome,2024,Topps,Chrome,Rookie Autographs,,RA-TK,Taylor Kohlwey,New York Mets,Rookie Autographs	RA-TK	Taylor Kohlwey	New York Mets,False
2024_topps_chrome,2024,Topps,Chrome,Rookie Autographs,,RA-TSO,Tyler Soderstrom,Oakland Athletics,Rookie Autographs	RA-TSO	Tyler Soderstrom	Oakland Athletics,False
2024_topps_chrome,2024,Topps,Chrome,Rookie Autographs,,RA-VV,Victor Vodnik,Colorado Rockies,Rookie Autographs	RA-VV	Victor Vodnik	Colorado Rockies,False
2024_topps_chrome,2024,Topps,Chrome,Rookie Autographs,,RA-WA,Wilyer Abreu,Boston Red Sox,Rookie Autographs	RA-WA	Wilyer Abreu	Boston Red Sox,False
2024_topps_chrome,2024,Topps,Chrome,Rookie Autographs,,RA-WL,Wyatt Langford,Texas Rangers,Rookie Autographs	RA-WL	Wyatt Langford	Texas Rangers,False
2024_topps_chrome,2024,Topps,Chrome,Rookie Autographs,,RA-WM,Wade Meckler,San Francisco Giants,Rookie Autographs	RA-WM	Wade Meckler	San Francisco Giants,False
2024_topps_chrome,2024,Topps,Chrome,Rookie Autographs,,RA-WWI,Weston Wilson,Philadelphia Phillies,Rookie Autographs	RA-WWI	Weston Wilson	Philadelphia Phillies,False
2024_topps_chrome,2024,Topps,Chrome,Rookie Autographs,,RA-YM,Yuki Matsui,San Diego Padres,Rookie Autographs	RA-YM	Yuki Matsui	San Diego Padres,False
2024_topps_chrome,2024,Topps,Chrome,Rookie Autographs,,RA-YY,Yoshinobu Yamamoto,Los Angeles Dodgers,Rookie Autographs	RA-YY	Yoshinobu Yamamoto	Los Angeles Dodgers,False
2024_topps_chrome,2024,Topps,Chrome,Rookie Autographs,,RA-ZG,Zack Gelof,Oakland Athletics,Rookie Autographs	RA-ZG	Zack Gelof	Oakland Athletics,False
2024_topps_chrome,2024,Topps,Chrome,Rookie Autographs,,RA-ZR,Zach Remillard,Chicago White Sox,Rookie Autographs	RA-ZR	Zach Remillard	Chicago White Sox,False
2024_topps_chrome,2024,Topps,Chrome,Strokes,,S-1,Mike Trout,Los Angeles Angels,Strokes	S-1	Mike Trout	Los Angeles Angels,False
2024_topps_chrome,2024,Topps,Chrome,Strokes,,S-2,Shohei Ohtani,Los Angeles Dodgers,Strokes	S-2	Shohei Ohtani	Los Angeles Dodgers,False
2024_topps_chrome,2024,Topps,Chrome,Strokes,,S-3,Mookie Betts,Los Angeles Dodgers,Strokes	S-3	Mookie Betts	Los Angeles Dodgers,False
2024_topps_chrome,2024,Topps,Chrome,Strokes,,S-4,Freddie Freeman,Los Angeles Dodgers,Strokes	S-4	Freddie Freeman	Los Angeles Dodgers,False
2024_topps_chrome,2024,Topps,Chrome,Strokes,,S-5,Aaron Judge,New York Yankees,Strokes	S-5	Aaron Judge	New York Yankees,False
2024_topps_chrome,2024,Topps,Chrome,Strokes,,S-6,Bryce Harper,Philadelphia Phillies,Strokes	S-6	Bryce Harper	Philadelphia Phillies,False
2024_topps_chrome,2024,Topps,Chrome,Strokes,,S-7,Vladimir Guerrero Jr.,Toronto Blue Jays,Strokes	S-7	Vladimir Guerrero Jr.	Toronto Blue Jays,False
2024_topps_chrome,2024,Topps,Chrome,Strokes,,S-8,Gunnar Henderson,Baltimore Orioles,Strokes	S-8	Gunnar Henderson	Baltimore Orioles,False
2024_topps_chrome,2024,Topps,Chrome,Strokes,,S-9,Corbin Carroll,Arizona Diamondbacks,Strokes	S-9	Corbin Carroll	Arizona Diamondbacks,False
2024_topps_chrome,2024,Topps,Chrome,Strokes,,S-10,Yordan Alvarez,Houston Astros,Strokes	S-10	Yordan Alvarez	Houston Astros,False
2024_topps_chrome,2024,Topps,Chrome,Strokes,,S-11,Luis Arraez,Miami Marlins,Strokes	S-11	Luis Arraez	Miami Marlins,False
2024_topps_chrome,2024,Topps,Chrome,Strokes,,S-12,Ronald Acuña Jr.,Atlanta Braves,Strokes	S-12	Ronald Acuña Jr.	Atlanta Braves,False
2024_topps_chrome,2024,Topps,Chrome,Strokes,,S-13,Matt Olson,Atlanta Braves,Strokes	S-13	Matt Olson	Atlanta Braves,False
2024_topps_chrome,2024,Topps,Chrome,Strokes,,S-14,Juan Soto,New York Yankees,Strokes	S-14	Juan Soto	New York Yankees,False
2024_topps_chrome,2024,Topps,Chrome,Strokes,,S-15,Cody Bellinger,Chicago Cubs,Strokes	S-15	Cody Bellinger	Chicago Cubs,False
2024_topps_chrome,2024,Topps,Chrome,Strokes,,S-16,Rafael Devers,Boston Red Sox,Strokes	S-16	Rafael Devers	Boston Red Sox,False
2024_topps_chrome,2024,Topps,Chrome,Strokes,,S-17,Pete Alonso,New York Mets,Strokes	S-17	Pete Alonso	New York Mets,False
2024_topps_chrome,2024,Topps,Chrome,Strokes,,S-18,Julio Rodríguez,Seattle Mariners,Strokes	S-18	Julio Rodríguez	Seattle Mariners,False
2024_topps_chrome,2024,Topps,Chrome,Strokes,,S-19,Salvador Perez,Kansas City Royals,Strokes	S-19	Salvador Perez	Kansas City Royals,False
2024_topps_chrome,2024,Topps,Chrome,Strokes,,S-20,Paul Goldschmidt,St. Louis Cardinals,Strokes	S-20	Paul Goldschmidt	St. Louis Cardinals,False
2024_topps_chrome,2024,Topps,Chrome,Strokes,,S-21,Jasson Domínguez,New York Yankees,Strokes	S-21	Jasson Domínguez	New York Yankees,False
2024_topps_chrome,2024,Topps,Chrome,Strokes,,S-22,Elly De La Cruz,Cincinnati Reds,Strokes	S-22	Elly De La Cruz	Cincinnati Reds,False
2024_topps_chrome,2024,Topps,Chrome,Strokes,,S-23,Evan Carter,Texas Rangers,Strokes	S-23	Evan Carter	Texas Rangers,False
2024_topps_chrome,2024,Topps,Chrome,Strokes,,S-24,Junior Caminero,Tampa Bay Rays,Strokes	S-24	Junior Caminero	Tampa Bay Rays,False
2024_topps_chrome,2024,Topps,Chrome,Strokes,,S-25,Jordan Lawlar,Arizona Diamondbacks,Strokes	S-25	Jordan Lawlar	Arizona Diamondbacks,False
2024_topps_chrome,2024,Topps,Chrome,Summertime in the Park,,SITP-1,Mookie Betts,Los Angeles Dodgers,Summertime in the Park	SITP-1	Mookie Betts	Los Angeles Dodgers,False
2024_topps_chrome,2024,Topps,Chrome,Summertime in the Park,,SITP-2,Francisco Lindor,New York Mets,Summertime in the Park	SITP-2	Francisco Lindor	New York Mets,False
2024_topps_chrome,2024,Topps,Chrome,Summertime in the Park,,SITP-3,Aaron Judge,New York Yankees,Summertime in the Park	SITP-3	Aaron Judge	New York Yankees,False
2024_topps_chrome,2024,Topps,Chrome,Summertime in the Park,,SITP-4,Elly De La Cruz,Cincinnati Reds,Summertime in the Park	SITP-4	Elly De La Cruz	Cincinnati Reds,False
2024_topps_chrome,2024,Topps,Chrome,Summertime in the Park,,SITP-5,Ronald Acuña Jr.,Atlanta Braves,Summertime in the Park	SITP-5	Ronald Acuña Jr.	Atlanta Braves,False
2024_topps_chrome,2024,Topps,Chrome,Summertime in the Park,,SITP-6,Bo Bichette,Toronto Blue Jays,Summertime in the Park	SITP-6	Bo Bichette	Toronto Blue Jays,False
2024_topps_chrome,2024,Topps,Chrome,Summertime in the Park,,SITP-7,Julio Rodríguez,Seattle Mariners,Summertime in the Park	SITP-7	Julio Rodríguez	Seattle Mariners,False
2024_topps_chrome,2024,Topps,Chrome,Summertime in the Park,,SITP-8,Jackson Holliday,Baltimore Orioles,Summertime in the Park	SITP-8	Jackson Holliday	Baltimore Orioles,False
2024_topps_chrome,2024,Topps,Chrome,Summertime in the Park,,SITP-9,Juan Soto,New York Yankees,Summertime in the Park	SITP-9	Juan Soto	New York Yankees,False
2024_topps_chrome,2024,Topps,Chrome,Summertime in the Park,,SITP-10,Mike Trout,Los Angeles Angels,Summertime in the Park	SITP-10	Mike Trout	Los Angeles Angels,False
2024_topps_chrome,2024,Topps,Chrome,Topps Chrome Authentics,,TCA-AB,Alex Bregman,Houston Astros,Topps Chrome Authentics	TCA-AB	Alex Bregman	Houston Astros,False
2024_topps_chrome,2024,Topps,Chrome,Topps Chrome Authentics,,TCA-AJ,Aaron Judge,New York Yankees,Topps Chrome Authentics	TCA-AJ	Aaron Judge	New York Yankees,False
2024_topps_chrome,2024,Topps,Chrome,Topps Chrome Authentics,,TCA-ARI,Austin Riley,Atlanta Braves,Topps Chrome Authentics	TCA-ARI	Austin Riley	Atlanta Braves,False
2024_topps_chrome,2024,Topps,Chrome,Topps Chrome Authentics,,TCA-ARU,Adley Rutschman,Baltimore Orioles,Topps Chrome Authentics	TCA-ARU	Adley Rutschman	Baltimore Orioles,False
2024_topps_chrome,2024,Topps,Chrome,Topps Chrome Authentics,,TCA-BB,Byron Buxton,Minnesota Twins,Topps Chrome Authentics	TCA-BB	Byron Buxton	Minnesota Twins,False
2024_topps_chrome,2024,Topps,Chrome,Topps Chrome Authentics,,TCA-BN,Brandon Nimmo,New York Mets,Topps Chrome Authentics	TCA-BN	Brandon Nimmo	New York Mets,False
2024_topps_chrome,2024,Topps,Chrome,Topps Chrome Authentics,,TCA-BR,Bryan Reynolds,Pittsburgh Pirates,Topps Chrome Authentics	TCA-BR	Bryan Reynolds	Pittsburgh Pirates,False
2024_topps_chrome,2024,Topps,Chrome,Topps Chrome Authentics,,TCA-BS,Blake Snell,San Diego Padres,Topps Chrome Authentics	TCA-BS	Blake Snell	San Diego Padres,False
2024_topps_chrome,2024,Topps,Chrome,Topps Chrome Authentics,,TCA-BW,Bobby Witt Jr.,Kansas City Royals,Topps Chrome Authentics	TCA-BW	Bobby Witt Jr.	Kansas City Royals,False
2024_topps_chrome,2024,Topps,Chrome,Topps Chrome Authentics,,TCA-CCO,Carlos Correa,Minnesota Twins,Topps Chrome Authentics	TCA-CCO	Carlos Correa	Minnesota Twins,False
2024_topps_chrome,2024,Topps,Chrome,Topps Chrome Authentics,,TCA-CM,Cedric Mullins,Baltimore Orioles,Topps Chrome Authentics	TCA-CM	Cedric Mullins	Baltimore Orioles,False
2024_topps_chrome,2024,Topps,Chrome,Topps Chrome Authentics,,TCA-CY,Christian Yelich,Milwaukee Brewers,Topps Chrome Authentics	TCA-CY	Christian Yelich	Milwaukee Brewers,False
2024_topps_chrome,2024,Topps,Chrome,Topps Chrome Authentics,,TCA-DO,David Ortiz,Boston Red Sox,Topps Chrome Authentics	TCA-DO	David Ortiz	Boston Red Sox,False
2024_topps_chrome,2024,Topps,Chrome,Topps Chrome Authentics,,TCA-DP,Dustin Pedroia,Boston Red Sox,Topps Chrome Authentics	TCA-DP	Dustin Pedroia	Boston Red Sox,False
2024_topps_chrome,2024,Topps,Chrome,Topps Chrome Authentics,,TCA-FL,Francisco Lindor,New York Mets,Topps Chrome Authentics	TCA-FL	Francisco Lindor	New York Mets,False
2024_topps_chrome,2024,Topps,Chrome,Topps Chrome Authentics,,TCA-GC,Gerrit Cole,New York Yankees,Topps Chrome Authentics	TCA-GC	Gerrit Cole	New York Yankees,False
2024_topps_chrome,2024,Topps,Chrome,Topps Chrome Authentics,,TCA-GM,Gabriel Moreno,Arizona Diamondbacks,Topps Chrome Authentics	TCA-GM	Gabriel Moreno	Arizona Diamondbacks,False
2024_topps_chrome,2024,Topps,Chrome,Topps Chrome Authentics,,TCA-GS,Giancarlo Stanton,New York Yankees,Topps Chrome Authentics	TCA-GS	Giancarlo Stanton	New York Yankees,False
2024_topps_chrome,2024,Topps,Chrome,Topps Chrome Authentics,,TCA-GSP,George Springer,Toronto Blue Jays,Topps Chrome Authentics	TCA-GSP	George Springer	Toronto Blue Jays,False
2024_topps_chrome,2024,Topps,Chrome,Topps Chrome Authentics,,TCA-JA,Jose Altuve,Houston Astros,Topps Chrome Authentics	TCA-JA	Jose Altuve	Houston Astros,False
2024_topps_chrome,2024,Topps,Chrome,Topps Chrome Authentics,,TCA-JB,Javier Báez,Detroit Tigers,Topps Chrome Authentics	TCA-JB	Javier Báez	Detroit Tigers,False
2024_topps_chrome,2024,Topps,Chrome,Topps Chrome Authentics,,TCA-JM,Joe Musgrove,San Diego Padres,Topps Chrome Authentics	TCA-JM	Joe Musgrove	San Diego Padres,False
2024_topps_chrome,2024,Topps,Chrome,Topps Chrome Authentics,,TCA-JR,J.T. Realmuto,Philadelphia Phillies,Topps Chrome Authentics	TCA-JR	J.T. Realmuto	Philadelphia Phillies,False
2024_topps_chrome,2024,Topps,Chrome,Topps Chrome Authentics,,TCA-JROD,Julio Rodríguez,Seattle Mariners,Topps Chrome Authentics	TCA-JROD	Julio Rodríguez	Seattle Mariners,False
2024_topps_chrome,2024,Topps,Chrome,Topps Chrome Authentics,,TCA-JV,Joey Votto,Cincinnati Reds,Topps Chrome Authentics	TCA-JV	Joey Votto	Cincinnati Reds,False
2024_topps_chrome,2024,Topps,Chrome,Topps Chrome Authentics,,TCA-KB,Kris Bryant,Colorado Rockies,Topps Chrome Authentics	TCA-KB	Kris Bryant	Colorado Rockies,False
2024_topps_chrome,2024,Topps,Chrome,Topps Chrome Authentics,,TCA-KM,Ketel Marte,Arizona Diamondbacks,Topps Chrome Authentics	TCA-KM	Ketel Marte	Arizona Diamondbacks,False
2024_topps_chrome,2024,Topps,Chrome,Topps Chrome Authentics,,TCA-KT,Kyle Tucker,Houston Astros,Topps Chrome Authentics	TCA-KT	Kyle Tucker	Houston Astros,False
2024_topps_chrome,2024,Topps,Chrome,Topps Chrome Authentics,,TCA-LA,Luis Arraez,Miami Marlins,Topps Chrome Authentics	TCA-LA	Luis Arraez	Miami Marlins,False
2024_topps_chrome,2024,Topps,Chrome,Topps Chrome Authentics,,TCA-LC,Luis Castillo,Seattle Mariners,Topps Chrome Authentics	TCA-LC	Luis Castillo	Seattle Mariners,False
2024_topps_chrome,2024,Topps,Chrome,Topps Chrome Authentics,,TCA-LW,Logan Webb,San Francisco Giants,Topps Chrome Authentics	TCA-LW	Logan Webb	San Francisco Giants,False
2024_topps_chrome,2024,Topps,Chrome,Topps Chrome Authentics,,TCA-MB,Mookie Betts,Los Angeles Dodgers,Topps Chrome Authentics	TCA-MB	Mookie Betts	Los Angeles Dodgers,False
2024_topps_chrome,2024,Topps,Chrome,Topps Chrome Authentics,,TCA-MM,Manny Machado,San Diego Padres,Topps Chrome Authentics	TCA-MM	Manny Machado	San Diego Padres,False
2024_topps_chrome,2024,Topps,Chrome,Topps Chrome Authentics,,TCA-MT,Mike Trout,Los Angeles Angels,Topps Chrome Authentics	TCA-MT	Mike Trout	Los Angeles Angels,False
2024_topps_chrome,2024,Topps,Chrome,Topps Chrome Authentics,,TCA-MY,Masataka Yoshida,Boston Red Sox,Topps Chrome Authentics	TCA-MY	Masataka Yoshida	Boston Red Sox,False
2024_topps_chrome,2024,Topps,Chrome,Topps Chrome Authentics,,TCA-NA,Nolan Arenado,St. Louis Cardinals,Topps Chrome Authentics	TCA-NA	Nolan Arenado	St. Louis Cardinals,False
2024_topps_chrome,2024,Topps,Chrome,Topps Chrome Authentics,,TCA-NC,Nick Castellanos,Philadelphia Phillies,Topps Chrome Authentics	TCA-NC	Nick Castellanos	Philadelphia Phillies,False
2024_topps_chrome,2024,Topps,Chrome,Topps Chrome Authentics,,TCA-NCJ,Nestor Cortes Jr.,New York Yankees,Topps Chrome Authentics	TCA-NCJ	Nestor Cortes Jr.	New York Yankees,False
2024_topps_chrome,2024,Topps,Chrome,Topps Chrome Authentics,,TCA-PA,Pete Alonso,New York Mets,Topps Chrome Authentics	TCA-PA	Pete Alonso	New York Mets,False
2024_topps_chrome,2024,Topps,Chrome,Topps Chrome Authentics,,TCA-PG,Paul Goldschmidt,St. Louis Cardinals,Topps Chrome Authentics	TCA-PG	Paul Goldschmidt	St. Louis Cardinals,False
2024_topps_chrome,2024,Topps,Chrome,Topps Chrome Authentics,,TCA-RA,Ronald Acuña Jr.,Atlanta Braves,Topps Chrome Authentics	TCA-RA	Ronald Acuña Jr.	Atlanta Braves,False
2024_topps_chrome,2024,Topps,Chrome,Topps Chrome Authentics,,TCA-RM,Ryan Mountcastle,Baltimore Orioles,Topps Chrome Authentics	TCA-RM	Ryan Mountcastle	Baltimore Orioles,False
2024_topps_chrome,2024,Topps,Chrome,Topps Chrome Authentics,,TCA-SA,Sandy Alcantara,Miami Marlins,Topps Chrome Authentics	TCA-SA	Sandy Alcantara	Miami Marlins,False
2024_topps_chrome,2024,Topps,Chrome,Topps Chrome Authentics,,TCA-SK,Steven Kwan,Cleveland Guardians,Topps Chrome Authentics	TCA-SK	Steven Kwan	Cleveland Guardians,False
2024_topps_chrome,2024,Topps,Chrome,Topps Chrome Authentics,,TCA-SP,Salvador Perez,Kansas City Royals,Topps Chrome Authentics	TCA-SP	Salvador Perez	Kansas City Royals,False
2024_topps_chrome,2024,Topps,Chrome,Topps Chrome Authentics,,TCA-TS,Trevor Story,Boston Red Sox,Topps Chrome Authentics	TCA-TS	Trevor Story	Boston Red Sox,False
2024_topps_chrome,2024,Topps,Chrome,Topps Chrome Authentics,,TCA-VG,Vladimir Guerrero Jr.,Toronto Blue Jays,Topps Chrome Authentics	TCA-VG	Vladimir Guerrero Jr.	Toronto Blue Jays,False
2024_topps_chrome,2024,Topps,Chrome,Topps Chrome Authentics,,TCA-WS,Will Smith,Los Angeles Dodgers,Topps Chrome Authentics	TCA-WS	Will Smith	Los Angeles Dodgers,False
2024_topps_chrome,2024,Topps,Chrome,Topps Chrome Authentics,,TCA-XB,Xander Bogaerts,San Diego Padres,Topps Chrome Authentics	TCA-XB	Xander Bogaerts	San Diego Padres,False
2024_topps_chrome,2024,Topps,Chrome,Topps Chrome Authentics,,TCA-YA,Yordan Alvarez,Houston Astros,Topps Chrome Authentics	TCA-YA	Yordan Alvarez	Houston Astros,False
2024_topps_chrome,2024,Topps,Chrome,Topps Chrome Authentics Autographs,,TCAA-AB,Alex Bregman,Houston Astros,Topps Chrome Authentics Autographs	TCAA-AB	Alex Bregman	Houston Astros,False
2024_topps_chrome,2024,Topps,Chrome,Topps Chrome Authentics Autographs,,TCAA-AJ,Aaron Judge,New York Yankees,Topps Chrome Authentics Autographs	TCAA-AJ	Aaron Judge	New York Yankees,False
2024_topps_chrome,2024,Topps,Chrome,Topps Chrome Authentics Autographs,,TCAA-ARI,Austin Riley,Atlanta Braves,Topps Chrome Authentics Autographs	TCAA-ARI	Austin Riley	Atlanta Braves,False
2024_topps_chrome,2024,Topps,Chrome,Topps Chrome Authentics Autographs,,TCAA-ARU,Adley Rutschman,Baltimore Orioles,Topps Chrome Authentics Autographs	TCAA-ARU	Adley Rutschman	Baltimore Orioles,False
2024_topps_chrome,2024,Topps,Chrome,Topps Chrome Authentics Autographs,,TCAA-BB,Byron Buxton,Minnesota Twins,Topps Chrome Authentics Autographs	TCAA-BB	Byron Buxton	Minnesota Twins,False
2024_topps_chrome,2024,Topps,Chrome,Topps Chrome Authentics Autographs,,TCAA-BN,Brandon Nimmo,New York Mets,Topps Chrome Authentics Autographs	TCAA-BN	Brandon Nimmo	New York Mets,False
2024_topps_chrome,2024,Topps,Chrome,Topps Chrome Authentics Autographs,,TCAA-BW,Bobby Witt Jr.,Kansas City Royals,Topps Chrome Authentics Autographs	TCAA-BW	Bobby Witt Jr.	Kansas City Royals,False
2024_topps_chrome,2024,Topps,Chrome,Topps Chrome Authentics Autographs,,TCAA-DO,David Ortiz,Boston Red Sox,Topps Chrome Authentics Autographs	TCAA-DO	David Ortiz	Boston Red Sox,False
2024_topps_chrome,2024,Topps,Chrome,Topps Chrome Authentics Autographs,,TCAA-GC,Gerrit Cole,New York Yankees,Topps Chrome Authentics Autographs	TCAA-GC	Gerrit Cole	New York Yankees,False
2024_topps_chrome,2024,Topps,Chrome,Topps Chrome Authentics Autographs,,TCAA-GM,Gabriel Moreno,Arizona Diamondbacks,Topps Chrome Authentics Autographs	TCAA-GM	Gabriel Moreno	Arizona Diamondbacks,False
2024_topps_chrome,2024,Topps,Chrome,Topps Chrome Authentics Autographs,,TCAA-JROD,Julio Rodríguez,Seattle Mariners,Topps Chrome Authentics Autographs	TCAA-JROD	Julio Rodríguez	Seattle Mariners,False
2024_topps_chrome,2024,Topps,Chrome,Topps Chrome Authentics Autographs,,TCAA-KT,Kyle Tucker,Houston Astros,Topps Chrome Authentics Autographs	TCAA-KT	Kyle Tucker	Houston Astros,False
2024_topps_chrome,2024,Topps,Chrome,Topps Chrome Authentics Autographs,,TCAA-MT,Mike Trout,Los Angeles Angels,Topps Chrome Authentics Autographs	TCAA-MT	Mike Trout	Los Angeles Angels,False
2024_topps_chrome,2024,Topps,Chrome,Topps Chrome Authentics Autographs,,TCAA-NC,Nestor Cortes Jr.,New York Yankees,Topps Chrome Authentics Autographs	TCAA-NC	Nestor Cortes Jr.	New York Yankees,False
2024_topps_chrome,2024,Topps,Chrome,Topps Chrome Authentics Autographs,,TCAA-RA,Ronald Acuña Jr.,Atlanta Braves,Topps Chrome Authentics Autographs	TCAA-RA	Ronald Acuña Jr.	Atlanta Braves,False
2024_topps_chrome,2024,Topps,Chrome,Topps Chrome Authentics Autographs,,TCAA-SK,Steven Kwan,Cleveland Guardians,Topps Chrome Authentics Autographs	TCAA-SK	Steven Kwan	Cleveland Guardians,False
2024_topps_chrome,2024,Topps,Chrome,Topps Chrome Authentics Autographs,,TCAA-VG,Vladimir Guerrero Jr.,Toronto Blue Jays,Topps Chrome Authentics Autographs	TCAA-VG	Vladimir Guerrero Jr.	Toronto Blue Jays,False
2024_topps_chrome,2024,Topps,Chrome,Ultraviolet All-Stars,,UV-1,Elly De La Cruz,Cincinnati Reds,Ultraviolet All-Stars	UV-1	Elly De La Cruz	Cincinnati Reds,False
2024_topps_chrome,2024,Topps,Chrome,Ultraviolet All-Stars,,UV-2,Corbin Carroll,Arizona Diamondbacks,Ultraviolet All-Stars	UV-2	Corbin Carroll	Arizona Diamondbacks,False
2024_topps_chrome,2024,Topps,Chrome,Ultraviolet All-Stars,,UV-3,Mike Trout,Los Angeles Angels,Ultraviolet All-Stars	UV-3	Mike Trout	Los Angeles Angels,False
2024_topps_chrome,2024,Topps,Chrome,Ultraviolet All-Stars,,UV-4,Aaron Judge,New York Yankees,Ultraviolet All-Stars	UV-4	Aaron Judge	New York Yankees,False
2024_topps_chrome,2024,Topps,Chrome,Ultraviolet All-Stars,,UV-5,Ichiro,Seattle Mariners,Ultraviolet All-Stars	UV-5	Ichiro	Seattle Mariners,False
2024_topps_chrome,2024,Topps,Chrome,Ultraviolet All-Stars,,UV-6,Yordan Alvarez,Houston Astros,Ultraviolet All-Stars	UV-6	Yordan Alvarez	Houston Astros,False
2024_topps_chrome,2024,Topps,Chrome,Ultraviolet All-Stars,,UV-7,Bryce Harper,Philadelphia Phillies,Ultraviolet All-Stars	UV-7	Bryce Harper	Philadelphia Phillies,False
2024_topps_chrome,2024,Topps,Chrome,Ultraviolet All-Stars,,UV-8,Jasson Domínguez,New York Yankees,Ultraviolet All-Stars	UV-8	Jasson Domínguez	New York Yankees,False
2024_topps_chrome,2024,Topps,Chrome,Ultraviolet All-Stars,,UV-9,Shohei Ohtani,Los Angeles Dodgers,Ultraviolet All-Stars	UV-9	Shohei Ohtani	Los Angeles Dodgers,False
2024_topps_chrome,2024,Topps,Chrome,Ultraviolet All-Stars,,UV-10,George Brett,Kansas City Royals,Ultraviolet All-Stars	UV-10	George Brett	Kansas City Royals,False
2024_topps_chrome,2024,Topps,Chrome,Ultraviolet All-Stars,,UV-11,Nolan Ryan,Texas Rangers,Ultraviolet All-Stars	UV-11	Nolan Ryan	Texas Rangers,False
2024_topps_chrome,2024,Topps,Chrome,Ultraviolet All-Stars,,UV-12,Ronald Acuña Jr.,Atlanta Braves,Ultraviolet All-Stars	UV-12	Ronald Acuña Jr.	Atlanta Braves,False
2024_topps_chrome,2024,Topps,Chrome,Ultraviolet All-Stars,,UV-13,Juan Soto,New York Yankees,Ultraviolet All-Stars	UV-13	Juan Soto	New York Yankees,False
2024_topps_chrome,2024,Topps,Chrome,Ultraviolet All-Stars,,UV-14,David Ortiz,Boston Red Sox,Ultraviolet All-Stars	UV-14	David Ortiz	Boston Red Sox,False
2024_topps_chrome,2024,Topps,Chrome,Ultraviolet All-Stars,,UV-15,Ken Griffey Jr.,Seattle Mariners,Ultraviolet All-Stars	UV-15	Ken Griffey Jr.	Seattle Mariners,False
2024_topps_chrome,2024,Topps,Chrome,Ultraviolet All-Stars Autographs,,UVA-BH,Bryce Harper,Philadelphia Phillies,Ultraviolet All-Stars Autographs	UVA-BH	Bryce Harper	Philadelphia Phillies,False
2024_topps_chrome,2024,Topps,Chrome,Ultraviolet All-Stars Autographs,,UVA-DO,David Ortiz,Boston Red Sox,Ultraviolet All-Stars Autographs	UVA-DO	David Ortiz	Boston Red Sox,False
2024_topps_chrome,2024,Topps,Chrome,Ultraviolet All-Stars Autographs,,UVA-GB,George Brett,Kansas City Royals,Ultraviolet All-Stars Autographs	UVA-GB	George Brett	Kansas City Royals,False
2024_topps_chrome,2024,Topps,Chrome,Ultraviolet All-Stars Autographs,,UVA-I,Ichiro,Seattle Mariners,Ultraviolet All-Stars Autographs	UVA-I	Ichiro	Seattle Mariners,False
2024_topps_chrome,2024,Topps,Chrome,Ultraviolet All-Stars Autographs,,UVA-JAD,Jasson Domínguez,New York Yankees,Ultraviolet All-Stars Autographs	UVA-JAD	Jasson Domínguez	New York Yankees,False
2024_topps_chrome,2024,Topps,Chrome,Ultraviolet All-Stars Autographs,,UVA-JS,Juan Soto,New York Yankees,Ultraviolet All-Stars Autographs	UVA-JS	Juan Soto	New York Yankees,False
2024_topps_chrome,2024,Topps,Chrome,Ultraviolet All-Stars Autographs,,UVA-MT,Mike Trout,Los Angeles Angels,Ultraviolet All-Stars Autographs	UVA-MT	Mike Trout	Los Angeles Angels,False
2024_topps_chrome,2024,Topps,Chrome,Youthquake,,YQ-1,Elly De La Cruz,Cincinnati Reds,Youthquake	YQ-1	Elly De La Cruz	Cincinnati Reds,False
2024_topps_chrome,2024,Topps,Chrome,Youthquake,,YQ-2,Sal Frelick,Milwaukee Brewers,Youthquake	YQ-2	Sal Frelick	Milwaukee Brewers,False
2024_topps_chrome,2024,Topps,Chrome,Youthquake,,YQ-3,Zack Gelof,Oakland Athletics,Youthquake	YQ-3	Zack Gelof	Oakland Athletics,False
2024_topps_chrome,2024,Topps,Chrome,Youthquake,,YQ-4,Colton Cowser,Baltimore Orioles,Youthquake	YQ-4	Colton Cowser	Baltimore Orioles,False
2024_topps_chrome,2024,Topps,Chrome,Youthquake,,YQ-5,Marco Luciano,San Francisco Giants,Youthquake	YQ-5	Marco Luciano	San Francisco Giants,False
2024_topps_chrome,2024,Topps,Chrome,Youthquake,,YQ-6,Curtis Mead,Tampa Bay Rays,Youthquake	YQ-6	Curtis Mead	Tampa Bay Rays,False
2024_topps_chrome,2024,Topps,Chrome,Youthquake,,YQ-7,Pete Crow-Armstrong,Chicago Cubs,Youthquake	YQ-7	Pete Crow-Armstrong	Chicago Cubs,False
2024_topps_chrome,2024,Topps,Chrome,Youthquake,,YQ-8,Jackson Merrill,San Diego Padres,Youthquake	YQ-8	Jackson Merrill	San Diego Padres,False
2024_topps_chrome,2024,Topps,Chrome,Youthquake,,YQ-9,Masyn Winn,St. Louis Cardinals,Youthquake	YQ-9	Masyn Winn	St. Louis Cardinals,False
2024_topps_chrome,2024,Topps,Chrome,Youthquake,,YQ-10,Jasson Domínguez,New York Yankees,Youthquake	YQ-10	Jasson Domínguez	New York Yankees,False
2024_topps_chrome,2024,Topps,Chrome,Youthquake,,YQ-11,Ronny Mauricio,New York Mets,Youthquake	YQ-11	Ronny Mauricio	New York Mets,False
2024_topps_chrome,2024,Topps,Chrome,Youthquake,,YQ-12,Junior Caminero,Tampa Bay Rays,Youthquake	YQ-12	Junior Caminero	Tampa Bay Rays,False
2024_topps_chrome,2024,Topps,Chrome,Youthquake,,YQ-13,Jordan Lawlar,Arizona Diamondbacks,Youthquake	YQ-13	Jordan Lawlar	Arizona Diamondbacks,False
2024_topps_chrome,2024,Topps,Chrome,Youthquake,,YQ-14,Evan Carter,Texas Rangers,Youthquake	YQ-14	Evan Carter	Texas Rangers,False
2024_topps_chrome,2024,Topps,Chrome,Youthquake,,YQ-15,Heston Kjerstad,Baltimore Orioles,Youthquake	YQ-15	Heston Kjerstad	Baltimore Orioles,False
2024_topps_chrome,2024,Topps,Chrome,Youthquake,,YQ-16,Tyler Soderstrom,Oakland Athletics,Youthquake	YQ-16	Tyler Soderstrom	Oakland Athletics,False
2024_topps_chrome,2024,Topps,Chrome,Youthquake,,YQ-17,Austin Wells,New York Yankees,Youthquake	YQ-17	Austin Wells	New York Yankees,False
2024_topps_chrome,2024,Topps,Chrome,Youthquake,,YQ-18,Endy Rodríguez,Pittsburgh Pirates,Youthquake	YQ-18	Endy Rodríguez	Pittsburgh Pirates,False
2024_topps_chrome,2024,Topps,Chrome,Youthquake,,YQ-19,Henry Davis,Pittsburgh Pirates,Youthquake	YQ-19	Henry Davis	Pittsburgh Pirates,False
2024_topps_chrome,2024,Topps,Chrome,Youthquake,,YQ-20,Nick Gonzales,Pittsburgh Pirates,Youthquake	YQ-20	Nick Gonzales	Pittsburgh Pirates,False
2024_topps_chrome,2024,Topps,Chrome,Youthquake,,YQ-21,Andrew Abbott,Cincinnati Reds,Youthquake	YQ-21	Andrew Abbott	Cincinnati Reds,False
2024_topps_chrome,2024,Topps,Chrome,Youthquake,,YQ-22,Christian Encarnacion-Stra,Cincinnati Reds,Youthquake	YQ-22	Christian Encarnacion-Stra	Cincinnati Reds,False
2024_topps_chrome,2024,Topps,Chrome,Youthquake,,YQ-23,Gavin Williams,Cleveland Guardians,Youthquake	YQ-23	Gavin Williams	Cleveland Guardians,False
2024_topps_chrome,2024,Topps,Chrome,Youthquake,,YQ-24,Owen White,Texas Rangers,Youthquake	YQ-24	Owen White	Texas Rangers,False
2024_topps_chrome,2024,Topps,Chrome,Youthquake,,YQ-25,Luis Matos,San Francisco Giants,Youthquake	YQ-25	Luis Matos	San Francisco Giants,False
2024_topps_chrome,2024,Topps,Chrome,Youthquake,,YQ-26,Emmet Sheehan,Los Angeles Dodgers,Youthquake	YQ-26	Emmet Sheehan	Los Angeles Dodgers,False
2024_topps_chrome,2024,Topps,Chrome,Youthquake,,YQ-27,Jacob Amaya,Miami Marlins,Youthquake	YQ-27	Jacob Amaya	Miami Marlins,False
2024_topps_chrome,2024,Topps,Chrome,Youthquake,,YQ-28,Lawrence Butler,Oakland Athletics,Youthquake	YQ-28	Lawrence Butler	Oakland Athletics,False
2024_topps_chrome,2024,Topps,Chrome,Youthquake,,YQ-29,J.P. Martinez,Atlanta Braves,Youthquake	YQ-29	J.P. Martinez	Atlanta Braves,False
2024_topps_chrome,2024,Topps,Chrome,Youthquake,,YQ-30,Nolan Schanuel,Los Angeles Angels,Youthquake	YQ-30	Nolan Schanuel	Los Angeles Angels,False
2024_topps_chrome,2024,Topps,Chrome,Youthquake,,YQ-31,Emerson Hancock,Seattle Mariners,Youthquake	YQ-31	Emerson Hancock	Seattle Mariners,False
2024_topps_chrome,2024,Topps,Chrome,Youthquake,,YQ-32,Kyle Harrison,San Francisco Giants,Youthquake	YQ-32	Kyle Harrison	San Francisco Giants,False
2024_topps_chrome,2024,Topps,Chrome,Youthquake,,YQ-33,Ceddanne Rafaela,Boston Red Sox,Youthquake	YQ-33	Ceddanne Rafaela	Boston Red Sox,False
2024_topps_chrome,2024,Topps,Chrome,Youthquake,,YQ-34,Kyren Paris,Los Angeles Angels,Youthquake	YQ-34	Kyren Paris	Los Angeles Angels,False
2024_topps_chrome,2024,Topps,Chrome,Youthquake,,YQ-35,Alexander Canario,Chicago Cubs,Youthquake	YQ-35	Alexander Canario	Chicago Cubs,False
2024_topps_chrome,2024,Topps,Chrome,Youthquake,,YQ-36,Adley Rutschman,Baltimore Orioles,Youthquake	YQ-36	Adley Rutschman	Baltimore Orioles,False
2024_topps_chrome,2024,Topps,Chrome,Youthquake,,YQ-37,Francisco Alvarez,New York Mets,Youthquake	YQ-37	Francisco Alvarez	New York Mets,False
2024_topps_chrome,2024,Topps,Chrome,Youthquake,,YQ-38,Anthony Volpe,New York Yankees,Youthquake	YQ-38	Anthony Volpe	New York Yankees,False
2024_topps_chrome,2024,Topps,Chrome,Youthquake,,YQ-39,Grayson Rodriguez,Baltimore Orioles,Youthquake	YQ-39	Grayson Rodriguez	Baltimore Orioles,False
2024_topps_chrome,2024,Topps,Chrome,Youthquake,,YQ-40,Eury Pérez,Miami Marlins,Youthquake	YQ-40	Eury Pérez	Miami Marlins,False
2024_topps_chrome,2024,Topps,Chrome,Youthquake,,YQ-41,Gabriel Moreno,Arizona Diamondbacks,Youthquake	YQ-41	Gabriel Moreno	Arizona Diamondbacks,False
2024_topps_chrome,2024,Topps,Chrome,Youthquake,,YQ-42,Corbin Carroll,Arizona Diamondbacks,Youthquake	YQ-42	Corbin Carroll	Arizona Diamondbacks,False
2024_topps_chrome,2024,Topps,Chrome,Youthquake,,YQ-43,Josh Jung,Texas Rangers,Youthquake	YQ-43	Josh Jung	Texas Rangers,False
2024_topps_chrome,2024,Topps,Chrome,Youthquake,,YQ-44,Jordan Walker,St. Louis Cardinals,Youthquake	YQ-44	Jordan Walker	St. Louis Cardinals,False
2024_topps_chrome,2024,Topps,Chrome,Youthquake,,YQ-45,Christopher Morel,Chicago Cubs,Youthquake	YQ-45	Christopher Morel	Chicago Cubs,False
2024_topps_chrome,2024,Topps,Chrome,Youthquake,,YQ-46,Matt McLain,Cincinnati Reds,Youthquake	YQ-46	Matt McLain	Cincinnati Reds,False
2024_topps_chrome,2024,Topps,Chrome,Youthquake,,YQ-47,Brayan Rocchio,Cleveland Guardians,Youthquake	YQ-47	Brayan Rocchio	Cleveland Guardians,False
2024_topps_chrome,2024,Topps,Chrome,Youthquake,,YQ-48,Cole Ragans,Kansas City Royals,Youthquake	YQ-48	Cole Ragans	Kansas City Royals,False
2024_topps_chrome,2024,Topps,Chrome,Youthquake,,YQ-49,Justin Steele,Chicago Cubs,Youthquake	YQ-49	Justin Steele	Chicago Cubs,False
2024_topps_chrome,2024,Topps,Chrome,Youthquake,,YQ-50,Patrick Bailey,San Francisco Giants,Youthquake	YQ-50	Patrick Bailey	San Francisco Giants,False
