set_key,year,brand,product,section,section_card_count,card_number,player_name_raw,affiliation_raw,raw_line,is_multi_player
2024_topps_update,2024,Topps,Update,Base,,US1,Juan Soto,New York Yankees,Base	US1	Juan Soto	New York Yankees,False
2024_topps_update,2024,Topps,Update,Base,,US2,Victor Scott II,St. Louis Cardinals	RC,Base	US2	Victor Scott II	St. Louis Cardinals	RC,False
2024_topps_update,2024,Topps,Update,Base,,US3,Tyler Nevin,Oakland Athletics,Base	US3	Tyler Nevin	Oakland Athletics,False
2024_topps_update,2024,Topps,Update,Base,,US4,Jorge Alcala,Minnesota Twins,Base	US4	Jorge Alcala	Minnesota Twins,False
2024_topps_update,2024,Topps,Update,Base,,US5,Mitchell Parker,Washington Nationals	RC,Base	US5	Mitchell Parker	Washington Nationals	RC,False
2024_topps_update,2024,Topps,Update,Base,,US6,Randal Grichuk,Arizona Diamondbacks,Base	US6	Randal Grichuk	Arizona Diamondbacks,False
2024_topps_update,2024,Topps,Update,Base,,US7,Alan Trejo,Colorado Rockies,Base	US7	Alan Trejo	Colorado Rockies,False
2024_topps_update,2024,Topps,Update,Base,,US8,Yuki Matsui,San Diego Padres	RC,Base	US8	Yuki Matsui	San Diego Padres	RC,False
2024_topps_update,2024,Topps,Update,Base,,US9,Isiah Kiner-Falefa,Toronto Blue Jays,Base	US9	Isiah Kiner-Falefa	Toronto Blue Jays,False
2024_topps_update,2024,Topps,Update,Base,,US10,Sal Frelick,Milwaukee Brewers	- Rookie Debut,Base	US10	Sal Frelick	Milwaukee Brewers	- Rookie Debut,False
2024_topps_update,2024,Topps,Update,Base,,US11,Robbie Grossman,Texas Rangers,Base	US11	Robbie Grossman	Texas Rangers,False
2024_topps_update,2024,Topps,Update,Base,,US12,Ha-Seong Kim / Jung Hoo Lee,San Diego Padres	- Combo Card,Base	US12	Ha-Seong Kim / Jung Hoo Lee	San Diego Padres	- Combo Card,True
2024_topps_update,2024,Topps,Update,Base,,US12,Ha-Seong Kim / Jung Hoo Lee,San Francisco Giants	- Combo Card,Base	US12	Ha-Seong Kim / Jung Hoo Lee	San Francisco Giants	- Combo Card,True
2024_topps_update,2024,Topps,Update,Base,,US13,Shohei Ohtani / Yoshinobu Yamamoto,Los Angeles Dodgers	- Combo Card,Base	US13	Shohei Ohtani / Yoshinobu Yamamoto	Los Angeles Dodgers	- Combo Card,True
2024_topps_update,2024,Topps,Update,Base,,US14,Chris Paddack,Minnesota Twins,Base	US14	Chris Paddack	Minnesota Twins,False
2024_topps_update,2024,Topps,Update,Base,,US15,Reynaldo López,Atlanta Braves,Base	US15	Reynaldo López	Atlanta Braves,False
2024_topps_update,2024,Topps,Update,Base,,US16,Joey Votto,Toronto Blue Jays,Base	US16	Joey Votto	Toronto Blue Jays,False
2024_topps_update,2024,Topps,Update,Base,,US17,Elvis Peguero,Milwaukee Brewers,Base	US17	Elvis Peguero	Milwaukee Brewers,False
2024_topps_update,2024,Topps,Update,Base,,US18,Héctor Neris,Chicago Cubs,Base	US18	Héctor Neris	Chicago Cubs,False
2024_topps_update,2024,Topps,Update,Base,,US19,Kevin Kiermaier,Toronto Blue Jays,Base	US19	Kevin Kiermaier	Toronto Blue Jays,False
2024_topps_update,2024,Topps,Update,Base,,US20,Mitch Garver,Seattle Mariners,Base	US20	Mitch Garver	Seattle Mariners,False
2024_topps_update,2024,Topps,Update,Base,,US21,Romy Gonzalez,Boston Red Sox,Base	US21	Romy Gonzalez	Boston Red Sox,False
2024_topps_update,2024,Topps,Update,Base,,US22,Jorge Barrosa,Arizona Diamondbacks	RC,Base	US22	Jorge Barrosa	Arizona Diamondbacks	RC,False
2024_topps_update,2024,Topps,Update,Base,,US23,Victor Caratini,Houston Astros,Base	US23	Victor Caratini	Houston Astros,False
2024_topps_update,2024,Topps,Update,Base,,US24,Daniel Hudson,Los Angeles Dodgers,Base	US24	Daniel Hudson	Los Angeles Dodgers,False
2024_topps_update,2024,Topps,Update,Base,,US25,Matt Sauer,Kansas City Royals	RC,Base	US25	Matt Sauer	Kansas City Royals	RC,False
2024_topps_update,2024,Topps,Update,Base,,US26,J.P. France,Houston Astros,Base	US26	J.P. France	Houston Astros,False
2024_topps_update,2024,Topps,Update,Base,,US27,James Paxton,Los Angeles Dodgers,Base	US27	James Paxton	Los Angeles Dodgers,False
2024_topps_update,2024,Topps,Update,Base,,US28,Mitch Spence,Oakland Athletics	RC,Base	US28	Mitch Spence	Oakland Athletics	RC,False
2024_topps_update,2024,Topps,Update,Base,,US29,Blake Walston,Arizona Diamondbacks	RC,Base	US29	Blake Walston	Arizona Diamondbacks	RC,False
2024_topps_update,2024,Topps,Update,Base,,US30,Samad Taylor,Seattle Mariners	RC,Base	US30	Samad Taylor	Seattle Mariners	RC,False
2024_topps_update,2024,Topps,Update,Base,,US31,Brandon Crawford,St. Louis Cardinals,Base	US31	Brandon Crawford	St. Louis Cardinals,False
2024_topps_update,2024,Topps,Update,Base,,US32,Cristopher Sánchez,Philadelphia Phillies,Base	US32	Cristopher Sánchez	Philadelphia Phillies,False
2024_topps_update,2024,Topps,Update,Base,,US33,Tyler Holton,Detroit Tigers	RC,Base	US33	Tyler Holton	Detroit Tigers	RC,False
2024_topps_update,2024,Topps,Update,Base,,US34,Brett Sullivan,San Diego Padres,Base	US34	Brett Sullivan	San Diego Padres,False
2024_topps_update,2024,Topps,Update,Base,,US35,Jonatan Clase,Seattle Mariners	RC,Base	US35	Jonatan Clase	Seattle Mariners	RC,False
2024_topps_update,2024,Topps,Update,Base,,US36,Freddy Fermin,Kansas City Royals,Base	US36	Freddy Fermin	Kansas City Royals,False
2024_topps_update,2024,Topps,Update,Base,,US37,Kyle McCann,Oakland Athletics	RC,Base	US37	Kyle McCann	Oakland Athletics	RC,False
2024_topps_update,2024,Topps,Update,Base,,US38,Ricky Vanasco,Los Angeles Dodgers	RC,Base	US38	Ricky Vanasco	Los Angeles Dodgers	RC,False
2024_topps_update,2024,Topps,Update,Base,,US39,Gary Sánchez,Milwaukee Brewers,Base	US39	Gary Sánchez	Milwaukee Brewers,False
2024_topps_update,2024,Topps,Update,Base,,US40,Nate Pearson,Toronto Blue Jays,Base	US40	Nate Pearson	Toronto Blue Jays,False
2024_topps_update,2024,Topps,Update,Base,,US41,Jordan Lawlar,Arizona Diamondbacks	- Rookie Debut,Base	US41	Jordan Lawlar	Arizona Diamondbacks	- Rookie Debut,False
2024_topps_update,2024,Topps,Update,Base,,US42,Scott Barlow,Cleveland Guardians,Base	US42	Scott Barlow	Cleveland Guardians,False
2024_topps_update,2024,Topps,Update,Base,,US43,Griffin Jax,Minnesota Twins,Base	US43	Griffin Jax	Minnesota Twins,False
2024_topps_update,2024,Topps,Update,Base,,US44,Adley Rutschman / Craig Kimbrel,Baltimore Orioles	- Combo Card,Base	US44	Adley Rutschman / Craig Kimbrel	Baltimore Orioles	- Combo Card,True
2024_topps_update,2024,Topps,Update,Base,,US45,Bryse Wilson,Milwaukee Brewers,Base	US45	Bryse Wilson	Milwaukee Brewers,False
2024_topps_update,2024,Topps,Update,Base,,US46,Trent Grisham,New York Yankees,Base	US46	Trent Grisham	New York Yankees,False
2024_topps_update,2024,Topps,Update,Base,,US47,Justin Topa,Minnesota Twins,Base	US47	Justin Topa	Minnesota Twins,False
2024_topps_update,2024,Topps,Update,Base,,US48,Jackson Merrill / Fernando Tatis Jr.,San Diego Padres	- Combo Card,Base	US48	Jackson Merrill / Fernando Tatis Jr.	San Diego Padres	- Combo Card,True
2024_topps_update,2024,Topps,Update,Base,,US49,Jared Jones,Pittsburgh Pirates	RC,Base	US49	Jared Jones	Pittsburgh Pirates	RC,False
2024_topps_update,2024,Topps,Update,Base,,US50,Jackson Holliday,Baltimore Orioles	RC,Base	US50	Jackson Holliday	Baltimore Orioles	RC,False
2024_topps_update,2024,Topps,Update,Base,,US51,Bryan Ramos,Chicago White Sox	RC,Base	US51	Bryan Ramos	Chicago White Sox	RC,False
2024_topps_update,2024,Topps,Update,Base,,US52,Spencer Arrighetti,Houston Astros	RC,Base	US52	Spencer Arrighetti	Houston Astros	RC,False
2024_topps_update,2024,Topps,Update,Base,,US53,Randy Rodríguez,San Francisco Giants	RC,Base	US53	Randy Rodríguez	San Francisco Giants	RC,False
2024_topps_update,2024,Topps,Update,Base,,US54,Trevor Rogers,Miami Marlins,Base	US54	Trevor Rogers	Miami Marlins,False
2024_topps_update,2024,Topps,Update,Base,,US55,Patrick Bailey / Blake Snell,San Francisco Giants	- Combo Card,Base	US55	Patrick Bailey / Blake Snell	San Francisco Giants	- Combo Card,True
2024_topps_update,2024,Topps,Update,Base,,US56,José Buttó,New York Mets,Base	US56	José Buttó	New York Mets,False
2024_topps_update,2024,Topps,Update,Base,,US57,Blake Snell,San Francisco Giants,Base	US57	Blake Snell	San Francisco Giants,False
2024_topps_update,2024,Topps,Update,Base,,US58,Evan Carter,Texas Rangers	- Rookie Debut,Base	US58	Evan Carter	Texas Rangers	- Rookie Debut,False
2024_topps_update,2024,Topps,Update,Base,,US59,Clayton Beeter,New York Yankees	RC,Base	US59	Clayton Beeter	New York Yankees	RC,False
2024_topps_update,2024,Topps,Update,Base,,US60,John Schreiber,Kansas City Royals,Base	US60	John Schreiber	Kansas City Royals,False
2024_topps_update,2024,Topps,Update,Base,,US61,Forrest Whitley,Houston Astros	RC,Base	US61	Forrest Whitley	Houston Astros	RC,False
2024_topps_update,2024,Topps,Update,Base,,US62,Amed Rosario,Tampa Bay Rays,Base	US62	Amed Rosario	Tampa Bay Rays,False
2024_topps_update,2024,Topps,Update,Base,,US63,Vladimir Guerrero Jr. / Justin Turner,Toronto Blue Jays	- Combo Card,Base	US63	Vladimir Guerrero Jr. / Justin Turner	Toronto Blue Jays	- Combo Card,True
2024_topps_update,2024,Topps,Update,Base,,US64,Jorge Soler,San Francisco Giants,Base	US64	Jorge Soler	San Francisco Giants,False
2024_topps_update,2024,Topps,Update,Base,,US65,Joey Loperfido,Houston Astros	RC,Base	US65	Joey Loperfido	Houston Astros	RC,False
2024_topps_update,2024,Topps,Update,Base,,US66,Alek Jacob,San Diego Padres	RC,Base	US66	Alek Jacob	San Diego Padres	RC,False
2024_topps_update,2024,Topps,Update,Base,,US67,Nelson Velázquez,Kansas City Royals,Base	US67	Nelson Velázquez	Kansas City Royals,False
2024_topps_update,2024,Topps,Update,Base,,US68,Ryan Yarbrough,Los Angeles Dodgers,Base	US68	Ryan Yarbrough	Los Angeles Dodgers,False
2024_topps_update,2024,Topps,Update,Base,,US69,Osvaldo Bido RC / Tyler Ferguson RC,Oakland Athletics,Base	US69	Osvaldo Bido RC / Tyler Ferguson RC	Oakland Athletics,True
2024_topps_update,2024,Topps,Update,Base,,US70,Emmanuel Rivera,Miami Marlins,Base	US70	Emmanuel Rivera	Miami Marlins,False
2024_topps_update,2024,Topps,Update,Base,,US71,Nick Gordon,Miami Marlins,Base	US71	Nick Gordon	Miami Marlins,False
2024_topps_update,2024,Topps,Update,Base,,US72,Colton Cowser,Baltimore Orioles	- Rookie Debut,Base	US72	Colton Cowser	Baltimore Orioles	- Rookie Debut,False
2024_topps_update,2024,Topps,Update,Base,,US73,Colt Keith,Detroit Tigers	RC,Base	US73	Colt Keith	Detroit Tigers	RC,False
2024_topps_update,2024,Topps,Update,Base,,US74,Jeffrey Springs,Tampa Bay Rays,Base	US74	Jeffrey Springs	Tampa Bay Rays,False
2024_topps_update,2024,Topps,Update,Base,,US75,Martín Perez,Pittsburgh Pirates,Base	US75	Martín Perez	Pittsburgh Pirates,False
2024_topps_update,2024,Topps,Update,Base,,US76,Shohei Ohtani / Mike Trout,Los Angeles Dodgers	- Combo Card,Base	US76	Shohei Ohtani / Mike Trout	Los Angeles Dodgers	- Combo Card,True
2024_topps_update,2024,Topps,Update,Base,,US76,Shohei Ohtani / Mike Trout,Los Angeles Angels	- Combo Card,Base	US76	Shohei Ohtani / Mike Trout	Los Angeles Angels	- Combo Card,True
2024_topps_update,2024,Topps,Update,Base,,US77,Victor Scott II,St. Louis Cardinals	- Rookie Debut,Base	US77	Victor Scott II	St. Louis Cardinals	- Rookie Debut,False
2024_topps_update,2024,Topps,Update,Base,,US78,Brent Suter,Cincinnati Reds,Base	US78	Brent Suter	Cincinnati Reds,False
2024_topps_update,2024,Topps,Update,Base,,US79,Daniel Vogelbach,Toronto Blue Jays,Base	US79	Daniel Vogelbach	Toronto Blue Jays,False
2024_topps_update,2024,Topps,Update,Base,,US80,Kyle Muller,Oakland Athletics,Base	US80	Kyle Muller	Oakland Athletics,False
2024_topps_update,2024,Topps,Update,Base,,US81,Manuel Margot,Minnesota Twins,Base	US81	Manuel Margot	Minnesota Twins,False
2024_topps_update,2024,Topps,Update,Base,,US82,Dedniel Núñez RC / Tyler Jay RC,New York Mets,Base	US82	Dedniel Núñez RC / Tyler Jay RC	New York Mets,True
2024_topps_update,2024,Topps,Update,Base,,US83,Kyle Harrison,San Francisco Giants	- Rookie Debut,Base	US83	Kyle Harrison	San Francisco Giants	- Rookie Debut,False
2024_topps_update,2024,Topps,Update,Base,,US84,Graham Pauley,San Diego Padres	RC,Base	US84	Graham Pauley	San Diego Padres	RC,False
2024_topps_update,2024,Topps,Update,Base,,US85,Abraham Toro,Oakland Athletics,Base	US85	Abraham Toro	Oakland Athletics,False
2024_topps_update,2024,Topps,Update,Base,,US86,Heston Kjerstad,Baltimore Orioles	- Rookie Debut,Base	US86	Heston Kjerstad	Baltimore Orioles	- Rookie Debut,False
2024_topps_update,2024,Topps,Update,Base,,US87,Hoby Milner,Milwaukee Brewers,Base	US87	Hoby Milner	Milwaukee Brewers,False
2024_topps_update,2024,Topps,Update,Base,,US88,Fernando Tatis Jr. / Luis Arraez,San Diego Padres	- Combo Card,Base	US88	Fernando Tatis Jr. / Luis Arraez	San Diego Padres	- Combo Card,True
2024_topps_update,2024,Topps,Update,Base,,US89,Andrew Knizner,Texas Rangers,Base	US89	Andrew Knizner	Texas Rangers,False
2024_topps_update,2024,Topps,Update,Base,,US90,Adam Duvall,Atlanta Braves,Base	US90	Adam Duvall	Atlanta Braves,False
2024_topps_update,2024,Topps,Update,Base,,US91,Pete Crow-Armstrong,Chicago Cubs	- Rookie Debut,Base	US91	Pete Crow-Armstrong	Chicago Cubs	- Rookie Debut,False
2024_topps_update,2024,Topps,Update,Base,,US92,Tyler Rogers,San Francisco Giants,Base	US92	Tyler Rogers	San Francisco Giants,False
2024_topps_update,2024,Topps,Update,Base,,US93,Lucas Erceg,Oakland Athletics,Base	US93	Lucas Erceg	Oakland Athletics,False
2024_topps_update,2024,Topps,Update,Base,,US94,Jordan Leasure,Chicago White Sox	RC,Base	US94	Jordan Leasure	Chicago White Sox	RC,False
2024_topps_update,2024,Topps,Update,Base,,US95,Jared Jones,Pittsburgh Pirates	- Rookie Debut,Base	US95	Jared Jones	Pittsburgh Pirates	- Rookie Debut,False
2024_topps_update,2024,Topps,Update,Base,,US96,Austin Martin,Minnesota Twins	(RC),Base	US96	Austin Martin	Minnesota Twins	(RC),False
2024_topps_update,2024,Topps,Update,Base,,US97,Jackson Holliday,Baltimore Orioles	- Rookie Debut,Base	US97	Jackson Holliday	Baltimore Orioles	- Rookie Debut,False
2024_topps_update,2024,Topps,Update,Base,,US98,Nick Ahmed,San Francisco Giants,Base	US98	Nick Ahmed	San Francisco Giants,False
2024_topps_update,2024,Topps,Update,Base,,US99,Ryan Feltner,Colorado Rockies,Base	US99	Ryan Feltner	Colorado Rockies,False
2024_topps_update,2024,Topps,Update,Base,,US100,Paul Skenes,Pittsburgh Pirates	RC,Base	US100	Paul Skenes	Pittsburgh Pirates	RC,False
2024_topps_update,2024,Topps,Update,Base,,US101,Hunter Harvey,Washington Nationals,Base	US101	Hunter Harvey	Washington Nationals,False
2024_topps_update,2024,Topps,Update,Base,,US102,Jason Adam,Tampa Bay Rays,Base	US102	Jason Adam	Tampa Bay Rays,False
2024_topps_update,2024,Topps,Update,Base,,US103,Ryan Weathers,Miami Marlins,Base	US103	Ryan Weathers	Miami Marlins,False
2024_topps_update,2024,Topps,Update,Base,,US104,David Peterson,New York Mets,Base	US104	David Peterson	New York Mets,False
2024_topps_update,2024,Topps,Update,Base,,US105,Bryan Hudson,Milwaukee Brewers	RC,Base	US105	Bryan Hudson	Milwaukee Brewers	RC,False
2024_topps_update,2024,Topps,Update,Base,,US106,Porter Hodge RC / Jake Wong RC,Chicago Cubs,Base	US106	Porter Hodge RC / Jake Wong RC	Chicago Cubs,True
2024_topps_update,2024,Topps,Update,Base,,US107,René Pinto,Tampa Bay Rays,Base	US107	René Pinto	Tampa Bay Rays,False
2024_topps_update,2024,Topps,Update,Base,,US108,Andy Pages,Los Angeles Dodgers	- Rookie Debut,Base	US108	Andy Pages	Los Angeles Dodgers	- Rookie Debut,False
2024_topps_update,2024,Topps,Update,Base,,US109,Cole Winn,Texas Rangers	RC,Base	US109	Cole Winn	Texas Rangers	RC,False
2024_topps_update,2024,Topps,Update,Base,,US110,Ceddanne Rafaela,Boston Red Sox	- Rookie Debut,Base	US110	Ceddanne Rafaela	Boston Red Sox	- Rookie Debut,False
2024_topps_update,2024,Topps,Update,Base,,US111,Ryan Fernandez,St. Louis Cardinals	RC,Base	US111	Ryan Fernandez	St. Louis Cardinals	RC,False
2024_topps_update,2024,Topps,Update,Base,,US112,DL Hall,Milwaukee Brewers,Base	US112	DL Hall	Milwaukee Brewers,False
2024_topps_update,2024,Topps,Update,Base,,US113,Michael Siani,St. Louis Cardinals,Base	US113	Michael Siani	St. Louis Cardinals,False
2024_topps_update,2024,Topps,Update,Base,,US114,Austin Martin,Minnesota Twins	- Rookie Debut,Base	US114	Austin Martin	Minnesota Twins	- Rookie Debut,False
2024_topps_update,2024,Topps,Update,Base,,US115,Dylan Cease,San Diego Padres,Base	US115	Dylan Cease	San Diego Padres,False
2024_topps_update,2024,Topps,Update,Base,,US116,Tyler Soderstrom,Oakland Athletics	- Rookie Debut,Base	US116	Tyler Soderstrom	Oakland Athletics	- Rookie Debut,False
2024_topps_update,2024,Topps,Update,Base,,US117,Eddie Rosario,Washington Nationals,Base	US117	Eddie Rosario	Washington Nationals,False
2024_topps_update,2024,Topps,Update,Base,,US118,Carlos Carrasco,Cleveland Guardians,Base	US118	Carlos Carrasco	Cleveland Guardians,False
2024_topps_update,2024,Topps,Update,Base,,US119,Robert Gasser,Milwaukee Brewers	RC,Base	US119	Robert Gasser	Milwaukee Brewers	RC,False
2024_topps_update,2024,Topps,Update,Base,,US120,Dylan Lee,Atlanta Braves,Base	US120	Dylan Lee	Atlanta Braves,False
2024_topps_update,2024,Topps,Update,Base,,US121,Ryne Stanek,Seattle Mariners,Base	US121	Ryne Stanek	Seattle Mariners,False
2024_topps_update,2024,Topps,Update,Base,,US122,Joey Bart,Pittsburgh Pirates,Base	US122	Joey Bart	Pittsburgh Pirates,False
2024_topps_update,2024,Topps,Update,Base,,US123,Shohei Ohtani,Los Angeles Dodgers	- Season Highlights,Base	US123	Shohei Ohtani	Los Angeles Dodgers	- Season Highlights,False
2024_topps_update,2024,Topps,Update,Base,,US124,Jon Berti,New York Yankees,Base	US124	Jon Berti	New York Yankees,False
2024_topps_update,2024,Topps,Update,Base,,US125,Jordan Westburg,Baltimore Orioles	- Rookie Debut,Base	US125	Jordan Westburg	Baltimore Orioles	- Rookie Debut,False
2024_topps_update,2024,Topps,Update,Base,,US126,Cade Cavalli,Washington Nationals,Base	US126	Cade Cavalli	Washington Nationals,False
2024_topps_update,2024,Topps,Update,Base,,US127,Landon Knack,Los Angeles Dodgers	RC,Base	US127	Landon Knack	Los Angeles Dodgers	RC,False
2024_topps_update,2024,Topps,Update,Base,,US128,Lane Ramsey RC / Edgar Navarro RC,Chicago White Sox,Base	US128	Lane Ramsey RC / Edgar Navarro RC	Chicago White Sox,True
2024_topps_update,2024,Topps,Update,Base,,US129,Tanner Banks,Chicago White Sox,Base	US129	Tanner Banks	Chicago White Sox,False
2024_topps_update,2024,Topps,Update,Base,,US130,Joey Estes,Oakland Athletics	RC,Base	US130	Joey Estes	Oakland Athletics	RC,False
2024_topps_update,2024,Topps,Update,Base,,US131,Zack Gelof,Oakland Athletics	- Rookie Debut,Base	US131	Zack Gelof	Oakland Athletics	- Rookie Debut,False
2024_topps_update,2024,Topps,Update,Base,,US132,Darell Hernaiz,Oakland Athletics	RC,Base	US132	Darell Hernaiz	Oakland Athletics	RC,False
2024_topps_update,2024,Topps,Update,Base,,US133,Matt Carpenter,St. Louis Cardinals,Base	US133	Matt Carpenter	St. Louis Cardinals,False
2024_topps_update,2024,Topps,Update,Base,,US134,Cade Smith,Cleveland Guardians	RC,Base	US134	Cade Smith	Cleveland Guardians	RC,False
2024_topps_update,2024,Topps,Update,Base,,US135,Joe Ross,Milwaukee Brewers,Base	US135	Joe Ross	Milwaukee Brewers,False
2024_topps_update,2024,Topps,Update,Base,,US136,Joey Gallo,Washington Nationals,Base	US136	Joey Gallo	Washington Nationals,False
2024_topps_update,2024,Topps,Update,Base,,US137,Robert Garcia,Washington Nationals	RC,Base	US137	Robert Garcia	Washington Nationals	RC,False
2024_topps_update,2024,Topps,Update,Base,,US138,Cole Irvin,Baltimore Orioles,Base	US138	Cole Irvin	Baltimore Orioles,False
2024_topps_update,2024,Topps,Update,Base,,US139,Zack Littell,Tampa Bay Rays,Base	US139	Zack Littell	Tampa Bay Rays,False
2024_topps_update,2024,Topps,Update,Base,,US140,Michael Rucker,Philadelphia Phillies,Base	US140	Michael Rucker	Philadelphia Phillies,False
2024_topps_update,2024,Topps,Update,Base,,US141,Emmet Sheehan,Los Angeles Dodgers	- Rookie Debut,Base	US141	Emmet Sheehan	Los Angeles Dodgers	- Rookie Debut,False
2024_topps_update,2024,Topps,Update,Base,,US142,Jeimer Candelario,Cincinnati Reds,Base	US142	Jeimer Candelario	Cincinnati Reds,False
2024_topps_update,2024,Topps,Update,Base,,US143,Trey Lipscomb,Washington Nationals	RC,Base	US143	Trey Lipscomb	Washington Nationals	RC,False
2024_topps_update,2024,Topps,Update,Base,,US144,Tyler Black,Milwaukee Brewers	RC,Base	US144	Tyler Black	Milwaukee Brewers	RC,False
2024_topps_update,2024,Topps,Update,Base,,US145,Adrian Houser,New York Mets,Base	US145	Adrian Houser	New York Mets,False
2024_topps_update,2024,Topps,Update,Base,,US146,Frankie Montas,Cincinnati Reds,Base	US146	Frankie Montas	Cincinnati Reds,False
2024_topps_update,2024,Topps,Update,Base,,US147,Joey Loperfido,Houston Astros	- Rookie Debut,Base	US147	Joey Loperfido	Houston Astros	- Rookie Debut,False
2024_topps_update,2024,Topps,Update,Base,,US148,Kris Bubic,Kansas City Royals,Base	US148	Kris Bubic	Kansas City Royals,False
2024_topps_update,2024,Topps,Update,Base,,US149,Yoshinobu Yamamoto,Los Angeles Dodgers	- Rookie Debut,Base	US149	Yoshinobu Yamamoto	Los Angeles Dodgers	- Rookie Debut,False
2024_topps_update,2024,Topps,Update,Base,,US150,Tyler Black,Milwaukee Brewers	- Rookie Debut,Base	US150	Tyler Black	Milwaukee Brewers	- Rookie Debut,False
2024_topps_update,2024,Topps,Update,Base,,US151,Wyatt Langford,Texas Rangers	RC,Base	US151	Wyatt Langford	Texas Rangers	RC,False
2024_topps_update,2024,Topps,Update,Base,,US152,Alex Verdugo,New York Yankees,Base	US152	Alex Verdugo	New York Yankees,False
2024_topps_update,2024,Topps,Update,Base,,US153,Joel Payamps,Milwaukee Brewers,Base	US153	Joel Payamps	Milwaukee Brewers,False
2024_topps_update,2024,Topps,Update,Base,,US154,Orlando Arcia / Francisco Lindor,Atlanta Braves	- Combo Card,Base	US154	Orlando Arcia / Francisco Lindor	Atlanta Braves	- Combo Card,True
2024_topps_update,2024,Topps,Update,Base,,US154,Orlando Arcia / Francisco Lindor,New York Mets	- Combo Card,Base	US154	Orlando Arcia / Francisco Lindor	New York Mets	- Combo Card,True
2024_topps_update,2024,Topps,Update,Base,,US155,Jackson Chourio,Milwaukee Brewers	- Rookie Debut,Base	US155	Jackson Chourio	Milwaukee Brewers	- Rookie Debut,False
2024_topps_update,2024,Topps,Update,Base,,US156,Jack Leiter,Texas Rangers	RC,Base	US156	Jack Leiter	Texas Rangers	RC,False
2024_topps_update,2024,Topps,Update,Base,,US157,Ronny Mauricio,New York Mets	- Rookie Debut,Base	US157	Ronny Mauricio	New York Mets	- Rookie Debut,False
2024_topps_update,2024,Topps,Update,Base,,US158,Danny Coulombe,Baltimore Orioles,Base	US158	Danny Coulombe	Baltimore Orioles,False
2024_topps_update,2024,Topps,Update,Base,,US159,Chris Martin,Boston Red Sox,Base	US159	Chris Martin	Boston Red Sox,False
2024_topps_update,2024,Topps,Update,Base,,US160,Yasmani Grandal / Paul Skenes,Pittsburgh Pirates	- Combo Card,Base	US160	Yasmani Grandal / Paul Skenes	Pittsburgh Pirates	- Combo Card,True
2024_topps_update,2024,Topps,Update,Base,,US161,José Caballero,Tampa Bay Rays,Base	US161	José Caballero	Tampa Bay Rays,False
2024_topps_update,2024,Topps,Update,Base,,US162,Henry Davis,Pittsburgh Pirates	- Rookie Debut,Base	US162	Henry Davis	Pittsburgh Pirates	- Rookie Debut,False
2024_topps_update,2024,Topps,Update,Base,,US163,Clayton Andrews RC / Josh Maciejewski RC,New York Yankees,Base	US163	Clayton Andrews RC / Josh Maciejewski RC	New York Yankees,True
2024_topps_update,2024,Topps,Update,Base,,US164,Jesse Winker,Washington Nationals,Base	US164	Jesse Winker	Washington Nationals,False
2024_topps_update,2024,Topps,Update,Base,,US165,Jacob Hurtubise,Cincinnati Reds	RC,Base	US165	Jacob Hurtubise	Cincinnati Reds	RC,False
2024_topps_update,2024,Topps,Update,Base,,US166,Michael Wacha,Kansas City Royals,Base	US166	Michael Wacha	Kansas City Royals,False
2024_topps_update,2024,Topps,Update,Base,,US167,Luke Maile,Cincinnati Reds,Base	US167	Luke Maile	Cincinnati Reds,False
2024_topps_update,2024,Topps,Update,Base,,US168,Matt Brash,Seattle Mariners,Base	US168	Matt Brash	Seattle Mariners,False
2024_topps_update,2024,Topps,Update,Base,,US169,Jackson Merrill,San Diego Padres	- Rookie Debut,Base	US169	Jackson Merrill	San Diego Padres	- Rookie Debut,False
2024_topps_update,2024,Topps,Update,Base,,US170,Tom Murphy,San Francisco Giants,Base	US170	Tom Murphy	San Francisco Giants,False
2024_topps_update,2024,Topps,Update,Base,,US171,Colin Rea,Milwaukee Brewers,Base	US171	Colin Rea	Milwaukee Brewers,False
2024_topps_update,2024,Topps,Update,Base,,US172,Colin Holderman,Pittsburgh Pirates,Base	US172	Colin Holderman	Pittsburgh Pirates,False
2024_topps_update,2024,Topps,Update,Base,,US173,Omar Narváez,New York Mets,Base	US173	Omar Narváez	New York Mets,False
2024_topps_update,2024,Topps,Update,Base,,US174,Austin Hedges,Cleveland Guardians,Base	US174	Austin Hedges	Cleveland Guardians,False
2024_topps_update,2024,Topps,Update,Base,,US175,Jasson Domínguez,New York Yankees	- Rookie Debut,Base	US175	Jasson Domínguez	New York Yankees	- Rookie Debut,False
2024_topps_update,2024,Topps,Update,Base,,US176,Lucas Giolito,Boston Red Sox,Base	US176	Lucas Giolito	Boston Red Sox,False
2024_topps_update,2024,Topps,Update,Base,,US177,Trevor Williams,Washington Nationals,Base	US177	Trevor Williams	Washington Nationals,False
2024_topps_update,2024,Topps,Update,Base,,US178,Justin Slaten,Boston Red Sox	RC,Base	US178	Justin Slaten	Boston Red Sox	RC,False
2024_topps_update,2024,Topps,Update,Base,,US179,Mason Black,San Francisco Giants	RC,Base	US179	Mason Black	San Francisco Giants	RC,False
2024_topps_update,2024,Topps,Update,Base,,US180,Seby Zavala,Seattle Mariners,Base	US180	Seby Zavala	Seattle Mariners,False
2024_topps_update,2024,Topps,Update,Base,,US181,Aaron Judge / Juan Soto,New York Yankees	- Combo Card,Base	US181	Aaron Judge / Juan Soto	New York Yankees	- Combo Card,True
2024_topps_update,2024,Topps,Update,Base,,US182,Matt Moore,Los Angeles Angels,Base	US182	Matt Moore	Los Angeles Angels,False
2024_topps_update,2024,Topps,Update,Base,,US183,Ben Brown,Chicago Cubs	RC,Base	US183	Ben Brown	Chicago Cubs	RC,False
2024_topps_update,2024,Topps,Update,Base,,US184,Ronel Blanco,Houston Astros	- Season Highlights,Base	US184	Ronel Blanco	Houston Astros	- Season Highlights,False
2024_topps_update,2024,Topps,Update,Base,,US185,Jhonny Pereda RC / Emmanuel Ramirez RC,Miami Marlins,Base	US185	Jhonny Pereda RC / Emmanuel Ramirez RC	Miami Marlins,True
2024_topps_update,2024,Topps,Update,Base,,US186,Landen Roupp,San Francisco Giants	RC,Base	US186	Landen Roupp	San Francisco Giants	RC,False
2024_topps_update,2024,Topps,Update,Base,,US187,Noelvi Marte,Cincinnati Reds	- Rookie Debut,Base	US187	Noelvi Marte	Cincinnati Reds	- Rookie Debut,False
2024_topps_update,2024,Topps,Update,Base,,US188,Eduardo Rodriguez,Arizona Diamondbacks,Base	US188	Eduardo Rodriguez	Arizona Diamondbacks,False
2024_topps_update,2024,Topps,Update,Base,,US189,Kyle Leahy RC / Chris Roycroft RC,St. Louis Cardinals,Base	US189	Kyle Leahy RC / Chris Roycroft RC	St. Louis Cardinals,True
2024_topps_update,2024,Topps,Update,Base,,US190,Travis Jankowski,Texas Rangers,Base	US190	Travis Jankowski	Texas Rangers,False
2024_topps_update,2024,Topps,Update,Base,,US191,Josh Gibson,Homestead	- Season Highlights,Base	US191	Josh Gibson	Homestead	- Season Highlights,False
2024_topps_update,2024,Topps,Update,Base,,US192,Colt Keith,Detroit Tigers	- Rookie Debut,Base	US192	Colt Keith	Detroit Tigers	- Rookie Debut,False
2024_topps_update,2024,Topps,Update,Base,,US193,Nolan Schanuel,Los Angeles Angels	- Rookie Debut,Base	US193	Nolan Schanuel	Los Angeles Angels	- Rookie Debut,False
2024_topps_update,2024,Topps,Update,Base,,US194,Jurickson Profar,San Diego Padres,Base	US194	Jurickson Profar	San Diego Padres,False
2024_topps_update,2024,Topps,Update,Base,,US195,Carson Kelly,Detroit Tigers,Base	US195	Carson Kelly	Detroit Tigers,False
2024_topps_update,2024,Topps,Update,Base,,US196,Blake Treinen,Los Angeles Dodgers,Base	US196	Blake Treinen	Los Angeles Dodgers,False
2024_topps_update,2024,Topps,Update,Base,,US197,Blaze Alexander,Arizona Diamondbacks	RC,Base	US197	Blaze Alexander	Arizona Diamondbacks	RC,False
2024_topps_update,2024,Topps,Update,Base,,US198,Jordan Beck,Colorado Rockies	- Rookie Debut,Base	US198	Jordan Beck	Colorado Rockies	- Rookie Debut,False
2024_topps_update,2024,Topps,Update,Base,,US199,Brett Harris,Oakland Athletics	RC,Base	US199	Brett Harris	Oakland Athletics	RC,False
2024_topps_update,2024,Topps,Update,Base,,US200,Luis Arraez,San Diego Padres,Base	US200	Luis Arraez	San Diego Padres,False
2024_topps_update,2024,Topps,Update,Base,,US201,Christian Encarnacion-Strand,Cincinnati Reds	- Rookie Debut,Base	US201	Christian Encarnacion-Strand	Cincinnati Reds	- Rookie Debut,False
2024_topps_update,2024,Topps,Update,Base,,US202,Miguel Andujar,Oakland Athletics,Base	US202	Miguel Andujar	Oakland Athletics,False
2024_topps_update,2024,Topps,Update,Base,,US203,Tim Mayza,Toronto Blue Jays,Base	US203	Tim Mayza	Toronto Blue Jays,False
2024_topps_update,2024,Topps,Update,Base,,US204,Kevin Newman,Arizona Diamondbacks,Base	US204	Kevin Newman	Arizona Diamondbacks,False
2024_topps_update,2024,Topps,Update,Base,,US205,Seiya Suzuki / Shota Imanaga,Chicago Cubs	- Combo Card,Base	US205	Seiya Suzuki / Shota Imanaga	Chicago Cubs	- Combo Card,True
2024_topps_update,2024,Topps,Update,Base,,US206,Jake Bauers,Milwaukee Brewers,Base	US206	Jake Bauers	Milwaukee Brewers,False
2024_topps_update,2024,Topps,Update,Base,,US207,Josh Smith,Texas Rangers,Base	US207	Josh Smith	Texas Rangers,False
2024_topps_update,2024,Topps,Update,Base,,US208,Rowdy Tellez,Pittsburgh Pirates,Base	US208	Rowdy Tellez	Pittsburgh Pirates,False
2024_topps_update,2024,Topps,Update,Base,,US209,Bailey Falter,Pittsburgh Pirates,Base	US209	Bailey Falter	Pittsburgh Pirates,False
2024_topps_update,2024,Topps,Update,Base,,US210,Jackson Merrill,San Diego Padres	RC,Base	US210	Jackson Merrill	San Diego Padres	RC,False
2024_topps_update,2024,Topps,Update,Base,,US211,Hunter Gaddis,Cleveland Guardians,Base	US211	Hunter Gaddis	Cleveland Guardians,False
2024_topps_update,2024,Topps,Update,Base,,US212,Kai-Wei Teng,San Francisco Giants	RC,Base	US212	Kai-Wei Teng	San Francisco Giants	RC,False
2024_topps_update,2024,Topps,Update,Base,,US213,Richie Palacios,Tampa Bay Rays,Base	US213	Richie Palacios	Tampa Bay Rays,False
2024_topps_update,2024,Topps,Update,Base,,US214,Kevin Pillar,Los Angeles Angels,Base	US214	Kevin Pillar	Los Angeles Angels,False
2024_topps_update,2024,Topps,Update,Base,,US215,Adam Frazier,Kansas City Royals,Base	US215	Adam Frazier	Kansas City Royals,False
2024_topps_update,2024,Topps,Update,Base,,US216,Vidal Bruján,Miami Marlins,Base	US216	Vidal Bruján	Miami Marlins,False
2024_topps_update,2024,Topps,Update,Base,,US217,Marco Luciano,San Francisco Giants	- Rookie Debut,Base	US217	Marco Luciano	San Francisco Giants	- Rookie Debut,False
2024_topps_update,2024,Topps,Update,Base,,US218,Christian Scott,New York Mets	RC,Base	US218	Christian Scott	New York Mets	RC,False
2024_topps_update,2024,Topps,Update,Base,,US219,Michael Stefanic,Los Angeles Angels,Base	US219	Michael Stefanic	Los Angeles Angels,False
2024_topps_update,2024,Topps,Update,Base,,US220,Max Schuemann,Oakland Athletics	RC,Base	US220	Max Schuemann	Oakland Athletics	RC,False
2024_topps_update,2024,Topps,Update,Base,,US221,Andy Pages,Los Angeles Dodgers	RC,Base	US221	Andy Pages	Los Angeles Dodgers	RC,False
2024_topps_update,2024,Topps,Update,Base,,US222,Alex Speas,Houston Astros	RC,Base	US222	Alex Speas	Houston Astros	RC,False
2024_topps_update,2024,Topps,Update,Base,,US223,Junior Caminero,Tampa Bay Rays	- Rookie Debut,Base	US223	Junior Caminero	Tampa Bay Rays	- Rookie Debut,False
2024_topps_update,2024,Topps,Update,Base,,US224,Carlos Santana,Minnesota Twins,Base	US224	Carlos Santana	Minnesota Twins,False
2024_topps_update,2024,Topps,Update,Base,,US225,Nick Nastrini,Chicago White Sox	RC,Base	US225	Nick Nastrini	Chicago White Sox	RC,False
2024_topps_update,2024,Topps,Update,Base,,US226,Michael Lorenzen,Texas Rangers,Base	US226	Michael Lorenzen	Texas Rangers,False
2024_topps_update,2024,Topps,Update,Base,,US227,Chandler Seagle RC / Mason McCoy RC,San Diego Padres	Rookie Combo,Base	US227	Chandler Seagle RC / Mason McCoy RC	San Diego Padres	Rookie Combo,True
2024_topps_update,2024,Topps,Update,Base,,US228,Jose Trevino,New York Yankees,Base	US228	Jose Trevino	New York Yankees,False
2024_topps_update,2024,Topps,Update,Base,,US229,Michael Taylor,Pittsburgh Pirates,Base	US229	Michael Taylor	Pittsburgh Pirates,False
2024_topps_update,2024,Topps,Update,Base,,US230,Jorge Polanco,Seattle Mariners,Base	US230	Jorge Polanco	Seattle Mariners,False
2024_topps_update,2024,Topps,Update,Base,,US231,J.D. Davis,New York Yankees,Base	US231	J.D. Davis	New York Yankees,False
2024_topps_update,2024,Topps,Update,Base,,US232,Jeff Hoffman,Philadelphia Phillies,Base	US232	Jeff Hoffman	Philadelphia Phillies,False
2024_topps_update,2024,Topps,Update,Base,,US233,Wenceel Pérez,Detroit Tigers	RC,Base	US233	Wenceel Pérez	Detroit Tigers	RC,False
2024_topps_update,2024,Topps,Update,Base,,US234,Ben Rortvedt,Tampa Bay Rays,Base	US234	Ben Rortvedt	Tampa Bay Rays,False
2024_topps_update,2024,Topps,Update,Base,,US235,Tyler Alexander,Tampa Bay Rays,Base	US235	Tyler Alexander	Tampa Bay Rays,False
2024_topps_update,2024,Topps,Update,Base,,US236,Max Meyer,Miami Marlins,Base	US236	Max Meyer	Miami Marlins,False
2024_topps_update,2024,Topps,Update,Base,,US237,Tanner Scott,Miami Marlins,Base	US237	Tanner Scott	Miami Marlins,False
2024_topps_update,2024,Topps,Update,Base,,US238,Elly De La Cruz / Julio Rodríguez,Cincinnati Reds	- Combo Card,Base	US238	Elly De La Cruz / Julio Rodríguez	Cincinnati Reds	- Combo Card,True
2024_topps_update,2024,Topps,Update,Base,,US238,Elly De La Cruz / Julio Rodríguez,Seattle Mariners	- Combo Card,Base	US238	Elly De La Cruz / Julio Rodríguez	Seattle Mariners	- Combo Card,True
2024_topps_update,2024,Topps,Update,Base,,US239,Spencer Turnbull,Philadelphia Phillies,Base	US239	Spencer Turnbull	Philadelphia Phillies,False
2024_topps_update,2024,Topps,Update,Base,,US240,Jackson Chourio,Milwaukee Brewers	RC,Base	US240	Jackson Chourio	Milwaukee Brewers	RC,False
2024_topps_update,2024,Topps,Update,Base,,US241,Anthony Rizzo,New York Yankees	- Season Highlights,Base	US241	Anthony Rizzo	New York Yankees	- Season Highlights,False
2024_topps_update,2024,Topps,Update,Base,,US242,Chris Roller,Milwaukee Brewers	RC,Base	US242	Chris Roller	Milwaukee Brewers	RC,False
2024_topps_update,2024,Topps,Update,Base,,US243,J.D. Martinez,New York Mets,Base	US243	J.D. Martinez	New York Mets,False
2024_topps_update,2024,Topps,Update,Base,,US244,Korey Lee,Chicago White Sox,Base	US244	Korey Lee	Chicago White Sox,False
2024_topps_update,2024,Topps,Update,Base,,US245,Luis Vázquez,Chicago Cubs	RC,Base	US245	Luis Vázquez	Chicago Cubs	RC,False
2024_topps_update,2024,Topps,Update,Base,,US246,Jacob Stallings,Colorado Rockies,Base	US246	Jacob Stallings	Colorado Rockies,False
2024_topps_update,2024,Topps,Update,Base,,US247,Eugenio Suárez,Arizona Diamondbacks,Base	US247	Eugenio Suárez	Arizona Diamondbacks,False
2024_topps_update,2024,Topps,Update,Base,,US248,Davis Wendzel,Texas Rangers	RC,Base	US248	Davis Wendzel	Texas Rangers	RC,False
2024_topps_update,2024,Topps,Update,Base,,US249,Tucker Barnhart,Arizona Diamondbacks,Base	US249	Tucker Barnhart	Arizona Diamondbacks,False
2024_topps_update,2024,Topps,Update,Base,,US250,LaMonte Wade Jr.,San Francisco Giants,Base	US250	LaMonte Wade Jr.	San Francisco Giants,False
2024_topps_update,2024,Topps,Update,Base,,US251,Tony Kemp,Cincinnati Reds,Base	US251	Tony Kemp	Cincinnati Reds,False
2024_topps_update,2024,Topps,Update,Base,,US252,Blair Henley RC / Shawn Dubin RC,Houston Astros,Base	US252	Blair Henley RC / Shawn Dubin RC	Houston Astros,True
2024_topps_update,2024,Topps,Update,Base,,US253,Christian Scott,New York Mets	- Rookie Debut,Base	US253	Christian Scott	New York Mets	- Rookie Debut,False
2024_topps_update,2024,Topps,Update,Base,,US254,Andrew McCutchen,Pittsburgh Pirates	- Season Highlights,Base	US254	Andrew McCutchen	Pittsburgh Pirates	- Season Highlights,False
2024_topps_update,2024,Topps,Update,Base,,US255,Nick Martinez,Cincinnati Reds,Base	US255	Nick Martinez	Cincinnati Reds,False
2024_topps_update,2024,Topps,Update,Base,,US256,Alec Burleson,St. Louis Cardinals,Base	US256	Alec Burleson	St. Louis Cardinals,False
2024_topps_update,2024,Topps,Update,Base,,US257,Joey Ortiz,Milwaukee Brewers,Base	US257	Joey Ortiz	Milwaukee Brewers,False
2024_topps_update,2024,Topps,Update,Base,,US258,Alex Vesia,Los Angeles Dodgers,Base	US258	Alex Vesia	Los Angeles Dodgers,False
2024_topps_update,2024,Topps,Update,Base,,US259,Stephen Kolek,San Diego Padres	RC,Base	US259	Stephen Kolek	San Diego Padres	RC,False
2024_topps_update,2024,Topps,Update,Base,,US260,Luke Raley,Seattle Mariners,Base	US260	Luke Raley	Seattle Mariners,False
2024_topps_update,2024,Topps,Update,Base,,US261,Austin Slater,San Francisco Giants,Base	US261	Austin Slater	San Francisco Giants,False
2024_topps_update,2024,Topps,Update,Base,,US262,Kyle Manzardo,Cleveland Guardians	RC,Base	US262	Kyle Manzardo	Cleveland Guardians	RC,False
2024_topps_update,2024,Topps,Update,Base,,US263,Ryan Helsley,St. Louis Cardinals,Base	US263	Ryan Helsley	St. Louis Cardinals,False
2024_topps_update,2024,Topps,Update,Base,,US264,Nick Senzel,Washington Nationals,Base	US264	Nick Senzel	Washington Nationals,False
2024_topps_update,2024,Topps,Update,Base,,US265,Blaze Alexander,Arizona Diamondbacks	- Rookie Debut,Base	US265	Blaze Alexander	Arizona Diamondbacks	- Rookie Debut,False
2024_topps_update,2024,Topps,Update,Base,,US266,Tyler Wade,San Diego Padres,Base	US266	Tyler Wade	San Diego Padres,False
2024_topps_update,2024,Topps,Update,Base,,US267,Nasim Nuñez,Washington Nationals	RC,Base	US267	Nasim Nuñez	Washington Nationals	RC,False
2024_topps_update,2024,Topps,Update,Base,,US268,Naoyuki Uwasawa,Boston Red Sox	RC,Base	US268	Naoyuki Uwasawa	Boston Red Sox	RC,False
2024_topps_update,2024,Topps,Update,Base,,US269,Jordan Beck,Colorado Rockies	RC,Base	US269	Jordan Beck	Colorado Rockies	RC,False
2024_topps_update,2024,Topps,Update,Base,,US270,Evan Justice RC / Anthony Molina RC,Colorado Rockies,Base	US270	Evan Justice RC / Anthony Molina RC	Colorado Rockies,True
2024_topps_update,2024,Topps,Update,Base,,US271,Erik Miller RC / Nick Avila RC,San Francisco Giants,Base	US271	Erik Miller RC / Nick Avila RC	San Francisco Giants,True
2024_topps_update,2024,Topps,Update,Base,,US272,Masyn Winn,St. Louis Cardinals	- Rookie Debut,Base	US272	Masyn Winn	St. Louis Cardinals	- Rookie Debut,False
2024_topps_update,2024,Topps,Update,Base,,US273,Tyler O'Neill,Boston Red Sox,Base	US273	Tyler O'Neill	Boston Red Sox,False
2024_topps_update,2024,Topps,Update,Base,,US274,Matt Thaiss,Los Angeles Angels,Base	US274	Matt Thaiss	Los Angeles Angels,False
2024_topps_update,2024,Topps,Update,Base,,US275,Austin Shenton,Tampa Bay Rays	RC,Base	US275	Austin Shenton	Tampa Bay Rays	RC,False
2024_topps_update,2024,Topps,Update,Base,,US276,Alex Wood,Oakland Athletics,Base	US276	Alex Wood	Oakland Athletics,False
2024_topps_update,2024,Topps,Update,Base,,US277,Robbie Ray,San Francisco Giants,Base	US277	Robbie Ray	San Francisco Giants,False
2024_topps_update,2024,Topps,Update,Base,,US278,Mark Leiter,Chicago Cubs,Base	US278	Mark Leiter	Chicago Cubs,False
2024_topps_update,2024,Topps,Update,Base,,US279,Leo Rivas,Seattle Mariners	RC,Base	US279	Leo Rivas	Seattle Mariners	RC,False
2024_topps_update,2024,Topps,Update,Base,,US280,Keegan Akin,Baltimore Orioles,Base	US280	Keegan Akin	Baltimore Orioles,False
2024_topps_update,2024,Topps,Update,Base,,US281,Shota Imanaga,Chicago Cubs	- Rookie Debut,Base	US281	Shota Imanaga	Chicago Cubs	- Rookie Debut,False
2024_topps_update,2024,Topps,Update,Base,,US282,Adam Cimber,Los Angeles Angels,Base	US282	Adam Cimber	Los Angeles Angels,False
2024_topps_update,2024,Topps,Update,Base,,US283,Johnathan Rodríguez,Cleveland Guardians	RC,Base	US283	Johnathan Rodríguez	Cleveland Guardians	RC,False
2024_topps_update,2024,Topps,Update,Base,,US284,David Robertson,Texas Rangers,Base	US284	David Robertson	Texas Rangers,False
2024_topps_update,2024,Topps,Update,Base,,US285,Jackson Holliday / Gunnar Henderson,Baltimore Orioles	- Combo Card,Base	US285	Jackson Holliday / Gunnar Henderson	Baltimore Orioles	- Combo Card,True
2024_topps_update,2024,Topps,Update,Base,,US286,Jared Walsh,Texas Rangers,Base	US286	Jared Walsh	Texas Rangers,False
2024_topps_update,2024,Topps,Update,Base,,US287,Jordan Hicks,San Francisco Giants,Base	US287	Jordan Hicks	San Francisco Giants,False
2024_topps_update,2024,Topps,Update,Base,,US288,Paul Skenes,Pittsburgh Pirates	- Rookie Debut,Base	US288	Paul Skenes	Pittsburgh Pirates	- Rookie Debut,False
2024_topps_update,2024,Topps,Update,Base,,US289,Byron Buxton / Carlos Correa,Minnesota Twins	- Combo Card,Base	US289	Byron Buxton / Carlos Correa	Minnesota Twins	- Combo Card,True
2024_topps_update,2024,Topps,Update,Base,,US290,Jason Foley,Detroit Tigers,Base	US290	Jason Foley	Detroit Tigers,False
2024_topps_update,2024,Topps,Update,Base,,US291,Lenyn Sosa,Chicago White Sox,Base	US291	Lenyn Sosa	Chicago White Sox,False
2024_topps_update,2024,Topps,Update,Base,,US292,Miguel Sano,Los Angeles Angels,Base	US292	Miguel Sano	Los Angeles Angels,False
2024_topps_update,2024,Topps,Update,Base,,US293,Seth Lugo,Kansas City Royals,Base	US293	Seth Lugo	Kansas City Royals,False
2024_topps_update,2024,Topps,Update,Base,,US294,Gavin Williams,Cleveland Guardians	- Rookie Debut,Base	US294	Gavin Williams	Cleveland Guardians	- Rookie Debut,False
2024_topps_update,2024,Topps,Update,Base,,US295,Simeon Woods Richardson,Minnesota Twins,Base	US295	Simeon Woods Richardson	Minnesota Twins,False
2024_topps_update,2024,Topps,Update,Base,,US296,Justin Foscue,Texas Rangers	RC,Base	US296	Justin Foscue	Texas Rangers	RC,False
2024_topps_update,2024,Topps,Update,Base,,US297,Jordan Montgomery,Arizona Diamondbacks,Base	US297	Jordan Montgomery	Arizona Diamondbacks,False
2024_topps_update,2024,Topps,Update,Base,,US298,Robert Suarez,San Diego Padres,Base	US298	Robert Suarez	San Diego Padres,False
2024_topps_update,2024,Topps,Update,Base,,US299,Tobias Myers,Milwaukee Brewers	RC,Base	US299	Tobias Myers	Milwaukee Brewers	RC,False
2024_topps_update,2024,Topps,Update,Base,,US300,Tyler Glasnow,Los Angeles Dodgers,Base	US300	Tyler Glasnow	Los Angeles Dodgers,False
2024_topps_update,2024,Topps,Update,Base,,US301,Jesse Chavez,Atlanta Braves,Base	US301	Jesse Chavez	Atlanta Braves,False
2024_topps_update,2024,Topps,Update,Base,,US302,Kirby Yates,Texas Rangers,Base	US302	Kirby Yates	Texas Rangers,False
2024_topps_update,2024,Topps,Update,Base,,US303,Ildemaro Vargas,Washington Nationals,Base	US303	Ildemaro Vargas	Washington Nationals,False
2024_topps_update,2024,Topps,Update,Base,,US304,Andrew Abbott,Cincinnati Reds	- Rookie Debut,Base	US304	Andrew Abbott	Cincinnati Reds	- Rookie Debut,False
2024_topps_update,2024,Topps,Update,Base,,US305,Eli Villalobos RC / Anthony Maldonado RC,Miami Marlins,Base	US305	Eli Villalobos RC / Anthony Maldonado RC	Miami Marlins,True
2024_topps_update,2024,Topps,Update,Base,,US306,Easton Lucas RC / Angel Felipe RC,Oakland Athletics,Base	US306	Easton Lucas RC / Angel Felipe RC	Oakland Athletics,True
2024_topps_update,2024,Topps,Update,Base,,US307,Santiago Espinal,Cincinnati Reds,Base	US307	Santiago Espinal	Cincinnati Reds,False
2024_topps_update,2024,Topps,Update,Base,,US308,Fernando Cruz,Cincinnati Reds	RC,Base	US308	Fernando Cruz	Cincinnati Reds	RC,False
2024_topps_update,2024,Topps,Update,Base,,US309,Adam Ottavino,New York Mets,Base	US309	Adam Ottavino	New York Mets,False
2024_topps_update,2024,Topps,Update,Base,,US310,Oliver Dunn,Milwaukee Brewers	RC,Base	US310	Oliver Dunn	Milwaukee Brewers	RC,False
2024_topps_update,2024,Topps,Update,Base,,US311,TJ Hopkins,Detroit Tigers	RC,Base	US311	TJ Hopkins	Detroit Tigers	RC,False
2024_topps_update,2024,Topps,Update,Base,,US312,Erik Swanson,Toronto Blue Jays,Base	US312	Erik Swanson	Toronto Blue Jays,False
2024_topps_update,2024,Topps,Update,Base,,US313,Luis Gil,New York Yankees,Base	US313	Luis Gil	New York Yankees,False
2024_topps_update,2024,Topps,Update,Base,,US314,Jair Camargo,Minnesota Twins	RC,Base	US314	Jair Camargo	Minnesota Twins	RC,False
2024_topps_update,2024,Topps,Update,Base,,US315,David Bañuelos RC / Matt Krook RC,Baltimore Orioles,Base	US315	David Bañuelos RC / Matt Krook RC	Baltimore Orioles,True
2024_topps_update,2024,Topps,Update,Base,,US316,AJ Smith-Shawver,Atlanta Braves	- Rookie Debut,Base	US316	AJ Smith-Shawver	Atlanta Braves	- Rookie Debut,False
2024_topps_update,2024,Topps,Update,Base,,US317,Yariel Rodríguez,Toronto Blue Jays	RC,Base	US317	Yariel Rodríguez	Toronto Blue Jays	RC,False
2024_topps_update,2024,Topps,Update,Base,,US318,Nick Martini,Cincinnati Reds,Base	US318	Nick Martini	Cincinnati Reds,False
2024_topps_update,2024,Topps,Update,Base,,US319,Ronel Blanco,Houston Astros	RC,Base	US319	Ronel Blanco	Houston Astros	RC,False
2024_topps_update,2024,Topps,Update,Base,,US320,Zach DeLoach,Chicago White Sox	RC,Base	US320	Zach DeLoach	Chicago White Sox	RC,False
2024_topps_update,2024,Topps,Update,Base,,US321,Peter Fairbanks,Tampa Bay Rays,Base	US321	Peter Fairbanks	Tampa Bay Rays,False
2024_topps_update,2024,Topps,Update,Base,,US322,Roddery Muñoz,Miami Marlins	RC,Base	US322	Roddery Muñoz	Miami Marlins	RC,False
2024_topps_update,2024,Topps,Update,Base,,US323,Jon Singleton,Houston Astros,Base	US323	Jon Singleton	Houston Astros,False
2024_topps_update,2024,Topps,Update,Base,,US324,Dairon Blanco,Kansas City Royals,Base	US324	Dairon Blanco	Kansas City Royals,False
2024_topps_update,2024,Topps,Update,Base,,US325,Austin Wells,New York Yankees	- Rookie Debut,Base	US325	Austin Wells	New York Yankees	- Rookie Debut,False
2024_topps_update,2024,Topps,Update,Base,,US326,Giovanny Gallegos,St. Louis Cardinals,Base	US326	Giovanny Gallegos	St. Louis Cardinals,False
2024_topps_update,2024,Topps,Update,Base,,US327,Dinelson Lamet,Los Angeles Dodgers,Base	US327	Dinelson Lamet	Los Angeles Dodgers,False
2024_topps_update,2024,Topps,Update,Base,,US328,Ramón Urías,Baltimore Orioles,Base	US328	Ramón Urías	Baltimore Orioles,False
2024_topps_update,2024,Topps,Update,Base,,US329,Steven Matz,St. Louis Cardinals,Base	US329	Steven Matz	St. Louis Cardinals,False
2024_topps_update,2024,Topps,Update,Base,,US330,A.J. Puk,Miami Marlins,Base	US330	A.J. Puk	Miami Marlins,False
2024_topps_update,2024,Topps,Update,Base,,US331,Cody Bradford,Texas Rangers,Base	US331	Cody Bradford	Texas Rangers,False
2024_topps_update,2024,Topps,Update,Base,,US332,Andrew Chafin,Detroit Tigers,Base	US332	Andrew Chafin	Detroit Tigers,False
2024_topps_update,2024,Topps,Update,Base,,US333,Yasmani Grandal,Pittsburgh Pirates,Base	US333	Yasmani Grandal	Pittsburgh Pirates,False
2024_topps_update,2024,Topps,Update,Base,,US334,Mookie Betts,Los Angeles Dodgers	- Season Highlights,Base	US334	Mookie Betts	Los Angeles Dodgers	- Season Highlights,False
2024_topps_update,2024,Topps,Update,Base,,US335,Pierce Johnson,Atlanta Braves,Base	US335	Pierce Johnson	Atlanta Braves,False
2024_topps_update,2024,Topps,Update,Base,,US336,Addison Barger,Toronto Blue Jays	RC,Base	US336	Addison Barger	Toronto Blue Jays	RC,False
2024_topps_update,2024,Topps,Update,Base,,US337,Kyle Manzardo,Cleveland Guardians	- Rookie Debut,Base	US337	Kyle Manzardo	Cleveland Guardians	- Rookie Debut,False
2024_topps_update,2024,Topps,Update,Base,,US338,Pedro Pagés,St. Louis Cardinals	RC,Base	US338	Pedro Pagés	St. Louis Cardinals	RC,False
2024_topps_update,2024,Topps,Update,Base,,US339,Aroldis Chapman,Pittsburgh Pirates,Base	US339	Aroldis Chapman	Pittsburgh Pirates,False
2024_topps_update,2024,Topps,Update,Base,,US340,Gavin Stone,Los Angeles Dodgers,Base	US340	Gavin Stone	Los Angeles Dodgers,False
2024_topps_update,2024,Topps,Update,Base,,US341,Wyatt Langford,Texas Rangers	- Rookie Debut,Base	US341	Wyatt Langford	Texas Rangers	- Rookie Debut,False
2024_topps_update,2024,Topps,Update,Base,,US342,Dakota Hudson,Colorado Rockies,Base	US342	Dakota Hudson	Colorado Rockies,False
2024_topps_update,2024,Topps,Update,Base,,US343,Jung Hoo Lee,San Francisco Giants	- Rookie Debut,Base	US343	Jung Hoo Lee	San Francisco Giants	- Rookie Debut,False
2024_topps_update,2024,Topps,Update,Base,,US344,Ernie Clement,Toronto Blue Jays,Base	US344	Ernie Clement	Toronto Blue Jays,False
2024_topps_update,2024,Topps,Update,Base,,US345,Louie Varland,Minnesota Twins,Base	US345	Louie Varland	Minnesota Twins,False
2024_topps_update,2024,Topps,Update,Base,,US346,Gio Urshela,Detroit Tigers,Base	US346	Gio Urshela	Detroit Tigers,False
2024_topps_update,2024,Topps,Update,Base,,US347,Jonathan Cannon,Chicago White Sox	RC,Base	US347	Jonathan Cannon	Chicago White Sox	RC,False
2024_topps_update,2024,Topps,Update,Base,,US348,Hunter Stratton,Pittsburgh Pirates	RC,Base	US348	Hunter Stratton	Pittsburgh Pirates	RC,False
2024_topps_update,2024,Topps,Update,Base,,US349,Cam Eden,Toronto Blue Jays	RC,Base	US349	Cam Eden	Toronto Blue Jays	RC,False
2024_topps_update,2024,Topps,Update,Base,,US350,Elly De La Cruz,Cincinnati Reds	- Rookie Debut,Base	US350	Elly De La Cruz	Cincinnati Reds	- Rookie Debut,False
2024_topps_update,2024,Topps,Update,1989 Topps Baseball,,89US-1,Tyler Glasnow,Los Angeles Dodgers,1989 Topps Baseball	89US-1	Tyler Glasnow	Los Angeles Dodgers,False
2024_topps_update,2024,Topps,Update,1989 Topps Baseball,,89US-2,Ozzie Albies,Atlanta Braves,1989 Topps Baseball	89US-2	Ozzie Albies	Atlanta Braves,False
2024_topps_update,2024,Topps,Update,1989 Topps Baseball,,89US-3,Willie Mays,New York Giants,1989 Topps Baseball	89US-3	Willie Mays	New York Giants,False
2024_topps_update,2024,Topps,Update,1989 Topps Baseball,,89US-4,Parker Meadows,Detroit Tigers	Rookie,1989 Topps Baseball	89US-4	Parker Meadows	Detroit Tigers	Rookie,False
2024_topps_update,2024,Topps,Update,1989 Topps Baseball,,89US-5,Marcus Semien,Texas Rangers,1989 Topps Baseball	89US-5	Marcus Semien	Texas Rangers,False
2024_topps_update,2024,Topps,Update,1989 Topps Baseball,,89US-6,Mookie Betts,Los Angeles Dodgers,1989 Topps Baseball	89US-6	Mookie Betts	Los Angeles Dodgers,False
2024_topps_update,2024,Topps,Update,1989 Topps Baseball,,89US-7,Darryl Strawberry,New York Mets,1989 Topps Baseball	89US-7	Darryl Strawberry	New York Mets,False
2024_topps_update,2024,Topps,Update,1989 Topps Baseball,,89US-8,Willson Contreras,St. Louis Cardinals,1989 Topps Baseball	89US-8	Willson Contreras	St. Louis Cardinals,False
2024_topps_update,2024,Topps,Update,1989 Topps Baseball,,89US-9,J.T. Realmuto,Philadelphia Phillies,1989 Topps Baseball	89US-9	J.T. Realmuto	Philadelphia Phillies,False
2024_topps_update,2024,Topps,Update,1989 Topps Baseball,,89US-10,Jasson Domínguez,New York Yankees	Rookie,1989 Topps Baseball	89US-10	Jasson Domínguez	New York Yankees	Rookie,False
2024_topps_update,2024,Topps,Update,1989 Topps Baseball,,89US-11,Tyler Black,Milwaukee Brewers	Rookie,1989 Topps Baseball	89US-11	Tyler Black	Milwaukee Brewers	Rookie,False
2024_topps_update,2024,Topps,Update,1989 Topps Baseball,,89US-12,Shohei Ohtani,Los Angeles Dodgers,1989 Topps Baseball	89US-12	Shohei Ohtani	Los Angeles Dodgers,False
2024_topps_update,2024,Topps,Update,1989 Topps Baseball,,89US-13,Colt Keith,Detroit Tigers	Rookie,1989 Topps Baseball	89US-13	Colt Keith	Detroit Tigers	Rookie,False
2024_topps_update,2024,Topps,Update,1989 Topps Baseball,,89US-14,Matt Chapman,San Francisco Giants,1989 Topps Baseball	89US-14	Matt Chapman	San Francisco Giants,False
2024_topps_update,2024,Topps,Update,1989 Topps Baseball,,89US-15,Rhys Hoskins,Milwaukee Brewers,1989 Topps Baseball	89US-15	Rhys Hoskins	Milwaukee Brewers,False
2024_topps_update,2024,Topps,Update,1989 Topps Baseball,,89US-16,Junior Caminero,Tampa Bay Rays	Rookie,1989 Topps Baseball	89US-16	Junior Caminero	Tampa Bay Rays	Rookie,False
2024_topps_update,2024,Topps,Update,1989 Topps Baseball,,89US-17,Jeremy Peña,Houston Astros,1989 Topps Baseball	89US-17	Jeremy Peña	Houston Astros,False
2024_topps_update,2024,Topps,Update,1989 Topps Baseball,,89US-18,Michael Harris,Atlanta Braves,1989 Topps Baseball	89US-18	Michael Harris	Atlanta Braves,False
2024_topps_update,2024,Topps,Update,1989 Topps Baseball,,89US-19,Roger Clemens,Boston Red Sox,1989 Topps Baseball	89US-19	Roger Clemens	Boston Red Sox,False
2024_topps_update,2024,Topps,Update,1989 Topps Baseball,,89US-20,Eloy Jiménez,Chicago White Sox,1989 Topps Baseball	89US-20	Eloy Jiménez	Chicago White Sox,False
2024_topps_update,2024,Topps,Update,1989 Topps Baseball,,89US-21,Connor Phillips,Cincinnati Reds	Rookie,1989 Topps Baseball	89US-21	Connor Phillips	Cincinnati Reds	Rookie,False
2024_topps_update,2024,Topps,Update,1989 Topps Baseball,,89US-22,Anthony Volpe,New York Yankees,1989 Topps Baseball	89US-22	Anthony Volpe	New York Yankees,False
2024_topps_update,2024,Topps,Update,1989 Topps Baseball,,89US-23,Corbin Carroll,Arizona Diamondbacks,1989 Topps Baseball	89US-23	Corbin Carroll	Arizona Diamondbacks,False
2024_topps_update,2024,Topps,Update,1989 Topps Baseball,,89US-24,Teoscar Hernández,Los Angeles Dodgers,1989 Topps Baseball	89US-24	Teoscar Hernández	Los Angeles Dodgers,False
2024_topps_update,2024,Topps,Update,1989 Topps Baseball,,89US-25,Bryson Stott,Philadelphia Phillies,1989 Topps Baseball	89US-25	Bryson Stott	Philadelphia Phillies,False
2024_topps_update,2024,Topps,Update,1989 Topps Baseball,,89US-26,Francisco Alvarez,New York Mets,1989 Topps Baseball	89US-26	Francisco Alvarez	New York Mets,False
2024_topps_update,2024,Topps,Update,1989 Topps Baseball,,89US-27,Eddie Murray,Baltimore Orioles,1989 Topps Baseball	89US-27	Eddie Murray	Baltimore Orioles,False
2024_topps_update,2024,Topps,Update,1989 Topps Baseball,,89US-28,Jung Hoo Lee,San Francisco Giants	Rookie,1989 Topps Baseball	89US-28	Jung Hoo Lee	San Francisco Giants	Rookie,False
2024_topps_update,2024,Topps,Update,1989 Topps Baseball,,89US-29,Yoshinobu Yamamoto,Los Angeles Dodgers	Rookie,1989 Topps Baseball	89US-29	Yoshinobu Yamamoto	Los Angeles Dodgers	Rookie,False
2024_topps_update,2024,Topps,Update,1989 Topps Baseball,,89US-30,Mickey Mantle,New York Yankees,1989 Topps Baseball	89US-30	Mickey Mantle	New York Yankees,False
2024_topps_update,2024,Topps,Update,1989 Topps Baseball,,89US-31,Juan Soto,New York Yankees,1989 Topps Baseball	89US-31	Juan Soto	New York Yankees,False
2024_topps_update,2024,Topps,Update,1989 Topps Baseball,,89US-32,Blake Snell,San Francisco Giants,1989 Topps Baseball	89US-32	Blake Snell	San Francisco Giants,False
2024_topps_update,2024,Topps,Update,1989 Topps Baseball,,89US-33,Sandy Koufax,Brooklyn Dodgers,1989 Topps Baseball	89US-33	Sandy Koufax	Brooklyn Dodgers,False
2024_topps_update,2024,Topps,Update,1989 Topps Baseball,,89US-34,Greg Maddux,Chicago Cubs,1989 Topps Baseball	89US-34	Greg Maddux	Chicago Cubs,False
2024_topps_update,2024,Topps,Update,1989 Topps Baseball,,89US-35,Jackson Merrill,San Diego Padres	Rookie,1989 Topps Baseball	89US-35	Jackson Merrill	San Diego Padres	Rookie,False
2024_topps_update,2024,Topps,Update,1989 Topps Baseball,,89US-36,Wyatt Langford,Texas Rangers	Rookie,1989 Topps Baseball	89US-36	Wyatt Langford	Texas Rangers	Rookie,False
2024_topps_update,2024,Topps,Update,1989 Topps Baseball,,89US-37,David Ortiz,Boston Red Sox,1989 Topps Baseball	89US-37	David Ortiz	Boston Red Sox,False
2024_topps_update,2024,Topps,Update,1989 Topps Baseball,,89US-38,Jackson Holliday,Baltimore Orioles	Rookie,1989 Topps Baseball	89US-38	Jackson Holliday	Baltimore Orioles	Rookie,False
2024_topps_update,2024,Topps,Update,1989 Topps Baseball,,89US-39,Elly De La Cruz,Cincinnati Reds	Rookie,1989 Topps Baseball	89US-39	Elly De La Cruz	Cincinnati Reds	Rookie,False
2024_topps_update,2024,Topps,Update,1989 Topps Baseball,,89US-40,Jordan Lawlar,Arizona Diamondbacks	Rookie,1989 Topps Baseball	89US-40	Jordan Lawlar	Arizona Diamondbacks	Rookie,False
2024_topps_update,2024,Topps,Update,1989 Topps Baseball,,89US-41,Rickey Henderson,Oakland Athletics,1989 Topps Baseball	89US-41	Rickey Henderson	Oakland Athletics,False
2024_topps_update,2024,Topps,Update,1989 Topps Baseball,,89US-42,Nolan Ryan,California Angels,1989 Topps Baseball	89US-42	Nolan Ryan	California Angels,False
2024_topps_update,2024,Topps,Update,1989 Topps Baseball,,89US-43,Cody Bellinger,Chicago Cubs,1989 Topps Baseball	89US-43	Cody Bellinger	Chicago Cubs,False
2024_topps_update,2024,Topps,Update,1989 Topps Baseball,,89US-44,Jackson Chourio,Milwaukee Brewers	Rookie,1989 Topps Baseball	89US-44	Jackson Chourio	Milwaukee Brewers	Rookie,False
2024_topps_update,2024,Topps,Update,1989 Topps Baseball,,89US-45,Ken Griffey Jr.,Seattle Mariners,1989 Topps Baseball	89US-45	Ken Griffey Jr.	Seattle Mariners,False
2024_topps_update,2024,Topps,Update,1989 Topps Baseball,,89US-46,Paul Skenes,Pittsburgh Pirates	Rookie,1989 Topps Baseball	89US-46	Paul Skenes	Pittsburgh Pirates	Rookie,False
2024_topps_update,2024,Topps,Update,1989 Topps Baseball,,89US-47,Spencer Torkelson,Detroit Tigers,1989 Topps Baseball	89US-47	Spencer Torkelson	Detroit Tigers,False
2024_topps_update,2024,Topps,Update,1989 Topps Baseball,,89US-48,Bobby Witt Jr.,Kansas City Royals,1989 Topps Baseball	89US-48	Bobby Witt Jr.	Kansas City Royals,False
2024_topps_update,2024,Topps,Update,1989 Topps Baseball,,89US-49,Evan Carter,Texas Rangers	Rookie,1989 Topps Baseball	89US-49	Evan Carter	Texas Rangers	Rookie,False
2024_topps_update,2024,Topps,Update,1989 Topps Baseball,,89US-50,Corbin Burnes,Baltimore Orioles,1989 Topps Baseball	89US-50	Corbin Burnes	Baltimore Orioles,False
2024_topps_update,2024,Topps,Update,1989 Topps Baseball Autographs,,89ASA-ABE,Adrián Beltré,Texas Rangers,1989 Topps Baseball Autographs	89ASA-ABE	Adrián Beltré	Texas Rangers,False
2024_topps_update,2024,Topps,Update,1989 Topps Baseball Autographs,,89ASA-AP,Albert Pujols,St. Louis Cardinals,1989 Topps Baseball Autographs	89ASA-AP	Albert Pujols	St. Louis Cardinals,False
2024_topps_update,2024,Topps,Update,1989 Topps Baseball Autographs,,89ASA-BL,Barry Larkin,Cincinnati Reds,1989 Topps Baseball Autographs	89ASA-BL	Barry Larkin	Cincinnati Reds,False
2024_topps_update,2024,Topps,Update,1989 Topps Baseball Autographs,,89ASA-BP,Buster Posey,San Francisco Giants,1989 Topps Baseball Autographs	89ASA-BP	Buster Posey	San Francisco Giants,False
2024_topps_update,2024,Topps,Update,1989 Topps Baseball Autographs,,89ASA-DM,Dale Murphy,Atlanta Braves,1989 Topps Baseball Autographs	89ASA-DM	Dale Murphy	Atlanta Braves,False
2024_topps_update,2024,Topps,Update,1989 Topps Baseball Autographs,,89ASA-DO,David Ortiz,Boston Red Sox,1989 Topps Baseball Autographs	89ASA-DO	David Ortiz	Boston Red Sox,False
2024_topps_update,2024,Topps,Update,1989 Topps Baseball Autographs,,89ASA-DP,Dustin Pedroia,Boston Red Sox,1989 Topps Baseball Autographs	89ASA-DP	Dustin Pedroia	Boston Red Sox,False
2024_topps_update,2024,Topps,Update,1989 Topps Baseball Autographs,,89ASA-EM,Edgar Martinez,Seattle Mariners,1989 Topps Baseball Autographs	89ASA-EM	Edgar Martinez	Seattle Mariners,False
2024_topps_update,2024,Topps,Update,1989 Topps Baseball Autographs,,89ASA-FH,Félix Hernández,Seattle Mariners,1989 Topps Baseball Autographs	89ASA-FH	Félix Hernández	Seattle Mariners,False
2024_topps_update,2024,Topps,Update,1989 Topps Baseball Autographs,,89ASA-JJ,Josh Jung,Texas Rangers,1989 Topps Baseball Autographs	89ASA-JJ	Josh Jung	Texas Rangers,False
2024_topps_update,2024,Topps,Update,1989 Topps Baseball Autographs,,89ASA-JROL,Jimmy Rollins,Philadelphia Phillies,1989 Topps Baseball Autographs	89ASA-JROL	Jimmy Rollins	Philadelphia Phillies,False
2024_topps_update,2024,Topps,Update,1989 Topps Baseball Autographs,,89ASA-PA,Pete Alonso,New York Mets,1989 Topps Baseball Autographs	89ASA-PA	Pete Alonso	New York Mets,False
2024_topps_update,2024,Topps,Update,1989 Topps Baseball Autographs,,89ASA-PF,Prince Fielder,Milwaukee Brewers,1989 Topps Baseball Autographs	89ASA-PF	Prince Fielder	Milwaukee Brewers,False
2024_topps_update,2024,Topps,Update,1989 Topps Baseball Autographs,,89ASA-RJ,Randy Johnson,Seattle Mariners,1989 Topps Baseball Autographs	89ASA-RJ	Randy Johnson	Seattle Mariners,False
2024_topps_update,2024,Topps,Update,1989 Topps Baseball Autographs,,89ASA-SK,Sandy Koufax,Los Angeles Dodgers,1989 Topps Baseball Autographs	89ASA-SK	Sandy Koufax	Los Angeles Dodgers,False
2024_topps_update,2024,Topps,Update,1989 Topps Baseball Autographs,,89ASA-SO,Shohei Ohtani,Los Angeles Dodgers,1989 Topps Baseball Autographs	89ASA-SO	Shohei Ohtani	Los Angeles Dodgers,False
2024_topps_update,2024,Topps,Update,1989 Topps Baseball Autographs,,89ASA-TH,Torii Hunter,Minnesota Twins,1989 Topps Baseball Autographs	89ASA-TH	Torii Hunter	Minnesota Twins,False
2024_topps_update,2024,Topps,Update,1989 Topps Baseball Autographs,,89ASA-VG,Vladimir Guerrero,Montréal Expos,1989 Topps Baseball Autographs	89ASA-VG	Vladimir Guerrero	Montréal Expos,False
2024_topps_update,2024,Topps,Update,1989 Topps Baseball Autographs,,89ASA-YA,Yordan Alvarez,Houston Astros,1989 Topps Baseball Autographs	89ASA-YA	Yordan Alvarez	Houston Astros,False
2024_topps_update,2024,Topps,Update,1989 Topps Baseball Autographs,,89AU-AUM,Austin Martin,Minnesota Twins,1989 Topps Baseball Autographs	89AU-AUM	Austin Martin	Minnesota Twins,False
2024_topps_update,2024,Topps,Update,1989 Topps Baseball Autographs,,89AU-AW,Austin Wells,New York Yankees,1989 Topps Baseball Autographs	89AU-AW	Austin Wells	New York Yankees,False
2024_topps_update,2024,Topps,Update,1989 Topps Baseball Autographs,,89AU-BW,Bobby Witt Jr.,Kansas City Royals,1989 Topps Baseball Autographs	89AU-BW	Bobby Witt Jr.	Kansas City Royals,False
2024_topps_update,2024,Topps,Update,1989 Topps Baseball Autographs,,89AU-CBU,Corbin Burnes,Baltimore Orioles,1989 Topps Baseball Autographs	89AU-CBU	Corbin Burnes	Baltimore Orioles,False
2024_topps_update,2024,Topps,Update,1989 Topps Baseball Autographs,,89AU-CC,Colton Cowser,Baltimore Orioles,1989 Topps Baseball Autographs	89AU-CC	Colton Cowser	Baltimore Orioles,False
2024_topps_update,2024,Topps,Update,1989 Topps Baseball Autographs,,89AU-CCA,Corbin Carroll,Arizona Diamondbacks,1989 Topps Baseball Autographs	89AU-CCA	Corbin Carroll	Arizona Diamondbacks,False
2024_topps_update,2024,Topps,Update,1989 Topps Baseball Autographs,,89AU-CHS,Christian Scott,New York Mets,1989 Topps Baseball Autographs	89AU-CHS	Christian Scott	New York Mets,False
2024_topps_update,2024,Topps,Update,1989 Topps Baseball Autographs,,89AU-DAH,Darell Hernaiz,Oakland Athletics,1989 Topps Baseball Autographs	89AU-DAH	Darell Hernaiz	Oakland Athletics,False
2024_topps_update,2024,Topps,Update,1989 Topps Baseball Autographs,,89AU-EC,Evan Carter,Texas Rangers,1989 Topps Baseball Autographs	89AU-EC	Evan Carter	Texas Rangers,False
2024_topps_update,2024,Topps,Update,1989 Topps Baseball Autographs,,89AU-GRP,Graham Pauley,San Diego Padres,1989 Topps Baseball Autographs	89AU-GRP	Graham Pauley	San Diego Padres,False
2024_topps_update,2024,Topps,Update,1989 Topps Baseball Autographs,,89AU-HB,Harrison Bader,New York Mets,1989 Topps Baseball Autographs	89AU-HB	Harrison Bader	New York Mets,False
2024_topps_update,2024,Topps,Update,1989 Topps Baseball Autographs,,89AU-HK,Heston Kjerstad,Baltimore Orioles,1989 Topps Baseball Autographs	89AU-HK	Heston Kjerstad	Baltimore Orioles,False
2024_topps_update,2024,Topps,Update,1989 Topps Baseball Autographs,,89AU-JAJ,Jared Jones,Pittsburgh Pirates,1989 Topps Baseball Autographs	89AU-JAJ	Jared Jones	Pittsburgh Pirates,False
2024_topps_update,2024,Topps,Update,1989 Topps Baseball Autographs,,89AU-JC,Junior Caminero,Tampa Bay Rays,1989 Topps Baseball Autographs	89AU-JC	Junior Caminero	Tampa Bay Rays,False
2024_topps_update,2024,Topps,Update,1989 Topps Baseball Autographs,,89AU-JCH,Jackson Chourio,Milwaukee Brewers,1989 Topps Baseball Autographs	89AU-JCH	Jackson Chourio	Milwaukee Brewers,False
2024_topps_update,2024,Topps,Update,1989 Topps Baseball Autographs,,89AU-JCL,Jonatan Clase,Seattle Mariners,1989 Topps Baseball Autographs	89AU-JCL	Jonatan Clase	Seattle Mariners,False
2024_topps_update,2024,Topps,Update,1989 Topps Baseball Autographs,,89AU-JDO,Jasson Domínguez,New York Yankees,1989 Topps Baseball Autographs	89AU-JDO	Jasson Domínguez	New York Yankees,False
2024_topps_update,2024,Topps,Update,1989 Topps Baseball Autographs,,89AU-JG,Juan Gonzalez,Texas Rangers,1989 Topps Baseball Autographs	89AU-JG	Juan Gonzalez	Texas Rangers,False
2024_topps_update,2024,Topps,Update,1989 Topps Baseball Autographs,,89AU-JM,Jackson Merrill,San Diego Padres,1989 Topps Baseball Autographs	89AU-JM	Jackson Merrill	San Diego Padres,False
2024_topps_update,2024,Topps,Update,1989 Topps Baseball Autographs,,89AU-JUF,Justin Foscue,Texas Rangers,1989 Topps Baseball Autographs	89AU-JUF	Justin Foscue	Texas Rangers,False
2024_topps_update,2024,Topps,Update,1989 Topps Baseball Autographs,,89AU-JV,Joey Votto,Toronto Blue Jays,1989 Topps Baseball Autographs	89AU-JV	Joey Votto	Toronto Blue Jays,False
2024_topps_update,2024,Topps,Update,1989 Topps Baseball Autographs,,89AU-KNA,Landon Knack,Los Angeles Dodgers,1989 Topps Baseball Autographs	89AU-KNA	Landon Knack	Los Angeles Dodgers,False
2024_topps_update,2024,Topps,Update,1989 Topps Baseball Autographs,,89AU-LOP,Joey Loperfido,Houston Astros,1989 Topps Baseball Autographs	89AU-LOP	Joey Loperfido	Houston Astros,False
2024_topps_update,2024,Topps,Update,1989 Topps Baseball Autographs,,89AU-MT,Mike Trout,Los Angeles Angels,1989 Topps Baseball Autographs	89AU-MT	Mike Trout	Los Angeles Angels,False
2024_topps_update,2024,Topps,Update,1989 Topps Baseball Autographs,,89AU-PS,Paul Skenes,Pittsburgh Pirates,1989 Topps Baseball Autographs	89AU-PS	Paul Skenes	Pittsburgh Pirates,False
2024_topps_update,2024,Topps,Update,1989 Topps Baseball Autographs,,89AU-RA,Ronald Acuña Jr.,Atlanta Braves,1989 Topps Baseball Autographs	89AU-RA	Ronald Acuña Jr.	Atlanta Braves,False
2024_topps_update,2024,Topps,Update,1989 Topps Baseball Autographs,,89AU-SF,Sal Frelick,Milwaukee Brewers,1989 Topps Baseball Autographs	89AU-SF	Sal Frelick	Milwaukee Brewers,False
2024_topps_update,2024,Topps,Update,1989 Topps Baseball Autographs,,89AU-SG,Sonny Gray,St. Louis Cardinals,1989 Topps Baseball Autographs	89AU-SG	Sonny Gray	St. Louis Cardinals,False
2024_topps_update,2024,Topps,Update,1989 Topps Baseball Autographs,,89AU-SI,Shota Imanaga,Chicago Cubs,1989 Topps Baseball Autographs	89AU-SI	Shota Imanaga	Chicago Cubs,False
2024_topps_update,2024,Topps,Update,1989 Topps Baseball Autographs,,89AU-VSC,Victor Scott II,St. Louis Cardinals,1989 Topps Baseball Autographs	89AU-VSC	Victor Scott II	St. Louis Cardinals,False
2024_topps_update,2024,Topps,Update,1989 Topps Baseball Autographs,,89AU-WL,Wyatt Langford,Texas Rangers,1989 Topps Baseball Autographs	89AU-WL	Wyatt Langford	Texas Rangers,False
2024_topps_update,2024,Topps,Update,1989 Topps Baseball Autographs,,89AU-YR,Yariel Rodríguez,Toronto Blue Jays,1989 Topps Baseball Autographs	89AU-YR	Yariel Rodríguez	Toronto Blue Jays,False
2024_topps_update,2024,Topps,Update,1989 Topps Baseball Autographs,,89AU-YY,Yoshinobu Yamamoto,Los Angeles Dodgers,1989 Topps Baseball Autographs	89AU-YY	Yoshinobu Yamamoto	Los Angeles Dodgers,False
2024_topps_update,2024,Topps,Update,1989 Topps Baseball Autographs,,89B-WWI,Weston Wilson,Philadelphia Phillies,1989 Topps Baseball Autographs	89B-WWI	Weston Wilson	Philadelphia Phillies,False
2024_topps_update,2024,Topps,Update,1989 Topps Baseball Autographs,,89BA-AM,Alek Manoah,Toronto Blue Jays,1989 Topps Baseball Autographs	89BA-AM	Alek Manoah	Toronto Blue Jays,False
2024_topps_update,2024,Topps,Update,1989 Topps Baseball Autographs,,89BA-AP,Andy Pages,Los Angeles Dodgers,1989 Topps Baseball Autographs	89BA-AP	Andy Pages	Los Angeles Dodgers,False
2024_topps_update,2024,Topps,Update,1989 Topps Baseball Autographs,,89BA-BAS,Osleivis Basabe,Tampa Bay Rays,1989 Topps Baseball Autographs	89BA-BAS	Osleivis Basabe	Tampa Bay Rays,False
2024_topps_update,2024,Topps,Update,1989 Topps Baseball Autographs,,89BA-BB,Ben Brown,Chicago Cubs,1989 Topps Baseball Autographs	89BA-BB	Ben Brown	Chicago Cubs,False
2024_topps_update,2024,Topps,Update,1989 Topps Baseball Autographs,,89BA-BID,Osvaldo Bido,Pittsburgh Pirates,1989 Topps Baseball Autographs	89BA-BID	Osvaldo Bido	Pittsburgh Pirates,False
2024_topps_update,2024,Topps,Update,1989 Topps Baseball Autographs,,89BA-BP,Buster Posey,San Francisco Giants,1989 Topps Baseball Autographs	89BA-BP	Buster Posey	San Francisco Giants,False
2024_topps_update,2024,Topps,Update,1989 Topps Baseball Autographs,,89BA-CK,Clayton Kershaw,Los Angeles Dodgers,1989 Topps Baseball Autographs	89BA-CK	Clayton Kershaw	Los Angeles Dodgers,False
2024_topps_update,2024,Topps,Update,1989 Topps Baseball Autographs,,89BA-CKE,Colt Keith,Detroit Tigers,1989 Topps Baseball Autographs	89BA-CKE	Colt Keith	Detroit Tigers,False
2024_topps_update,2024,Topps,Update,1989 Topps Baseball Autographs,,89BA-CRA,Ceddanne Rafaela,Boston Red Sox,1989 Topps Baseball Autographs	89BA-CRA	Ceddanne Rafaela	Boston Red Sox,False
2024_topps_update,2024,Topps,Update,1989 Topps Baseball Autographs,,89BA-DAV,Darius Vines,Atlanta Braves,1989 Topps Baseball Autographs	89BA-DAV	Darius Vines	Atlanta Braves,False
2024_topps_update,2024,Topps,Update,1989 Topps Baseball Autographs,,89BA-FWL,Forrest Wall,Atlanta Braves,1989 Topps Baseball Autographs	89BA-FWL	Forrest Wall	Atlanta Braves,False
2024_topps_update,2024,Topps,Update,1989 Topps Baseball Autographs,,89BA-GB,George Brett,Kansas City Royals,1989 Topps Baseball Autographs	89BA-GB	George Brett	Kansas City Royals,False
2024_topps_update,2024,Topps,Update,1989 Topps Baseball Autographs,,89BA-GHA,Grant Hartwig,New York Mets,1989 Topps Baseball Autographs	89BA-GHA	Grant Hartwig	New York Mets,False
2024_topps_update,2024,Topps,Update,1989 Topps Baseball Autographs,,89BA-GM,Greg Maddux,Atlanta Braves,1989 Topps Baseball Autographs	89BA-GM	Greg Maddux	Atlanta Braves,False
2024_topps_update,2024,Topps,Update,1989 Topps Baseball Autographs,,89BA-JFN,José Fermín,St. Louis Cardinals,1989 Topps Baseball Autographs	89BA-JFN	José Fermín	St. Louis Cardinals,False
2024_topps_update,2024,Topps,Update,1989 Topps Baseball Autographs,,89BA-JL,Jack Leiter,Texas Rangers,1989 Topps Baseball Autographs	89BA-JL	Jack Leiter	Texas Rangers,False
2024_topps_update,2024,Topps,Update,1989 Topps Baseball Autographs,,89BA-KT,Kyle Tucker,Houston Astros,1989 Topps Baseball Autographs	89BA-KT	Kyle Tucker	Houston Astros,False
2024_topps_update,2024,Topps,Update,1989 Topps Baseball Autographs,,89BA-KW,Keaton Winn,San Francisco Giants,1989 Topps Baseball Autographs	89BA-KW	Keaton Winn	San Francisco Giants,False
2024_topps_update,2024,Topps,Update,1989 Topps Baseball Autographs,,89BA-LYO,Lyon Richardson,Cincinnati Reds,1989 Topps Baseball Autographs	89BA-LYO	Lyon Richardson	Cincinnati Reds,False
2024_topps_update,2024,Topps,Update,1989 Topps Baseball Autographs,,89BA-ML,Marco Luciano,San Francisco Giants,1989 Topps Baseball Autographs	89BA-ML	Marco Luciano	San Francisco Giants,False
2024_topps_update,2024,Topps,Update,1989 Topps Baseball Autographs,,89BA-NMA,Noelvi Marte,Cincinnati Reds,1989 Topps Baseball Autographs	89BA-NMA	Noelvi Marte	Cincinnati Reds,False
2024_topps_update,2024,Topps,Update,1989 Topps Baseball Autographs,,89BA-RJ,Reggie Jackson,Oakland Athletics,1989 Topps Baseball Autographs	89BA-RJ	Reggie Jackson	Oakland Athletics,False
2024_topps_update,2024,Topps,Update,1989 Topps Baseball Autographs,,89BA-ROM,Drew Rom,St. Louis Cardinals,1989 Topps Baseball Autographs	89BA-ROM	Drew Rom	St. Louis Cardinals,False
2024_topps_update,2024,Topps,Update,1989 Topps Baseball Autographs,,89BA-RUTL,Jackson Rutledge,Washington Nationals,1989 Topps Baseball Autographs	89BA-RUTL	Jackson Rutledge	Washington Nationals,False
2024_topps_update,2024,Topps,Update,1989 Topps Baseball Autographs,,89BA-SA,Sandy Alcantara,Miami Marlins,1989 Topps Baseball Autographs	89BA-SA	Sandy Alcantara	Miami Marlins,False
2024_topps_update,2024,Topps,Update,1989 Topps Baseball Autographs,,89BA-WC,Wilyer Abreu,Boston Red Sox,1989 Topps Baseball Autographs	89BA-WC	Wilyer Abreu	Boston Red Sox,False
2024_topps_update,2024,Topps,Update,1989 Topps Baseball Autographs,,89BA-YD,Yandy Díaz,Tampa Bay Rays,1989 Topps Baseball Autographs	89BA-YD	Yandy Díaz	Tampa Bay Rays,False
2024_topps_update,2024,Topps,Update,1989 Topps Baseball Autographs,,89BA2-AL,Andre Lipcius,Detroit Tigers,1989 Topps Baseball Autographs	89BA2-AL	Andre Lipcius	Detroit Tigers,False
2024_topps_update,2024,Topps,Update,1989 Topps Baseball Autographs,,89BA2-AM,Drew Millas,Washington Nationals,1989 Topps Baseball Autographs	89BA2-AM	Drew Millas	Washington Nationals,False
2024_topps_update,2024,Topps,Update,1989 Topps Baseball Autographs,,89BA2-AR,Aramis Ramirez,Chicago Cubs,1989 Topps Baseball Autographs	89BA2-AR	Aramis Ramirez	Chicago Cubs,False
2024_topps_update,2024,Topps,Update,1989 Topps Baseball Autographs,,89BA2-AS,AJ Smith-Shawver,Atlanta Braves,1989 Topps Baseball Autographs	89BA2-AS	AJ Smith-Shawver	Atlanta Braves,False
2024_topps_update,2024,Topps,Update,1989 Topps Baseball Autographs,,89BA2-AV,Anthony Veneziano,Kansas City Royals,1989 Topps Baseball Autographs	89BA2-AV	Anthony Veneziano	Kansas City Royals,False
2024_topps_update,2024,Topps,Update,1989 Topps Baseball Autographs,,89BA2-BM,Bobby Miller,Los Angeles Dodgers,1989 Topps Baseball Autographs	89BA2-BM	Bobby Miller	Los Angeles Dodgers,False
2024_topps_update,2024,Topps,Update,1989 Topps Baseball Autographs,,89BA2-CE,Cam Eden,Toronto Blue Jays,1989 Topps Baseball Autographs	89BA2-CE	Cam Eden	Toronto Blue Jays,False
2024_topps_update,2024,Topps,Update,1989 Topps Baseball Autographs,,89BA2-CMC,Chas McCormick,Houston Astros,1989 Topps Baseball Autographs	89BA2-CMC	Chas McCormick	Houston Astros,False
2024_topps_update,2024,Topps,Update,1989 Topps Baseball Autographs,,89BA2-DL,Derrek Lee,Chicago Cubs,1989 Topps Baseball Autographs	89BA2-DL	Derrek Lee	Chicago Cubs,False
2024_topps_update,2024,Topps,Update,1989 Topps Baseball Autographs,,89BA2-EGA,Eric Gagne,Los Angeles Dodgers,1989 Topps Baseball Autographs	89BA2-EGA	Eric Gagne	Los Angeles Dodgers,False
2024_topps_update,2024,Topps,Update,1989 Topps Baseball Autographs,,89BA2-EPE,Eury Pérez,Miami Marlins,1989 Topps Baseball Autographs	89BA2-EPE	Eury Pérez	Miami Marlins,False
2024_topps_update,2024,Topps,Update,1989 Topps Baseball Autographs,,89BA2-FP,Freddy Peralta,Milwaukee Brewers,1989 Topps Baseball Autographs	89BA2-FP	Freddy Peralta	Milwaukee Brewers,False
2024_topps_update,2024,Topps,Update,1989 Topps Baseball Autographs,,89BA2-HD,Henry Davis,Pittsburgh Pirates,1989 Topps Baseball Autographs	89BA2-HD	Henry Davis	Pittsburgh Pirates,False
2024_topps_update,2024,Topps,Update,1989 Topps Baseball Autographs,,89BA2-HP,Hunter Pence,San Francisco Giants,1989 Topps Baseball Autographs	89BA2-HP	Hunter Pence	San Francisco Giants,False
2024_topps_update,2024,Topps,Update,1989 Topps Baseball Autographs,,89BA2-IR,Ivan Rodriguez,Florida Marlins,1989 Topps Baseball Autographs	89BA2-IR	Ivan Rodriguez	Florida Marlins,False
2024_topps_update,2024,Topps,Update,1989 Topps Baseball Autographs,,89BA2-JA,Jim Abbott,California Angels,1989 Topps Baseball Autographs	89BA2-JA	Jim Abbott	California Angels,False
2024_topps_update,2024,Topps,Update,1989 Topps Baseball Autographs,,89BA2-JCA,Joe Carter,Toronto Blue Jays,1989 Topps Baseball Autographs	89BA2-JCA	Joe Carter	Toronto Blue Jays,False
2024_topps_update,2024,Topps,Update,1989 Topps Baseball Autographs,,89BA2-JE,Joey Estes,Oakland Athletics,1989 Topps Baseball Autographs	89BA2-JE	Joey Estes	Oakland Athletics,False
2024_topps_update,2024,Topps,Update,1989 Topps Baseball Autographs,,89BA2-JH,Jackson Holliday,Baltimore Orioles,1989 Topps Baseball Autographs	89BA2-JH	Jackson Holliday	Baltimore Orioles,False
2024_topps_update,2024,Topps,Update,1989 Topps Baseball Autographs,,89BA2-JMA,J.P. Martinez,Texas Rangers,1989 Topps Baseball Autographs	89BA2-JMA	J.P. Martinez	Texas Rangers,False
2024_topps_update,2024,Topps,Update,1989 Topps Baseball Autographs,,89BA2-JP,Jorge Posada,New York Yankees,1989 Topps Baseball Autographs	89BA2-JP	Jorge Posada	New York Yankees,False
2024_topps_update,2024,Topps,Update,1989 Topps Baseball Autographs,,89BA2-JS,José Soriano,Los Angeles Angels,1989 Topps Baseball Autographs	89BA2-JS	José Soriano	Los Angeles Angels,False
2024_topps_update,2024,Topps,Update,1989 Topps Baseball Autographs,,89BA2-JSO,Juan Soto,New York Yankees,1989 Topps Baseball Autographs	89BA2-JSO	Juan Soto	New York Yankees,False
2024_topps_update,2024,Topps,Update,1989 Topps Baseball Autographs,,89BA2-JWE,Jayson Werth,Philadelphia Phillies,1989 Topps Baseball Autographs	89BA2-JWE	Jayson Werth	Philadelphia Phillies,False
2024_topps_update,2024,Topps,Update,1989 Topps Baseball Autographs,,89BA2-JY,Jacob Young,Washington Nationals,1989 Topps Baseball Autographs	89BA2-JY	Jacob Young	Washington Nationals,False
2024_topps_update,2024,Topps,Update,1989 Topps Baseball Autographs,,89BA2-KF,Kody Funderburk,Minnesota Twins,1989 Topps Baseball Autographs	89BA2-KF	Kody Funderburk	Minnesota Twins,False
2024_topps_update,2024,Topps,Update,1989 Topps Baseball Autographs,,89BA2-KW,Kerry Wood,Chicago Cubs,1989 Topps Baseball Autographs	89BA2-KW	Kerry Wood	Chicago Cubs,False
2024_topps_update,2024,Topps,Update,1989 Topps Baseball Autographs,,89BA2-LB,Luken Baker,St. Louis Cardinals,1989 Topps Baseball Autographs	89BA2-LB	Luken Baker	St. Louis Cardinals,False
2024_topps_update,2024,Topps,Update,1989 Topps Baseball Autographs,,89BA2-LM,Luis Matos,San Francisco Giants,1989 Topps Baseball Autographs	89BA2-LM	Luis Matos	San Francisco Giants,False
2024_topps_update,2024,Topps,Update,1989 Topps Baseball Autographs,,89BA2-NH,Nico Hoerner,Chicago Cubs,1989 Topps Baseball Autographs	89BA2-NH	Nico Hoerner	Chicago Cubs,False
2024_topps_update,2024,Topps,Update,1989 Topps Baseball Autographs,,89BA2-OK,Orion Kerkering,Philadelphia Phillies,1989 Topps Baseball Autographs	89BA2-OK	Orion Kerkering	Philadelphia Phillies,False
2024_topps_update,2024,Topps,Update,1989 Topps Baseball Autographs,,89BA2-RF,Rollie Fingers,Oakland Athletics,1989 Topps Baseball Autographs	89BA2-RF	Rollie Fingers	Oakland Athletics,False
2024_topps_update,2024,Topps,Update,1989 Topps Baseball Autographs,,89BA2-RM,Ronny Mauricio,New York Mets,1989 Topps Baseball Autographs	89BA2-RM	Ronny Mauricio	New York Mets,False
2024_topps_update,2024,Topps,Update,1989 Topps Baseball Autographs,,89BA2-SK,Sandy Koufax,Los Angeles Dodgers,1989 Topps Baseball Autographs	89BA2-SK	Sandy Koufax	Los Angeles Dodgers,False
2024_topps_update,2024,Topps,Update,1989 Topps Baseball Autographs,,89BA2-SS,Spencer Steer,Cincinnati Reds,1989 Topps Baseball Autographs	89BA2-SS	Spencer Steer	Cincinnati Reds,False
2024_topps_update,2024,Topps,Update,1989 Topps Baseball Autographs,,89BA2-TG,Tristan Gray,Tampa Bay Rays,1989 Topps Baseball Autographs	89BA2-TG	Tristan Gray	Tampa Bay Rays,False
2024_topps_update,2024,Topps,Update,1989 Topps Baseball Autographs,,89BA2-TH,TJ Hopkins,Cincinnati Reds,1989 Topps Baseball Autographs	89BA2-TH	TJ Hopkins	Cincinnati Reds,False
2024_topps_update,2024,Topps,Update,1989 Topps Baseball Autographs,,89BA2-YG,Yoendrys Gómez,New York Yankees,1989 Topps Baseball Autographs	89BA2-YG	Yoendrys Gómez	New York Yankees,False
2024_topps_update,2024,Topps,Update,1989 Topps Baseball Chrome Silver Packs,,T89CU-1,Chase Utley,Philadelphia Phillies,1989 Topps Baseball Chrome Silver Packs	T89CU-1	Chase Utley	Philadelphia Phillies,False
2024_topps_update,2024,Topps,Update,1989 Topps Baseball Chrome Silver Packs,,T89CU-2,Shota Imanaga,Chicago Cubs,1989 Topps Baseball Chrome Silver Packs	T89CU-2	Shota Imanaga	Chicago Cubs,False
2024_topps_update,2024,Topps,Update,1989 Topps Baseball Chrome Silver Packs,,T89CU-3,Austin Martin,Minnesota Twins,1989 Topps Baseball Chrome Silver Packs	T89CU-3	Austin Martin	Minnesota Twins,False
2024_topps_update,2024,Topps,Update,1989 Topps Baseball Chrome Silver Packs,,T89CU-4,Ronald Acuña Jr.,Atlanta Braves,1989 Topps Baseball Chrome Silver Packs	T89CU-4	Ronald Acuña Jr.	Atlanta Braves,False
2024_topps_update,2024,Topps,Update,1989 Topps Baseball Chrome Silver Packs,,T89CU-5,Eloy Jiménez,Chicago White Sox,1989 Topps Baseball Chrome Silver Packs	T89CU-5	Eloy Jiménez	Chicago White Sox,False
2024_topps_update,2024,Topps,Update,1989 Topps Baseball Chrome Silver Packs,,T89CU-6,Steve Carlton,Philadelphia Phillies,1989 Topps Baseball Chrome Silver Packs	T89CU-6	Steve Carlton	Philadelphia Phillies,False
2024_topps_update,2024,Topps,Update,1989 Topps Baseball Chrome Silver Packs,,T89CU-7,Colt Keith,Detroit Tigers,1989 Topps Baseball Chrome Silver Packs	T89CU-7	Colt Keith	Detroit Tigers,False
2024_topps_update,2024,Topps,Update,1989 Topps Baseball Chrome Silver Packs,,T89CU-8,Greg Maddux,Chicago Cubs,1989 Topps Baseball Chrome Silver Packs	T89CU-8	Greg Maddux	Chicago Cubs,False
2024_topps_update,2024,Topps,Update,1989 Topps Baseball Chrome Silver Packs,,T89CU-9,Ken Griffey Jr.,Seattle Mariners,1989 Topps Baseball Chrome Silver Packs	T89CU-9	Ken Griffey Jr.	Seattle Mariners,False
2024_topps_update,2024,Topps,Update,1989 Topps Baseball Chrome Silver Packs,,T89CU-10,Evan Carter,Texas Rangers,1989 Topps Baseball Chrome Silver Packs	T89CU-10	Evan Carter	Texas Rangers,False
2024_topps_update,2024,Topps,Update,1989 Topps Baseball Chrome Silver Packs,,T89CU-11,George Kirby,Seattle Mariners,1989 Topps Baseball Chrome Silver Packs	T89CU-11	George Kirby	Seattle Mariners,False
2024_topps_update,2024,Topps,Update,1989 Topps Baseball Chrome Silver Packs,,T89CU-12,Riley Greene,Detroit Tigers,1989 Topps Baseball Chrome Silver Packs	T89CU-12	Riley Greene	Detroit Tigers,False
2024_topps_update,2024,Topps,Update,1989 Topps Baseball Chrome Silver Packs,,T89CU-13,Stan Musial,St. Louis Cardinals,1989 Topps Baseball Chrome Silver Packs	T89CU-13	Stan Musial	St. Louis Cardinals,False
2024_topps_update,2024,Topps,Update,1989 Topps Baseball Chrome Silver Packs,,T89CU-14,Jeremy Peña,Houston Astros,1989 Topps Baseball Chrome Silver Packs	T89CU-14	Jeremy Peña	Houston Astros,False
2024_topps_update,2024,Topps,Update,1989 Topps Baseball Chrome Silver Packs,,T89CU-15,Yoshinobu Yamamoto,Los Angeles Dodgers,1989 Topps Baseball Chrome Silver Packs	T89CU-15	Yoshinobu Yamamoto	Los Angeles Dodgers,False
2024_topps_update,2024,Topps,Update,1989 Topps Baseball Chrome Silver Packs,,T89CU-16,Darell Hernaiz,Oakland Athletics,1989 Topps Baseball Chrome Silver Packs	T89CU-16	Darell Hernaiz	Oakland Athletics,False
2024_topps_update,2024,Topps,Update,1989 Topps Baseball Chrome Silver Packs,,T89CU-17,Alex Rodriguez,New York Yankees,1989 Topps Baseball Chrome Silver Packs	T89CU-17	Alex Rodriguez	New York Yankees,False
2024_topps_update,2024,Topps,Update,1989 Topps Baseball Chrome Silver Packs,,T89CU-18,Austin Riley,Atlanta Braves,1989 Topps Baseball Chrome Silver Packs	T89CU-18	Austin Riley	Atlanta Braves,False
2024_topps_update,2024,Topps,Update,1989 Topps Baseball Chrome Silver Packs,,T89CU-19,Jack Leiter,Texas Rangers,1989 Topps Baseball Chrome Silver Packs	T89CU-19	Jack Leiter	Texas Rangers,False
2024_topps_update,2024,Topps,Update,1989 Topps Baseball Chrome Silver Packs,,T89CU-20,Salvador Perez,Kansas City Royals,1989 Topps Baseball Chrome Silver Packs	T89CU-20	Salvador Perez	Kansas City Royals,False
2024_topps_update,2024,Topps,Update,1989 Topps Baseball Chrome Silver Packs,,T89CU-21,Paul Skenes,Pittsburgh Pirates,1989 Topps Baseball Chrome Silver Packs	T89CU-21	Paul Skenes	Pittsburgh Pirates,False
2024_topps_update,2024,Topps,Update,1989 Topps Baseball Chrome Silver Packs,,T89CU-22,Darryl Strawberry,New York Mets,1989 Topps Baseball Chrome Silver Packs	T89CU-22	Darryl Strawberry	New York Mets,False
2024_topps_update,2024,Topps,Update,1989 Topps Baseball Chrome Silver Packs,,T89CU-23,Willie Mays,San Francisco Giants,1989 Topps Baseball Chrome Silver Packs	T89CU-23	Willie Mays	San Francisco Giants,False
2024_topps_update,2024,Topps,Update,1989 Topps Baseball Chrome Silver Packs,,T89CU-24,Cody Bellinger,Chicago Cubs,1989 Topps Baseball Chrome Silver Packs	T89CU-24	Cody Bellinger	Chicago Cubs,False
2024_topps_update,2024,Topps,Update,1989 Topps Baseball Chrome Silver Packs,,T89CU-25,Brandon Nimmo,New York Mets,1989 Topps Baseball Chrome Silver Packs	T89CU-25	Brandon Nimmo	New York Mets,False
2024_topps_update,2024,Topps,Update,1989 Topps Baseball Chrome Silver Packs,,T89CU-26,Cal Raleigh,Seattle Mariners,1989 Topps Baseball Chrome Silver Packs	T89CU-26	Cal Raleigh	Seattle Mariners,False
2024_topps_update,2024,Topps,Update,1989 Topps Baseball Chrome Silver Packs,,T89CU-27,Rhys Hoskins,Milwaukee Brewers,1989 Topps Baseball Chrome Silver Packs	T89CU-27	Rhys Hoskins	Milwaukee Brewers,False
2024_topps_update,2024,Topps,Update,1989 Topps Baseball Chrome Silver Packs,,T89CU-28,Blaze Alexander,Arizona Diamondbacks,1989 Topps Baseball Chrome Silver Packs	T89CU-28	Blaze Alexander	Arizona Diamondbacks,False
2024_topps_update,2024,Topps,Update,1989 Topps Baseball Chrome Silver Packs,,T89CU-29,Jackson Chourio,Milwaukee Brewers,1989 Topps Baseball Chrome Silver Packs	T89CU-29	Jackson Chourio	Milwaukee Brewers,False
2024_topps_update,2024,Topps,Update,1989 Topps Baseball Chrome Silver Packs,,T89CU-30,Sal Frelick,Milwaukee Brewers,1989 Topps Baseball Chrome Silver Packs	T89CU-30	Sal Frelick	Milwaukee Brewers,False
2024_topps_update,2024,Topps,Update,1989 Topps Baseball Chrome Silver Packs,,T89CU-31,Brett Harris,Oakland Athletics,1989 Topps Baseball Chrome Silver Packs	T89CU-31	Brett Harris	Oakland Athletics,False
2024_topps_update,2024,Topps,Update,1989 Topps Baseball Chrome Silver Packs,,T89CU-32,Tyler Glasnow,Los Angeles Dodgers,1989 Topps Baseball Chrome Silver Packs	T89CU-32	Tyler Glasnow	Los Angeles Dodgers,False
2024_topps_update,2024,Topps,Update,1989 Topps Baseball Chrome Silver Packs,,T89CU-33,Reggie Jackson,Oakland Athletics,1989 Topps Baseball Chrome Silver Packs	T89CU-33	Reggie Jackson	Oakland Athletics,False
2024_topps_update,2024,Topps,Update,1989 Topps Baseball Chrome Silver Packs,,T89CU-34,Blake Snell,San Francisco Giants,1989 Topps Baseball Chrome Silver Packs	T89CU-34	Blake Snell	San Francisco Giants,False
2024_topps_update,2024,Topps,Update,1989 Topps Baseball Chrome Silver Packs,,T89CU-35,Shohei Ohtani,Los Angeles Dodgers,1989 Topps Baseball Chrome Silver Packs	T89CU-35	Shohei Ohtani	Los Angeles Dodgers,False
2024_topps_update,2024,Topps,Update,1989 Topps Baseball Chrome Silver Packs,,T89CU-36,Landon Knack,Los Angeles Dodgers,1989 Topps Baseball Chrome Silver Packs	T89CU-36	Landon Knack	Los Angeles Dodgers,False
2024_topps_update,2024,Topps,Update,1989 Topps Baseball Chrome Silver Packs,,T89CU-37,John Smoltz,Atlanta Braves,1989 Topps Baseball Chrome Silver Packs	T89CU-37	John Smoltz	Atlanta Braves,False
2024_topps_update,2024,Topps,Update,1989 Topps Baseball Chrome Silver Packs,,T89CU-38,J.P. Crawford,Seattle Mariners,1989 Topps Baseball Chrome Silver Packs	T89CU-38	J.P. Crawford	Seattle Mariners,False
2024_topps_update,2024,Topps,Update,1989 Topps Baseball Chrome Silver Packs,,T89CU-39,Joey Loperfido,Houston Astros,1989 Topps Baseball Chrome Silver Packs	T89CU-39	Joey Loperfido	Houston Astros,False
2024_topps_update,2024,Topps,Update,1989 Topps Baseball Chrome Silver Packs,,T89CU-40,Elly De La Cruz,Cincinnati Reds,1989 Topps Baseball Chrome Silver Packs	T89CU-40	Elly De La Cruz	Cincinnati Reds,False
2024_topps_update,2024,Topps,Update,1989 Topps Baseball Chrome Silver Packs,,T89CU-41,Hunter Goodman,Colorado Rockies,1989 Topps Baseball Chrome Silver Packs	T89CU-41	Hunter Goodman	Colorado Rockies,False
2024_topps_update,2024,Topps,Update,1989 Topps Baseball Chrome Silver Packs,,T89CU-42,Andy Pages,Los Angeles Dodgers,1989 Topps Baseball Chrome Silver Packs	T89CU-42	Andy Pages	Los Angeles Dodgers,False
2024_topps_update,2024,Topps,Update,1989 Topps Baseball Chrome Silver Packs,,T89CU-43,Fred McGriff,Atlanta Braves,1989 Topps Baseball Chrome Silver Packs	T89CU-43	Fred McGriff	Atlanta Braves,False
2024_topps_update,2024,Topps,Update,1989 Topps Baseball Chrome Silver Packs,,T89CU-44,Bobby Miller,Los Angeles Dodgers,1989 Topps Baseball Chrome Silver Packs	T89CU-44	Bobby Miller	Los Angeles Dodgers,False
2024_topps_update,2024,Topps,Update,1989 Topps Baseball Chrome Silver Packs,,T89CU-45,Max Kepler,Minnesota Twins,1989 Topps Baseball Chrome Silver Packs	T89CU-45	Max Kepler	Minnesota Twins,False
2024_topps_update,2024,Topps,Update,1989 Topps Baseball Chrome Silver Packs,,T89CU-46,Max Fried,Atlanta Braves,1989 Topps Baseball Chrome Silver Packs	T89CU-46	Max Fried	Atlanta Braves,False
2024_topps_update,2024,Topps,Update,1989 Topps Baseball Chrome Silver Packs,,T89CU-47,Dave Winfield,New York Yankees,1989 Topps Baseball Chrome Silver Packs	T89CU-47	Dave Winfield	New York Yankees,False
2024_topps_update,2024,Topps,Update,1989 Topps Baseball Chrome Silver Packs,,T89CU-48,Oneil Cruz,Pittsburgh Pirates,1989 Topps Baseball Chrome Silver Packs	T89CU-48	Oneil Cruz	Pittsburgh Pirates,False
2024_topps_update,2024,Topps,Update,1989 Topps Baseball Chrome Silver Packs,,T89CU-49,Mike Yastrzemski,San Francisco Giants,1989 Topps Baseball Chrome Silver Packs	T89CU-49	Mike Yastrzemski	San Francisco Giants,False
2024_topps_update,2024,Topps,Update,1989 Topps Baseball Chrome Silver Packs,,T89CU-50,Ketel Marte,Arizona Diamondbacks,1989 Topps Baseball Chrome Silver Packs	T89CU-50	Ketel Marte	Arizona Diamondbacks,False
2024_topps_update,2024,Topps,Update,1989 Topps Baseball Chrome Silver Packs,,T89CU-51,Matt Chapman,San Francisco Giants,1989 Topps Baseball Chrome Silver Packs	T89CU-51	Matt Chapman	San Francisco Giants,False
2024_topps_update,2024,Topps,Update,1989 Topps Baseball Chrome Silver Packs,,T89CU-52,Ben Brown,Chicago Cubs,1989 Topps Baseball Chrome Silver Packs	T89CU-52	Ben Brown	Chicago Cubs,False
2024_topps_update,2024,Topps,Update,1989 Topps Baseball Chrome Silver Packs,,T89CU-53,Tom Seaver,New York Mets,1989 Topps Baseball Chrome Silver Packs	T89CU-53	Tom Seaver	New York Mets,False
2024_topps_update,2024,Topps,Update,1989 Topps Baseball Chrome Silver Packs,,T89CU-54,Steven Kwan,Cleveland Guardians,1989 Topps Baseball Chrome Silver Packs	T89CU-54	Steven Kwan	Cleveland Guardians,False
2024_topps_update,2024,Topps,Update,1989 Topps Baseball Chrome Silver Packs,,T89CU-55,Addison Barger,Toronto Blue Jays,1989 Topps Baseball Chrome Silver Packs	T89CU-55	Addison Barger	Toronto Blue Jays,False
2024_topps_update,2024,Topps,Update,1989 Topps Baseball Chrome Silver Packs,,T89CU-56,Nick Loftin,Kansas City Royals,1989 Topps Baseball Chrome Silver Packs	T89CU-56	Nick Loftin	Kansas City Royals,False
2024_topps_update,2024,Topps,Update,1989 Topps Baseball Chrome Silver Packs,,T89CU-57,Roger Clemens,New York Yankees,1989 Topps Baseball Chrome Silver Packs	T89CU-57	Roger Clemens	New York Yankees,False
2024_topps_update,2024,Topps,Update,1989 Topps Baseball Chrome Silver Packs,,T89CU-58,Nick Castellanos,Philadelphia Phillies,1989 Topps Baseball Chrome Silver Packs	T89CU-58	Nick Castellanos	Philadelphia Phillies,False
2024_topps_update,2024,Topps,Update,1989 Topps Baseball Chrome Silver Packs,,T89CU-59,Wyatt Langford,Texas Rangers,1989 Topps Baseball Chrome Silver Packs	T89CU-59	Wyatt Langford	Texas Rangers,False
2024_topps_update,2024,Topps,Update,1989 Topps Baseball Chrome Silver Packs,,T89CU-60,Pedro Martinez,Boston Red Sox,1989 Topps Baseball Chrome Silver Packs	T89CU-60	Pedro Martinez	Boston Red Sox,False
2024_topps_update,2024,Topps,Update,1989 Topps Baseball Chrome Silver Packs,,T89CU-61,Rickey Henderson,Oakland Athletics,1989 Topps Baseball Chrome Silver Packs	T89CU-61	Rickey Henderson	Oakland Athletics,False
2024_topps_update,2024,Topps,Update,1989 Topps Baseball Chrome Silver Packs,,T89CU-62,Jackson Holliday,Baltimore Orioles,1989 Topps Baseball Chrome Silver Packs	T89CU-62	Jackson Holliday	Baltimore Orioles,False
2024_topps_update,2024,Topps,Update,1989 Topps Baseball Chrome Silver Packs,,T89CU-63,Ichiro,Seattle Mariners,1989 Topps Baseball Chrome Silver Packs	T89CU-63	Ichiro	Seattle Mariners,False
2024_topps_update,2024,Topps,Update,1989 Topps Baseball Chrome Silver Packs,,T89CU-64,Kyle Manzardo,Cleveland Guardians,1989 Topps Baseball Chrome Silver Packs	T89CU-64	Kyle Manzardo	Cleveland Guardians,False
2024_topps_update,2024,Topps,Update,1989 Topps Baseball Chrome Silver Packs,,T89CU-65,Jordan Beck,Colorado Rockies,1989 Topps Baseball Chrome Silver Packs	T89CU-65	Jordan Beck	Colorado Rockies,False
2024_topps_update,2024,Topps,Update,1989 Topps Baseball Chrome Silver Packs,,T89CU-66,Corey Seager,Texas Rangers,1989 Topps Baseball Chrome Silver Packs	T89CU-66	Corey Seager	Texas Rangers,False
2024_topps_update,2024,Topps,Update,1989 Topps Baseball Chrome Silver Packs,,T89CU-67,Ryan Howard,Philadelphia Phillies,1989 Topps Baseball Chrome Silver Packs	T89CU-67	Ryan Howard	Philadelphia Phillies,False
2024_topps_update,2024,Topps,Update,1989 Topps Baseball Chrome Silver Packs,,T89CU-68,Victor Scott II,St. Louis Cardinals,1989 Topps Baseball Chrome Silver Packs	T89CU-68	Victor Scott II	St. Louis Cardinals,False
2024_topps_update,2024,Topps,Update,1989 Topps Baseball Chrome Silver Packs,,T89CU-69,Cal Ripken Jr.,Baltimore Orioles,1989 Topps Baseball Chrome Silver Packs	T89CU-69	Cal Ripken Jr.	Baltimore Orioles,False
2024_topps_update,2024,Topps,Update,1989 Topps Baseball Chrome Silver Packs,,T89CU-70,Babe Ruth,New York Yankees,1989 Topps Baseball Chrome Silver Packs	T89CU-70	Babe Ruth	New York Yankees,False
2024_topps_update,2024,Topps,Update,1989 Topps Baseball Chrome Silver Packs,,T89CU-71,Yu Darvish,San Diego Padres,1989 Topps Baseball Chrome Silver Packs	T89CU-71	Yu Darvish	San Diego Padres,False
2024_topps_update,2024,Topps,Update,1989 Topps Baseball Chrome Silver Packs,,T89CU-72,Kodai Senga,New York Mets,1989 Topps Baseball Chrome Silver Packs	T89CU-72	Kodai Senga	New York Mets,False
2024_topps_update,2024,Topps,Update,1989 Topps Baseball Chrome Silver Packs,,T89CU-73,Teoscar Hernández,Los Angeles Dodgers,1989 Topps Baseball Chrome Silver Packs	T89CU-73	Teoscar Hernández	Los Angeles Dodgers,False
2024_topps_update,2024,Topps,Update,1989 Topps Baseball Chrome Silver Packs,,T89CU-74,Ha-Seong Kim,San Diego Padres,1989 Topps Baseball Chrome Silver Packs	T89CU-74	Ha-Seong Kim	San Diego Padres,False
2024_topps_update,2024,Topps,Update,1989 Topps Baseball Chrome Silver Packs,,T89CU-75,Juan Soto,New York Yankees,1989 Topps Baseball Chrome Silver Packs	T89CU-75	Juan Soto	New York Yankees,False
2024_topps_update,2024,Topps,Update,1989 Topps Baseball Chrome Silver Packs,,T89CU-76,Yariel Rodríguez,Toronto Blue Jays,1989 Topps Baseball Chrome Silver Packs	T89CU-76	Yariel Rodríguez	Toronto Blue Jays,False
2024_topps_update,2024,Topps,Update,1989 Topps Baseball Chrome Silver Packs,,T89CU-77,Adley Rutschman,Baltimore Orioles,1989 Topps Baseball Chrome Silver Packs	T89CU-77	Adley Rutschman	Baltimore Orioles,False
2024_topps_update,2024,Topps,Update,1989 Topps Baseball Chrome Silver Packs,,T89CU-78,Sammy Sosa,Chicago Cubs,1989 Topps Baseball Chrome Silver Packs	T89CU-78	Sammy Sosa	Chicago Cubs,False
2024_topps_update,2024,Topps,Update,1989 Topps Baseball Chrome Silver Packs,,T89CU-79,Jackson Merrill,San Diego Padres,1989 Topps Baseball Chrome Silver Packs	T89CU-79	Jackson Merrill	San Diego Padres,False
2024_topps_update,2024,Topps,Update,1989 Topps Baseball Chrome Silver Packs,,T89CU-80,Zack Wheeler,Philadelphia Phillies,1989 Topps Baseball Chrome Silver Packs	T89CU-80	Zack Wheeler	Philadelphia Phillies,False
2024_topps_update,2024,Topps,Update,1989 Topps Baseball Chrome Silver Packs,,T89CU-81,Freddy Peralta,Milwaukee Brewers,1989 Topps Baseball Chrome Silver Packs	T89CU-81	Freddy Peralta	Milwaukee Brewers,False
2024_topps_update,2024,Topps,Update,1989 Topps Baseball Chrome Silver Packs,,T89CU-82,Jung Hoo Lee,San Francisco Giants,1989 Topps Baseball Chrome Silver Packs	T89CU-82	Jung Hoo Lee	San Francisco Giants,False
2024_topps_update,2024,Topps,Update,1989 Topps Baseball Chrome Silver Packs,,T89CU-83,Ozzie Albies,Atlanta Braves,1989 Topps Baseball Chrome Silver Packs	T89CU-83	Ozzie Albies	Atlanta Braves,False
2024_topps_update,2024,Topps,Update,1989 Topps Baseball Chrome Silver Packs,,T89CU-84,Yuki Matsui,San Diego Padres,1989 Topps Baseball Chrome Silver Packs	T89CU-84	Yuki Matsui	San Diego Padres,False
2024_topps_update,2024,Topps,Update,1989 Topps Baseball Chrome Silver Packs,,T89CU-85,Jacob deGrom,Texas Rangers,1989 Topps Baseball Chrome Silver Packs	T89CU-85	Jacob deGrom	Texas Rangers,False
2024_topps_update,2024,Topps,Update,1989 Topps Baseball Chrome Silver Packs,,T89CU-86,Graham Pauley,San Diego Padres,1989 Topps Baseball Chrome Silver Packs	T89CU-86	Graham Pauley	San Diego Padres,False
2024_topps_update,2024,Topps,Update,1989 Topps Baseball Chrome Silver Packs,,T89CU-87,Jonatan Clase,Seattle Mariners,1989 Topps Baseball Chrome Silver Packs	T89CU-87	Jonatan Clase	Seattle Mariners,False
2024_topps_update,2024,Topps,Update,1989 Topps Baseball Chrome Silver Packs,,T89CU-88,Jared Jones,Pittsburgh Pirates,1989 Topps Baseball Chrome Silver Packs	T89CU-88	Jared Jones	Pittsburgh Pirates,False
2024_topps_update,2024,Topps,Update,1989 Topps Baseball Chrome Silver Packs,,T89CU-89,Rod Carew,Minnesota Twins,1989 Topps Baseball Chrome Silver Packs	T89CU-89	Rod Carew	Minnesota Twins,False
2024_topps_update,2024,Topps,Update,1989 Topps Baseball Chrome Silver Packs,,T89CU-90,Randy Johnson,Seattle Mariners,1989 Topps Baseball Chrome Silver Packs	T89CU-90	Randy Johnson	Seattle Mariners,False
2024_topps_update,2024,Topps,Update,1989 Topps Baseball Chrome Silver Packs,,T89CU-91,Tyler Black,Milwaukee Brewers,1989 Topps Baseball Chrome Silver Packs	T89CU-91	Tyler Black	Milwaukee Brewers,False
2024_topps_update,2024,Topps,Update,1989 Topps Baseball Chrome Silver Packs,,T89CU-92,Joe Musgrove,San Diego Padres,1989 Topps Baseball Chrome Silver Packs	T89CU-92	Joe Musgrove	San Diego Padres,False
2024_topps_update,2024,Topps,Update,1989 Topps Baseball Chrome Silver Packs,,T89CU-93,Lars Nootbaar,St. Louis Cardinals,1989 Topps Baseball Chrome Silver Packs	T89CU-93	Lars Nootbaar	St. Louis Cardinals,False
2024_topps_update,2024,Topps,Update,1989 Topps Baseball Chrome Silver Packs,,T89CU-94,Roberto Clemente,Pittsburgh Pirates,1989 Topps Baseball Chrome Silver Packs	T89CU-94	Roberto Clemente	Pittsburgh Pirates,False
2024_topps_update,2024,Topps,Update,1989 Topps Baseball Chrome Silver Packs,,T89CU-95,Justin Foscue,Texas Rangers,1989 Topps Baseball Chrome Silver Packs	T89CU-95	Justin Foscue	Texas Rangers,False
2024_topps_update,2024,Topps,Update,1989 Topps Baseball Chrome Silver Packs,,T89CU-96,Robert Gasser,Milwaukee Brewers,1989 Topps Baseball Chrome Silver Packs	T89CU-96	Robert Gasser	Milwaukee Brewers,False
2024_topps_update,2024,Topps,Update,1989 Topps Baseball Chrome Silver Packs,,T89CU-97,Christian Scott,New York Mets,1989 Topps Baseball Chrome Silver Packs	T89CU-97	Christian Scott	New York Mets,False
2024_topps_update,2024,Topps,Update,1989 Topps Baseball Chrome Silver Packs,,T89CU-98,Nolan Ryan,California Angels,1989 Topps Baseball Chrome Silver Packs	T89CU-98	Nolan Ryan	California Angels,False
2024_topps_update,2024,Topps,Update,1989 Topps Baseball Chrome Silver Packs,,T89CU-99,Joey Votto,Toronto Blue Jays,1989 Topps Baseball Chrome Silver Packs	T89CU-99	Joey Votto	Toronto Blue Jays,False
2024_topps_update,2024,Topps,Update,1989 Topps Baseball Chrome Silver Packs,,T89CU-100,Mike Trout,Los Angeles Angels,1989 Topps Baseball Chrome Silver Packs	T89CU-100	Mike Trout	Los Angeles Angels,False
2024_topps_update,2024,Topps,Update,1989 Topps Baseball Chrome Silver Packs Autographs,,T89CU-AA,Andrew Abbott,Cincinnati Reds,1989 Topps Baseball Chrome Silver Packs Autographs	T89CU-AA	Andrew Abbott	Cincinnati Reds,False
2024_topps_update,2024,Topps,Update,1989 Topps Baseball Chrome Silver Packs Autographs,,T89CU-AJ,Andruw Jones,Atlanta Braves,1989 Topps Baseball Chrome Silver Packs Autographs	T89CU-AJ	Andruw Jones	Atlanta Braves,False
2024_topps_update,2024,Topps,Update,1989 Topps Baseball Chrome Silver Packs Autographs,,T89CU-AM,Austin Martin,Minnesota Twins,1989 Topps Baseball Chrome Silver Packs Autographs	T89CU-AM	Austin Martin	Minnesota Twins,False
2024_topps_update,2024,Topps,Update,1989 Topps Baseball Chrome Silver Packs Autographs,,T89CU-AP,Andy Pages,Los Angeles Dodgers,1989 Topps Baseball Chrome Silver Packs Autographs	T89CU-AP	Andy Pages	Los Angeles Dodgers,False
2024_topps_update,2024,Topps,Update,1989 Topps Baseball Chrome Silver Packs Autographs,,T89CU-AR,Adley Rutschman,Baltimore Orioles,1989 Topps Baseball Chrome Silver Packs Autographs	T89CU-AR	Adley Rutschman	Baltimore Orioles,False
2024_topps_update,2024,Topps,Update,1989 Topps Baseball Chrome Silver Packs Autographs,,T89CU-AROD,Alex Rodriguez,New York Yankees,1989 Topps Baseball Chrome Silver Packs Autographs	T89CU-AROD	Alex Rodriguez	New York Yankees,False
2024_topps_update,2024,Topps,Update,1989 Topps Baseball Chrome Silver Packs Autographs,,T89CU-AS,Austin Shenton,Tampa Bay Rays,1989 Topps Baseball Chrome Silver Packs Autographs	T89CU-AS	Austin Shenton	Tampa Bay Rays,False
2024_topps_update,2024,Topps,Update,1989 Topps Baseball Chrome Silver Packs Autographs,,T89CU-BB,Ben Brown,Chicago Cubs,1989 Topps Baseball Chrome Silver Packs Autographs	T89CU-BB	Ben Brown	Chicago Cubs,False
2024_topps_update,2024,Topps,Update,1989 Topps Baseball Chrome Silver Packs Autographs,,T89CU-BD,Brenton Doyle,Colorado Rockies,1989 Topps Baseball Chrome Silver Packs Autographs	T89CU-BD	Brenton Doyle	Colorado Rockies,False
2024_topps_update,2024,Topps,Update,1989 Topps Baseball Chrome Silver Packs Autographs,,T89CU-BEC,Jordan Beck,Colorado Rockies,1989 Topps Baseball Chrome Silver Packs Autographs	T89CU-BEC	Jordan Beck	Colorado Rockies,False
2024_topps_update,2024,Topps,Update,1989 Topps Baseball Chrome Silver Packs Autographs,,T89CU-BM,Bobby Miller,Los Angeles Dodgers,1989 Topps Baseball Chrome Silver Packs Autographs	T89CU-BM	Bobby Miller	Los Angeles Dodgers,False
2024_topps_update,2024,Topps,Update,1989 Topps Baseball Chrome Silver Packs Autographs,,T89CU-BN,Brandon Nimmo,New York Mets,1989 Topps Baseball Chrome Silver Packs Autographs	T89CU-BN	Brandon Nimmo	New York Mets,False
2024_topps_update,2024,Topps,Update,1989 Topps Baseball Chrome Silver Packs Autographs,,T89CU-CHO,Jackson Chourio,Milwaukee Brewers,1989 Topps Baseball Chrome Silver Packs Autographs	T89CU-CHO	Jackson Chourio	Milwaukee Brewers,False
2024_topps_update,2024,Topps,Update,1989 Topps Baseball Chrome Silver Packs Autographs,,T89CU-CK,Colt Keith,Detroit Tigers,1989 Topps Baseball Chrome Silver Packs Autographs	T89CU-CK	Colt Keith	Detroit Tigers,False
2024_topps_update,2024,Topps,Update,1989 Topps Baseball Chrome Silver Packs Autographs,,T89CU-CLA,Jonatan Clase,Seattle Mariners,1989 Topps Baseball Chrome Silver Packs Autographs	T89CU-CLA	Jonatan Clase	Seattle Mariners,False
2024_topps_update,2024,Topps,Update,1989 Topps Baseball Chrome Silver Packs Autographs,,T89CU-CODY,Cody Bellinger,Chicago Cubs,1989 Topps Baseball Chrome Silver Packs Autographs	T89CU-CODY	Cody Bellinger	Chicago Cubs,False
2024_topps_update,2024,Topps,Update,1989 Topps Baseball Chrome Silver Packs Autographs,,T89CU-CRJ,Cal Ripken Jr.,Baltimore Orioles,1989 Topps Baseball Chrome Silver Packs Autographs	T89CU-CRJ	Cal Ripken Jr.	Baltimore Orioles,False
2024_topps_update,2024,Topps,Update,1989 Topps Baseball Chrome Silver Packs Autographs,,T89CU-CS,Corey Seager,Texas Rangers,1989 Topps Baseball Chrome Silver Packs Autographs	T89CU-CS	Corey Seager	Texas Rangers,False
2024_topps_update,2024,Topps,Update,1989 Topps Baseball Chrome Silver Packs Autographs,,T89CU-CU,Chase Utley,Philadelphia Phillies,1989 Topps Baseball Chrome Silver Packs Autographs	T89CU-CU	Chase Utley	Philadelphia Phillies,False
2024_topps_update,2024,Topps,Update,1989 Topps Baseball Chrome Silver Packs Autographs,,T89CU-DH,Darell Hernaiz,Oakland Athletics,1989 Topps Baseball Chrome Silver Packs Autographs	T89CU-DH	Darell Hernaiz	Oakland Athletics,False
2024_topps_update,2024,Topps,Update,1989 Topps Baseball Chrome Silver Packs Autographs,,T89CU-DS,Darryl Strawberry,New York Mets,1989 Topps Baseball Chrome Silver Packs Autographs	T89CU-DS	Darryl Strawberry	New York Mets,False
2024_topps_update,2024,Topps,Update,1989 Topps Baseball Chrome Silver Packs Autographs,,T89CU-DW,Dave Winfield,New York Yankees,1989 Topps Baseball Chrome Silver Packs Autographs	T89CU-DW	Dave Winfield	New York Yankees,False
2024_topps_update,2024,Topps,Update,1989 Topps Baseball Chrome Silver Packs Autographs,,T89CU-EC,Evan Carter,Texas Rangers,1989 Topps Baseball Chrome Silver Packs Autographs	T89CU-EC	Evan Carter	Texas Rangers,False
2024_topps_update,2024,Topps,Update,1989 Topps Baseball Chrome Silver Packs Autographs,,T89CU-ED,Elly De La Cruz,Cincinnati Reds,1989 Topps Baseball Chrome Silver Packs Autographs	T89CU-ED	Elly De La Cruz	Cincinnati Reds,False
2024_topps_update,2024,Topps,Update,1989 Topps Baseball Chrome Silver Packs Autographs,,T89CU-FLA,Jack Flaherty,Detroit Tigers,1989 Topps Baseball Chrome Silver Packs Autographs	T89CU-FLA	Jack Flaherty	Detroit Tigers,False
2024_topps_update,2024,Topps,Update,1989 Topps Baseball Chrome Silver Packs Autographs,,T89CU-FM,Fred McGriff,Atlanta Braves,1989 Topps Baseball Chrome Silver Packs Autographs	T89CU-FM	Fred McGriff	Atlanta Braves,False
2024_topps_update,2024,Topps,Update,1989 Topps Baseball Chrome Silver Packs Autographs,,T89CU-FP,Freddy Peralta,Milwaukee Brewers,1989 Topps Baseball Chrome Silver Packs Autographs	T89CU-FP	Freddy Peralta	Milwaukee Brewers,False
2024_topps_update,2024,Topps,Update,1989 Topps Baseball Chrome Silver Packs Autographs,,T89CU-GAS,Robert Gasser,Milwaukee Brewers,1989 Topps Baseball Chrome Silver Packs Autographs	T89CU-GAS	Robert Gasser	Milwaukee Brewers,False
2024_topps_update,2024,Topps,Update,1989 Topps Baseball Chrome Silver Packs Autographs,,T89CU-GK,George Kirby,Seattle Mariners,1989 Topps Baseball Chrome Silver Packs Autographs	T89CU-GK	George Kirby	Seattle Mariners,False
2024_topps_update,2024,Topps,Update,1989 Topps Baseball Chrome Silver Packs Autographs,,T89CU-GM,Greg Maddux,Chicago Cubs,1989 Topps Baseball Chrome Silver Packs Autographs	T89CU-GM	Greg Maddux	Chicago Cubs,False
2024_topps_update,2024,Topps,Update,1989 Topps Baseball Chrome Silver Packs Autographs,,T89CU-GP,Graham Pauley,San Diego Padres,1989 Topps Baseball Chrome Silver Packs Autographs	T89CU-GP	Graham Pauley	San Diego Padres,False
2024_topps_update,2024,Topps,Update,1989 Topps Baseball Chrome Silver Packs Autographs,,T89CU-GRE,Hunter Greene,Cincinnati Reds,1989 Topps Baseball Chrome Silver Packs Autographs	T89CU-GRE	Hunter Greene	Cincinnati Reds,False
2024_topps_update,2024,Topps,Update,1989 Topps Baseball Chrome Silver Packs Autographs,,T89CU-GS,George Springer,Toronto Blue Jays,1989 Topps Baseball Chrome Silver Packs Autographs	T89CU-GS	George Springer	Toronto Blue Jays,False
2024_topps_update,2024,Topps,Update,1989 Topps Baseball Chrome Silver Packs Autographs,,T89CU-HAR,Brett Harris,Oakland Athletics,1989 Topps Baseball Chrome Silver Packs Autographs	T89CU-HAR	Brett Harris	Oakland Athletics,False
2024_topps_update,2024,Topps,Update,1989 Topps Baseball Chrome Silver Packs Autographs,,T89CU-HG,Hunter Goodman,Colorado Rockies,1989 Topps Baseball Chrome Silver Packs Autographs	T89CU-HG	Hunter Goodman	Colorado Rockies,False
2024_topps_update,2024,Topps,Update,1989 Topps Baseball Chrome Silver Packs Autographs,,T89CU-HOW,Ryan Howard,Philadelphia Phillies,1989 Topps Baseball Chrome Silver Packs Autographs	T89CU-HOW	Ryan Howard	Philadelphia Phillies,False
2024_topps_update,2024,Topps,Update,1989 Topps Baseball Chrome Silver Packs Autographs,,T89CU-I,Ichiro,Seattle Mariners,1989 Topps Baseball Chrome Silver Packs Autographs	T89CU-I	Ichiro	Seattle Mariners,False
2024_topps_update,2024,Topps,Update,1989 Topps Baseball Chrome Silver Packs Autographs,,T89CU-JF,Justin Foscue,Texas Rangers,1989 Topps Baseball Chrome Silver Packs Autographs	T89CU-JF	Justin Foscue	Texas Rangers,False
2024_topps_update,2024,Topps,Update,1989 Topps Baseball Chrome Silver Packs Autographs,,T89CU-JH,Jackson Holliday,Baltimore Orioles,1989 Topps Baseball Chrome Silver Packs Autographs	T89CU-JH	Jackson Holliday	Baltimore Orioles,False
2024_topps_update,2024,Topps,Update,1989 Topps Baseball Chrome Silver Packs Autographs,,T89CU-JHL,Jung Hoo Lee,San Francisco Giants,1989 Topps Baseball Chrome Silver Packs Autographs	T89CU-JHL	Jung Hoo Lee	San Francisco Giants,False
2024_topps_update,2024,Topps,Update,1989 Topps Baseball Chrome Silver Packs Autographs,,T89CU-JJ,Jared Jones,Pittsburgh Pirates,1989 Topps Baseball Chrome Silver Packs Autographs	T89CU-JJ	Jared Jones	Pittsburgh Pirates,False
2024_topps_update,2024,Topps,Update,1989 Topps Baseball Chrome Silver Packs Autographs,,T89CU-JL,Joey Loperfido,Houston Astros,1989 Topps Baseball Chrome Silver Packs Autographs	T89CU-JL	Joey Loperfido	Houston Astros,False
2024_topps_update,2024,Topps,Update,1989 Topps Baseball Chrome Silver Packs Autographs,,T89CU-JM,Joe Musgrove,San Diego Padres,1989 Topps Baseball Chrome Silver Packs Autographs	T89CU-JM	Joe Musgrove	San Diego Padres,False
2024_topps_update,2024,Topps,Update,1989 Topps Baseball Chrome Silver Packs Autographs,,T89CU-JP,Jeremy Peña,Houston Astros,1989 Topps Baseball Chrome Silver Packs Autographs	T89CU-JP	Jeremy Peña	Houston Astros,False
2024_topps_update,2024,Topps,Update,1989 Topps Baseball Chrome Silver Packs Autographs,,T89CU-JS,John Smoltz,Atlanta Braves,1989 Topps Baseball Chrome Silver Packs Autographs	T89CU-JS	John Smoltz	Atlanta Braves,False
2024_topps_update,2024,Topps,Update,1989 Topps Baseball Chrome Silver Packs Autographs,,T89CU-JV,Jason Varitek,Boston Red Sox,1989 Topps Baseball Chrome Silver Packs Autographs	T89CU-JV	Jason Varitek	Boston Red Sox,False
2024_topps_update,2024,Topps,Update,1989 Topps Baseball Chrome Silver Packs Autographs,,T89CU-KG,Ken Griffey Jr.,Seattle Mariners,1989 Topps Baseball Chrome Silver Packs Autographs	T89CU-KG	Ken Griffey Jr.	Seattle Mariners,False
2024_topps_update,2024,Topps,Update,1989 Topps Baseball Chrome Silver Packs Autographs,,T89CU-KH,Kyle Harrison,San Francisco Giants,1989 Topps Baseball Chrome Silver Packs Autographs	T89CU-KH	Kyle Harrison	San Francisco Giants,False
2024_topps_update,2024,Topps,Update,1989 Topps Baseball Chrome Silver Packs Autographs,,T89CU-KNA,Landon Knack,Los Angeles Dodgers,1989 Topps Baseball Chrome Silver Packs Autographs	T89CU-KNA	Landon Knack	Los Angeles Dodgers,False
2024_topps_update,2024,Topps,Update,1989 Topps Baseball Chrome Silver Packs Autographs,,T89CU-LC,Luis Castillo,Seattle Mariners,1989 Topps Baseball Chrome Silver Packs Autographs	T89CU-LC	Luis Castillo	Seattle Mariners,False
2024_topps_update,2024,Topps,Update,1989 Topps Baseball Chrome Silver Packs Autographs,,T89CU-LEI,Jack Leiter,Texas Rangers,1989 Topps Baseball Chrome Silver Packs Autographs	T89CU-LEI	Jack Leiter	Texas Rangers,False
2024_topps_update,2024,Topps,Update,1989 Topps Baseball Chrome Silver Packs Autographs,,T89CU-LUZ,Jesús Luzardo,Miami Marlins,1989 Topps Baseball Chrome Silver Packs Autographs	T89CU-LUZ	Jesús Luzardo	Miami Marlins,False
2024_topps_update,2024,Topps,Update,1989 Topps Baseball Chrome Silver Packs Autographs,,T89CU-MAN,Kyle Manzardo,Cleveland Guardians,1989 Topps Baseball Chrome Silver Packs Autographs	T89CU-MAN	Kyle Manzardo	Cleveland Guardians,False
2024_topps_update,2024,Topps,Update,1989 Topps Baseball Chrome Silver Packs Autographs,,T89CU-MC,Matt Chapman,San Francisco Giants,1989 Topps Baseball Chrome Silver Packs Autographs	T89CU-MC	Matt Chapman	San Francisco Giants,False
2024_topps_update,2024,Topps,Update,1989 Topps Baseball Chrome Silver Packs Autographs,,T89CU-MER,Jackson Merrill,San Diego Padres,1989 Topps Baseball Chrome Silver Packs Autographs	T89CU-MER	Jackson Merrill	San Diego Padres,False
2024_topps_update,2024,Topps,Update,1989 Topps Baseball Chrome Silver Packs Autographs,,T89CU-MF,Max Fried,Atlanta Braves,1989 Topps Baseball Chrome Silver Packs Autographs	T89CU-MF	Max Fried	Atlanta Braves,False
2024_topps_update,2024,Topps,Update,1989 Topps Baseball Chrome Silver Packs Autographs,,T89CU-MH,Matt Holliday,St. Louis Cardinals,1989 Topps Baseball Chrome Silver Packs Autographs	T89CU-MH	Matt Holliday	St. Louis Cardinals,False
2024_topps_update,2024,Topps,Update,1989 Topps Baseball Chrome Silver Packs Autographs,,T89CU-MT,Mike Trout,Los Angeles Angels,1989 Topps Baseball Chrome Silver Packs Autographs	T89CU-MT	Mike Trout	Los Angeles Angels,False
2024_topps_update,2024,Topps,Update,1989 Topps Baseball Chrome Silver Packs Autographs,,T89CU-NG,Nomar Garciaparra,Boston Red Sox,1989 Topps Baseball Chrome Silver Packs Autographs	T89CU-NG	Nomar Garciaparra	Boston Red Sox,False
2024_topps_update,2024,Topps,Update,1989 Topps Baseball Chrome Silver Packs Autographs,,T89CU-NL,Nick Loftin,Kansas City Royals,1989 Topps Baseball Chrome Silver Packs Autographs	T89CU-NL	Nick Loftin	Kansas City Royals,False
2024_topps_update,2024,Topps,Update,1989 Topps Baseball Chrome Silver Packs Autographs,,T89CU-NR,Nolan Ryan,California Angels,1989 Topps Baseball Chrome Silver Packs Autographs	T89CU-NR	Nolan Ryan	California Angels,False
2024_topps_update,2024,Topps,Update,1989 Topps Baseball Chrome Silver Packs Autographs,,T89CU-OA,Ozzie Albies,Atlanta Braves,1989 Topps Baseball Chrome Silver Packs Autographs	T89CU-OA	Ozzie Albies	Atlanta Braves,False
2024_topps_update,2024,Topps,Update,1989 Topps Baseball Chrome Silver Packs Autographs,,T89CU-OC,Oneil Cruz,Pittsburgh Pirates,1989 Topps Baseball Chrome Silver Packs Autographs	T89CU-OC	Oneil Cruz	Pittsburgh Pirates,False
2024_topps_update,2024,Topps,Update,1989 Topps Baseball Chrome Silver Packs Autographs,,T89CU-PM,Pedro Martinez,Boston Red Sox,1989 Topps Baseball Chrome Silver Packs Autographs	T89CU-PM	Pedro Martinez	Boston Red Sox,False
2024_topps_update,2024,Topps,Update,1989 Topps Baseball Chrome Silver Packs Autographs,,T89CU-PS,Paul Skenes,Pittsburgh Pirates,1989 Topps Baseball Chrome Silver Packs Autographs	T89CU-PS	Paul Skenes	Pittsburgh Pirates,False
2024_topps_update,2024,Topps,Update,1989 Topps Baseball Chrome Silver Packs Autographs,,T89CU-RA,Ronald Acuña Jr.,Atlanta Braves,1989 Topps Baseball Chrome Silver Packs Autographs	T89CU-RA	Ronald Acuña Jr.	Atlanta Braves,False
2024_topps_update,2024,Topps,Update,1989 Topps Baseball Chrome Silver Packs Autographs,,T89CU-RAN,Randy Johnson,Seattle Mariners,1989 Topps Baseball Chrome Silver Packs Autographs	T89CU-RAN	Randy Johnson	Seattle Mariners,False
2024_topps_update,2024,Topps,Update,1989 Topps Baseball Chrome Silver Packs Autographs,,T89CU-RC,Roger Clemens,New York Yankees,1989 Topps Baseball Chrome Silver Packs Autographs	T89CU-RC	Roger Clemens	New York Yankees,False
2024_topps_update,2024,Topps,Update,1989 Topps Baseball Chrome Silver Packs Autographs,,T89CU-RG,Riley Greene,Detroit Tigers,1989 Topps Baseball Chrome Silver Packs Autographs	T89CU-RG	Riley Greene	Detroit Tigers,False
2024_topps_update,2024,Topps,Update,1989 Topps Baseball Chrome Silver Packs Autographs,,T89CU-RICK,Rickey Henderson,Oakland Athletics,1989 Topps Baseball Chrome Silver Packs Autographs	T89CU-RICK	Rickey Henderson	Oakland Athletics,False
2024_topps_update,2024,Topps,Update,1989 Topps Baseball Chrome Silver Packs Autographs,,T89CU-RIL,Austin Riley,Atlanta Braves,1989 Topps Baseball Chrome Silver Packs Autographs	T89CU-RIL	Austin Riley	Atlanta Braves,False
2024_topps_update,2024,Topps,Update,1989 Topps Baseball Chrome Silver Packs Autographs,,T89CU-SC,Steve Carlton,Philadelphia Phillies,1989 Topps Baseball Chrome Silver Packs Autographs	T89CU-SC	Steve Carlton	Philadelphia Phillies,False
2024_topps_update,2024,Topps,Update,1989 Topps Baseball Chrome Silver Packs Autographs,,T89CU-SCO,Christian Scott,New York Mets,1989 Topps Baseball Chrome Silver Packs Autographs	T89CU-SCO	Christian Scott	New York Mets,False
2024_topps_update,2024,Topps,Update,1989 Topps Baseball Chrome Silver Packs Autographs,,T89CU-SF,Sal Frelick,Milwaukee Brewers,1989 Topps Baseball Chrome Silver Packs Autographs	T89CU-SF	Sal Frelick	Milwaukee Brewers,False
2024_topps_update,2024,Topps,Update,1989 Topps Baseball Chrome Silver Packs Autographs,,T89CU-SG,Sawyer Gipson-Long,Detroit Tigers,1989 Topps Baseball Chrome Silver Packs Autographs	T89CU-SG	Sawyer Gipson-Long	Detroit Tigers,False
2024_topps_update,2024,Topps,Update,1989 Topps Baseball Chrome Silver Packs Autographs,,T89CU-SI,Shota Imanaga,Chicago Cubs,1989 Topps Baseball Chrome Silver Packs Autographs	T89CU-SI	Shota Imanaga	Chicago Cubs,False
2024_topps_update,2024,Topps,Update,1989 Topps Baseball Chrome Silver Packs Autographs,,T89CU-SO,Shohei Ohtani,Los Angeles Dodgers,1989 Topps Baseball Chrome Silver Packs Autographs	T89CU-SO	Shohei Ohtani	Los Angeles Dodgers,False
2024_topps_update,2024,Topps,Update,1989 Topps Baseball Chrome Silver Packs Autographs,,T89CU-SOSA,Sammy Sosa,Chicago Cubs,1989 Topps Baseball Chrome Silver Packs Autographs	T89CU-SOSA	Sammy Sosa	Chicago Cubs,False
2024_topps_update,2024,Topps,Update,1989 Topps Baseball Chrome Silver Packs Autographs,,T89CU-SOTO,Juan Soto,New York Yankees,1989 Topps Baseball Chrome Silver Packs Autographs	T89CU-SOTO	Juan Soto	New York Yankees,False
2024_topps_update,2024,Topps,Update,1989 Topps Baseball Chrome Silver Packs Autographs,,T89CU-SS,Spencer Strider,Atlanta Braves,1989 Topps Baseball Chrome Silver Packs Autographs	T89CU-SS	Spencer Strider	Atlanta Braves,False
2024_topps_update,2024,Topps,Update,1989 Topps Baseball Chrome Silver Packs Autographs,,T89CU-TH,Teoscar Hernández,Los Angeles Dodgers,1989 Topps Baseball Chrome Silver Packs Autographs	T89CU-TH	Teoscar Hernández	Los Angeles Dodgers,False
2024_topps_update,2024,Topps,Update,1989 Topps Baseball Chrome Silver Packs Autographs,,T89CU-VOT,Joey Votto,Toronto Blue Jays,1989 Topps Baseball Chrome Silver Packs Autographs	T89CU-VOT	Joey Votto	Toronto Blue Jays,False
2024_topps_update,2024,Topps,Update,1989 Topps Baseball Chrome Silver Packs Autographs,,T89CU-VS,Victor Scott II,St. Louis Cardinals,1989 Topps Baseball Chrome Silver Packs Autographs	T89CU-VS	Victor Scott II	St. Louis Cardinals,False
2024_topps_update,2024,Topps,Update,1989 Topps Baseball Chrome Silver Packs Autographs,,T89CU-WAL,Jordan Walker,St. Louis Cardinals,1989 Topps Baseball Chrome Silver Packs Autographs	T89CU-WAL	Jordan Walker	St. Louis Cardinals,False
2024_topps_update,2024,Topps,Update,1989 Topps Baseball Chrome Silver Packs Autographs,,T89CU-WL,Wyatt Langford,Texas Rangers,1989 Topps Baseball Chrome Silver Packs Autographs	T89CU-WL	Wyatt Langford	Texas Rangers,False
2024_topps_update,2024,Topps,Update,1989 Topps Baseball Chrome Silver Packs Autographs,,T89CU-YR,Yariel Rodríguez,Toronto Blue Jays,1989 Topps Baseball Chrome Silver Packs Autographs	T89CU-YR	Yariel Rodríguez	Toronto Blue Jays,False
2024_topps_update,2024,Topps,Update,1989 Topps Baseball Chrome Silver Packs Autographs,,T89CU-YY,Yoshinobu Yamamoto,Los Angeles Dodgers,1989 Topps Baseball Chrome Silver Packs Autographs	T89CU-YY	Yoshinobu Yamamoto	Los Angeles Dodgers,False
2024_topps_update,2024,Topps,Update,1989 Topps Baseball Relics,,89RU-AJ,Aaron Judge,New York Yankees,1989 Topps Baseball Relics	89RU-AJ	Aaron Judge	New York Yankees,False
2024_topps_update,2024,Topps,Update,1989 Topps Baseball Relics,,89RU-BB,Ben Brown,Chicago Cubs,1989 Topps Baseball Relics	89RU-BB	Ben Brown	Chicago Cubs,False
2024_topps_update,2024,Topps,Update,1989 Topps Baseball Relics,,89RU-BW,Bobby Witt Jr.,Kansas City Royals,1989 Topps Baseball Relics	89RU-BW	Bobby Witt Jr.	Kansas City Royals,False
2024_topps_update,2024,Topps,Update,1989 Topps Baseball Relics,,89RU-CC,Colton Cowser,Baltimore Orioles,1989 Topps Baseball Relics	89RU-CC	Colton Cowser	Baltimore Orioles,False
2024_topps_update,2024,Topps,Update,1989 Topps Baseball Relics,,89RU-CR,Ceddanne Rafaela,Boston Red Sox,1989 Topps Baseball Relics	89RU-CR	Ceddanne Rafaela	Boston Red Sox,False
2024_topps_update,2024,Topps,Update,1989 Topps Baseball Relics,,89RU-CRJ,Cal Ripken Jr.,Baltimore Orioles,1989 Topps Baseball Relics	89RU-CRJ	Cal Ripken Jr.	Baltimore Orioles,False
2024_topps_update,2024,Topps,Update,1989 Topps Baseball Relics,,89RU-CY,Christian Yelich,Milwaukee Brewers,1989 Topps Baseball Relics	89RU-CY	Christian Yelich	Milwaukee Brewers,False
2024_topps_update,2024,Topps,Update,1989 Topps Baseball Relics,,89RU-DJ,Derek Jeter,New York Yankees,1989 Topps Baseball Relics	89RU-DJ	Derek Jeter	New York Yankees,False
2024_topps_update,2024,Topps,Update,1989 Topps Baseball Relics,,89RU-DO,David Ortiz,Boston Red Sox,1989 Topps Baseball Relics	89RU-DO	David Ortiz	Boston Red Sox,False
2024_topps_update,2024,Topps,Update,1989 Topps Baseball Relics,,89RU-DS,Davis Schneider,Toronto Blue Jays,1989 Topps Baseball Relics	89RU-DS	Davis Schneider	Toronto Blue Jays,False
2024_topps_update,2024,Topps,Update,1989 Topps Baseball Relics,,89RU-EC,Evan Carter,Texas Rangers,1989 Topps Baseball Relics	89RU-EC	Evan Carter	Texas Rangers,False
2024_topps_update,2024,Topps,Update,1989 Topps Baseball Relics,,89RU-ED,Elly De La Cruz,Cincinnati Reds,1989 Topps Baseball Relics	89RU-ED	Elly De La Cruz	Cincinnati Reds,False
2024_topps_update,2024,Topps,Update,1989 Topps Baseball Relics,,89RU-FF,Freddie Freeman,Los Angeles Dodgers,1989 Topps Baseball Relics	89RU-FF	Freddie Freeman	Los Angeles Dodgers,False
2024_topps_update,2024,Topps,Update,1989 Topps Baseball Relics,,89RU-FT,Fernando Tatis Jr.,San Diego Padres,1989 Topps Baseball Relics	89RU-FT	Fernando Tatis Jr.	San Diego Padres,False
2024_topps_update,2024,Topps,Update,1989 Topps Baseball Relics,,89RU-GH,Gunnar Henderson,Baltimore Orioles,1989 Topps Baseball Relics	89RU-GH	Gunnar Henderson	Baltimore Orioles,False
2024_topps_update,2024,Topps,Update,1989 Topps Baseball Relics,,89RU-HK,Heston Kjerstad,Baltimore Orioles,1989 Topps Baseball Relics	89RU-HK	Heston Kjerstad	Baltimore Orioles,False
2024_topps_update,2024,Topps,Update,1989 Topps Baseball Relics,,89RU-JCA,Junior Caminero,Tampa Bay Rays,1989 Topps Baseball Relics	89RU-JCA	Junior Caminero	Tampa Bay Rays,False
2024_topps_update,2024,Topps,Update,1989 Topps Baseball Relics,,89RU-JCH,Jackson Chourio,Milwaukee Brewers,1989 Topps Baseball Relics	89RU-JCH	Jackson Chourio	Milwaukee Brewers,False
2024_topps_update,2024,Topps,Update,1989 Topps Baseball Relics,,89RU-JD,Jasson Domínguez,New York Yankees,1989 Topps Baseball Relics	89RU-JD	Jasson Domínguez	New York Yankees,False
2024_topps_update,2024,Topps,Update,1989 Topps Baseball Relics,,89RU-JH,Jackson Holliday,Baltimore Orioles,1989 Topps Baseball Relics	89RU-JH	Jackson Holliday	Baltimore Orioles,False
2024_topps_update,2024,Topps,Update,1989 Topps Baseball Relics,,89RU-JHL,Jung Hoo Lee,San Francisco Giants,1989 Topps Baseball Relics	89RU-JHL	Jung Hoo Lee	San Francisco Giants,False
2024_topps_update,2024,Topps,Update,1989 Topps Baseball Relics,,89RU-JJ,Jared Jones,Pittsburgh Pirates,1989 Topps Baseball Relics	89RU-JJ	Jared Jones	Pittsburgh Pirates,False
2024_topps_update,2024,Topps,Update,1989 Topps Baseball Relics,,89RU-JLA,Jordan Lawlar,Arizona Diamondbacks,1989 Topps Baseball Relics	89RU-JLA	Jordan Lawlar	Arizona Diamondbacks,False
2024_topps_update,2024,Topps,Update,1989 Topps Baseball Relics,,89RU-JM,Jackson Merrill,San Diego Padres,1989 Topps Baseball Relics	89RU-JM	Jackson Merrill	San Diego Padres,False
2024_topps_update,2024,Topps,Update,1989 Topps Baseball Relics,,89RU-JR,Julio Rodríguez,Seattle Mariners,1989 Topps Baseball Relics	89RU-JR	Julio Rodríguez	Seattle Mariners,False
2024_topps_update,2024,Topps,Update,1989 Topps Baseball Relics,,89RU-JS,Juan Soto,New York Yankees,1989 Topps Baseball Relics	89RU-JS	Juan Soto	New York Yankees,False
2024_topps_update,2024,Topps,Update,1989 Topps Baseball Relics,,89RU-JV,Joey Votto,Toronto Blue Jays,1989 Topps Baseball Relics	89RU-JV	Joey Votto	Toronto Blue Jays,False
2024_topps_update,2024,Topps,Update,1989 Topps Baseball Relics,,89RU-JWE,Jordan Westburg,Baltimore Orioles,1989 Topps Baseball Relics	89RU-JWE	Jordan Westburg	Baltimore Orioles,False
2024_topps_update,2024,Topps,Update,1989 Topps Baseball Relics,,89RU-LB,Lawrence Butler,Oakland Athletics,1989 Topps Baseball Relics	89RU-LB	Lawrence Butler	Oakland Athletics,False
2024_topps_update,2024,Topps,Update,1989 Topps Baseball Relics,,89RU-LM,Luis Matos,San Francisco Giants,1989 Topps Baseball Relics	89RU-LM	Luis Matos	San Francisco Giants,False
2024_topps_update,2024,Topps,Update,1989 Topps Baseball Relics,,89RU-MB,Mookie Betts,Los Angeles Dodgers,1989 Topps Baseball Relics	89RU-MB	Mookie Betts	Los Angeles Dodgers,False
2024_topps_update,2024,Topps,Update,1989 Topps Baseball Relics,,89RU-MM,Manny Machado,San Diego Padres,1989 Topps Baseball Relics	89RU-MM	Manny Machado	San Diego Padres,False
2024_topps_update,2024,Topps,Update,1989 Topps Baseball Relics,,89RU-MT,Mike Trout,Los Angeles Angels,1989 Topps Baseball Relics	89RU-MT	Mike Trout	Los Angeles Angels,False
2024_topps_update,2024,Topps,Update,1989 Topps Baseball Relics,,89RU-OC,Oneil Cruz,Pittsburgh Pirates,1989 Topps Baseball Relics	89RU-OC	Oneil Cruz	Pittsburgh Pirates,False
2024_topps_update,2024,Topps,Update,1989 Topps Baseball Relics,,89RU-PA,Pete Alonso,New York Mets,1989 Topps Baseball Relics	89RU-PA	Pete Alonso	New York Mets,False
2024_topps_update,2024,Topps,Update,1989 Topps Baseball Relics,,89RU-PC,Pete Crow-Armstrong,Chicago Cubs,1989 Topps Baseball Relics	89RU-PC	Pete Crow-Armstrong	Chicago Cubs,False
2024_topps_update,2024,Topps,Update,1989 Topps Baseball Relics,,89RU-PG,Paul Goldschmidt,St. Louis Cardinals,1989 Topps Baseball Relics	89RU-PG	Paul Goldschmidt	St. Louis Cardinals,False
2024_topps_update,2024,Topps,Update,1989 Topps Baseball Relics,,89RU-PS,Paul Skenes,Pittsburgh Pirates,1989 Topps Baseball Relics	89RU-PS	Paul Skenes	Pittsburgh Pirates,False
2024_topps_update,2024,Topps,Update,1989 Topps Baseball Relics,,89RU-RA,Ronald Acuña Jr.,Atlanta Braves,1989 Topps Baseball Relics	89RU-RA	Ronald Acuña Jr.	Atlanta Braves,False
2024_topps_update,2024,Topps,Update,1989 Topps Baseball Relics,,89RU-SI,Shota Imanaga,Chicago Cubs,1989 Topps Baseball Relics	89RU-SI	Shota Imanaga	Chicago Cubs,False
2024_topps_update,2024,Topps,Update,1989 Topps Baseball Relics,,89RU-VG,Vladimir Guerrero Jr.,Toronto Blue Jays,1989 Topps Baseball Relics	89RU-VG	Vladimir Guerrero Jr.	Toronto Blue Jays,False
2024_topps_update,2024,Topps,Update,1989 Topps Baseball Relics,,89RU-WL,Wyatt Langford,Texas Rangers,1989 Topps Baseball Relics	89RU-WL	Wyatt Langford	Texas Rangers,False
2024_topps_update,2024,Topps,Update,1989 Topps Baseball Relics,,89RU-YA,Yordan Alvarez,Houston Astros,1989 Topps Baseball Relics	89RU-YA	Yordan Alvarez	Houston Astros,False
2024_topps_update,2024,Topps,Update,1989 Topps Baseball Relics,,89RU-YY,Yoshinobu Yamamoto,Los Angeles Dodgers,1989 Topps Baseball Relics	89RU-YY	Yoshinobu Yamamoto	Los Angeles Dodgers,False
2024_topps_update,2024,Topps,Update,1989 Topps Baseball Relics,,89RU-ZG,Zack Gelof,Oakland Athletics,1989 Topps Baseball Relics	89RU-ZG	Zack Gelof	Oakland Athletics,False
2024_topps_update,2024,Topps,Update,2024 All-Star Game,,ASG-1,Adley Rutschman,Baltimore Orioles,2024 All-Star Game	ASG-1	Adley Rutschman	Baltimore Orioles,False
2024_topps_update,2024,Topps,Update,2024 All-Star Game,,ASG-2,Vladimir Guerrero Jr.,Toronto Blue Jays,2024 All-Star Game	ASG-2	Vladimir Guerrero Jr.	Toronto Blue Jays,False
2024_topps_update,2024,Topps,Update,2024 All-Star Game,,ASG-3,Jose Altuve,Houston Astros,2024 All-Star Game	ASG-3	Jose Altuve	Houston Astros,False
2024_topps_update,2024,Topps,Update,2024 All-Star Game,,ASG-4,José Ramírez,Cleveland Guardians,2024 All-Star Game	ASG-4	José Ramírez	Cleveland Guardians,False
2024_topps_update,2024,Topps,Update,2024 All-Star Game,,ASG-5,Gunnar Henderson,Baltimore Orioles,2024 All-Star Game	ASG-5	Gunnar Henderson	Baltimore Orioles,False
2024_topps_update,2024,Topps,Update,2024 All-Star Game,,ASG-6,Aaron Judge,New York Yankees,2024 All-Star Game	ASG-6	Aaron Judge	New York Yankees,False
2024_topps_update,2024,Topps,Update,2024 All-Star Game,,ASG-7,Juan Soto,New York Yankees,2024 All-Star Game	ASG-7	Juan Soto	New York Yankees,False
2024_topps_update,2024,Topps,Update,2024 All-Star Game,,ASG-8,Steven Kwan,Cleveland Guardians,2024 All-Star Game	ASG-8	Steven Kwan	Cleveland Guardians,False
2024_topps_update,2024,Topps,Update,2024 All-Star Game,,ASG-9,Yordan Alvarez,Houston Astros,2024 All-Star Game	ASG-9	Yordan Alvarez	Houston Astros,False
2024_topps_update,2024,Topps,Update,2024 All-Star Game,,ASG-10,William Contreras,Milwaukee Brewers,2024 All-Star Game	ASG-10	William Contreras	Milwaukee Brewers,False
2024_topps_update,2024,Topps,Update,2024 All-Star Game,,ASG-11,Bryce Harper,Philadelphia Phillies,2024 All-Star Game	ASG-11	Bryce Harper	Philadelphia Phillies,False
2024_topps_update,2024,Topps,Update,2024 All-Star Game,,ASG-12,Ketel Marte,Arizona Diamondbacks,2024 All-Star Game	ASG-12	Ketel Marte	Arizona Diamondbacks,False
2024_topps_update,2024,Topps,Update,2024 All-Star Game,,ASG-13,Alec Bohm,Philadelphia Phillies,2024 All-Star Game	ASG-13	Alec Bohm	Philadelphia Phillies,False
2024_topps_update,2024,Topps,Update,2024 All-Star Game,,ASG-14,Trea Turner,Philadelphia Phillies,2024 All-Star Game	ASG-14	Trea Turner	Philadelphia Phillies,False
2024_topps_update,2024,Topps,Update,2024 All-Star Game,,ASG-15,Jurickson Profar,San Diego Padres,2024 All-Star Game	ASG-15	Jurickson Profar	San Diego Padres,False
2024_topps_update,2024,Topps,Update,2024 All-Star Game,,ASG-16,Fernando Tatis Jr.,San Diego Padres,2024 All-Star Game	ASG-16	Fernando Tatis Jr.	San Diego Padres,False
2024_topps_update,2024,Topps,Update,2024 All-Star Game,,ASG-17,Christian Yelich,Milwaukee Brewers,2024 All-Star Game	ASG-17	Christian Yelich	Milwaukee Brewers,False
2024_topps_update,2024,Topps,Update,2024 All-Star Game,,ASG-18,Shohei Ohtani,Los Angeles Dodgers,2024 All-Star Game	ASG-18	Shohei Ohtani	Los Angeles Dodgers,False
2024_topps_update,2024,Topps,Update,2024 All-Star Game,,ASG-19,Corbin Burnes,Baltimore Orioles,2024 All-Star Game	ASG-19	Corbin Burnes	Baltimore Orioles,False
2024_topps_update,2024,Topps,Update,2024 All-Star Game,,ASG-20,Emmanuel Clase,Cleveland Guardians,2024 All-Star Game	ASG-20	Emmanuel Clase	Cleveland Guardians,False
2024_topps_update,2024,Topps,Update,2024 All-Star Game,,ASG-21,Garrett Crochet,Chicago White Sox,2024 All-Star Game	ASG-21	Garrett Crochet	Chicago White Sox,False
2024_topps_update,2024,Topps,Update,2024 All-Star Game,,ASG-22,Seth Lugo,Kansas City Royals,2024 All-Star Game	ASG-22	Seth Lugo	Kansas City Royals,False
2024_topps_update,2024,Topps,Update,2024 All-Star Game,,ASG-23,Mason Miller,Oakland Athletics,2024 All-Star Game	ASG-23	Mason Miller	Oakland Athletics,False
2024_topps_update,2024,Topps,Update,2024 All-Star Game,,ASG-24,Cole Ragans,Kansas City Royals,2024 All-Star Game	ASG-24	Cole Ragans	Kansas City Royals,False
2024_topps_update,2024,Topps,Update,2024 All-Star Game,,ASG-25,Tarik Skubal,Detroit Tigers,2024 All-Star Game	ASG-25	Tarik Skubal	Detroit Tigers,False
2024_topps_update,2024,Topps,Update,2024 All-Star Game,,ASG-26,Tyler Glasnow,Los Angeles Dodgers,2024 All-Star Game	ASG-26	Tyler Glasnow	Los Angeles Dodgers,False
2024_topps_update,2024,Topps,Update,2024 All-Star Game,,ASG-27,Shota Imanaga,Chicago Cubs,2024 All-Star Game	ASG-27	Shota Imanaga	Chicago Cubs,False
2024_topps_update,2024,Topps,Update,2024 All-Star Game,,ASG-28,Chris Sale,Atlanta Braves,2024 All-Star Game	ASG-28	Chris Sale	Atlanta Braves,False
2024_topps_update,2024,Topps,Update,2024 All-Star Game,,ASG-29,Paul Skenes,Pittsburgh Pirates,2024 All-Star Game	ASG-29	Paul Skenes	Pittsburgh Pirates,False
2024_topps_update,2024,Topps,Update,2024 All-Star Game,,ASG-30,Ranger Suárez,Philadelphia Phillies,2024 All-Star Game	ASG-30	Ranger Suárez	Philadelphia Phillies,False
2024_topps_update,2024,Topps,Update,2024 All-Star Game,,ASG-31,Logan Webb,San Francisco Giants,2024 All-Star Game	ASG-31	Logan Webb	San Francisco Giants,False
2024_topps_update,2024,Topps,Update,2024 All-Star Game,,ASG-32,Zack Wheeler,Philadelphia Phillies,2024 All-Star Game	ASG-32	Zack Wheeler	Philadelphia Phillies,False
2024_topps_update,2024,Topps,Update,2024 All-Star Game,,ASG-33,Salvador Perez,Kansas City Royals,2024 All-Star Game	ASG-33	Salvador Perez	Kansas City Royals,False
2024_topps_update,2024,Topps,Update,2024 All-Star Game,,ASG-34,Will Smith,Los Angeles Dodgers,2024 All-Star Game	ASG-34	Will Smith	Los Angeles Dodgers,False
2024_topps_update,2024,Topps,Update,2024 All-Star Game,,ASG-35,Carlos Correa,Minnesota Twins,2024 All-Star Game	ASG-35	Carlos Correa	Minnesota Twins,False
2024_topps_update,2024,Topps,Update,2024 All-Star Game,,ASG-36,Rafael Devers,Boston Red Sox,2024 All-Star Game	ASG-36	Rafael Devers	Boston Red Sox,False
2024_topps_update,2024,Topps,Update,2024 All-Star Game,,ASG-37,Josh Naylor,Cleveland Guardians,2024 All-Star Game	ASG-37	Josh Naylor	Cleveland Guardians,False
2024_topps_update,2024,Topps,Update,2024 All-Star Game,,ASG-38,Marcus Semien,Texas Rangers,2024 All-Star Game	ASG-38	Marcus Semien	Texas Rangers,False
2024_topps_update,2024,Topps,Update,2024 All-Star Game,,ASG-39,Bobby Witt Jr.,Kansas City Royals,2024 All-Star Game	ASG-39	Bobby Witt Jr.	Kansas City Royals,False
2024_topps_update,2024,Topps,Update,2024 All-Star Game,,ASG-40,CJ Abrams,Washington Nationals,2024 All-Star Game	ASG-40	CJ Abrams	Washington Nationals,False
2024_topps_update,2024,Topps,Update,2024 All-Star Game,,ASG-41,Pete Alonso,New York Mets,2024 All-Star Game	ASG-41	Pete Alonso	New York Mets,False
2024_topps_update,2024,Topps,Update,2024 All-Star Game,,ASG-42,Luis Arraez,San Diego Padres,2024 All-Star Game	ASG-42	Luis Arraez	San Diego Padres,False
2024_topps_update,2024,Topps,Update,2024 All-Star Game,,ASG-43,Mookie Betts,Los Angeles Dodgers,2024 All-Star Game	ASG-43	Mookie Betts	Los Angeles Dodgers,False
2024_topps_update,2024,Topps,Update,2024 All-Star Game,,ASG-44,Elly De La Cruz,Cincinnati Reds,2024 All-Star Game	ASG-44	Elly De La Cruz	Cincinnati Reds,False
2024_topps_update,2024,Topps,Update,2024 All-Star Game,,ASG-45,Freddie Freeman,Los Angeles Dodgers,2024 All-Star Game	ASG-45	Freddie Freeman	Los Angeles Dodgers,False
2024_topps_update,2024,Topps,Update,2024 All-Star Game,,ASG-46,Jarren Duran,Boston Red Sox,2024 All-Star Game	ASG-46	Jarren Duran	Boston Red Sox,False
2024_topps_update,2024,Topps,Update,2024 All-Star Game,,ASG-47,Riley Greene,Detroit Tigers,2024 All-Star Game	ASG-47	Riley Greene	Detroit Tigers,False
2024_topps_update,2024,Topps,Update,2024 All-Star Game,,ASG-48,Kyle Tucker,Houston Astros,2024 All-Star Game	ASG-48	Kyle Tucker	Houston Astros,False
2024_topps_update,2024,Topps,Update,2024 All-Star Game,,ASG-49,Jackson Merrill,San Diego Padres,2024 All-Star Game	ASG-49	Jackson Merrill	San Diego Padres,False
2024_topps_update,2024,Topps,Update,2024 All-Star Game,,ASG-50,Bryan Reynolds,Pittsburgh Pirates,2024 All-Star Game	ASG-50	Bryan Reynolds	Pittsburgh Pirates,False
2024_topps_update,2024,Topps,Update,2024 MLB All-Star Game Autographs,,ASGA-AR,Adley Rutschman,Baltimore Orioles,2024 MLB All-Star Game Autographs	ASGA-AR	Adley Rutschman	Baltimore Orioles,False
2024_topps_update,2024,Topps,Update,2024 MLB All-Star Game Autographs,,ASGA-BW,Bobby Witt Jr.,Kansas City Royals,2024 MLB All-Star Game Autographs	ASGA-BW	Bobby Witt Jr.	Kansas City Royals,False
2024_topps_update,2024,Topps,Update,2024 MLB All-Star Game Autographs,,ASGA-CA,CJ Abrams,Washington Nationals,2024 MLB All-Star Game Autographs	ASGA-CA	CJ Abrams	Washington Nationals,False
2024_topps_update,2024,Topps,Update,2024 MLB All-Star Game Autographs,,ASGA-CH,Clay Holmes,New York Yankees,2024 MLB All-Star Game Autographs	ASGA-CH	Clay Holmes	New York Yankees,False
2024_topps_update,2024,Topps,Update,2024 MLB All-Star Game Autographs,,ASGA-CR,Cole Ragans,Kansas City Royals,2024 MLB All-Star Game Autographs	ASGA-CR	Cole Ragans	Kansas City Royals,False
2024_topps_update,2024,Topps,Update,2024 MLB All-Star Game Autographs,,ASGA-DF,David Fry,Cleveland Guardians,2024 MLB All-Star Game Autographs	ASGA-DF	David Fry	Cleveland Guardians,False
2024_topps_update,2024,Topps,Update,2024 MLB All-Star Game Autographs,,ASGA-ED,Elly De La Cruz,Cincinnati Reds,2024 MLB All-Star Game Autographs	ASGA-ED	Elly De La Cruz	Cincinnati Reds,False
2024_topps_update,2024,Topps,Update,2024 MLB All-Star Game Autographs,,ASGA-FT,Fernando Tatis Jr.,San Diego Padres,2024 MLB All-Star Game Autographs	ASGA-FT	Fernando Tatis Jr.	San Diego Padres,False
2024_topps_update,2024,Topps,Update,2024 MLB All-Star Game Autographs,,ASGA-GH,Gunnar Henderson,Baltimore Orioles,2024 MLB All-Star Game Autographs	ASGA-GH	Gunnar Henderson	Baltimore Orioles,False
2024_topps_update,2024,Topps,Update,2024 MLB All-Star Game Autographs,,ASGA-HR,Heliot Ramos,San Francisco Giants,2024 MLB All-Star Game Autographs	ASGA-HR	Heliot Ramos	San Francisco Giants,False
2024_topps_update,2024,Topps,Update,2024 MLB All-Star Game Autographs,,ASGA-JA,Jose Altuve,Houston Astros,2024 MLB All-Star Game Autographs	ASGA-JA	Jose Altuve	Houston Astros,False
2024_topps_update,2024,Topps,Update,2024 MLB All-Star Game Autographs,,ASGA-JD,Jarren Duran,Boston Red Sox,2024 MLB All-Star Game Autographs	ASGA-JD	Jarren Duran	Boston Red Sox,False
2024_topps_update,2024,Topps,Update,2024 MLB All-Star Game Autographs,,ASGA-JM,Jackson Merrill,San Diego Padres,2024 MLB All-Star Game Autographs	ASGA-JM	Jackson Merrill	San Diego Padres,False
2024_topps_update,2024,Topps,Update,2024 MLB All-Star Game Autographs,,ASGA-JR,José Ramírez,Cleveland Guardians,2024 MLB All-Star Game Autographs	ASGA-JR	José Ramírez	Cleveland Guardians,False
2024_topps_update,2024,Topps,Update,2024 MLB All-Star Game Autographs,,ASGA-JS,Juan Soto,New York Yankees,2024 MLB All-Star Game Autographs	ASGA-JS	Juan Soto	New York Yankees,False
2024_topps_update,2024,Topps,Update,2024 MLB All-Star Game Autographs,,ASGA-KT,Kyle Tucker,Houston Astros,2024 MLB All-Star Game Autographs	ASGA-KT	Kyle Tucker	Houston Astros,False
2024_topps_update,2024,Topps,Update,2024 MLB All-Star Game Autographs,,ASGA-LW,Logan Webb,San Francisco Giants,2024 MLB All-Star Game Autographs	ASGA-LW	Logan Webb	San Francisco Giants,False
2024_topps_update,2024,Topps,Update,2024 MLB All-Star Game Autographs,,ASGA-MM,Mason Miller,Oakland Athletics,2024 MLB All-Star Game Autographs	ASGA-MM	Mason Miller	Oakland Athletics,False
2024_topps_update,2024,Topps,Update,2024 MLB All-Star Game Autographs,,ASGA-PA,Pete Alonso,New York Mets,2024 MLB All-Star Game Autographs	ASGA-PA	Pete Alonso	New York Mets,False
2024_topps_update,2024,Topps,Update,2024 MLB All-Star Game Autographs,,ASGA-PS,Paul Skenes,Pittsburgh Pirates,2024 MLB All-Star Game Autographs	ASGA-PS	Paul Skenes	Pittsburgh Pirates,False
2024_topps_update,2024,Topps,Update,2024 MLB All-Star Game Autographs,,ASGA-RG,Riley Greene,Detroit Tigers,2024 MLB All-Star Game Autographs	ASGA-RG	Riley Greene	Detroit Tigers,False
2024_topps_update,2024,Topps,Update,2024 MLB All-Star Game Autographs,,ASGA-SI,Shota Imanaga,Chicago Cubs,2024 MLB All-Star Game Autographs	ASGA-SI	Shota Imanaga	Chicago Cubs,False
2024_topps_update,2024,Topps,Update,2024 MLB All-Star Game Autographs,,ASGA-TT,Trea Turner,Philadelphia Phillies,2024 MLB All-Star Game Autographs	ASGA-TT	Trea Turner	Philadelphia Phillies,False
2024_topps_update,2024,Topps,Update,2024 MLB All-Star Game Autographs,,ASGA-VG,Vladimir Guerrero Jr.,Toronto Blue Jays,2024 MLB All-Star Game Autographs	ASGA-VG	Vladimir Guerrero Jr.	Toronto Blue Jays,False
2024_topps_update,2024,Topps,Update,2024 MLB All-Star Game Autographs,,ASGA-WS,Will Smith,Los Angeles Dodgers,2024 MLB All-Star Game Autographs	ASGA-WS	Will Smith	Los Angeles Dodgers,False
2024_topps_update,2024,Topps,Update,All Class,,AC-1,Cal Ripken Jr.,Baltimore Orioles,All Class	AC-1	Cal Ripken Jr.	Baltimore Orioles,False
2024_topps_update,2024,Topps,Update,All Class,,AC-2,Nolan Ryan,Houston Astros,All Class	AC-2	Nolan Ryan	Houston Astros,False
2024_topps_update,2024,Topps,Update,All Class,,AC-3,Derek Jeter,New York Yankees,All Class	AC-3	Derek Jeter	New York Yankees,False
2024_topps_update,2024,Topps,Update,All Class,,AC-4,Ken Griffey Jr.,Seattle Mariners,All Class	AC-4	Ken Griffey Jr.	Seattle Mariners,False
2024_topps_update,2024,Topps,Update,All Class,,AC-5,Hank Aaron,Atlanta Braves,All Class	AC-5	Hank Aaron	Atlanta Braves,False
2024_topps_update,2024,Topps,Update,All Class,,AC-6,Willie Mays,San Francisco Giants,All Class	AC-6	Willie Mays	San Francisco Giants,False
2024_topps_update,2024,Topps,Update,All Class,,AC-7,Jackie Robinson,Brooklyn Dodgers,All Class	AC-7	Jackie Robinson	Brooklyn Dodgers,False
2024_topps_update,2024,Topps,Update,All Class,,AC-8,Shohei Ohtani,Los Angeles Dodgers,All Class	AC-8	Shohei Ohtani	Los Angeles Dodgers,False
2024_topps_update,2024,Topps,Update,All Class,,AC-9,Mookie Betts,Los Angeles Dodgers,All Class	AC-9	Mookie Betts	Los Angeles Dodgers,False
2024_topps_update,2024,Topps,Update,All Class,,AC-10,Nolan Arenado,St. Louis Cardinals,All Class	AC-10	Nolan Arenado	St. Louis Cardinals,False
2024_topps_update,2024,Topps,Update,All Class,,AC-11,Albert Pujols,St. Louis Cardinals,All Class	AC-11	Albert Pujols	St. Louis Cardinals,False
2024_topps_update,2024,Topps,Update,All Class,,AC-12,Mike Trout,Los Angeles Angels,All Class	AC-12	Mike Trout	Los Angeles Angels,False
2024_topps_update,2024,Topps,Update,All Class,,AC-13,Bryce Harper,Philadelphia Phillies,All Class	AC-13	Bryce Harper	Philadelphia Phillies,False
2024_topps_update,2024,Topps,Update,All Class,,AC-14,Aaron Judge,New York Yankees,All Class	AC-14	Aaron Judge	New York Yankees,False
2024_topps_update,2024,Topps,Update,All Class,,AC-15,Greg Maddux,Atlanta Braves,All Class	AC-15	Greg Maddux	Atlanta Braves,False
2024_topps_update,2024,Topps,Update,All Class,,AC-16,Sandy Koufax,Los Angeles Dodgers,All Class	AC-16	Sandy Koufax	Los Angeles Dodgers,False
2024_topps_update,2024,Topps,Update,All Class,,AC-17,Tony Gwynn,San Diego Padres,All Class	AC-17	Tony Gwynn	San Diego Padres,False
2024_topps_update,2024,Topps,Update,All Class,,AC-18,Clayton Kershaw,Los Angeles Dodgers,All Class	AC-18	Clayton Kershaw	Los Angeles Dodgers,False
2024_topps_update,2024,Topps,Update,All Class,,AC-19,Julio Rodríguez,Seattle Mariners,All Class	AC-19	Julio Rodríguez	Seattle Mariners,False
2024_topps_update,2024,Topps,Update,All Class,,AC-20,Ronald Acuña Jr.,Atlanta Braves,All Class	AC-20	Ronald Acuña Jr.	Atlanta Braves,False
2024_topps_update,2024,Topps,Update,All Class,,AC-21,Elly De La Cruz,Cincinnati Reds,All Class	AC-21	Elly De La Cruz	Cincinnati Reds,False
2024_topps_update,2024,Topps,Update,All Class,,AC-22,Jackson Holliday,Baltimore Orioles,All Class	AC-22	Jackson Holliday	Baltimore Orioles,False
2024_topps_update,2024,Topps,Update,All Class,,AC-23,Jackson Chourio,Milwaukee Brewers,All Class	AC-23	Jackson Chourio	Milwaukee Brewers,False
2024_topps_update,2024,Topps,Update,All Class,,AC-24,Wyatt Langford,Texas Rangers,All Class	AC-24	Wyatt Langford	Texas Rangers,False
2024_topps_update,2024,Topps,Update,All Class,,AC-25,Paul Skenes,Pittsburgh Pirates,All Class	AC-25	Paul Skenes	Pittsburgh Pirates,False
2024_topps_update,2024,Topps,Update,All-Star Autographed Jumbo Patch,,ASAJP-AJ,Aaron Judge,New York Yankees,All-Star Autographed Jumbo Patch	ASAJP-AJ	Aaron Judge	New York Yankees,False
2024_topps_update,2024,Topps,Update,All-Star Autographed Jumbo Patch,,ASAJP-AR,Adley Rutschman,Baltimore Orioles,All-Star Autographed Jumbo Patch	ASAJP-AR	Adley Rutschman	Baltimore Orioles,False
2024_topps_update,2024,Topps,Update,All-Star Autographed Jumbo Patch,,ASAJP-BR,Bryan Reynolds,Pittsburgh Pirates,All-Star Autographed Jumbo Patch	ASAJP-BR	Bryan Reynolds	Pittsburgh Pirates,False
2024_topps_update,2024,Topps,Update,All-Star Autographed Jumbo Patch,,ASAJP-BW,Bobby Witt Jr.,Kansas City Royals,All-Star Autographed Jumbo Patch	ASAJP-BW	Bobby Witt Jr.	Kansas City Royals,False
2024_topps_update,2024,Topps,Update,All-Star Autographed Jumbo Patch,,ASAJP-CA,CJ Abrams,Washington Nationals,All-Star Autographed Jumbo Patch	ASAJP-CA	CJ Abrams	Washington Nationals,False
2024_topps_update,2024,Topps,Update,All-Star Autographed Jumbo Patch,,ASAJP-CB,Corbin Burnes,Baltimore Orioles,All-Star Autographed Jumbo Patch	ASAJP-CB	Corbin Burnes	Baltimore Orioles,False
2024_topps_update,2024,Topps,Update,All-Star Autographed Jumbo Patch,,ASAJP-CR,Cole Ragans,Kansas City Royals,All-Star Autographed Jumbo Patch	ASAJP-CR	Cole Ragans	Kansas City Royals,False
2024_topps_update,2024,Topps,Update,All-Star Autographed Jumbo Patch,,ASAJP-CY,Christian Yelich,Milwaukee Brewers,All-Star Autographed Jumbo Patch	ASAJP-CY	Christian Yelich	Milwaukee Brewers,False
2024_topps_update,2024,Topps,Update,All-Star Autographed Jumbo Patch,,ASAJP-ED,Elly De La Cruz,Cincinnati Reds,All-Star Autographed Jumbo Patch	ASAJP-ED	Elly De La Cruz	Cincinnati Reds,False
2024_topps_update,2024,Topps,Update,All-Star Autographed Jumbo Patch,,ASAJP-GH,Gunnar Henderson,Baltimore Orioles,All-Star Autographed Jumbo Patch	ASAJP-GH	Gunnar Henderson	Baltimore Orioles,False
2024_topps_update,2024,Topps,Update,All-Star Autographed Jumbo Patch,,ASAJP-HG,Hunter Greene,Cincinnati Reds,All-Star Autographed Jumbo Patch	ASAJP-HG	Hunter Greene	Cincinnati Reds,False
2024_topps_update,2024,Topps,Update,All-Star Autographed Jumbo Patch,,ASAJP-HR,Heliot Ramos,San Francisco Giants,All-Star Autographed Jumbo Patch	ASAJP-HR	Heliot Ramos	San Francisco Giants,False
2024_topps_update,2024,Topps,Update,All-Star Autographed Jumbo Patch,,ASAJP-JM,Jackson Merrill,San Diego Padres,All-Star Autographed Jumbo Patch	ASAJP-JM	Jackson Merrill	San Diego Padres,False
2024_topps_update,2024,Topps,Update,All-Star Autographed Jumbo Patch,,ASAJP-JR,José Ramírez,Cleveland Guardians,All-Star Autographed Jumbo Patch	ASAJP-JR	José Ramírez	Cleveland Guardians,False
2024_topps_update,2024,Topps,Update,All-Star Autographed Jumbo Patch,,ASAJP-JS,Juan Soto,New York Yankees,All-Star Autographed Jumbo Patch	ASAJP-JS	Juan Soto	New York Yankees,False
2024_topps_update,2024,Topps,Update,All-Star Autographed Jumbo Patch,,ASAJP-JW,Jordan Westburg,Baltimore Orioles,All-Star Autographed Jumbo Patch	ASAJP-JW	Jordan Westburg	Baltimore Orioles,False
2024_topps_update,2024,Topps,Update,All-Star Autographed Jumbo Patch,,ASAJP-LW,Logan Webb,San Francisco Giants,All-Star Autographed Jumbo Patch	ASAJP-LW	Logan Webb	San Francisco Giants,False
2024_topps_update,2024,Topps,Update,All-Star Autographed Jumbo Patch,,ASAJP-MAX,Max Fried,Atlanta Braves,All-Star Autographed Jumbo Patch	ASAJP-MAX	Max Fried	Atlanta Braves,False
2024_topps_update,2024,Topps,Update,All-Star Autographed Jumbo Patch,,ASAJP-MM,Mason Miller,Oakland Athletics,All-Star Autographed Jumbo Patch	ASAJP-MM	Mason Miller	Oakland Athletics,False
2024_topps_update,2024,Topps,Update,All-Star Autographed Jumbo Patch,,ASAJP-MS,Marcus Semien,Texas Rangers,All-Star Autographed Jumbo Patch	ASAJP-MS	Marcus Semien	Texas Rangers,False
2024_topps_update,2024,Topps,Update,All-Star Autographed Jumbo Patch,,ASAJP-PA,Pete Alonso,New York Mets,All-Star Autographed Jumbo Patch	ASAJP-PA	Pete Alonso	New York Mets,False
2024_topps_update,2024,Topps,Update,All-Star Autographed Jumbo Patch,,ASAJP-PS,Paul Skenes,Pittsburgh Pirates,All-Star Autographed Jumbo Patch	ASAJP-PS	Paul Skenes	Pittsburgh Pirates,False
2024_topps_update,2024,Topps,Update,All-Star Autographed Jumbo Patch,,ASAJP-SI,Shota Imanaga,Chicago Cubs,All-Star Autographed Jumbo Patch	ASAJP-SI	Shota Imanaga	Chicago Cubs,False
2024_topps_update,2024,Topps,Update,All-Star Autographed Jumbo Patch,,ASAJP-SO,Shohei Ohtani,Los Angeles Dodgers,All-Star Autographed Jumbo Patch	ASAJP-SO	Shohei Ohtani	Los Angeles Dodgers,False
2024_topps_update,2024,Topps,Update,All-Star Autographed Jumbo Patch,,ASAJP-TT,Trea Turner,Philadelphia Phillies,All-Star Autographed Jumbo Patch	ASAJP-TT	Trea Turner	Philadelphia Phillies,False
2024_topps_update,2024,Topps,Update,All-Star Autographed Jumbo Patch,,ASAJP-VG,Vladimir Guerrero Jr.,Toronto Blue Jays,All-Star Autographed Jumbo Patch	ASAJP-VG	Vladimir Guerrero Jr.	Toronto Blue Jays,False
2024_topps_update,2024,Topps,Update,All-Star Autographed Jumbo Patch,,ASAJP-WS,Will Smith,Los Angeles Dodgers,All-Star Autographed Jumbo Patch	ASAJP-WS	Will Smith	Los Angeles Dodgers,False
2024_topps_update,2024,Topps,Update,All-Star Autographed Jumbo Patch,,ASAJP-YA,Yordan Alvarez,Houston Astros,All-Star Autographed Jumbo Patch	ASAJP-YA	Yordan Alvarez	Houston Astros,False
2024_topps_update,2024,Topps,Update,All-Star Jumbo Patch,,ASJP-AB,Alec Bohm,Philadelphia Phillies,All-Star Jumbo Patch	ASJP-AB	Alec Bohm	Philadelphia Phillies,False
2024_topps_update,2024,Topps,Update,All-Star Jumbo Patch,,ASJP-AJ,Aaron Judge,New York Yankees,All-Star Jumbo Patch	ASJP-AJ	Aaron Judge	New York Yankees,False
2024_topps_update,2024,Topps,Update,All-Star Jumbo Patch,,ASJP-AR,Adley Rutschman,Baltimore Orioles,All-Star Jumbo Patch	ASJP-AR	Adley Rutschman	Baltimore Orioles,False
2024_topps_update,2024,Topps,Update,All-Star Jumbo Patch,,ASJP-BH,Bryce Harper,Philadelphia Phillies,All-Star Jumbo Patch	ASJP-BH	Bryce Harper	Philadelphia Phillies,False
2024_topps_update,2024,Topps,Update,All-Star Jumbo Patch,,ASJP-BR,Bryan Reynolds,Pittsburgh Pirates,All-Star Jumbo Patch	ASJP-BR	Bryan Reynolds	Pittsburgh Pirates,False
2024_topps_update,2024,Topps,Update,All-Star Jumbo Patch,,ASJP-BW,Bobby Witt Jr.,Kansas City Royals,All-Star Jumbo Patch	ASJP-BW	Bobby Witt Jr.	Kansas City Royals,False
2024_topps_update,2024,Topps,Update,All-Star Jumbo Patch,,ASJP-CA,CJ Abrams,Washington Nationals,All-Star Jumbo Patch	ASJP-CA	CJ Abrams	Washington Nationals,False
2024_topps_update,2024,Topps,Update,All-Star Jumbo Patch,,ASJP-CB,Corbin Burnes,Baltimore Orioles,All-Star Jumbo Patch	ASJP-CB	Corbin Burnes	Baltimore Orioles,False
2024_topps_update,2024,Topps,Update,All-Star Jumbo Patch,,ASJP-CC,Carlos Correa,Minnesota Twins,All-Star Jumbo Patch	ASJP-CC	Carlos Correa	Minnesota Twins,False
2024_topps_update,2024,Topps,Update,All-Star Jumbo Patch,,ASJP-CH,Clay Holmes,New York Yankees,All-Star Jumbo Patch	ASJP-CH	Clay Holmes	New York Yankees,False
2024_topps_update,2024,Topps,Update,All-Star Jumbo Patch,,ASJP-CR,Cole Ragans,Kansas City Royals,All-Star Jumbo Patch	ASJP-CR	Cole Ragans	Kansas City Royals,False
2024_topps_update,2024,Topps,Update,All-Star Jumbo Patch,,ASJP-CS,Chris Sale,Atlanta Braves,All-Star Jumbo Patch	ASJP-CS	Chris Sale	Atlanta Braves,False
2024_topps_update,2024,Topps,Update,All-Star Jumbo Patch,,ASJP-CY,Christian Yelich,Milwaukee Brewers,All-Star Jumbo Patch	ASJP-CY	Christian Yelich	Milwaukee Brewers,False
2024_topps_update,2024,Topps,Update,All-Star Jumbo Patch,,ASJP-EC,Emmanuel Clase,Cleveland Guardians,All-Star Jumbo Patch	ASJP-EC	Emmanuel Clase	Cleveland Guardians,False
2024_topps_update,2024,Topps,Update,All-Star Jumbo Patch,,ASJP-ED,Elly De La Cruz,Cincinnati Reds,All-Star Jumbo Patch	ASJP-ED	Elly De La Cruz	Cincinnati Reds,False
2024_topps_update,2024,Topps,Update,All-Star Jumbo Patch,,ASJP-FF,Freddie Freeman,Los Angeles Dodgers,All-Star Jumbo Patch	ASJP-FF	Freddie Freeman	Los Angeles Dodgers,False
2024_topps_update,2024,Topps,Update,All-Star Jumbo Patch,,ASJP-FRI,Max Fried,Atlanta Braves,All-Star Jumbo Patch	ASJP-FRI	Max Fried	Atlanta Braves,False
2024_topps_update,2024,Topps,Update,All-Star Jumbo Patch,,ASJP-GC,Garrett Crochet,Chicago White Sox,All-Star Jumbo Patch	ASJP-GC	Garrett Crochet	Chicago White Sox,False
2024_topps_update,2024,Topps,Update,All-Star Jumbo Patch,,ASJP-GH,Gunnar Henderson,Baltimore Orioles,All-Star Jumbo Patch	ASJP-GH	Gunnar Henderson	Baltimore Orioles,False
2024_topps_update,2024,Topps,Update,All-Star Jumbo Patch,,ASJP-HG,Hunter Greene,Cincinnati Reds,All-Star Jumbo Patch	ASJP-HG	Hunter Greene	Cincinnati Reds,False
2024_topps_update,2024,Topps,Update,All-Star Jumbo Patch,,ASJP-HR,Heliot Ramos,San Francisco Giants,All-Star Jumbo Patch	ASJP-HR	Heliot Ramos	San Francisco Giants,False
2024_topps_update,2024,Topps,Update,All-Star Jumbo Patch,,ASJP-JD,Jarren Duran,Boston Red Sox,All-Star Jumbo Patch	ASJP-JD	Jarren Duran	Boston Red Sox,False
2024_topps_update,2024,Topps,Update,All-Star Jumbo Patch,,ASJP-JM,Jackson Merrill,San Diego Padres,All-Star Jumbo Patch	ASJP-JM	Jackson Merrill	San Diego Padres,False
2024_topps_update,2024,Topps,Update,All-Star Jumbo Patch,,ASJP-JN,Josh Naylor,Cleveland Guardians,All-Star Jumbo Patch	ASJP-JN	Josh Naylor	Cleveland Guardians,False
2024_topps_update,2024,Topps,Update,All-Star Jumbo Patch,,ASJP-JP,Jurickson Profar,San Diego Padres,All-Star Jumbo Patch	ASJP-JP	Jurickson Profar	San Diego Padres,False
2024_topps_update,2024,Topps,Update,All-Star Jumbo Patch,,ASJP-JR,José Ramírez,Cleveland Guardians,All-Star Jumbo Patch	ASJP-JR	José Ramírez	Cleveland Guardians,False
2024_topps_update,2024,Topps,Update,All-Star Jumbo Patch,,ASJP-JS,Juan Soto,New York Yankees,All-Star Jumbo Patch	ASJP-JS	Juan Soto	New York Yankees,False
2024_topps_update,2024,Topps,Update,All-Star Jumbo Patch,,ASJP-JW,Jordan Westburg,Baltimore Orioles,All-Star Jumbo Patch	ASJP-JW	Jordan Westburg	Baltimore Orioles,False
2024_topps_update,2024,Topps,Update,All-Star Jumbo Patch,,ASJP-KM,Ketel Marte,Arizona Diamondbacks,All-Star Jumbo Patch	ASJP-KM	Ketel Marte	Arizona Diamondbacks,False
2024_topps_update,2024,Topps,Update,All-Star Jumbo Patch,,ASJP-KY,Kirby Yates,Texas Rangers,All-Star Jumbo Patch	ASJP-KY	Kirby Yates	Texas Rangers,False
2024_topps_update,2024,Topps,Update,All-Star Jumbo Patch,,ASJP-LA,Luis Arraez,San Diego Padres,All-Star Jumbo Patch	ASJP-LA	Luis Arraez	San Diego Padres,False
2024_topps_update,2024,Topps,Update,All-Star Jumbo Patch,,ASJP-LG,Logan Gilbert,Seattle Mariners,All-Star Jumbo Patch	ASJP-LG	Logan Gilbert	Seattle Mariners,False
2024_topps_update,2024,Topps,Update,All-Star Jumbo Patch,,ASJP-LW,Logan Webb,San Francisco Giants,All-Star Jumbo Patch	ASJP-LW	Logan Webb	San Francisco Giants,False
2024_topps_update,2024,Topps,Update,All-Star Jumbo Patch,,ASJP-MM,Mason Miller,Oakland Athletics,All-Star Jumbo Patch	ASJP-MM	Mason Miller	Oakland Athletics,False
2024_topps_update,2024,Topps,Update,All-Star Jumbo Patch,,ASJP-MO,Marcell Ozuna,Atlanta Braves,All-Star Jumbo Patch	ASJP-MO	Marcell Ozuna	Atlanta Braves,False
2024_topps_update,2024,Topps,Update,All-Star Jumbo Patch,,ASJP-MS,Matt Strahm,Philadelphia Phillies,All-Star Jumbo Patch	ASJP-MS	Matt Strahm	Philadelphia Phillies,False
2024_topps_update,2024,Topps,Update,All-Star Jumbo Patch,,ASJP-MSE,Marcus Semien,Texas Rangers,All-Star Jumbo Patch	ASJP-MSE	Marcus Semien	Texas Rangers,False
2024_topps_update,2024,Topps,Update,All-Star Jumbo Patch,,ASJP-PA,Pete Alonso,New York Mets,All-Star Jumbo Patch	ASJP-PA	Pete Alonso	New York Mets,False
2024_topps_update,2024,Topps,Update,All-Star Jumbo Patch,,ASJP-PS,Paul Skenes,Pittsburgh Pirates,All-Star Jumbo Patch	ASJP-PS	Paul Skenes	Pittsburgh Pirates,False
2024_topps_update,2024,Topps,Update,All-Star Jumbo Patch,,ASJP-RG,Riley Greene,Detroit Tigers,All-Star Jumbo Patch	ASJP-RG	Riley Greene	Detroit Tigers,False
2024_topps_update,2024,Topps,Update,All-Star Jumbo Patch,,ASJP-RH,Ryan Helsley,St. Louis Cardinals,All-Star Jumbo Patch	ASJP-RH	Ryan Helsley	St. Louis Cardinals,False
2024_topps_update,2024,Topps,Update,All-Star Jumbo Patch,,ASJP-SI,Shota Imanaga,Chicago Cubs,All-Star Jumbo Patch	ASJP-SI	Shota Imanaga	Chicago Cubs,False
2024_topps_update,2024,Topps,Update,All-Star Jumbo Patch,,ASJP-SK,Steven Kwan,Cleveland Guardians,All-Star Jumbo Patch	ASJP-SK	Steven Kwan	Cleveland Guardians,False
2024_topps_update,2024,Topps,Update,All-Star Jumbo Patch,,ASJP-SL,Seth Lugo,Kansas City Royals,All-Star Jumbo Patch	ASJP-SL	Seth Lugo	Kansas City Royals,False
2024_topps_update,2024,Topps,Update,All-Star Jumbo Patch,,ASJP-SO,Shohei Ohtani,Los Angeles Dodgers,All-Star Jumbo Patch	ASJP-SO	Shohei Ohtani	Los Angeles Dodgers,False
2024_topps_update,2024,Topps,Update,All-Star Jumbo Patch,,ASJP-SP,Salvador Perez,Kansas City Royals,All-Star Jumbo Patch	ASJP-SP	Salvador Perez	Kansas City Royals,False
2024_topps_update,2024,Topps,Update,All-Star Jumbo Patch,,ASJP-TG,Tyler Glasnow,Los Angeles Dodgers,All-Star Jumbo Patch	ASJP-TG	Tyler Glasnow	Los Angeles Dodgers,False
2024_topps_update,2024,Topps,Update,All-Star Jumbo Patch,,ASJP-TH,Teoscar Hernández,Los Angeles Dodgers,All-Star Jumbo Patch	ASJP-TH	Teoscar Hernández	Los Angeles Dodgers,False
2024_topps_update,2024,Topps,Update,All-Star Jumbo Patch,,ASJP-THO,Tanner Houck,Boston Red Sox,All-Star Jumbo Patch	ASJP-THO	Tanner Houck	Boston Red Sox,False
2024_topps_update,2024,Topps,Update,All-Star Jumbo Patch,,ASJP-TS,Tarik Skubal,Detroit Tigers,All-Star Jumbo Patch	ASJP-TS	Tarik Skubal	Detroit Tigers,False
2024_topps_update,2024,Topps,Update,All-Star Jumbo Patch,,ASJP-TT,Trea Turner,Philadelphia Phillies,All-Star Jumbo Patch	ASJP-TT	Trea Turner	Philadelphia Phillies,False
2024_topps_update,2024,Topps,Update,All-Star Jumbo Patch,,ASJP-VG,Vladimir Guerrero Jr.,Toronto Blue Jays,All-Star Jumbo Patch	ASJP-VG	Vladimir Guerrero Jr.	Toronto Blue Jays,False
2024_topps_update,2024,Topps,Update,All-Star Jumbo Patch,,ASJP-WC,William Contreras,Milwaukee Brewers,All-Star Jumbo Patch	ASJP-WC	William Contreras	Milwaukee Brewers,False
2024_topps_update,2024,Topps,Update,All-Star Jumbo Patch,,ASJP-WS,Will Smith,Los Angeles Dodgers,All-Star Jumbo Patch	ASJP-WS	Will Smith	Los Angeles Dodgers,False
2024_topps_update,2024,Topps,Update,All-Star Jumbo Patch,,ASJP-YA,Yordan Alvarez,Houston Astros,All-Star Jumbo Patch	ASJP-YA	Yordan Alvarez	Houston Astros,False
2024_topps_update,2024,Topps,Update,All-Star Stitches,,ASR-AB,Alec Bohm,Philadelphia Phillies,All-Star Stitches	ASR-AB	Alec Bohm	Philadelphia Phillies,False
2024_topps_update,2024,Topps,Update,All-Star Stitches,,ASR-AJ,Aaron Judge,New York Yankees,All-Star Stitches	ASR-AJ	Aaron Judge	New York Yankees,False
2024_topps_update,2024,Topps,Update,All-Star Stitches,,ASR-AR,Adley Rutschman,Baltimore Orioles,All-Star Stitches	ASR-AR	Adley Rutschman	Baltimore Orioles,False
2024_topps_update,2024,Topps,Update,All-Star Stitches,,ASR-BH,Bryce Harper,Philadelphia Phillies,All-Star Stitches	ASR-BH	Bryce Harper	Philadelphia Phillies,False
2024_topps_update,2024,Topps,Update,All-Star Stitches,,ASR-BR,Bryan Reynolds,Pittsburgh Pirates,All-Star Stitches	ASR-BR	Bryan Reynolds	Pittsburgh Pirates,False
2024_topps_update,2024,Topps,Update,All-Star Stitches,,ASR-BW,Bobby Witt Jr.,Kansas City Royals,All-Star Stitches	ASR-BW	Bobby Witt Jr.	Kansas City Royals,False
2024_topps_update,2024,Topps,Update,All-Star Stitches,,ASR-CA,CJ Abrams,Washington Nationals,All-Star Stitches	ASR-CA	CJ Abrams	Washington Nationals,False
2024_topps_update,2024,Topps,Update,All-Star Stitches,,ASR-CB,Corbin Burnes,Baltimore Orioles,All-Star Stitches	ASR-CB	Corbin Burnes	Baltimore Orioles,False
2024_topps_update,2024,Topps,Update,All-Star Stitches,,ASR-CC,Carlos Correa,Minnesota Twins,All-Star Stitches	ASR-CC	Carlos Correa	Minnesota Twins,False
2024_topps_update,2024,Topps,Update,All-Star Stitches,,ASR-CH,Clay Holmes,New York Yankees,All-Star Stitches	ASR-CH	Clay Holmes	New York Yankees,False
2024_topps_update,2024,Topps,Update,All-Star Stitches,,ASR-CR,Cole Ragans,Kansas City Royals,All-Star Stitches	ASR-CR	Cole Ragans	Kansas City Royals,False
2024_topps_update,2024,Topps,Update,All-Star Stitches,,ASR-CRI,Cristopher Sánchez,Philadelphia Phillies,All-Star Stitches	ASR-CRI	Cristopher Sánchez	Philadelphia Phillies,False
2024_topps_update,2024,Topps,Update,All-Star Stitches,,ASR-CS,Chris Sale,Atlanta Braves,All-Star Stitches	ASR-CS	Chris Sale	Atlanta Braves,False
2024_topps_update,2024,Topps,Update,All-Star Stitches,,ASR-CY,Christian Yelich,Milwaukee Brewers,All-Star Stitches	ASR-CY	Christian Yelich	Milwaukee Brewers,False
2024_topps_update,2024,Topps,Update,All-Star Stitches,,ASR-DF,David Fry,Cleveland Guardians,All-Star Stitches	ASR-DF	David Fry	Cleveland Guardians,False
2024_topps_update,2024,Topps,Update,All-Star Stitches,,ASR-EC,Emmanuel Clase,Cleveland Guardians,All-Star Stitches	ASR-EC	Emmanuel Clase	Cleveland Guardians,False
2024_topps_update,2024,Topps,Update,All-Star Stitches,,ASR-ED,Elly De La Cruz,Cincinnati Reds,All-Star Stitches	ASR-ED	Elly De La Cruz	Cincinnati Reds,False
2024_topps_update,2024,Topps,Update,All-Star Stitches,,ASR-FF,Freddie Freeman,Los Angeles Dodgers,All-Star Stitches	ASR-FF	Freddie Freeman	Los Angeles Dodgers,False
2024_topps_update,2024,Topps,Update,All-Star Stitches,,ASR-FRI,Max Fried,Atlanta Braves,All-Star Stitches	ASR-FRI	Max Fried	Atlanta Braves,False
2024_topps_update,2024,Topps,Update,All-Star Stitches,,ASR-GC,Garrett Crochet,Chicago White Sox,All-Star Stitches	ASR-GC	Garrett Crochet	Chicago White Sox,False
2024_topps_update,2024,Topps,Update,All-Star Stitches,,ASR-GH,Gunnar Henderson,Baltimore Orioles,All-Star Stitches	ASR-GH	Gunnar Henderson	Baltimore Orioles,False
2024_topps_update,2024,Topps,Update,All-Star Stitches,,ASR-HG,Hunter Greene,Cincinnati Reds,All-Star Stitches	ASR-HG	Hunter Greene	Cincinnati Reds,False
2024_topps_update,2024,Topps,Update,All-Star Stitches,,ASR-HR,Heliot Ramos,San Francisco Giants,All-Star Stitches	ASR-HR	Heliot Ramos	San Francisco Giants,False
2024_topps_update,2024,Topps,Update,All-Star Stitches,,ASR-IP,Isaac Paredes,Tampa Bay Rays,All-Star Stitches	ASR-IP	Isaac Paredes	Tampa Bay Rays,False
2024_topps_update,2024,Topps,Update,All-Star Stitches,,ASR-JD,Jarren Duran,Boston Red Sox,All-Star Stitches	ASR-JD	Jarren Duran	Boston Red Sox,False
2024_topps_update,2024,Topps,Update,All-Star Stitches,,ASR-JH,Jeff Hoffman,Philadelphia Phillies,All-Star Stitches	ASR-JH	Jeff Hoffman	Philadelphia Phillies,False
2024_topps_update,2024,Topps,Update,All-Star Stitches,,ASR-JM,Jackson Merrill,San Diego Padres,All-Star Stitches	ASR-JM	Jackson Merrill	San Diego Padres,False
2024_topps_update,2024,Topps,Update,All-Star Stitches,,ASR-JN,Josh Naylor,Cleveland Guardians,All-Star Stitches	ASR-JN	Josh Naylor	Cleveland Guardians,False
2024_topps_update,2024,Topps,Update,All-Star Stitches,,ASR-JP,Jurickson Profar,San Diego Padres,All-Star Stitches	ASR-JP	Jurickson Profar	San Diego Padres,False
2024_topps_update,2024,Topps,Update,All-Star Stitches,,ASR-JR,José Ramírez,Cleveland Guardians,All-Star Stitches	ASR-JR	José Ramírez	Cleveland Guardians,False
2024_topps_update,2024,Topps,Update,All-Star Stitches,,ASR-JS,Juan Soto,New York Yankees,All-Star Stitches	ASR-JS	Juan Soto	New York Yankees,False
2024_topps_update,2024,Topps,Update,All-Star Stitches,,ASR-JW,Jordan Westburg,Baltimore Orioles,All-Star Stitches	ASR-JW	Jordan Westburg	Baltimore Orioles,False
2024_topps_update,2024,Topps,Update,All-Star Stitches,,ASR-KM,Ketel Marte,Arizona Diamondbacks,All-Star Stitches	ASR-KM	Ketel Marte	Arizona Diamondbacks,False
2024_topps_update,2024,Topps,Update,All-Star Stitches,,ASR-KY,Kirby Yates,Texas Rangers,All-Star Stitches	ASR-KY	Kirby Yates	Texas Rangers,False
2024_topps_update,2024,Topps,Update,All-Star Stitches,,ASR-LA,Luis Arraez,San Diego Padres,All-Star Stitches	ASR-LA	Luis Arraez	San Diego Padres,False
2024_topps_update,2024,Topps,Update,All-Star Stitches,,ASR-LG,Logan Gilbert,Seattle Mariners,All-Star Stitches	ASR-LG	Logan Gilbert	Seattle Mariners,False
2024_topps_update,2024,Topps,Update,All-Star Stitches,,ASR-LW,Logan Webb,San Francisco Giants,All-Star Stitches	ASR-LW	Logan Webb	San Francisco Giants,False
2024_topps_update,2024,Topps,Update,All-Star Stitches,,ASR-MM,Mason Miller,Oakland Athletics,All-Star Stitches	ASR-MM	Mason Miller	Oakland Athletics,False
2024_topps_update,2024,Topps,Update,All-Star Stitches,,ASR-MO,Marcell Ozuna,Atlanta Braves,All-Star Stitches	ASR-MO	Marcell Ozuna	Atlanta Braves,False
2024_topps_update,2024,Topps,Update,All-Star Stitches,,ASR-MS,Matt Strahm,Philadelphia Phillies,All-Star Stitches	ASR-MS	Matt Strahm	Philadelphia Phillies,False
2024_topps_update,2024,Topps,Update,All-Star Stitches,,ASR-MSE,Marcus Semien,Texas Rangers,All-Star Stitches	ASR-MSE	Marcus Semien	Texas Rangers,False
2024_topps_update,2024,Topps,Update,All-Star Stitches,,ASR-MUN,Andrés Muñoz,Seattle Mariners,All-Star Stitches	ASR-MUN	Andrés Muñoz	Seattle Mariners,False
2024_topps_update,2024,Topps,Update,All-Star Stitches,,ASR-PA,Pete Alonso,New York Mets,All-Star Stitches	ASR-PA	Pete Alonso	New York Mets,False
2024_topps_update,2024,Topps,Update,All-Star Stitches,,ASR-PS,Paul Skenes,Pittsburgh Pirates,All-Star Stitches	ASR-PS	Paul Skenes	Pittsburgh Pirates,False
2024_topps_update,2024,Topps,Update,All-Star Stitches,,ASR-RG,Riley Greene,Detroit Tigers,All-Star Stitches	ASR-RG	Riley Greene	Detroit Tigers,False
2024_topps_update,2024,Topps,Update,All-Star Stitches,,ASR-RH,Ryan Helsley,St. Louis Cardinals,All-Star Stitches	ASR-RH	Ryan Helsley	St. Louis Cardinals,False
2024_topps_update,2024,Topps,Update,All-Star Stitches,,ASR-RL,Reynaldo López,Atlanta Braves,All-Star Stitches	ASR-RL	Reynaldo López	Atlanta Braves,False
2024_topps_update,2024,Topps,Update,All-Star Stitches,,ASR-RM,Ryan McMahon,Colorado Rockies,All-Star Stitches	ASR-RM	Ryan McMahon	Colorado Rockies,False
2024_topps_update,2024,Topps,Update,All-Star Stitches,,ASR-RS,Robert Suarez,San Diego Padres,All-Star Stitches	ASR-RS	Robert Suarez	San Diego Padres,False
2024_topps_update,2024,Topps,Update,All-Star Stitches,,ASR-SAN,Anthony Santander,Baltimore Orioles,All-Star Stitches	ASR-SAN	Anthony Santander	Baltimore Orioles,False
2024_topps_update,2024,Topps,Update,All-Star Stitches,,ASR-SI,Shota Imanaga,Chicago Cubs,All-Star Stitches	ASR-SI	Shota Imanaga	Chicago Cubs,False
2024_topps_update,2024,Topps,Update,All-Star Stitches,,ASR-SK,Steven Kwan,Cleveland Guardians,All-Star Stitches	ASR-SK	Steven Kwan	Cleveland Guardians,False
2024_topps_update,2024,Topps,Update,All-Star Stitches,,ASR-SL,Seth Lugo,Kansas City Royals,All-Star Stitches	ASR-SL	Seth Lugo	Kansas City Royals,False
2024_topps_update,2024,Topps,Update,All-Star Stitches,,ASR-SO,Shohei Ohtani,Los Angeles Dodgers,All-Star Stitches	ASR-SO	Shohei Ohtani	Los Angeles Dodgers,False
2024_topps_update,2024,Topps,Update,All-Star Stitches,,ASR-SP,Salvador Perez,Kansas City Royals,All-Star Stitches	ASR-SP	Salvador Perez	Kansas City Royals,False
2024_topps_update,2024,Topps,Update,All-Star Stitches,,ASR-TA,Tyler Anderson,Los Angeles Angels,All-Star Stitches	ASR-TA	Tyler Anderson	Los Angeles Angels,False
2024_topps_update,2024,Topps,Update,All-Star Stitches,,ASR-TG,Tyler Glasnow,Los Angeles Dodgers,All-Star Stitches	ASR-TG	Tyler Glasnow	Los Angeles Dodgers,False
2024_topps_update,2024,Topps,Update,All-Star Stitches,,ASR-TH,Teoscar Hernández,Los Angeles Dodgers,All-Star Stitches	ASR-TH	Teoscar Hernández	Los Angeles Dodgers,False
2024_topps_update,2024,Topps,Update,All-Star Stitches,,ASR-THO,Tanner Houck,Boston Red Sox,All-Star Stitches	ASR-THO	Tanner Houck	Boston Red Sox,False
2024_topps_update,2024,Topps,Update,All-Star Stitches,,ASR-TS,Tanner Scott,Miami Marlins,All-Star Stitches	ASR-TS	Tanner Scott	Miami Marlins,False
2024_topps_update,2024,Topps,Update,All-Star Stitches,,ASR-TSK,Tarik Skubal,Detroit Tigers,All-Star Stitches	ASR-TSK	Tarik Skubal	Detroit Tigers,False
2024_topps_update,2024,Topps,Update,All-Star Stitches,,ASR-TT,Trea Turner,Philadelphia Phillies,All-Star Stitches	ASR-TT	Trea Turner	Philadelphia Phillies,False
2024_topps_update,2024,Topps,Update,All-Star Stitches,,ASR-VG,Vladimir Guerrero Jr.,Toronto Blue Jays,All-Star Stitches	ASR-VG	Vladimir Guerrero Jr.	Toronto Blue Jays,False
2024_topps_update,2024,Topps,Update,All-Star Stitches,,ASR-WC,William Contreras,Milwaukee Brewers,All-Star Stitches	ASR-WC	William Contreras	Milwaukee Brewers,False
2024_topps_update,2024,Topps,Update,All-Star Stitches,,ASR-WIL,Willi Castro,Minnesota Twins,All-Star Stitches	ASR-WIL	Willi Castro	Minnesota Twins,False
2024_topps_update,2024,Topps,Update,All-Star Stitches,,ASR-WS,Will Smith,Los Angeles Dodgers,All-Star Stitches	ASR-WS	Will Smith	Los Angeles Dodgers,False
2024_topps_update,2024,Topps,Update,All-Star Stitches,,ASR-YA,Yordan Alvarez,Houston Astros,All-Star Stitches	ASR-YA	Yordan Alvarez	Houston Astros,False
2024_topps_update,2024,Topps,Update,All-Star Stitches Autographs,,ASSA-AJ,Aaron Judge,New York Yankees,All-Star Stitches Autographs	ASSA-AJ	Aaron Judge	New York Yankees,False
2024_topps_update,2024,Topps,Update,All-Star Stitches Autographs,,ASSA-AR,Adley Rutschman,Baltimore Orioles,All-Star Stitches Autographs	ASSA-AR	Adley Rutschman	Baltimore Orioles,False
2024_topps_update,2024,Topps,Update,All-Star Stitches Autographs,,ASSA-BR,Bryan Reynolds,Pittsburgh Pirates,All-Star Stitches Autographs	ASSA-BR	Bryan Reynolds	Pittsburgh Pirates,False
2024_topps_update,2024,Topps,Update,All-Star Stitches Autographs,,ASSA-BW,Bobby Witt Jr.,Kansas City Royals,All-Star Stitches Autographs	ASSA-BW	Bobby Witt Jr.	Kansas City Royals,False
2024_topps_update,2024,Topps,Update,All-Star Stitches Autographs,,ASSA-CA,CJ Abrams,Washington Nationals,All-Star Stitches Autographs	ASSA-CA	CJ Abrams	Washington Nationals,False
2024_topps_update,2024,Topps,Update,All-Star Stitches Autographs,,ASSA-CB,Corbin Burnes,Baltimore Orioles,All-Star Stitches Autographs	ASSA-CB	Corbin Burnes	Baltimore Orioles,False
2024_topps_update,2024,Topps,Update,All-Star Stitches Autographs,,ASSA-CR,Cole Ragans,Kansas City Royals,All-Star Stitches Autographs	ASSA-CR	Cole Ragans	Kansas City Royals,False
2024_topps_update,2024,Topps,Update,All-Star Stitches Autographs,,ASSA-CY,Christian Yelich,Milwaukee Brewers,All-Star Stitches Autographs	ASSA-CY	Christian Yelich	Milwaukee Brewers,False
2024_topps_update,2024,Topps,Update,All-Star Stitches Autographs,,ASSA-ED,Elly De La Cruz,Cincinnati Reds,All-Star Stitches Autographs	ASSA-ED	Elly De La Cruz	Cincinnati Reds,False
2024_topps_update,2024,Topps,Update,All-Star Stitches Autographs,,ASSA-GH,Gunnar Henderson,Baltimore Orioles,All-Star Stitches Autographs	ASSA-GH	Gunnar Henderson	Baltimore Orioles,False
2024_topps_update,2024,Topps,Update,All-Star Stitches Autographs,,ASSA-HR,Heliot Ramos,San Francisco Giants,All-Star Stitches Autographs	ASSA-HR	Heliot Ramos	San Francisco Giants,False
2024_topps_update,2024,Topps,Update,All-Star Stitches Autographs,,ASSA-JM,Jackson Merrill,San Diego Padres,All-Star Stitches Autographs	ASSA-JM	Jackson Merrill	San Diego Padres,False
2024_topps_update,2024,Topps,Update,All-Star Stitches Autographs,,ASSA-JR,José Ramírez,Cleveland Guardians,All-Star Stitches Autographs	ASSA-JR	José Ramírez	Cleveland Guardians,False
2024_topps_update,2024,Topps,Update,All-Star Stitches Autographs,,ASSA-JS,Juan Soto,New York Yankees,All-Star Stitches Autographs	ASSA-JS	Juan Soto	New York Yankees,False
2024_topps_update,2024,Topps,Update,All-Star Stitches Autographs,,ASSA-JW,Jordan Westburg,Baltimore Orioles,All-Star Stitches Autographs	ASSA-JW	Jordan Westburg	Baltimore Orioles,False
2024_topps_update,2024,Topps,Update,All-Star Stitches Autographs,,ASSA-LW,Logan Webb,San Francisco Giants,All-Star Stitches Autographs	ASSA-LW	Logan Webb	San Francisco Giants,False
2024_topps_update,2024,Topps,Update,All-Star Stitches Autographs,,ASSA-MAX,Max Fried,Atlanta Braves,All-Star Stitches Autographs	ASSA-MAX	Max Fried	Atlanta Braves,False
2024_topps_update,2024,Topps,Update,All-Star Stitches Autographs,,ASSA-MM,Mason Miller,Oakland Athletics,All-Star Stitches Autographs	ASSA-MM	Mason Miller	Oakland Athletics,False
2024_topps_update,2024,Topps,Update,All-Star Stitches Autographs,,ASSA-MS,Marcus Semien,Texas Rangers,All-Star Stitches Autographs	ASSA-MS	Marcus Semien	Texas Rangers,False
2024_topps_update,2024,Topps,Update,All-Star Stitches Autographs,,ASSA-PA,Pete Alonso,New York Mets,All-Star Stitches Autographs	ASSA-PA	Pete Alonso	New York Mets,False
2024_topps_update,2024,Topps,Update,All-Star Stitches Autographs,,ASSA-PS,Paul Skenes,Pittsburgh Pirates,All-Star Stitches Autographs	ASSA-PS	Paul Skenes	Pittsburgh Pirates,False
2024_topps_update,2024,Topps,Update,All-Star Stitches Autographs,,ASSA-SI,Shota Imanaga,Chicago Cubs,All-Star Stitches Autographs	ASSA-SI	Shota Imanaga	Chicago Cubs,False
2024_topps_update,2024,Topps,Update,All-Star Stitches Autographs,,ASSA-SO,Shohei Ohtani,Los Angeles Dodgers,All-Star Stitches Autographs	ASSA-SO	Shohei Ohtani	Los Angeles Dodgers,False
2024_topps_update,2024,Topps,Update,All-Star Stitches Autographs,,ASSA-TT,Trea Turner,Philadelphia Phillies,All-Star Stitches Autographs	ASSA-TT	Trea Turner	Philadelphia Phillies,False
2024_topps_update,2024,Topps,Update,All-Star Stitches Autographs,,ASSA-VG,Vladimir Guerrero Jr.,Toronto Blue Jays,All-Star Stitches Autographs	ASSA-VG	Vladimir Guerrero Jr.	Toronto Blue Jays,False
2024_topps_update,2024,Topps,Update,All-Star Stitches Autographs,,ASSA-WS,Will Smith,Los Angeles Dodgers,All-Star Stitches Autographs	ASSA-WS	Will Smith	Los Angeles Dodgers,False
2024_topps_update,2024,Topps,Update,All-Star Stitches Autographs,,ASSA-YA,Yordan Alvarez,Houston Astros,All-Star Stitches Autographs	ASSA-YA	Yordan Alvarez	Houston Astros,False
2024_topps_update,2024,Topps,Update,All-Star Stitches Dual,,ASSD-AM,Jackson Merrill / Luis Arraez,San Diego Padres,All-Star Stitches Dual	ASSD-AM	Jackson Merrill / Luis Arraez	San Diego Padres,True
2024_topps_update,2024,Topps,Update,All-Star Stitches Dual,,ASSD-DLG,Elly De La Cruz / Hunter Greene,Cincinnati Reds,All-Star Stitches Dual	ASSD-DLG	Elly De La Cruz / Hunter Greene	Cincinnati Reds,True
2024_topps_update,2024,Topps,Update,All-Star Stitches Dual,,ASSD-FO,Marcell Ozuna / Max Fried,Atlanta Braves,All-Star Stitches Dual	ASSD-FO	Marcell Ozuna / Max Fried	Atlanta Braves,True
2024_topps_update,2024,Topps,Update,All-Star Stitches Dual,,ASSD-GLS,Tyler Glasnow / Will Smith,Los Angeles Dodgers,All-Star Stitches Dual	ASSD-GLS	Tyler Glasnow / Will Smith	Los Angeles Dodgers,True
2024_topps_update,2024,Topps,Update,All-Star Stitches Dual,,ASSD-GS,Tarik Skubal / Riley Greene,Detroit Tigers,All-Star Stitches Dual	ASSD-GS	Tarik Skubal / Riley Greene	Detroit Tigers,True
2024_topps_update,2024,Topps,Update,All-Star Stitches Dual,,ASSD-HAT,Trea Turner / Bryce Harper,Philadelphia Phillies,All-Star Stitches Dual	ASSD-HAT	Trea Turner / Bryce Harper	Philadelphia Phillies,True
2024_topps_update,2024,Topps,Update,All-Star Stitches Dual,,ASSD-HD,Tanner Houck / Jarren Duran,Boston Red Sox,All-Star Stitches Dual	ASSD-HD	Tanner Houck / Jarren Duran	Boston Red Sox,True
2024_topps_update,2024,Topps,Update,All-Star Stitches Dual,,ASSD-HGJ,Bryce Harper / Vladimir Guerrero Jr.,Philadelphia Phillies,All-Star Stitches Dual	ASSD-HGJ	Bryce Harper / Vladimir Guerrero Jr.	Philadelphia Phillies,True
2024_topps_update,2024,Topps,Update,All-Star Stitches Dual,,ASSD-HGJ,Bryce Harper / Vladimir Guerrero Jr.,Toronto Blue Jays,All-Star Stitches Dual	ASSD-HGJ	Bryce Harper / Vladimir Guerrero Jr.	Toronto Blue Jays,True
2024_topps_update,2024,Topps,Update,All-Star Stitches Dual,,ASSD-HWE,Jordan Westburg / Gunnar Henderson,Baltimore Orioles,All-Star Stitches Dual	ASSD-HWE	Jordan Westburg / Gunnar Henderson	Baltimore Orioles,True
2024_topps_update,2024,Topps,Update,All-Star Stitches Dual,,ASSD-HWJ,Bobby Witt Jr. / Gunnar Henderson,Kansas City Royals,All-Star Stitches Dual	ASSD-HWJ	Bobby Witt Jr. / Gunnar Henderson	Kansas City Royals,True
2024_topps_update,2024,Topps,Update,All-Star Stitches Dual,,ASSD-HWJ,Bobby Witt Jr. / Gunnar Henderson,Baltimore Orioles,All-Star Stitches Dual	ASSD-HWJ	Bobby Witt Jr. / Gunnar Henderson	Baltimore Orioles,True
2024_topps_update,2024,Topps,Update,All-Star Stitches Dual,,ASSD-JSO,Juan Soto / Aaron Judge,New York Yankees,All-Star Stitches Dual	ASSD-JSO	Juan Soto / Aaron Judge	New York Yankees,True
2024_topps_update,2024,Topps,Update,All-Star Stitches Dual,,ASSD-LR,Seth Lugo / Cole Ragans,Kansas City Royals,All-Star Stitches Dual	ASSD-LR	Seth Lugo / Cole Ragans	Kansas City Royals,True
2024_topps_update,2024,Topps,Update,All-Star Stitches Dual,,ASSD-OF,Freddie Freeman / Shohei Ohtani,Los Angeles Dodgers,All-Star Stitches Dual	ASSD-OF	Freddie Freeman / Shohei Ohtani	Los Angeles Dodgers,True
2024_topps_update,2024,Topps,Update,All-Star Stitches Dual,,ASSD-OHJ,Aaron Judge / Shohei Ohtani,New York Yankees,All-Star Stitches Dual	ASSD-OHJ	Aaron Judge / Shohei Ohtani	New York Yankees,True
2024_topps_update,2024,Topps,Update,All-Star Stitches Dual,,ASSD-RAW,Logan Webb / Heliot Ramos,San Francisco Giants,All-Star Stitches Dual	ASSD-RAW	Logan Webb / Heliot Ramos	San Francisco Giants,True
2024_topps_update,2024,Topps,Update,All-Star Stitches Dual,,ASSD-RH,Adley Rutschman / Gunnar Henderson,Baltimore Orioles,All-Star Stitches Dual	ASSD-RH	Adley Rutschman / Gunnar Henderson	Baltimore Orioles,True
2024_topps_update,2024,Topps,Update,All-Star Stitches Dual,,ASSD-RK,Steven Kwan / José Ramírez,Cleveland Guardians,All-Star Stitches Dual	ASSD-RK	Steven Kwan / José Ramírez	Cleveland Guardians,True
2024_topps_update,2024,Topps,Update,All-Star Stitches Dual,,ASSD-SGJ,Vladimir Guerrero Jr. / Juan Soto,Toronto Blue Jays,All-Star Stitches Dual	ASSD-SGJ	Vladimir Guerrero Jr. / Juan Soto	Toronto Blue Jays,True
2024_topps_update,2024,Topps,Update,All-Star Stitches Dual,,ASSD-SGJ,Vladimir Guerrero Jr. / Juan Soto,New York Yankees,All-Star Stitches Dual	ASSD-SGJ	Vladimir Guerrero Jr. / Juan Soto	New York Yankees,True
2024_topps_update,2024,Topps,Update,All-Star Stitches Dual,,ASSD-SKI,Shota Imanaga / Paul Skenes,Chicago Cubs,All-Star Stitches Dual	ASSD-SKI	Shota Imanaga / Paul Skenes	Chicago Cubs,True
2024_topps_update,2024,Topps,Update,All-Star Stitches Dual,,ASSD-SKI,Shota Imanaga / Paul Skenes,Pittsburgh Pirates,All-Star Stitches Dual	ASSD-SKI	Shota Imanaga / Paul Skenes	Pittsburgh Pirates,True
2024_topps_update,2024,Topps,Update,All-Star Stitches Dual,,ASSD-SKR,Bryan Reynolds / Paul Skenes,Pittsburgh Pirates,All-Star Stitches Dual	ASSD-SKR	Bryan Reynolds / Paul Skenes	Pittsburgh Pirates,True
2024_topps_update,2024,Topps,Update,All-Star Stitches Dual,,ASSD-WJP,Bobby Witt Jr. / Salvador Perez,Kansas City Royals,All-Star Stitches Dual	ASSD-WJP	Bobby Witt Jr. / Salvador Perez	Kansas City Royals,True
2024_topps_update,2024,Topps,Update,All-Star Stitches Dual,,ASSD-YEC,Christian Yelich / William Contreras,Milwaukee Brewers,All-Star Stitches Dual	ASSD-YEC	Christian Yelich / William Contreras	Milwaukee Brewers,True
2024_topps_update,2024,Topps,Update,All-Star Stitches Dual Autographs,,ASSDA-HWJ,Gunnar Henderson / Bobby Witt Jr.,Baltimore Orioles,All-Star Stitches Dual Autographs	ASSDA-HWJ	Gunnar Henderson / Bobby Witt Jr.	Baltimore Orioles,True
2024_topps_update,2024,Topps,Update,All-Star Stitches Dual Autographs,,ASSDA-HWJ,Gunnar Henderson / Bobby Witt Jr.,Kansas City Royals,All-Star Stitches Dual Autographs	ASSDA-HWJ	Gunnar Henderson / Bobby Witt Jr.	Kansas City Royals,True
2024_topps_update,2024,Topps,Update,All-Star Stitches Dual Autographs,,ASSDA-JSO,Aaron Judge / Juan Soto,New York Yankees,All-Star Stitches Dual Autographs	ASSDA-JSO	Aaron Judge / Juan Soto	New York Yankees,True
2024_topps_update,2024,Topps,Update,All-Star Stitches Dual Autographs,,ASSDA-OJ,Aaron Judge / Shohei Ohtani,New York Yankees,All-Star Stitches Dual Autographs	ASSDA-OJ	Aaron Judge / Shohei Ohtani	New York Yankees,True
2024_topps_update,2024,Topps,Update,All-Star Stitches Dual Autographs,,ASSDA-OJ,Aaron Judge / Shohei Ohtani,Los Angeles Dodgers,All-Star Stitches Dual Autographs	ASSDA-OJ	Aaron Judge / Shohei Ohtani	Los Angeles Dodgers,True
2024_topps_update,2024,Topps,Update,All-Star Stitches Dual Autographs,,ASSDA-RH,Gunnar Henderson / Adley Rutschman,Baltimore Orioles,All-Star Stitches Dual Autographs	ASSDA-RH	Gunnar Henderson / Adley Rutschman	Baltimore Orioles,True
2024_topps_update,2024,Topps,Update,All-Star Stitches Dual Autographs,,ASSDA-SGJ,Vladimir Guerrero Jr. / Juan Soto,Toronto Blue Jays,All-Star Stitches Dual Autographs	ASSDA-SGJ	Vladimir Guerrero Jr. / Juan Soto	Toronto Blue Jays,True
2024_topps_update,2024,Topps,Update,All-Star Stitches Dual Autographs,,ASSDA-SGJ,Vladimir Guerrero Jr. / Juan Soto,New York Yankees,All-Star Stitches Dual Autographs	ASSDA-SGJ	Vladimir Guerrero Jr. / Juan Soto	New York Yankees,True
2024_topps_update,2024,Topps,Update,All-Star Stitches Dual Autographs,,ASSDA-SKR,Bryan Reynolds / Paul Skenes,Pittsburgh Pirates,All-Star Stitches Dual Autographs	ASSDA-SKR	Bryan Reynolds / Paul Skenes	Pittsburgh Pirates,True
2024_topps_update,2024,Topps,Update,All-Star Stitches Triple,,ASST-EHW,Bobby Witt Jr. / Elly De La Cruz / Gunnar Henderson,Kansas City Royals,All-Star Stitches Triple	ASST-EHW	Bobby Witt Jr. / Elly De La Cruz / Gunnar Henderson	Kansas City Royals,True
2024_topps_update,2024,Topps,Update,All-Star Stitches Triple,,ASST-EHW,Bobby Witt Jr. / Elly De La Cruz / Gunnar Henderson,Cincinnati Reds,All-Star Stitches Triple	ASST-EHW	Bobby Witt Jr. / Elly De La Cruz / Gunnar Henderson	Cincinnati Reds,True
2024_topps_update,2024,Topps,Update,All-Star Stitches Triple,,ASST-EHW,Bobby Witt Jr. / Elly De La Cruz / Gunnar Henderson,Baltimore Orioles,All-Star Stitches Triple	ASST-EHW	Bobby Witt Jr. / Elly De La Cruz / Gunnar Henderson	Baltimore Orioles,True
2024_topps_update,2024,Topps,Update,All-Star Stitches Triple,,ASST-FHA,Bryce Harper / Pete Alonso / Freddie Freeman,Philadelphia Phillies,All-Star Stitches Triple	ASST-FHA	Bryce Harper / Pete Alonso / Freddie Freeman	Philadelphia Phillies,True
2024_topps_update,2024,Topps,Update,All-Star Stitches Triple,,ASST-FHA,Bryce Harper / Pete Alonso / Freddie Freeman,New York Mets,All-Star Stitches Triple	ASST-FHA	Bryce Harper / Pete Alonso / Freddie Freeman	New York Mets,True
2024_topps_update,2024,Topps,Update,All-Star Stitches Triple,,ASST-FHA,Bryce Harper / Pete Alonso / Freddie Freeman,Los Angeles Dodgers,All-Star Stitches Triple	ASST-FHA	Bryce Harper / Pete Alonso / Freddie Freeman	Los Angeles Dodgers,True
2024_topps_update,2024,Topps,Update,All-Star Stitches Triple,,ASST-GFS,Freddie Freeman / Will Smith / Tyler Glasnow,Los Angeles Dodgers,All-Star Stitches Triple	ASST-GFS	Freddie Freeman / Will Smith / Tyler Glasnow	Los Angeles Dodgers,True
2024_topps_update,2024,Topps,Update,All-Star Stitches Triple,,ASST-GSG,Paul Skenes / Hunter Greene / Tyler Glasnow,Pittsburgh Pirates,All-Star Stitches Triple	ASST-GSG	Paul Skenes / Hunter Greene / Tyler Glasnow	Pittsburgh Pirates,True
2024_topps_update,2024,Topps,Update,All-Star Stitches Triple,,ASST-GSG,Paul Skenes / Hunter Greene / Tyler Glasnow,Cincinnati Reds,All-Star Stitches Triple	ASST-GSG	Paul Skenes / Hunter Greene / Tyler Glasnow	Cincinnati Reds,True
2024_topps_update,2024,Topps,Update,All-Star Stitches Triple,,ASST-GSG,Paul Skenes / Hunter Greene / Tyler Glasnow,Los Angeles Dodgers,All-Star Stitches Triple	ASST-GSG	Paul Skenes / Hunter Greene / Tyler Glasnow	Los Angeles Dodgers,True
2024_topps_update,2024,Topps,Update,All-Star Stitches Triple,,ASST-HTB,Bryce Harper / Alec Bohm / Trea Turner,Philadelphia Phillies,All-Star Stitches Triple	ASST-HTB	Bryce Harper / Alec Bohm / Trea Turner	Philadelphia Phillies,True
2024_topps_update,2024,Topps,Update,All-Star Stitches Triple,,ASST-JEV,Elly De La Cruz / Juan Soto / Vladimir Guerrero Jr.,Cincinnati Reds,All-Star Stitches Triple	ASST-JEV	Elly De La Cruz / Juan Soto / Vladimir Guerrero Jr.	Cincinnati Reds,True
2024_topps_update,2024,Topps,Update,All-Star Stitches Triple,,ASST-JEV,Elly De La Cruz / Juan Soto / Vladimir Guerrero Jr.,New York Yankees,All-Star Stitches Triple	ASST-JEV	Elly De La Cruz / Juan Soto / Vladimir Guerrero Jr.	New York Yankees,True
2024_topps_update,2024,Topps,Update,All-Star Stitches Triple,,ASST-JEV,Elly De La Cruz / Juan Soto / Vladimir Guerrero Jr.,Toronto Blue Jays,All-Star Stitches Triple	ASST-JEV	Elly De La Cruz / Juan Soto / Vladimir Guerrero Jr.	Toronto Blue Jays,True
2024_topps_update,2024,Topps,Update,All-Star Stitches Triple,,ASST-JSH,Aaron Judge / Clay Holmes / Juan Soto,New York Yankees,All-Star Stitches Triple	ASST-JSH	Aaron Judge / Clay Holmes / Juan Soto	New York Yankees,True
2024_topps_update,2024,Topps,Update,All-Star Stitches Triple,,ASST-MDS,Jackson Merrill / Elly De La Cruz / Paul Skenes,San Diego Padres,All-Star Stitches Triple	ASST-MDS	Jackson Merrill / Elly De La Cruz / Paul Skenes	San Diego Padres,True
2024_topps_update,2024,Topps,Update,All-Star Stitches Triple,,ASST-MDS,Jackson Merrill / Elly De La Cruz / Paul Skenes,Cincinnati Reds,All-Star Stitches Triple	ASST-MDS	Jackson Merrill / Elly De La Cruz / Paul Skenes	Cincinnati Reds,True
2024_topps_update,2024,Topps,Update,All-Star Stitches Triple,,ASST-MDS,Jackson Merrill / Elly De La Cruz / Paul Skenes,Pittsburgh Pirates,All-Star Stitches Triple	ASST-MDS	Jackson Merrill / Elly De La Cruz / Paul Skenes	Pittsburgh Pirates,True
2024_topps_update,2024,Topps,Update,All-Star Stitches Triple,,ASST-OHF,Teoscar Hernández / Shohei Ohtani / Freddie Freeman,Los Angeles Dodgers,All-Star Stitches Triple	ASST-OHF	Teoscar Hernández / Shohei Ohtani / Freddie Freeman	Los Angeles Dodgers,True
2024_topps_update,2024,Topps,Update,All-Star Stitches Triple,,ASST-OJH,Bryce Harper / Aaron Judge / Shohei Ohtani,Philadelphia Phillies,All-Star Stitches Triple	ASST-OJH	Bryce Harper / Aaron Judge / Shohei Ohtani	Philadelphia Phillies,True
2024_topps_update,2024,Topps,Update,All-Star Stitches Triple,,ASST-OJH,Bryce Harper / Aaron Judge / Shohei Ohtani,New York Yankees,All-Star Stitches Triple	ASST-OJH	Bryce Harper / Aaron Judge / Shohei Ohtani	New York Yankees,True
2024_topps_update,2024,Topps,Update,All-Star Stitches Triple,,ASST-OJH,Bryce Harper / Aaron Judge / Shohei Ohtani,Los Angeles Dodgers,All-Star Stitches Triple	ASST-OJH	Bryce Harper / Aaron Judge / Shohei Ohtani	Los Angeles Dodgers,True
2024_topps_update,2024,Topps,Update,All-Star Stitches Triple,,ASST-PAM,Jackson Merrill / Jurickson Profar / Luis Arraez,San Diego Padres,All-Star Stitches Triple	ASST-PAM	Jackson Merrill / Jurickson Profar / Luis Arraez	San Diego Padres,True
2024_topps_update,2024,Topps,Update,All-Star Stitches Triple,,ASST-RAK,José Ramírez / Josh Naylor / Steven Kwan,Cleveland Guardians,All-Star Stitches Triple	ASST-RAK	José Ramírez / Josh Naylor / Steven Kwan	Cleveland Guardians,True
2024_topps_update,2024,Topps,Update,All-Star Stitches Triple,,ASST-RHB,Gunnar Henderson / Adley Rutschman / Corbin Burnes,Baltimore Orioles,All-Star Stitches Triple	ASST-RHB	Gunnar Henderson / Adley Rutschman / Corbin Burnes	Baltimore Orioles,True
2024_topps_update,2024,Topps,Update,All-Star Stitches Triple,,ASST-RHH,Adley Rutschman / Jordan Westburg / Gunnar Henderson,Baltimore Orioles,All-Star Stitches Triple	ASST-RHH	Adley Rutschman / Jordan Westburg / Gunnar Henderson	Baltimore Orioles,True
2024_topps_update,2024,Topps,Update,All-Star Stitches Triple,,ASST-WPR,Salvador Perez / Bobby Witt Jr. / Cole Ragans,Kansas City Royals,All-Star Stitches Triple	ASST-WPR	Salvador Perez / Bobby Witt Jr. / Cole Ragans	Kansas City Royals,True
2024_topps_update,2024,Topps,Update,Autumn Tales,,AT-1,Joe Carter,Toronto Blue Jays,Autumn Tales	AT-1	Joe Carter	Toronto Blue Jays,False
2024_topps_update,2024,Topps,Update,Autumn Tales,,AT-2,Royce Lewis,Minnesota Twins,Autumn Tales	AT-2	Royce Lewis	Minnesota Twins,False
2024_topps_update,2024,Topps,Update,Autumn Tales,,AT-3,Yogi Berra,New York Yankees,Autumn Tales	AT-3	Yogi Berra	New York Yankees,False
2024_topps_update,2024,Topps,Update,Autumn Tales,,AT-4,Cal Raleigh,Seattle Mariners,Autumn Tales	AT-4	Cal Raleigh	Seattle Mariners,False
2024_topps_update,2024,Topps,Update,Autumn Tales,,AT-5,Cody Bellinger,Los Angeles Dodgers,Autumn Tales	AT-5	Cody Bellinger	Los Angeles Dodgers,False
2024_topps_update,2024,Topps,Update,Autumn Tales,,AT-6,Alex Bregman,Houston Astros,Autumn Tales	AT-6	Alex Bregman	Houston Astros,False
2024_topps_update,2024,Topps,Update,Autumn Tales,,AT-7,Justin Verlander,Houston Astros,Autumn Tales	AT-7	Justin Verlander	Houston Astros,False
2024_topps_update,2024,Topps,Update,Autumn Tales,,AT-8,Edgar Martinez,Seattle Mariners,Autumn Tales	AT-8	Edgar Martinez	Seattle Mariners,False
2024_topps_update,2024,Topps,Update,Autumn Tales,,AT-9,Keith Hernandez,New York Mets,Autumn Tales	AT-9	Keith Hernandez	New York Mets,False
2024_topps_update,2024,Topps,Update,Autumn Tales,,AT-10,Juan Soto,Washington Nationals,Autumn Tales	AT-10	Juan Soto	Washington Nationals,False
2024_topps_update,2024,Topps,Update,Autumn Tales,,AT-11,Cal Raleigh,Seattle Mariners,Autumn Tales	AT-11	Cal Raleigh	Seattle Mariners,False
2024_topps_update,2024,Topps,Update,Autumn Tales,,AT-12,Tony Gwynn,San Diego Padres,Autumn Tales	AT-12	Tony Gwynn	San Diego Padres,False
2024_topps_update,2024,Topps,Update,Autumn Tales,,AT-13,Brooks Robinson,Baltimore Orioles,Autumn Tales	AT-13	Brooks Robinson	Baltimore Orioles,False
2024_topps_update,2024,Topps,Update,Autumn Tales,,AT-14,Carlton Fisk,Boston Red Sox,Autumn Tales	AT-14	Carlton Fisk	Boston Red Sox,False
2024_topps_update,2024,Topps,Update,Autumn Tales,,AT-15,Kirby Puckett,Minnesota Twins,Autumn Tales	AT-15	Kirby Puckett	Minnesota Twins,False
2024_topps_update,2024,Topps,Update,Autumn Tales,,AT-16,Don Larsen,New York Yankees,Autumn Tales	AT-16	Don Larsen	New York Yankees,False
2024_topps_update,2024,Topps,Update,Autumn Tales,,AT-17,Bill Mazeroski,Pittsburgh Pirates,Autumn Tales	AT-17	Bill Mazeroski	Pittsburgh Pirates,False
2024_topps_update,2024,Topps,Update,Autumn Tales,,AT-18,Willie Mays,New York Giants,Autumn Tales	AT-18	Willie Mays	New York Giants,False
2024_topps_update,2024,Topps,Update,Autumn Tales,,AT-19,Ken Griffey Jr.,Seattle Mariners,Autumn Tales	AT-19	Ken Griffey Jr.	Seattle Mariners,False
2024_topps_update,2024,Topps,Update,Autumn Tales,,AT-20,Randy Arozarena,Tampa Bay Rays,Autumn Tales	AT-20	Randy Arozarena	Tampa Bay Rays,False
2024_topps_update,2024,Topps,Update,Autumn Tales,,AT-21,Jackie Robinson,Brooklyn Dodgers,Autumn Tales	AT-21	Jackie Robinson	Brooklyn Dodgers,False
2024_topps_update,2024,Topps,Update,Autumn Tales,,AT-22,Babe Ruth,Boston Red Sox,Autumn Tales	AT-22	Babe Ruth	Boston Red Sox,False
2024_topps_update,2024,Topps,Update,Autumn Tales,,AT-23,Bob Gibson,St. Louis Cardinals,Autumn Tales	AT-23	Bob Gibson	St. Louis Cardinals,False
2024_topps_update,2024,Topps,Update,Autumn Tales,,AT-24,Reggie Jackson,New York Yankees,Autumn Tales	AT-24	Reggie Jackson	New York Yankees,False
2024_topps_update,2024,Topps,Update,Autumn Tales,,AT-25,Babe Ruth,New York Yankees,Autumn Tales	AT-25	Babe Ruth	New York Yankees,False
2024_topps_update,2024,Topps,Update,Autumn Tales,,AT-26,Albert Pujols,St. Louis Cardinals,Autumn Tales	AT-26	Albert Pujols	St. Louis Cardinals,False
2024_topps_update,2024,Topps,Update,Autumn Tales,,AT-27,Christy Mathewson,New York Giants,Autumn Tales	AT-27	Christy Mathewson	New York Giants,False
2024_topps_update,2024,Topps,Update,Autumn Tales,,AT-28,Derek Jeter,New York Yankees,Autumn Tales	AT-28	Derek Jeter	New York Yankees,False
2024_topps_update,2024,Topps,Update,Autumn Tales,,AT-29,Sandy Koufax,Los Angeles Dodgers,Autumn Tales	AT-29	Sandy Koufax	Los Angeles Dodgers,False
2024_topps_update,2024,Topps,Update,Autumn Tales,,AT-30,David Ortiz,Boston Red Sox,Autumn Tales	AT-30	David Ortiz	Boston Red Sox,False
2024_topps_update,2024,Topps,Update,Autumn Tales,,AT-31,Jack Morris,Minnesota Twins,Autumn Tales	AT-31	Jack Morris	Minnesota Twins,False
2024_topps_update,2024,Topps,Update,Autumn Tales,,AT-32,Babe Ruth,New York Yankees,Autumn Tales	AT-32	Babe Ruth	New York Yankees,False
2024_topps_update,2024,Topps,Update,Autumn Tales,,AT-33,Ozzie Smith,St. Louis Cardinals,Autumn Tales	AT-33	Ozzie Smith	St. Louis Cardinals,False
2024_topps_update,2024,Topps,Update,Autumn Tales,,AT-34,Corey Seager,Los Angeles Dodgers,Autumn Tales	AT-34	Corey Seager	Los Angeles Dodgers,False
2024_topps_update,2024,Topps,Update,Autumn Tales,,AT-35,Stephen Strasburg,Washington Nationals,Autumn Tales	AT-35	Stephen Strasburg	Washington Nationals,False
2024_topps_update,2024,Topps,Update,Autumn Tales,,AT-36,Kris Bryant,Chicago Cubs,Autumn Tales	AT-36	Kris Bryant	Chicago Cubs,False
2024_topps_update,2024,Topps,Update,Autumn Tales,,AT-37,Randy Johnson,Arizona Diamondbacks,Autumn Tales	AT-37	Randy Johnson	Arizona Diamondbacks,False
2024_topps_update,2024,Topps,Update,Autumn Tales,,AT-38,Willie Stargell,Pittsburgh Pirates,Autumn Tales	AT-38	Willie Stargell	Pittsburgh Pirates,False
2024_topps_update,2024,Topps,Update,Autumn Tales,,AT-39,Hank Aaron,Milwaukee Braves,Autumn Tales	AT-39	Hank Aaron	Milwaukee Braves,False
2024_topps_update,2024,Topps,Update,Autumn Tales,,AT-40,Yogi Berra,New York Yankees,Autumn Tales	AT-40	Yogi Berra	New York Yankees,False
2024_topps_update,2024,Topps,Update,Autumn Tales,,AT-41,Lou Gehrig,New York Yankees,Autumn Tales	AT-41	Lou Gehrig	New York Yankees,False
2024_topps_update,2024,Topps,Update,Autumn Tales,,AT-42,David Ortiz,Boston Red Sox,Autumn Tales	AT-42	David Ortiz	Boston Red Sox,False
2024_topps_update,2024,Topps,Update,Autumn Tales,,AT-43,Corey Seager,Texas Rangers,Autumn Tales	AT-43	Corey Seager	Texas Rangers,False
2024_topps_update,2024,Topps,Update,Autumn Tales,,AT-44,Adolis García,Texas Rangers,Autumn Tales	AT-44	Adolis García	Texas Rangers,False
2024_topps_update,2024,Topps,Update,Autumn Tales,,AT-45,Jose Altuve,Houston Astros,Autumn Tales	AT-45	Jose Altuve	Houston Astros,False
2024_topps_update,2024,Topps,Update,Autumn Tales,,AT-46,Yordan Alvarez,Houston Astros,Autumn Tales	AT-46	Yordan Alvarez	Houston Astros,False
2024_topps_update,2024,Topps,Update,Autumn Tales,,AT-47,Trea Turner,Philadelphia Phillies,Autumn Tales	AT-47	Trea Turner	Philadelphia Phillies,False
2024_topps_update,2024,Topps,Update,Autumn Tales,,AT-48,Bryce Harper,Philadelphia Phillies,Autumn Tales	AT-48	Bryce Harper	Philadelphia Phillies,False
2024_topps_update,2024,Topps,Update,Autumn Tales,,AT-49,Michael Harris II,Atlanta Braves,Autumn Tales	AT-49	Michael Harris II	Atlanta Braves,False
2024_topps_update,2024,Topps,Update,Autumn Tales,,AT-50,Bryson Stott,Philadelphia Phillies,Autumn Tales	AT-50	Bryson Stott	Philadelphia Phillies,False
2024_topps_update,2024,Topps,Update,Autumn Tales Autographs,,ATA-AP,Albert Pujols,St. Louis Cardinals,Autumn Tales Autographs	ATA-AP	Albert Pujols	St. Louis Cardinals,False
2024_topps_update,2024,Topps,Update,Autumn Tales Autographs,,ATA-BG,Bob Gibson,St. Louis Cardinals,Autumn Tales Autographs	ATA-BG	Bob Gibson	St. Louis Cardinals,False
2024_topps_update,2024,Topps,Update,Autumn Tales Autographs,,ATA-BM,Bill Mazeroski,Pittsburgh Pirates,Autumn Tales Autographs	ATA-BM	Bill Mazeroski	Pittsburgh Pirates,False
2024_topps_update,2024,Topps,Update,Autumn Tales Autographs,,ATA-BS,Bryson Stott,Philadelphia Phillies,Autumn Tales Autographs	ATA-BS	Bryson Stott	Philadelphia Phillies,False
2024_topps_update,2024,Topps,Update,Autumn Tales Autographs,,ATA-CAL,Cal Raleigh,Seattle Mariners,Autumn Tales Autographs	ATA-CAL	Cal Raleigh	Seattle Mariners,False
2024_topps_update,2024,Topps,Update,Autumn Tales Autographs,,ATA-CB,Cody Bellinger,Los Angeles Dodgers,Autumn Tales Autographs	ATA-CB	Cody Bellinger	Los Angeles Dodgers,False
2024_topps_update,2024,Topps,Update,Autumn Tales Autographs,,ATA-CBE,Carlos Beltrán,Houston Astros,Autumn Tales Autographs	ATA-CBE	Carlos Beltrán	Houston Astros,False
2024_topps_update,2024,Topps,Update,Autumn Tales Autographs,,ATA-CF,Carlton Fisk,Boston Red Sox,Autumn Tales Autographs	ATA-CF	Carlton Fisk	Boston Red Sox,False
2024_topps_update,2024,Topps,Update,Autumn Tales Autographs,,ATA-CR,Cal Raleigh,Seattle Mariners,Autumn Tales Autographs	ATA-CR	Cal Raleigh	Seattle Mariners,False
2024_topps_update,2024,Topps,Update,Autumn Tales Autographs,,ATA-CS,Corey Seager,Texas Rangers,Autumn Tales Autographs	ATA-CS	Corey Seager	Texas Rangers,False
2024_topps_update,2024,Topps,Update,Autumn Tales Autographs,,ATA-CSE,Corey Seager,Los Angeles Dodgers,Autumn Tales Autographs	ATA-CSE	Corey Seager	Los Angeles Dodgers,False
2024_topps_update,2024,Topps,Update,Autumn Tales Autographs,,ATA-DJ,Derek Jeter,New York Yankees,Autumn Tales Autographs	ATA-DJ	Derek Jeter	New York Yankees,False
2024_topps_update,2024,Topps,Update,Autumn Tales Autographs,,ATA-DO,David Ortiz,Boston Red Sox,Autumn Tales Autographs	ATA-DO	David Ortiz	Boston Red Sox,False
2024_topps_update,2024,Topps,Update,Autumn Tales Autographs,,ATA-DOR,David Ortiz,Boston Red Sox,Autumn Tales Autographs	ATA-DOR	David Ortiz	Boston Red Sox,False
2024_topps_update,2024,Topps,Update,Autumn Tales Autographs,,ATA-EM,Edgar Martinez,Seattle Mariners,Autumn Tales Autographs	ATA-EM	Edgar Martinez	Seattle Mariners,False
2024_topps_update,2024,Topps,Update,Autumn Tales Autographs,,ATA-JA,Jose Altuve,Houston Astros,Autumn Tales Autographs	ATA-JA	Jose Altuve	Houston Astros,False
2024_topps_update,2024,Topps,Update,Autumn Tales Autographs,,ATA-JB,Jay Buhner,Seattle Mariners,Autumn Tales Autographs	ATA-JB	Jay Buhner	Seattle Mariners,False
2024_topps_update,2024,Topps,Update,Autumn Tales Autographs,,ATA-JC,Joe Carter,Toronto Blue Jays,Autumn Tales Autographs	ATA-JC	Joe Carter	Toronto Blue Jays,False
2024_topps_update,2024,Topps,Update,Autumn Tales Autographs,,ATA-JS,Juan Soto,Washington Nationals,Autumn Tales Autographs	ATA-JS	Juan Soto	Washington Nationals,False
2024_topps_update,2024,Topps,Update,Autumn Tales Autographs,,ATA-KB,Kris Bryant,Chicago Cubs,Autumn Tales Autographs	ATA-KB	Kris Bryant	Chicago Cubs,False
2024_topps_update,2024,Topps,Update,Autumn Tales Autographs,,ATA-KG,Ken Griffey Jr.,Seattle Mariners,Autumn Tales Autographs	ATA-KG	Ken Griffey Jr.	Seattle Mariners,False
2024_topps_update,2024,Topps,Update,Autumn Tales Autographs,,ATA-KH,Keith Hernandez,New York Mets,Autumn Tales Autographs	ATA-KH	Keith Hernandez	New York Mets,False
2024_topps_update,2024,Topps,Update,Autumn Tales Autographs,,ATA-MH,Michael Harris II,Atlanta Braves,Autumn Tales Autographs	ATA-MH	Michael Harris II	Atlanta Braves,False
2024_topps_update,2024,Topps,Update,Autumn Tales Autographs,,ATA-OS,Ozzie Smith,St. Louis Cardinals,Autumn Tales Autographs	ATA-OS	Ozzie Smith	St. Louis Cardinals,False
2024_topps_update,2024,Topps,Update,Autumn Tales Autographs,,ATA-RA,Randy Arozarena,Tampa Bay Rays,Autumn Tales Autographs	ATA-RA	Randy Arozarena	Tampa Bay Rays,False
2024_topps_update,2024,Topps,Update,Autumn Tales Autographs,,ATA-RJ,Randy Johnson,Arizona Diamondbacks,Autumn Tales Autographs	ATA-RJ	Randy Johnson	Arizona Diamondbacks,False
2024_topps_update,2024,Topps,Update,Autumn Tales Autographs,,ATA-RL,Royce Lewis,Minnesota Twins,Autumn Tales Autographs	ATA-RL	Royce Lewis	Minnesota Twins,False
2024_topps_update,2024,Topps,Update,Autumn Tales Autographs,,ATA-SK,Sandy Koufax,Los Angeles Dodgers,Autumn Tales Autographs	ATA-SK	Sandy Koufax	Los Angeles Dodgers,False
2024_topps_update,2024,Topps,Update,Autumn Tales Autographs,,ATA-SS,Stephen Strasburg,Washington Nationals,Autumn Tales Autographs	ATA-SS	Stephen Strasburg	Washington Nationals,False
2024_topps_update,2024,Topps,Update,Autumn Tales Autographs,,ATA-TT,Trea Turner,Philadelphia Phillies,Autumn Tales Autographs	ATA-TT	Trea Turner	Philadelphia Phillies,False
2024_topps_update,2024,Topps,Update,Autumn Tales Autographs,,ATA-YA,Yordan Alvarez,Houston Astros,Autumn Tales Autographs	ATA-YA	Yordan Alvarez	Houston Astros,False
2024_topps_update,2024,Topps,Update,Baseball Stars Autographs,,BSA-AG,Andrés Giménez,Cleveland Guardians,Baseball Stars Autographs	BSA-AG	Andrés Giménez	Cleveland Guardians,False
2024_topps_update,2024,Topps,Update,Baseball Stars Autographs,,BSA-BBR,Ben Brown,Chicago Cubs,Baseball Stars Autographs	BSA-BBR	Ben Brown	Chicago Cubs,False
2024_topps_update,2024,Topps,Update,Baseball Stars Autographs,,BSA-BUT,Lawrence Butler,Oakland Athletics,Baseball Stars Autographs	BSA-BUT	Lawrence Butler	Oakland Athletics,False
2024_topps_update,2024,Topps,Update,Baseball Stars Autographs,,BSA-BW,Brian Wilson,San Francisco Giants,Baseball Stars Autographs	BSA-BW	Brian Wilson	San Francisco Giants,False
2024_topps_update,2024,Topps,Update,Baseball Stars Autographs,,BSA-ESH,Emmet Sheehan,Los Angeles Dodgers,Baseball Stars Autographs	BSA-ESH	Emmet Sheehan	Los Angeles Dodgers,False
2024_topps_update,2024,Topps,Update,Baseball Stars Autographs,,BSA-JC,Jackson Chourio,Milwaukee Brewers,Baseball Stars Autographs	BSA-JC	Jackson Chourio	Milwaukee Brewers,False
2024_topps_update,2024,Topps,Update,Baseball Stars Autographs,,BSA-KM,Kyle Manzardo,Cleveland Guardians,Baseball Stars Autographs	BSA-KM	Kyle Manzardo	Cleveland Guardians,False
2024_topps_update,2024,Topps,Update,Baseball Stars Autographs,,BSA-LG,Lourdes Gurriel Jr.,Arizona Diamondbacks,Baseball Stars Autographs	BSA-LG	Lourdes Gurriel Jr.	Arizona Diamondbacks,False
2024_topps_update,2024,Topps,Update,Baseball Stars Autographs,,BSA-NSC,Nolan Schanuel,Los Angeles Angels,Baseball Stars Autographs	BSA-NSC	Nolan Schanuel	Los Angeles Angels,False
2024_topps_update,2024,Topps,Update,Baseball Stars Autographs,,BSA-PAR,Kyren Paris,Los Angeles Angels,Baseball Stars Autographs	BSA-PAR	Kyren Paris	Los Angeles Angels,False
2024_topps_update,2024,Topps,Update,Baseball Stars Autographs,,BSA-RG,Robert Gasser,Milwaukee Brewers,Baseball Stars Autographs	BSA-RG	Robert Gasser	Milwaukee Brewers,False
2024_topps_update,2024,Topps,Update,Baseball Stars Autographs,,BSA2-AA,Andrew Abbott,Cincinnati Reds,Baseball Stars Autographs	BSA2-AA	Andrew Abbott	Cincinnati Reds,False
2024_topps_update,2024,Topps,Update,Baseball Stars Autographs,,BSA2-AL,Andre Lipcius,Detroit Tigers,Baseball Stars Autographs	BSA2-AL	Andre Lipcius	Detroit Tigers,False
2024_topps_update,2024,Topps,Update,Baseball Stars Autographs,,BSA2-BMI,Bobby Miller,Los Angeles Dodgers,Baseball Stars Autographs	BSA2-BMI	Bobby Miller	Los Angeles Dodgers,False
2024_topps_update,2024,Topps,Update,Baseball Stars Autographs,,BSA2-DS,Davis Schneider,Toronto Blue Jays,Baseball Stars Autographs	BSA2-DS	Davis Schneider	Toronto Blue Jays,False
2024_topps_update,2024,Topps,Update,Baseball Stars Autographs,,BSA2-JCA,Junior Caminero,Tampa Bay Rays,Baseball Stars Autographs	BSA2-JCA	Junior Caminero	Tampa Bay Rays,False
2024_topps_update,2024,Topps,Update,Baseball Stars Autographs,,BSA2-JE,Joey Estes,Oakland Athletics,Baseball Stars Autographs	BSA2-JE	Joey Estes	Oakland Athletics,False
2024_topps_update,2024,Topps,Update,Baseball Stars Autographs,,BSA2-LT,Lane Thomas,Washington Nationals,Baseball Stars Autographs	BSA2-LT	Lane Thomas	Washington Nationals,False
2024_topps_update,2024,Topps,Update,Baseball Stars Autographs,,BSA2-NM,Noelvi Marte,Cincinnati Reds,Baseball Stars Autographs	BSA2-NM	Noelvi Marte	Cincinnati Reds,False
2024_topps_update,2024,Topps,Update,Baseball Stars Autographs,,BSA2-PS,Paul Skenes,Pittsburgh Pirates,Baseball Stars Autographs	BSA2-PS	Paul Skenes	Pittsburgh Pirates,False
2024_topps_update,2024,Topps,Update,Baseball Stars Autographs,,BSA2-YD,Yandy Díaz,Tampa Bay Rays,Baseball Stars Autographs	BSA2-YD	Yandy Díaz	Tampa Bay Rays,False
2024_topps_update,2024,Topps,Update,Baseball Stars Autographs,,BSAU-AJ,Alek Jacob,San Diego Padres,Baseball Stars Autographs	BSAU-AJ	Alek Jacob	San Diego Padres,False
2024_topps_update,2024,Topps,Update,Baseball Stars Autographs,,BSAU-AM,Austin Martin,Minnesota Twins,Baseball Stars Autographs	BSAU-AM	Austin Martin	Minnesota Twins,False
2024_topps_update,2024,Topps,Update,Baseball Stars Autographs,,BSAU-AP,Andy Pages,Los Angeles Dodgers,Baseball Stars Autographs	BSAU-AP	Andy Pages	Los Angeles Dodgers,False
2024_topps_update,2024,Topps,Update,Baseball Stars Autographs,,BSAU-AS,Austin Shenton,Tampa Bay Rays,Baseball Stars Autographs	BSAU-AS	Austin Shenton	Tampa Bay Rays,False
2024_topps_update,2024,Topps,Update,Baseball Stars Autographs,,BSAU-BEC,Jordan Beck,Colorado Rockies,Baseball Stars Autographs	BSAU-BEC	Jordan Beck	Colorado Rockies,False
2024_topps_update,2024,Topps,Update,Baseball Stars Autographs,,BSAU-BL,Mason Black,San Francisco Giants,Baseball Stars Autographs	BSAU-BL	Mason Black	San Francisco Giants,False
2024_topps_update,2024,Topps,Update,Baseball Stars Autographs,,BSAU-CK,Colt Keith,Detroit Tigers,Baseball Stars Autographs	BSAU-CK	Colt Keith	Detroit Tigers,False
2024_topps_update,2024,Topps,Update,Baseball Stars Autographs,,BSAU-CS,Christian Scott,New York Mets,Baseball Stars Autographs	BSAU-CS	Christian Scott	New York Mets,False
2024_topps_update,2024,Topps,Update,Baseball Stars Autographs,,BSAU-DH,Darell Hernaiz,Oakland Athletics,Baseball Stars Autographs	BSAU-DH	Darell Hernaiz	Oakland Athletics,False
2024_topps_update,2024,Topps,Update,Baseball Stars Autographs,,BSAU-DW,Davis Wendzel,Texas Rangers,Baseball Stars Autographs	BSAU-DW	Davis Wendzel	Texas Rangers,False
2024_topps_update,2024,Topps,Update,Baseball Stars Autographs,,BSAU-FW,Forrest Whitley,Houston Astros,Baseball Stars Autographs	BSAU-FW	Forrest Whitley	Houston Astros,False
2024_topps_update,2024,Topps,Update,Baseball Stars Autographs,,BSAU-GP,Graham Pauley,San Diego Padres,Baseball Stars Autographs	BSAU-GP	Graham Pauley	San Diego Padres,False
2024_topps_update,2024,Topps,Update,Baseball Stars Autographs,,BSAU-HAR,Brett Harris,Oakland Athletics,Baseball Stars Autographs	BSAU-HAR	Brett Harris	Oakland Athletics,False
2024_topps_update,2024,Topps,Update,Baseball Stars Autographs,,BSAU-JC,Jonathan Cannon,Chicago White Sox,Baseball Stars Autographs	BSAU-JC	Jonathan Cannon	Chicago White Sox,False
2024_topps_update,2024,Topps,Update,Baseball Stars Autographs,,BSAU-JCL,Jonatan Clase,Seattle Mariners,Baseball Stars Autographs	BSAU-JCL	Jonatan Clase	Seattle Mariners,False
2024_topps_update,2024,Topps,Update,Baseball Stars Autographs,,BSAU-JF,Justin Foscue,Texas Rangers,Baseball Stars Autographs	BSAU-JF	Justin Foscue	Texas Rangers,False
2024_topps_update,2024,Topps,Update,Baseball Stars Autographs,,BSAU-JH,Jackson Holliday,Baltimore Orioles,Baseball Stars Autographs	BSAU-JH	Jackson Holliday	Baltimore Orioles,False
2024_topps_update,2024,Topps,Update,Baseball Stars Autographs,,BSAU-JHL,Jung Hoo Lee,San Francisco Giants,Baseball Stars Autographs	BSAU-JHL	Jung Hoo Lee	San Francisco Giants,False
2024_topps_update,2024,Topps,Update,Baseball Stars Autographs,,BSAU-JJO,Jared Jones,Pittsburgh Pirates,Baseball Stars Autographs	BSAU-JJO	Jared Jones	Pittsburgh Pirates,False
2024_topps_update,2024,Topps,Update,Baseball Stars Autographs,,BSAU-JL,Joey Loperfido,Houston Astros,Baseball Stars Autographs	BSAU-JL	Joey Loperfido	Houston Astros,False
2024_topps_update,2024,Topps,Update,Baseball Stars Autographs,,BSAU-JLE,Jack Leiter,Texas Rangers,Baseball Stars Autographs	BSAU-JLE	Jack Leiter	Texas Rangers,False
2024_topps_update,2024,Topps,Update,Baseball Stars Autographs,,BSAU-JM,Jackson Merrill,San Diego Padres,Baseball Stars Autographs	BSAU-JM	Jackson Merrill	San Diego Padres,False
2024_topps_update,2024,Topps,Update,Baseball Stars Autographs,,BSAU-LK,Landon Knack,Los Angeles Dodgers,Baseball Stars Autographs	BSAU-LK	Landon Knack	Los Angeles Dodgers,False
2024_topps_update,2024,Topps,Update,Baseball Stars Autographs,,BSAU-MS,Max Schuemann,Oakland Athletics,Baseball Stars Autographs	BSAU-MS	Max Schuemann	Oakland Athletics,False
2024_topps_update,2024,Topps,Update,Baseball Stars Autographs,,BSAU-NN,Nick Nastrini,Chicago White Sox,Baseball Stars Autographs	BSAU-NN	Nick Nastrini	Chicago White Sox,False
2024_topps_update,2024,Topps,Update,Baseball Stars Autographs,,BSAU-PP,Pedro Pages,St. Louis Cardinals,Baseball Stars Autographs	BSAU-PP	Pedro Pages	St. Louis Cardinals,False
2024_topps_update,2024,Topps,Update,Baseball Stars Autographs,,BSAU-SA,Spencer Arrighetti,Houston Astros,Baseball Stars Autographs	BSAU-SA	Spencer Arrighetti	Houston Astros,False
2024_topps_update,2024,Topps,Update,Baseball Stars Autographs,,BSAU-SI,Shota Imanaga,Chicago Cubs,Baseball Stars Autographs	BSAU-SI	Shota Imanaga	Chicago Cubs,False
2024_topps_update,2024,Topps,Update,Baseball Stars Autographs,,BSAU-TL,Trey Lipscomb,Washington Nationals,Baseball Stars Autographs	BSAU-TL	Trey Lipscomb	Washington Nationals,False
2024_topps_update,2024,Topps,Update,Baseball Stars Autographs,,BSAU-TOB,Tobias Myers,Milwaukee Brewers,Baseball Stars Autographs	BSAU-TOB	Tobias Myers	Milwaukee Brewers,False
2024_topps_update,2024,Topps,Update,Baseball Stars Autographs,,BSAU-VS,Victor Scott II,St. Louis Cardinals,Baseball Stars Autographs	BSAU-VS	Victor Scott II	St. Louis Cardinals,False
2024_topps_update,2024,Topps,Update,Baseball Stars Autographs,,BSAU-WL,Wyatt Langford,Texas Rangers,Baseball Stars Autographs	BSAU-WL	Wyatt Langford	Texas Rangers,False
2024_topps_update,2024,Topps,Update,Baseball Stars Autographs,,BSAU-WP,Wenceel Pérez,Detroit Tigers,Baseball Stars Autographs	BSAU-WP	Wenceel Pérez	Detroit Tigers,False
2024_topps_update,2024,Topps,Update,Baseball Stars Autographs,,BSAU-YR,Yariel Rodríguez,Toronto Blue Jays,Baseball Stars Autographs	BSAU-YR	Yariel Rodríguez	Toronto Blue Jays,False
2024_topps_update,2024,Topps,Update,Baseball Stars Autographs,,BSAU-YY,Yoshinobu Yamamoto,Los Angeles Dodgers,Baseball Stars Autographs	BSAU-YY	Yoshinobu Yamamoto	Los Angeles Dodgers,False
2024_topps_update,2024,Topps,Update,Baseball Stars Dual Autographs,,BSDAU-AJO,Matt Olson / Ronald Acuña Jr.,Atlanta Braves,Baseball Stars Dual Autographs	BSDAU-AJO	Matt Olson / Ronald Acuña Jr.	Atlanta Braves,True
2024_topps_update,2024,Topps,Update,Baseball Stars Dual Autographs,,BSDAU-CC,Will Clark / Matt Chapman,San Francisco Giants,Baseball Stars Dual Autographs	BSDAU-CC	Will Clark / Matt Chapman	San Francisco Giants,True
2024_topps_update,2024,Topps,Update,Baseball Stars Dual Autographs,,BSDAU-CL,Evan Carter / Wyatt Langford,Texas Rangers,Baseball Stars Dual Autographs	BSDAU-CL	Evan Carter / Wyatt Langford	Texas Rangers,True
2024_topps_update,2024,Topps,Update,Baseball Stars Dual Autographs,,BSDAU-CLA,Jordan Lawlar / Corbin Carroll,Arizona Diamondbacks,Baseball Stars Dual Autographs	BSDAU-CLA	Jordan Lawlar / Corbin Carroll	Arizona Diamondbacks,True
2024_topps_update,2024,Topps,Update,Baseball Stars Dual Autographs,,BSDAU-GGJ,Vladimir Guerrero Jr. / Vladimir Guerrero,Toronto Blue Jays,Baseball Stars Dual Autographs	BSDAU-GGJ	Vladimir Guerrero Jr. / Vladimir Guerrero	Toronto Blue Jays,True
2024_topps_update,2024,Topps,Update,Baseball Stars Dual Autographs,,BSDAU-GGJ,Vladimir Guerrero Jr. / Vladimir Guerrero,Los Angeles Angels,Baseball Stars Dual Autographs	BSDAU-GGJ	Vladimir Guerrero Jr. / Vladimir Guerrero	Los Angeles Angels,True
2024_topps_update,2024,Topps,Update,Baseball Stars Dual Autographs,,BSDAU-GIM,Bob Gibson / Greg Maddux,St. Louis Cardinals,Baseball Stars Dual Autographs	BSDAU-GIM	Bob Gibson / Greg Maddux	St. Louis Cardinals,True
2024_topps_update,2024,Topps,Update,Baseball Stars Dual Autographs,,BSDAU-GIM,Bob Gibson / Greg Maddux,Chicago Cubs,Baseball Stars Dual Autographs	BSDAU-GIM	Bob Gibson / Greg Maddux	Chicago Cubs,True
2024_topps_update,2024,Topps,Update,Baseball Stars Dual Autographs,,BSDAU-HH,Jackson Holliday / Matt Holliday,Baltimore Orioles,Baseball Stars Dual Autographs	BSDAU-HH	Jackson Holliday / Matt Holliday	Baltimore Orioles,True
2024_topps_update,2024,Topps,Update,Baseball Stars Dual Autographs,,BSDAU-HH,Jackson Holliday / Matt Holliday,St. Louis Cardinals,Baseball Stars Dual Autographs	BSDAU-HH	Jackson Holliday / Matt Holliday	St. Louis Cardinals,True
2024_topps_update,2024,Topps,Update,Baseball Stars Dual Autographs,,BSDAU-JOH,Randy Johnson / Félix Hernández,Seattle Mariners,Baseball Stars Dual Autographs	BSDAU-JOH	Randy Johnson / Félix Hernández	Seattle Mariners,True
2024_topps_update,2024,Topps,Update,Baseball Stars Dual Autographs,,BSDAU-KO,Shohei Ohtani / Clayton Kershaw,Los Angeles Dodgers,Baseball Stars Dual Autographs	BSDAU-KO	Shohei Ohtani / Clayton Kershaw	Los Angeles Dodgers,True
2024_topps_update,2024,Topps,Update,Baseball Stars Dual Autographs,,BSDAU-MCO,Carlos Correa / Joe Mauer,Minnesota Twins,Baseball Stars Dual Autographs	BSDAU-MCO	Carlos Correa / Joe Mauer	Minnesota Twins,True
2024_topps_update,2024,Topps,Update,Baseball Stars Dual Autographs,,BSDAU-OY,Yoshinobu Yamamoto / Shohei Ohtani,Los Angeles Dodgers,Baseball Stars Dual Autographs	BSDAU-OY	Yoshinobu Yamamoto / Shohei Ohtani	Los Angeles Dodgers,True
2024_topps_update,2024,Topps,Update,Baseball Stars Dual Autographs,,BSDAU-RH,Adley Rutschman / Jackson Holliday,Baltimore Orioles,Baseball Stars Dual Autographs	BSDAU-RH	Adley Rutschman / Jackson Holliday	Baltimore Orioles,True
2024_topps_update,2024,Topps,Update,Baseball Stars Dual Autographs,,BSDAU-RSC,Max Scherzer / Nolan Ryan,Texas Rangers,Baseball Stars Dual Autographs	BSDAU-RSC	Max Scherzer / Nolan Ryan	Texas Rangers,True
2024_topps_update,2024,Topps,Update,Baseball Stars Dual Autographs,,BSDAU-SAR,Nolan Arenado / Ozzie Smith,St. Louis Cardinals,Baseball Stars Dual Autographs	BSDAU-SAR	Nolan Arenado / Ozzie Smith	St. Louis Cardinals,True
2024_topps_update,2024,Topps,Update,Baseball Stars Dual Autographs,,BSDAU-SD,Juan Soto / Jasson Domínguez,New York Yankees,Baseball Stars Dual Autographs	BSDAU-SD	Juan Soto / Jasson Domínguez	New York Yankees,True
2024_topps_update,2024,Topps,Update,Baseball Stars Dual Autographs,,BSDAU-TRO,Julio Rodríguez / Mike Trout,Seattle Mariners,Baseball Stars Dual Autographs	BSDAU-TRO	Julio Rodríguez / Mike Trout	Seattle Mariners,True
2024_topps_update,2024,Topps,Update,Baseball Stars Dual Autographs,,BSDAU-TRO,Julio Rodríguez / Mike Trout,Los Angeles Angels,Baseball Stars Dual Autographs	BSDAU-TRO	Julio Rodríguez / Mike Trout	Los Angeles Angels,True
2024_topps_update,2024,Topps,Update,Baseball Stars Dual Autographs,,BSDAU-YC,Jackson Chourio / Christian Yelich,Milwaukee Brewers,Baseball Stars Dual Autographs	BSDAU-YC	Jackson Chourio / Christian Yelich	Milwaukee Brewers,True
2024_topps_update,2024,Topps,Update,Baseball Stars Triple Autographs,,BSTAU-AOG,Paul Goldschmidt / Matt Olson / Pete Alonso,St. Louis Cardinals,Baseball Stars Triple Autographs	BSTAU-AOG	Paul Goldschmidt / Matt Olson / Pete Alonso	St. Louis Cardinals,True
2024_topps_update,2024,Topps,Update,Baseball Stars Triple Autographs,,BSTAU-AOG,Paul Goldschmidt / Matt Olson / Pete Alonso,Atlanta Braves,Baseball Stars Triple Autographs	BSTAU-AOG	Paul Goldschmidt / Matt Olson / Pete Alonso	Atlanta Braves,True
2024_topps_update,2024,Topps,Update,Baseball Stars Triple Autographs,,BSTAU-AOG,Paul Goldschmidt / Matt Olson / Pete Alonso,New York Mets,Baseball Stars Triple Autographs	BSTAU-AOG	Paul Goldschmidt / Matt Olson / Pete Alonso	New York Mets,True
2024_topps_update,2024,Topps,Update,Baseball Stars Triple Autographs,,BSTAU-ART,Fernando Tatis Jr. / Julio Rodríguez / Ronald Acuña Jr.,San Diego Padres,Baseball Stars Triple Autographs	BSTAU-ART	Fernando Tatis Jr. / Julio Rodríguez / Ronald Acuña Jr.	San Diego Padres,True
2024_topps_update,2024,Topps,Update,Baseball Stars Triple Autographs,,BSTAU-ART,Fernando Tatis Jr. / Julio Rodríguez / Ronald Acuña Jr.,Seattle Mariners,Baseball Stars Triple Autographs	BSTAU-ART	Fernando Tatis Jr. / Julio Rodríguez / Ronald Acuña Jr.	Seattle Mariners,True
2024_topps_update,2024,Topps,Update,Baseball Stars Triple Autographs,,BSTAU-ART,Fernando Tatis Jr. / Julio Rodríguez / Ronald Acuña Jr.,Atlanta Braves,Baseball Stars Triple Autographs	BSTAU-ART	Fernando Tatis Jr. / Julio Rodríguez / Ronald Acuña Jr.	Atlanta Braves,True
2024_topps_update,2024,Topps,Update,Baseball Stars Triple Autographs,,BSTAU-IMY,Hideki Matsui / Ichiro / Yoshinobu Yamamoto,New York Yankees,Baseball Stars Triple Autographs	BSTAU-IMY	Hideki Matsui / Ichiro / Yoshinobu Yamamoto	New York Yankees,True
2024_topps_update,2024,Topps,Update,Baseball Stars Triple Autographs,,BSTAU-IMY,Hideki Matsui / Ichiro / Yoshinobu Yamamoto,Seattle Mariners,Baseball Stars Triple Autographs	BSTAU-IMY	Hideki Matsui / Ichiro / Yoshinobu Yamamoto	Seattle Mariners,True
2024_topps_update,2024,Topps,Update,Baseball Stars Triple Autographs,,BSTAU-IMY,Hideki Matsui / Ichiro / Yoshinobu Yamamoto,Los Angeles Dodgers,Baseball Stars Triple Autographs	BSTAU-IMY	Hideki Matsui / Ichiro / Yoshinobu Yamamoto	Los Angeles Dodgers,True
2024_topps_update,2024,Topps,Update,Baseball Stars Triple Autographs,,BSTAU-KOY,Yoshinobu Yamamoto / Clayton Kershaw / Shohei Ohtani,Los Angeles Dodgers,Baseball Stars Triple Autographs	BSTAU-KOY	Yoshinobu Yamamoto / Clayton Kershaw / Shohei Ohtani	Los Angeles Dodgers,True
2024_topps_update,2024,Topps,Update,Baseball Stars Triple Autographs,,BSTAU-MJM,Randy Johnson / Greg Maddux / Pedro Martinez,Seattle Mariners,Baseball Stars Triple Autographs	BSTAU-MJM	Randy Johnson / Greg Maddux / Pedro Martinez	Seattle Mariners,True
2024_topps_update,2024,Topps,Update,Baseball Stars Triple Autographs,,BSTAU-MJM,Randy Johnson / Greg Maddux / Pedro Martinez,Atlanta Braves,Baseball Stars Triple Autographs	BSTAU-MJM	Randy Johnson / Greg Maddux / Pedro Martinez	Atlanta Braves,True
2024_topps_update,2024,Topps,Update,Baseball Stars Triple Autographs,,BSTAU-MJM,Randy Johnson / Greg Maddux / Pedro Martinez,Boston Red Sox,Baseball Stars Triple Autographs	BSTAU-MJM	Randy Johnson / Greg Maddux / Pedro Martinez	Boston Red Sox,True
2024_topps_update,2024,Topps,Update,Baseball Stars Triple Autographs,,BSTAU-PMA,Albert Pujols / Yadier Molina / Nolan Arenado,St. Louis Cardinals,Baseball Stars Triple Autographs	BSTAU-PMA	Albert Pujols / Yadier Molina / Nolan Arenado	St. Louis Cardinals,True
2024_topps_update,2024,Topps,Update,Baseball Stars Triple Autographs,,BSTAU-RHH,Jackson Holliday / Gunnar Henderson / Adley Rutschman,Baltimore Orioles,Baseball Stars Triple Autographs	BSTAU-RHH	Jackson Holliday / Gunnar Henderson / Adley Rutschman	Baltimore Orioles,True
2024_topps_update,2024,Topps,Update,Baseball Stars Triple Autographs,,BSTAU-RSM,Don Mattingly / Ryne Sandberg / Cal Ripken Jr.,New York Yankees,Baseball Stars Triple Autographs	BSTAU-RSM	Don Mattingly / Ryne Sandberg / Cal Ripken Jr.	New York Yankees,True
2024_topps_update,2024,Topps,Update,Baseball Stars Triple Autographs,,BSTAU-RSM,Don Mattingly / Ryne Sandberg / Cal Ripken Jr.,Chicago Cubs,Baseball Stars Triple Autographs	BSTAU-RSM	Don Mattingly / Ryne Sandberg / Cal Ripken Jr.	Chicago Cubs,True
2024_topps_update,2024,Topps,Update,Baseball Stars Triple Autographs,,BSTAU-RSM,Don Mattingly / Ryne Sandberg / Cal Ripken Jr.,Baltimore Orioles,Baseball Stars Triple Autographs	BSTAU-RSM	Don Mattingly / Ryne Sandberg / Cal Ripken Jr.	Baltimore Orioles,True
2024_topps_update,2024,Topps,Update,Baseball Stars Triple Autographs,,BSTAU-SBJ,Chipper Jones / George Brett / Mike Schmidt,Atlanta Braves,Baseball Stars Triple Autographs	BSTAU-SBJ	Chipper Jones / George Brett / Mike Schmidt	Atlanta Braves,True
2024_topps_update,2024,Topps,Update,Baseball Stars Triple Autographs,,BSTAU-SBJ,Chipper Jones / George Brett / Mike Schmidt,Kansas City Royals,Baseball Stars Triple Autographs	BSTAU-SBJ	Chipper Jones / George Brett / Mike Schmidt	Kansas City Royals,True
2024_topps_update,2024,Topps,Update,Baseball Stars Triple Autographs,,BSTAU-SBJ,Chipper Jones / George Brett / Mike Schmidt,Philadelphia Phillies,Baseball Stars Triple Autographs	BSTAU-SBJ	Chipper Jones / George Brett / Mike Schmidt	Philadelphia Phillies,True
2024_topps_update,2024,Topps,Update,Baseball Stars Triple Autographs,,BSTAU-SCL,Evan Carter / Wyatt Langford / Corey Seager,Texas Rangers,Baseball Stars Triple Autographs	BSTAU-SCL	Evan Carter / Wyatt Langford / Corey Seager	Texas Rangers,True
2024_topps_update,2024,Topps,Update,Baseball Stars Triple Autographs,,BSTAU-SCS,Paul Skenes / Gerrit Cole / Stephen Strasburg,Pittsburgh Pirates,Baseball Stars Triple Autographs	BSTAU-SCS	Paul Skenes / Gerrit Cole / Stephen Strasburg	Pittsburgh Pirates,True
2024_topps_update,2024,Topps,Update,Baseball Stars Triple Autographs,,BSTAU-SCS,Paul Skenes / Gerrit Cole / Stephen Strasburg,New York Yankees,Baseball Stars Triple Autographs	BSTAU-SCS	Paul Skenes / Gerrit Cole / Stephen Strasburg	New York Yankees,True
2024_topps_update,2024,Topps,Update,Baseball Stars Triple Autographs,,BSTAU-SCS,Paul Skenes / Gerrit Cole / Stephen Strasburg,Washington Nationals,Baseball Stars Triple Autographs	BSTAU-SCS	Paul Skenes / Gerrit Cole / Stephen Strasburg	Washington Nationals,True
2024_topps_update,2024,Topps,Update,Baseball Stars Triple Autographs,,BSTAU-SRL,Cal Ripken Jr. / Ozzie Smith / Barry Larkin,Baltimore Orioles,Baseball Stars Triple Autographs	BSTAU-SRL	Cal Ripken Jr. / Ozzie Smith / Barry Larkin	Baltimore Orioles,True
2024_topps_update,2024,Topps,Update,Baseball Stars Triple Autographs,,BSTAU-SRL,Cal Ripken Jr. / Ozzie Smith / Barry Larkin,St. Louis Cardinals,Baseball Stars Triple Autographs	BSTAU-SRL	Cal Ripken Jr. / Ozzie Smith / Barry Larkin	St. Louis Cardinals,True
2024_topps_update,2024,Topps,Update,Baseball Stars Triple Autographs,,BSTAU-SRL,Cal Ripken Jr. / Ozzie Smith / Barry Larkin,Cincinnati Reds,Baseball Stars Triple Autographs	BSTAU-SRL	Cal Ripken Jr. / Ozzie Smith / Barry Larkin	Cincinnati Reds,True
2024_topps_update,2024,Topps,Update,Baseball Stars Triple Autographs,,BSTAU-TAR,Ronald Acuña Jr. / Mike Trout / Julio Rodríguez,Atlanta Braves,Baseball Stars Triple Autographs	BSTAU-TAR	Ronald Acuña Jr. / Mike Trout / Julio Rodríguez	Atlanta Braves,True
2024_topps_update,2024,Topps,Update,Baseball Stars Triple Autographs,,BSTAU-TAR,Ronald Acuña Jr. / Mike Trout / Julio Rodríguez,Los Angeles Angels,Baseball Stars Triple Autographs	BSTAU-TAR	Ronald Acuña Jr. / Mike Trout / Julio Rodríguez	Los Angeles Angels,True
2024_topps_update,2024,Topps,Update,Baseball Stars Triple Autographs,,BSTAU-TAR,Ronald Acuña Jr. / Mike Trout / Julio Rodríguez,Seattle Mariners,Baseball Stars Triple Autographs	BSTAU-TAR	Ronald Acuña Jr. / Mike Trout / Julio Rodríguez	Seattle Mariners,True
2024_topps_update,2024,Topps,Update,Companion Cards,,US1,Juan Soto,New York Yankees,Companion Cards	US1	Juan Soto	New York Yankees,False
2024_topps_update,2024,Topps,Update,Companion Cards,,US16,Joey Votto,Toronto Blue Jays,Companion Cards	US16	Joey Votto	Toronto Blue Jays,False
2024_topps_update,2024,Topps,Update,Companion Cards,,US41,Jordan Lawlar,Arizona Diamondbacks	- Rookie Debut,Companion Cards	US41	Jordan Lawlar	Arizona Diamondbacks	- Rookie Debut,False
2024_topps_update,2024,Topps,Update,Companion Cards,,US49,Jared Jones,Pittsburgh Pirates,Companion Cards	US49	Jared Jones	Pittsburgh Pirates,False
2024_topps_update,2024,Topps,Update,Companion Cards,,US50,Jackson Holliday,Baltimore Orioles,Companion Cards	US50	Jackson Holliday	Baltimore Orioles,False
2024_topps_update,2024,Topps,Update,Companion Cards,,US58,Evan Carter,Texas Rangers	- Rookie Debut,Companion Cards	US58	Evan Carter	Texas Rangers	- Rookie Debut,False
2024_topps_update,2024,Topps,Update,Companion Cards,,US65,Joey Loperfido,Houston Astros,Companion Cards	US65	Joey Loperfido	Houston Astros,False
2024_topps_update,2024,Topps,Update,Companion Cards,,US73,Colt Keith,Detroit Tigers,Companion Cards	US73	Colt Keith	Detroit Tigers,False
2024_topps_update,2024,Topps,Update,Companion Cards,,US86,Heston Kjerstad,Baltimore Orioles	- Rookie Debut,Companion Cards	US86	Heston Kjerstad	Baltimore Orioles	- Rookie Debut,False
2024_topps_update,2024,Topps,Update,Companion Cards,,US91,Pete Crow-Armstrong,Chicago Cubs	- Rookie Debut,Companion Cards	US91	Pete Crow-Armstrong	Chicago Cubs	- Rookie Debut,False
2024_topps_update,2024,Topps,Update,Companion Cards,,US97,Jackson Holliday,Baltimore Orioles	- Rookie Debut,Companion Cards	US97	Jackson Holliday	Baltimore Orioles	- Rookie Debut,False
2024_topps_update,2024,Topps,Update,Companion Cards,,US100,Paul Skenes,Pittsburgh Pirates,Companion Cards	US100	Paul Skenes	Pittsburgh Pirates,False
2024_topps_update,2024,Topps,Update,Companion Cards,,US110,Ceddanne Rafaela,Boston Red Sox	- Rookie Debut,Companion Cards	US110	Ceddanne Rafaela	Boston Red Sox	- Rookie Debut,False
2024_topps_update,2024,Topps,Update,Companion Cards,,US131,Zack Gelof,Oakland Athletics	- Rookie Debut,Companion Cards	US131	Zack Gelof	Oakland Athletics	- Rookie Debut,False
2024_topps_update,2024,Topps,Update,Companion Cards,,US149,Yoshinobu Yamamoto,Los Angeles Dodgers	- Rookie Debut,Companion Cards	US149	Yoshinobu Yamamoto	Los Angeles Dodgers	- Rookie Debut,False
2024_topps_update,2024,Topps,Update,Companion Cards,,US151,Wyatt Langford,Texas Rangers,Companion Cards	US151	Wyatt Langford	Texas Rangers,False
2024_topps_update,2024,Topps,Update,Companion Cards,,US155,Jackson Chourio,Milwaukee Brewers	- Rookie Debut,Companion Cards	US155	Jackson Chourio	Milwaukee Brewers	- Rookie Debut,False
2024_topps_update,2024,Topps,Update,Companion Cards,,US169,Jackson Merrill,San Diego Padres	- Rookie Debut,Companion Cards	US169	Jackson Merrill	San Diego Padres	- Rookie Debut,False
2024_topps_update,2024,Topps,Update,Companion Cards,,US175,Jasson Domínguez,New York Yankees	- Rookie Debut,Companion Cards	US175	Jasson Domínguez	New York Yankees	- Rookie Debut,False
2024_topps_update,2024,Topps,Update,Companion Cards,,US183,Ben Brown,Chicago Cubs,Companion Cards	US183	Ben Brown	Chicago Cubs,False
2024_topps_update,2024,Topps,Update,Companion Cards,,US210,Jackson Merrill,San Diego Padres,Companion Cards	US210	Jackson Merrill	San Diego Padres,False
2024_topps_update,2024,Topps,Update,Companion Cards,,US218,Christian Scott,New York Mets,Companion Cards	US218	Christian Scott	New York Mets,False
2024_topps_update,2024,Topps,Update,Companion Cards,,US221,Andy Pages,Los Angeles Dodgers,Companion Cards	US221	Andy Pages	Los Angeles Dodgers,False
2024_topps_update,2024,Topps,Update,Companion Cards,,US223,Junior Caminero,Tampa Bay Rays	- Rookie Debut,Companion Cards	US223	Junior Caminero	Tampa Bay Rays	- Rookie Debut,False
2024_topps_update,2024,Topps,Update,Companion Cards,,US240,Jackson Chourio,Milwaukee Brewers,Companion Cards	US240	Jackson Chourio	Milwaukee Brewers,False
2024_topps_update,2024,Topps,Update,Companion Cards,,US262,Kyle Manzardo,Cleveland Guardians,Companion Cards	US262	Kyle Manzardo	Cleveland Guardians,False
2024_topps_update,2024,Topps,Update,Companion Cards,,US281,Shota Imanaga,Chicago Cubs	- Rookie Debut,Companion Cards	US281	Shota Imanaga	Chicago Cubs	- Rookie Debut,False
2024_topps_update,2024,Topps,Update,Companion Cards,,US288,Paul Skenes,Pittsburgh Pirates	- Rookie Debut,Companion Cards	US288	Paul Skenes	Pittsburgh Pirates	- Rookie Debut,False
2024_topps_update,2024,Topps,Update,Companion Cards,,US300,Tyler Glasnow,Los Angeles Dodgers,Companion Cards	US300	Tyler Glasnow	Los Angeles Dodgers,False
2024_topps_update,2024,Topps,Update,Companion Cards,,US341,Wyatt Langford,Texas Rangers	- Rookie Debut,Companion Cards	US341	Wyatt Langford	Texas Rangers	- Rookie Debut,False
2024_topps_update,2024,Topps,Update,Companion Cards,,US343,Jung Hoo Lee,San Francisco Giants	- Rookie Debut,Companion Cards	US343	Jung Hoo Lee	San Francisco Giants	- Rookie Debut,False
2024_topps_update,2024,Topps,Update,Companion Cards,,US350,Elly De La Cruz,Cincinnati Reds	- Rookie Debut,Companion Cards	US350	Elly De La Cruz	Cincinnati Reds	- Rookie Debut,False
2024_topps_update,2024,Topps,Update,Cut Signatures,,CSU-AK,Al Kaline,Detroit Tigers,Cut Signatures	CSU-AK	Al Kaline	Detroit Tigers,False
2024_topps_update,2024,Topps,Update,Cut Signatures,,CSU-JM,Johnny Mize,St. Louis Cardinals,Cut Signatures	CSU-JM	Johnny Mize	St. Louis Cardinals,False
2024_topps_update,2024,Topps,Update,Cut Signatures,,CSU-MI,Monte Irvin,New York Giants,Cut Signatures	CSU-MI	Monte Irvin	New York Giants,False
2024_topps_update,2024,Topps,Update,Cut Signatures,,CSU-MM,Mickey Mantle,New York Yankees,Cut Signatures	CSU-MM	Mickey Mantle	New York Yankees,False
2024_topps_update,2024,Topps,Update,Cut Signatures,,CSU-RC,Roy Campanella,Brooklyn Dodgers,Cut Signatures	CSU-RC	Roy Campanella	Brooklyn Dodgers,False
2024_topps_update,2024,Topps,Update,Cut Signatures,,CSU-RM,Roger Maris,New York Yankees,Cut Signatures	CSU-RM	Roger Maris	New York Yankees,False
2024_topps_update,2024,Topps,Update,Cut Signatures,,CSU-SM,Stan Musial,St. Louis Cardinals,Cut Signatures	CSU-SM	Stan Musial	St. Louis Cardinals,False
2024_topps_update,2024,Topps,Update,Golden Mirror Image Variations,,US1,Juan Soto,New York Yankees,Golden Mirror Image Variations	US1	Juan Soto	New York Yankees,False
2024_topps_update,2024,Topps,Update,Golden Mirror Image Variations,,US2,Victor Scott II,St. Louis Cardinals,Golden Mirror Image Variations	US2	Victor Scott II	St. Louis Cardinals,False
2024_topps_update,2024,Topps,Update,Golden Mirror Image Variations,,US3,Tyler Nevin,Oakland Athletics,Golden Mirror Image Variations	US3	Tyler Nevin	Oakland Athletics,False
2024_topps_update,2024,Topps,Update,Golden Mirror Image Variations,,US4,Jorge Alcala,Minnesota Twins,Golden Mirror Image Variations	US4	Jorge Alcala	Minnesota Twins,False
2024_topps_update,2024,Topps,Update,Golden Mirror Image Variations,,US5,Mitchell Parker,Washington Nationals,Golden Mirror Image Variations	US5	Mitchell Parker	Washington Nationals,False
2024_topps_update,2024,Topps,Update,Golden Mirror Image Variations,,US6,Randal Grichuk,Arizona Diamondbacks,Golden Mirror Image Variations	US6	Randal Grichuk	Arizona Diamondbacks,False
2024_topps_update,2024,Topps,Update,Golden Mirror Image Variations,,US7,Alan Trejo,Colorado Rockies,Golden Mirror Image Variations	US7	Alan Trejo	Colorado Rockies,False
2024_topps_update,2024,Topps,Update,Golden Mirror Image Variations,,US8,Yuki Matsui,San Diego Padres,Golden Mirror Image Variations	US8	Yuki Matsui	San Diego Padres,False
2024_topps_update,2024,Topps,Update,Golden Mirror Image Variations,,US9,Isiah Kiner-Falefa,Toronto Blue Jays,Golden Mirror Image Variations	US9	Isiah Kiner-Falefa	Toronto Blue Jays,False
2024_topps_update,2024,Topps,Update,Golden Mirror Image Variations,,US10,Sal Frelick,Milwaukee Brewers	- Rookie Debut,Golden Mirror Image Variations	US10	Sal Frelick	Milwaukee Brewers	- Rookie Debut,False
2024_topps_update,2024,Topps,Update,Golden Mirror Image Variations,,US11,Robbie Grossman,Texas Rangers,Golden Mirror Image Variations	US11	Robbie Grossman	Texas Rangers,False
2024_topps_update,2024,Topps,Update,Golden Mirror Image Variations,,US12,Ha-Seong Kim / Jung Hoo Lee,San Diego Padres	- Combo Card,Golden Mirror Image Variations	US12	Ha-Seong Kim / Jung Hoo Lee	San Diego Padres	- Combo Card,True
2024_topps_update,2024,Topps,Update,Golden Mirror Image Variations,,US12,Ha-Seong Kim / Jung Hoo Lee,San Francisco Giants	- Combo Card,Golden Mirror Image Variations	US12	Ha-Seong Kim / Jung Hoo Lee	San Francisco Giants	- Combo Card,True
2024_topps_update,2024,Topps,Update,Golden Mirror Image Variations,,US13,Shohei Ohtani / Yoshinobu Yamamoto,Los Angeles Dodgers	- Combo Card,Golden Mirror Image Variations	US13	Shohei Ohtani / Yoshinobu Yamamoto	Los Angeles Dodgers	- Combo Card,True
2024_topps_update,2024,Topps,Update,Golden Mirror Image Variations,,US14,Chris Paddack,Minnesota Twins,Golden Mirror Image Variations	US14	Chris Paddack	Minnesota Twins,False
2024_topps_update,2024,Topps,Update,Golden Mirror Image Variations,,US15,Reynaldo López,Atlanta Braves,Golden Mirror Image Variations	US15	Reynaldo López	Atlanta Braves,False
2024_topps_update,2024,Topps,Update,Golden Mirror Image Variations,,US16,Joey Votto,Toronto Blue Jays,Golden Mirror Image Variations	US16	Joey Votto	Toronto Blue Jays,False
2024_topps_update,2024,Topps,Update,Golden Mirror Image Variations,,US17,Elvis Peguero,Milwaukee Brewers,Golden Mirror Image Variations	US17	Elvis Peguero	Milwaukee Brewers,False
2024_topps_update,2024,Topps,Update,Golden Mirror Image Variations,,US18,Héctor Neris,Chicago Cubs,Golden Mirror Image Variations	US18	Héctor Neris	Chicago Cubs,False
2024_topps_update,2024,Topps,Update,Golden Mirror Image Variations,,US19,Kevin Kiermaier,Toronto Blue Jays,Golden Mirror Image Variations	US19	Kevin Kiermaier	Toronto Blue Jays,False
2024_topps_update,2024,Topps,Update,Golden Mirror Image Variations,,US20,Mitch Garver,Seattle Mariners,Golden Mirror Image Variations	US20	Mitch Garver	Seattle Mariners,False
2024_topps_update,2024,Topps,Update,Golden Mirror Image Variations,,US21,Romy Gonzalez,Boston Red Sox,Golden Mirror Image Variations	US21	Romy Gonzalez	Boston Red Sox,False
2024_topps_update,2024,Topps,Update,Golden Mirror Image Variations,,US22,Jorge Barrosa,Arizona Diamondbacks,Golden Mirror Image Variations	US22	Jorge Barrosa	Arizona Diamondbacks,False
2024_topps_update,2024,Topps,Update,Golden Mirror Image Variations,,US23,Victor Caratini,Houston Astros,Golden Mirror Image Variations	US23	Victor Caratini	Houston Astros,False
2024_topps_update,2024,Topps,Update,Golden Mirror Image Variations,,US24,Daniel Hudson,Los Angeles Dodgers,Golden Mirror Image Variations	US24	Daniel Hudson	Los Angeles Dodgers,False
2024_topps_update,2024,Topps,Update,Golden Mirror Image Variations,,US25,Matt Sauer,Kansas City Royals,Golden Mirror Image Variations	US25	Matt Sauer	Kansas City Royals,False
2024_topps_update,2024,Topps,Update,Golden Mirror Image Variations,,US26,J.P. France,Houston Astros,Golden Mirror Image Variations	US26	J.P. France	Houston Astros,False
2024_topps_update,2024,Topps,Update,Golden Mirror Image Variations,,US27,James Paxton,Los Angeles Dodgers,Golden Mirror Image Variations	US27	James Paxton	Los Angeles Dodgers,False
2024_topps_update,2024,Topps,Update,Golden Mirror Image Variations,,US28,Mitch Spence,Oakland Athletics,Golden Mirror Image Variations	US28	Mitch Spence	Oakland Athletics,False
2024_topps_update,2024,Topps,Update,Golden Mirror Image Variations,,US29,Blake Walston,Arizona Diamondbacks,Golden Mirror Image Variations	US29	Blake Walston	Arizona Diamondbacks,False
2024_topps_update,2024,Topps,Update,Golden Mirror Image Variations,,US30,Samad Taylor,Seattle Mariners,Golden Mirror Image Variations	US30	Samad Taylor	Seattle Mariners,False
2024_topps_update,2024,Topps,Update,Golden Mirror Image Variations,,US31,Brandon Crawford,St. Louis Cardinals,Golden Mirror Image Variations	US31	Brandon Crawford	St. Louis Cardinals,False
2024_topps_update,2024,Topps,Update,Golden Mirror Image Variations,,US32,Cristopher Sánchez,Philadelphia Phillies,Golden Mirror Image Variations	US32	Cristopher Sánchez	Philadelphia Phillies,False
2024_topps_update,2024,Topps,Update,Golden Mirror Image Variations,,US33,Tyler Holton,Detroit Tigers,Golden Mirror Image Variations	US33	Tyler Holton	Detroit Tigers,False
2024_topps_update,2024,Topps,Update,Golden Mirror Image Variations,,US34,Brett Sullivan,San Diego Padres,Golden Mirror Image Variations	US34	Brett Sullivan	San Diego Padres,False
2024_topps_update,2024,Topps,Update,Golden Mirror Image Variations,,US35,Jonatan Clase,Seattle Mariners,Golden Mirror Image Variations	US35	Jonatan Clase	Seattle Mariners,False
2024_topps_update,2024,Topps,Update,Golden Mirror Image Variations,,US36,Freddy Fermin,Kansas City Royals,Golden Mirror Image Variations	US36	Freddy Fermin	Kansas City Royals,False
2024_topps_update,2024,Topps,Update,Golden Mirror Image Variations,,US37,Kyle McCann,Oakland Athletics,Golden Mirror Image Variations	US37	Kyle McCann	Oakland Athletics,False
2024_topps_update,2024,Topps,Update,Golden Mirror Image Variations,,US38,Ricky Vanasco,Los Angeles Dodgers,Golden Mirror Image Variations	US38	Ricky Vanasco	Los Angeles Dodgers,False
2024_topps_update,2024,Topps,Update,Golden Mirror Image Variations,,US39,Gary Sánchez,Milwaukee Brewers,Golden Mirror Image Variations	US39	Gary Sánchez	Milwaukee Brewers,False
2024_topps_update,2024,Topps,Update,Golden Mirror Image Variations,,US40,Nate Pearson,Toronto Blue Jays,Golden Mirror Image Variations	US40	Nate Pearson	Toronto Blue Jays,False
2024_topps_update,2024,Topps,Update,Golden Mirror Image Variations,,US41,Jordan Lawlar,Arizona Diamondbacks	- Rookie Debut,Golden Mirror Image Variations	US41	Jordan Lawlar	Arizona Diamondbacks	- Rookie Debut,False
2024_topps_update,2024,Topps,Update,Golden Mirror Image Variations,,US42,Scott Barlow,Cleveland Guardians,Golden Mirror Image Variations	US42	Scott Barlow	Cleveland Guardians,False
2024_topps_update,2024,Topps,Update,Golden Mirror Image Variations,,US43,Griffin Jax,Minnesota Twins,Golden Mirror Image Variations	US43	Griffin Jax	Minnesota Twins,False
2024_topps_update,2024,Topps,Update,Golden Mirror Image Variations,,US44,Adley Rutschman / Craig Kimbrel,Baltimore Orioles	- Combo Card,Golden Mirror Image Variations	US44	Adley Rutschman / Craig Kimbrel	Baltimore Orioles	- Combo Card,True
2024_topps_update,2024,Topps,Update,Golden Mirror Image Variations,,US45,Bryse Wilson,Milwaukee Brewers,Golden Mirror Image Variations	US45	Bryse Wilson	Milwaukee Brewers,False
2024_topps_update,2024,Topps,Update,Golden Mirror Image Variations,,US46,Trent Grisham,New York Yankees,Golden Mirror Image Variations	US46	Trent Grisham	New York Yankees,False
2024_topps_update,2024,Topps,Update,Golden Mirror Image Variations,,US47,Justin Topa,Minnesota Twins,Golden Mirror Image Variations	US47	Justin Topa	Minnesota Twins,False
2024_topps_update,2024,Topps,Update,Golden Mirror Image Variations,,US48,Jackson Merrill / Fernando Tatis Jr.,San Diego Padres	- Combo Card,Golden Mirror Image Variations	US48	Jackson Merrill / Fernando Tatis Jr.	San Diego Padres	- Combo Card,True
2024_topps_update,2024,Topps,Update,Golden Mirror Image Variations,,US49,Jared Jones,Pittsburgh Pirates,Golden Mirror Image Variations	US49	Jared Jones	Pittsburgh Pirates,False
2024_topps_update,2024,Topps,Update,Golden Mirror Image Variations,,US50,Jackson Holliday,Baltimore Orioles,Golden Mirror Image Variations	US50	Jackson Holliday	Baltimore Orioles,False
2024_topps_update,2024,Topps,Update,Golden Mirror Image Variations,,US51,Bryan Ramos,Chicago White Sox,Golden Mirror Image Variations	US51	Bryan Ramos	Chicago White Sox,False
2024_topps_update,2024,Topps,Update,Golden Mirror Image Variations,,US52,Spencer Arrighetti,Houston Astros,Golden Mirror Image Variations	US52	Spencer Arrighetti	Houston Astros,False
2024_topps_update,2024,Topps,Update,Golden Mirror Image Variations,,US53,Randy Rodríguez,San Francisco Giants,Golden Mirror Image Variations	US53	Randy Rodríguez	San Francisco Giants,False
2024_topps_update,2024,Topps,Update,Golden Mirror Image Variations,,US54,Trevor Rogers,Miami Marlins,Golden Mirror Image Variations	US54	Trevor Rogers	Miami Marlins,False
2024_topps_update,2024,Topps,Update,Golden Mirror Image Variations,,US55,Patrick Bailey / Blake Snell,San Francisco Giants	- Combo Card,Golden Mirror Image Variations	US55	Patrick Bailey / Blake Snell	San Francisco Giants	- Combo Card,True
2024_topps_update,2024,Topps,Update,Golden Mirror Image Variations,,US56,José Buttó,New York Mets,Golden Mirror Image Variations	US56	José Buttó	New York Mets,False
2024_topps_update,2024,Topps,Update,Golden Mirror Image Variations,,US57,Blake Snell,San Francisco Giants,Golden Mirror Image Variations	US57	Blake Snell	San Francisco Giants,False
2024_topps_update,2024,Topps,Update,Golden Mirror Image Variations,,US58,Evan Carter,Texas Rangers	- Rookie Debut,Golden Mirror Image Variations	US58	Evan Carter	Texas Rangers	- Rookie Debut,False
2024_topps_update,2024,Topps,Update,Golden Mirror Image Variations,,US59,Clayton Beeter,New York Yankees,Golden Mirror Image Variations	US59	Clayton Beeter	New York Yankees,False
2024_topps_update,2024,Topps,Update,Golden Mirror Image Variations,,US60,John Schreiber,Kansas City Royals,Golden Mirror Image Variations	US60	John Schreiber	Kansas City Royals,False
2024_topps_update,2024,Topps,Update,Golden Mirror Image Variations,,US61,Forrest Whitley,Houston Astros,Golden Mirror Image Variations	US61	Forrest Whitley	Houston Astros,False
2024_topps_update,2024,Topps,Update,Golden Mirror Image Variations,,US62,Amed Rosario,Tampa Bay Rays,Golden Mirror Image Variations	US62	Amed Rosario	Tampa Bay Rays,False
2024_topps_update,2024,Topps,Update,Golden Mirror Image Variations,,US63,Vladimir Guerrero Jr. / Justin Turner,Toronto Blue Jays	- Combo Card,Golden Mirror Image Variations	US63	Vladimir Guerrero Jr. / Justin Turner	Toronto Blue Jays	- Combo Card,True
2024_topps_update,2024,Topps,Update,Golden Mirror Image Variations,,US64,Jorge Soler,San Francisco Giants,Golden Mirror Image Variations	US64	Jorge Soler	San Francisco Giants,False
2024_topps_update,2024,Topps,Update,Golden Mirror Image Variations,,US65,Joey Loperfido,Houston Astros,Golden Mirror Image Variations	US65	Joey Loperfido	Houston Astros,False
2024_topps_update,2024,Topps,Update,Golden Mirror Image Variations,,US66,Alek Jacob,San Diego Padres,Golden Mirror Image Variations	US66	Alek Jacob	San Diego Padres,False
2024_topps_update,2024,Topps,Update,Golden Mirror Image Variations,,US67,Nelson Velázquez,Kansas City Royals,Golden Mirror Image Variations	US67	Nelson Velázquez	Kansas City Royals,False
2024_topps_update,2024,Topps,Update,Golden Mirror Image Variations,,US68,Ryan Yarbrough,Los Angeles Dodgers,Golden Mirror Image Variations	US68	Ryan Yarbrough	Los Angeles Dodgers,False
2024_topps_update,2024,Topps,Update,Golden Mirror Image Variations,,US69,Osvaldo Bido RC / Tyler Ferguson RC,Oakland Athletics,Golden Mirror Image Variations	US69	Osvaldo Bido RC / Tyler Ferguson RC	Oakland Athletics,True
2024_topps_update,2024,Topps,Update,Golden Mirror Image Variations,,US70,Emmanuel Rivera,Miami Marlins,Golden Mirror Image Variations	US70	Emmanuel Rivera	Miami Marlins,False
2024_topps_update,2024,Topps,Update,Golden Mirror Image Variations,,US71,Nick Gordon,Miami Marlins,Golden Mirror Image Variations	US71	Nick Gordon	Miami Marlins,False
2024_topps_update,2024,Topps,Update,Golden Mirror Image Variations,,US72,Colton Cowser,Baltimore Orioles	- Rookie Debut,Golden Mirror Image Variations	US72	Colton Cowser	Baltimore Orioles	- Rookie Debut,False
2024_topps_update,2024,Topps,Update,Golden Mirror Image Variations,,US73,Colt Keith,Detroit Tigers,Golden Mirror Image Variations	US73	Colt Keith	Detroit Tigers,False
2024_topps_update,2024,Topps,Update,Golden Mirror Image Variations,,US74,Jeffrey Springs,Tampa Bay Rays,Golden Mirror Image Variations	US74	Jeffrey Springs	Tampa Bay Rays,False
2024_topps_update,2024,Topps,Update,Golden Mirror Image Variations,,US75,Martín Perez,Pittsburgh Pirates,Golden Mirror Image Variations	US75	Martín Perez	Pittsburgh Pirates,False
2024_topps_update,2024,Topps,Update,Golden Mirror Image Variations,,US76,Shohei Ohtani / Mike Trout,Los Angeles Dodgers	- Combo Card,Golden Mirror Image Variations	US76	Shohei Ohtani / Mike Trout	Los Angeles Dodgers	- Combo Card,True
2024_topps_update,2024,Topps,Update,Golden Mirror Image Variations,,US76,Shohei Ohtani / Mike Trout,Los Angeles Angels	- Combo Card,Golden Mirror Image Variations	US76	Shohei Ohtani / Mike Trout	Los Angeles Angels	- Combo Card,True
2024_topps_update,2024,Topps,Update,Golden Mirror Image Variations,,US77,Victor Scott II,St. Louis Cardinals	- Rookie Debut,Golden Mirror Image Variations	US77	Victor Scott II	St. Louis Cardinals	- Rookie Debut,False
2024_topps_update,2024,Topps,Update,Golden Mirror Image Variations,,US78,Brent Suter,Cincinnati Reds,Golden Mirror Image Variations	US78	Brent Suter	Cincinnati Reds,False
2024_topps_update,2024,Topps,Update,Golden Mirror Image Variations,,US79,Daniel Vogelbach,Toronto Blue Jays,Golden Mirror Image Variations	US79	Daniel Vogelbach	Toronto Blue Jays,False
2024_topps_update,2024,Topps,Update,Golden Mirror Image Variations,,US80,Kyle Muller,Oakland Athletics,Golden Mirror Image Variations	US80	Kyle Muller	Oakland Athletics,False
2024_topps_update,2024,Topps,Update,Golden Mirror Image Variations,,US81,Manuel Margot,Minnesota Twins,Golden Mirror Image Variations	US81	Manuel Margot	Minnesota Twins,False
2024_topps_update,2024,Topps,Update,Golden Mirror Image Variations,,US82,Dedniel Núñez RC / Tyler Jay RC,New York Mets,Golden Mirror Image Variations	US82	Dedniel Núñez RC / Tyler Jay RC	New York Mets,True
2024_topps_update,2024,Topps,Update,Golden Mirror Image Variations,,US83,Kyle Harrison,San Francisco Giants	- Rookie Debut,Golden Mirror Image Variations	US83	Kyle Harrison	San Francisco Giants	- Rookie Debut,False
2024_topps_update,2024,Topps,Update,Golden Mirror Image Variations,,US84,Graham Pauley,San Diego Padres,Golden Mirror Image Variations	US84	Graham Pauley	San Diego Padres,False
2024_topps_update,2024,Topps,Update,Golden Mirror Image Variations,,US85,Abraham Toro,Oakland Athletics,Golden Mirror Image Variations	US85	Abraham Toro	Oakland Athletics,False
2024_topps_update,2024,Topps,Update,Golden Mirror Image Variations,,US86,Heston Kjerstad,Baltimore Orioles	- Rookie Debut,Golden Mirror Image Variations	US86	Heston Kjerstad	Baltimore Orioles	- Rookie Debut,False
2024_topps_update,2024,Topps,Update,Golden Mirror Image Variations,,US87,Hoby Milner,Milwaukee Brewers,Golden Mirror Image Variations	US87	Hoby Milner	Milwaukee Brewers,False
2024_topps_update,2024,Topps,Update,Golden Mirror Image Variations,,US88,Fernando Tatis Jr. / Luis Arraez,San Diego Padres	- Combo Card,Golden Mirror Image Variations	US88	Fernando Tatis Jr. / Luis Arraez	San Diego Padres	- Combo Card,True
2024_topps_update,2024,Topps,Update,Golden Mirror Image Variations,,US89,Andrew Knizner,Texas Rangers,Golden Mirror Image Variations	US89	Andrew Knizner	Texas Rangers,False
2024_topps_update,2024,Topps,Update,Golden Mirror Image Variations,,US90,Adam Duvall,Atlanta Braves,Golden Mirror Image Variations	US90	Adam Duvall	Atlanta Braves,False
2024_topps_update,2024,Topps,Update,Golden Mirror Image Variations,,US91,Pete Crow-Armstrong,Chicago Cubs	- Rookie Debut,Golden Mirror Image Variations	US91	Pete Crow-Armstrong	Chicago Cubs	- Rookie Debut,False
2024_topps_update,2024,Topps,Update,Golden Mirror Image Variations,,US92,Tyler Rogers,San Francisco Giants,Golden Mirror Image Variations	US92	Tyler Rogers	San Francisco Giants,False
2024_topps_update,2024,Topps,Update,Golden Mirror Image Variations,,US93,Lucas Erceg,Oakland Athletics,Golden Mirror Image Variations	US93	Lucas Erceg	Oakland Athletics,False
2024_topps_update,2024,Topps,Update,Golden Mirror Image Variations,,US94,Jordan Leasure,Chicago White Sox,Golden Mirror Image Variations	US94	Jordan Leasure	Chicago White Sox,False
2024_topps_update,2024,Topps,Update,Golden Mirror Image Variations,,US95,Jared Jones,Pittsburgh Pirates	- Rookie Debut,Golden Mirror Image Variations	US95	Jared Jones	Pittsburgh Pirates	- Rookie Debut,False
2024_topps_update,2024,Topps,Update,Golden Mirror Image Variations,,US96,Austin Martin,Minnesota Twins,Golden Mirror Image Variations	US96	Austin Martin	Minnesota Twins,False
2024_topps_update,2024,Topps,Update,Golden Mirror Image Variations,,US97,Jackson Holliday,Baltimore Orioles	- Rookie Debut,Golden Mirror Image Variations	US97	Jackson Holliday	Baltimore Orioles	- Rookie Debut,False
2024_topps_update,2024,Topps,Update,Golden Mirror Image Variations,,US98,Nick Ahmed,San Francisco Giants,Golden Mirror Image Variations	US98	Nick Ahmed	San Francisco Giants,False
2024_topps_update,2024,Topps,Update,Golden Mirror Image Variations,,US99,Ryan Feltner,Colorado Rockies,Golden Mirror Image Variations	US99	Ryan Feltner	Colorado Rockies,False
2024_topps_update,2024,Topps,Update,Golden Mirror Image Variations,,US100,Paul Skenes,Pittsburgh Pirates,Golden Mirror Image Variations	US100	Paul Skenes	Pittsburgh Pirates,False
2024_topps_update,2024,Topps,Update,Golden Mirror Image Variations,,US101,Hunter Harvey,Washington Nationals,Golden Mirror Image Variations	US101	Hunter Harvey	Washington Nationals,False
2024_topps_update,2024,Topps,Update,Golden Mirror Image Variations,,US102,Jason Adam,Tampa Bay Rays,Golden Mirror Image Variations	US102	Jason Adam	Tampa Bay Rays,False
2024_topps_update,2024,Topps,Update,Golden Mirror Image Variations,,US103,Ryan Weathers,Miami Marlins,Golden Mirror Image Variations	US103	Ryan Weathers	Miami Marlins,False
2024_topps_update,2024,Topps,Update,Golden Mirror Image Variations,,US104,David Peterson,New York Mets,Golden Mirror Image Variations	US104	David Peterson	New York Mets,False
2024_topps_update,2024,Topps,Update,Golden Mirror Image Variations,,US105,Bryan Hudson,Milwaukee Brewers,Golden Mirror Image Variations	US105	Bryan Hudson	Milwaukee Brewers,False
2024_topps_update,2024,Topps,Update,Golden Mirror Image Variations,,US106,Porter Hodge RC / Jake Wong RC,Chicago Cubs,Golden Mirror Image Variations	US106	Porter Hodge RC / Jake Wong RC	Chicago Cubs,True
2024_topps_update,2024,Topps,Update,Golden Mirror Image Variations,,US107,René Pinto,Tampa Bay Rays,Golden Mirror Image Variations	US107	René Pinto	Tampa Bay Rays,False
2024_topps_update,2024,Topps,Update,Golden Mirror Image Variations,,US108,Andy Pages,Los Angeles Dodgers	- Rookie Debut,Golden Mirror Image Variations	US108	Andy Pages	Los Angeles Dodgers	- Rookie Debut,False
2024_topps_update,2024,Topps,Update,Golden Mirror Image Variations,,US109,Cole Winn,Texas Rangers,Golden Mirror Image Variations	US109	Cole Winn	Texas Rangers,False
2024_topps_update,2024,Topps,Update,Golden Mirror Image Variations,,US110,Ceddanne Rafaela,Boston Red Sox	- Rookie Debut,Golden Mirror Image Variations	US110	Ceddanne Rafaela	Boston Red Sox	- Rookie Debut,False
2024_topps_update,2024,Topps,Update,Golden Mirror Image Variations,,US111,Ryan Fernandez,St. Louis Cardinals,Golden Mirror Image Variations	US111	Ryan Fernandez	St. Louis Cardinals,False
2024_topps_update,2024,Topps,Update,Golden Mirror Image Variations,,US112,DL Hall,Milwaukee Brewers,Golden Mirror Image Variations	US112	DL Hall	Milwaukee Brewers,False
2024_topps_update,2024,Topps,Update,Golden Mirror Image Variations,,US113,Michael Siani,St. Louis Cardinals,Golden Mirror Image Variations	US113	Michael Siani	St. Louis Cardinals,False
2024_topps_update,2024,Topps,Update,Golden Mirror Image Variations,,US114,Austin Martin,Minnesota Twins	- Rookie Debut,Golden Mirror Image Variations	US114	Austin Martin	Minnesota Twins	- Rookie Debut,False
2024_topps_update,2024,Topps,Update,Golden Mirror Image Variations,,US115,Dylan Cease,San Diego Padres,Golden Mirror Image Variations	US115	Dylan Cease	San Diego Padres,False
2024_topps_update,2024,Topps,Update,Golden Mirror Image Variations,,US116,Tyler Soderstrom,Oakland Athletics	- Rookie Debut,Golden Mirror Image Variations	US116	Tyler Soderstrom	Oakland Athletics	- Rookie Debut,False
2024_topps_update,2024,Topps,Update,Golden Mirror Image Variations,,US117,Eddie Rosario,Washington Nationals,Golden Mirror Image Variations	US117	Eddie Rosario	Washington Nationals,False
2024_topps_update,2024,Topps,Update,Golden Mirror Image Variations,,US118,Carlos Carrasco,Cleveland Guardians,Golden Mirror Image Variations	US118	Carlos Carrasco	Cleveland Guardians,False
2024_topps_update,2024,Topps,Update,Golden Mirror Image Variations,,US119,Robert Gasser,Milwaukee Brewers,Golden Mirror Image Variations	US119	Robert Gasser	Milwaukee Brewers,False
2024_topps_update,2024,Topps,Update,Golden Mirror Image Variations,,US120,Dylan Lee,Atlanta Braves,Golden Mirror Image Variations	US120	Dylan Lee	Atlanta Braves,False
2024_topps_update,2024,Topps,Update,Golden Mirror Image Variations,,US121,Ryne Stanek,Seattle Mariners,Golden Mirror Image Variations	US121	Ryne Stanek	Seattle Mariners,False
2024_topps_update,2024,Topps,Update,Golden Mirror Image Variations,,US122,Joey Bart,Pittsburgh Pirates,Golden Mirror Image Variations	US122	Joey Bart	Pittsburgh Pirates,False
2024_topps_update,2024,Topps,Update,Golden Mirror Image Variations,,US123,Shohei Ohtani,Los Angeles Dodgers	- Season Highlights,Golden Mirror Image Variations	US123	Shohei Ohtani	Los Angeles Dodgers	- Season Highlights,False
2024_topps_update,2024,Topps,Update,Golden Mirror Image Variations,,US124,Jon Berti,New York Yankees,Golden Mirror Image Variations	US124	Jon Berti	New York Yankees,False
2024_topps_update,2024,Topps,Update,Golden Mirror Image Variations,,US125,Jordan Westburg,Baltimore Orioles	- Rookie Debut,Golden Mirror Image Variations	US125	Jordan Westburg	Baltimore Orioles	- Rookie Debut,False
2024_topps_update,2024,Topps,Update,Golden Mirror Image Variations,,US126,Cade Cavalli,Washington Nationals,Golden Mirror Image Variations	US126	Cade Cavalli	Washington Nationals,False
2024_topps_update,2024,Topps,Update,Golden Mirror Image Variations,,US127,Landon Knack,Los Angeles Dodgers,Golden Mirror Image Variations	US127	Landon Knack	Los Angeles Dodgers,False
2024_topps_update,2024,Topps,Update,Golden Mirror Image Variations,,US128,Lane Ramsey RC / Edgar Navarro RC,Chicago White Sox,Golden Mirror Image Variations	US128	Lane Ramsey RC / Edgar Navarro RC	Chicago White Sox,True
2024_topps_update,2024,Topps,Update,Golden Mirror Image Variations,,US129,Tanner Banks,Chicago White Sox,Golden Mirror Image Variations	US129	Tanner Banks	Chicago White Sox,False
2024_topps_update,2024,Topps,Update,Golden Mirror Image Variations,,US130,Joey Estes,Oakland Athletics,Golden Mirror Image Variations	US130	Joey Estes	Oakland Athletics,False
2024_topps_update,2024,Topps,Update,Golden Mirror Image Variations,,US131,Zack Gelof,Oakland Athletics	- Rookie Debut,Golden Mirror Image Variations	US131	Zack Gelof	Oakland Athletics	- Rookie Debut,False
2024_topps_update,2024,Topps,Update,Golden Mirror Image Variations,,US132,Darell Hernaiz,Oakland Athletics,Golden Mirror Image Variations	US132	Darell Hernaiz	Oakland Athletics,False
2024_topps_update,2024,Topps,Update,Golden Mirror Image Variations,,US133,Matt Carpenter,St. Louis Cardinals,Golden Mirror Image Variations	US133	Matt Carpenter	St. Louis Cardinals,False
2024_topps_update,2024,Topps,Update,Golden Mirror Image Variations,,US134,Cade Smith,Cleveland Guardians,Golden Mirror Image Variations	US134	Cade Smith	Cleveland Guardians,False
2024_topps_update,2024,Topps,Update,Golden Mirror Image Variations,,US135,Joe Ross,Milwaukee Brewers,Golden Mirror Image Variations	US135	Joe Ross	Milwaukee Brewers,False
2024_topps_update,2024,Topps,Update,Golden Mirror Image Variations,,US136,Joey Gallo,Washington Nationals,Golden Mirror Image Variations	US136	Joey Gallo	Washington Nationals,False
2024_topps_update,2024,Topps,Update,Golden Mirror Image Variations,,US137,Robert Garcia,Washington Nationals,Golden Mirror Image Variations	US137	Robert Garcia	Washington Nationals,False
2024_topps_update,2024,Topps,Update,Golden Mirror Image Variations,,US138,Cole Irvin,Baltimore Orioles,Golden Mirror Image Variations	US138	Cole Irvin	Baltimore Orioles,False
2024_topps_update,2024,Topps,Update,Golden Mirror Image Variations,,US139,Zack Littell,Tampa Bay Rays,Golden Mirror Image Variations	US139	Zack Littell	Tampa Bay Rays,False
2024_topps_update,2024,Topps,Update,Golden Mirror Image Variations,,US140,Michael Rucker,Philadelphia Phillies,Golden Mirror Image Variations	US140	Michael Rucker	Philadelphia Phillies,False
2024_topps_update,2024,Topps,Update,Golden Mirror Image Variations,,US141,Emmet Sheehan,Los Angeles Dodgers	- Rookie Debut,Golden Mirror Image Variations	US141	Emmet Sheehan	Los Angeles Dodgers	- Rookie Debut,False
2024_topps_update,2024,Topps,Update,Golden Mirror Image Variations,,US142,Jeimer Candelario,Cincinnati Reds,Golden Mirror Image Variations	US142	Jeimer Candelario	Cincinnati Reds,False
2024_topps_update,2024,Topps,Update,Golden Mirror Image Variations,,US143,Trey Lipscomb,Washington Nationals,Golden Mirror Image Variations	US143	Trey Lipscomb	Washington Nationals,False
2024_topps_update,2024,Topps,Update,Golden Mirror Image Variations,,US144,Tyler Black,Milwaukee Brewers,Golden Mirror Image Variations	US144	Tyler Black	Milwaukee Brewers,False
2024_topps_update,2024,Topps,Update,Golden Mirror Image Variations,,US145,Adrian Houser,New York Mets,Golden Mirror Image Variations	US145	Adrian Houser	New York Mets,False
2024_topps_update,2024,Topps,Update,Golden Mirror Image Variations,,US146,Frankie Montas,Cincinnati Reds,Golden Mirror Image Variations	US146	Frankie Montas	Cincinnati Reds,False
2024_topps_update,2024,Topps,Update,Golden Mirror Image Variations,,US147,Joey Loperfido,Houston Astros	- Rookie Debut,Golden Mirror Image Variations	US147	Joey Loperfido	Houston Astros	- Rookie Debut,False
2024_topps_update,2024,Topps,Update,Golden Mirror Image Variations,,US148,Kris Bubic,Kansas City Royals,Golden Mirror Image Variations	US148	Kris Bubic	Kansas City Royals,False
2024_topps_update,2024,Topps,Update,Golden Mirror Image Variations,,US149,Yoshinobu Yamamoto,Los Angeles Dodgers	- Rookie Debut,Golden Mirror Image Variations	US149	Yoshinobu Yamamoto	Los Angeles Dodgers	- Rookie Debut,False
2024_topps_update,2024,Topps,Update,Golden Mirror Image Variations,,US150,Tyler Black,Milwaukee Brewers	- Rookie Debut,Golden Mirror Image Variations	US150	Tyler Black	Milwaukee Brewers	- Rookie Debut,False
2024_topps_update,2024,Topps,Update,Golden Mirror Image Variations,,US151,Wyatt Langford,Texas Rangers,Golden Mirror Image Variations	US151	Wyatt Langford	Texas Rangers,False
2024_topps_update,2024,Topps,Update,Golden Mirror Image Variations,,US152,Alex Verdugo,New York Yankees,Golden Mirror Image Variations	US152	Alex Verdugo	New York Yankees,False
2024_topps_update,2024,Topps,Update,Golden Mirror Image Variations,,US153,Joel Payamps,Milwaukee Brewers,Golden Mirror Image Variations	US153	Joel Payamps	Milwaukee Brewers,False
2024_topps_update,2024,Topps,Update,Golden Mirror Image Variations,,US154,Orlando Arcia / Francisco Lindor,Atlanta Braves	- Combo Card,Golden Mirror Image Variations	US154	Orlando Arcia / Francisco Lindor	Atlanta Braves	- Combo Card,True
2024_topps_update,2024,Topps,Update,Golden Mirror Image Variations,,US154,Orlando Arcia / Francisco Lindor,New York Mets	- Combo Card,Golden Mirror Image Variations	US154	Orlando Arcia / Francisco Lindor	New York Mets	- Combo Card,True
2024_topps_update,2024,Topps,Update,Golden Mirror Image Variations,,US155,Jackson Chourio,Milwaukee Brewers	- Rookie Debut,Golden Mirror Image Variations	US155	Jackson Chourio	Milwaukee Brewers	- Rookie Debut,False
2024_topps_update,2024,Topps,Update,Golden Mirror Image Variations,,US156,Jack Leiter,Texas Rangers,Golden Mirror Image Variations	US156	Jack Leiter	Texas Rangers,False
2024_topps_update,2024,Topps,Update,Golden Mirror Image Variations,,US157,Ronny Mauricio,New York Mets	- Rookie Debut,Golden Mirror Image Variations	US157	Ronny Mauricio	New York Mets	- Rookie Debut,False
2024_topps_update,2024,Topps,Update,Golden Mirror Image Variations,,US158,Danny Coulombe,Baltimore Orioles,Golden Mirror Image Variations	US158	Danny Coulombe	Baltimore Orioles,False
2024_topps_update,2024,Topps,Update,Golden Mirror Image Variations,,US159,Chris Martin,Boston Red Sox,Golden Mirror Image Variations	US159	Chris Martin	Boston Red Sox,False
2024_topps_update,2024,Topps,Update,Golden Mirror Image Variations,,US160,Yasmani Grandal / Paul Skenes,Pittsburgh Pirates	- Combo Card,Golden Mirror Image Variations	US160	Yasmani Grandal / Paul Skenes	Pittsburgh Pirates	- Combo Card,True
2024_topps_update,2024,Topps,Update,Golden Mirror Image Variations,,US161,José Caballero,Tampa Bay Rays,Golden Mirror Image Variations	US161	José Caballero	Tampa Bay Rays,False
2024_topps_update,2024,Topps,Update,Golden Mirror Image Variations,,US162,Henry Davis,Pittsburgh Pirates	- Rookie Debut,Golden Mirror Image Variations	US162	Henry Davis	Pittsburgh Pirates	- Rookie Debut,False
2024_topps_update,2024,Topps,Update,Golden Mirror Image Variations,,US163,Clayton Andrews RC / Josh Maciejewski RC,New York Yankees,Golden Mirror Image Variations	US163	Clayton Andrews RC / Josh Maciejewski RC	New York Yankees,True
2024_topps_update,2024,Topps,Update,Golden Mirror Image Variations,,US164,Jesse Winker,Washington Nationals,Golden Mirror Image Variations	US164	Jesse Winker	Washington Nationals,False
2024_topps_update,2024,Topps,Update,Golden Mirror Image Variations,,US165,Jacob Hurtubise,Cincinnati Reds,Golden Mirror Image Variations	US165	Jacob Hurtubise	Cincinnati Reds,False
2024_topps_update,2024,Topps,Update,Golden Mirror Image Variations,,US166,Michael Wacha,Kansas City Royals,Golden Mirror Image Variations	US166	Michael Wacha	Kansas City Royals,False
2024_topps_update,2024,Topps,Update,Golden Mirror Image Variations,,US167,Luke Maile,Cincinnati Reds,Golden Mirror Image Variations	US167	Luke Maile	Cincinnati Reds,False
2024_topps_update,2024,Topps,Update,Golden Mirror Image Variations,,US168,Matt Brash,Seattle Mariners,Golden Mirror Image Variations	US168	Matt Brash	Seattle Mariners,False
2024_topps_update,2024,Topps,Update,Golden Mirror Image Variations,,US169,Jackson Merrill,San Diego Padres	- Rookie Debut,Golden Mirror Image Variations	US169	Jackson Merrill	San Diego Padres	- Rookie Debut,False
2024_topps_update,2024,Topps,Update,Golden Mirror Image Variations,,US170,Tom Murphy,San Francisco Giants,Golden Mirror Image Variations	US170	Tom Murphy	San Francisco Giants,False
2024_topps_update,2024,Topps,Update,Golden Mirror Image Variations,,US171,Colin Rea,Milwaukee Brewers,Golden Mirror Image Variations	US171	Colin Rea	Milwaukee Brewers,False
2024_topps_update,2024,Topps,Update,Golden Mirror Image Variations,,US172,Colin Holderman,Pittsburgh Pirates,Golden Mirror Image Variations	US172	Colin Holderman	Pittsburgh Pirates,False
2024_topps_update,2024,Topps,Update,Golden Mirror Image Variations,,US173,Omar Narváez,New York Mets,Golden Mirror Image Variations	US173	Omar Narváez	New York Mets,False
2024_topps_update,2024,Topps,Update,Golden Mirror Image Variations,,US174,Austin Hedges,Cleveland Guardians,Golden Mirror Image Variations	US174	Austin Hedges	Cleveland Guardians,False
2024_topps_update,2024,Topps,Update,Golden Mirror Image Variations,,US175,Jasson Domínguez,New York Yankees	- Rookie Debut,Golden Mirror Image Variations	US175	Jasson Domínguez	New York Yankees	- Rookie Debut,False
2024_topps_update,2024,Topps,Update,Golden Mirror Image Variations,,US176,Lucas Giolito,Boston Red Sox,Golden Mirror Image Variations	US176	Lucas Giolito	Boston Red Sox,False
2024_topps_update,2024,Topps,Update,Golden Mirror Image Variations,,US177,Trevor Williams,Washington Nationals,Golden Mirror Image Variations	US177	Trevor Williams	Washington Nationals,False
2024_topps_update,2024,Topps,Update,Golden Mirror Image Variations,,US178,Justin Slaten,Boston Red Sox,Golden Mirror Image Variations	US178	Justin Slaten	Boston Red Sox,False
2024_topps_update,2024,Topps,Update,Golden Mirror Image Variations,,US179,Mason Black,San Francisco Giants,Golden Mirror Image Variations	US179	Mason Black	San Francisco Giants,False
2024_topps_update,2024,Topps,Update,Golden Mirror Image Variations,,US180,Seby Zavala,Seattle Mariners,Golden Mirror Image Variations	US180	Seby Zavala	Seattle Mariners,False
2024_topps_update,2024,Topps,Update,Golden Mirror Image Variations,,US181,Aaron Judge / Juan Soto,New York Yankees	- Combo Card,Golden Mirror Image Variations	US181	Aaron Judge / Juan Soto	New York Yankees	- Combo Card,True
2024_topps_update,2024,Topps,Update,Golden Mirror Image Variations,,US182,Matt Moore,Los Angeles Angels,Golden Mirror Image Variations	US182	Matt Moore	Los Angeles Angels,False
2024_topps_update,2024,Topps,Update,Golden Mirror Image Variations,,US183,Ben Brown,Chicago Cubs,Golden Mirror Image Variations	US183	Ben Brown	Chicago Cubs,False
2024_topps_update,2024,Topps,Update,Golden Mirror Image Variations,,US184,Ronel Blanco,Houston Astros	- Season Highlights,Golden Mirror Image Variations	US184	Ronel Blanco	Houston Astros	- Season Highlights,False
2024_topps_update,2024,Topps,Update,Golden Mirror Image Variations,,US185,Jhonny Pereda RC / Emmanuel Ramirez RC,Miami Marlins,Golden Mirror Image Variations	US185	Jhonny Pereda RC / Emmanuel Ramirez RC	Miami Marlins,True
2024_topps_update,2024,Topps,Update,Golden Mirror Image Variations,,US186,Landen Roupp,San Francisco Giants,Golden Mirror Image Variations	US186	Landen Roupp	San Francisco Giants,False
2024_topps_update,2024,Topps,Update,Golden Mirror Image Variations,,US187,Noelvi Marte,Cincinnati Reds	- Rookie Debut,Golden Mirror Image Variations	US187	Noelvi Marte	Cincinnati Reds	- Rookie Debut,False
2024_topps_update,2024,Topps,Update,Golden Mirror Image Variations,,US188,Eduardo Rodriguez,Arizona Diamondbacks,Golden Mirror Image Variations	US188	Eduardo Rodriguez	Arizona Diamondbacks,False
2024_topps_update,2024,Topps,Update,Golden Mirror Image Variations,,US189,Kyle Leahy RC / Chris Roycroft RC,St. Louis Cardinals,Golden Mirror Image Variations	US189	Kyle Leahy RC / Chris Roycroft RC	St. Louis Cardinals,True
2024_topps_update,2024,Topps,Update,Golden Mirror Image Variations,,US190,Travis Jankowski,Texas Rangers,Golden Mirror Image Variations	US190	Travis Jankowski	Texas Rangers,False
2024_topps_update,2024,Topps,Update,Golden Mirror Image Variations,,US191,Josh Gibson,Homestead	- Season Highlights,Golden Mirror Image Variations	US191	Josh Gibson	Homestead	- Season Highlights,False
2024_topps_update,2024,Topps,Update,Golden Mirror Image Variations,,US192,Colt Keith,Detroit Tigers	- Rookie Debut,Golden Mirror Image Variations	US192	Colt Keith	Detroit Tigers	- Rookie Debut,False
2024_topps_update,2024,Topps,Update,Golden Mirror Image Variations,,US193,Nolan Schanuel,Los Angeles Angels	- Rookie Debut,Golden Mirror Image Variations	US193	Nolan Schanuel	Los Angeles Angels	- Rookie Debut,False
2024_topps_update,2024,Topps,Update,Golden Mirror Image Variations,,US194,Jurickson Profar,San Diego Padres,Golden Mirror Image Variations	US194	Jurickson Profar	San Diego Padres,False
2024_topps_update,2024,Topps,Update,Golden Mirror Image Variations,,US195,Carson Kelly,Detroit Tigers,Golden Mirror Image Variations	US195	Carson Kelly	Detroit Tigers,False
2024_topps_update,2024,Topps,Update,Golden Mirror Image Variations,,US196,Blake Treinen,Los Angeles Dodgers,Golden Mirror Image Variations	US196	Blake Treinen	Los Angeles Dodgers,False
2024_topps_update,2024,Topps,Update,Golden Mirror Image Variations,,US197,Blaze Alexander,Arizona Diamondbacks,Golden Mirror Image Variations	US197	Blaze Alexander	Arizona Diamondbacks,False
2024_topps_update,2024,Topps,Update,Golden Mirror Image Variations,,US198,Jordan Beck,Colorado Rockies	- Rookie Debut,Golden Mirror Image Variations	US198	Jordan Beck	Colorado Rockies	- Rookie Debut,False
2024_topps_update,2024,Topps,Update,Golden Mirror Image Variations,,US199,Brett Harris,Oakland Athletics,Golden Mirror Image Variations	US199	Brett Harris	Oakland Athletics,False
2024_topps_update,2024,Topps,Update,Golden Mirror Image Variations,,US200,Luis Arraez,San Diego Padres,Golden Mirror Image Variations	US200	Luis Arraez	San Diego Padres,False
2024_topps_update,2024,Topps,Update,Golden Mirror Image Variations,,US201,Christian Encarnacion-Strand,Cincinnati Reds	- Rookie Debut,Golden Mirror Image Variations	US201	Christian Encarnacion-Strand	Cincinnati Reds	- Rookie Debut,False
2024_topps_update,2024,Topps,Update,Golden Mirror Image Variations,,US202,Miguel Andujar,Oakland Athletics,Golden Mirror Image Variations	US202	Miguel Andujar	Oakland Athletics,False
2024_topps_update,2024,Topps,Update,Golden Mirror Image Variations,,US203,Tim Mayza,Toronto Blue Jays,Golden Mirror Image Variations	US203	Tim Mayza	Toronto Blue Jays,False
2024_topps_update,2024,Topps,Update,Golden Mirror Image Variations,,US204,Kevin Newman,Arizona Diamondbacks,Golden Mirror Image Variations	US204	Kevin Newman	Arizona Diamondbacks,False
2024_topps_update,2024,Topps,Update,Golden Mirror Image Variations,,US205,Seiya Suzuki / Shota Imanaga,Chicago Cubs	- Combo Card,Golden Mirror Image Variations	US205	Seiya Suzuki / Shota Imanaga	Chicago Cubs	- Combo Card,True
2024_topps_update,2024,Topps,Update,Golden Mirror Image Variations,,US206,Jake Bauers,Milwaukee Brewers,Golden Mirror Image Variations	US206	Jake Bauers	Milwaukee Brewers,False
2024_topps_update,2024,Topps,Update,Golden Mirror Image Variations,,US207,Josh Smith,Texas Rangers,Golden Mirror Image Variations	US207	Josh Smith	Texas Rangers,False
2024_topps_update,2024,Topps,Update,Golden Mirror Image Variations,,US208,Rowdy Tellez,Pittsburgh Pirates,Golden Mirror Image Variations	US208	Rowdy Tellez	Pittsburgh Pirates,False
2024_topps_update,2024,Topps,Update,Golden Mirror Image Variations,,US209,Bailey Falter,Pittsburgh Pirates,Golden Mirror Image Variations	US209	Bailey Falter	Pittsburgh Pirates,False
2024_topps_update,2024,Topps,Update,Golden Mirror Image Variations,,US210,Jackson Merrill,San Diego Padres,Golden Mirror Image Variations	US210	Jackson Merrill	San Diego Padres,False
2024_topps_update,2024,Topps,Update,Golden Mirror Image Variations,,US211,Hunter Gaddis,Cleveland Guardians,Golden Mirror Image Variations	US211	Hunter Gaddis	Cleveland Guardians,False
2024_topps_update,2024,Topps,Update,Golden Mirror Image Variations,,US212,Kai-Wei Teng,San Francisco Giants,Golden Mirror Image Variations	US212	Kai-Wei Teng	San Francisco Giants,False
2024_topps_update,2024,Topps,Update,Golden Mirror Image Variations,,US213,Richie Palacios,Tampa Bay Rays,Golden Mirror Image Variations	US213	Richie Palacios	Tampa Bay Rays,False
2024_topps_update,2024,Topps,Update,Golden Mirror Image Variations,,US214,Kevin Pillar,Los Angeles Angels,Golden Mirror Image Variations	US214	Kevin Pillar	Los Angeles Angels,False
2024_topps_update,2024,Topps,Update,Golden Mirror Image Variations,,US215,Adam Frazier,Kansas City Royals,Golden Mirror Image Variations	US215	Adam Frazier	Kansas City Royals,False
2024_topps_update,2024,Topps,Update,Golden Mirror Image Variations,,US216,Vidal Bruján,Miami Marlins,Golden Mirror Image Variations	US216	Vidal Bruján	Miami Marlins,False
2024_topps_update,2024,Topps,Update,Golden Mirror Image Variations,,US217,Marco Luciano,San Francisco Giants	- Rookie Debut,Golden Mirror Image Variations	US217	Marco Luciano	San Francisco Giants	- Rookie Debut,False
2024_topps_update,2024,Topps,Update,Golden Mirror Image Variations,,US218,Christian Scott,New York Mets,Golden Mirror Image Variations	US218	Christian Scott	New York Mets,False
2024_topps_update,2024,Topps,Update,Golden Mirror Image Variations,,US219,Michael Stefanic,Los Angeles Angels,Golden Mirror Image Variations	US219	Michael Stefanic	Los Angeles Angels,False
2024_topps_update,2024,Topps,Update,Golden Mirror Image Variations,,US220,Max Schuemann,Oakland Athletics,Golden Mirror Image Variations	US220	Max Schuemann	Oakland Athletics,False
2024_topps_update,2024,Topps,Update,Golden Mirror Image Variations,,US221,Andy Pages,Los Angeles Dodgers,Golden Mirror Image Variations	US221	Andy Pages	Los Angeles Dodgers,False
2024_topps_update,2024,Topps,Update,Golden Mirror Image Variations,,US222,Alex Speas,Houston Astros,Golden Mirror Image Variations	US222	Alex Speas	Houston Astros,False
2024_topps_update,2024,Topps,Update,Golden Mirror Image Variations,,US223,Junior Caminero,Tampa Bay Rays	- Rookie Debut,Golden Mirror Image Variations	US223	Junior Caminero	Tampa Bay Rays	- Rookie Debut,False
2024_topps_update,2024,Topps,Update,Golden Mirror Image Variations,,US224,Carlos Santana,Minnesota Twins,Golden Mirror Image Variations	US224	Carlos Santana	Minnesota Twins,False
2024_topps_update,2024,Topps,Update,Golden Mirror Image Variations,,US225,Nick Nastrini,Chicago White Sox,Golden Mirror Image Variations	US225	Nick Nastrini	Chicago White Sox,False
2024_topps_update,2024,Topps,Update,Golden Mirror Image Variations,,US226,Michael Lorenzen,Texas Rangers,Golden Mirror Image Variations	US226	Michael Lorenzen	Texas Rangers,False
2024_topps_update,2024,Topps,Update,Golden Mirror Image Variations,,US227,Chandler Seagle RC / Mason McCoy RC,San Diego Padres	Rookie Combo,Golden Mirror Image Variations	US227	Chandler Seagle RC / Mason McCoy RC	San Diego Padres	Rookie Combo,True
2024_topps_update,2024,Topps,Update,Golden Mirror Image Variations,,US228,Jose Trevino,New York Yankees,Golden Mirror Image Variations	US228	Jose Trevino	New York Yankees,False
2024_topps_update,2024,Topps,Update,Golden Mirror Image Variations,,US229,Michael Taylor,Pittsburgh Pirates,Golden Mirror Image Variations	US229	Michael Taylor	Pittsburgh Pirates,False
2024_topps_update,2024,Topps,Update,Golden Mirror Image Variations,,US230,Jorge Polanco,Seattle Mariners,Golden Mirror Image Variations	US230	Jorge Polanco	Seattle Mariners,False
2024_topps_update,2024,Topps,Update,Golden Mirror Image Variations,,US231,J.D. Davis,New York Yankees,Golden Mirror Image Variations	US231	J.D. Davis	New York Yankees,False
2024_topps_update,2024,Topps,Update,Golden Mirror Image Variations,,US232,Jeff Hoffman,Philadelphia Phillies,Golden Mirror Image Variations	US232	Jeff Hoffman	Philadelphia Phillies,False
2024_topps_update,2024,Topps,Update,Golden Mirror Image Variations,,US233,Wenceel Pérez,Detroit Tigers,Golden Mirror Image Variations	US233	Wenceel Pérez	Detroit Tigers,False
2024_topps_update,2024,Topps,Update,Golden Mirror Image Variations,,US234,Ben Rortvedt,Tampa Bay Rays,Golden Mirror Image Variations	US234	Ben Rortvedt	Tampa Bay Rays,False
2024_topps_update,2024,Topps,Update,Golden Mirror Image Variations,,US235,Tyler Alexander,Tampa Bay Rays,Golden Mirror Image Variations	US235	Tyler Alexander	Tampa Bay Rays,False
2024_topps_update,2024,Topps,Update,Golden Mirror Image Variations,,US236,Max Meyer,Miami Marlins,Golden Mirror Image Variations	US236	Max Meyer	Miami Marlins,False
2024_topps_update,2024,Topps,Update,Golden Mirror Image Variations,,US237,Tanner Scott,Miami Marlins,Golden Mirror Image Variations	US237	Tanner Scott	Miami Marlins,False
2024_topps_update,2024,Topps,Update,Golden Mirror Image Variations,,US238,Elly De La Cruz / Julio Rodríguez,Cincinnati Reds	- Combo Card,Golden Mirror Image Variations	US238	Elly De La Cruz / Julio Rodríguez	Cincinnati Reds	- Combo Card,True
2024_topps_update,2024,Topps,Update,Golden Mirror Image Variations,,US238,Elly De La Cruz / Julio Rodríguez,Seattle Mariners	- Combo Card,Golden Mirror Image Variations	US238	Elly De La Cruz / Julio Rodríguez	Seattle Mariners	- Combo Card,True
2024_topps_update,2024,Topps,Update,Golden Mirror Image Variations,,US239,Spencer Turnbull,Philadelphia Phillies,Golden Mirror Image Variations	US239	Spencer Turnbull	Philadelphia Phillies,False
2024_topps_update,2024,Topps,Update,Golden Mirror Image Variations,,US240,Jackson Chourio,Milwaukee Brewers,Golden Mirror Image Variations	US240	Jackson Chourio	Milwaukee Brewers,False
2024_topps_update,2024,Topps,Update,Golden Mirror Image Variations,,US241,Anthony Rizzo,New York Yankees	- Season Highlights,Golden Mirror Image Variations	US241	Anthony Rizzo	New York Yankees	- Season Highlights,False
2024_topps_update,2024,Topps,Update,Golden Mirror Image Variations,,US242,Chris Roller,Milwaukee Brewers,Golden Mirror Image Variations	US242	Chris Roller	Milwaukee Brewers,False
2024_topps_update,2024,Topps,Update,Golden Mirror Image Variations,,US243,J.D. Martinez,New York Mets,Golden Mirror Image Variations	US243	J.D. Martinez	New York Mets,False
2024_topps_update,2024,Topps,Update,Golden Mirror Image Variations,,US244,Korey Lee,Chicago White Sox,Golden Mirror Image Variations	US244	Korey Lee	Chicago White Sox,False
2024_topps_update,2024,Topps,Update,Golden Mirror Image Variations,,US245,Luis Vázquez,Chicago Cubs,Golden Mirror Image Variations	US245	Luis Vázquez	Chicago Cubs,False
2024_topps_update,2024,Topps,Update,Golden Mirror Image Variations,,US246,Jacob Stallings,Colorado Rockies,Golden Mirror Image Variations	US246	Jacob Stallings	Colorado Rockies,False
2024_topps_update,2024,Topps,Update,Golden Mirror Image Variations,,US247,Eugenio Suárez,Arizona Diamondbacks,Golden Mirror Image Variations	US247	Eugenio Suárez	Arizona Diamondbacks,False
2024_topps_update,2024,Topps,Update,Golden Mirror Image Variations,,US248,Davis Wendzel,Texas Rangers,Golden Mirror Image Variations	US248	Davis Wendzel	Texas Rangers,False
2024_topps_update,2024,Topps,Update,Golden Mirror Image Variations,,US249,Tucker Barnhart,Arizona Diamondbacks,Golden Mirror Image Variations	US249	Tucker Barnhart	Arizona Diamondbacks,False
2024_topps_update,2024,Topps,Update,Golden Mirror Image Variations,,US250,LaMonte Wade Jr.,San Francisco Giants,Golden Mirror Image Variations	US250	LaMonte Wade Jr.	San Francisco Giants,False
2024_topps_update,2024,Topps,Update,Golden Mirror Image Variations,,US251,Tony Kemp,Cincinnati Reds,Golden Mirror Image Variations	US251	Tony Kemp	Cincinnati Reds,False
2024_topps_update,2024,Topps,Update,Golden Mirror Image Variations,,US252,Blair Henley RC / Shawn Dubin RC,Houston Astros,Golden Mirror Image Variations	US252	Blair Henley RC / Shawn Dubin RC	Houston Astros,True
2024_topps_update,2024,Topps,Update,Golden Mirror Image Variations,,US253,Christian Scott,New York Mets	- Rookie Debut,Golden Mirror Image Variations	US253	Christian Scott	New York Mets	- Rookie Debut,False
2024_topps_update,2024,Topps,Update,Golden Mirror Image Variations,,US254,Andrew McCutchen,Pittsburgh Pirates	- Season Highlights,Golden Mirror Image Variations	US254	Andrew McCutchen	Pittsburgh Pirates	- Season Highlights,False
2024_topps_update,2024,Topps,Update,Golden Mirror Image Variations,,US255,Nick Martinez,Cincinnati Reds,Golden Mirror Image Variations	US255	Nick Martinez	Cincinnati Reds,False
2024_topps_update,2024,Topps,Update,Golden Mirror Image Variations,,US256,Alec Burleson,St. Louis Cardinals,Golden Mirror Image Variations	US256	Alec Burleson	St. Louis Cardinals,False
2024_topps_update,2024,Topps,Update,Golden Mirror Image Variations,,US257,Joey Ortiz,Milwaukee Brewers,Golden Mirror Image Variations	US257	Joey Ortiz	Milwaukee Brewers,False
2024_topps_update,2024,Topps,Update,Golden Mirror Image Variations,,US258,Alex Vesia,Los Angeles Dodgers,Golden Mirror Image Variations	US258	Alex Vesia	Los Angeles Dodgers,False
2024_topps_update,2024,Topps,Update,Golden Mirror Image Variations,,US259,Stephen Kolek,San Diego Padres,Golden Mirror Image Variations	US259	Stephen Kolek	San Diego Padres,False
2024_topps_update,2024,Topps,Update,Golden Mirror Image Variations,,US260,Luke Raley,Seattle Mariners,Golden Mirror Image Variations	US260	Luke Raley	Seattle Mariners,False
2024_topps_update,2024,Topps,Update,Golden Mirror Image Variations,,US261,Austin Slater,San Francisco Giants,Golden Mirror Image Variations	US261	Austin Slater	San Francisco Giants,False
2024_topps_update,2024,Topps,Update,Golden Mirror Image Variations,,US262,Kyle Manzardo,Cleveland Guardians,Golden Mirror Image Variations	US262	Kyle Manzardo	Cleveland Guardians,False
2024_topps_update,2024,Topps,Update,Golden Mirror Image Variations,,US263,Ryan Helsley,St. Louis Cardinals,Golden Mirror Image Variations	US263	Ryan Helsley	St. Louis Cardinals,False
2024_topps_update,2024,Topps,Update,Golden Mirror Image Variations,,US264,Nick Senzel,Washington Nationals,Golden Mirror Image Variations	US264	Nick Senzel	Washington Nationals,False
2024_topps_update,2024,Topps,Update,Golden Mirror Image Variations,,US265,Blaze Alexander,Arizona Diamondbacks	- Rookie Debut,Golden Mirror Image Variations	US265	Blaze Alexander	Arizona Diamondbacks	- Rookie Debut,False
2024_topps_update,2024,Topps,Update,Golden Mirror Image Variations,,US266,Tyler Wade,San Diego Padres,Golden Mirror Image Variations	US266	Tyler Wade	San Diego Padres,False
2024_topps_update,2024,Topps,Update,Golden Mirror Image Variations,,US267,Nasim Nuñez,Washington Nationals,Golden Mirror Image Variations	US267	Nasim Nuñez	Washington Nationals,False
2024_topps_update,2024,Topps,Update,Golden Mirror Image Variations,,US268,Naoyuki Uwasawa,Boston Red Sox,Golden Mirror Image Variations	US268	Naoyuki Uwasawa	Boston Red Sox,False
2024_topps_update,2024,Topps,Update,Golden Mirror Image Variations,,US269,Jordan Beck,Colorado Rockies,Golden Mirror Image Variations	US269	Jordan Beck	Colorado Rockies,False
2024_topps_update,2024,Topps,Update,Golden Mirror Image Variations,,US270,Evan Justice RC / Anthony Molina RC,Colorado Rockies,Golden Mirror Image Variations	US270	Evan Justice RC / Anthony Molina RC	Colorado Rockies,True
2024_topps_update,2024,Topps,Update,Golden Mirror Image Variations,,US271,Erik Miller RC / Nick Avila RC,San Francisco Giants,Golden Mirror Image Variations	US271	Erik Miller RC / Nick Avila RC	San Francisco Giants,True
2024_topps_update,2024,Topps,Update,Golden Mirror Image Variations,,US272,Masyn Winn,St. Louis Cardinals	- Rookie Debut,Golden Mirror Image Variations	US272	Masyn Winn	St. Louis Cardinals	- Rookie Debut,False
2024_topps_update,2024,Topps,Update,Golden Mirror Image Variations,,US273,Tyler O'Neill,Boston Red Sox,Golden Mirror Image Variations	US273	Tyler O'Neill	Boston Red Sox,False
2024_topps_update,2024,Topps,Update,Golden Mirror Image Variations,,US274,Matt Thaiss,Los Angeles Angels,Golden Mirror Image Variations	US274	Matt Thaiss	Los Angeles Angels,False
2024_topps_update,2024,Topps,Update,Golden Mirror Image Variations,,US275,Austin Shenton,Tampa Bay Rays,Golden Mirror Image Variations	US275	Austin Shenton	Tampa Bay Rays,False
2024_topps_update,2024,Topps,Update,Golden Mirror Image Variations,,US276,Alex Wood,Oakland Athletics,Golden Mirror Image Variations	US276	Alex Wood	Oakland Athletics,False
2024_topps_update,2024,Topps,Update,Golden Mirror Image Variations,,US277,Robbie Ray,San Francisco Giants,Golden Mirror Image Variations	US277	Robbie Ray	San Francisco Giants,False
2024_topps_update,2024,Topps,Update,Golden Mirror Image Variations,,US278,Mark Leiter,Chicago Cubs,Golden Mirror Image Variations	US278	Mark Leiter	Chicago Cubs,False
2024_topps_update,2024,Topps,Update,Golden Mirror Image Variations,,US279,Leo Rivas,Seattle Mariners,Golden Mirror Image Variations	US279	Leo Rivas	Seattle Mariners,False
2024_topps_update,2024,Topps,Update,Golden Mirror Image Variations,,US280,Keegan Akin,Baltimore Orioles,Golden Mirror Image Variations	US280	Keegan Akin	Baltimore Orioles,False
2024_topps_update,2024,Topps,Update,Golden Mirror Image Variations,,US281,Shota Imanaga,Chicago Cubs	- Rookie Debut,Golden Mirror Image Variations	US281	Shota Imanaga	Chicago Cubs	- Rookie Debut,False
2024_topps_update,2024,Topps,Update,Golden Mirror Image Variations,,US282,Adam Cimber,Los Angeles Angels,Golden Mirror Image Variations	US282	Adam Cimber	Los Angeles Angels,False
2024_topps_update,2024,Topps,Update,Golden Mirror Image Variations,,US283,Johnathan Rodríguez,Cleveland Guardians,Golden Mirror Image Variations	US283	Johnathan Rodríguez	Cleveland Guardians,False
2024_topps_update,2024,Topps,Update,Golden Mirror Image Variations,,US284,David Robertson,Texas Rangers,Golden Mirror Image Variations	US284	David Robertson	Texas Rangers,False
2024_topps_update,2024,Topps,Update,Golden Mirror Image Variations,,US285,Jackson Holliday / Gunnar Henderson,Baltimore Orioles	- Combo Card,Golden Mirror Image Variations	US285	Jackson Holliday / Gunnar Henderson	Baltimore Orioles	- Combo Card,True
2024_topps_update,2024,Topps,Update,Golden Mirror Image Variations,,US286,Jared Walsh,Texas Rangers,Golden Mirror Image Variations	US286	Jared Walsh	Texas Rangers,False
2024_topps_update,2024,Topps,Update,Golden Mirror Image Variations,,US287,Jordan Hicks,San Francisco Giants,Golden Mirror Image Variations	US287	Jordan Hicks	San Francisco Giants,False
2024_topps_update,2024,Topps,Update,Golden Mirror Image Variations,,US288,Paul Skenes,Pittsburgh Pirates	- Rookie Debut,Golden Mirror Image Variations	US288	Paul Skenes	Pittsburgh Pirates	- Rookie Debut,False
2024_topps_update,2024,Topps,Update,Golden Mirror Image Variations,,US289,Byron Buxton / Carlos Correa,Minnesota Twins	- Combo Card,Golden Mirror Image Variations	US289	Byron Buxton / Carlos Correa	Minnesota Twins	- Combo Card,True
2024_topps_update,2024,Topps,Update,Golden Mirror Image Variations,,US290,Jason Foley,Detroit Tigers,Golden Mirror Image Variations	US290	Jason Foley	Detroit Tigers,False
2024_topps_update,2024,Topps,Update,Golden Mirror Image Variations,,US291,Lenyn Sosa,Chicago White Sox,Golden Mirror Image Variations	US291	Lenyn Sosa	Chicago White Sox,False
2024_topps_update,2024,Topps,Update,Golden Mirror Image Variations,,US292,Miguel Sano,Los Angeles Angels,Golden Mirror Image Variations	US292	Miguel Sano	Los Angeles Angels,False
2024_topps_update,2024,Topps,Update,Golden Mirror Image Variations,,US293,Seth Lugo,Kansas City Royals,Golden Mirror Image Variations	US293	Seth Lugo	Kansas City Royals,False
2024_topps_update,2024,Topps,Update,Golden Mirror Image Variations,,US294,Gavin Williams,Cleveland Guardians	- Rookie Debut,Golden Mirror Image Variations	US294	Gavin Williams	Cleveland Guardians	- Rookie Debut,False
2024_topps_update,2024,Topps,Update,Golden Mirror Image Variations,,US295,Simeon Woods Richardson,Minnesota Twins,Golden Mirror Image Variations	US295	Simeon Woods Richardson	Minnesota Twins,False
2024_topps_update,2024,Topps,Update,Golden Mirror Image Variations,,US296,Justin Foscue,Texas Rangers,Golden Mirror Image Variations	US296	Justin Foscue	Texas Rangers,False
2024_topps_update,2024,Topps,Update,Golden Mirror Image Variations,,US297,Jordan Montgomery,Arizona Diamondbacks,Golden Mirror Image Variations	US297	Jordan Montgomery	Arizona Diamondbacks,False
2024_topps_update,2024,Topps,Update,Golden Mirror Image Variations,,US298,Robert Suarez,San Diego Padres,Golden Mirror Image Variations	US298	Robert Suarez	San Diego Padres,False
2024_topps_update,2024,Topps,Update,Golden Mirror Image Variations,,US299,Tobias Myers,Milwaukee Brewers,Golden Mirror Image Variations	US299	Tobias Myers	Milwaukee Brewers,False
2024_topps_update,2024,Topps,Update,Golden Mirror Image Variations,,US300,Tyler Glasnow,Los Angeles Dodgers,Golden Mirror Image Variations	US300	Tyler Glasnow	Los Angeles Dodgers,False
2024_topps_update,2024,Topps,Update,Golden Mirror Image Variations,,US301,Jesse Chavez,Atlanta Braves,Golden Mirror Image Variations	US301	Jesse Chavez	Atlanta Braves,False
2024_topps_update,2024,Topps,Update,Golden Mirror Image Variations,,US302,Kirby Yates,Texas Rangers,Golden Mirror Image Variations	US302	Kirby Yates	Texas Rangers,False
2024_topps_update,2024,Topps,Update,Golden Mirror Image Variations,,US303,Ildemaro Vargas,Washington Nationals,Golden Mirror Image Variations	US303	Ildemaro Vargas	Washington Nationals,False
2024_topps_update,2024,Topps,Update,Golden Mirror Image Variations,,US304,Andrew Abbott,Cincinnati Reds	- Rookie Debut,Golden Mirror Image Variations	US304	Andrew Abbott	Cincinnati Reds	- Rookie Debut,False
2024_topps_update,2024,Topps,Update,Golden Mirror Image Variations,,US305,Eli Villalobos RC / Anthony Maldonado RC,Miami Marlins,Golden Mirror Image Variations	US305	Eli Villalobos RC / Anthony Maldonado RC	Miami Marlins,True
2024_topps_update,2024,Topps,Update,Golden Mirror Image Variations,,US306,Easton Lucas RC / Angel Felipe RC,Oakland Athletics,Golden Mirror Image Variations	US306	Easton Lucas RC / Angel Felipe RC	Oakland Athletics,True
2024_topps_update,2024,Topps,Update,Golden Mirror Image Variations,,US307,Santiago Espinal,Cincinnati Reds,Golden Mirror Image Variations	US307	Santiago Espinal	Cincinnati Reds,False
2024_topps_update,2024,Topps,Update,Golden Mirror Image Variations,,US308,Fernando Cruz,Cincinnati Reds,Golden Mirror Image Variations	US308	Fernando Cruz	Cincinnati Reds,False
2024_topps_update,2024,Topps,Update,Golden Mirror Image Variations,,US309,Adam Ottavino,New York Mets,Golden Mirror Image Variations	US309	Adam Ottavino	New York Mets,False
2024_topps_update,2024,Topps,Update,Golden Mirror Image Variations,,US310,Oliver Dunn,Milwaukee Brewers,Golden Mirror Image Variations	US310	Oliver Dunn	Milwaukee Brewers,False
2024_topps_update,2024,Topps,Update,Golden Mirror Image Variations,,US311,TJ Hopkins,Detroit Tigers,Golden Mirror Image Variations	US311	TJ Hopkins	Detroit Tigers,False
2024_topps_update,2024,Topps,Update,Golden Mirror Image Variations,,US312,Erik Swanson,Toronto Blue Jays,Golden Mirror Image Variations	US312	Erik Swanson	Toronto Blue Jays,False
2024_topps_update,2024,Topps,Update,Golden Mirror Image Variations,,US313,Luis Gil,New York Yankees,Golden Mirror Image Variations	US313	Luis Gil	New York Yankees,False
2024_topps_update,2024,Topps,Update,Golden Mirror Image Variations,,US314,Jair Camargo,Minnesota Twins,Golden Mirror Image Variations	US314	Jair Camargo	Minnesota Twins,False
2024_topps_update,2024,Topps,Update,Golden Mirror Image Variations,,US315,David Bañuelos RC / Matt Krook RC,Baltimore Orioles,Golden Mirror Image Variations	US315	David Bañuelos RC / Matt Krook RC	Baltimore Orioles,True
2024_topps_update,2024,Topps,Update,Golden Mirror Image Variations,,US316,AJ Smith-Shawver,Atlanta Braves	- Rookie Debut,Golden Mirror Image Variations	US316	AJ Smith-Shawver	Atlanta Braves	- Rookie Debut,False
2024_topps_update,2024,Topps,Update,Golden Mirror Image Variations,,US317,Yariel Rodríguez,Toronto Blue Jays,Golden Mirror Image Variations	US317	Yariel Rodríguez	Toronto Blue Jays,False
2024_topps_update,2024,Topps,Update,Golden Mirror Image Variations,,US318,Nick Martini,Cincinnati Reds,Golden Mirror Image Variations	US318	Nick Martini	Cincinnati Reds,False
2024_topps_update,2024,Topps,Update,Golden Mirror Image Variations,,US319,Ronel Blanco,Houston Astros,Golden Mirror Image Variations	US319	Ronel Blanco	Houston Astros,False
2024_topps_update,2024,Topps,Update,Golden Mirror Image Variations,,US320,Zach DeLoach,Chicago White Sox,Golden Mirror Image Variations	US320	Zach DeLoach	Chicago White Sox,False
2024_topps_update,2024,Topps,Update,Golden Mirror Image Variations,,US321,Peter Fairbanks,Tampa Bay Rays,Golden Mirror Image Variations	US321	Peter Fairbanks	Tampa Bay Rays,False
2024_topps_update,2024,Topps,Update,Golden Mirror Image Variations,,US322,Roddery Muñoz,Miami Marlins,Golden Mirror Image Variations	US322	Roddery Muñoz	Miami Marlins,False
2024_topps_update,2024,Topps,Update,Golden Mirror Image Variations,,US323,Jon Singleton,Houston Astros,Golden Mirror Image Variations	US323	Jon Singleton	Houston Astros,False
2024_topps_update,2024,Topps,Update,Golden Mirror Image Variations,,US324,Dairon Blanco,Kansas City Royals,Golden Mirror Image Variations	US324	Dairon Blanco	Kansas City Royals,False
2024_topps_update,2024,Topps,Update,Golden Mirror Image Variations,,US325,Austin Wells,New York Yankees	- Rookie Debut,Golden Mirror Image Variations	US325	Austin Wells	New York Yankees	- Rookie Debut,False
2024_topps_update,2024,Topps,Update,Golden Mirror Image Variations,,US326,Giovanny Gallegos,St. Louis Cardinals,Golden Mirror Image Variations	US326	Giovanny Gallegos	St. Louis Cardinals,False
2024_topps_update,2024,Topps,Update,Golden Mirror Image Variations,,US327,Dinelson Lamet,Los Angeles Dodgers,Golden Mirror Image Variations	US327	Dinelson Lamet	Los Angeles Dodgers,False
2024_topps_update,2024,Topps,Update,Golden Mirror Image Variations,,US328,Ramón Urías,Baltimore Orioles,Golden Mirror Image Variations	US328	Ramón Urías	Baltimore Orioles,False
2024_topps_update,2024,Topps,Update,Golden Mirror Image Variations,,US329,Steven Matz,St. Louis Cardinals,Golden Mirror Image Variations	US329	Steven Matz	St. Louis Cardinals,False
2024_topps_update,2024,Topps,Update,Golden Mirror Image Variations,,US330,A.J. Puk,Miami Marlins,Golden Mirror Image Variations	US330	A.J. Puk	Miami Marlins,False
2024_topps_update,2024,Topps,Update,Golden Mirror Image Variations,,US331,Cody Bradford,Texas Rangers,Golden Mirror Image Variations	US331	Cody Bradford	Texas Rangers,False
2024_topps_update,2024,Topps,Update,Golden Mirror Image Variations,,US332,Andrew Chafin,Detroit Tigers,Golden Mirror Image Variations	US332	Andrew Chafin	Detroit Tigers,False
2024_topps_update,2024,Topps,Update,Golden Mirror Image Variations,,US333,Yasmani Grandal,Pittsburgh Pirates,Golden Mirror Image Variations	US333	Yasmani Grandal	Pittsburgh Pirates,False
2024_topps_update,2024,Topps,Update,Golden Mirror Image Variations,,US334,Mookie Betts,Los Angeles Dodgers	- Season Highlights,Golden Mirror Image Variations	US334	Mookie Betts	Los Angeles Dodgers	- Season Highlights,False
2024_topps_update,2024,Topps,Update,Golden Mirror Image Variations,,US335,Pierce Johnson,Atlanta Braves,Golden Mirror Image Variations	US335	Pierce Johnson	Atlanta Braves,False
2024_topps_update,2024,Topps,Update,Golden Mirror Image Variations,,US336,Addison Barger,Toronto Blue Jays,Golden Mirror Image Variations	US336	Addison Barger	Toronto Blue Jays,False
2024_topps_update,2024,Topps,Update,Golden Mirror Image Variations,,US337,Kyle Manzardo,Cleveland Guardians	- Rookie Debut,Golden Mirror Image Variations	US337	Kyle Manzardo	Cleveland Guardians	- Rookie Debut,False
2024_topps_update,2024,Topps,Update,Golden Mirror Image Variations,,US338,Pedro Pagés,St. Louis Cardinals,Golden Mirror Image Variations	US338	Pedro Pagés	St. Louis Cardinals,False
2024_topps_update,2024,Topps,Update,Golden Mirror Image Variations,,US339,Aroldis Chapman,Pittsburgh Pirates,Golden Mirror Image Variations	US339	Aroldis Chapman	Pittsburgh Pirates,False
2024_topps_update,2024,Topps,Update,Golden Mirror Image Variations,,US340,Gavin Stone,Los Angeles Dodgers,Golden Mirror Image Variations	US340	Gavin Stone	Los Angeles Dodgers,False
2024_topps_update,2024,Topps,Update,Golden Mirror Image Variations,,US341,Wyatt Langford,Texas Rangers	- Rookie Debut,Golden Mirror Image Variations	US341	Wyatt Langford	Texas Rangers	- Rookie Debut,False
2024_topps_update,2024,Topps,Update,Golden Mirror Image Variations,,US342,Dakota Hudson,Colorado Rockies,Golden Mirror Image Variations	US342	Dakota Hudson	Colorado Rockies,False
2024_topps_update,2024,Topps,Update,Golden Mirror Image Variations,,US343,Jung Hoo Lee,San Francisco Giants	- Rookie Debut,Golden Mirror Image Variations	US343	Jung Hoo Lee	San Francisco Giants	- Rookie Debut,False
2024_topps_update,2024,Topps,Update,Golden Mirror Image Variations,,US344,Ernie Clement,Toronto Blue Jays,Golden Mirror Image Variations	US344	Ernie Clement	Toronto Blue Jays,False
2024_topps_update,2024,Topps,Update,Golden Mirror Image Variations,,US345,Louie Varland,Minnesota Twins,Golden Mirror Image Variations	US345	Louie Varland	Minnesota Twins,False
2024_topps_update,2024,Topps,Update,Golden Mirror Image Variations,,US346,Gio Urshela,Detroit Tigers,Golden Mirror Image Variations	US346	Gio Urshela	Detroit Tigers,False
2024_topps_update,2024,Topps,Update,Golden Mirror Image Variations,,US347,Jonathan Cannon,Chicago White Sox,Golden Mirror Image Variations	US347	Jonathan Cannon	Chicago White Sox,False
2024_topps_update,2024,Topps,Update,Golden Mirror Image Variations,,US348,Hunter Stratton,Pittsburgh Pirates,Golden Mirror Image Variations	US348	Hunter Stratton	Pittsburgh Pirates,False
2024_topps_update,2024,Topps,Update,Golden Mirror Image Variations,,US349,Cam Eden,Toronto Blue Jays,Golden Mirror Image Variations	US349	Cam Eden	Toronto Blue Jays,False
2024_topps_update,2024,Topps,Update,Golden Mirror Image Variations,,US350,Elly De La Cruz,Cincinnati Reds	- Rookie Debut,Golden Mirror Image Variations	US350	Elly De La Cruz	Cincinnati Reds	- Rookie Debut,False
2024_topps_update,2024,Topps,Update,Heavy Lumber,,HL-41,Jordan Lawlar,Arizona Diamondbacks,Heavy Lumber	HL-41	Jordan Lawlar	Arizona Diamondbacks,False
2024_topps_update,2024,Topps,Update,Heavy Lumber,,HL-42,Corbin Carroll,Arizona Diamondbacks,Heavy Lumber	HL-42	Corbin Carroll	Arizona Diamondbacks,False
2024_topps_update,2024,Topps,Update,Heavy Lumber,,HL-43,Hank Aaron,Atlanta Braves,Heavy Lumber	HL-43	Hank Aaron	Atlanta Braves,False
2024_topps_update,2024,Topps,Update,Heavy Lumber,,HL-44,Reggie Jackson,New York Yankees,Heavy Lumber	HL-44	Reggie Jackson	New York Yankees,False
2024_topps_update,2024,Topps,Update,Heavy Lumber,,HL-45,Derek Jeter,New York Yankees,Heavy Lumber	HL-45	Derek Jeter	New York Yankees,False
2024_topps_update,2024,Topps,Update,Heavy Lumber,,HL-46,Lou Gehrig,New York Yankees,Heavy Lumber	HL-46	Lou Gehrig	New York Yankees,False
2024_topps_update,2024,Topps,Update,Heavy Lumber,,HL-47,Pete Crow-Armstrong,Chicago Cubs,Heavy Lumber	HL-47	Pete Crow-Armstrong	Chicago Cubs,False
2024_topps_update,2024,Topps,Update,Heavy Lumber,,HL-48,Cody Bellinger,Chicago Cubs,Heavy Lumber	HL-48	Cody Bellinger	Chicago Cubs,False
2024_topps_update,2024,Topps,Update,Heavy Lumber,,HL-49,Cal Ripken Jr.,Baltimore Orioles,Heavy Lumber	HL-49	Cal Ripken Jr.	Baltimore Orioles,False
2024_topps_update,2024,Topps,Update,Heavy Lumber,,HL-50,Gunnar Henderson,Baltimore Orioles,Heavy Lumber	HL-50	Gunnar Henderson	Baltimore Orioles,False
2024_topps_update,2024,Topps,Update,Heavy Lumber,,HL-51,Jackson Holliday,Baltimore Orioles,Heavy Lumber	HL-51	Jackson Holliday	Baltimore Orioles,False
2024_topps_update,2024,Topps,Update,Heavy Lumber,,HL-52,Ted Williams,Boston Red Sox,Heavy Lumber	HL-52	Ted Williams	Boston Red Sox,False
2024_topps_update,2024,Topps,Update,Heavy Lumber,,HL-53,Alex Bregman,Houston Astros,Heavy Lumber	HL-53	Alex Bregman	Houston Astros,False
2024_topps_update,2024,Topps,Update,Heavy Lumber,,HL-54,George Brett,Kansas City Royals,Heavy Lumber	HL-54	George Brett	Kansas City Royals,False
2024_topps_update,2024,Topps,Update,Heavy Lumber,,HL-55,Jackie Robinson,Brooklyn Dodgers,Heavy Lumber	HL-55	Jackie Robinson	Brooklyn Dodgers,False
2024_topps_update,2024,Topps,Update,Heavy Lumber,,HL-56,Jackson Chourio,Milwaukee Brewers,Heavy Lumber	HL-56	Jackson Chourio	Milwaukee Brewers,False
2024_topps_update,2024,Topps,Update,Heavy Lumber,,HL-57,Wyatt Langford,Texas Rangers,Heavy Lumber	HL-57	Wyatt Langford	Texas Rangers,False
2024_topps_update,2024,Topps,Update,Heavy Lumber,,HL-58,Mark McGwire,Oakland Athletics,Heavy Lumber	HL-58	Mark McGwire	Oakland Athletics,False
2024_topps_update,2024,Topps,Update,Heavy Lumber,,HL-59,Fernando Tatis Jr.,San Diego Padres,Heavy Lumber	HL-59	Fernando Tatis Jr.	San Diego Padres,False
2024_topps_update,2024,Topps,Update,Heavy Lumber,,HL-60,Manny Machado,San Diego Padres,Heavy Lumber	HL-60	Manny Machado	San Diego Padres,False
2024_topps_update,2024,Topps,Update,Heavy Lumber,,HL-61,Nolan Arenado,St. Louis Cardinals,Heavy Lumber	HL-61	Nolan Arenado	St. Louis Cardinals,False
2024_topps_update,2024,Topps,Update,Heavy Lumber,,HL-62,Juan Soto,New York Yankees,Heavy Lumber	HL-62	Juan Soto	New York Yankees,False
2024_topps_update,2024,Topps,Update,Heavy Lumber,,HL-63,Junior Caminero,Tampa Bay Rays,Heavy Lumber	HL-63	Junior Caminero	Tampa Bay Rays,False
2024_topps_update,2024,Topps,Update,Heavy Lumber,,HL-64,Bo Bichette,Toronto Blue Jays,Heavy Lumber	HL-64	Bo Bichette	Toronto Blue Jays,False
2024_topps_update,2024,Topps,Update,Heavy Lumber,,HL-65,Evan Carter,Texas Rangers,Heavy Lumber	HL-65	Evan Carter	Texas Rangers,False
2024_topps_update,2024,Topps,Update,Heavy Lumber Autograph Relics,,HLA2-AB,Adrián Beltré,Texas Rangers,Heavy Lumber Autograph Relics	HLA2-AB	Adrián Beltré	Texas Rangers,False
2024_topps_update,2024,Topps,Update,Heavy Lumber Autograph Relics,,HLA2-AP,Albert Pujols,St. Louis Cardinals,Heavy Lumber Autograph Relics	HLA2-AP	Albert Pujols	St. Louis Cardinals,False
2024_topps_update,2024,Topps,Update,Heavy Lumber Autograph Relics,,HLA2-AROD,Alex Rodriguez,New York Yankees,Heavy Lumber Autograph Relics	HLA2-AROD	Alex Rodriguez	New York Yankees,False
2024_topps_update,2024,Topps,Update,Heavy Lumber Autograph Relics,,HLA2-DO,David Ortiz,Boston Red Sox,Heavy Lumber Autograph Relics	HLA2-DO	David Ortiz	Boston Red Sox,False
2024_topps_update,2024,Topps,Update,Heavy Lumber Autograph Relics,,HLA2-JA,Jose Altuve,Houston Astros,Heavy Lumber Autograph Relics	HLA2-JA	Jose Altuve	Houston Astros,False
2024_topps_update,2024,Topps,Update,Heavy Lumber Autograph Relics,,HLA2-JV,Joey Votto,Cincinnati Reds,Heavy Lumber Autograph Relics	HLA2-JV	Joey Votto	Cincinnati Reds,False
2024_topps_update,2024,Topps,Update,Heavy Lumber Autograph Relics,,HLA2-KGJ,Ken Griffey Jr.,Seattle Mariners,Heavy Lumber Autograph Relics	HLA2-KGJ	Ken Griffey Jr.	Seattle Mariners,False
2024_topps_update,2024,Topps,Update,Heavy Lumber Autograph Relics,,HLA2-MO,Matt Olson,Atlanta Braves,Heavy Lumber Autograph Relics	HLA2-MO	Matt Olson	Atlanta Braves,False
2024_topps_update,2024,Topps,Update,Heavy Lumber Autograph Relics,,HLA2-MP,Mike Piazza,New York Mets,Heavy Lumber Autograph Relics	HLA2-MP	Mike Piazza	New York Mets,False
2024_topps_update,2024,Topps,Update,Heavy Lumber Autograph Relics,,HLA2-RS,Ryne Sandberg,Chicago Cubs,Heavy Lumber Autograph Relics	HLA2-RS	Ryne Sandberg	Chicago Cubs,False
2024_topps_update,2024,Topps,Update,Heavy Lumber Autograph Relics,,HLAU-AR,Adley Rutschman,Baltimore Orioles,Heavy Lumber Autograph Relics	HLAU-AR	Adley Rutschman	Baltimore Orioles,False
2024_topps_update,2024,Topps,Update,Heavy Lumber Autograph Relics,,HLAU-BH,Bryce Harper,Philadelphia Phillies,Heavy Lumber Autograph Relics	HLAU-BH	Bryce Harper	Philadelphia Phillies,False
2024_topps_update,2024,Topps,Update,Heavy Lumber Autograph Relics,,HLAU-CC,Colton Cowser,Baltimore Orioles,Heavy Lumber Autograph Relics	HLAU-CC	Colton Cowser	Baltimore Orioles,False
2024_topps_update,2024,Topps,Update,Heavy Lumber Autograph Relics,,HLAU-DJ,Derek Jeter,New York Yankees,Heavy Lumber Autograph Relics	HLAU-DJ	Derek Jeter	New York Yankees,False
2024_topps_update,2024,Topps,Update,Heavy Lumber Autograph Relics,,HLAU-DM,Don Mattingly,New York Yankees,Heavy Lumber Autograph Relics	HLAU-DM	Don Mattingly	New York Yankees,False
2024_topps_update,2024,Topps,Update,Heavy Lumber Autograph Relics,,HLAU-DMU,Dale Murphy,Atlanta Braves,Heavy Lumber Autograph Relics	HLAU-DMU	Dale Murphy	Atlanta Braves,False
2024_topps_update,2024,Topps,Update,Heavy Lumber Autograph Relics,,HLAU-ED,Elly De La Cruz,Cincinnati Reds,Heavy Lumber Autograph Relics	HLAU-ED	Elly De La Cruz	Cincinnati Reds,False
2024_topps_update,2024,Topps,Update,Heavy Lumber Autograph Relics,,HLAU-JCH,Jackson Chourio,Milwaukee Brewers,Heavy Lumber Autograph Relics	HLAU-JCH	Jackson Chourio	Milwaukee Brewers,False
2024_topps_update,2024,Topps,Update,Heavy Lumber Autograph Relics,,HLAU-JH,Jackson Holliday,Baltimore Orioles,Heavy Lumber Autograph Relics	HLAU-JH	Jackson Holliday	Baltimore Orioles,False
2024_topps_update,2024,Topps,Update,Heavy Lumber Autograph Relics,,HLAU-JM,Jackson Merrill,San Diego Padres,Heavy Lumber Autograph Relics	HLAU-JM	Jackson Merrill	San Diego Padres,False
2024_topps_update,2024,Topps,Update,Heavy Lumber Autograph Relics,,HLAU-JS,Juan Soto,New York Yankees,Heavy Lumber Autograph Relics	HLAU-JS	Juan Soto	New York Yankees,False
2024_topps_update,2024,Topps,Update,Heavy Lumber Autograph Relics,,HLAU-MM,Mark McGwire,Oakland Athletics,Heavy Lumber Autograph Relics	HLAU-MM	Mark McGwire	Oakland Athletics,False
2024_topps_update,2024,Topps,Update,Heavy Lumber Autograph Relics,,HLAU-MT,Mike Trout,Los Angeles Angels,Heavy Lumber Autograph Relics	HLAU-MT	Mike Trout	Los Angeles Angels,False
2024_topps_update,2024,Topps,Update,Heavy Lumber Autograph Relics,,HLAU-NA,Nolan Arenado,St. Louis Cardinals,Heavy Lumber Autograph Relics	HLAU-NA	Nolan Arenado	St. Louis Cardinals,False
2024_topps_update,2024,Topps,Update,Heavy Lumber Autograph Relics,,HLAU-RA,Ronald Acuña Jr.,Atlanta Braves,Heavy Lumber Autograph Relics	HLAU-RA	Ronald Acuña Jr.	Atlanta Braves,False
2024_topps_update,2024,Topps,Update,Heavy Lumber Autograph Relics,,HLAU-RH,Rickey Henderson,Oakland Athletics,Heavy Lumber Autograph Relics	HLAU-RH	Rickey Henderson	Oakland Athletics,False
2024_topps_update,2024,Topps,Update,Heavy Lumber Autograph Relics,,HLAU-SO,Shohei Ohtani,Los Angeles Dodgers,Heavy Lumber Autograph Relics	HLAU-SO	Shohei Ohtani	Los Angeles Dodgers,False
2024_topps_update,2024,Topps,Update,Heavy Lumber Autograph Relics,,HLAU-WC,Will Clark,San Francisco Giants,Heavy Lumber Autograph Relics	HLAU-WC	Will Clark	San Francisco Giants,False
2024_topps_update,2024,Topps,Update,Home Field Advantage,,HFA-21,Jackson Holliday,Baltimore Orioles,Home Field Advantage	HFA-21	Jackson Holliday	Baltimore Orioles,False
2024_topps_update,2024,Topps,Update,Home Field Advantage,,HFA-22,Jackson Chourio,Milwaukee Brewers,Home Field Advantage	HFA-22	Jackson Chourio	Milwaukee Brewers,False
2024_topps_update,2024,Topps,Update,Home Field Advantage,,HFA-23,Ceddanne Rafaela,Boston Red Sox,Home Field Advantage	HFA-23	Ceddanne Rafaela	Boston Red Sox,False
2024_topps_update,2024,Topps,Update,Home Field Advantage,,HFA-24,Wyatt Langford,Texas Rangers,Home Field Advantage	HFA-24	Wyatt Langford	Texas Rangers,False
2024_topps_update,2024,Topps,Update,Home Field Advantage,,HFA-25,Shota Imanaga,Chicago Cubs,Home Field Advantage	HFA-25	Shota Imanaga	Chicago Cubs,False
2024_topps_update,2024,Topps,Update,Home Field Advantage,,HFA-26,Nolan Jones,Colorado Rockies,Home Field Advantage	HFA-26	Nolan Jones	Colorado Rockies,False
2024_topps_update,2024,Topps,Update,Home Field Advantage,,HFA-27,Jung Hoo Lee,San Francisco Giants,Home Field Advantage	HFA-27	Jung Hoo Lee	San Francisco Giants,False
2024_topps_update,2024,Topps,Update,Home Field Advantage,,HFA-28,Jackson Merrill,San Diego Padres,Home Field Advantage	HFA-28	Jackson Merrill	San Diego Padres,False
2024_topps_update,2024,Topps,Update,Home Field Advantage,,HFA-29,Shohei Ohtani,Los Angeles Dodgers,Home Field Advantage	HFA-29	Shohei Ohtani	Los Angeles Dodgers,False
2024_topps_update,2024,Topps,Update,Home Field Advantage,,HFA-30,Ronny Mauricio,New York Mets,Home Field Advantage	HFA-30	Ronny Mauricio	New York Mets,False
2024_topps_update,2024,Topps,Update,Home Field Advantage,,HFA-31,Junior Caminero,Tampa Bay Rays,Home Field Advantage	HFA-31	Junior Caminero	Tampa Bay Rays,False
2024_topps_update,2024,Topps,Update,Home Field Advantage,,HFA-32,Paul Skenes,Pittsburgh Pirates,Home Field Advantage	HFA-32	Paul Skenes	Pittsburgh Pirates,False
2024_topps_update,2024,Topps,Update,Home Field Advantage,,HFA-33,Royce Lewis,Minnesota Twins,Home Field Advantage	HFA-33	Royce Lewis	Minnesota Twins,False
2024_topps_update,2024,Topps,Update,Home Field Advantage,,HFA-34,Juan Soto,New York Yankees,Home Field Advantage	HFA-34	Juan Soto	New York Yankees,False
2024_topps_update,2024,Topps,Update,Home Field Advantage,,HFA-35,Matt Olson,Atlanta Braves,Home Field Advantage	HFA-35	Matt Olson	Atlanta Braves,False
2024_topps_update,2024,Topps,Update,Home Field Advantage,,HFA-36,Gavin Williams,Cleveland Guardians,Home Field Advantage	HFA-36	Gavin Williams	Cleveland Guardians,False
2024_topps_update,2024,Topps,Update,Home Field Advantage,,HFA-37,Colt Keith,Detroit Tigers,Home Field Advantage	HFA-37	Colt Keith	Detroit Tigers,False
2024_topps_update,2024,Topps,Update,Home Field Advantage,,HFA-38,Vladimir Guerrero Jr.,Toronto Blue Jays,Home Field Advantage	HFA-38	Vladimir Guerrero Jr.	Toronto Blue Jays,False
2024_topps_update,2024,Topps,Update,Home Field Advantage,,HFA-39,CJ Abrams,Washington Nationals,Home Field Advantage	HFA-39	CJ Abrams	Washington Nationals,False
2024_topps_update,2024,Topps,Update,Home Field Advantage,,HFA-40,Luis Robert Jr.,Chicago White Sox,Home Field Advantage	HFA-40	Luis Robert Jr.	Chicago White Sox,False
2024_topps_update,2024,Topps,Update,Legendary Home Field Advantage,,LHA-11,Babe Ruth,Boston Red Sox,Legendary Home Field Advantage	LHA-11	Babe Ruth	Boston Red Sox,False
2024_topps_update,2024,Topps,Update,Legendary Home Field Advantage,,LHA-12,Robin Yount,Milwaukee Brewers,Legendary Home Field Advantage	LHA-12	Robin Yount	Milwaukee Brewers,False
2024_topps_update,2024,Topps,Update,Legendary Home Field Advantage,,LHA-13,Don Mattingly,New York Yankees,Legendary Home Field Advantage	LHA-13	Don Mattingly	New York Yankees,False
2024_topps_update,2024,Topps,Update,Legendary Home Field Advantage,,LHA-14,Ken Griffey Jr.,Cincinnati Reds,Legendary Home Field Advantage	LHA-14	Ken Griffey Jr.	Cincinnati Reds,False
2024_topps_update,2024,Topps,Update,Legendary Home Field Advantage,,LHA-15,Kirby Puckett,Minnesota Twins,Legendary Home Field Advantage	LHA-15	Kirby Puckett	Minnesota Twins,False
2024_topps_update,2024,Topps,Update,Let Him Cook,,LHC-1,Shohei Ohtani,Los Angeles Dodgers,Let Him Cook	LHC-1	Shohei Ohtani	Los Angeles Dodgers,False
2024_topps_update,2024,Topps,Update,Let Him Cook,,LHC-2,Mike Trout,Los Angeles Angels,Let Him Cook	LHC-2	Mike Trout	Los Angeles Angels,False
2024_topps_update,2024,Topps,Update,Let Him Cook,,LHC-3,Corbin Carroll,Arizona Diamondbacks,Let Him Cook	LHC-3	Corbin Carroll	Arizona Diamondbacks,False
2024_topps_update,2024,Topps,Update,Let Him Cook,,LHC-4,Ronald Acuña Jr.,Atlanta Braves,Let Him Cook	LHC-4	Ronald Acuña Jr.	Atlanta Braves,False
2024_topps_update,2024,Topps,Update,Let Him Cook,,LHC-5,Gunnar Henderson,Baltimore Orioles,Let Him Cook	LHC-5	Gunnar Henderson	Baltimore Orioles,False
2024_topps_update,2024,Topps,Update,Let Him Cook,,LHC-6,Elly De La Cruz,Cincinnati Reds,Let Him Cook	LHC-6	Elly De La Cruz	Cincinnati Reds,False
2024_topps_update,2024,Topps,Update,Let Him Cook,,LHC-7,Jasson Domínguez,New York Yankees,Let Him Cook	LHC-7	Jasson Domínguez	New York Yankees,False
2024_topps_update,2024,Topps,Update,Let Him Cook,,LHC-8,Aaron Judge,New York Yankees,Let Him Cook	LHC-8	Aaron Judge	New York Yankees,False
2024_topps_update,2024,Topps,Update,Let Him Cook,,LHC-9,Bryce Harper,Philadelphia Phillies,Let Him Cook	LHC-9	Bryce Harper	Philadelphia Phillies,False
2024_topps_update,2024,Topps,Update,Let Him Cook,,LHC-10,Fernando Tatis Jr.,San Diego Padres,Let Him Cook	LHC-10	Fernando Tatis Jr.	San Diego Padres,False
2024_topps_update,2024,Topps,Update,Let Him Cook,,LHC-11,Julio Rodríguez,Seattle Mariners,Let Him Cook	LHC-11	Julio Rodríguez	Seattle Mariners,False
2024_topps_update,2024,Topps,Update,Let Him Cook,,LHC-12,Paul Skenes,Pittsburgh Pirates,Let Him Cook	LHC-12	Paul Skenes	Pittsburgh Pirates,False
2024_topps_update,2024,Topps,Update,Let Him Cook,,LHC-13,Junior Caminero,Tampa Bay Rays,Let Him Cook	LHC-13	Junior Caminero	Tampa Bay Rays,False
2024_topps_update,2024,Topps,Update,Let Him Cook,,LHC-14,Bobby Witt Jr.,Kansas City Royals,Let Him Cook	LHC-14	Bobby Witt Jr.	Kansas City Royals,False
2024_topps_update,2024,Topps,Update,Let Him Cook,,LHC-15,Yoshinobu Yamamoto,Los Angeles Dodgers,Let Him Cook	LHC-15	Yoshinobu Yamamoto	Los Angeles Dodgers,False
2024_topps_update,2024,Topps,Update,Let Him Cook,,LHC-16,Evan Carter,Texas Rangers,Let Him Cook	LHC-16	Evan Carter	Texas Rangers,False
2024_topps_update,2024,Topps,Update,Let Him Cook,,LHC-17,Mookie Betts,Los Angeles Dodgers,Let Him Cook	LHC-17	Mookie Betts	Los Angeles Dodgers,False
2024_topps_update,2024,Topps,Update,Let Him Cook,,LHC-18,Pete Crow-Armstrong,Chicago Cubs,Let Him Cook	LHC-18	Pete Crow-Armstrong	Chicago Cubs,False
2024_topps_update,2024,Topps,Update,Let Him Cook,,LHC-19,Jackson Chourio,Milwaukee Brewers,Let Him Cook	LHC-19	Jackson Chourio	Milwaukee Brewers,False
2024_topps_update,2024,Topps,Update,Let Him Cook,,LHC-20,Pete Alonso,New York Mets,Let Him Cook	LHC-20	Pete Alonso	New York Mets,False
2024_topps_update,2024,Topps,Update,Let Him Cook,,LHC-21,Jordan Lawlar,Arizona Diamondbacks,Let Him Cook	LHC-21	Jordan Lawlar	Arizona Diamondbacks,False
2024_topps_update,2024,Topps,Update,Let Him Cook,,LHC-22,Vladimir Guerrero Jr.,Toronto Blue Jays,Let Him Cook	LHC-22	Vladimir Guerrero Jr.	Toronto Blue Jays,False
2024_topps_update,2024,Topps,Update,Let Him Cook,,LHC-23,Wyatt Langford,Texas Rangers,Let Him Cook	LHC-23	Wyatt Langford	Texas Rangers,False
2024_topps_update,2024,Topps,Update,Let Him Cook,,LHC-24,Juan Soto,New York Yankees,Let Him Cook	LHC-24	Juan Soto	New York Yankees,False
2024_topps_update,2024,Topps,Update,Let Him Cook,,LHC-25,Jackson Holliday,Baltimore Orioles,Let Him Cook	LHC-25	Jackson Holliday	Baltimore Orioles,False
2024_topps_update,2024,Topps,Update,Let Him Cook Autographs,,LHCA-BW,Bobby Witt Jr.,Kansas City Royals,Let Him Cook Autographs	LHCA-BW	Bobby Witt Jr.	Kansas City Royals,False
2024_topps_update,2024,Topps,Update,Let Him Cook Autographs,,LHCA-CC,Corbin Carroll,Arizona Diamondbacks,Let Him Cook Autographs	LHCA-CC	Corbin Carroll	Arizona Diamondbacks,False
2024_topps_update,2024,Topps,Update,Let Him Cook Autographs,,LHCA-CS,Corey Seager,Texas Rangers,Let Him Cook Autographs	LHCA-CS	Corey Seager	Texas Rangers,False
2024_topps_update,2024,Topps,Update,Let Him Cook Autographs,,LHCA-EC,Evan Carter,Texas Rangers,Let Him Cook Autographs	LHCA-EC	Evan Carter	Texas Rangers,False
2024_topps_update,2024,Topps,Update,Let Him Cook Autographs,,LHCA-ED,Elly De La Cruz,Cincinnati Reds,Let Him Cook Autographs	LHCA-ED	Elly De La Cruz	Cincinnati Reds,False
2024_topps_update,2024,Topps,Update,Let Him Cook Autographs,,LHCA-FT,Fernando Tatis Jr.,San Diego Padres,Let Him Cook Autographs	LHCA-FT	Fernando Tatis Jr.	San Diego Padres,False
2024_topps_update,2024,Topps,Update,Let Him Cook Autographs,,LHCA-GH,Gunnar Henderson,Baltimore Orioles,Let Him Cook Autographs	LHCA-GH	Gunnar Henderson	Baltimore Orioles,False
2024_topps_update,2024,Topps,Update,Let Him Cook Autographs,,LHCA-JC,Junior Caminero,Tampa Bay Rays,Let Him Cook Autographs	LHCA-JC	Junior Caminero	Tampa Bay Rays,False
2024_topps_update,2024,Topps,Update,Let Him Cook Autographs,,LHCA-JCH,Jackson Chourio,Milwaukee Brewers,Let Him Cook Autographs	LHCA-JCH	Jackson Chourio	Milwaukee Brewers,False
2024_topps_update,2024,Topps,Update,Let Him Cook Autographs,,LHCA-JD,Jasson Domínguez,New York Yankees,Let Him Cook Autographs	LHCA-JD	Jasson Domínguez	New York Yankees,False
2024_topps_update,2024,Topps,Update,Let Him Cook Autographs,,LHCA-JH,Jackson Holliday,Baltimore Orioles,Let Him Cook Autographs	LHCA-JH	Jackson Holliday	Baltimore Orioles,False
2024_topps_update,2024,Topps,Update,Let Him Cook Autographs,,LHCA-JL,Jordan Lawlar,Arizona Diamondbacks,Let Him Cook Autographs	LHCA-JL	Jordan Lawlar	Arizona Diamondbacks,False
2024_topps_update,2024,Topps,Update,Let Him Cook Autographs,,LHCA-JR,Julio Rodríguez,Seattle Mariners,Let Him Cook Autographs	LHCA-JR	Julio Rodríguez	Seattle Mariners,False
2024_topps_update,2024,Topps,Update,Let Him Cook Autographs,,LHCA-JS,Juan Soto,New York Yankees,Let Him Cook Autographs	LHCA-JS	Juan Soto	New York Yankees,False
2024_topps_update,2024,Topps,Update,Let Him Cook Autographs,,LHCA-ML,Marco Luciano,San Francisco Giants,Let Him Cook Autographs	LHCA-ML	Marco Luciano	San Francisco Giants,False
2024_topps_update,2024,Topps,Update,Let Him Cook Autographs,,LHCA-MO,Matt Olson,Atlanta Braves,Let Him Cook Autographs	LHCA-MO	Matt Olson	Atlanta Braves,False
2024_topps_update,2024,Topps,Update,Let Him Cook Autographs,,LHCA-MT,Mike Trout,Los Angeles Angels,Let Him Cook Autographs	LHCA-MT	Mike Trout	Los Angeles Angels,False
2024_topps_update,2024,Topps,Update,Let Him Cook Autographs,,LHCA-NA,Nolan Arenado,St. Louis Cardinals,Let Him Cook Autographs	LHCA-NA	Nolan Arenado	St. Louis Cardinals,False
2024_topps_update,2024,Topps,Update,Let Him Cook Autographs,,LHCA-PA,Pete Alonso,New York Mets,Let Him Cook Autographs	LHCA-PA	Pete Alonso	New York Mets,False
2024_topps_update,2024,Topps,Update,Let Him Cook Autographs,,LHCA-PC,Pete Crow-Armstrong,Chicago Cubs,Let Him Cook Autographs	LHCA-PC	Pete Crow-Armstrong	Chicago Cubs,False
2024_topps_update,2024,Topps,Update,Let Him Cook Autographs,,LHCA-PS,Paul Skenes,Pittsburgh Pirates,Let Him Cook Autographs	LHCA-PS	Paul Skenes	Pittsburgh Pirates,False
2024_topps_update,2024,Topps,Update,Let Him Cook Autographs,,LHCA-RA,Ronald Acuña Jr.,Atlanta Braves,Let Him Cook Autographs	LHCA-RA	Ronald Acuña Jr.	Atlanta Braves,False
2024_topps_update,2024,Topps,Update,Let Him Cook Autographs,,LHCA-SO,Shohei Ohtani,Los Angeles Dodgers,Let Him Cook Autographs	LHCA-SO	Shohei Ohtani	Los Angeles Dodgers,False
2024_topps_update,2024,Topps,Update,Let Him Cook Autographs,,LHCA-VG,Vladimir Guerrero Jr.,Toronto Blue Jays,Let Him Cook Autographs	LHCA-VG	Vladimir Guerrero Jr.	Toronto Blue Jays,False
2024_topps_update,2024,Topps,Update,Let Him Cook Autographs,,LHCA-WL,Wyatt Langford,Texas Rangers,Let Him Cook Autographs	LHCA-WL	Wyatt Langford	Texas Rangers,False
2024_topps_update,2024,Topps,Update,Let Him Cook Autographs,,LHCA-YY,Yoshinobu Yamamoto,Los Angeles Dodgers,Let Him Cook Autographs	LHCA-YY	Yoshinobu Yamamoto	Los Angeles Dodgers,False
2024_topps_update,2024,Topps,Update,Major League Material Autographs,,MLMAU-AS,AJ Smith-Shawver,Atlanta Braves,Major League Material Autographs	MLMAU-AS	AJ Smith-Shawver	Atlanta Braves,False
2024_topps_update,2024,Topps,Update,Major League Material Autographs,,MLMAU-AW,Austin Wells,New York Yankees,Major League Material Autographs	MLMAU-AW	Austin Wells	New York Yankees,False
2024_topps_update,2024,Topps,Update,Major League Material Autographs,,MLMAU-BB,Byron Buxton,Minnesota Twins,Major League Material Autographs	MLMAU-BB	Byron Buxton	Minnesota Twins,False
2024_topps_update,2024,Topps,Update,Major League Material Autographs,,MLMAU-BM,Bobby Miller,Los Angeles Dodgers,Major League Material Autographs	MLMAU-BM	Bobby Miller	Los Angeles Dodgers,False
2024_topps_update,2024,Topps,Update,Major League Material Autographs,,MLMAU-CC,Colton Cowser,Baltimore Orioles,Major League Material Autographs	MLMAU-CC	Colton Cowser	Baltimore Orioles,False
2024_topps_update,2024,Topps,Update,Major League Material Autographs,,MLMAU-CCA,Corbin Carroll,Arizona Diamondbacks,Major League Material Autographs	MLMAU-CCA	Corbin Carroll	Arizona Diamondbacks,False
2024_topps_update,2024,Topps,Update,Major League Material Autographs,,MLMAU-CMO,Christopher Morel,Chicago Cubs,Major League Material Autographs	MLMAU-CMO	Christopher Morel	Chicago Cubs,False
2024_topps_update,2024,Topps,Update,Major League Material Autographs,,MLMAU-CP,Connor Phillips,Cincinnati Reds,Major League Material Autographs	MLMAU-CP	Connor Phillips	Cincinnati Reds,False
2024_topps_update,2024,Topps,Update,Major League Material Autographs,,MLMAU-CR,Ceddanne Rafaela,Boston Red Sox,Major League Material Autographs	MLMAU-CR	Ceddanne Rafaela	Boston Red Sox,False
2024_topps_update,2024,Topps,Update,Major League Material Autographs,,MLMAU-DS,Davis Schneider,Toronto Blue Jays,Major League Material Autographs	MLMAU-DS	Davis Schneider	Toronto Blue Jays,False
2024_topps_update,2024,Topps,Update,Major League Material Autographs,,MLMAU-EC,Evan Carter,Texas Rangers,Major League Material Autographs	MLMAU-EC	Evan Carter	Texas Rangers,False
2024_topps_update,2024,Topps,Update,Major League Material Autographs,,MLMAU-ED,Elly De La Cruz,Cincinnati Reds,Major League Material Autographs	MLMAU-ED	Elly De La Cruz	Cincinnati Reds,False
2024_topps_update,2024,Topps,Update,Major League Material Autographs,,MLMAU-EL,Evan Longoria,Arizona Diamondbacks,Major League Material Autographs	MLMAU-EL	Evan Longoria	Arizona Diamondbacks,False
2024_topps_update,2024,Topps,Update,Major League Material Autographs,,MLMAU-ES,Emmet Sheehan,Los Angeles Dodgers,Major League Material Autographs	MLMAU-ES	Emmet Sheehan	Los Angeles Dodgers,False
2024_topps_update,2024,Topps,Update,Major League Material Autographs,,MLMAU-FT,Fernando Tatis Jr.,San Diego Padres,Major League Material Autographs	MLMAU-FT	Fernando Tatis Jr.	San Diego Padres,False
2024_topps_update,2024,Topps,Update,Major League Material Autographs,,MLMAU-GW,Gavin Williams,Cleveland Guardians,Major League Material Autographs	MLMAU-GW	Gavin Williams	Cleveland Guardians,False
2024_topps_update,2024,Topps,Update,Major League Material Autographs,,MLMAU-HK,Heston Kjerstad,Baltimore Orioles,Major League Material Autographs	MLMAU-HK	Heston Kjerstad	Baltimore Orioles,False
2024_topps_update,2024,Topps,Update,Major League Material Autographs,,MLMAU-JC,Junior Caminero,Tampa Bay Rays,Major League Material Autographs	MLMAU-JC	Junior Caminero	Tampa Bay Rays,False
2024_topps_update,2024,Topps,Update,Major League Material Autographs,,MLMAU-JCH,Jackson Chourio,Milwaukee Brewers,Major League Material Autographs	MLMAU-JCH	Jackson Chourio	Milwaukee Brewers,False
2024_topps_update,2024,Topps,Update,Major League Material Autographs,,MLMAU-JD,Jasson Domínguez,New York Yankees,Major League Material Autographs	MLMAU-JD	Jasson Domínguez	New York Yankees,False
2024_topps_update,2024,Topps,Update,Major League Material Autographs,,MLMAU-JH,Jackson Holliday,Baltimore Orioles,Major League Material Autographs	MLMAU-JH	Jackson Holliday	Baltimore Orioles,False
2024_topps_update,2024,Topps,Update,Major League Material Autographs,,MLMAU-JHL,Jung Hoo Lee,San Francisco Giants,Major League Material Autographs	MLMAU-JHL	Jung Hoo Lee	San Francisco Giants,False
2024_topps_update,2024,Topps,Update,Major League Material Autographs,,MLMAU-JLA,Jordan Lawlar,Arizona Diamondbacks,Major League Material Autographs	MLMAU-JLA	Jordan Lawlar	Arizona Diamondbacks,False
2024_topps_update,2024,Topps,Update,Major League Material Autographs,,MLMAU-JP,Jeremy Peña,Houston Astros,Major League Material Autographs	MLMAU-JP	Jeremy Peña	Houston Astros,False
2024_topps_update,2024,Topps,Update,Major League Material Autographs,,MLMAU-JS,Juan Soto,New York Yankees,Major League Material Autographs	MLMAU-JS	Juan Soto	New York Yankees,False
2024_topps_update,2024,Topps,Update,Major League Material Autographs,,MLMAU-JW,Jordan Westburg,Baltimore Orioles,Major League Material Autographs	MLMAU-JW	Jordan Westburg	Baltimore Orioles,False
2024_topps_update,2024,Topps,Update,Major League Material Autographs,,MLMAU-JWA,Jordan Walker,St. Louis Cardinals,Major League Material Autographs	MLMAU-JWA	Jordan Walker	St. Louis Cardinals,False
2024_topps_update,2024,Topps,Update,Major League Material Autographs,,MLMAU-KH,Kyle Harrison,San Francisco Giants,Major League Material Autographs	MLMAU-KH	Kyle Harrison	San Francisco Giants,False
2024_topps_update,2024,Topps,Update,Major League Material Autographs,,MLMAU-KT,Kyle Tucker,Houston Astros,Major League Material Autographs	MLMAU-KT	Kyle Tucker	Houston Astros,False
2024_topps_update,2024,Topps,Update,Major League Material Autographs,,MLMAU-LC,Luis Castillo,Seattle Mariners,Major League Material Autographs	MLMAU-LC	Luis Castillo	Seattle Mariners,False
2024_topps_update,2024,Topps,Update,Major League Material Autographs,,MLMAU-MC,Matt Chapman,San Francisco Giants,Major League Material Autographs	MLMAU-MC	Matt Chapman	San Francisco Giants,False
2024_topps_update,2024,Topps,Update,Major League Material Autographs,,MLMAU-MF,Max Fried,Atlanta Braves,Major League Material Autographs	MLMAU-MF	Max Fried	Atlanta Braves,False
2024_topps_update,2024,Topps,Update,Major League Material Autographs,,MLMAU-MH,Michael Harris II,Atlanta Braves,Major League Material Autographs	MLMAU-MH	Michael Harris II	Atlanta Braves,False
2024_topps_update,2024,Topps,Update,Major League Material Autographs,,MLMAU-MS,Marcus Semien,Texas Rangers,Major League Material Autographs	MLMAU-MS	Marcus Semien	Texas Rangers,False
2024_topps_update,2024,Topps,Update,Major League Material Autographs,,MLMAU-MW,Masyn Winn,St. Louis Cardinals,Major League Material Autographs	MLMAU-MW	Masyn Winn	St. Louis Cardinals,False
2024_topps_update,2024,Topps,Update,Major League Material Autographs,,MLMAU-NM,Noelvi Marte,Cincinnati Reds,Major League Material Autographs	MLMAU-NM	Noelvi Marte	Cincinnati Reds,False
2024_topps_update,2024,Topps,Update,Major League Material Autographs,,MLMAU-NS,Nolan Schanuel,Los Angeles Angels,Major League Material Autographs	MLMAU-NS	Nolan Schanuel	Los Angeles Angels,False
2024_topps_update,2024,Topps,Update,Major League Material Autographs,,MLMAU-PS,Paul Skenes,Pittsburgh Pirates,Major League Material Autographs	MLMAU-PS	Paul Skenes	Pittsburgh Pirates,False
2024_topps_update,2024,Topps,Update,Major League Material Autographs,,MLMAU-RA,Ronald Acuña Jr.,Atlanta Braves,Major League Material Autographs	MLMAU-RA	Ronald Acuña Jr.	Atlanta Braves,False
2024_topps_update,2024,Topps,Update,Major League Material Autographs,,MLMAU-RG,Riley Greene,Detroit Tigers,Major League Material Autographs	MLMAU-RG	Riley Greene	Detroit Tigers,False
2024_topps_update,2024,Topps,Update,Major League Material Autographs,,MLMAU-RH,Rhys Hoskins,Milwaukee Brewers,Major League Material Autographs	MLMAU-RH	Rhys Hoskins	Milwaukee Brewers,False
2024_topps_update,2024,Topps,Update,Major League Material Autographs,,MLMAU-SF,Sal Frelick,Milwaukee Brewers,Major League Material Autographs	MLMAU-SF	Sal Frelick	Milwaukee Brewers,False
2024_topps_update,2024,Topps,Update,Major League Material Autographs,,MLMAU-SI,Shota Imanaga,Chicago Cubs,Major League Material Autographs	MLMAU-SI	Shota Imanaga	Chicago Cubs,False
2024_topps_update,2024,Topps,Update,Major League Material Autographs,,MLMAU-TS,Tyler Soderstrom,Oakland Athletics,Major League Material Autographs	MLMAU-TS	Tyler Soderstrom	Oakland Athletics,False
2024_topps_update,2024,Topps,Update,Major League Material Autographs,,MLMAU-VG,Vladimir Guerrero Jr.,Toronto Blue Jays,Major League Material Autographs	MLMAU-VG	Vladimir Guerrero Jr.	Toronto Blue Jays,False
2024_topps_update,2024,Topps,Update,Major League Material Autographs,,MLMAU-WL,Wyatt Langford,Texas Rangers,Major League Material Autographs	MLMAU-WL	Wyatt Langford	Texas Rangers,False
2024_topps_update,2024,Topps,Update,Major League Material Autographs,,MLMAU-YY,Yoshinobu Yamamoto,Los Angeles Dodgers,Major League Material Autographs	MLMAU-YY	Yoshinobu Yamamoto	Los Angeles Dodgers,False
2024_topps_update,2024,Topps,Update,Major League Material Autographs,,MLMAU-ZG,Zack Gelof,Oakland Athletics,Major League Material Autographs	MLMAU-ZG	Zack Gelof	Oakland Athletics,False
2024_topps_update,2024,Topps,Update,Major League Materials,,MLMU-AJ,Aaron Judge,New York Yankees,Major League Materials	MLMU-AJ	Aaron Judge	New York Yankees,False
2024_topps_update,2024,Topps,Update,Major League Materials,,MLMU-AR,Anthony Rizzo,New York Yankees,Major League Materials	MLMU-AR	Anthony Rizzo	New York Yankees,False
2024_topps_update,2024,Topps,Update,Major League Materials,,MLMU-BW,Bobby Witt Jr.,Kansas City Royals,Major League Materials	MLMU-BW	Bobby Witt Jr.	Kansas City Royals,False
2024_topps_update,2024,Topps,Update,Major League Materials,,MLMU-CC,Colton Cowser,Baltimore Orioles,Major League Materials	MLMU-CC	Colton Cowser	Baltimore Orioles,False
2024_topps_update,2024,Topps,Update,Major League Materials,,MLMU-CM,Christopher Morel,Chicago Cubs,Major League Materials	MLMU-CM	Christopher Morel	Chicago Cubs,False
2024_topps_update,2024,Topps,Update,Major League Materials,,MLMU-CR,Ceddanne Rafaela,Boston Red Sox,Major League Materials	MLMU-CR	Ceddanne Rafaela	Boston Red Sox,False
2024_topps_update,2024,Topps,Update,Major League Materials,,MLMU-CY,Christian Yelich,Milwaukee Brewers,Major League Materials	MLMU-CY	Christian Yelich	Milwaukee Brewers,False
2024_topps_update,2024,Topps,Update,Major League Materials,,MLMU-DJ,Derek Jeter,New York Yankees,Major League Materials	MLMU-DJ	Derek Jeter	New York Yankees,False
2024_topps_update,2024,Topps,Update,Major League Materials,,MLMU-EC,Evan Carter,Texas Rangers,Major League Materials	MLMU-EC	Evan Carter	Texas Rangers,False
2024_topps_update,2024,Topps,Update,Major League Materials,,MLMU-ED,Elly De La Cruz,Cincinnati Reds,Major League Materials	MLMU-ED	Elly De La Cruz	Cincinnati Reds,False
2024_topps_update,2024,Topps,Update,Major League Materials,,MLMU-FF,Freddie Freeman,Los Angeles Dodgers,Major League Materials	MLMU-FF	Freddie Freeman	Los Angeles Dodgers,False
2024_topps_update,2024,Topps,Update,Major League Materials,,MLMU-FT,Fernando Tatis Jr.,San Diego Padres,Major League Materials	MLMU-FT	Fernando Tatis Jr.	San Diego Padres,False
2024_topps_update,2024,Topps,Update,Major League Materials,,MLMU-GH,Gunnar Henderson,Baltimore Orioles,Major League Materials	MLMU-GH	Gunnar Henderson	Baltimore Orioles,False
2024_topps_update,2024,Topps,Update,Major League Materials,,MLMU-HK,Heston Kjerstad,Baltimore Orioles,Major League Materials	MLMU-HK	Heston Kjerstad	Baltimore Orioles,False
2024_topps_update,2024,Topps,Update,Major League Materials,,MLMU-JC,Jackson Chourio,Milwaukee Brewers,Major League Materials	MLMU-JC	Jackson Chourio	Milwaukee Brewers,False
2024_topps_update,2024,Topps,Update,Major League Materials,,MLMU-JCA,Junior Caminero,Tampa Bay Rays,Major League Materials	MLMU-JCA	Junior Caminero	Tampa Bay Rays,False
2024_topps_update,2024,Topps,Update,Major League Materials,,MLMU-JD,Jasson Domínguez,New York Yankees,Major League Materials	MLMU-JD	Jasson Domínguez	New York Yankees,False
2024_topps_update,2024,Topps,Update,Major League Materials,,MLMU-JH,Jackson Holliday,Baltimore Orioles,Major League Materials	MLMU-JH	Jackson Holliday	Baltimore Orioles,False
2024_topps_update,2024,Topps,Update,Major League Materials,,MLMU-JHL,Jung Hoo Lee,San Francisco Giants,Major League Materials	MLMU-JHL	Jung Hoo Lee	San Francisco Giants,False
2024_topps_update,2024,Topps,Update,Major League Materials,,MLMU-JL,Jordan Lawlar,Arizona Diamondbacks,Major League Materials	MLMU-JL	Jordan Lawlar	Arizona Diamondbacks,False
2024_topps_update,2024,Topps,Update,Major League Materials,,MLMU-JME,Jackson Merrill,San Diego Padres,Major League Materials	MLMU-JME	Jackson Merrill	San Diego Padres,False
2024_topps_update,2024,Topps,Update,Major League Materials,,MLMU-JR,Julio Rodríguez,Seattle Mariners,Major League Materials	MLMU-JR	Julio Rodríguez	Seattle Mariners,False
2024_topps_update,2024,Topps,Update,Major League Materials,,MLMU-JS,Juan Soto,New York Yankees,Major League Materials	MLMU-JS	Juan Soto	New York Yankees,False
2024_topps_update,2024,Topps,Update,Major League Materials,,MLMU-JTR,J.T. Realmuto,Philadelphia Phillies,Major League Materials	MLMU-JTR	J.T. Realmuto	Philadelphia Phillies,False
2024_topps_update,2024,Topps,Update,Major League Materials,,MLMU-JW,Jordan Westburg,Baltimore Orioles,Major League Materials	MLMU-JW	Jordan Westburg	Baltimore Orioles,False
2024_topps_update,2024,Topps,Update,Major League Materials,,MLMU-MM,Manny Machado,San Diego Padres,Major League Materials	MLMU-MM	Manny Machado	San Diego Padres,False
2024_topps_update,2024,Topps,Update,Major League Materials,,MLMU-MT,Mike Trout,Los Angeles Angels,Major League Materials	MLMU-MT	Mike Trout	Los Angeles Angels,False
2024_topps_update,2024,Topps,Update,Major League Materials,,MLMU-NM,Noelvi Marte,Cincinnati Reds,Major League Materials	MLMU-NM	Noelvi Marte	Cincinnati Reds,False
2024_topps_update,2024,Topps,Update,Major League Materials,,MLMU-OC,Oneil Cruz,Pittsburgh Pirates,Major League Materials	MLMU-OC	Oneil Cruz	Pittsburgh Pirates,False
2024_topps_update,2024,Topps,Update,Major League Materials,,MLMU-PA,Pete Alonso,New York Mets,Major League Materials	MLMU-PA	Pete Alonso	New York Mets,False
2024_topps_update,2024,Topps,Update,Major League Materials,,MLMU-PC,Pete Crow-Armstrong,Chicago Cubs,Major League Materials	MLMU-PC	Pete Crow-Armstrong	Chicago Cubs,False
2024_topps_update,2024,Topps,Update,Major League Materials,,MLMU-PG,Paul Goldschmidt,St. Louis Cardinals,Major League Materials	MLMU-PG	Paul Goldschmidt	St. Louis Cardinals,False
2024_topps_update,2024,Topps,Update,Major League Materials,,MLMU-PS,Paul Skenes,Pittsburgh Pirates,Major League Materials	MLMU-PS	Paul Skenes	Pittsburgh Pirates,False
2024_topps_update,2024,Topps,Update,Major League Materials,,MLMU-RA,Ronald Acuña Jr.,Atlanta Braves,Major League Materials	MLMU-RA	Ronald Acuña Jr.	Atlanta Braves,False
2024_topps_update,2024,Topps,Update,Major League Materials,,MLMU-SI,Shota Imanaga,Chicago Cubs,Major League Materials	MLMU-SI	Shota Imanaga	Chicago Cubs,False
2024_topps_update,2024,Topps,Update,Major League Materials,,MLMU-SP,Salvador Perez,Kansas City Royals,Major League Materials	MLMU-SP	Salvador Perez	Kansas City Royals,False
2024_topps_update,2024,Topps,Update,Major League Materials,,MLMU-VG,Vladimir Guerrero Jr.,Toronto Blue Jays,Major League Materials	MLMU-VG	Vladimir Guerrero Jr.	Toronto Blue Jays,False
2024_topps_update,2024,Topps,Update,Major League Materials,,MLMU-WL,Wyatt Langford,Texas Rangers,Major League Materials	MLMU-WL	Wyatt Langford	Texas Rangers,False
2024_topps_update,2024,Topps,Update,Major League Materials,,MLMU-YA,Yordan Alvarez,Houston Astros,Major League Materials	MLMU-YA	Yordan Alvarez	Houston Astros,False
2024_topps_update,2024,Topps,Update,Major League Materials,,MLMU-YY,Yoshinobu Yamamoto,Los Angeles Dodgers,Major League Materials	MLMU-YY	Yoshinobu Yamamoto	Los Angeles Dodgers,False
2024_topps_update,2024,Topps,Update,Mystical,,MYS-1,Shohei Ohtani,Los Angeles Dodgers,Mystical	MYS-1	Shohei Ohtani	Los Angeles Dodgers,False
2024_topps_update,2024,Topps,Update,Mystical,,MYS-2,Mike Trout,Los Angeles Angels,Mystical	MYS-2	Mike Trout	Los Angeles Angels,False
2024_topps_update,2024,Topps,Update,Mystical,,MYS-3,Ronald Acuña Jr.,Atlanta Braves,Mystical	MYS-3	Ronald Acuña Jr.	Atlanta Braves,False
2024_topps_update,2024,Topps,Update,Mystical,,MYS-4,Aaron Judge,New York Yankees,Mystical	MYS-4	Aaron Judge	New York Yankees,False
2024_topps_update,2024,Topps,Update,Mystical,,MYS-5,Bryce Harper,Philadelphia Phillies,Mystical	MYS-5	Bryce Harper	Philadelphia Phillies,False
2024_topps_update,2024,Topps,Update,Mystical,,MYS-6,Elly De La Cruz,Cincinnati Reds,Mystical	MYS-6	Elly De La Cruz	Cincinnati Reds,False
2024_topps_update,2024,Topps,Update,Mystical,,MYS-7,Jasson Domínguez,New York Yankees,Mystical	MYS-7	Jasson Domínguez	New York Yankees,False
2024_topps_update,2024,Topps,Update,Mystical,,MYS-8,Julio Rodríguez,Seattle Mariners,Mystical	MYS-8	Julio Rodríguez	Seattle Mariners,False
2024_topps_update,2024,Topps,Update,Mystical,,MYS-9,Juan Soto,New York Yankees,Mystical	MYS-9	Juan Soto	New York Yankees,False
2024_topps_update,2024,Topps,Update,Mystical,,MYS-10,Jackson Holliday,Baltimore Orioles,Mystical	MYS-10	Jackson Holliday	Baltimore Orioles,False
2024_topps_update,2024,Topps,Update,Mystical,,MYS-11,Ken Griffey Jr.,Seattle Mariners,Mystical	MYS-11	Ken Griffey Jr.	Seattle Mariners,False
2024_topps_update,2024,Topps,Update,Mystical,,MYS-12,Junior Caminero,Tampa Bay Rays,Mystical	MYS-12	Junior Caminero	Tampa Bay Rays,False
2024_topps_update,2024,Topps,Update,Mystical,,MYS-13,Yoshinobu Yamamoto,Los Angeles Dodgers,Mystical	MYS-13	Yoshinobu Yamamoto	Los Angeles Dodgers,False
2024_topps_update,2024,Topps,Update,Mystical,,MYS-14,Evan Carter,Texas Rangers,Mystical	MYS-14	Evan Carter	Texas Rangers,False
2024_topps_update,2024,Topps,Update,Mystical,,MYS-15,Pete Crow-Armstrong,Chicago Cubs,Mystical	MYS-15	Pete Crow-Armstrong	Chicago Cubs,False
2024_topps_update,2024,Topps,Update,Mystical,,MYS-16,Jordan Lawlar,Arizona Diamondbacks,Mystical	MYS-16	Jordan Lawlar	Arizona Diamondbacks,False
2024_topps_update,2024,Topps,Update,Mystical,,MYS-17,Nolan Arenado,St. Louis Cardinals,Mystical	MYS-17	Nolan Arenado	St. Louis Cardinals,False
2024_topps_update,2024,Topps,Update,Mystical,,MYS-18,Bo Bichette,Toronto Blue Jays,Mystical	MYS-18	Bo Bichette	Toronto Blue Jays,False
2024_topps_update,2024,Topps,Update,Mystical,,MYS-19,Jung Hoo Lee,San Francisco Giants,Mystical	MYS-19	Jung Hoo Lee	San Francisco Giants,False
2024_topps_update,2024,Topps,Update,Mystical,,MYS-20,Jackson Chourio,Milwaukee Brewers,Mystical	MYS-20	Jackson Chourio	Milwaukee Brewers,False
2024_topps_update,2024,Topps,Update,Mystical,,MYS-21,Wyatt Langford,Texas Rangers,Mystical	MYS-21	Wyatt Langford	Texas Rangers,False
2024_topps_update,2024,Topps,Update,Mystical,,MYS-22,Anthony Volpe,New York Yankees,Mystical	MYS-22	Anthony Volpe	New York Yankees,False
2024_topps_update,2024,Topps,Update,Mystical,,MYS-23,Anthony Rizzo,New York Yankees,Mystical	MYS-23	Anthony Rizzo	New York Yankees,False
2024_topps_update,2024,Topps,Update,Mystical,,MYS-24,Michael Harris II,Atlanta Braves,Mystical	MYS-24	Michael Harris II	Atlanta Braves,False
2024_topps_update,2024,Topps,Update,Mystical,,MYS-25,Cody Bellinger,Chicago Cubs,Mystical	MYS-25	Cody Bellinger	Chicago Cubs,False
2024_topps_update,2024,Topps,Update,Mystical,,MYS-26,Oneil Cruz,Pittsburgh Pirates,Mystical	MYS-26	Oneil Cruz	Pittsburgh Pirates,False
2024_topps_update,2024,Topps,Update,Mystical,,MYS-27,Paul Skenes,Pittsburgh Pirates,Mystical	MYS-27	Paul Skenes	Pittsburgh Pirates,False
2024_topps_update,2024,Topps,Update,Mystical,,MYS-28,Shota Imanaga,Chicago Cubs,Mystical	MYS-28	Shota Imanaga	Chicago Cubs,False
2024_topps_update,2024,Topps,Update,Mystical,,MYS-29,Clayton Kershaw,Los Angeles Dodgers,Mystical	MYS-29	Clayton Kershaw	Los Angeles Dodgers,False
2024_topps_update,2024,Topps,Update,Mystical,,MYS-30,Freddie Freeman,Los Angeles Dodgers,Mystical	MYS-30	Freddie Freeman	Los Angeles Dodgers,False
2024_topps_update,2024,Topps,Update,Mystical,,MYS-31,Jazz Chisholm Jr.,New York Yankees,Mystical	MYS-31	Jazz Chisholm Jr.	New York Yankees,False
2024_topps_update,2024,Topps,Update,Mystical,,MYS-32,Corbin Carroll,Arizona Diamondbacks,Mystical	MYS-32	Corbin Carroll	Arizona Diamondbacks,False
2024_topps_update,2024,Topps,Update,Mystical,,MYS-33,Bobby Witt Jr.,Kansas City Royals,Mystical	MYS-33	Bobby Witt Jr.	Kansas City Royals,False
2024_topps_update,2024,Topps,Update,Mystical,,MYS-34,Fernando Tatis Jr.,San Diego Padres,Mystical	MYS-34	Fernando Tatis Jr.	San Diego Padres,False
2024_topps_update,2024,Topps,Update,Mystical,,MYS-35,Manny Machado,San Diego Padres,Mystical	MYS-35	Manny Machado	San Diego Padres,False
2024_topps_update,2024,Topps,Update,Mystical,,MYS-36,Trea Turner,Philadelphia Phillies,Mystical	MYS-36	Trea Turner	Philadelphia Phillies,False
2024_topps_update,2024,Topps,Update,Mystical,,MYS-37,Spencer Strider,Atlanta Braves,Mystical	MYS-37	Spencer Strider	Atlanta Braves,False
2024_topps_update,2024,Topps,Update,Mystical,,MYS-38,Sonny Gray,St. Louis Cardinals,Mystical	MYS-38	Sonny Gray	St. Louis Cardinals,False
2024_topps_update,2024,Topps,Update,Mystical,,MYS-39,Austin Riley,Atlanta Braves,Mystical	MYS-39	Austin Riley	Atlanta Braves,False
2024_topps_update,2024,Topps,Update,Mystical,,MYS-40,Rafael Devers,Boston Red Sox,Mystical	MYS-40	Rafael Devers	Boston Red Sox,False
2024_topps_update,2024,Topps,Update,Mystical,,MYS-41,Luis Robert Jr.,Chicago White Sox,Mystical	MYS-41	Luis Robert Jr.	Chicago White Sox,False
2024_topps_update,2024,Topps,Update,Mystical,,MYS-42,Matt Olson,Atlanta Braves,Mystical	MYS-42	Matt Olson	Atlanta Braves,False
2024_topps_update,2024,Topps,Update,Mystical,,MYS-43,Francisco Lindor,New York Mets,Mystical	MYS-43	Francisco Lindor	New York Mets,False
2024_topps_update,2024,Topps,Update,Mystical,,MYS-44,Pete Alonso,New York Mets,Mystical	MYS-44	Pete Alonso	New York Mets,False
2024_topps_update,2024,Topps,Update,Mystical,,MYS-45,Vladimir Guerrero Jr.,Toronto Blue Jays,Mystical	MYS-45	Vladimir Guerrero Jr.	Toronto Blue Jays,False
2024_topps_update,2024,Topps,Update,Mystical,,MYS-46,Gunnar Henderson,Baltimore Orioles,Mystical	MYS-46	Gunnar Henderson	Baltimore Orioles,False
2024_topps_update,2024,Topps,Update,Mystical,,MYS-47,Adley Rutschman,Baltimore Orioles,Mystical	MYS-47	Adley Rutschman	Baltimore Orioles,False
2024_topps_update,2024,Topps,Update,Mystical,,MYS-48,Randy Arozarena,Seattle Mariners,Mystical	MYS-48	Randy Arozarena	Seattle Mariners,False
2024_topps_update,2024,Topps,Update,Mystical,,MYS-49,Corey Seager,Texas Rangers,Mystical	MYS-49	Corey Seager	Texas Rangers,False
2024_topps_update,2024,Topps,Update,Mystical,,MYS-50,Royce Lewis,Minnesota Twins,Mystical	MYS-50	Royce Lewis	Minnesota Twins,False
2024_topps_update,2024,Topps,Update,Mystical Autographs,,MYSA-AR,Adley Rutschman,Baltimore Orioles,Mystical Autographs	MYSA-AR	Adley Rutschman	Baltimore Orioles,False
2024_topps_update,2024,Topps,Update,Mystical Autographs,,MYSA-ARI,Austin Riley,Atlanta Braves,Mystical Autographs	MYSA-ARI	Austin Riley	Atlanta Braves,False
2024_topps_update,2024,Topps,Update,Mystical Autographs,,MYSA-AV,Anthony Volpe,New York Yankees,Mystical Autographs	MYSA-AV	Anthony Volpe	New York Yankees,False
2024_topps_update,2024,Topps,Update,Mystical Autographs,,MYSA-BW,Bobby Witt Jr.,Kansas City Royals,Mystical Autographs	MYSA-BW	Bobby Witt Jr.	Kansas City Royals,False
2024_topps_update,2024,Topps,Update,Mystical Autographs,,MYSA-CB,Cody Bellinger,Chicago Cubs,Mystical Autographs	MYSA-CB	Cody Bellinger	Chicago Cubs,False
2024_topps_update,2024,Topps,Update,Mystical Autographs,,MYSA-CC,Corbin Carroll,Arizona Diamondbacks,Mystical Autographs	MYSA-CC	Corbin Carroll	Arizona Diamondbacks,False
2024_topps_update,2024,Topps,Update,Mystical Autographs,,MYSA-CK,Clayton Kershaw,Los Angeles Dodgers,Mystical Autographs	MYSA-CK	Clayton Kershaw	Los Angeles Dodgers,False
2024_topps_update,2024,Topps,Update,Mystical Autographs,,MYSA-CS,Corey Seager,Texas Rangers,Mystical Autographs	MYSA-CS	Corey Seager	Texas Rangers,False
2024_topps_update,2024,Topps,Update,Mystical Autographs,,MYSA-EC,Evan Carter,Texas Rangers,Mystical Autographs	MYSA-EC	Evan Carter	Texas Rangers,False
2024_topps_update,2024,Topps,Update,Mystical Autographs,,MYSA-ED,Elly De La Cruz,Cincinnati Reds,Mystical Autographs	MYSA-ED	Elly De La Cruz	Cincinnati Reds,False
2024_topps_update,2024,Topps,Update,Mystical Autographs,,MYSA-FT,Fernando Tatis Jr.,San Diego Padres,Mystical Autographs	MYSA-FT	Fernando Tatis Jr.	San Diego Padres,False
2024_topps_update,2024,Topps,Update,Mystical Autographs,,MYSA-GH,Gunnar Henderson,Baltimore Orioles,Mystical Autographs	MYSA-GH	Gunnar Henderson	Baltimore Orioles,False
2024_topps_update,2024,Topps,Update,Mystical Autographs,,MYSA-JC,Jazz Chisholm Jr.,Miami Marlins,Mystical Autographs	MYSA-JC	Jazz Chisholm Jr.	Miami Marlins,False
2024_topps_update,2024,Topps,Update,Mystical Autographs,,MYSA-JCA,Junior Caminero,Tampa Bay Rays,Mystical Autographs	MYSA-JCA	Junior Caminero	Tampa Bay Rays,False
2024_topps_update,2024,Topps,Update,Mystical Autographs,,MYSA-JCH,Jackson Chourio,Milwaukee Brewers,Mystical Autographs	MYSA-JCH	Jackson Chourio	Milwaukee Brewers,False
2024_topps_update,2024,Topps,Update,Mystical Autographs,,MYSA-JD,Jasson Domínguez,New York Yankees,Mystical Autographs	MYSA-JD	Jasson Domínguez	New York Yankees,False
2024_topps_update,2024,Topps,Update,Mystical Autographs,,MYSA-JH,Jackson Holliday,Baltimore Orioles,Mystical Autographs	MYSA-JH	Jackson Holliday	Baltimore Orioles,False
2024_topps_update,2024,Topps,Update,Mystical Autographs,,MYSA-JJ,Josh Jung,Texas Rangers,Mystical Autographs	MYSA-JJ	Josh Jung	Texas Rangers,False
2024_topps_update,2024,Topps,Update,Mystical Autographs,,MYSA-JL,Jung Hoo Lee,San Francisco Giants,Mystical Autographs	MYSA-JL	Jung Hoo Lee	San Francisco Giants,False
2024_topps_update,2024,Topps,Update,Mystical Autographs,,MYSA-JLA,Jordan Lawlar,Arizona Diamondbacks,Mystical Autographs	MYSA-JLA	Jordan Lawlar	Arizona Diamondbacks,False
2024_topps_update,2024,Topps,Update,Mystical Autographs,,MYSA-JROD,Julio Rodríguez,Seattle Mariners,Mystical Autographs	MYSA-JROD	Julio Rodríguez	Seattle Mariners,False
2024_topps_update,2024,Topps,Update,Mystical Autographs,,MYSA-JS,Juan Soto,New York Yankees,Mystical Autographs	MYSA-JS	Juan Soto	New York Yankees,False
2024_topps_update,2024,Topps,Update,Mystical Autographs,,MYSA-KG,Ken Griffey Jr.,Seattle Mariners,Mystical Autographs	MYSA-KG	Ken Griffey Jr.	Seattle Mariners,False
2024_topps_update,2024,Topps,Update,Mystical Autographs,,MYSA-LR,Luis Robert Jr.,Chicago White Sox,Mystical Autographs	MYSA-LR	Luis Robert Jr.	Chicago White Sox,False
2024_topps_update,2024,Topps,Update,Mystical Autographs,,MYSA-MH,Michael Harris II,Atlanta Braves,Mystical Autographs	MYSA-MH	Michael Harris II	Atlanta Braves,False
2024_topps_update,2024,Topps,Update,Mystical Autographs,,MYSA-MM,Manny Machado,San Diego Padres,Mystical Autographs	MYSA-MM	Manny Machado	San Diego Padres,False
2024_topps_update,2024,Topps,Update,Mystical Autographs,,MYSA-MO,Matt Olson,Atlanta Braves,Mystical Autographs	MYSA-MO	Matt Olson	Atlanta Braves,False
2024_topps_update,2024,Topps,Update,Mystical Autographs,,MYSA-MT,Mike Trout,Los Angeles Angels,Mystical Autographs	MYSA-MT	Mike Trout	Los Angeles Angels,False
2024_topps_update,2024,Topps,Update,Mystical Autographs,,MYSA-NA,Nolan Arenado,St. Louis Cardinals,Mystical Autographs	MYSA-NA	Nolan Arenado	St. Louis Cardinals,False
2024_topps_update,2024,Topps,Update,Mystical Autographs,,MYSA-OA,Ozzie Albies,Atlanta Braves,Mystical Autographs	MYSA-OA	Ozzie Albies	Atlanta Braves,False
2024_topps_update,2024,Topps,Update,Mystical Autographs,,MYSA-OC,Oneil Cruz,Pittsburgh Pirates,Mystical Autographs	MYSA-OC	Oneil Cruz	Pittsburgh Pirates,False
2024_topps_update,2024,Topps,Update,Mystical Autographs,,MYSA-PA,Pete Alonso,New York Mets,Mystical Autographs	MYSA-PA	Pete Alonso	New York Mets,False
2024_topps_update,2024,Topps,Update,Mystical Autographs,,MYSA-PS,Paul Skenes,Pittsburgh Pirates,Mystical Autographs	MYSA-PS	Paul Skenes	Pittsburgh Pirates,False
2024_topps_update,2024,Topps,Update,Mystical Autographs,,MYSA-RA,Randy Arozarena,Tampa Bay Rays,Mystical Autographs	MYSA-RA	Randy Arozarena	Tampa Bay Rays,False
2024_topps_update,2024,Topps,Update,Mystical Autographs,,MYSA-RAJ,Ronald Acuña Jr.,Atlanta Braves,Mystical Autographs	MYSA-RAJ	Ronald Acuña Jr.	Atlanta Braves,False
2024_topps_update,2024,Topps,Update,Mystical Autographs,,MYSA-RL,Royce Lewis,Minnesota Twins,Mystical Autographs	MYSA-RL	Royce Lewis	Minnesota Twins,False
2024_topps_update,2024,Topps,Update,Mystical Autographs,,MYSA-SG,Sonny Gray,St. Louis Cardinals,Mystical Autographs	MYSA-SG	Sonny Gray	St. Louis Cardinals,False
2024_topps_update,2024,Topps,Update,Mystical Autographs,,MYSA-SI,Shota Imanaga,Chicago Cubs,Mystical Autographs	MYSA-SI	Shota Imanaga	Chicago Cubs,False
2024_topps_update,2024,Topps,Update,Mystical Autographs,,MYSA-SO,Shohei Ohtani,Los Angeles Dodgers,Mystical Autographs	MYSA-SO	Shohei Ohtani	Los Angeles Dodgers,False
2024_topps_update,2024,Topps,Update,Mystical Autographs,,MYSA-SS,Spencer Strider,Atlanta Braves,Mystical Autographs	MYSA-SS	Spencer Strider	Atlanta Braves,False
2024_topps_update,2024,Topps,Update,Mystical Autographs,,MYSA-TT,Trea Turner,Philadelphia Phillies,Mystical Autographs	MYSA-TT	Trea Turner	Philadelphia Phillies,False
2024_topps_update,2024,Topps,Update,Mystical Autographs,,MYSA-VG,Vladimir Guerrero Jr.,Toronto Blue Jays,Mystical Autographs	MYSA-VG	Vladimir Guerrero Jr.	Toronto Blue Jays,False
2024_topps_update,2024,Topps,Update,Mystical Autographs,,MYSA-WL,Wyatt Langford,Texas Rangers,Mystical Autographs	MYSA-WL	Wyatt Langford	Texas Rangers,False
2024_topps_update,2024,Topps,Update,Mystical Autographs,,MYSA-YY,Yoshinobu Yamamoto,Los Angeles Dodgers,Mystical Autographs	MYSA-YY	Yoshinobu Yamamoto	Los Angeles Dodgers,False
2024_topps_update,2024,Topps,Update,Oversized 2024 Base,,US1,Juan Soto,New York Yankees,Oversized 2024 Base	US1	Juan Soto	New York Yankees,False
2024_topps_update,2024,Topps,Update,Oversized 2024 Base,,US16,Joey Votto,Toronto Blue Jays,Oversized 2024 Base	US16	Joey Votto	Toronto Blue Jays,False
2024_topps_update,2024,Topps,Update,Oversized 2024 Base,,US41,Jordan Lawlar,Arizona Diamondbacks	- Rookie Debut,Oversized 2024 Base	US41	Jordan Lawlar	Arizona Diamondbacks	- Rookie Debut,False
2024_topps_update,2024,Topps,Update,Oversized 2024 Base,,US49,Jared Jones,Pittsburgh Pirates,Oversized 2024 Base	US49	Jared Jones	Pittsburgh Pirates,False
2024_topps_update,2024,Topps,Update,Oversized 2024 Base,,US50,Jackson Holliday,Baltimore Orioles,Oversized 2024 Base	US50	Jackson Holliday	Baltimore Orioles,False
2024_topps_update,2024,Topps,Update,Oversized 2024 Base,,US58,Evan Carter,Texas Rangers	- Rookie Debut,Oversized 2024 Base	US58	Evan Carter	Texas Rangers	- Rookie Debut,False
2024_topps_update,2024,Topps,Update,Oversized 2024 Base,,US65,Joey Loperfido,Houston Astros,Oversized 2024 Base	US65	Joey Loperfido	Houston Astros,False
2024_topps_update,2024,Topps,Update,Oversized 2024 Base,,US73,Colt Keith,Detroit Tigers,Oversized 2024 Base	US73	Colt Keith	Detroit Tigers,False
2024_topps_update,2024,Topps,Update,Oversized 2024 Base,,US86,Heston Kjerstad,Baltimore Orioles	- Rookie Debut,Oversized 2024 Base	US86	Heston Kjerstad	Baltimore Orioles	- Rookie Debut,False
2024_topps_update,2024,Topps,Update,Oversized 2024 Base,,US91,Pete Crow-Armstrong,Chicago Cubs	- Rookie Debut,Oversized 2024 Base	US91	Pete Crow-Armstrong	Chicago Cubs	- Rookie Debut,False
2024_topps_update,2024,Topps,Update,Oversized 2024 Base,,US97,Jackson Holliday,Baltimore Orioles	- Rookie Debut,Oversized 2024 Base	US97	Jackson Holliday	Baltimore Orioles	- Rookie Debut,False
2024_topps_update,2024,Topps,Update,Oversized 2024 Base,,US100,Paul Skenes,Pittsburgh Pirates,Oversized 2024 Base	US100	Paul Skenes	Pittsburgh Pirates,False
2024_topps_update,2024,Topps,Update,Oversized 2024 Base,,US110,Ceddanne Rafaela,Boston Red Sox	- Rookie Debut,Oversized 2024 Base	US110	Ceddanne Rafaela	Boston Red Sox	- Rookie Debut,False
2024_topps_update,2024,Topps,Update,Oversized 2024 Base,,US131,Zack Gelof,Oakland Athletics	- Rookie Debut,Oversized 2024 Base	US131	Zack Gelof	Oakland Athletics	- Rookie Debut,False
2024_topps_update,2024,Topps,Update,Oversized 2024 Base,,US149,Yoshinobu Yamamoto,Los Angeles Dodgers	- Rookie Debut,Oversized 2024 Base	US149	Yoshinobu Yamamoto	Los Angeles Dodgers	- Rookie Debut,False
2024_topps_update,2024,Topps,Update,Oversized 2024 Base,,US151,Wyatt Langford,Texas Rangers,Oversized 2024 Base	US151	Wyatt Langford	Texas Rangers,False
2024_topps_update,2024,Topps,Update,Oversized 2024 Base,,US155,Jackson Chourio,Milwaukee Brewers	- Rookie Debut,Oversized 2024 Base	US155	Jackson Chourio	Milwaukee Brewers	- Rookie Debut,False
2024_topps_update,2024,Topps,Update,Oversized 2024 Base,,US169,Jackson Merrill,San Diego Padres	- Rookie Debut,Oversized 2024 Base	US169	Jackson Merrill	San Diego Padres	- Rookie Debut,False
2024_topps_update,2024,Topps,Update,Oversized 2024 Base,,US175,Jasson Domínguez,New York Yankees	- Rookie Debut,Oversized 2024 Base	US175	Jasson Domínguez	New York Yankees	- Rookie Debut,False
2024_topps_update,2024,Topps,Update,Oversized 2024 Base,,US183,Ben Brown,Chicago Cubs,Oversized 2024 Base	US183	Ben Brown	Chicago Cubs,False
2024_topps_update,2024,Topps,Update,Oversized 2024 Base,,US210,Jackson Merrill,San Diego Padres,Oversized 2024 Base	US210	Jackson Merrill	San Diego Padres,False
2024_topps_update,2024,Topps,Update,Oversized 2024 Base,,US218,Christian Scott,New York Mets,Oversized 2024 Base	US218	Christian Scott	New York Mets,False
2024_topps_update,2024,Topps,Update,Oversized 2024 Base,,US221,Andy Pages,Los Angeles Dodgers,Oversized 2024 Base	US221	Andy Pages	Los Angeles Dodgers,False
2024_topps_update,2024,Topps,Update,Oversized 2024 Base,,US223,Junior Caminero,Tampa Bay Rays	- Rookie Debut,Oversized 2024 Base	US223	Junior Caminero	Tampa Bay Rays	- Rookie Debut,False
2024_topps_update,2024,Topps,Update,Oversized 2024 Base,,US240,Jackson Chourio,Milwaukee Brewers,Oversized 2024 Base	US240	Jackson Chourio	Milwaukee Brewers,False
2024_topps_update,2024,Topps,Update,Oversized 2024 Base,,US262,Kyle Manzardo,Cleveland Guardians,Oversized 2024 Base	US262	Kyle Manzardo	Cleveland Guardians,False
2024_topps_update,2024,Topps,Update,Oversized 2024 Base,,US281,Shota Imanaga,Chicago Cubs	- Rookie Debut,Oversized 2024 Base	US281	Shota Imanaga	Chicago Cubs	- Rookie Debut,False
2024_topps_update,2024,Topps,Update,Oversized 2024 Base,,US288,Paul Skenes,Pittsburgh Pirates	- Rookie Debut,Oversized 2024 Base	US288	Paul Skenes	Pittsburgh Pirates	- Rookie Debut,False
2024_topps_update,2024,Topps,Update,Oversized 2024 Base,,US300,Tyler Glasnow,Los Angeles Dodgers,Oversized 2024 Base	US300	Tyler Glasnow	Los Angeles Dodgers,False
2024_topps_update,2024,Topps,Update,Oversized 2024 Base,,US341,Wyatt Langford,Texas Rangers	- Rookie Debut,Oversized 2024 Base	US341	Wyatt Langford	Texas Rangers	- Rookie Debut,False
2024_topps_update,2024,Topps,Update,Oversized 2024 Base,,US343,Jung Hoo Lee,San Francisco Giants	- Rookie Debut,Oversized 2024 Base	US343	Jung Hoo Lee	San Francisco Giants	- Rookie Debut,False
2024_topps_update,2024,Topps,Update,Oversized 2024 Base,,US350,Elly De La Cruz,Cincinnati Reds	- Rookie Debut,Oversized 2024 Base	US350	Elly De La Cruz	Cincinnati Reds	- Rookie Debut,False
2024_topps_update,2024,Topps,Update,Oversized All-Star Game Red Carpet Redemptions,,,Aaron Judge,New York Yankees,Oversized All-Star Game Red Carpet Redemptions		Aaron Judge	New York Yankees,False
2024_topps_update,2024,Topps,Update,Oversized All-Star Game Red Carpet Redemptions,,,Adley Rutschman,Baltimore Orioles,Oversized All-Star Game Red Carpet Redemptions		Adley Rutschman	Baltimore Orioles,False
2024_topps_update,2024,Topps,Update,Oversized All-Star Game Red Carpet Redemptions,,,Alec Bohm,Philadelphia Phillies,Oversized All-Star Game Red Carpet Redemptions		Alec Bohm	Philadelphia Phillies,False
2024_topps_update,2024,Topps,Update,Oversized All-Star Game Red Carpet Redemptions,,,Anthony Santander,Baltimore Orioles,Oversized All-Star Game Red Carpet Redemptions		Anthony Santander	Baltimore Orioles,False
2024_topps_update,2024,Topps,Update,Oversized All-Star Game Red Carpet Redemptions,,,Bobby Witt Jr.,Kansas City Royals,Oversized All-Star Game Red Carpet Redemptions		Bobby Witt Jr.	Kansas City Royals,False
2024_topps_update,2024,Topps,Update,Oversized All-Star Game Red Carpet Redemptions,,,Bryan Reynolds,Pittsburgh Pirates,Oversized All-Star Game Red Carpet Redemptions		Bryan Reynolds	Pittsburgh Pirates,False
2024_topps_update,2024,Topps,Update,Oversized All-Star Game Red Carpet Redemptions,,,Bryce Harper,Philadelphia Phillies,Oversized All-Star Game Red Carpet Redemptions		Bryce Harper	Philadelphia Phillies,False
2024_topps_update,2024,Topps,Update,Oversized All-Star Game Red Carpet Redemptions,,,Chris Sale,Atlanta Braves,Oversized All-Star Game Red Carpet Redemptions		Chris Sale	Atlanta Braves,False
2024_topps_update,2024,Topps,Update,Oversized All-Star Game Red Carpet Redemptions,,,Clay Holmes,New York Yankees,Oversized All-Star Game Red Carpet Redemptions		Clay Holmes	New York Yankees,False
2024_topps_update,2024,Topps,Update,Oversized All-Star Game Red Carpet Redemptions,,,Corbin Burnes,Baltimore Orioles,Oversized All-Star Game Red Carpet Redemptions		Corbin Burnes	Baltimore Orioles,False
2024_topps_update,2024,Topps,Update,Oversized All-Star Game Red Carpet Redemptions,,,Elly De La Cruz,Cincinnati Reds,Oversized All-Star Game Red Carpet Redemptions		Elly De La Cruz	Cincinnati Reds,False
2024_topps_update,2024,Topps,Update,Oversized All-Star Game Red Carpet Redemptions,,,Emmanuel Clase,Cleveland Guardians,Oversized All-Star Game Red Carpet Redemptions		Emmanuel Clase	Cleveland Guardians,False
2024_topps_update,2024,Topps,Update,Oversized All-Star Game Red Carpet Redemptions,,,Freddie Freeman,Los Angeles Dodgers,Oversized All-Star Game Red Carpet Redemptions		Freddie Freeman	Los Angeles Dodgers,False
2024_topps_update,2024,Topps,Update,Oversized All-Star Game Red Carpet Redemptions,,,Garrett Crochet,Chicago White Sox,Oversized All-Star Game Red Carpet Redemptions		Garrett Crochet	Chicago White Sox,False
2024_topps_update,2024,Topps,Update,Oversized All-Star Game Red Carpet Redemptions,,,Gunnar Henderson,Baltimore Orioles,Oversized All-Star Game Red Carpet Redemptions		Gunnar Henderson	Baltimore Orioles,False
2024_topps_update,2024,Topps,Update,Oversized All-Star Game Red Carpet Redemptions,,,Heliot Ramos,San Francisco Giants,Oversized All-Star Game Red Carpet Redemptions		Heliot Ramos	San Francisco Giants,False
2024_topps_update,2024,Topps,Update,Oversized All-Star Game Red Carpet Redemptions,,,Jeff Hoffman,Philadelphia Phillies,Oversized All-Star Game Red Carpet Redemptions		Jeff Hoffman	Philadelphia Phillies,False
2024_topps_update,2024,Topps,Update,Oversized All-Star Game Red Carpet Redemptions,,,José Ramirez,Cleveland Guardians,Oversized All-Star Game Red Carpet Redemptions		José Ramirez	Cleveland Guardians,False
2024_topps_update,2024,Topps,Update,Oversized All-Star Game Red Carpet Redemptions,,,Juan Soto,New York Yankees,Oversized All-Star Game Red Carpet Redemptions		Juan Soto	New York Yankees,False
2024_topps_update,2024,Topps,Update,Oversized All-Star Game Red Carpet Redemptions,,,Jurickson Profar,San Diego Padres,Oversized All-Star Game Red Carpet Redemptions		Jurickson Profar	San Diego Padres,False
2024_topps_update,2024,Topps,Update,Oversized All-Star Game Red Carpet Redemptions,,,Kirby Yates,Texas Rangers,Oversized All-Star Game Red Carpet Redemptions		Kirby Yates	Texas Rangers,False
2024_topps_update,2024,Topps,Update,Oversized All-Star Game Red Carpet Redemptions,,,Logan Gilbert,Seattle Mariners,Oversized All-Star Game Red Carpet Redemptions		Logan Gilbert	Seattle Mariners,False
2024_topps_update,2024,Topps,Update,Oversized All-Star Game Red Carpet Redemptions,,,Logan Webb,San Francisco Giants,Oversized All-Star Game Red Carpet Redemptions		Logan Webb	San Francisco Giants,False
2024_topps_update,2024,Topps,Update,Oversized All-Star Game Red Carpet Redemptions,,,Luis Arraez,San Diego Padres,Oversized All-Star Game Red Carpet Redemptions		Luis Arraez	San Diego Padres,False
2024_topps_update,2024,Topps,Update,Oversized All-Star Game Red Carpet Redemptions,,,Marcus Semien,Texas Rangers,Oversized All-Star Game Red Carpet Redemptions		Marcus Semien	Texas Rangers,False
2024_topps_update,2024,Topps,Update,Oversized All-Star Game Red Carpet Redemptions,,,Mason Miller,Oakland Athletics,Oversized All-Star Game Red Carpet Redemptions		Mason Miller	Oakland Athletics,False
2024_topps_update,2024,Topps,Update,Oversized All-Star Game Red Carpet Redemptions,,,Matt Strahm,Philadelphia Phillies,Oversized All-Star Game Red Carpet Redemptions		Matt Strahm	Philadelphia Phillies,False
2024_topps_update,2024,Topps,Update,Oversized All-Star Game Red Carpet Redemptions,,,Paul Skenes,Pittsburgh Pirates,Oversized All-Star Game Red Carpet Redemptions		Paul Skenes	Pittsburgh Pirates,False
2024_topps_update,2024,Topps,Update,Oversized All-Star Game Red Carpet Redemptions,,,Robert Suarez,San Diego Padres,Oversized All-Star Game Red Carpet Redemptions		Robert Suarez	San Diego Padres,False
2024_topps_update,2024,Topps,Update,Oversized All-Star Game Red Carpet Redemptions,,,Salvador Perez,Kansas City Royals,Oversized All-Star Game Red Carpet Redemptions		Salvador Perez	Kansas City Royals,False
2024_topps_update,2024,Topps,Update,Oversized All-Star Game Red Carpet Redemptions,,,Shohei Ohtani,Los Angeles Dodgers,Oversized All-Star Game Red Carpet Redemptions		Shohei Ohtani	Los Angeles Dodgers,False
2024_topps_update,2024,Topps,Update,Oversized All-Star Game Red Carpet Redemptions,,,Tanner Houck,Boston Red Sox,Oversized All-Star Game Red Carpet Redemptions		Tanner Houck	Boston Red Sox,False
2024_topps_update,2024,Topps,Update,Oversized All-Star Game Red Carpet Redemptions,,,Tanner Scott,Miami Marlins,Oversized All-Star Game Red Carpet Redemptions		Tanner Scott	Miami Marlins,False
2024_topps_update,2024,Topps,Update,Oversized All-Star Game Red Carpet Redemptions,,,Tarik Skubal,Detroit Tigers,Oversized All-Star Game Red Carpet Redemptions		Tarik Skubal	Detroit Tigers,False
2024_topps_update,2024,Topps,Update,Oversized All-Star Game Red Carpet Redemptions,,,Teoscar Hernandez,Los Angeles Dodgers,Oversized All-Star Game Red Carpet Redemptions		Teoscar Hernandez	Los Angeles Dodgers,False
2024_topps_update,2024,Topps,Update,Oversized All-Star Game Red Carpet Redemptions,,,Torey Lovullo,Arizona Diamondbacks,Oversized All-Star Game Red Carpet Redemptions		Torey Lovullo	Arizona Diamondbacks,False
2024_topps_update,2024,Topps,Update,Oversized All-Star Game Red Carpet Redemptions,,,Trea Turner,Philadelphia Phillies,Oversized All-Star Game Red Carpet Redemptions		Trea Turner	Philadelphia Phillies,False
2024_topps_update,2024,Topps,Update,Oversized All-Star Game Red Carpet Redemptions,,,Tyler Glasnow,Los Angeles Dodgers,Oversized All-Star Game Red Carpet Redemptions		Tyler Glasnow	Los Angeles Dodgers,False
2024_topps_update,2024,Topps,Update,Oversized All-Star Game Red Carpet Redemptions,,,Vladimir Guerrero Jr.,Toronto Blue Jays,Oversized All-Star Game Red Carpet Redemptions		Vladimir Guerrero Jr.	Toronto Blue Jays,False
2024_topps_update,2024,Topps,Update,Oversized All-Star Game Red Carpet Redemptions,,,Will Smith,Los Angeles Dodgers,Oversized All-Star Game Red Carpet Redemptions		Will Smith	Los Angeles Dodgers,False
2024_topps_update,2024,Topps,Update,Oversized All-Star Game Red Carpet Redemptions,,,William Contreras,Milwaukee Brewers,Oversized All-Star Game Red Carpet Redemptions		William Contreras	Milwaukee Brewers,False
2024_topps_update,2024,Topps,Update,Own the Name Relics,,OTN-AB,Alex Bregman,Houston Astros,Own the Name Relics	OTN-AB	Alex Bregman	Houston Astros,False
2024_topps_update,2024,Topps,Update,Own the Name Relics,,OTN-ABE,Andrew Benintendi,Chicago White Sox,Own the Name Relics	OTN-ABE	Andrew Benintendi	Chicago White Sox,False
2024_topps_update,2024,Topps,Update,Own the Name Relics,,OTN-AN,Aaron Nola,Philadelphia Phillies,Own the Name Relics	OTN-AN	Aaron Nola	Philadelphia Phillies,False
2024_topps_update,2024,Topps,Update,Own the Name Relics,,OTN-AR,Adley Rutschman,Baltimore Orioles,Own the Name Relics	OTN-AR	Adley Rutschman	Baltimore Orioles,False
2024_topps_update,2024,Topps,Update,Own the Name Relics,,OTN-ARI,Austin Riley,Atlanta Braves,Own the Name Relics	OTN-ARI	Austin Riley	Atlanta Braves,False
2024_topps_update,2024,Topps,Update,Own the Name Relics,,OTN-BB,Byron Buxton,Minnesota Twins,Own the Name Relics	OTN-BB	Byron Buxton	Minnesota Twins,False
2024_topps_update,2024,Topps,Update,Own the Name Relics,,OTN-BH,Bryce Harper,Philadelphia Phillies,Own the Name Relics	OTN-BH	Bryce Harper	Philadelphia Phillies,False
2024_topps_update,2024,Topps,Update,Own the Name Relics,,OTN-BN,Brandon Nimmo,New York Mets,Own the Name Relics	OTN-BN	Brandon Nimmo	New York Mets,False
2024_topps_update,2024,Topps,Update,Own the Name Relics,,OTN-BR,Bryan Reynolds,Pittsburgh Pirates,Own the Name Relics	OTN-BR	Bryan Reynolds	Pittsburgh Pirates,False
2024_topps_update,2024,Topps,Update,Own the Name Relics,,OTN-BW,Brandon Woodruff,Milwaukee Brewers,Own the Name Relics	OTN-BW	Brandon Woodruff	Milwaukee Brewers,False
2024_topps_update,2024,Topps,Update,Own the Name Relics,,OTN-BWJ,Bobby Witt Jr.,Kansas City Royals,Own the Name Relics	OTN-BWJ	Bobby Witt Jr.	Kansas City Royals,False
2024_topps_update,2024,Topps,Update,Own the Name Relics,,OTN-CB,Charlie Blackmon,Colorado Rockies,Own the Name Relics	OTN-CB	Charlie Blackmon	Colorado Rockies,False
2024_topps_update,2024,Topps,Update,Own the Name Relics,,OTN-CBE,Cody Bellinger,Chicago Cubs,Own the Name Relics	OTN-CBE	Cody Bellinger	Chicago Cubs,False
2024_topps_update,2024,Topps,Update,Own the Name Relics,,OTN-CC,Carlos Correa,Minnesota Twins,Own the Name Relics	OTN-CC	Carlos Correa	Minnesota Twins,False
2024_topps_update,2024,Topps,Update,Own the Name Relics,,OTN-CCA,Corbin Carroll,Arizona Diamondbacks,Own the Name Relics	OTN-CCA	Corbin Carroll	Arizona Diamondbacks,False
2024_topps_update,2024,Topps,Update,Own the Name Relics,,OTN-CM,Christoper Morel,Chicago Cubs,Own the Name Relics	OTN-CM	Christoper Morel	Chicago Cubs,False
2024_topps_update,2024,Topps,Update,Own the Name Relics,,OTN-CMU,Cedric Mullins,Baltimore Orioles,Own the Name Relics	OTN-CMU	Cedric Mullins	Baltimore Orioles,False
2024_topps_update,2024,Topps,Update,Own the Name Relics,,OTN-CR,Cal Raleigh,Seattle Mariners,Own the Name Relics	OTN-CR	Cal Raleigh	Seattle Mariners,False
2024_topps_update,2024,Topps,Update,Own the Name Relics,,OTN-CY,Christian Yelich,Milwaukee Brewers,Own the Name Relics	OTN-CY	Christian Yelich	Milwaukee Brewers,False
2024_topps_update,2024,Topps,Update,Own the Name Relics,,OTN-DS,Dansby Swanson,Chicago Cubs,Own the Name Relics	OTN-DS	Dansby Swanson	Chicago Cubs,False
2024_topps_update,2024,Topps,Update,Own the Name Relics,,OTN-EJ,Eloy Jiménez,Chicago White Sox,Own the Name Relics	OTN-EJ	Eloy Jiménez	Chicago White Sox,False
2024_topps_update,2024,Topps,Update,Own the Name Relics,,OTN-ET,Ezequiel Tovar,Colorado Rockies,Own the Name Relics	OTN-ET	Ezequiel Tovar	Colorado Rockies,False
2024_topps_update,2024,Topps,Update,Own the Name Relics,,OTN-FL,Francisco Lindor,New York Mets,Own the Name Relics	OTN-FL	Francisco Lindor	New York Mets,False
2024_topps_update,2024,Topps,Update,Own the Name Relics,,OTN-FP,Freddy Peralta,Milwaukee Brewers,Own the Name Relics	OTN-FP	Freddy Peralta	Milwaukee Brewers,False
2024_topps_update,2024,Topps,Update,Own the Name Relics,,OTN-GM,Gabriel Moreno,Arizona Diamondbacks,Own the Name Relics	OTN-GM	Gabriel Moreno	Arizona Diamondbacks,False
2024_topps_update,2024,Topps,Update,Own the Name Relics,,OTN-GS,George Springer,Toronto Blue Jays,Own the Name Relics	OTN-GS	George Springer	Toronto Blue Jays,False
2024_topps_update,2024,Topps,Update,Own the Name Relics,,OTN-HG,Hunter Greene,Cincinnati Reds,Own the Name Relics	OTN-HG	Hunter Greene	Cincinnati Reds,False
2024_topps_update,2024,Topps,Update,Own the Name Relics,,OTN-IH,Ian Happ,Chicago Cubs,Own the Name Relics	OTN-IH	Ian Happ	Chicago Cubs,False
2024_topps_update,2024,Topps,Update,Own the Name Relics,,OTN-JA,José Abreu,Houston Astros,Own the Name Relics	OTN-JA	José Abreu	Houston Astros,False
2024_topps_update,2024,Topps,Update,Own the Name Relics,,OTN-JAL,Jose Altuve,Houston Astros,Own the Name Relics	OTN-JAL	Jose Altuve	Houston Astros,False
2024_topps_update,2024,Topps,Update,Own the Name Relics,,OTN-JB,José Berríos,Toronto Blue Jays,Own the Name Relics	OTN-JB	José Berríos	Toronto Blue Jays,False
2024_topps_update,2024,Topps,Update,Own the Name Relics,,OTN-JC,J.P. Crawford,Seattle Mariners,Own the Name Relics	OTN-JC	J.P. Crawford	Seattle Mariners,False
2024_topps_update,2024,Topps,Update,Own the Name Relics,,OTN-JCJ,Jazz Chisholm Jr.,Miami Marlins,Own the Name Relics	OTN-JCJ	Jazz Chisholm Jr.	Miami Marlins,False
2024_topps_update,2024,Topps,Update,Own the Name Relics,,OTN-JD,Jarren Duran,Boston Red Sox,Own the Name Relics	OTN-JD	Jarren Duran	Boston Red Sox,False
2024_topps_update,2024,Topps,Update,Own the Name Relics,,OTN-JI,Jonathan India,Cincinnati Reds,Own the Name Relics	OTN-JI	Jonathan India	Cincinnati Reds,False
2024_topps_update,2024,Topps,Update,Own the Name Relics,,OTN-JM,Joe Musgrove,San Diego Padres,Own the Name Relics	OTN-JM	Joe Musgrove	San Diego Padres,False
2024_topps_update,2024,Topps,Update,Own the Name Relics,,OTN-JMC,Jeff McNeil,New York Mets,Own the Name Relics	OTN-JMC	Jeff McNeil	New York Mets,False
2024_topps_update,2024,Topps,Update,Own the Name Relics,,OTN-JP,Jeremy Peña,Houston Astros,Own the Name Relics	OTN-JP	Jeremy Peña	Houston Astros,False
2024_topps_update,2024,Topps,Update,Own the Name Relics,,OTN-JR,Julio Rodríguez,Seattle Mariners,Own the Name Relics	OTN-JR	Julio Rodríguez	Seattle Mariners,False
2024_topps_update,2024,Topps,Update,Own the Name Relics,,OTN-JRA,José Ramírez,Cleveland Guardians,Own the Name Relics	OTN-JRA	José Ramírez	Cleveland Guardians,False
2024_topps_update,2024,Topps,Update,Own the Name Relics,,OTN-JTR,J.T. Realmuto,Philadelphia Phillies,Own the Name Relics	OTN-JTR	J.T. Realmuto	Philadelphia Phillies,False
2024_topps_update,2024,Topps,Update,Own the Name Relics,,OTN-JV,Joey Votto,Cincinnati Reds,Own the Name Relics	OTN-JV	Joey Votto	Cincinnati Reds,False
2024_topps_update,2024,Topps,Update,Own the Name Relics,,OTN-KB,Kris Bryant,Colorado Rockies,Own the Name Relics	OTN-KB	Kris Bryant	Colorado Rockies,False
2024_topps_update,2024,Topps,Update,Own the Name Relics,,OTN-KH,Ke'Bryan Hayes,Pittsburgh Pirates,Own the Name Relics	OTN-KH	Ke'Bryan Hayes	Pittsburgh Pirates,False
2024_topps_update,2024,Topps,Update,Own the Name Relics,,OTN-KS,Kyle Schwarber,Philadelphia Phillies,Own the Name Relics	OTN-KS	Kyle Schwarber	Philadelphia Phillies,False
2024_topps_update,2024,Topps,Update,Own the Name Relics,,OTN-KT,Kyle Tucker,Houston Astros,Own the Name Relics	OTN-KT	Kyle Tucker	Houston Astros,False
2024_topps_update,2024,Topps,Update,Own the Name Relics,,OTN-LA,Luis Arraez,Miami Marlins,Own the Name Relics	OTN-LA	Luis Arraez	Miami Marlins,False
2024_topps_update,2024,Topps,Update,Own the Name Relics,,OTN-LC,Luis Castillo,Seattle Mariners,Own the Name Relics	OTN-LC	Luis Castillo	Seattle Mariners,False
2024_topps_update,2024,Topps,Update,Own the Name Relics,,OTN-LR,Luis Robert Jr.,Chicago White Sox,Own the Name Relics	OTN-LR	Luis Robert Jr.	Chicago White Sox,False
2024_topps_update,2024,Topps,Update,Own the Name Relics,,OTN-MB,Mookie Betts,Los Angeles Dodgers,Own the Name Relics	OTN-MB	Mookie Betts	Los Angeles Dodgers,False
2024_topps_update,2024,Topps,Update,Own the Name Relics,,OTN-MC,Michael Conforto,San Francisco Giants,Own the Name Relics	OTN-MC	Michael Conforto	San Francisco Giants,False
2024_topps_update,2024,Topps,Update,Own the Name Relics,,OTN-MF,Max Fried,Atlanta Braves,Own the Name Relics	OTN-MF	Max Fried	Atlanta Braves,False
2024_topps_update,2024,Topps,Update,Own the Name Relics,,OTN-MK,Max Kepler,Minnesota Twins,Own the Name Relics	OTN-MK	Max Kepler	Minnesota Twins,False
2024_topps_update,2024,Topps,Update,Own the Name Relics,,OTN-MM,Manny Machado,San Diego Padres,Own the Name Relics	OTN-MM	Manny Machado	San Diego Padres,False
2024_topps_update,2024,Topps,Update,Own the Name Relics,,OTN-MME,MJ Melendez,Kansas City Royals,Own the Name Relics	OTN-MME	MJ Melendez	Kansas City Royals,False
2024_topps_update,2024,Topps,Update,Own the Name Relics,,OTN-MMU,Max Muncy,Los Angeles Dodgers,Own the Name Relics	OTN-MMU	Max Muncy	Los Angeles Dodgers,False
2024_topps_update,2024,Topps,Update,Own the Name Relics,,OTN-MS,Marcus Semien,Texas Rangers,Own the Name Relics	OTN-MS	Marcus Semien	Texas Rangers,False
2024_topps_update,2024,Topps,Update,Own the Name Relics,,OTN-MT,Mike Trout,Los Angeles Angels,Own the Name Relics	OTN-MT	Mike Trout	Los Angeles Angels,False
2024_topps_update,2024,Topps,Update,Own the Name Relics,,OTN-MY,Mike Yastrzemski,San Francisco Giants,Own the Name Relics	OTN-MY	Mike Yastrzemski	San Francisco Giants,False
2024_topps_update,2024,Topps,Update,Own the Name Relics,,OTN-MYO,Masataka Yoshida,Boston Red Sox,Own the Name Relics	OTN-MYO	Masataka Yoshida	Boston Red Sox,False
2024_topps_update,2024,Topps,Update,Own the Name Relics,,OTN-NC,Nick Castellanos,Philadelphia Phillies,Own the Name Relics	OTN-NC	Nick Castellanos	Philadelphia Phillies,False
2024_topps_update,2024,Topps,Update,Own the Name Relics,,OTN-NH,Nico Hoerner,Chicago Cubs,Own the Name Relics	OTN-NH	Nico Hoerner	Chicago Cubs,False
2024_topps_update,2024,Topps,Update,Own the Name Relics,,OTN-OA,Ozzie Albies,Atlanta Braves,Own the Name Relics	OTN-OA	Ozzie Albies	Atlanta Braves,False
2024_topps_update,2024,Topps,Update,Own the Name Relics,,OTN-PA,Pete Alonso,New York Mets,Own the Name Relics	OTN-PA	Pete Alonso	New York Mets,False
2024_topps_update,2024,Topps,Update,Own the Name Relics,,OTN-PB,Patrick Bailey,San Francisco Giants,Own the Name Relics	OTN-PB	Patrick Bailey	San Francisco Giants,False
2024_topps_update,2024,Topps,Update,Own the Name Relics,,OTN-RA,Randy Arozarena,Tampa Bay Rays,Own the Name Relics	OTN-RA	Randy Arozarena	Tampa Bay Rays,False
2024_topps_update,2024,Topps,Update,Own the Name Relics,,OTN-RAJ,Ronald Acuña Jr.,Atlanta Braves,Own the Name Relics	OTN-RAJ	Ronald Acuña Jr.	Atlanta Braves,False
2024_topps_update,2024,Topps,Update,Own the Name Relics,,OTN-RD,Rafael Devers,Boston Red Sox,Own the Name Relics	OTN-RD	Rafael Devers	Boston Red Sox,False
2024_topps_update,2024,Topps,Update,Own the Name Relics,,OTN-RG,Riley Greene,Detroit Tigers,Own the Name Relics	OTN-RG	Riley Greene	Detroit Tigers,False
2024_topps_update,2024,Topps,Update,Own the Name Relics,,OTN-RM,Ryan Mountcastle,Baltimore Orioles,Own the Name Relics	OTN-RM	Ryan Mountcastle	Baltimore Orioles,False
2024_topps_update,2024,Topps,Update,Own the Name Relics,,OTN-SM,Starling Marte,New York Mets,Own the Name Relics	OTN-SM	Starling Marte	New York Mets,False
2024_topps_update,2024,Topps,Update,Own the Name Relics,,OTN-SP,Salvador Perez,Kansas City Royals,Own the Name Relics	OTN-SP	Salvador Perez	Kansas City Royals,False
2024_topps_update,2024,Topps,Update,Own the Name Relics,,OTN-SS,Spencer Steer,Cincinnati Reds,Own the Name Relics	OTN-SS	Spencer Steer	Cincinnati Reds,False
2024_topps_update,2024,Topps,Update,Own the Name Relics,,OTN-SST,Spencer Strider,Atlanta Braves,Own the Name Relics	OTN-SST	Spencer Strider	Atlanta Braves,False
2024_topps_update,2024,Topps,Update,Own the Name Relics,,OTN-SSU,Seiya Suzuki,Chicago Cubs,Own the Name Relics	OTN-SSU	Seiya Suzuki	Chicago Cubs,False
2024_topps_update,2024,Topps,Update,Own the Name Relics,,OTN-ST,Spencer Torkelson,Detroit Tigers,Own the Name Relics	OTN-ST	Spencer Torkelson	Detroit Tigers,False
2024_topps_update,2024,Topps,Update,Own the Name Relics,,OTN-TC,Triston Casas,Boston Red Sox,Own the Name Relics	OTN-TC	Triston Casas	Boston Red Sox,False
2024_topps_update,2024,Topps,Update,Own the Name Relics,,OTN-TM,Triston McKenzie,Cleveland Guardians,Own the Name Relics	OTN-TM	Triston McKenzie	Cleveland Guardians,False
2024_topps_update,2024,Topps,Update,Own the Name Relics,,OTN-TS,Trevor Story,Boston Red Sox,Own the Name Relics	OTN-TS	Trevor Story	Boston Red Sox,False
2024_topps_update,2024,Topps,Update,Own the Name Relics,,OTN-TT,Trea Turner,Philadelphia Phillies,Own the Name Relics	OTN-TT	Trea Turner	Philadelphia Phillies,False
2024_topps_update,2024,Topps,Update,Own the Name Relics,,OTN-VG,Vladimir Guerrero Jr.,Toronto Blue Jays,Own the Name Relics	OTN-VG	Vladimir Guerrero Jr.	Toronto Blue Jays,False
2024_topps_update,2024,Topps,Update,Own the Name Relics,,OTN-WA,Willy Adames,Milwaukee Brewers,Own the Name Relics	OTN-WA	Willy Adames	Milwaukee Brewers,False
2024_topps_update,2024,Topps,Update,Own the Name Relics,,OTN-WB,Walker Buehler,Los Angeles Dodgers,Own the Name Relics	OTN-WB	Walker Buehler	Los Angeles Dodgers,False
2024_topps_update,2024,Topps,Update,Own the Name Relics,,OTN-WC,William Contreras,Milwaukee Brewers,Own the Name Relics	OTN-WC	William Contreras	Milwaukee Brewers,False
2024_topps_update,2024,Topps,Update,Own the Name Relics,,OTN-WS,Will Smith,Los Angeles Dodgers,Own the Name Relics	OTN-WS	Will Smith	Los Angeles Dodgers,False
2024_topps_update,2024,Topps,Update,Own the Name Relics,,OTN-XB,Xander Bogaerts,San Diego Padres,Own the Name Relics	OTN-XB	Xander Bogaerts	San Diego Padres,False
2024_topps_update,2024,Topps,Update,Own the Name Relics,,OTN-YA,Yordan Alvarez,Houston Astros,Own the Name Relics	OTN-YA	Yordan Alvarez	Houston Astros,False
2024_topps_update,2024,Topps,Update,Own the Name Relics,,OTN-YD,Yu Darvish,San Diego Padres,Own the Name Relics	OTN-YD	Yu Darvish	San Diego Padres,False
2024_topps_update,2024,Topps,Update,Own the Name Relics,,OTN-ZG,Zac Gallen,Arizona Diamondbacks,Own the Name Relics	OTN-ZG	Zac Gallen	Arizona Diamondbacks,False
2024_topps_update,2024,Topps,Update,Own the Name Relics,,OTN-ZW,Zack Wheeler,Philadelphia Phillies,Own the Name Relics	OTN-ZW	Zack Wheeler	Philadelphia Phillies,False
2024_topps_update,2024,Topps,Update,Rising Rookie Relics,,RRR-AC,Alexander Canario,Chicago Cubs,Rising Rookie Relics	RRR-AC	Alexander Canario	Chicago Cubs,False
2024_topps_update,2024,Topps,Update,Rising Rookie Relics,,RRR-AS,AJ Smith-Shawver,Atlanta Braves,Rising Rookie Relics	RRR-AS	AJ Smith-Shawver	Atlanta Braves,False
2024_topps_update,2024,Topps,Update,Rising Rookie Relics,,RRR-AW,Austin Wells,New York Yankees,Rising Rookie Relics	RRR-AW	Austin Wells	New York Yankees,False
2024_topps_update,2024,Topps,Update,Rising Rookie Relics,,RRR-BB,Ben Brown,Chicago Cubs,Rising Rookie Relics	RRR-BB	Ben Brown	Chicago Cubs,False
2024_topps_update,2024,Topps,Update,Rising Rookie Relics,,RRR-CC,Colton Cowser,Baltimore Orioles,Rising Rookie Relics	RRR-CC	Colton Cowser	Baltimore Orioles,False
2024_topps_update,2024,Topps,Update,Rising Rookie Relics,,RRR-CE,Christian Encarnacion-Strand,Cincinnati Reds,Rising Rookie Relics	RRR-CE	Christian Encarnacion-Strand	Cincinnati Reds,False
2024_topps_update,2024,Topps,Update,Rising Rookie Relics,,RRR-CHO,Jackson Chourio,Milwaukee Brewers,Rising Rookie Relics	RRR-CHO	Jackson Chourio	Milwaukee Brewers,False
2024_topps_update,2024,Topps,Update,Rising Rookie Relics,,RRR-CR,Ceddanne Rafaela,Boston Red Sox,Rising Rookie Relics	RRR-CR	Ceddanne Rafaela	Boston Red Sox,False
2024_topps_update,2024,Topps,Update,Rising Rookie Relics,,RRR-DS,Davis Schneider,Toronto Blue Jays,Rising Rookie Relics	RRR-DS	Davis Schneider	Toronto Blue Jays,False
2024_topps_update,2024,Topps,Update,Rising Rookie Relics,,RRR-EC,Evan Carter,Texas Rangers,Rising Rookie Relics	RRR-EC	Evan Carter	Texas Rangers,False
2024_topps_update,2024,Topps,Update,Rising Rookie Relics,,RRR-ED,Elly De La Cruz,Cincinnati Reds,Rising Rookie Relics	RRR-ED	Elly De La Cruz	Cincinnati Reds,False
2024_topps_update,2024,Topps,Update,Rising Rookie Relics,,RRR-ES,Emmet Sheehan,Los Angeles Dodgers,Rising Rookie Relics	RRR-ES	Emmet Sheehan	Los Angeles Dodgers,False
2024_topps_update,2024,Topps,Update,Rising Rookie Relics,,RRR-GW,Gavin Williams,Cleveland Guardians,Rising Rookie Relics	RRR-GW	Gavin Williams	Cleveland Guardians,False
2024_topps_update,2024,Topps,Update,Rising Rookie Relics,,RRR-HD,Henry Davis,Pittsburgh Pirates,Rising Rookie Relics	RRR-HD	Henry Davis	Pittsburgh Pirates,False
2024_topps_update,2024,Topps,Update,Rising Rookie Relics,,RRR-HK,Heston Kjerstad,Baltimore Orioles,Rising Rookie Relics	RRR-HK	Heston Kjerstad	Baltimore Orioles,False
2024_topps_update,2024,Topps,Update,Rising Rookie Relics,,RRR-JC,Junior Caminero,Tampa Bay Rays,Rising Rookie Relics	RRR-JC	Junior Caminero	Tampa Bay Rays,False
2024_topps_update,2024,Topps,Update,Rising Rookie Relics,,RRR-JD,Jasson Domínguez,New York Yankees,Rising Rookie Relics	RRR-JD	Jasson Domínguez	New York Yankees,False
2024_topps_update,2024,Topps,Update,Rising Rookie Relics,,RRR-JH,Jackson Holliday,Baltimore Orioles,Rising Rookie Relics	RRR-JH	Jackson Holliday	Baltimore Orioles,False
2024_topps_update,2024,Topps,Update,Rising Rookie Relics,,RRR-JHL,Jung Hoo Lee,San Francisco Giants,Rising Rookie Relics	RRR-JHL	Jung Hoo Lee	San Francisco Giants,False
2024_topps_update,2024,Topps,Update,Rising Rookie Relics,,RRR-JJ,Jared Jones,Pittsburgh Pirates,Rising Rookie Relics	RRR-JJ	Jared Jones	Pittsburgh Pirates,False
2024_topps_update,2024,Topps,Update,Rising Rookie Relics,,RRR-JL,Jordan Lawlar,Arizona Diamondbacks,Rising Rookie Relics	RRR-JL	Jordan Lawlar	Arizona Diamondbacks,False
2024_topps_update,2024,Topps,Update,Rising Rookie Relics,,RRR-JM,Jackson Merrill,San Diego Padres,Rising Rookie Relics	RRR-JM	Jackson Merrill	San Diego Padres,False
2024_topps_update,2024,Topps,Update,Rising Rookie Relics,,RRR-KH,Kyle Harrison,San Francisco Giants,Rising Rookie Relics	RRR-KH	Kyle Harrison	San Francisco Giants,False
2024_topps_update,2024,Topps,Update,Rising Rookie Relics,,RRR-LB,Lawrence Butler,Oakland Athletics,Rising Rookie Relics	RRR-LB	Lawrence Butler	Oakland Athletics,False
2024_topps_update,2024,Topps,Update,Rising Rookie Relics,,RRR-LM,Luis Matos,San Francisco Giants,Rising Rookie Relics	RRR-LM	Luis Matos	San Francisco Giants,False
2024_topps_update,2024,Topps,Update,Rising Rookie Relics,,RRR-MW,Masyn Winn,St. Louis Cardinals,Rising Rookie Relics	RRR-MW	Masyn Winn	St. Louis Cardinals,False
2024_topps_update,2024,Topps,Update,Rising Rookie Relics,,RRR-NM,Noelvi Marte,Cincinnati Reds,Rising Rookie Relics	RRR-NM	Noelvi Marte	Cincinnati Reds,False
2024_topps_update,2024,Topps,Update,Rising Rookie Relics,,RRR-NS,Nolan Schanuel,Los Angeles Angels,Rising Rookie Relics	RRR-NS	Nolan Schanuel	Los Angeles Angels,False
2024_topps_update,2024,Topps,Update,Rising Rookie Relics,,RRR-PC,Pete Crow-Armstrong,Chicago Cubs,Rising Rookie Relics	RRR-PC	Pete Crow-Armstrong	Chicago Cubs,False
2024_topps_update,2024,Topps,Update,Rising Rookie Relics,,RRR-PS,Paul Skenes,Pittsburgh Pirates,Rising Rookie Relics	RRR-PS	Paul Skenes	Pittsburgh Pirates,False
2024_topps_update,2024,Topps,Update,Rising Rookie Relics,,RRR-RM,Ronny Mauricio,New York Mets,Rising Rookie Relics	RRR-RM	Ronny Mauricio	New York Mets,False
2024_topps_update,2024,Topps,Update,Rising Rookie Relics,,RRR-SF,Sal Frelick,Milwaukee Brewers,Rising Rookie Relics	RRR-SF	Sal Frelick	Milwaukee Brewers,False
2024_topps_update,2024,Topps,Update,Rising Rookie Relics,,RRR-SI,Shota Imanaga,Chicago Cubs,Rising Rookie Relics	RRR-SI	Shota Imanaga	Chicago Cubs,False
2024_topps_update,2024,Topps,Update,Rising Rookie Relics,,RRR-TS,Tyler Soderstrom,Oakland Athletics,Rising Rookie Relics	RRR-TS	Tyler Soderstrom	Oakland Athletics,False
2024_topps_update,2024,Topps,Update,Rising Rookie Relics,,RRR-WEST,Jordan Westburg,Baltimore Orioles,Rising Rookie Relics	RRR-WEST	Jordan Westburg	Baltimore Orioles,False
2024_topps_update,2024,Topps,Update,Rising Rookie Relics,,RRR-WIC,Jordan Wicks,Chicago Cubs,Rising Rookie Relics	RRR-WIC	Jordan Wicks	Chicago Cubs,False
2024_topps_update,2024,Topps,Update,Rising Rookie Relics,,RRR-WL,Wyatt Langford,Texas Rangers,Rising Rookie Relics	RRR-WL	Wyatt Langford	Texas Rangers,False
2024_topps_update,2024,Topps,Update,Rising Rookie Relics,,RRR-WM,Wade Meckler,San Francisco Giants,Rising Rookie Relics	RRR-WM	Wade Meckler	San Francisco Giants,False
2024_topps_update,2024,Topps,Update,Rising Rookie Relics,,RRR-YY,Yoshinobu Yamamoto,Los Angeles Dodgers,Rising Rookie Relics	RRR-YY	Yoshinobu Yamamoto	Los Angeles Dodgers,False
2024_topps_update,2024,Topps,Update,Rising Rookie Relics,,RRR-ZG,Zack Gelof,Oakland Athletics,Rising Rookie Relics	RRR-ZG	Zack Gelof	Oakland Athletics,False
2024_topps_update,2024,Topps,Update,Stars of MLB,,SMLB-61,Juan Soto,New York Yankees,Stars of MLB	SMLB-61	Juan Soto	New York Yankees,False
2024_topps_update,2024,Topps,Update,Stars of MLB,,SMLB-62,Matt Chapman,San Francisco Giants,Stars of MLB	SMLB-62	Matt Chapman	San Francisco Giants,False
2024_topps_update,2024,Topps,Update,Stars of MLB,,SMLB-63,Cody Bellinger,Chicago Cubs,Stars of MLB	SMLB-63	Cody Bellinger	Chicago Cubs,False
2024_topps_update,2024,Topps,Update,Stars of MLB,,SMLB-64,Paul Skenes,Pittsburgh Pirates,Stars of MLB	SMLB-64	Paul Skenes	Pittsburgh Pirates,False
2024_topps_update,2024,Topps,Update,Stars of MLB,,SMLB-65,Austin Riley,Atlanta Braves,Stars of MLB	SMLB-65	Austin Riley	Atlanta Braves,False
2024_topps_update,2024,Topps,Update,Stars of MLB,,SMLB-66,Adley Rutschman,Baltimore Orioles,Stars of MLB	SMLB-66	Adley Rutschman	Baltimore Orioles,False
2024_topps_update,2024,Topps,Update,Stars of MLB,,SMLB-67,Colton Cowser,Baltimore Orioles,Stars of MLB	SMLB-67	Colton Cowser	Baltimore Orioles,False
2024_topps_update,2024,Topps,Update,Stars of MLB,,SMLB-68,Justin Verlander,Houston Astros,Stars of MLB	SMLB-68	Justin Verlander	Houston Astros,False
2024_topps_update,2024,Topps,Update,Stars of MLB,,SMLB-69,Royce Lewis,Minnesota Twins,Stars of MLB	SMLB-69	Royce Lewis	Minnesota Twins,False
2024_topps_update,2024,Topps,Update,Stars of MLB,,SMLB-70,Marcus Semien,Texas Rangers,Stars of MLB	SMLB-70	Marcus Semien	Texas Rangers,False
2024_topps_update,2024,Topps,Update,Stars of MLB,,SMLB-71,Davis Schneider,Toronto Blue Jays,Stars of MLB	SMLB-71	Davis Schneider	Toronto Blue Jays,False
2024_topps_update,2024,Topps,Update,Stars of MLB,,SMLB-72,Curtis Mead,Tampa Bay Rays,Stars of MLB	SMLB-72	Curtis Mead	Tampa Bay Rays,False
2024_topps_update,2024,Topps,Update,Stars of MLB,,SMLB-73,Nolan Schanuel,Los Angeles Angels,Stars of MLB	SMLB-73	Nolan Schanuel	Los Angeles Angels,False
2024_topps_update,2024,Topps,Update,Stars of MLB,,SMLB-74,Gavin Williams,Cleveland Guardians,Stars of MLB	SMLB-74	Gavin Williams	Cleveland Guardians,False
2024_topps_update,2024,Topps,Update,Stars of MLB,,SMLB-75,AJ Smith-Shawver,Atlanta Braves,Stars of MLB	SMLB-75	AJ Smith-Shawver	Atlanta Braves,False
2024_topps_update,2024,Topps,Update,Stars of MLB,,SMLB-76,Anthony Volpe,New YorK Yankees,Stars of MLB	SMLB-76	Anthony Volpe	New YorK Yankees,False
2024_topps_update,2024,Topps,Update,Stars of MLB,,SMLB-77,Austin Wells,New York Yankees,Stars of MLB	SMLB-77	Austin Wells	New York Yankees,False
2024_topps_update,2024,Topps,Update,Stars of MLB,,SMLB-78,Anthony Rizzo,New York Yankees,Stars of MLB	SMLB-78	Anthony Rizzo	New York Yankees,False
2024_topps_update,2024,Topps,Update,Stars of MLB,,SMLB-79,Oneil Cruz,Pittsburgh Pirates,Stars of MLB	SMLB-79	Oneil Cruz	Pittsburgh Pirates,False
2024_topps_update,2024,Topps,Update,Stars of MLB,,SMLB-80,Spencer Torkelson,Detroit Tigers,Stars of MLB	SMLB-80	Spencer Torkelson	Detroit Tigers,False
2024_topps_update,2024,Topps,Update,Stars of MLB,,SMLB-81,Shota Imanaga,Chicago Cubs,Stars of MLB	SMLB-81	Shota Imanaga	Chicago Cubs,False
2024_topps_update,2024,Topps,Update,Stars of MLB,,SMLB-82,Jung Hoo Lee,San Francisco Giants,Stars of MLB	SMLB-82	Jung Hoo Lee	San Francisco Giants,False
2024_topps_update,2024,Topps,Update,Stars of MLB,,SMLB-83,Jackson Holliday,Baltimore Orioles,Stars of MLB	SMLB-83	Jackson Holliday	Baltimore Orioles,False
2024_topps_update,2024,Topps,Update,Stars of MLB,,SMLB-84,Jackson Chourio,Milwaukee Brewers,Stars of MLB	SMLB-84	Jackson Chourio	Milwaukee Brewers,False
2024_topps_update,2024,Topps,Update,Stars of MLB,,SMLB-85,Wyatt Langford,Texas Rangers,Stars of MLB	SMLB-85	Wyatt Langford	Texas Rangers,False
2024_topps_update,2024,Topps,Update,Stars of MLB Chrome,,CSMLB-61,Juan Soto,New York Yankees,Stars of MLB Chrome	CSMLB-61	Juan Soto	New York Yankees,False
2024_topps_update,2024,Topps,Update,Stars of MLB Chrome,,CSMLB-62,Matt Chapman,San Francisco Giants,Stars of MLB Chrome	CSMLB-62	Matt Chapman	San Francisco Giants,False
2024_topps_update,2024,Topps,Update,Stars of MLB Chrome,,CSMLB-63,Cody Bellinger,Chicago Cubs,Stars of MLB Chrome	CSMLB-63	Cody Bellinger	Chicago Cubs,False
2024_topps_update,2024,Topps,Update,Stars of MLB Chrome,,CSMLB-64,Paul Skenes,Pittsburgh Pirates,Stars of MLB Chrome	CSMLB-64	Paul Skenes	Pittsburgh Pirates,False
2024_topps_update,2024,Topps,Update,Stars of MLB Chrome,,CSMLB-65,Austin Riley,Atlanta Braves,Stars of MLB Chrome	CSMLB-65	Austin Riley	Atlanta Braves,False
2024_topps_update,2024,Topps,Update,Stars of MLB Chrome,,CSMLB-66,Adley Rutschman,Baltimore Orioles,Stars of MLB Chrome	CSMLB-66	Adley Rutschman	Baltimore Orioles,False
2024_topps_update,2024,Topps,Update,Stars of MLB Chrome,,CSMLB-67,Colton Cowser,Baltimore Orioles,Stars of MLB Chrome	CSMLB-67	Colton Cowser	Baltimore Orioles,False
2024_topps_update,2024,Topps,Update,Stars of MLB Chrome,,CSMLB-68,Justin Verlander,Houston Astros,Stars of MLB Chrome	CSMLB-68	Justin Verlander	Houston Astros,False
2024_topps_update,2024,Topps,Update,Stars of MLB Chrome,,CSMLB-69,Royce Lewis,Minnesota Twins,Stars of MLB Chrome	CSMLB-69	Royce Lewis	Minnesota Twins,False
2024_topps_update,2024,Topps,Update,Stars of MLB Chrome,,CSMLB-70,Marcus Semien,Texas Rangers,Stars of MLB Chrome	CSMLB-70	Marcus Semien	Texas Rangers,False
2024_topps_update,2024,Topps,Update,Stars of MLB Chrome,,CSMLB-71,Davis Schneider,Toronto Blue Jays,Stars of MLB Chrome	CSMLB-71	Davis Schneider	Toronto Blue Jays,False
2024_topps_update,2024,Topps,Update,Stars of MLB Chrome,,CSMLB-72,Curtis Mead,Tampa Bay Rays,Stars of MLB Chrome	CSMLB-72	Curtis Mead	Tampa Bay Rays,False
2024_topps_update,2024,Topps,Update,Stars of MLB Chrome,,CSMLB-73,Nolan Schanuel,Los Angeles Angels,Stars of MLB Chrome	CSMLB-73	Nolan Schanuel	Los Angeles Angels,False
2024_topps_update,2024,Topps,Update,Stars of MLB Chrome,,CSMLB-74,Gavin Williams,Cleveland Guardians,Stars of MLB Chrome	CSMLB-74	Gavin Williams	Cleveland Guardians,False
2024_topps_update,2024,Topps,Update,Stars of MLB Chrome,,CSMLB-75,AJ Smith-Shawver,Atlanta Braves,Stars of MLB Chrome	CSMLB-75	AJ Smith-Shawver	Atlanta Braves,False
2024_topps_update,2024,Topps,Update,Stars of MLB Chrome,,CSMLB-76,Anthony Volpe,New YorK Yankees,Stars of MLB Chrome	CSMLB-76	Anthony Volpe	New YorK Yankees,False
2024_topps_update,2024,Topps,Update,Stars of MLB Chrome,,CSMLB-77,Austin Wells,New York Yankees,Stars of MLB Chrome	CSMLB-77	Austin Wells	New York Yankees,False
2024_topps_update,2024,Topps,Update,Stars of MLB Chrome,,CSMLB-78,Anthony Rizzo,New York Yankees,Stars of MLB Chrome	CSMLB-78	Anthony Rizzo	New York Yankees,False
2024_topps_update,2024,Topps,Update,Stars of MLB Chrome,,CSMLB-79,Oneil Cruz,Pittsburgh Pirates,Stars of MLB Chrome	CSMLB-79	Oneil Cruz	Pittsburgh Pirates,False
2024_topps_update,2024,Topps,Update,Stars of MLB Chrome,,CSMLB-80,Spencer Torkelson,Detroit Tigers,Stars of MLB Chrome	CSMLB-80	Spencer Torkelson	Detroit Tigers,False
2024_topps_update,2024,Topps,Update,Stars of MLB Chrome,,CSMLB-81,Shota Imanaga,Chicago Cubs,Stars of MLB Chrome	CSMLB-81	Shota Imanaga	Chicago Cubs,False
2024_topps_update,2024,Topps,Update,Stars of MLB Chrome,,CSMLB-82,Jung Hoo Lee,San Francisco Giants,Stars of MLB Chrome	CSMLB-82	Jung Hoo Lee	San Francisco Giants,False
2024_topps_update,2024,Topps,Update,Stars of MLB Chrome,,CSMLB-83,Jackson Holliday,Baltimore Orioles,Stars of MLB Chrome	CSMLB-83	Jackson Holliday	Baltimore Orioles,False
2024_topps_update,2024,Topps,Update,Stars of MLB Chrome,,CSMLB-84,Jackson Chourio,Milwaukee Brewers,Stars of MLB Chrome	CSMLB-84	Jackson Chourio	Milwaukee Brewers,False
2024_topps_update,2024,Topps,Update,Stars of MLB Chrome,,CSMLB-85,Wyatt Langford,Texas Rangers,Stars of MLB Chrome	CSMLB-85	Wyatt Langford	Texas Rangers,False
2024_topps_update,2024,Topps,Update,Stratospheric Stars,,SS-1,Yoshinobu Yamamoto,Los Angeles Dodgers,Stratospheric Stars	SS-1	Yoshinobu Yamamoto	Los Angeles Dodgers,False
2024_topps_update,2024,Topps,Update,Stratospheric Stars,,SS-2,Jackson Holliday,Baltimore Orioles,Stratospheric Stars	SS-2	Jackson Holliday	Baltimore Orioles,False
2024_topps_update,2024,Topps,Update,Stratospheric Stars,,SS-3,Ronald Acuña Jr.,Atlanta Braves,Stratospheric Stars	SS-3	Ronald Acuña Jr.	Atlanta Braves,False
2024_topps_update,2024,Topps,Update,Stratospheric Stars,,SS-4,Mookie Betts,Los Angeles Dodgers,Stratospheric Stars	SS-4	Mookie Betts	Los Angeles Dodgers,False
2024_topps_update,2024,Topps,Update,Stratospheric Stars,,SS-5,Aaron Judge,New York Yankees,Stratospheric Stars	SS-5	Aaron Judge	New York Yankees,False
2024_topps_update,2024,Topps,Update,Stratospheric Stars,,SS-6,Shohei Ohtani,Los Angeles Dodgers,Stratospheric Stars	SS-6	Shohei Ohtani	Los Angeles Dodgers,False
2024_topps_update,2024,Topps,Update,Stratospheric Stars,,SS-7,Mike Trout,Los Angeles Angels,Stratospheric Stars	SS-7	Mike Trout	Los Angeles Angels,False
2024_topps_update,2024,Topps,Update,Stratospheric Stars,,SS-8,Bryce Harper,Philadelphia Phillies,Stratospheric Stars	SS-8	Bryce Harper	Philadelphia Phillies,False
2024_topps_update,2024,Topps,Update,Stratospheric Stars,,SS-9,Jasson Domínguez,New York Yankees,Stratospheric Stars	SS-9	Jasson Domínguez	New York Yankees,False
2024_topps_update,2024,Topps,Update,Stratospheric Stars,,SS-10,Elly De La Cruz,Cincinnati Reds,Stratospheric Stars	SS-10	Elly De La Cruz	Cincinnati Reds,False
2024_topps_update,2024,Topps,Update,Topps Black Gold,,BG-1,Shohei Ohtani,Los Angeles Dodgers,Topps Black Gold	BG-1	Shohei Ohtani	Los Angeles Dodgers,False
2024_topps_update,2024,Topps,Update,Topps Black Gold,,BG-2,Mike Trout,Los Angeles Angels,Topps Black Gold	BG-2	Mike Trout	Los Angeles Angels,False
2024_topps_update,2024,Topps,Update,Topps Black Gold,,BG-3,Ronald Acuña Jr.,Atlanta Braves,Topps Black Gold	BG-3	Ronald Acuña Jr.	Atlanta Braves,False
2024_topps_update,2024,Topps,Update,Topps Black Gold,,BG-4,Aaron Judge,New York Yankees,Topps Black Gold	BG-4	Aaron Judge	New York Yankees,False
2024_topps_update,2024,Topps,Update,Topps Black Gold,,BG-5,Bryce Harper,Philadelphia Phillies,Topps Black Gold	BG-5	Bryce Harper	Philadelphia Phillies,False
2024_topps_update,2024,Topps,Update,Topps Black Gold,,BG-6,Elly De La Cruz,Cincinnati Reds	Rookie,Topps Black Gold	BG-6	Elly De La Cruz	Cincinnati Reds	Rookie,False
2024_topps_update,2024,Topps,Update,Topps Black Gold,,BG-7,Jasson Domínguez,New York Yankees	Rookie,Topps Black Gold	BG-7	Jasson Domínguez	New York Yankees	Rookie,False
2024_topps_update,2024,Topps,Update,Topps Black Gold,,BG-8,Julio Rodríguez,Seattle Mariners,Topps Black Gold	BG-8	Julio Rodríguez	Seattle Mariners,False
2024_topps_update,2024,Topps,Update,Topps Black Gold,,BG-9,Juan Soto,New York Yankees,Topps Black Gold	BG-9	Juan Soto	New York Yankees,False
2024_topps_update,2024,Topps,Update,Topps Black Gold,,BG-10,Wyatt Langford,Texas Rangers	Rookie,Topps Black Gold	BG-10	Wyatt Langford	Texas Rangers	Rookie,False
2024_topps_update,2024,Topps,Update,Topps Black Gold,,BG-11,Ken Griffey Jr.,Seattle Mariners,Topps Black Gold	BG-11	Ken Griffey Jr.	Seattle Mariners,False
2024_topps_update,2024,Topps,Update,Topps Black Gold,,BG-12,Junior Caminero,Tampa Bay Rays	Rookie,Topps Black Gold	BG-12	Junior Caminero	Tampa Bay Rays	Rookie,False
2024_topps_update,2024,Topps,Update,Topps Black Gold,,BG-13,Yoshinobu Yamamoto,Los Angeles Dodgers	Rookie,Topps Black Gold	BG-13	Yoshinobu Yamamoto	Los Angeles Dodgers	Rookie,False
2024_topps_update,2024,Topps,Update,Topps Black Gold,,BG-14,Evan Carter,Texas Rangers	Rookie,Topps Black Gold	BG-14	Evan Carter	Texas Rangers	Rookie,False
2024_topps_update,2024,Topps,Update,Topps Black Gold,,BG-15,Pete Crow-Armstrong,Chicago Cubs	Rookie,Topps Black Gold	BG-15	Pete Crow-Armstrong	Chicago Cubs	Rookie,False
2024_topps_update,2024,Topps,Update,Topps Black Gold,,BG-16,Jordan Lawlar,Arizona Diamondbacks	Rookie,Topps Black Gold	BG-16	Jordan Lawlar	Arizona Diamondbacks	Rookie,False
2024_topps_update,2024,Topps,Update,Topps Black Gold,,BG-17,Paul Skenes,Pittsburgh Pirates	Rookie,Topps Black Gold	BG-17	Paul Skenes	Pittsburgh Pirates	Rookie,False
2024_topps_update,2024,Topps,Update,Topps Black Gold,,BG-18,Shota Imanaga,Chicago Cubs	Rookie,Topps Black Gold	BG-18	Shota Imanaga	Chicago Cubs	Rookie,False
2024_topps_update,2024,Topps,Update,Topps Black Gold,,BG-19,Jung Hoo Lee,San Francisco Giants	Rookie,Topps Black Gold	BG-19	Jung Hoo Lee	San Francisco Giants	Rookie,False
2024_topps_update,2024,Topps,Update,Topps Black Gold,,BG-20,Jackie Robinson,Brooklyn Dodgers,Topps Black Gold	BG-20	Jackie Robinson	Brooklyn Dodgers,False
2024_topps_update,2024,Topps,Update,Topps Black Gold,,BG-21,Willie Mays,San Francisco Giants,Topps Black Gold	BG-21	Willie Mays	San Francisco Giants,False
2024_topps_update,2024,Topps,Update,Topps Black Gold,,BG-22,Hank Aaron,Atlanta Braves,Topps Black Gold	BG-22	Hank Aaron	Atlanta Braves,False
2024_topps_update,2024,Topps,Update,Topps Black Gold,,BG-23,Mickey Mantle,New York Yankees,Topps Black Gold	BG-23	Mickey Mantle	New York Yankees,False
2024_topps_update,2024,Topps,Update,Topps Black Gold,,BG-24,Jackson Holliday,Baltimore Orioles	Rookie,Topps Black Gold	BG-24	Jackson Holliday	Baltimore Orioles	Rookie,False
2024_topps_update,2024,Topps,Update,Topps Black Gold,,BG-25,Jackson Chourio,Milwaukee Brewers	Rookie,Topps Black Gold	BG-25	Jackson Chourio	Milwaukee Brewers	Rookie,False
2024_topps_update,2024,Topps,Update,Topps Black Gold Autographs,,BGA-BW,Bobby Witt Jr.,Kansas City Royals,Topps Black Gold Autographs	BGA-BW	Bobby Witt Jr.	Kansas City Royals,False
2024_topps_update,2024,Topps,Update,Topps Black Gold Autographs,,BGA-CC,Colton Cowser,Baltimore Orioles,Topps Black Gold Autographs	BGA-CC	Colton Cowser	Baltimore Orioles,False
2024_topps_update,2024,Topps,Update,Topps Black Gold Autographs,,BGA-EC,Evan Carter,Texas Rangers,Topps Black Gold Autographs	BGA-EC	Evan Carter	Texas Rangers,False
2024_topps_update,2024,Topps,Update,Topps Black Gold Autographs,,BGA-ED,Elly De La Cruz,Cincinnati Reds,Topps Black Gold Autographs	BGA-ED	Elly De La Cruz	Cincinnati Reds,False
2024_topps_update,2024,Topps,Update,Topps Black Gold Autographs,,BGA-FT,Fernando Tatis Jr.,San Diego Padres,Topps Black Gold Autographs	BGA-FT	Fernando Tatis Jr.	San Diego Padres,False
2024_topps_update,2024,Topps,Update,Topps Black Gold Autographs,,BGA-JC,Jackson Chourio,Milwaukee Brewers,Topps Black Gold Autographs	BGA-JC	Jackson Chourio	Milwaukee Brewers,False
2024_topps_update,2024,Topps,Update,Topps Black Gold Autographs,,BGA-JCA,Junior Caminero,Tampa Bay Rays,Topps Black Gold Autographs	BGA-JCA	Junior Caminero	Tampa Bay Rays,False
2024_topps_update,2024,Topps,Update,Topps Black Gold Autographs,,BGA-JD,Jasson Domínguez,New York Yankees,Topps Black Gold Autographs	BGA-JD	Jasson Domínguez	New York Yankees,False
2024_topps_update,2024,Topps,Update,Topps Black Gold Autographs,,BGA-JH,Jackson Holliday,Baltimore Orioles,Topps Black Gold Autographs	BGA-JH	Jackson Holliday	Baltimore Orioles,False
2024_topps_update,2024,Topps,Update,Topps Black Gold Autographs,,BGA-JL,Jung Hoo Lee,San Francisco Giants,Topps Black Gold Autographs	BGA-JL	Jung Hoo Lee	San Francisco Giants,False
2024_topps_update,2024,Topps,Update,Topps Black Gold Autographs,,BGA-JLA,Jordan Lawlar,Arizona Diamondbacks,Topps Black Gold Autographs	BGA-JLA	Jordan Lawlar	Arizona Diamondbacks,False
2024_topps_update,2024,Topps,Update,Topps Black Gold Autographs,,BGA-JROD,Julio Rodríguez,Seattle Mariners,Topps Black Gold Autographs	BGA-JROD	Julio Rodríguez	Seattle Mariners,False
2024_topps_update,2024,Topps,Update,Topps Black Gold Autographs,,BGA-JS,Juan Soto,New York Yankees,Topps Black Gold Autographs	BGA-JS	Juan Soto	New York Yankees,False
2024_topps_update,2024,Topps,Update,Topps Black Gold Autographs,,BGA-KG,Ken Griffey Jr.,Seattle Mariners,Topps Black Gold Autographs	BGA-KG	Ken Griffey Jr.	Seattle Mariners,False
2024_topps_update,2024,Topps,Update,Topps Black Gold Autographs,,BGA-MT,Mike Trout,Los Angeles Angels,Topps Black Gold Autographs	BGA-MT	Mike Trout	Los Angeles Angels,False
2024_topps_update,2024,Topps,Update,Topps Black Gold Autographs,,BGA-NA,Nolan Arenado,St. Louis Cardinals,Topps Black Gold Autographs	BGA-NA	Nolan Arenado	St. Louis Cardinals,False
2024_topps_update,2024,Topps,Update,Topps Black Gold Autographs,,BGA-PS,Paul Skenes,Pittsburgh Pirates,Topps Black Gold Autographs	BGA-PS	Paul Skenes	Pittsburgh Pirates,False
2024_topps_update,2024,Topps,Update,Topps Black Gold Autographs,,BGA-RA,Ronald Acuña Jr.,Atlanta Braves,Topps Black Gold Autographs	BGA-RA	Ronald Acuña Jr.	Atlanta Braves,False
2024_topps_update,2024,Topps,Update,Topps Black Gold Autographs,,BGA-SI,Shota Imanaga,Chicago Cubs,Topps Black Gold Autographs	BGA-SI	Shota Imanaga	Chicago Cubs,False
2024_topps_update,2024,Topps,Update,Topps Black Gold Autographs,,BGA-SO,Shohei Ohtani,Los Angeles Dodgers,Topps Black Gold Autographs	BGA-SO	Shohei Ohtani	Los Angeles Dodgers,False
2024_topps_update,2024,Topps,Update,Topps Black Gold Autographs,,BGA-WL,Wyatt Langford,Texas Rangers,Topps Black Gold Autographs	BGA-WL	Wyatt Langford	Texas Rangers,False
2024_topps_update,2024,Topps,Update,Topps Black Gold Autographs,,BGA-YY,Yoshinobu Yamamoto,Los Angeles Dodgers,Topps Black Gold Autographs	BGA-YY	Yoshinobu Yamamoto	Los Angeles Dodgers,False
2024_topps_update,2024,Topps,Update,Topps Reverence Autograph Patch,,TRAP-BP,Buster Posey,San Francisco Giants,Topps Reverence Autograph Patch	TRAP-BP	Buster Posey	San Francisco Giants,False
2024_topps_update,2024,Topps,Update,Topps Reverence Autograph Patch,,TRAP-DS,Dansby Swanson,Chicago Cubs,Topps Reverence Autograph Patch	TRAP-DS	Dansby Swanson	Chicago Cubs,False
2024_topps_update,2024,Topps,Update,Topps Reverence Autograph Patch,,TRAP-KB,Kris Bryant,Colorado Rockies,Topps Reverence Autograph Patch	TRAP-KB	Kris Bryant	Colorado Rockies,False
2024_topps_update,2024,Topps,Update,Topps Reverence Autograph Patch,,TRAP-MY,Masataka Yoshida,Boston Red Sox,Topps Reverence Autograph Patch	TRAP-MY	Masataka Yoshida	Boston Red Sox,False
2024_topps_update,2024,Topps,Update,Topps Reverence Autograph Patch,,TRAP2-ABE,Adrián Beltré,Texas Rangers,Topps Reverence Autograph Patch	TRAP2-ABE	Adrián Beltré	Texas Rangers,False
2024_topps_update,2024,Topps,Update,Topps Reverence Autograph Patch,,TRAP2-BP,Buster Posey,San Francisco Giants,Topps Reverence Autograph Patch	TRAP2-BP	Buster Posey	San Francisco Giants,False
2024_topps_update,2024,Topps,Update,Topps Reverence Autograph Patch,,TRAP2-DO,David Ortiz,Boston Red Sox,Topps Reverence Autograph Patch	TRAP2-DO	David Ortiz	Boston Red Sox,False
2024_topps_update,2024,Topps,Update,Topps Reverence Autograph Patch,,TRAP2-JAZ,Jazz Chisholm Jr.,Miami Marlins,Topps Reverence Autograph Patch	TRAP2-JAZ	Jazz Chisholm Jr.	Miami Marlins,False
2024_topps_update,2024,Topps,Update,Topps Reverence Autograph Patch,,TRAP2-JV,Joey Votto,Cincinnati Reds,Topps Reverence Autograph Patch	TRAP2-JV	Joey Votto	Cincinnati Reds,False
2024_topps_update,2024,Topps,Update,Topps Reverence Autograph Patch,,TRAP2-ML,Marco Luciano,San Francisco Giants,Topps Reverence Autograph Patch	TRAP2-ML	Marco Luciano	San Francisco Giants,False
2024_topps_update,2024,Topps,Update,Topps Reverence Autograph Patch,,TRAP2-NM,Noelvi Marte,Cincinnati Reds,Topps Reverence Autograph Patch	TRAP2-NM	Noelvi Marte	Cincinnati Reds,False
2024_topps_update,2024,Topps,Update,Topps Reverence Autograph Patch,,TRAP2-PA,Pete Alonso,New York Mets,Topps Reverence Autograph Patch	TRAP2-PA	Pete Alonso	New York Mets,False
2024_topps_update,2024,Topps,Update,Topps Reverence Autograph Patch,,TRAP2-RAJ,Ronald Acuña Jr.,Atlanta Braves,Topps Reverence Autograph Patch	TRAP2-RAJ	Ronald Acuña Jr.	Atlanta Braves,False
2024_topps_update,2024,Topps,Update,Topps Reverence Autograph Patch,,TRAP2-SO,Shohei Ohtani,Los Angeles Angels,Topps Reverence Autograph Patch	TRAP2-SO	Shohei Ohtani	Los Angeles Angels,False
2024_topps_update,2024,Topps,Update,Topps Reverence Autograph Patch,,TRAPU-ARU,Adley Rutschman,Baltimore Orioles,Topps Reverence Autograph Patch	TRAPU-ARU	Adley Rutschman	Baltimore Orioles,False
2024_topps_update,2024,Topps,Update,Topps Reverence Autograph Patch,,TRAPU-AW,Austin Wells,New York Yankees,Topps Reverence Autograph Patch	TRAPU-AW	Austin Wells	New York Yankees,False
2024_topps_update,2024,Topps,Update,Topps Reverence Autograph Patch,,TRAPU-BW,Bobby Witt Jr.,Kansas City Royals,Topps Reverence Autograph Patch	TRAPU-BW	Bobby Witt Jr.	Kansas City Royals,False
2024_topps_update,2024,Topps,Update,Topps Reverence Autograph Patch,,TRAPU-CC,Corbin Carroll,Arizona Diamondbacks,Topps Reverence Autograph Patch	TRAPU-CC	Corbin Carroll	Arizona Diamondbacks,False
2024_topps_update,2024,Topps,Update,Topps Reverence Autograph Patch,,TRAPU-CCO,Colton Cowser,Baltimore Orioles,Topps Reverence Autograph Patch	TRAPU-CCO	Colton Cowser	Baltimore Orioles,False
2024_topps_update,2024,Topps,Update,Topps Reverence Autograph Patch,,TRAPU-CE,Christian Encarnacion-Strand,Cincinnati Reds,Topps Reverence Autograph Patch	TRAPU-CE	Christian Encarnacion-Strand	Cincinnati Reds,False
2024_topps_update,2024,Topps,Update,Topps Reverence Autograph Patch,,TRAPU-CM,Curtis Mead,Tampa Bay Rays,Topps Reverence Autograph Patch	TRAPU-CM	Curtis Mead	Tampa Bay Rays,False
2024_topps_update,2024,Topps,Update,Topps Reverence Autograph Patch,,TRAPU-HK,Heston Kjerstad,Baltimore Orioles,Topps Reverence Autograph Patch	TRAPU-HK	Heston Kjerstad	Baltimore Orioles,False
2024_topps_update,2024,Topps,Update,Topps Reverence Autograph Patch,,TRAPU-JCH,Jackson Chourio,Milwaukee Brewers,Topps Reverence Autograph Patch	TRAPU-JCH	Jackson Chourio	Milwaukee Brewers,False
2024_topps_update,2024,Topps,Update,Topps Reverence Autograph Patch,,TRAPU-JD,Jasson Domínguez,New York Yankees,Topps Reverence Autograph Patch	TRAPU-JD	Jasson Domínguez	New York Yankees,False
2024_topps_update,2024,Topps,Update,Topps Reverence Autograph Patch,,TRAPU-JL,Jordan Lawlar,Arizona Diamondbacks,Topps Reverence Autograph Patch	TRAPU-JL	Jordan Lawlar	Arizona Diamondbacks,False
2024_topps_update,2024,Topps,Update,Topps Reverence Autograph Patch,,TRAPU-JR,Julio Rodríguez,Seattle Mariners,Topps Reverence Autograph Patch	TRAPU-JR	Julio Rodríguez	Seattle Mariners,False
2024_topps_update,2024,Topps,Update,Topps Reverence Autograph Patch,,TRAPU-ML,Marco Luciano,San Francisco Giants,Topps Reverence Autograph Patch	TRAPU-ML	Marco Luciano	San Francisco Giants,False
2024_topps_update,2024,Topps,Update,Topps Reverence Autograph Patch,,TRAPU-MT,Mike Trout,Los Angeles Angels,Topps Reverence Autograph Patch	TRAPU-MT	Mike Trout	Los Angeles Angels,False
2024_topps_update,2024,Topps,Update,Topps Reverence Autograph Patch,,TRAPU-PA,Pete Alonso,New York Mets,Topps Reverence Autograph Patch	TRAPU-PA	Pete Alonso	New York Mets,False
2024_topps_update,2024,Topps,Update,Topps Reverence Autograph Patch,,TRAPU-PG,Paul Goldschmidt,St. Louis Cardinals,Topps Reverence Autograph Patch	TRAPU-PG	Paul Goldschmidt	St. Louis Cardinals,False
2024_topps_update,2024,Topps,Update,Topps Reverence Autograph Patch,,TRAPU-RA,Ronald Acuña Jr.,Atlanta Braves,Topps Reverence Autograph Patch	TRAPU-RA	Ronald Acuña Jr.	Atlanta Braves,False
2024_topps_update,2024,Topps,Update,Topps Reverence Autograph Patch,,TRAPU-RM,Ronny Mauricio,New York Mets,Topps Reverence Autograph Patch	TRAPU-RM	Ronny Mauricio	New York Mets,False
2024_topps_update,2024,Topps,Update,Topps Reverence Autograph Patch,,TRAPU-SF,Sal Frelick,Milwaukee Brewers,Topps Reverence Autograph Patch	TRAPU-SF	Sal Frelick	Milwaukee Brewers,False
2024_topps_update,2024,Topps,Update,Topps Reverence Autograph Patch,,TRAPU-SS,Spencer Strider,Atlanta Braves,Topps Reverence Autograph Patch	TRAPU-SS	Spencer Strider	Atlanta Braves,False
2024_topps_update,2024,Topps,Update,Topps Reverence Autograph Patch,,TRAPU-VG,Vladimir Guerrero Jr.,Toronto Blue Jays,Topps Reverence Autograph Patch	TRAPU-VG	Vladimir Guerrero Jr.	Toronto Blue Jays,False
2024_topps_update,2024,Topps,Update,Trading Card Enamel Pins,,1,Yoshinobu Yamamoto,Los Angels Dodgers,Trading Card Enamel Pins	1	Yoshinobu Yamamoto	Los Angels Dodgers,False
2024_topps_update,2024,Topps,Update,Trading Card Enamel Pins,,2,Juan Soto,New York Yankees,Trading Card Enamel Pins	2	Juan Soto	New York Yankees,False
2024_topps_update,2024,Topps,Update,Trading Card Enamel Pins,,3,Manny Machado,San Diego Padres,Trading Card Enamel Pins	3	Manny Machado	San Diego Padres,False
2024_topps_update,2024,Topps,Update,Trading Card Enamel Pins,,4,Shohei Ohtani,Los Angels Dodgers,Trading Card Enamel Pins	4	Shohei Ohtani	Los Angels Dodgers,False
2024_topps_update,2024,Topps,Update,Trading Card Enamel Pins,,5,Shota Imanaga,Chicago Cubs,Trading Card Enamel Pins	5	Shota Imanaga	Chicago Cubs,False
2024_topps_update,2024,Topps,Update,Trading Card Enamel Pins,,6,Paul Skenes,Pittsburgh Pirates,Trading Card Enamel Pins	6	Paul Skenes	Pittsburgh Pirates,False
2024_topps_update,2024,Topps,Update,Trading Card Enamel Pins,,7,Jackson Merrill,San Diego Padres,Trading Card Enamel Pins	7	Jackson Merrill	San Diego Padres,False
2024_topps_update,2024,Topps,Update,Trading Card Enamel Pins,,8,Jackson Chourio,Milwaukee Brewers,Trading Card Enamel Pins	8	Jackson Chourio	Milwaukee Brewers,False
2024_topps_update,2024,Topps,Update,Trading Card Enamel Pins,,9,Jackson Holliday,Baltimore Orioles,Trading Card Enamel Pins	9	Jackson Holliday	Baltimore Orioles,False
2024_topps_update,2024,Topps,Update,Trading Card Enamel Pins,,10,Wyatt Langford,Texas Rangers,Trading Card Enamel Pins	10	Wyatt Langford	Texas Rangers,False
