set_key,year,brand,product,section,section_card_count,card_number,player_name_raw,affiliation_raw,raw_line,is_multi_player
2024_topps_series1,2024,Topps,Series 1,Base,,1,Ronald Acuña Jr.,Atlanta Braves,Base	1	Ronald Acuña Jr.	Atlanta Braves,False
2024_topps_series1,2024,Topps,Series 1,Base,,2,San Diego Padres,San Diego Padres	- Team Card,Base	2	San Diego Padres	San Diego Padres	- Team Card,False
2024_topps_series1,2024,Topps,Series 1,Base,,3,Endy Rodríguez,Pittsburgh Pirates	RC,Base	3	Endy Rodríguez	Pittsburgh Pirates	RC,False
2024_topps_series1,2024,Topps,Series 1,Base,,4,Logan Webb,San Francisco Giants,Base	4	Logan Webb	San Francisco Giants,False
2024_topps_series1,2024,Topps,Series 1,Base,,5,Owen White,Texas Rangers	RC,Base	5	Owen White	Texas Rangers	RC,False
2024_topps_series1,2024,Topps,Series 1,Base,,6,Detroit Tigers,Detroit Tigers	- Team Card,Base	6	Detroit Tigers	Detroit Tigers	- Team Card,False
2024_topps_series1,2024,Topps,Series 1,Base,,7,Brendan Donovan,St. Louis Cardinals,Base	7	Brendan Donovan	St. Louis Cardinals,False
2024_topps_series1,2024,Topps,Series 1,Base,,8,Brendan White,Detroit Tigers	RC,Base	8	Brendan White	Detroit Tigers	RC,False
2024_topps_series1,2024,Topps,Series 1,Base,,9,Joey Wiemer,Milwaukee Brewers,Base	9	Joey Wiemer	Milwaukee Brewers,False
2024_topps_series1,2024,Topps,Series 1,Base,,10,Josh Naylor,Cleveland Guardians,Base	10	Josh Naylor	Cleveland Guardians,False
2024_topps_series1,2024,Topps,Series 1,Base,,11,Spencer Strider,Atlanta Braves,Base	11	Spencer Strider	Atlanta Braves,False
2024_topps_series1,2024,Topps,Series 1,Base,,12,Bryan Woo,Seattle Mariners	RC,Base	12	Bryan Woo	Seattle Mariners	RC,False
2024_topps_series1,2024,Topps,Series 1,Base,,13,Nick Robertson,Boston Red Sox	RC,Base	13	Nick Robertson	Boston Red Sox	RC,False
2024_topps_series1,2024,Topps,Series 1,Base,,14,Michael Massey,Kansas City Royals,Base	14	Michael Massey	Kansas City Royals,False
2024_topps_series1,2024,Topps,Series 1,Base,,15,José Soriano,Los Angeles Angels	RC,Base	15	José Soriano	Los Angeles Angels	RC,False
2024_topps_series1,2024,Topps,Series 1,Base,,16,Jon Gray,Texas Rangers,Base	16	Jon Gray	Texas Rangers,False
2024_topps_series1,2024,Topps,Series 1,Base,,17,Nick Pivetta,Boston Red Sox,Base	17	Nick Pivetta	Boston Red Sox,False
2024_topps_series1,2024,Topps,Series 1,Base,,18,Lars Nootbaar,St. Louis Cardinals,Base	18	Lars Nootbaar	St. Louis Cardinals,False
2024_topps_series1,2024,Topps,Series 1,Base,,19,Joey Votto,Cincinnati Reds,Base	19	Joey Votto	Cincinnati Reds,False
2024_topps_series1,2024,Topps,Series 1,Base,,20,Pete Alonso,New York Mets,Base	20	Pete Alonso	New York Mets,False
2024_topps_series1,2024,Topps,Series 1,Base,,21,Esteury Ruiz,Oakland Athletics,Base	21	Esteury Ruiz	Oakland Athletics,False
2024_topps_series1,2024,Topps,Series 1,Base,,22,Rafael Devers,Boston Red Sox,Base	22	Rafael Devers	Boston Red Sox,False
2024_topps_series1,2024,Topps,Series 1,Base,,23,Fernando Tatis Jr.,San Diego Padres,Base	23	Fernando Tatis Jr.	San Diego Padres,False
2024_topps_series1,2024,Topps,Series 1,Base,,24,Salvador Perez,Kansas City Royals,Base	24	Salvador Perez	Kansas City Royals,False
2024_topps_series1,2024,Topps,Series 1,Base,,25,Andy Ibáñez,Detroit Tigers,Base	25	Andy Ibáñez	Detroit Tigers,False
2024_topps_series1,2024,Topps,Series 1,Base,,26,Freddy Peralta,Milwaukee Brewers,Base	26	Freddy Peralta	Milwaukee Brewers,False
2024_topps_series1,2024,Topps,Series 1,Base,,27,Mike Trout,Los Angeles Angels,Base	27	Mike Trout	Los Angeles Angels,False
2024_topps_series1,2024,Topps,Series 1,Base,,28,Luis Matos,San Francisco Giants	RC,Base	28	Luis Matos	San Francisco Giants	RC,False
2024_topps_series1,2024,Topps,Series 1,Base,,29,Kris Bryant,Colorado Rockies,Base	29	Kris Bryant	Colorado Rockies,False
2024_topps_series1,2024,Topps,Series 1,Base,,30,Hunter Brown,Houston Astros	- Future Stars,Base	30	Hunter Brown	Houston Astros	- Future Stars,False
2024_topps_series1,2024,Topps,Series 1,Base,,31,Carmen Mlodzinski,Pittsburgh Pirates	RC,Base	31	Carmen Mlodzinski	Pittsburgh Pirates	RC,False
2024_topps_series1,2024,Topps,Series 1,Base,,32,Samad Taylor,Kansas City Royals	RC,Base	32	Samad Taylor	Kansas City Royals	RC,False
2024_topps_series1,2024,Topps,Series 1,Base,,33,Willy Adames,Milwaukee Brewers,Base	33	Willy Adames	Milwaukee Brewers,False
2024_topps_series1,2024,Topps,Series 1,Base,,34,Ryan Mountcastle,Baltimore Orioles,Base	34	Ryan Mountcastle	Baltimore Orioles,False
2024_topps_series1,2024,Topps,Series 1,Base,,35,Adley Rutschman,Baltimore Orioles,Base	35	Adley Rutschman	Baltimore Orioles,False
2024_topps_series1,2024,Topps,Series 1,Base,,36,Prelander Berroa,Seattle Mariners	RC,Base	36	Prelander Berroa	Seattle Mariners	RC,False
2024_topps_series1,2024,Topps,Series 1,Base,,37,CJ Abrams,Washington Nationals,Base	37	CJ Abrams	Washington Nationals,False
2024_topps_series1,2024,Topps,Series 1,Base,,38,Pete Alonso,New York Mets	- Checklist,Base	38	Pete Alonso	New York Mets	- Checklist,False
2024_topps_series1,2024,Topps,Series 1,Base,,39,Emerson Hancock,Seattle Mariners	RC,Base	39	Emerson Hancock	Seattle Mariners	RC,False
2024_topps_series1,2024,Topps,Series 1,Base,,40,Dylan Cease,Chicago White Sox,Base	40	Dylan Cease	Chicago White Sox,False
2024_topps_series1,2024,Topps,Series 1,Base,,41,Geraldo Perdomo,Arizona Diamondbacks,Base	41	Geraldo Perdomo	Arizona Diamondbacks,False
2024_topps_series1,2024,Topps,Series 1,Base,,42,Jorge Mateo,Baltimore Orioles,Base	42	Jorge Mateo	Baltimore Orioles,False
2024_topps_series1,2024,Topps,Series 1,Base,,43,Daulton Varsho,Toronto Blue Jays,Base	43	Daulton Varsho	Toronto Blue Jays,False
2024_topps_series1,2024,Topps,Series 1,Base,,44,Julio Rodríguez,Seattle Mariners,Base	44	Julio Rodríguez	Seattle Mariners,False
2024_topps_series1,2024,Topps,Series 1,Base,,45,Félix Bautista,Baltimore Orioles,Base	45	Félix Bautista	Baltimore Orioles,False
2024_topps_series1,2024,Topps,Series 1,Base,,46,Paul Goldschmidt,St. Louis Cardinals,Base	46	Paul Goldschmidt	St. Louis Cardinals,False
2024_topps_series1,2024,Topps,Series 1,Base,,47,Cavan Biggio,Toronto Blue Jays,Base	47	Cavan Biggio	Toronto Blue Jays,False
2024_topps_series1,2024,Topps,Series 1,Base,,48,Bryce Elder,Atlanta Braves,Base	48	Bryce Elder	Atlanta Braves,False
2024_topps_series1,2024,Topps,Series 1,Base,,49,J.P. Crawford,Seattle Mariners,Base	49	J.P. Crawford	Seattle Mariners,False
2024_topps_series1,2024,Topps,Series 1,Base,,50,Juan Soto,San Diego Padres,Base	50	Juan Soto	San Diego Padres,False
2024_topps_series1,2024,Topps,Series 1,Base,,51,Nestor Cortes Jr.,New York Yankees,Base	51	Nestor Cortes Jr.	New York Yankees,False
2024_topps_series1,2024,Topps,Series 1,Base,,52,Yandy Díaz,Tampa Bay Rays,Base	52	Yandy Díaz	Tampa Bay Rays,False
2024_topps_series1,2024,Topps,Series 1,Base,,53,Nolan Schanuel,Los Angeles Angels	RC,Base	53	Nolan Schanuel	Los Angeles Angels	RC,False
2024_topps_series1,2024,Topps,Series 1,Base,,54,Luis Castillo,Seattle Mariners,Base	54	Luis Castillo	Seattle Mariners,False
2024_topps_series1,2024,Topps,Series 1,Base,,55,Sean Murphy,Atlanta Braves,Base	55	Sean Murphy	Atlanta Braves,False
2024_topps_series1,2024,Topps,Series 1,Base,,56,Kyle Bradish,Baltimore Orioles,Base	56	Kyle Bradish	Baltimore Orioles,False
2024_topps_series1,2024,Topps,Series 1,Base,,57,Chris Bassitt / Zach Eflin / Gerrit Cole,Toronto Blue Jays	- League Leaders,Base	57	Chris Bassitt / Zach Eflin / Gerrit Cole	Toronto Blue Jays	- League Leaders,True
2024_topps_series1,2024,Topps,Series 1,Base,,57,Chris Bassitt / Zach Eflin / Gerrit Cole,Tampa Bay Rays	- League Leaders,Base	57	Chris Bassitt / Zach Eflin / Gerrit Cole	Tampa Bay Rays	- League Leaders,True
2024_topps_series1,2024,Topps,Series 1,Base,,57,Chris Bassitt / Zach Eflin / Gerrit Cole,New York Yankees	- League Leaders,Base	57	Chris Bassitt / Zach Eflin / Gerrit Cole	New York Yankees	- League Leaders,True
2024_topps_series1,2024,Topps,Series 1,Base,,58,Isaiah Campbell,Seattle Mariners	RC,Base	58	Isaiah Campbell	Seattle Mariners	RC,False
2024_topps_series1,2024,Topps,Series 1,Base,,59,Brandon Nimmo,New York Mets,Base	59	Brandon Nimmo	New York Mets,False
2024_topps_series1,2024,Topps,Series 1,Base,,60,Jasson Domínguez,New York Yankees	(RC),Base	60	Jasson Domínguez	New York Yankees	(RC),False
2024_topps_series1,2024,Topps,Series 1,Base,,61,William Contreras,Milwaukee Brewers,Base	61	William Contreras	Milwaukee Brewers,False
2024_topps_series1,2024,Topps,Series 1,Base,,62,Justin Verlander,Houston Astros,Base	62	Justin Verlander	Houston Astros,False
2024_topps_series1,2024,Topps,Series 1,Base,,63,Christian Walker,Arizona Diamondbacks,Base	63	Christian Walker	Arizona Diamondbacks,False
2024_topps_series1,2024,Topps,Series 1,Base,,64,J.D. Davis,San Francisco Giants,Base	64	J.D. Davis	San Francisco Giants,False
2024_topps_series1,2024,Topps,Series 1,Base,,65,Johan Oviedo,Pittsburgh Pirates,Base	65	Johan Oviedo	Pittsburgh Pirates,False
2024_topps_series1,2024,Topps,Series 1,Base,,66,Jordan Westburg,Baltimore Orioles	RC,Base	66	Jordan Westburg	Baltimore Orioles	RC,False
2024_topps_series1,2024,Topps,Series 1,Base,,67,Jorge Polanco,Minnesota Twins,Base	67	Jorge Polanco	Minnesota Twins,False
2024_topps_series1,2024,Topps,Series 1,Base,,68,Stone Garrett,Washington Nationals,Base	68	Stone Garrett	Washington Nationals,False
2024_topps_series1,2024,Topps,Series 1,Base,,69,Griffin Canning,Los Angeles Angels,Base	69	Griffin Canning	Los Angeles Angels,False
2024_topps_series1,2024,Topps,Series 1,Base,,70,Ronald Acuña Jr.,Atlanta Braves	- Checklist,Base	70	Ronald Acuña Jr.	Atlanta Braves	- Checklist,False
2024_topps_series1,2024,Topps,Series 1,Base,,71,Brandon Marsh,Philadelphia Phillies,Base	71	Brandon Marsh	Philadelphia Phillies,False
2024_topps_series1,2024,Topps,Series 1,Base,,72,George Springer,Toronto Blue Jays,Base	72	George Springer	Toronto Blue Jays,False
2024_topps_series1,2024,Topps,Series 1,Base,,73,Chris Murphy,Boston Red Sox	RC,Base	73	Chris Murphy	Boston Red Sox	RC,False
2024_topps_series1,2024,Topps,Series 1,Base,,74,Mickey Moniak,Los Angeles Angels,Base	74	Mickey Moniak	Los Angeles Angels,False
2024_topps_series1,2024,Topps,Series 1,Base,,75,George Kirby,Seattle Mariners,Base	75	George Kirby	Seattle Mariners,False
2024_topps_series1,2024,Topps,Series 1,Base,,76,(RC),Milwaukee Brewers	RC,Base	76	(RC)	Milwaukee Brewers	RC,False
2024_topps_series1,2024,Topps,Series 1,Base,,77,Yainer Díaz,Houston Astros,Base	77	Yainer Díaz	Houston Astros,False
2024_topps_series1,2024,Topps,Series 1,Base,,78,Mark Vientos,New York Mets,Base	78	Mark Vientos	New York Mets,False
2024_topps_series1,2024,Topps,Series 1,Base,,79,Seth Brown,Oakland Athletics,Base	79	Seth Brown	Oakland Athletics,False
2024_topps_series1,2024,Topps,Series 1,Base,,80,JP Sears,Oakland Athletics,Base	80	JP Sears	Oakland Athletics,False
2024_topps_series1,2024,Topps,Series 1,Base,,81,Nick Fortes,Miami Marlins,Base	81	Nick Fortes	Miami Marlins,False
2024_topps_series1,2024,Topps,Series 1,Base,,82,Curtis Mead,Tampa Bay Rays	RC,Base	82	Curtis Mead	Tampa Bay Rays	RC,False
2024_topps_series1,2024,Topps,Series 1,Base,,83,Keaton Winn,San Francisco Giants	RC,Base	83	Keaton Winn	San Francisco Giants	RC,False
2024_topps_series1,2024,Topps,Series 1,Base,,84,Alex Bregman,Houston Astros,Base	84	Alex Bregman	Houston Astros,False
2024_topps_series1,2024,Topps,Series 1,Base,,85,Jose Ferrer,Washington Nationals	RC,Base	85	Jose Ferrer	Washington Nationals	RC,False
2024_topps_series1,2024,Topps,Series 1,Base,,86,José Rodríguez,Chicago White Sox	RC,Base	86	José Rodríguez	Chicago White Sox	RC,False
2024_topps_series1,2024,Topps,Series 1,Base,,87,Tony Gonsolin,Los Angeles Dodgers,Base	87	Tony Gonsolin	Los Angeles Dodgers,False
2024_topps_series1,2024,Topps,Series 1,Base,,88,Orlando Arcia,Atlanta Braves,Base	88	Orlando Arcia	Atlanta Braves,False
2024_topps_series1,2024,Topps,Series 1,Base,,89,Tyler Glasnow,Tampa Bay Rays,Base	89	Tyler Glasnow	Tampa Bay Rays,False
2024_topps_series1,2024,Topps,Series 1,Base,,90,Oneil Cruz,Pittsburgh Pirates,Base	90	Oneil Cruz	Pittsburgh Pirates,False
2024_topps_series1,2024,Topps,Series 1,Base,,91,Matt Wallner,Minnesota Twins,Base	91	Matt Wallner	Minnesota Twins,False
2024_topps_series1,2024,Topps,Series 1,Base,,92,Coco Montes,Colorado Rockies	RC,Base	92	Coco Montes	Colorado Rockies	RC,False
2024_topps_series1,2024,Topps,Series 1,Base,,93,Quinn Priester,Pittsburgh Pirates	RC,Base	93	Quinn Priester	Pittsburgh Pirates	RC,False
2024_topps_series1,2024,Topps,Series 1,Base,,94,Byron Buxton,Minnesota Twins,Base	94	Byron Buxton	Minnesota Twins,False
2024_topps_series1,2024,Topps,Series 1,Base,,95,Cole Ragans,Kansas City Royals,Base	95	Cole Ragans	Kansas City Royals,False
2024_topps_series1,2024,Topps,Series 1,Base,,96,Christian Bethancourt,Tampa Bay Rays,Base	96	Christian Bethancourt	Tampa Bay Rays,False
2024_topps_series1,2024,Topps,Series 1,Base,,97,Alex Verdugo,Boston Red Sox,Base	97	Alex Verdugo	Boston Red Sox,False
2024_topps_series1,2024,Topps,Series 1,Base,,98,José Quintana,New York Mets,Base	98	José Quintana	New York Mets,False
2024_topps_series1,2024,Topps,Series 1,Base,,99,Aaron Judge,New York Yankees,Base	99	Aaron Judge	New York Yankees,False
2024_topps_series1,2024,Topps,Series 1,Base,,100,Gerrit Cole,New York Yankees,Base	100	Gerrit Cole	New York Yankees,False
2024_topps_series1,2024,Topps,Series 1,Base,,101,Jordan Romano,Toronto Blue Jays,Base	101	Jordan Romano	Toronto Blue Jays,False
2024_topps_series1,2024,Topps,Series 1,Base,,102,Freddie Freeman,Los Angeles Dodgers,Base	102	Freddie Freeman	Los Angeles Dodgers,False
2024_topps_series1,2024,Topps,Series 1,Base,,103,Brandon Woodruff,Milwaukee Brewers,Base	103	Brandon Woodruff	Milwaukee Brewers,False
2024_topps_series1,2024,Topps,Series 1,Base,,104,Connor Wong,Boston Red Sox,Base	104	Connor Wong	Boston Red Sox,False
2024_topps_series1,2024,Topps,Series 1,Base,,105,Oscar Colás,Chicago White Sox,Base	105	Oscar Colás	Chicago White Sox,False
2024_topps_series1,2024,Topps,Series 1,Base,,106,Adolis García / Kyle Tucker / Julio Rodríguez,Texas Rangers	- League Leaders,Base	106	Adolis García / Kyle Tucker / Julio Rodríguez	Texas Rangers	- League Leaders,True
2024_topps_series1,2024,Topps,Series 1,Base,,106,Adolis García / Kyle Tucker / Julio Rodríguez,Houston Astros	- League Leaders,Base	106	Adolis García / Kyle Tucker / Julio Rodríguez	Houston Astros	- League Leaders,True
2024_topps_series1,2024,Topps,Series 1,Base,,106,Adolis García / Kyle Tucker / Julio Rodríguez,Seattle Mariners	- League Leaders,Base	106	Adolis García / Kyle Tucker / Julio Rodríguez	Seattle Mariners	- League Leaders,True
2024_topps_series1,2024,Topps,Series 1,Base,,107,Shane Bieber,Cleveland Guardians,Base	107	Shane Bieber	Cleveland Guardians,False
2024_topps_series1,2024,Topps,Series 1,Base,,108,Jarren Duran,Boston Red Sox,Base	108	Jarren Duran	Boston Red Sox,False
2024_topps_series1,2024,Topps,Series 1,Base,,109,Michael Kopech,Chicago White Sox,Base	109	Michael Kopech	Chicago White Sox,False
2024_topps_series1,2024,Topps,Series 1,Base,,110,Zac Gallen,Arizona Diamondbacks,Base	110	Zac Gallen	Arizona Diamondbacks,False
2024_topps_series1,2024,Topps,Series 1,Base,,111,Grayson Rodriguez,Baltimore Orioles	- Future Stars,Base	111	Grayson Rodriguez	Baltimore Orioles	- Future Stars,False
2024_topps_series1,2024,Topps,Series 1,Base,,112,Merrill Kelly,Arizona Diamondbacks,Base	112	Merrill Kelly	Arizona Diamondbacks,False
2024_topps_series1,2024,Topps,Series 1,Base,,113,MacKenzie Gore,Washington Nationals,Base	113	MacKenzie Gore	Washington Nationals,False
2024_topps_series1,2024,Topps,Series 1,Base,,114,José Ramírez,Cleveland Guardians,Base	114	José Ramírez	Cleveland Guardians,False
2024_topps_series1,2024,Topps,Series 1,Base,,115,Bobby Miller,Los Angeles Dodgers	- Future Stars,Base	115	Bobby Miller	Los Angeles Dodgers	- Future Stars,False
2024_topps_series1,2024,Topps,Series 1,Base,,116,Emmanuel Clase,Cleveland Guardians,Base	116	Emmanuel Clase	Cleveland Guardians,False
2024_topps_series1,2024,Topps,Series 1,Base,,117,AJ Smith-Shawver,Atlanta Braves	RC,Base	117	AJ Smith-Shawver	Atlanta Braves	RC,False
2024_topps_series1,2024,Topps,Series 1,Base,,118,Nolan Arenado,St. Louis Cardinals,Base	118	Nolan Arenado	St. Louis Cardinals,False
2024_topps_series1,2024,Topps,Series 1,Base,,119,Hunter Greene,Cincinnati Reds,Base	119	Hunter Greene	Cincinnati Reds,False
2024_topps_series1,2024,Topps,Series 1,Base,,120,Edwin Díaz,New York Mets,Base	120	Edwin Díaz	New York Mets,False
2024_topps_series1,2024,Topps,Series 1,Base,,121,Bailey Ober,Minnesota Twins,Base	121	Bailey Ober	Minnesota Twins,False
2024_topps_series1,2024,Topps,Series 1,Base,,122,Cal Raleigh,Seattle Mariners,Base	122	Cal Raleigh	Seattle Mariners,False
2024_topps_series1,2024,Topps,Series 1,Base,,123,Jesús Luzardo,Miami Marlins,Base	123	Jesús Luzardo	Miami Marlins,False
2024_topps_series1,2024,Topps,Series 1,Base,,124,Mike Yastrzemski,San Francisco Giants,Base	124	Mike Yastrzemski	San Francisco Giants,False
2024_topps_series1,2024,Topps,Series 1,Base,,125,Jake Burger,Miami Marlins,Base	125	Jake Burger	Miami Marlins,False
2024_topps_series1,2024,Topps,Series 1,Base,,126,Philadelphia Phillies,Philadelphia Phillies	- Team Card,Base	126	Philadelphia Phillies	Philadelphia Phillies	- Team Card,False
2024_topps_series1,2024,Topps,Series 1,Base,,127,Ha-Seong Kim,San Diego Padres,Base	127	Ha-Seong Kim	San Diego Padres,False
2024_topps_series1,2024,Topps,Series 1,Base,,128,Christopher Morel,Chicago Cubs	- Future Stars,Base	128	Christopher Morel	Chicago Cubs	- Future Stars,False
2024_topps_series1,2024,Topps,Series 1,Base,,129,Adbert Alzolay,Chicago Cubs,Base	129	Adbert Alzolay	Chicago Cubs,False
2024_topps_series1,2024,Topps,Series 1,Base,,130,Grant Hartwig,New York Mets	RC,Base	130	Grant Hartwig	New York Mets	RC,False
2024_topps_series1,2024,Topps,Series 1,Base,,131,Eduardo Rodriguez,Detroit Tigers,Base	131	Eduardo Rodriguez	Detroit Tigers,False
2024_topps_series1,2024,Topps,Series 1,Base,,132,Houston Astros,Houston Astros	- Team Card,Base	132	Houston Astros	Houston Astros	- Team Card,False
2024_topps_series1,2024,Topps,Series 1,Base,,133,Elly De La Cruz,Cincinnati Reds	- Checklist,Base	133	Elly De La Cruz	Cincinnati Reds	- Checklist,False
2024_topps_series1,2024,Topps,Series 1,Base,,134,Adolis García,Texas Rangers,Base	134	Adolis García	Texas Rangers,False
2024_topps_series1,2024,Topps,Series 1,Base,,135,Devin Williams,Milwaukee Brewers,Base	135	Devin Williams	Milwaukee Brewers,False
2024_topps_series1,2024,Topps,Series 1,Base,,136,Kyle Schwarber,Philadelphia Phillies,Base	136	Kyle Schwarber	Philadelphia Phillies,False
2024_topps_series1,2024,Topps,Series 1,Base,,137,Reid Detmers,Los Angeles Angels,Base	137	Reid Detmers	Los Angeles Angels,False
2024_topps_series1,2024,Topps,Series 1,Base,,138,Mookie Betts,Major League Baseball	- Checklist,Base	138	Mookie Betts	Major League Baseball	- Checklist,False
2024_topps_series1,2024,Topps,Series 1,Base,,139,Bryson Stott,Philadelphia Phillies,Base	139	Bryson Stott	Philadelphia Phillies,False
2024_topps_series1,2024,Topps,Series 1,Base,,140,Brad Keller,Kansas City Royals,Base	140	Brad Keller	Kansas City Royals,False
2024_topps_series1,2024,Topps,Series 1,Base,,141,Elly De La Cruz,Cincinnati Reds	RC,Base	141	Elly De La Cruz	Cincinnati Reds	RC,False
2024_topps_series1,2024,Topps,Series 1,Base,,142,Joey Meneses,Washington Nationals,Base	142	Joey Meneses	Washington Nationals,False
2024_topps_series1,2024,Topps,Series 1,Base,,143,David Bednar,Pittsburgh Pirates,Base	143	David Bednar	Pittsburgh Pirates,False
2024_topps_series1,2024,Topps,Series 1,Base,,144,Jacob Amaya,Miami Marlins	RC,Base	144	Jacob Amaya	Miami Marlins	RC,False
2024_topps_series1,2024,Topps,Series 1,Base,,145,Christian Yelich,Milwaukee Brewers,Base	145	Christian Yelich	Milwaukee Brewers,False
2024_topps_series1,2024,Topps,Series 1,Base,,146,Max Fried,Atlanta Braves,Base	146	Max Fried	Atlanta Braves,False
2024_topps_series1,2024,Topps,Series 1,Base,,147,JJ Bleday,Oakland Athletics,Base	147	JJ Bleday	Oakland Athletics,False
2024_topps_series1,2024,Topps,Series 1,Base,,148,Alex Kirilloff,Minnesota Twins,Base	148	Alex Kirilloff	Minnesota Twins,False
2024_topps_series1,2024,Topps,Series 1,Base,,149,Bo Bichette / Yandy Díaz / Corey Seager,Toronto Blue Jays	- League Leaders,Base	149	Bo Bichette / Yandy Díaz / Corey Seager	Toronto Blue Jays	- League Leaders,True
2024_topps_series1,2024,Topps,Series 1,Base,,149,Bo Bichette / Yandy Díaz / Corey Seager,Tampa Bay Rays	- League Leaders,Base	149	Bo Bichette / Yandy Díaz / Corey Seager	Tampa Bay Rays	- League Leaders,True
2024_topps_series1,2024,Topps,Series 1,Base,,149,Bo Bichette / Yandy Díaz / Corey Seager,Texas Rangers	- League Leaders,Base	149	Bo Bichette / Yandy Díaz / Corey Seager	Texas Rangers	- League Leaders,True
2024_topps_series1,2024,Topps,Series 1,Base,,150,Corey Seager,Texas Rangers,Base	150	Corey Seager	Texas Rangers,False
2024_topps_series1,2024,Topps,Series 1,Base,,151,Seiya Suzuki,Chicago Cubs,Base	151	Seiya Suzuki	Chicago Cubs,False
2024_topps_series1,2024,Topps,Series 1,Base,,152,Lane Thomas,Washington Nationals,Base	152	Lane Thomas	Washington Nationals,False
2024_topps_series1,2024,Topps,Series 1,Base,,153,Kyle Finnegan,Washington Nationals,Base	153	Kyle Finnegan	Washington Nationals,False
2024_topps_series1,2024,Topps,Series 1,Base,,154,Atlanta Braves,Atlanta Braves	- Team Card,Base	154	Atlanta Braves	Atlanta Braves	- Team Card,False
2024_topps_series1,2024,Topps,Series 1,Base,,155,Carlos Correa,Minnesota Twins	- Checklist,Base	155	Carlos Correa	Minnesota Twins	- Checklist,False
2024_topps_series1,2024,Topps,Series 1,Base,,156,Corbin Carroll,Arizona Diamondbacks,Base	156	Corbin Carroll	Arizona Diamondbacks,False
2024_topps_series1,2024,Topps,Series 1,Base,,157,Trent Grisham,San Diego Padres,Base	157	Trent Grisham	San Diego Padres,False
2024_topps_series1,2024,Topps,Series 1,Base,,158,Yennier Cano,Baltimore Orioles,Base	158	Yennier Cano	Baltimore Orioles,False
2024_topps_series1,2024,Topps,Series 1,Base,,159,Luis Rengifo,Los Angeles Angels,Base	159	Luis Rengifo	Los Angeles Angels,False
2024_topps_series1,2024,Topps,Series 1,Base,,160,Ji Hwan Bae,Pittsburgh Pirates,Base	160	Ji Hwan Bae	Pittsburgh Pirates,False
2024_topps_series1,2024,Topps,Series 1,Base,,161,Elias Díaz,Colorado Rockies,Base	161	Elias Díaz	Colorado Rockies,False
2024_topps_series1,2024,Topps,Series 1,Base,,162,Matt Waldron,San Diego Padres	RC,Base	162	Matt Waldron	San Diego Padres	RC,False
2024_topps_series1,2024,Topps,Series 1,Base,,163,Alec Marsh,Kansas City Royals	RC,Base	163	Alec Marsh	Kansas City Royals	RC,False
2024_topps_series1,2024,Topps,Series 1,Base,,164,Dansby Swanson,Chicago Cubs,Base	164	Dansby Swanson	Chicago Cubs,False
2024_topps_series1,2024,Topps,Series 1,Base,,165,Chicago Cubs,Chicago Cubs	- Team Card,Base	165	Chicago Cubs	Chicago Cubs	- Team Card,False
2024_topps_series1,2024,Topps,Series 1,Base,,166,Zack Gelof,Oakland Athletics	RC,Base	166	Zack Gelof	Oakland Athletics	RC,False
2024_topps_series1,2024,Topps,Series 1,Base,,167,George Springer,Toronto Blue Jays	- Checklist,Base	167	George Springer	Toronto Blue Jays	- Checklist,False
2024_topps_series1,2024,Topps,Series 1,Base,,168,Nick Gonzales,Pittsburgh Pirates	RC,Base	168	Nick Gonzales	Pittsburgh Pirates	RC,False
2024_topps_series1,2024,Topps,Series 1,Base,,169,Tyler O'Neill,St. Louis Cardinals,Base	169	Tyler O'Neill	St. Louis Cardinals,False
2024_topps_series1,2024,Topps,Series 1,Base,,170,Aaron Civale,Tampa Bay Rays,Base	170	Aaron Civale	Tampa Bay Rays,False
2024_topps_series1,2024,Topps,Series 1,Base,,171,Jacob deGrom,Texas Rangers,Base	171	Jacob deGrom	Texas Rangers,False
2024_topps_series1,2024,Topps,Series 1,Base,,172,Spencer Horwitz,Toronto Blue Jays	RC,Base	172	Spencer Horwitz	Toronto Blue Jays	RC,False
2024_topps_series1,2024,Topps,Series 1,Base,,173,Brady Singer,Kansas City Royals,Base	173	Brady Singer	Kansas City Royals,False
2024_topps_series1,2024,Topps,Series 1,Base,,174,Nathaniel Lowe,Texas Rangers,Base	174	Nathaniel Lowe	Texas Rangers,False
2024_topps_series1,2024,Topps,Series 1,Base,,175,Joe Ryan,Minnesota Twins,Base	175	Joe Ryan	Minnesota Twins,False
2024_topps_series1,2024,Topps,Series 1,Base,,176,Taylor Rogers,San Francisco Giants,Base	176	Taylor Rogers	San Francisco Giants,False
2024_topps_series1,2024,Topps,Series 1,Base,,177,Jonathan India,Cincinnati Reds,Base	177	Jonathan India	Cincinnati Reds,False
2024_topps_series1,2024,Topps,Series 1,Base,,178,Daniel Palencia,Chicago Cubs	RC,Base	178	Daniel Palencia	Chicago Cubs	RC,False
2024_topps_series1,2024,Topps,Series 1,Base,,179,Shohei Ohtani / Adolis García / Luis Robert Jr.,Los Angeles Angels	- League Leaders,Base	179	Shohei Ohtani / Adolis García / Luis Robert Jr.	Los Angeles Angels	- League Leaders,True
2024_topps_series1,2024,Topps,Series 1,Base,,179,Shohei Ohtani / Adolis García / Luis Robert Jr.,Texas Rangers	- League Leaders,Base	179	Shohei Ohtani / Adolis García / Luis Robert Jr.	Texas Rangers	- League Leaders,True
2024_topps_series1,2024,Topps,Series 1,Base,,179,Shohei Ohtani / Adolis García / Luis Robert Jr.,Chicago White Sox	- League Leaders,Base	179	Shohei Ohtani / Adolis García / Luis Robert Jr.	Chicago White Sox	- League Leaders,True
2024_topps_series1,2024,Topps,Series 1,Base,,180,Anthony Volpe,New York Yankees	- Future Stars,Base	180	Anthony Volpe	New York Yankees	- Future Stars,False
2024_topps_series1,2024,Topps,Series 1,Base,,181,Luke Raley,Tampa Bay Rays,Base	181	Luke Raley	Tampa Bay Rays,False
2024_topps_series1,2024,Topps,Series 1,Base,,182,Jameson Taillon,Chicago Cubs,Base	182	Jameson Taillon	Chicago Cubs,False
2024_topps_series1,2024,Topps,Series 1,Base,,183,Los Angeles Dodgers,Los Angeles Dodgers	- Team Card,Base	183	Los Angeles Dodgers	Los Angeles Dodgers	- Team Card,False
2024_topps_series1,2024,Topps,Series 1,Base,,184,Anthony Rizzo,New York Yankees,Base	184	Anthony Rizzo	New York Yankees,False
2024_topps_series1,2024,Topps,Series 1,Base,,185,Spencer Torkelson,Detroit Tigers,Base	185	Spencer Torkelson	Detroit Tigers,False
2024_topps_series1,2024,Topps,Series 1,Base,,186,Brent Rooker,Oakland Athletics,Base	186	Brent Rooker	Oakland Athletics,False
2024_topps_series1,2024,Topps,Series 1,Base,,187,Joe Jacques,Boston Red Sox	RC,Base	187	Joe Jacques	Boston Red Sox	RC,False
2024_topps_series1,2024,Topps,Series 1,Base,,188,Dane Myers,Miami Marlins	RC,Base	188	Dane Myers	Miami Marlins	RC,False
2024_topps_series1,2024,Topps,Series 1,Base,,189,Davis Schneider,Toronto Blue Jays	RC,Base	189	Davis Schneider	Toronto Blue Jays	RC,False
2024_topps_series1,2024,Topps,Series 1,Base,,190,Geraldo Perdomo,Arizona Diamondbacks	- Checklist,Base	190	Geraldo Perdomo	Arizona Diamondbacks	- Checklist,False
2024_topps_series1,2024,Topps,Series 1,Base,,191,Bo Naylor,Cleveland Guardians	- Future Stars,Base	191	Bo Naylor	Cleveland Guardians	- Future Stars,False
2024_topps_series1,2024,Topps,Series 1,Base,,192,Baltimore Orioles,Baltimore Orioles	- Team Card,Base	192	Baltimore Orioles	Baltimore Orioles	- Team Card,False
2024_topps_series1,2024,Topps,Series 1,Base,,193,Brandon Walter,Boston Red Sox	RC,Base	193	Brandon Walter	Boston Red Sox	RC,False
2024_topps_series1,2024,Topps,Series 1,Base,,194,J.T. Realmuto,Philadelphia Phillies,Base	194	J.T. Realmuto	Philadelphia Phillies,False
2024_topps_series1,2024,Topps,Series 1,Base,,195,Dominic Canzone,Seattle Mariners	RC,Base	195	Dominic Canzone	Seattle Mariners	RC,False
2024_topps_series1,2024,Topps,Series 1,Base,,196,Walker Buehler,Los Angeles Dodgers,Base	196	Walker Buehler	Los Angeles Dodgers,False
2024_topps_series1,2024,Topps,Series 1,Base,,197,Eury Pérez,Miami Marlins	- Future Stars,Base	197	Eury Pérez	Miami Marlins	- Future Stars,False
2024_topps_series1,2024,Topps,Series 1,Base,,198,Kyle Freeland,Colorado Rockies,Base	198	Kyle Freeland	Colorado Rockies,False
2024_topps_series1,2024,Topps,Series 1,Base,,199,Leody Taveras,Texas Rangers,Base	199	Leody Taveras	Texas Rangers,False
2024_topps_series1,2024,Topps,Series 1,Base,,200,Bryce Harper,Philadelphia Phillies,Base	200	Bryce Harper	Philadelphia Phillies,False
2024_topps_series1,2024,Topps,Series 1,Base,,201,Miguel Cabrera,Detroit Tigers,Base	201	Miguel Cabrera	Detroit Tigers,False
2024_topps_series1,2024,Topps,Series 1,Base,,202,David Hamilton,Boston Red Sox	RC,Base	202	David Hamilton	Boston Red Sox	RC,False
2024_topps_series1,2024,Topps,Series 1,Base,,203,Chas McCormick,Houston Astros,Base	203	Chas McCormick	Houston Astros,False
2024_topps_series1,2024,Topps,Series 1,Base,,204,Nico Hoerner,Chicago Cubs,Base	204	Nico Hoerner	Chicago Cubs,False
2024_topps_series1,2024,Topps,Series 1,Base,,205,Joe Musgrove,San Diego Padres,Base	205	Joe Musgrove	San Diego Padres,False
2024_topps_series1,2024,Topps,Series 1,Base,,206,Luis Arraez / Ronald Acuña Jr. / Freddie Freeman,Miami Marlins	- League Leaders,Base	206	Luis Arraez / Ronald Acuña Jr. / Freddie Freeman	Miami Marlins	- League Leaders,True
2024_topps_series1,2024,Topps,Series 1,Base,,206,Luis Arraez / Ronald Acuña Jr. / Freddie Freeman,Atlanta Braves	- League Leaders,Base	206	Luis Arraez / Ronald Acuña Jr. / Freddie Freeman	Atlanta Braves	- League Leaders,True
2024_topps_series1,2024,Topps,Series 1,Base,,206,Luis Arraez / Ronald Acuña Jr. / Freddie Freeman,Los Angeles Dodgers	- League Leaders,Base	206	Luis Arraez / Ronald Acuña Jr. / Freddie Freeman	Los Angeles Dodgers	- League Leaders,True
2024_topps_series1,2024,Topps,Series 1,Base,,207,Luken Baker,St. Louis Cardinals	RC,Base	207	Luken Baker	St. Louis Cardinals	RC,False
2024_topps_series1,2024,Topps,Series 1,Base,,208,Royce Lewis,Minnesota Twins,Base	208	Royce Lewis	Minnesota Twins,False
2024_topps_series1,2024,Topps,Series 1,Base,,209,Johan Rojas,Philadelphia Phillies	RC,Base	209	Johan Rojas	Philadelphia Phillies	RC,False
2024_topps_series1,2024,Topps,Series 1,Base,,210,Gleyber Torres,New York Yankees,Base	210	Gleyber Torres	New York Yankees,False
2024_topps_series1,2024,Topps,Series 1,Base,,211,Tampa Bay Rays,Tampa Bay Rays	- Team Card,Base	211	Tampa Bay Rays	Tampa Bay Rays	- Team Card,False
2024_topps_series1,2024,Topps,Series 1,Base,,212,Justin Steele / Blake Snell / Kodai Senga,Chicago Cubs	- League Leaders,Base	212	Justin Steele / Blake Snell / Kodai Senga	Chicago Cubs	- League Leaders,True
2024_topps_series1,2024,Topps,Series 1,Base,,212,Justin Steele / Blake Snell / Kodai Senga,San Diego Padres	- League Leaders,Base	212	Justin Steele / Blake Snell / Kodai Senga	San Diego Padres	- League Leaders,True
2024_topps_series1,2024,Topps,Series 1,Base,,212,Justin Steele / Blake Snell / Kodai Senga,New York Mets	- League Leaders,Base	212	Justin Steele / Blake Snell / Kodai Senga	New York Mets	- League Leaders,True
2024_topps_series1,2024,Topps,Series 1,Base,,213,Camilo Doval,San Francisco Giants,Base	213	Camilo Doval	San Francisco Giants,False
2024_topps_series1,2024,Topps,Series 1,Base,,214,Andrew Abbott,Cincinnati Reds	RC,Base	214	Andrew Abbott	Cincinnati Reds	RC,False
2024_topps_series1,2024,Topps,Series 1,Base,,215,Bryan De La Cruz,Miami Marlins,Base	215	Bryan De La Cruz	Miami Marlins,False
2024_topps_series1,2024,Topps,Series 1,Base,,216,Kevin Gausman,Toronto Blue Jays,Base	216	Kevin Gausman	Toronto Blue Jays,False
2024_topps_series1,2024,Topps,Series 1,Base,,217,Luis Campusano,San Diego Padres,Base	217	Luis Campusano	San Diego Padres,False
2024_topps_series1,2024,Topps,Series 1,Base,,218,Ke'Bryan Hayes,Pittsburgh Pirates,Base	218	Ke'Bryan Hayes	Pittsburgh Pirates,False
2024_topps_series1,2024,Topps,Series 1,Base,,219,Christian Encarnacion-Stra,Cincinnati Reds	RC,Base	219	Christian Encarnacion-Stra	Cincinnati Reds	RC,False
2024_topps_series1,2024,Topps,Series 1,Base,,220,Framber Valdez,Houston Astros,Base	220	Framber Valdez	Houston Astros,False
2024_topps_series1,2024,Topps,Series 1,Base,,221,Charlie Morton,Atlanta Braves,Base	221	Charlie Morton	Atlanta Braves,False
2024_topps_series1,2024,Topps,Series 1,Base,,222,Zach Remillard,Chicago White Sox	RC,Base	222	Zach Remillard	Chicago White Sox	RC,False
2024_topps_series1,2024,Topps,Series 1,Base,,223,Jazz Chisholm Jr.,Miami Marlins,Base	223	Jazz Chisholm Jr.	Miami Marlins,False
2024_topps_series1,2024,Topps,Series 1,Base,,224,Ronny Mauricio,New York Mets	RC,Base	224	Ronny Mauricio	New York Mets	RC,False
2024_topps_series1,2024,Topps,Series 1,Base,,225,Brusdar Graterol,Los Angeles Dodgers,Base	225	Brusdar Graterol	Los Angeles Dodgers,False
2024_topps_series1,2024,Topps,Series 1,Base,,226,Grae Kessinger,Houston Astros	RC,Base	226	Grae Kessinger	Houston Astros	RC,False
2024_topps_series1,2024,Topps,Series 1,Base,,227,Jhoan Duran,Minnesota Twins,Base	227	Jhoan Duran	Minnesota Twins,False
2024_topps_series1,2024,Topps,Series 1,Base,,228,Masataka Yoshida,Boston Red Sox,Base	228	Masataka Yoshida	Boston Red Sox,False
2024_topps_series1,2024,Topps,Series 1,Base,,229,Ranger Suárez,Philadelphia Phillies,Base	229	Ranger Suárez	Philadelphia Phillies,False
2024_topps_series1,2024,Topps,Series 1,Base,,230,Mitch Keller,Pittsburgh Pirates,Base	230	Mitch Keller	Pittsburgh Pirates,False
2024_topps_series1,2024,Topps,Series 1,Base,,231,Eugenio Suárez,Seattle Mariners,Base	231	Eugenio Suárez	Seattle Mariners,False
2024_topps_series1,2024,Topps,Series 1,Base,,232,Marco Luciano,San Francisco Giants	(RC),Base	232	Marco Luciano	San Francisco Giants	(RC),False
2024_topps_series1,2024,Topps,Series 1,Base,,233,Jonny Deluca,Los Angeles Dodgers	RC,Base	233	Jonny Deluca	Los Angeles Dodgers	RC,False
2024_topps_series1,2024,Topps,Series 1,Base,,234,Wilmer Flores,San Francisco Giants,Base	234	Wilmer Flores	San Francisco Giants,False
2024_topps_series1,2024,Topps,Series 1,Base,,235,Jonah Heim,Texas Rangers,Base	235	Jonah Heim	Texas Rangers,False
2024_topps_series1,2024,Topps,Series 1,Base,,236,Patrick Corbin,Washington Nationals,Base	236	Patrick Corbin	Washington Nationals,False
2024_topps_series1,2024,Topps,Series 1,Base,,237,Jake Cronenworth,San Diego Padres,Base	237	Jake Cronenworth	San Diego Padres,False
2024_topps_series1,2024,Topps,Series 1,Base,,238,Cincinnati Reds,Cincinnati Reds	- Team Card,Base	238	Cincinnati Reds	Cincinnati Reds	- Team Card,False
2024_topps_series1,2024,Topps,Series 1,Base,,239,Keibert Ruiz,Washington Nationals,Base	239	Keibert Ruiz	Washington Nationals,False
2024_topps_series1,2024,Topps,Series 1,Base,,240,Andruw Monasterio,Milwaukee Brewers,Base	240	Andruw Monasterio	Milwaukee Brewers,False
2024_topps_series1,2024,Topps,Series 1,Base,,241,Seattle Mariners,Seattle Mariners	- Team Card,Base	241	Seattle Mariners	Seattle Mariners	- Team Card,False
2024_topps_series1,2024,Topps,Series 1,Base,,242,Gavin Williams,Cleveland Guardians	RC,Base	242	Gavin Williams	Cleveland Guardians	RC,False
2024_topps_series1,2024,Topps,Series 1,Base,,243,Michael Harris II,Atlanta Braves,Base	243	Michael Harris II	Atlanta Braves,False
2024_topps_series1,2024,Topps,Series 1,Base,,244,Tyler Soderstrom,Oakland Athletics	RC,Base	244	Tyler Soderstrom	Oakland Athletics	RC,False
2024_topps_series1,2024,Topps,Series 1,Base,,245,Michael Wacha,San Diego Padres,Base	245	Michael Wacha	San Diego Padres,False
2024_topps_series1,2024,Topps,Series 1,Base,,246,Chris Taylor,Los Angeles Dodgers,Base	246	Chris Taylor	Los Angeles Dodgers,False
2024_topps_series1,2024,Topps,Series 1,Base,,247,Clay Holmes,New York Yankees,Base	247	Clay Holmes	New York Yankees,False
2024_topps_series1,2024,Topps,Series 1,Base,,248,Tyler Anderson,Los Angeles Angels,Base	248	Tyler Anderson	Los Angeles Angels,False
2024_topps_series1,2024,Topps,Series 1,Base,,249,Luis Robert Jr.,Chicago White Sox,Base	249	Luis Robert Jr.	Chicago White Sox,False
2024_topps_series1,2024,Topps,Series 1,Base,,250,Mookie Betts,Los Angeles Dodgers,Base	250	Mookie Betts	Los Angeles Dodgers,False
2024_topps_series1,2024,Topps,Series 1,Base,,251,Tyler Wells,Baltimore Orioles,Base	251	Tyler Wells	Baltimore Orioles,False
2024_topps_series1,2024,Topps,Series 1,Base,,252,Miami Marlins,Miami Marlins	- Team Card,Base	252	Miami Marlins	Miami Marlins	- Team Card,False
2024_topps_series1,2024,Topps,Series 1,Base,,253,Josh Lowe,Tampa Bay Rays,Base	253	Josh Lowe	Tampa Bay Rays,False
2024_topps_series1,2024,Topps,Series 1,Base,,254,Bobby Witt Jr.,Kansas City Royals,Base	254	Bobby Witt Jr.	Kansas City Royals,False
2024_topps_series1,2024,Topps,Series 1,Base,,255,Andrew Vaughn,Chicago White Sox,Base	255	Andrew Vaughn	Chicago White Sox,False
2024_topps_series1,2024,Topps,Series 1,Base,,256,Harold Ramírez,Tampa Bay Rays,Base	256	Harold Ramírez	Tampa Bay Rays,False
2024_topps_series1,2024,Topps,Series 1,Base,,257,Colton Cowser,Baltimore Orioles	(RC),Base	257	Colton Cowser	Baltimore Orioles	(RC),False
2024_topps_series1,2024,Topps,Series 1,Base,,258,Nathan Eovaldi,Texas Rangers,Base	258	Nathan Eovaldi	Texas Rangers,False
2024_topps_series1,2024,Topps,Series 1,Base,,259,Justin Lawrence,Colorado Rockies,Base	259	Justin Lawrence	Colorado Rockies,False
2024_topps_series1,2024,Topps,Series 1,Base,,260,Matt Olson / Pete Alonso / Kyle Schwarber,Atlanta Braves	- League Leaders,Base	260	Matt Olson / Pete Alonso / Kyle Schwarber	Atlanta Braves	- League Leaders,True
2024_topps_series1,2024,Topps,Series 1,Base,,260,Matt Olson / Pete Alonso / Kyle Schwarber,New York Mets	- League Leaders,Base	260	Matt Olson / Pete Alonso / Kyle Schwarber	New York Mets	- League Leaders,True
2024_topps_series1,2024,Topps,Series 1,Base,,260,Matt Olson / Pete Alonso / Kyle Schwarber,Philadelphia Phillies	- League Leaders,Base	260	Matt Olson / Pete Alonso / Kyle Schwarber	Philadelphia Phillies	- League Leaders,True
2024_topps_series1,2024,Topps,Series 1,Base,,261,Jake Fraley,Cincinnati Reds,Base	261	Jake Fraley	Cincinnati Reds,False
2024_topps_series1,2024,Topps,Series 1,Base,,262,Zack Wheeler,Philadelphia Phillies,Base	262	Zack Wheeler	Philadelphia Phillies,False
2024_topps_series1,2024,Topps,Series 1,Base,,263,Jordan Balazovic,Minnesota Twins	RC,Base	263	Jordan Balazovic	Minnesota Twins	RC,False
2024_topps_series1,2024,Topps,Series 1,Base,,264,Clarke Schmidt,New York Yankees,Base	264	Clarke Schmidt	New York Yankees,False
2024_topps_series1,2024,Topps,Series 1,Base,,265,Alika Williams,Pittsburgh Pirates	RC,Base	265	Alika Williams	Pittsburgh Pirates	RC,False
2024_topps_series1,2024,Topps,Series 1,Base,,266,Alec Bohm,Philadelphia Phillies,Base	266	Alec Bohm	Philadelphia Phillies,False
2024_topps_series1,2024,Topps,Series 1,Base,,267,Kenley Jansen,Boston Red Sox,Base	267	Kenley Jansen	Boston Red Sox,False
2024_topps_series1,2024,Topps,Series 1,Base,,268,Gabriel Moreno,Arizona Diamondbacks	- Future Stars,Base	268	Gabriel Moreno	Arizona Diamondbacks	- Future Stars,False
2024_topps_series1,2024,Topps,Series 1,Base,,269,Cristian Javier,Houston Astros,Base	269	Cristian Javier	Houston Astros,False
2024_topps_series1,2024,Topps,Series 1,Base,,270,Victor Mederos,Los Angeles Angels	RC,Base	270	Victor Mederos	Los Angeles Angels	RC,False
2024_topps_series1,2024,Topps,Series 1,Base,,271,Paul Sewald,Arizona Diamondbacks,Base	271	Paul Sewald	Arizona Diamondbacks,False
2024_topps_series1,2024,Topps,Series 1,Base,,272,José Berríos,Toronto Blue Jays,Base	272	José Berríos	Toronto Blue Jays,False
2024_topps_series1,2024,Topps,Series 1,Base,,273,Yordan Alvarez,Houston Astros,Base	273	Yordan Alvarez	Houston Astros,False
2024_topps_series1,2024,Topps,Series 1,Base,,274,Riley Greene,Detroit Tigers	- Future Stars,Base	274	Riley Greene	Detroit Tigers	- Future Stars,False
2024_topps_series1,2024,Topps,Series 1,Base,,275,Bryce Harper,Philadelphia Phillies	- Checklist,Base	275	Bryce Harper	Philadelphia Phillies	- Checklist,False
2024_topps_series1,2024,Topps,Series 1,Base,,276,Gregory Santos,Chicago White Sox,Base	276	Gregory Santos	Chicago White Sox,False
2024_topps_series1,2024,Topps,Series 1,Base,,277,Matt Manning,Detroit Tigers,Base	277	Matt Manning	Detroit Tigers,False
2024_topps_series1,2024,Topps,Series 1,Base,,278,Shea Langeliers,Oakland Athletics,Base	278	Shea Langeliers	Oakland Athletics,False
2024_topps_series1,2024,Topps,Series 1,Base,,279,Los Angeles Angels,Los Angeles Angels	- Team Card,Base	279	Los Angeles Angels	Los Angeles Angels	- Team Card,False
2024_topps_series1,2024,Topps,Series 1,Base,,280,Evan Carter,Texas Rangers	RC,Base	280	Evan Carter	Texas Rangers	RC,False
2024_topps_series1,2024,Topps,Series 1,Base,,281,Jared Triolo,Pittsburgh Pirates	RC,Base	281	Jared Triolo	Pittsburgh Pirates	RC,False
2024_topps_series1,2024,Topps,Series 1,Base,,282,Alek Thomas,Arizona Diamondbacks,Base	282	Alek Thomas	Arizona Diamondbacks,False
2024_topps_series1,2024,Topps,Series 1,Base,,283,Emmet Sheehan,Los Angeles Dodgers	RC,Base	283	Emmet Sheehan	Los Angeles Dodgers	RC,False
2024_topps_series1,2024,Topps,Series 1,Base,,284,Randy Arozarena,Tampa Bay Rays,Base	284	Randy Arozarena	Tampa Bay Rays,False
2024_topps_series1,2024,Topps,Series 1,Base,,285,Willi Castro,Minnesota Twins,Base	285	Willi Castro	Minnesota Twins,False
2024_topps_series1,2024,Topps,Series 1,Base,,286,Cade Marlowe,Seattle Mariners	RC,Base	286	Cade Marlowe	Seattle Mariners	RC,False
2024_topps_series1,2024,Topps,Series 1,Base,,287,Miles Mikolas,St. Louis Cardinals,Base	287	Miles Mikolas	St. Louis Cardinals,False
2024_topps_series1,2024,Topps,Series 1,Base,,288,Boston Red Sox,Boston Red Sox	- Team Card,Base	288	Boston Red Sox	Boston Red Sox	- Team Card,False
2024_topps_series1,2024,Topps,Series 1,Base,,289,Andrés Giménez,Cleveland Guardians,Base	289	Andrés Giménez	Cleveland Guardians,False
2024_topps_series1,2024,Topps,Series 1,Base,,290,Thairo Estrada,San Francisco Giants,Base	290	Thairo Estrada	San Francisco Giants,False
2024_topps_series1,2024,Topps,Series 1,Base,,291,Seth Lugo,San Diego Padres,Base	291	Seth Lugo	San Diego Padres,False
2024_topps_series1,2024,Topps,Series 1,Base,,292,Kodai Senga,New York Mets,Base	292	Kodai Senga	New York Mets,False
2024_topps_series1,2024,Topps,Series 1,Base,,293,Ozzie Albies / Pete Alonso / Matt Olson,Atlanta Braves	- League Leaders,Base	293	Ozzie Albies / Pete Alonso / Matt Olson	Atlanta Braves	- League Leaders,True
2024_topps_series1,2024,Topps,Series 1,Base,,293,Ozzie Albies / Pete Alonso / Matt Olson,New York Mets	- League Leaders,Base	293	Ozzie Albies / Pete Alonso / Matt Olson	New York Mets	- League Leaders,True
2024_topps_series1,2024,Topps,Series 1,Base,,294,Tarik Skubal,Detroit Tigers,Base	294	Tarik Skubal	Detroit Tigers,False
2024_topps_series1,2024,Topps,Series 1,Base,,295,Henry Davis,Pittsburgh Pirates	(RC),Base	295	Henry Davis	Pittsburgh Pirates	(RC),False
2024_topps_series1,2024,Topps,Series 1,Base,,296,Willson Contreras,St. Louis Cardinals,Base	296	Willson Contreras	St. Louis Cardinals,False
2024_topps_series1,2024,Topps,Series 1,Base,,297,Alexis Díaz,Cincinnati Reds,Base	297	Alexis Díaz	Cincinnati Reds,False
2024_topps_series1,2024,Topps,Series 1,Base,,298,Logan O'Hoppe,Los Angeles Angels	- Future Stars,Base	298	Logan O'Hoppe	Los Angeles Angels	- Future Stars,False
2024_topps_series1,2024,Topps,Series 1,Base,,299,Luis Arraez,Miami Marlins,Base	299	Luis Arraez	Miami Marlins,False
2024_topps_series1,2024,Topps,Series 1,Base,,300,Enmanuel Valdez,Boston Red Sox,Base	300	Enmanuel Valdez	Boston Red Sox,False
2024_topps_series1,2024,Topps,Series 1,Base,,301,New York Yankees,New York Yankees	- Team Card,Base	301	New York Yankees	New York Yankees	- Team Card,False
2024_topps_series1,2024,Topps,Series 1,Base,,302,Jake Rogers,Detroit Tigers,Base	302	Jake Rogers	Detroit Tigers,False
2024_topps_series1,2024,Topps,Series 1,Base,,303,Connor Joe,Pittsburgh Pirates,Base	303	Connor Joe	Pittsburgh Pirates,False
2024_topps_series1,2024,Topps,Series 1,Base,,304,Evan Longoria,Arizona Diamondbacks,Base	304	Evan Longoria	Arizona Diamondbacks,False
2024_topps_series1,2024,Topps,Series 1,Base,,305,José Fermín,St. Louis Cardinals	RC,Base	305	José Fermín	St. Louis Cardinals	RC,False
2024_topps_series1,2024,Topps,Series 1,Base,,306,Andrew Benintendi,Chicago White Sox,Base	306	Andrew Benintendi	Chicago White Sox,False
2024_topps_series1,2024,Topps,Series 1,Base,,307,Austin Hays,Baltimore Orioles,Base	307	Austin Hays	Baltimore Orioles,False
2024_topps_series1,2024,Topps,Series 1,Base,,308,Reese Olson,Detroit Tigers	RC,Base	308	Reese Olson	Detroit Tigers	RC,False
2024_topps_series1,2024,Topps,Series 1,Base,,309,Justin Steele / Zac Gallen / Spencer Strider,Chicago Cubs	- League Leaders,Base	309	Justin Steele / Zac Gallen / Spencer Strider	Chicago Cubs	- League Leaders,True
2024_topps_series1,2024,Topps,Series 1,Base,,309,Justin Steele / Zac Gallen / Spencer Strider,Arizona Diamondbacks	- League Leaders,Base	309	Justin Steele / Zac Gallen / Spencer Strider	Arizona Diamondbacks	- League Leaders,True
2024_topps_series1,2024,Topps,Series 1,Base,,309,Justin Steele / Zac Gallen / Spencer Strider,Atlanta Braves	- League Leaders,Base	309	Justin Steele / Zac Gallen / Spencer Strider	Atlanta Braves	- League Leaders,True
2024_topps_series1,2024,Topps,Series 1,Base,,310,Abner Uribe,Milwaukee Brewers	RC,Base	310	Abner Uribe	Milwaukee Brewers	RC,False
2024_topps_series1,2024,Topps,Series 1,Base,,311,Will Brennan,Cleveland Guardians,Base	311	Will Brennan	Cleveland Guardians,False
2024_topps_series1,2024,Topps,Series 1,Base,,312,Steven Kwan,Cleveland Guardians,Base	312	Steven Kwan	Cleveland Guardians,False
2024_topps_series1,2024,Topps,Series 1,Base,,313,Ceddanne Rafaela,Boston Red Sox	RC,Base	313	Ceddanne Rafaela	Boston Red Sox	RC,False
2024_topps_series1,2024,Topps,Series 1,Base,,314,Max Muncy,Los Angeles Dodgers,Base	314	Max Muncy	Los Angeles Dodgers,False
2024_topps_series1,2024,Topps,Series 1,Base,,315,Aaron Judge,New York Yankees	- Checklist,Base	315	Aaron Judge	New York Yankees	- Checklist,False
2024_topps_series1,2024,Topps,Series 1,Base,,316,Kutter Crawford,Boston Red Sox,Base	316	Kutter Crawford	Boston Red Sox,False
2024_topps_series1,2024,Topps,Series 1,Base,,317,Starling Marte,New York Mets,Base	317	Starling Marte	New York Mets,False
2024_topps_series1,2024,Topps,Series 1,Base,,318,Justin Steele,Chicago Cubs,Base	318	Justin Steele	Chicago Cubs,False
2024_topps_series1,2024,Topps,Series 1,Base,,319,Miguel Amaya,Chicago Cubs,Base	319	Miguel Amaya	Chicago Cubs,False
2024_topps_series1,2024,Topps,Series 1,Base,,320,Daniel Bard,Colorado Rockies,Base	320	Daniel Bard	Colorado Rockies,False
2024_topps_series1,2024,Topps,Series 1,Base,,321,Trey Cabbage,Los Angeles Angels	RC,Base	321	Trey Cabbage	Los Angeles Angels	RC,False
2024_topps_series1,2024,Topps,Series 1,Base,,322,Brendan Rodgers,Colorado Rockies,Base	322	Brendan Rodgers	Colorado Rockies,False
2024_topps_series1,2024,Topps,Series 1,Base,,323,Braxton Garrett,Miami Marlins,Base	323	Braxton Garrett	Miami Marlins,False
2024_topps_series1,2024,Topps,Series 1,Base,,324,Sonny Gray / Gerrit Cole / Kyle Bradish,Minnesota Twins	- League Leaders,Base	324	Sonny Gray / Gerrit Cole / Kyle Bradish	Minnesota Twins	- League Leaders,True
2024_topps_series1,2024,Topps,Series 1,Base,,324,Sonny Gray / Gerrit Cole / Kyle Bradish,New York Yankees	- League Leaders,Base	324	Sonny Gray / Gerrit Cole / Kyle Bradish	New York Yankees	- League Leaders,True
2024_topps_series1,2024,Topps,Series 1,Base,,324,Sonny Gray / Gerrit Cole / Kyle Bradish,Baltimore Orioles	- League Leaders,Base	324	Sonny Gray / Gerrit Cole / Kyle Bradish	Baltimore Orioles	- League Leaders,True
2024_topps_series1,2024,Topps,Series 1,Base,,325,Justin Martinez,Arizona Diamondbacks	RC,Base	325	Justin Martinez	Arizona Diamondbacks	RC,False
2024_topps_series1,2024,Topps,Series 1,Base,,326,Mauricio Dubón,Houston Astros,Base	326	Mauricio Dubón	Houston Astros,False
2024_topps_series1,2024,Topps,Series 1,Base,,327,Matt McLain,Cincinnati Reds,Base	327	Matt McLain	Cincinnati Reds,False
2024_topps_series1,2024,Topps,Series 1,Base,,328,Patrick Wisdom,Chicago Cubs,Base	328	Patrick Wisdom	Chicago Cubs,False
2024_topps_series1,2024,Topps,Series 1,Base,,329,Framber Valdez,Houston Astros	- Checklist,Base	329	Framber Valdez	Houston Astros	- Checklist,False
2024_topps_series1,2024,Topps,Series 1,Base,,330,Vladimir Guerrero Jr.,Toronto Blue Jays,Base	330	Vladimir Guerrero Jr.	Toronto Blue Jays,False
2024_topps_series1,2024,Topps,Series 1,Base,,331,Ryan Pressly,Houston Astros,Base	331	Ryan Pressly	Houston Astros,False
2024_topps_series1,2024,Topps,Series 1,Base,,332,Taylor Ward,Los Angeles Angels,Base	332	Taylor Ward	Los Angeles Angels,False
2024_topps_series1,2024,Topps,Series 1,Base,,333,Jo Adell,Los Angeles Angels,Base	333	Jo Adell	Los Angeles Angels,False
2024_topps_series1,2024,Topps,Series 1,Base,,334,Ryne Nelson,Arizona Diamondbacks,Base	334	Ryne Nelson	Arizona Diamondbacks,False
2024_topps_series1,2024,Topps,Series 1,Base,,335,Ryan O'Hearn,Baltimore Orioles,Base	335	Ryan O'Hearn	Baltimore Orioles,False
2024_topps_series1,2024,Topps,Series 1,Base,,336,Dean Kremer,Baltimore Orioles,Base	336	Dean Kremer	Baltimore Orioles,False
2024_topps_series1,2024,Topps,Series 1,Base,,337,Hayden Wesneski,Chicago Cubs,Base	337	Hayden Wesneski	Chicago Cubs,False
2024_topps_series1,2024,Topps,Series 1,Base,,338,Nick Senzel,Cincinnati Reds,Base	338	Nick Senzel	Cincinnati Reds,False
2024_topps_series1,2024,Topps,Series 1,Base,,339,Logan Allen,Cleveland Guardians,Base	339	Logan Allen	Cleveland Guardians,False
2024_topps_series1,2024,Topps,Series 1,Base,,340,Austin Gomber,Colorado Rockies,Base	340	Austin Gomber	Colorado Rockies,False
2024_topps_series1,2024,Topps,Series 1,Base,,341,Elehuris Montero,Colorado Rockies,Base	341	Elehuris Montero	Colorado Rockies,False
2024_topps_series1,2024,Topps,Series 1,Base,,342,Maikel Garcia,Kansas City Royals,Base	342	Maikel Garcia	Kansas City Royals,False
2024_topps_series1,2024,Topps,Series 1,Base,,343,Rowdy Tellez,Milwaukee Brewers,Base	343	Rowdy Tellez	Milwaukee Brewers,False
2024_topps_series1,2024,Topps,Series 1,Base,,344,Ryan Jeffers,Minnesota Twins,Base	344	Ryan Jeffers	Minnesota Twins,False
2024_topps_series1,2024,Topps,Series 1,Base,,345,Daniel Vogelbach,New York Mets,Base	345	Daniel Vogelbach	New York Mets,False
2024_topps_series1,2024,Topps,Series 1,Base,,346,Patrick Bailey,San Francisco Giants,Base	346	Patrick Bailey	San Francisco Giants,False
2024_topps_series1,2024,Topps,Series 1,Base,,347,Manuel Margot,Tampa Bay Rays,Base	347	Manuel Margot	Tampa Bay Rays,False
2024_topps_series1,2024,Topps,Series 1,Base,,348,Dane Dunning,Texas Rangers,Base	348	Dane Dunning	Texas Rangers,False
2024_topps_series1,2024,Topps,Series 1,Base,,349,Danny Jansen,Toronto Blue Jays,Base	349	Danny Jansen	Toronto Blue Jays,False
2024_topps_series1,2024,Topps,Series 1,Base,,350,Matt Olson,Atlanta Braves,Base	350	Matt Olson	Atlanta Braves,False
2024_topps_series1,2024,Topps,Series 1,1989 Topps Baseball,,89B-1,Jordan Lawlar,Arizona Diamondbacks,1989 Topps Baseball	89B-1	Jordan Lawlar	Arizona Diamondbacks,False
2024_topps_series1,2024,Topps,Series 1,1989 Topps Baseball,,89B-2,Manny Machado,San Diego Padres,1989 Topps Baseball	89B-2	Manny Machado	San Diego Padres,False
2024_topps_series1,2024,Topps,Series 1,1989 Topps Baseball,,89B-3,Jose Canseco,Oakland Athletics,1989 Topps Baseball	89B-3	Jose Canseco	Oakland Athletics,False
2024_topps_series1,2024,Topps,Series 1,1989 Topps Baseball,,89B-4,Juan Soto,San Diego Padres,1989 Topps Baseball	89B-4	Juan Soto	San Diego Padres,False
2024_topps_series1,2024,Topps,Series 1,1989 Topps Baseball,,89B-5,Jazz Chisholm Jr.,Miami Marlins,1989 Topps Baseball	89B-5	Jazz Chisholm Jr.	Miami Marlins,False
2024_topps_series1,2024,Topps,Series 1,1989 Topps Baseball,,89B-6,Luis Robert Jr.,Chicago White Sox,1989 Topps Baseball	89B-6	Luis Robert Jr.	Chicago White Sox,False
2024_topps_series1,2024,Topps,Series 1,1989 Topps Baseball,,89B-7,Albert Pujols,St. Louis Cardinals,1989 Topps Baseball	89B-7	Albert Pujols	St. Louis Cardinals,False
2024_topps_series1,2024,Topps,Series 1,1989 Topps Baseball,,89B-8,Gavin Williams,Cleveland Guardians,1989 Topps Baseball	89B-8	Gavin Williams	Cleveland Guardians,False
2024_topps_series1,2024,Topps,Series 1,1989 Topps Baseball,,89B-9,Sal Frelick,Milwaukee Brewers,1989 Topps Baseball	89B-9	Sal Frelick	Milwaukee Brewers,False
2024_topps_series1,2024,Topps,Series 1,1989 Topps Baseball,,89B-10,Fernando Tatis Jr.,San Diego Padres,1989 Topps Baseball	89B-10	Fernando Tatis Jr.	San Diego Padres,False
2024_topps_series1,2024,Topps,Series 1,1989 Topps Baseball,,89B-11,Marco Luciano,San Francisco Giants,1989 Topps Baseball	89B-11	Marco Luciano	San Francisco Giants,False
2024_topps_series1,2024,Topps,Series 1,1989 Topps Baseball,,89B-12,Colton Cowser,Baltimore Orioles,1989 Topps Baseball	89B-12	Colton Cowser	Baltimore Orioles,False
2024_topps_series1,2024,Topps,Series 1,1989 Topps Baseball,,89B-13,Bo Jackson,Kansas City Royals,1989 Topps Baseball	89B-13	Bo Jackson	Kansas City Royals,False
2024_topps_series1,2024,Topps,Series 1,1989 Topps Baseball,,89B-14,Masataka Yoshida,Boston Red Sox,1989 Topps Baseball	89B-14	Masataka Yoshida	Boston Red Sox,False
2024_topps_series1,2024,Topps,Series 1,1989 Topps Baseball,,89B-15,Randy Arozarena,Tampa Bay Rays,1989 Topps Baseball	89B-15	Randy Arozarena	Tampa Bay Rays,False
2024_topps_series1,2024,Topps,Series 1,1989 Topps Baseball,,89B-16,Shohei Ohtani,Los Angeles Angels,1989 Topps Baseball	89B-16	Shohei Ohtani	Los Angeles Angels,False
2024_topps_series1,2024,Topps,Series 1,1989 Topps Baseball,,89B-17,Ronald Acuña Jr.,Atlanta Braves,1989 Topps Baseball	89B-17	Ronald Acuña Jr.	Atlanta Braves,False
2024_topps_series1,2024,Topps,Series 1,1989 Topps Baseball,,89B-18,Paul Goldschmidt,St. Louis Cardinals,1989 Topps Baseball	89B-18	Paul Goldschmidt	St. Louis Cardinals,False
2024_topps_series1,2024,Topps,Series 1,1989 Topps Baseball,,89B-19,Adley Rutschman,Baltimore Orioles,1989 Topps Baseball	89B-19	Adley Rutschman	Baltimore Orioles,False
2024_topps_series1,2024,Topps,Series 1,1989 Topps Baseball,,89B-20,Luis Arraez,Miami Marlins,1989 Topps Baseball	89B-20	Luis Arraez	Miami Marlins,False
2024_topps_series1,2024,Topps,Series 1,1989 Topps Baseball,,89B-21,Bo Bichette,Toronto Blue Jays,1989 Topps Baseball	89B-21	Bo Bichette	Toronto Blue Jays,False
2024_topps_series1,2024,Topps,Series 1,1989 Topps Baseball,,89B-22,Francisco Lindor,New York Mets,1989 Topps Baseball	89B-22	Francisco Lindor	New York Mets,False
2024_topps_series1,2024,Topps,Series 1,1989 Topps Baseball,,89B-23,Bryce Harper,Philadelphia Phillies,1989 Topps Baseball	89B-23	Bryce Harper	Philadelphia Phillies,False
2024_topps_series1,2024,Topps,Series 1,1989 Topps Baseball,,89B-24,Luis Matos,San Francisco Giants,1989 Topps Baseball	89B-24	Luis Matos	San Francisco Giants,False
2024_topps_series1,2024,Topps,Series 1,1989 Topps Baseball,,89B-25,Ken Griffey Jr.,Seattle Mariners,1989 Topps Baseball	89B-25	Ken Griffey Jr.	Seattle Mariners,False
2024_topps_series1,2024,Topps,Series 1,1989 Topps Baseball,,89B-26,Justin Verlander,Houston Astros,1989 Topps Baseball	89B-26	Justin Verlander	Houston Astros,False
2024_topps_series1,2024,Topps,Series 1,1989 Topps Baseball,,89B-27,Jose Altuve,Houston Astros,1989 Topps Baseball	89B-27	Jose Altuve	Houston Astros,False
2024_topps_series1,2024,Topps,Series 1,1989 Topps Baseball,,89B-28,Henry Davis,Pittsburgh Pirates,1989 Topps Baseball	89B-28	Henry Davis	Pittsburgh Pirates,False
2024_topps_series1,2024,Topps,Series 1,1989 Topps Baseball,,89B-29,Freddie Freeman,Los Angeles Dodgers,1989 Topps Baseball	89B-29	Freddie Freeman	Los Angeles Dodgers,False
2024_topps_series1,2024,Topps,Series 1,1989 Topps Baseball,,89B-30,Willie Mays,San Francisco Giants,1989 Topps Baseball	89B-30	Willie Mays	San Francisco Giants,False
2024_topps_series1,2024,Topps,Series 1,1989 Topps Baseball,,89B-31,Aaron Judge,New York Yankees,1989 Topps Baseball	89B-31	Aaron Judge	New York Yankees,False
2024_topps_series1,2024,Topps,Series 1,1989 Topps Baseball,,89B-32,Vladimir Guerrero Jr.,Toronto Blue Jays,1989 Topps Baseball	89B-32	Vladimir Guerrero Jr.	Toronto Blue Jays,False
2024_topps_series1,2024,Topps,Series 1,1989 Topps Baseball,,89B-33,Josh Jung,Texas Rangers,1989 Topps Baseball	89B-33	Josh Jung	Texas Rangers,False
2024_topps_series1,2024,Topps,Series 1,1989 Topps Baseball,,89B-34,Mookie Betts,Los Angeles Dodgers,1989 Topps Baseball	89B-34	Mookie Betts	Los Angeles Dodgers,False
2024_topps_series1,2024,Topps,Series 1,1989 Topps Baseball,,89B-35,Corey Seager,Texas Rangers,1989 Topps Baseball	89B-35	Corey Seager	Texas Rangers,False
2024_topps_series1,2024,Topps,Series 1,1989 Topps Baseball,,89B-36,Yordan Alvarez,Houston Astros,1989 Topps Baseball	89B-36	Yordan Alvarez	Houston Astros,False
2024_topps_series1,2024,Topps,Series 1,1989 Topps Baseball,,89B-37,Kris Bryant,Colorado Rockies,1989 Topps Baseball	89B-37	Kris Bryant	Colorado Rockies,False
2024_topps_series1,2024,Topps,Series 1,1989 Topps Baseball,,89B-38,Jordan Westburg,Baltimore Orioles,1989 Topps Baseball	89B-38	Jordan Westburg	Baltimore Orioles,False
2024_topps_series1,2024,Topps,Series 1,1989 Topps Baseball,,89B-39,Mike Schmidt,Philadelphia Phillies,1989 Topps Baseball	89B-39	Mike Schmidt	Philadelphia Phillies,False
2024_topps_series1,2024,Topps,Series 1,1989 Topps Baseball,,89B-40,Bryan Woo,Seattle Mariners,1989 Topps Baseball	89B-40	Bryan Woo	Seattle Mariners,False
2024_topps_series1,2024,Topps,Series 1,1989 Topps Baseball,,89B-41,Carlos Correa,Minnesota Twins,1989 Topps Baseball	89B-41	Carlos Correa	Minnesota Twins,False
2024_topps_series1,2024,Topps,Series 1,1989 Topps Baseball,,89B-42,Ichiro,Seattle Mariners,1989 Topps Baseball	89B-42	Ichiro	Seattle Mariners,False
2024_topps_series1,2024,Topps,Series 1,1989 Topps Baseball,,89B-43,Christian Yelich,Milwaukee Brewers,1989 Topps Baseball	89B-43	Christian Yelich	Milwaukee Brewers,False
2024_topps_series1,2024,Topps,Series 1,1989 Topps Baseball,,89B-44,José Ramírez,Cleveland Guardians,1989 Topps Baseball	89B-44	José Ramírez	Cleveland Guardians,False
2024_topps_series1,2024,Topps,Series 1,1989 Topps Baseball,,89B-45,Will Clark,San Francisco Giants,1989 Topps Baseball	89B-45	Will Clark	San Francisco Giants,False
2024_topps_series1,2024,Topps,Series 1,1989 Topps Baseball,,89B-46,AJ Smith-Shawver,Atlanta Braves,1989 Topps Baseball	89B-46	AJ Smith-Shawver	Atlanta Braves,False
2024_topps_series1,2024,Topps,Series 1,1989 Topps Baseball,,89B-47,George Brett,Kansas City Royals,1989 Topps Baseball	89B-47	George Brett	Kansas City Royals,False
2024_topps_series1,2024,Topps,Series 1,1989 Topps Baseball,,89B-48,Andrew McCutchen,Pittsburgh Pirates,1989 Topps Baseball	89B-48	Andrew McCutchen	Pittsburgh Pirates,False
2024_topps_series1,2024,Topps,Series 1,1989 Topps Baseball,,89B-49,Ryne Sandberg,Chicago Cubs,1989 Topps Baseball	89B-49	Ryne Sandberg	Chicago Cubs,False
2024_topps_series1,2024,Topps,Series 1,1989 Topps Baseball,,89B-50,Junior Caminero,Tampa Bay Rays,1989 Topps Baseball	89B-50	Junior Caminero	Tampa Bay Rays,False
2024_topps_series1,2024,Topps,Series 1,1989 Topps Baseball,,89B-51,Barry Larkin,Cincinnati Reds,1989 Topps Baseball	89B-51	Barry Larkin	Cincinnati Reds,False
2024_topps_series1,2024,Topps,Series 1,1989 Topps Baseball,,89B-52,Jeff Bagwell,Houston Astros,1989 Topps Baseball	89B-52	Jeff Bagwell	Houston Astros,False
2024_topps_series1,2024,Topps,Series 1,1989 Topps Baseball,,89B-53,Mark McGwire,Oakland Athletics,1989 Topps Baseball	89B-53	Mark McGwire	Oakland Athletics,False
2024_topps_series1,2024,Topps,Series 1,1989 Topps Baseball,,89B-54,Jackie Robinson,Brooklyn Dodgers,1989 Topps Baseball	89B-54	Jackie Robinson	Brooklyn Dodgers,False
2024_topps_series1,2024,Topps,Series 1,1989 Topps Baseball,,89B-55,Robin Yount,Milwaukee Brewers,1989 Topps Baseball	89B-55	Robin Yount	Milwaukee Brewers,False
2024_topps_series1,2024,Topps,Series 1,1989 Topps Baseball,,89B-56,Trea Turner,Philadelphia Phillies,1989 Topps Baseball	89B-56	Trea Turner	Philadelphia Phillies,False
2024_topps_series1,2024,Topps,Series 1,1989 Topps Baseball,,89B-57,Clayton Kershaw,Los Angeles Dodgers,1989 Topps Baseball	89B-57	Clayton Kershaw	Los Angeles Dodgers,False
2024_topps_series1,2024,Topps,Series 1,1989 Topps Baseball,,89B-58,Masyn Winn,St. Louis Cardinals,1989 Topps Baseball	89B-58	Masyn Winn	St. Louis Cardinals,False
2024_topps_series1,2024,Topps,Series 1,1989 Topps Baseball,,89B-59,Bobby Witt Jr.,Kansas City Royals,1989 Topps Baseball	89B-59	Bobby Witt Jr.	Kansas City Royals,False
2024_topps_series1,2024,Topps,Series 1,1989 Topps Baseball,,89B-60,Oneil Cruz,Pittsburgh Pirates,1989 Topps Baseball	89B-60	Oneil Cruz	Pittsburgh Pirates,False
2024_topps_series1,2024,Topps,Series 1,1989 Topps Baseball,,89B-61,Rafael Devers,Boston Red Sox,1989 Topps Baseball	89B-61	Rafael Devers	Boston Red Sox,False
2024_topps_series1,2024,Topps,Series 1,1989 Topps Baseball,,89B-62,Christopher Morel,Chicago Cubs,1989 Topps Baseball	89B-62	Christopher Morel	Chicago Cubs,False
2024_topps_series1,2024,Topps,Series 1,1989 Topps Baseball,,89B-63,Byron Buxton,Minnesota Twins,1989 Topps Baseball	89B-63	Byron Buxton	Minnesota Twins,False
2024_topps_series1,2024,Topps,Series 1,1989 Topps Baseball,,89B-64,Anthony Rizzo,New York Yankees,1989 Topps Baseball	89B-64	Anthony Rizzo	New York Yankees,False
2024_topps_series1,2024,Topps,Series 1,1989 Topps Baseball,,89B-65,Christian Encarnacion-Stra,Cincinnati Reds,1989 Topps Baseball	89B-65	Christian Encarnacion-Stra	Cincinnati Reds,False
2024_topps_series1,2024,Topps,Series 1,1989 Topps Baseball,,89B-66,Julio Rodríguez,Seattle Mariners,1989 Topps Baseball	89B-66	Julio Rodríguez	Seattle Mariners,False
2024_topps_series1,2024,Topps,Series 1,1989 Topps Baseball,,89B-67,Nolan Arenado,St. Louis Cardinals,1989 Topps Baseball	89B-67	Nolan Arenado	St. Louis Cardinals,False
2024_topps_series1,2024,Topps,Series 1,1989 Topps Baseball,,89B-68,Vladimir Guerrero,Montréal Expos,1989 Topps Baseball	89B-68	Vladimir Guerrero	Montréal Expos,False
2024_topps_series1,2024,Topps,Series 1,1989 Topps Baseball,,89B-69,Elly De La Cruz,Cincinnati Reds,1989 Topps Baseball	89B-69	Elly De La Cruz	Cincinnati Reds,False
2024_topps_series1,2024,Topps,Series 1,1989 Topps Baseball,,89B-70,Mike Trout,Los Angeles Angels,1989 Topps Baseball	89B-70	Mike Trout	Los Angeles Angels,False
2024_topps_series1,2024,Topps,Series 1,1989 Topps Baseball,,89B-71,Nolan Schanuel,Los Angeles Angels,1989 Topps Baseball	89B-71	Nolan Schanuel	Los Angeles Angels,False
2024_topps_series1,2024,Topps,Series 1,1989 Topps Baseball,,89B-72,Ceddanne Rafaela,Boston Red Sox,1989 Topps Baseball	89B-72	Ceddanne Rafaela	Boston Red Sox,False
2024_topps_series1,2024,Topps,Series 1,1989 Topps Baseball,,89B-73,Tony Gwynn,San Diego Padres,1989 Topps Baseball	89B-73	Tony Gwynn	San Diego Padres,False
2024_topps_series1,2024,Topps,Series 1,1989 Topps Baseball,,89B-74,Matt Olson,Atlanta Braves,1989 Topps Baseball	89B-74	Matt Olson	Atlanta Braves,False
2024_topps_series1,2024,Topps,Series 1,1989 Topps Baseball,,89B-75,Sonny Gray,Minnesota Twins,1989 Topps Baseball	89B-75	Sonny Gray	Minnesota Twins,False
2024_topps_series1,2024,Topps,Series 1,1989 Topps Baseball,,89B-76,Chipper Jones,Atlanta Braves,1989 Topps Baseball	89B-76	Chipper Jones	Atlanta Braves,False
2024_topps_series1,2024,Topps,Series 1,1989 Topps Baseball,,89B-77,Emmet Sheehan,Los Angeles Dodgers,1989 Topps Baseball	89B-77	Emmet Sheehan	Los Angeles Dodgers,False
2024_topps_series1,2024,Topps,Series 1,1989 Topps Baseball,,89B-78,Joey Votto,Cincinnati Reds,1989 Topps Baseball	89B-78	Joey Votto	Cincinnati Reds,False
2024_topps_series1,2024,Topps,Series 1,1989 Topps Baseball,,89B-79,Endy Rodríguez,Pittsburgh Pirates,1989 Topps Baseball	89B-79	Endy Rodríguez	Pittsburgh Pirates,False
2024_topps_series1,2024,Topps,Series 1,1989 Topps Baseball,,89B-80,Don Mattingly,New York Yankees,1989 Topps Baseball	89B-80	Don Mattingly	New York Yankees,False
2024_topps_series1,2024,Topps,Series 1,1989 Topps Baseball,,89B-81,Ozzie Smith,St. Louis Cardinals,1989 Topps Baseball	89B-81	Ozzie Smith	St. Louis Cardinals,False
2024_topps_series1,2024,Topps,Series 1,1989 Topps Baseball,,89B-82,Riley Greene,Detroit Tigers,1989 Topps Baseball	89B-82	Riley Greene	Detroit Tigers,False
2024_topps_series1,2024,Topps,Series 1,1989 Topps Baseball,,89B-83,Nolan Ryan,Houston Astros,1989 Topps Baseball	89B-83	Nolan Ryan	Houston Astros,False
2024_topps_series1,2024,Topps,Series 1,1989 Topps Baseball,,89B-84,Wade Boggs,Boston Red Sox,1989 Topps Baseball	89B-84	Wade Boggs	Boston Red Sox,False
2024_topps_series1,2024,Topps,Series 1,1989 Topps Baseball,,89B-85,Curtis Mead,Tampa Bay Rays,1989 Topps Baseball	89B-85	Curtis Mead	Tampa Bay Rays,False
2024_topps_series1,2024,Topps,Series 1,1989 Topps Baseball,,89B-86,Greg Maddux,Atlanta Braves,1989 Topps Baseball	89B-86	Greg Maddux	Atlanta Braves,False
2024_topps_series1,2024,Topps,Series 1,1989 Topps Baseball,,89B-87,Pete Alonso,New York Mets,1989 Topps Baseball	89B-87	Pete Alonso	New York Mets,False
2024_topps_series1,2024,Topps,Series 1,1989 Topps Baseball,,89B-88,Cal Ripken Jr.,Baltimore Orioles,1989 Topps Baseball	89B-88	Cal Ripken Jr.	Baltimore Orioles,False
2024_topps_series1,2024,Topps,Series 1,1989 Topps Baseball,,89B-89,Frank Thomas,Chicago White Sox,1989 Topps Baseball	89B-89	Frank Thomas	Chicago White Sox,False
2024_topps_series1,2024,Topps,Series 1,1989 Topps Baseball,,89B-90,Zack Gelof,Oakland Athletics,1989 Topps Baseball	89B-90	Zack Gelof	Oakland Athletics,False
2024_topps_series1,2024,Topps,Series 1,1989 Topps Baseball,,89B-91,Buster Posey,San Francisco Giants,1989 Topps Baseball	89B-91	Buster Posey	San Francisco Giants,False
2024_topps_series1,2024,Topps,Series 1,1989 Topps Baseball,,89B-92,Gerrit Cole,New York Yankees,1989 Topps Baseball	89B-92	Gerrit Cole	New York Yankees,False
2024_topps_series1,2024,Topps,Series 1,1989 Topps Baseball,,89B-93,Ronny Mauricio,New York Mets,1989 Topps Baseball	89B-93	Ronny Mauricio	New York Mets,False
2024_topps_series1,2024,Topps,Series 1,1989 Topps Baseball,,89B-94,Adolis García,Texas Rangers,1989 Topps Baseball	89B-94	Adolis García	Texas Rangers,False
2024_topps_series1,2024,Topps,Series 1,1989 Topps Baseball,,89B-95,Kyle Harrison,San Francisco Giants,1989 Topps Baseball	89B-95	Kyle Harrison	San Francisco Giants,False
2024_topps_series1,2024,Topps,Series 1,1989 Topps Baseball,,89B-96,Andrew Abbott,Cincinnati Reds,1989 Topps Baseball	89B-96	Andrew Abbott	Cincinnati Reds,False
2024_topps_series1,2024,Topps,Series 1,1989 Topps Baseball,,89B-97,Miguel Cabrera,Detroit Tigers,1989 Topps Baseball	89B-97	Miguel Cabrera	Detroit Tigers,False
2024_topps_series1,2024,Topps,Series 1,1989 Topps Baseball,,89B-98,Max Scherzer,Texas Rangers,1989 Topps Baseball	89B-98	Max Scherzer	Texas Rangers,False
2024_topps_series1,2024,Topps,Series 1,1989 Topps Baseball,,89B-99,Corbin Carroll,Arizona Diamondbacks,1989 Topps Baseball	89B-99	Corbin Carroll	Arizona Diamondbacks,False
2024_topps_series1,2024,Topps,Series 1,1989 Topps Baseball,,89B-100,Tyler Soderstrom,Oakland Athletics,1989 Topps Baseball	89B-100	Tyler Soderstrom	Oakland Athletics,False
2024_topps_series1,2024,Topps,Series 1,1989 Topps Baseball Autographs,,89BA-AA,Andrew Abbott,Cincinnati Reds,1989 Topps Baseball Autographs	89BA-AA	Andrew Abbott	Cincinnati Reds,False
2024_topps_series1,2024,Topps,Series 1,1989 Topps Baseball Autographs,,89BA-AD,Andre Dawson,Chicago Cubs,1989 Topps Baseball Autographs	89BA-AD	Andre Dawson	Chicago Cubs,False
2024_topps_series1,2024,Topps,Series 1,1989 Topps Baseball Autographs,,89BA-AJ,Aaron Judge,New York Yankees,1989 Topps Baseball Autographs	89BA-AJ	Aaron Judge	New York Yankees,False
2024_topps_series1,2024,Topps,Series 1,1989 Topps Baseball Autographs,,89BA-AJO,Andruw Jones,Atlanta Braves,1989 Topps Baseball Autographs	89BA-AJO	Andruw Jones	Atlanta Braves,False
2024_topps_series1,2024,Topps,Series 1,1989 Topps Baseball Autographs,,89BA-AMA,Alec Marsh,Kansas City Royals,1989 Topps Baseball Autographs	89BA-AMA	Alec Marsh	Kansas City Royals,False
2024_topps_series1,2024,Topps,Series 1,1989 Topps Baseball Autographs,,89BA-AR,Anthony Rizzo,New York Yankees,1989 Topps Baseball Autographs	89BA-AR	Anthony Rizzo	New York Yankees,False
2024_topps_series1,2024,Topps,Series 1,1989 Topps Baseball Autographs,,89BA-ARU,Adley Rutschman,Baltimore Orioles,1989 Topps Baseball Autographs	89BA-ARU	Adley Rutschman	Baltimore Orioles,False
2024_topps_series1,2024,Topps,Series 1,1989 Topps Baseball Autographs,,89BA-AS,AJ Smith-Shawver,Atlanta Braves,1989 Topps Baseball Autographs	89BA-AS	AJ Smith-Shawver	Atlanta Braves,False
2024_topps_series1,2024,Topps,Series 1,1989 Topps Baseball Autographs,,89BA-AUR,Abner Uribe,Milwaukee Brewers,1989 Topps Baseball Autographs	89BA-AUR	Abner Uribe	Milwaukee Brewers,False
2024_topps_series1,2024,Topps,Series 1,1989 Topps Baseball Autographs,,89BA-AV,Anthony Volpe,New York Yankees,1989 Topps Baseball Autographs	89BA-AV	Anthony Volpe	New York Yankees,False
2024_topps_series1,2024,Topps,Series 1,1989 Topps Baseball Autographs,,89BA-AW,Austin Wells,New York Yankees,1989 Topps Baseball Autographs	89BA-AW	Austin Wells	New York Yankees,False
2024_topps_series1,2024,Topps,Series 1,1989 Topps Baseball Autographs,,89BA-BBX,Byron Buxton,Minnesota Twins,1989 Topps Baseball Autographs	89BA-BBX	Byron Buxton	Minnesota Twins,False
2024_topps_series1,2024,Topps,Series 1,1989 Topps Baseball Autographs,,89BA-BH,Bryce Harper,Philadelphia Phillies,1989 Topps Baseball Autographs	89BA-BH	Bryce Harper	Philadelphia Phillies,False
2024_topps_series1,2024,Topps,Series 1,1989 Topps Baseball Autographs,,89BA-BJ,Bo Jackson,Kansas City Royals,1989 Topps Baseball Autographs	89BA-BJ	Bo Jackson	Kansas City Royals,False
2024_topps_series1,2024,Topps,Series 1,1989 Topps Baseball Autographs,,89BA-BLA,Barry Larkin,Cincinnati Reds,1989 Topps Baseball Autographs	89BA-BLA	Barry Larkin	Cincinnati Reds,False
2024_topps_series1,2024,Topps,Series 1,1989 Topps Baseball Autographs,,89BA-BW,Bernie Williams,New York Yankees,1989 Topps Baseball Autographs	89BA-BW	Bernie Williams	New York Yankees,False
2024_topps_series1,2024,Topps,Series 1,1989 Topps Baseball Autographs,,89BA-BWA,Brandon Walter,Boston Red Sox,1989 Topps Baseball Autographs	89BA-BWA	Brandon Walter	Boston Red Sox,False
2024_topps_series1,2024,Topps,Series 1,1989 Topps Baseball Autographs,,89BA-BWO,Brandon Woodruff,Milwaukee Brewers,1989 Topps Baseball Autographs	89BA-BWO	Brandon Woodruff	Milwaukee Brewers,False
2024_topps_series1,2024,Topps,Series 1,1989 Topps Baseball Autographs,,89BA-BWOO,Bryan Woo,Seattle Mariners,1989 Topps Baseball Autographs	89BA-BWOO	Bryan Woo	Seattle Mariners,False
2024_topps_series1,2024,Topps,Series 1,1989 Topps Baseball Autographs,,89BA-CB,Corbin Burnes,Milwaukee Brewers,1989 Topps Baseball Autographs	89BA-CB	Corbin Burnes	Milwaukee Brewers,False
2024_topps_series1,2024,Topps,Series 1,1989 Topps Baseball Autographs,,89BA-CBI,Craig Biggio,Houston Astros,1989 Topps Baseball Autographs	89BA-CBI	Craig Biggio	Houston Astros,False
2024_topps_series1,2024,Topps,Series 1,1989 Topps Baseball Autographs,,89BA-CC,Colton Cowser,Baltimore Orioles,1989 Topps Baseball Autographs	89BA-CC	Colton Cowser	Baltimore Orioles,False
2024_topps_series1,2024,Topps,Series 1,1989 Topps Baseball Autographs,,89BA-CCA,Corbin Carroll,Arizona Diamondbacks,1989 Topps Baseball Autographs	89BA-CCA	Corbin Carroll	Arizona Diamondbacks,False
2024_topps_series1,2024,Topps,Series 1,1989 Topps Baseball Autographs,,89BA-CEC,Slade Cecconi,Arizona Diamondbacks,1989 Topps Baseball Autographs	89BA-CEC	Slade Cecconi	Arizona Diamondbacks,False
2024_topps_series1,2024,Topps,Series 1,1989 Topps Baseball Autographs,,89BA-CF,Carlton Fisk,Chicago White Sox,1989 Topps Baseball Autographs	89BA-CF	Carlton Fisk	Chicago White Sox,False
2024_topps_series1,2024,Topps,Series 1,1989 Topps Baseball Autographs,,89BA-CJ,Chipper Jones,Atlanta Braves,1989 Topps Baseball Autographs	89BA-CJ	Chipper Jones	Atlanta Braves,False
2024_topps_series1,2024,Topps,Series 1,1989 Topps Baseball Autographs,,89BA-CMA,Cade Marlowe,Seattle Mariners,1989 Topps Baseball Autographs	89BA-CMA	Cade Marlowe	Seattle Mariners,False
2024_topps_series1,2024,Topps,Series 1,1989 Topps Baseball Autographs,,89BA-CME,Curtis Mead,Tampa Bay Rays,1989 Topps Baseball Autographs	89BA-CME	Curtis Mead	Tampa Bay Rays,False
2024_topps_series1,2024,Topps,Series 1,1989 Topps Baseball Autographs,,89BA-CMO,Coco Montes,Colorado Rockies,1989 Topps Baseball Autographs	89BA-CMO	Coco Montes	Colorado Rockies,False
2024_topps_series1,2024,Topps,Series 1,1989 Topps Baseball Autographs,,89BA-CMU,Cedric Mullins,Baltimore Orioles,1989 Topps Baseball Autographs	89BA-CMU	Cedric Mullins	Baltimore Orioles,False
2024_topps_series1,2024,Topps,Series 1,1989 Topps Baseball Autographs,,89BA-CRI,Cal Ripken Jr.,Baltimore Orioles,1989 Topps Baseball Autographs	89BA-CRI	Cal Ripken Jr.	Baltimore Orioles,False
2024_topps_series1,2024,Topps,Series 1,1989 Topps Baseball Autographs,,89BA-CY,Christian Yelich,Milwaukee Brewers,1989 Topps Baseball Autographs	89BA-CY	Christian Yelich	Milwaukee Brewers,False
2024_topps_series1,2024,Topps,Series 1,1989 Topps Baseball Autographs,,89BA-DCA,Dominic Canzone,Seattle Mariners,1989 Topps Baseball Autographs	89BA-DCA	Dominic Canzone	Seattle Mariners,False
2024_topps_series1,2024,Topps,Series 1,1989 Topps Baseball Autographs,,89BA-DEC,Dennis Eckersley,Oakland Athletics,1989 Topps Baseball Autographs	89BA-DEC	Dennis Eckersley	Oakland Athletics,False
2024_topps_series1,2024,Topps,Series 1,1989 Topps Baseball Autographs,,89BA-DH,David Hamilton,Boston Red Sox,1989 Topps Baseball Autographs	89BA-DH	David Hamilton	Boston Red Sox,False
2024_topps_series1,2024,Topps,Series 1,1989 Topps Baseball Autographs,,89BA-DJ,Derek Jeter,New York Yankees,1989 Topps Baseball Autographs	89BA-DJ	Derek Jeter	New York Yankees,False
2024_topps_series1,2024,Topps,Series 1,1989 Topps Baseball Autographs,,89BA-DM,Don Mattingly,New York Yankees,1989 Topps Baseball Autographs	89BA-DM	Don Mattingly	New York Yankees,False
2024_topps_series1,2024,Topps,Series 1,1989 Topps Baseball Autographs,,89BA-DMU,Dale Murphy,Atlanta Braves,1989 Topps Baseball Autographs	89BA-DMU	Dale Murphy	Atlanta Braves,False
2024_topps_series1,2024,Topps,Series 1,1989 Topps Baseball Autographs,,89BA-DMY,Dane Myers,Miami Marlins,1989 Topps Baseball Autographs	89BA-DMY	Dane Myers	Miami Marlins,False
2024_topps_series1,2024,Topps,Series 1,1989 Topps Baseball Autographs,,89BA-DO,David Ortiz,Boston Red Sox,1989 Topps Baseball Autographs	89BA-DO	David Ortiz	Boston Red Sox,False
2024_topps_series1,2024,Topps,Series 1,1989 Topps Baseball Autographs,,89BA-DS,Dave Stewart,Oakland Athletics,1989 Topps Baseball Autographs	89BA-DS	Dave Stewart	Oakland Athletics,False
2024_topps_series1,2024,Topps,Series 1,1989 Topps Baseball Autographs,,89BA-DST,Darryl Strawberry,New York Mets,1989 Topps Baseball Autographs	89BA-DST	Darryl Strawberry	New York Mets,False
2024_topps_series1,2024,Topps,Series 1,1989 Topps Baseball Autographs,,89BA-DW,David Wright,New York Mets,1989 Topps Baseball Autographs	89BA-DW	David Wright	New York Mets,False
2024_topps_series1,2024,Topps,Series 1,1989 Topps Baseball Autographs,,89BA-DWI,Dontrelle Willis,Florida Marlins,1989 Topps Baseball Autographs	89BA-DWI	Dontrelle Willis	Florida Marlins,False
2024_topps_series1,2024,Topps,Series 1,1989 Topps Baseball Autographs,,89BA-EC,Evan Carter,Texas Rangers,1989 Topps Baseball Autographs	89BA-EC	Evan Carter	Texas Rangers,False
2024_topps_series1,2024,Topps,Series 1,1989 Topps Baseball Autographs,,89BA-ED,Elly De La Cruz,Cincinnati Reds,1989 Topps Baseball Autographs	89BA-ED	Elly De La Cruz	Cincinnati Reds,False
2024_topps_series1,2024,Topps,Series 1,1989 Topps Baseball Autographs,,89BA-EM,Edgar Martinez,Seattle Mariners,1989 Topps Baseball Autographs	89BA-EM	Edgar Martinez	Seattle Mariners,False
2024_topps_series1,2024,Topps,Series 1,1989 Topps Baseball Autographs,,89BA-EMU,Eddie Murray,Baltimore Orioles,1989 Topps Baseball Autographs	89BA-EMU	Eddie Murray	Baltimore Orioles,False
2024_topps_series1,2024,Topps,Series 1,1989 Topps Baseball Autographs,,89BA-EP,Evan Phillips,Los Angeles Dodgers,1989 Topps Baseball Autographs	89BA-EP	Evan Phillips	Los Angeles Dodgers,False
2024_topps_series1,2024,Topps,Series 1,1989 Topps Baseball Autographs,,89BA-ER,Endy Rodríguez,Pittsburgh Pirates,1989 Topps Baseball Autographs	89BA-ER	Endy Rodríguez	Pittsburgh Pirates,False
2024_topps_series1,2024,Topps,Series 1,1989 Topps Baseball Autographs,,89BA-ES,Emmet Sheehan,Los Angeles Dodgers,1989 Topps Baseball Autographs	89BA-ES	Emmet Sheehan	Los Angeles Dodgers,False
2024_topps_series1,2024,Topps,Series 1,1989 Topps Baseball Autographs,,89BA-FT,Fernando Tatis Jr.,San Diego Padres,1989 Topps Baseball Autographs	89BA-FT	Fernando Tatis Jr.	San Diego Padres,False
2024_topps_series1,2024,Topps,Series 1,1989 Topps Baseball Autographs,,89BA-FTH,Frank Thomas,Chicago White Sox,1989 Topps Baseball Autographs	89BA-FTH	Frank Thomas	Chicago White Sox,False
2024_topps_series1,2024,Topps,Series 1,1989 Topps Baseball Autographs,,89BA-GK,George Kirby,Seattle Mariners,1989 Topps Baseball Autographs	89BA-GK	George Kirby	Seattle Mariners,False
2024_topps_series1,2024,Topps,Series 1,1989 Topps Baseball Autographs,,89BA-GKE,Grae Kessinger,Houston Astros,1989 Topps Baseball Autographs	89BA-GKE	Grae Kessinger	Houston Astros,False
2024_topps_series1,2024,Topps,Series 1,1989 Topps Baseball Autographs,,89BA-GW,Gavin Williams,Cleveland Guardians,1989 Topps Baseball Autographs	89BA-GW	Gavin Williams	Cleveland Guardians,False
2024_topps_series1,2024,Topps,Series 1,1989 Topps Baseball Autographs,,89BA-HAN,Emerson Hancock,Seattle Mariners,1989 Topps Baseball Autographs	89BA-HAN	Emerson Hancock	Seattle Mariners,False
2024_topps_series1,2024,Topps,Series 1,1989 Topps Baseball Autographs,,89BA-HG,Hunter Greene,Cincinnati Reds,1989 Topps Baseball Autographs	89BA-HG	Hunter Greene	Cincinnati Reds,False
2024_topps_series1,2024,Topps,Series 1,1989 Topps Baseball Autographs,,89BA-HK,Heston Kjerstad,Baltimore Orioles,1989 Topps Baseball Autographs	89BA-HK	Heston Kjerstad	Baltimore Orioles,False
2024_topps_series1,2024,Topps,Series 1,1989 Topps Baseball Autographs,,89BA-HR,Hanley Ramirez,Florida Marlins,1989 Topps Baseball Autographs	89BA-HR	Hanley Ramirez	Florida Marlins,False
2024_topps_series1,2024,Topps,Series 1,1989 Topps Baseball Autographs,,89BA-I,Ichiro,Seattle Mariners,1989 Topps Baseball Autographs	89BA-I	Ichiro	Seattle Mariners,False
2024_topps_series1,2024,Topps,Series 1,1989 Topps Baseball Autographs,,89BA-ICA,Isaiah Campbell,Seattle Mariners,1989 Topps Baseball Autographs	89BA-ICA	Isaiah Campbell	Seattle Mariners,False
2024_topps_series1,2024,Topps,Series 1,1989 Topps Baseball Autographs,,89BA-JA,Jacob Amaya,Miami Marlins,1989 Topps Baseball Autographs	89BA-JA	Jacob Amaya	Miami Marlins,False
2024_topps_series1,2024,Topps,Series 1,1989 Topps Baseball Autographs,,89BA-JAL,Jose Altuve,Houston Astros,1989 Topps Baseball Autographs	89BA-JAL	Jose Altuve	Houston Astros,False
2024_topps_series1,2024,Topps,Series 1,1989 Topps Baseball Autographs,,89BA-JB,Jordan Balazovic,Minnesota Twins,1989 Topps Baseball Autographs	89BA-JB	Jordan Balazovic	Minnesota Twins,False
2024_topps_series1,2024,Topps,Series 1,1989 Topps Baseball Autographs,,89BA-JCA,Jose Canseco,Oakland Athletics,1989 Topps Baseball Autographs	89BA-JCA	Jose Canseco	Oakland Athletics,False
2024_topps_series1,2024,Topps,Series 1,1989 Topps Baseball Autographs,,89BA-JCJ,Jazz Chisholm Jr.,Miami Marlins,1989 Topps Baseball Autographs	89BA-JCJ	Jazz Chisholm Jr.	Miami Marlins,False
2024_topps_series1,2024,Topps,Series 1,1989 Topps Baseball Autographs,,89BA-JD,Jasson Domínguez,New York Yankees,1989 Topps Baseball Autographs	89BA-JD	Jasson Domínguez	New York Yankees,False
2024_topps_series1,2024,Topps,Series 1,1989 Topps Baseball Autographs,,89BA-JE,Jim Edmonds,St. Louis Cardinals,1989 Topps Baseball Autographs	89BA-JE	Jim Edmonds	St. Louis Cardinals,False
2024_topps_series1,2024,Topps,Series 1,1989 Topps Baseball Autographs,,89BA-JK,John Kruk,Philadelphia Phillies,1989 Topps Baseball Autographs	89BA-JK	John Kruk	Philadelphia Phillies,False
2024_topps_series1,2024,Topps,Series 1,1989 Topps Baseball Autographs,,89BA-JLA,Jordan Lawlar,Arizona Diamondbacks,1989 Topps Baseball Autographs	89BA-JLA	Jordan Lawlar	Arizona Diamondbacks,False
2024_topps_series1,2024,Topps,Series 1,1989 Topps Baseball Autographs,,89BA-JM,Justin Morneau,Minnesota Twins,1989 Topps Baseball Autographs	89BA-JM	Justin Morneau	Minnesota Twins,False
2024_topps_series1,2024,Topps,Series 1,1989 Topps Baseball Autographs,,89BA-JMAZ,Justin Martinez,Arizona Diamondbacks,1989 Topps Baseball Autographs	89BA-JMAZ	Justin Martinez	Arizona Diamondbacks,False
2024_topps_series1,2024,Topps,Series 1,1989 Topps Baseball Autographs,,89BA-JMU,Joe Musgrove,San Diego Padres,1989 Topps Baseball Autographs	89BA-JMU	Joe Musgrove	San Diego Padres,False
2024_topps_series1,2024,Topps,Series 1,1989 Topps Baseball Autographs,,89BA-JOR,Jordyn Adams,Los Angeles Angels,1989 Topps Baseball Autographs	89BA-JOR	Jordyn Adams	Los Angeles Angels,False
2024_topps_series1,2024,Topps,Series 1,1989 Topps Baseball Autographs,,89BA-JRA,José Ramírez,Cleveland Guardians,1989 Topps Baseball Autographs	89BA-JRA	José Ramírez	Cleveland Guardians,False
2024_topps_series1,2024,Topps,Series 1,1989 Topps Baseball Autographs,,89BA-JRO,Johan Rojas,Philadelphia Phillies,1989 Topps Baseball Autographs	89BA-JRO	Johan Rojas	Philadelphia Phillies,False
2024_topps_series1,2024,Topps,Series 1,1989 Topps Baseball Autographs,,89BA-JROD,José Rodríguez,Chicago White Sox,1989 Topps Baseball Autographs	89BA-JROD	José Rodríguez	Chicago White Sox,False
2024_topps_series1,2024,Topps,Series 1,1989 Topps Baseball Autographs,,89BA-JROD2,Julio Rodríguez,Seattle Mariners,1989 Topps Baseball Autographs	89BA-JROD2	Julio Rodríguez	Seattle Mariners,False
2024_topps_series1,2024,Topps,Series 1,1989 Topps Baseball Autographs,,89BA-JS,Juan Soto,San Diego Padres,1989 Topps Baseball Autographs	89BA-JS	Juan Soto	San Diego Padres,False
2024_topps_series1,2024,Topps,Series 1,1989 Topps Baseball Autographs,,89BA-JSM,John Smoltz,Atlanta Braves,1989 Topps Baseball Autographs	89BA-JSM	John Smoltz	Atlanta Braves,False
2024_topps_series1,2024,Topps,Series 1,1989 Topps Baseball Autographs,,89BA-JT,Jared Triolo,Pittsburgh Pirates,1989 Topps Baseball Autographs	89BA-JT	Jared Triolo	Pittsburgh Pirates,False
2024_topps_series1,2024,Topps,Series 1,1989 Topps Baseball Autographs,,89BA-JV,Joey Votto,Cincinnati Reds,1989 Topps Baseball Autographs	89BA-JV	Joey Votto	Cincinnati Reds,False
2024_topps_series1,2024,Topps,Series 1,1989 Topps Baseball Autographs,,89BA-JVA,Jason Varitek,Boston Red Sox,1989 Topps Baseball Autographs	89BA-JVA	Jason Varitek	Boston Red Sox,False
2024_topps_series1,2024,Topps,Series 1,1989 Topps Baseball Autographs,,89BA-JWE,Jordan Westburg,Baltimore Orioles,1989 Topps Baseball Autographs	89BA-JWE	Jordan Westburg	Baltimore Orioles,False
2024_topps_series1,2024,Topps,Series 1,1989 Topps Baseball Autographs,,89BA-JWO,Jackson Wolf,Pittsburgh Pirates,1989 Topps Baseball Autographs	89BA-JWO	Jackson Wolf	Pittsburgh Pirates,False
2024_topps_series1,2024,Topps,Series 1,1989 Topps Baseball Autographs,,89BA-KH,Kyle Harrison,San Francisco Giants,1989 Topps Baseball Autographs	89BA-KH	Kyle Harrison	San Francisco Giants,False
2024_topps_series1,2024,Topps,Series 1,1989 Topps Baseball Autographs,,89BA-KHA,Ke'Bryan Hayes,Pittsburgh Pirates,1989 Topps Baseball Autographs	89BA-KHA	Ke'Bryan Hayes	Pittsburgh Pirates,False
2024_topps_series1,2024,Topps,Series 1,1989 Topps Baseball Autographs,,89BA-LR,Luis Robert Jr.,Chicago White Sox,1989 Topps Baseball Autographs	89BA-LR	Luis Robert Jr.	Chicago White Sox,False
2024_topps_series1,2024,Topps,Series 1,1989 Topps Baseball Autographs,,89BA-LW,Logan Webb,San Francisco Giants,1989 Topps Baseball Autographs	89BA-LW	Logan Webb	San Francisco Giants,False
2024_topps_series1,2024,Topps,Series 1,1989 Topps Baseball Autographs,,89BA-LWA,Larry Walker,Colorado Rockies,1989 Topps Baseball Autographs	89BA-LWA	Larry Walker	Colorado Rockies,False
2024_topps_series1,2024,Topps,Series 1,1989 Topps Baseball Autographs,,89BA-MF,Max Fried,Atlanta Braves,1989 Topps Baseball Autographs	89BA-MF	Max Fried	Atlanta Braves,False
2024_topps_series1,2024,Topps,Series 1,1989 Topps Baseball Autographs,,89BA-MHA,Michael Harris II,Atlanta Braves,1989 Topps Baseball Autographs	89BA-MHA	Michael Harris II	Atlanta Braves,False
2024_topps_series1,2024,Topps,Series 1,1989 Topps Baseball Autographs,,89BA-MMC,Mark McGwire,Oakland Athletics,1989 Topps Baseball Autographs	89BA-MMC	Mark McGwire	Oakland Athletics,False
2024_topps_series1,2024,Topps,Series 1,1989 Topps Baseball Autographs,,89BA-MMU,Max Muncy,Los Angeles Dodgers,1989 Topps Baseball Autographs	89BA-MMU	Max Muncy	Los Angeles Dodgers,False
2024_topps_series1,2024,Topps,Series 1,1989 Topps Baseball Autographs,,89BA-MO,Matt Olson,Atlanta Braves,1989 Topps Baseball Autographs	89BA-MO	Matt Olson	Atlanta Braves,False
2024_topps_series1,2024,Topps,Series 1,1989 Topps Baseball Autographs,,89BA-MT,Mike Trout,Los Angeles Angels,1989 Topps Baseball Autographs	89BA-MT	Mike Trout	Los Angeles Angels,False
2024_topps_series1,2024,Topps,Series 1,1989 Topps Baseball Autographs,,89BA-MW,Masyn Winn,St. Louis Cardinals,1989 Topps Baseball Autographs	89BA-MW	Masyn Winn	St. Louis Cardinals,False
2024_topps_series1,2024,Topps,Series 1,1989 Topps Baseball Autographs,,89BA-MWA,Matt Williams,San Francisco Giants,1989 Topps Baseball Autographs	89BA-MWA	Matt Williams	San Francisco Giants,False
2024_topps_series1,2024,Topps,Series 1,1989 Topps Baseball Autographs,,89BA-NC,Nestor Cortes,New York Yankees,1989 Topps Baseball Autographs	89BA-NC	Nestor Cortes	New York Yankees,False
2024_topps_series1,2024,Topps,Series 1,1989 Topps Baseball Autographs,,89BA-NE,Nathan Eovaldi,Texas Rangers,1989 Topps Baseball Autographs	89BA-NE	Nathan Eovaldi	Texas Rangers,False
2024_topps_series1,2024,Topps,Series 1,1989 Topps Baseball Autographs,,89BA-NG,Nick Gonzales,Pittsburgh Pirates,1989 Topps Baseball Autographs	89BA-NG	Nick Gonzales	Pittsburgh Pirates,False
2024_topps_series1,2024,Topps,Series 1,1989 Topps Baseball Autographs,,89BA-NGA,Nomar Garciaparra,Boston Red Sox,1989 Topps Baseball Autographs	89BA-NGA	Nomar Garciaparra	Boston Red Sox,False
2024_topps_series1,2024,Topps,Series 1,1989 Topps Baseball Autographs,,89BA-NR,Nolan Ryan,Houston Astros,1989 Topps Baseball Autographs	89BA-NR	Nolan Ryan	Houston Astros,False
2024_topps_series1,2024,Topps,Series 1,1989 Topps Baseball Autographs,,89BA-ORN,Jonathan Ornelas,Texas Rangers,1989 Topps Baseball Autographs	89BA-ORN	Jonathan Ornelas	Texas Rangers,False
2024_topps_series1,2024,Topps,Series 1,1989 Topps Baseball Autographs,,89BA-OS,Ozzie Smith,St. Louis Cardinals,1989 Topps Baseball Autographs	89BA-OS	Ozzie Smith	St. Louis Cardinals,False
2024_topps_series1,2024,Topps,Series 1,1989 Topps Baseball Autographs,,89BA-OW,Owen White,Texas Rangers,1989 Topps Baseball Autographs	89BA-OW	Owen White	Texas Rangers,False
2024_topps_series1,2024,Topps,Series 1,1989 Topps Baseball Autographs,,89BA-PC,Pete Crow-Armstrong,Chicago Cubs,1989 Topps Baseball Autographs	89BA-PC	Pete Crow-Armstrong	Chicago Cubs,False
2024_topps_series1,2024,Topps,Series 1,1989 Topps Baseball Autographs,,89BA-QPR,Quinn Priester,Pittsburgh Pirates,1989 Topps Baseball Autographs	89BA-QPR	Quinn Priester	Pittsburgh Pirates,False
2024_topps_series1,2024,Topps,Series 1,1989 Topps Baseball Autographs,,89BA-RAJ,Ronald Acuña Jr.,Atlanta Braves,1989 Topps Baseball Autographs	89BA-RAJ	Ronald Acuña Jr.	Atlanta Braves,False
2024_topps_series1,2024,Topps,Series 1,1989 Topps Baseball Autographs,,89BA-RHO,Ryan Howard,Philadelphia Phillies,1989 Topps Baseball Autographs	89BA-RHO	Ryan Howard	Philadelphia Phillies,False
2024_topps_series1,2024,Topps,Series 1,1989 Topps Baseball Autographs,,89BA-RJO,Randy Johnson,Arizona Diamondbacks,1989 Topps Baseball Autographs	89BA-RJO	Randy Johnson	Arizona Diamondbacks,False
2024_topps_series1,2024,Topps,Series 1,1989 Topps Baseball Autographs,,89BA-RMO,Ryan Mountcastle,Baltimore Orioles,1989 Topps Baseball Autographs	89BA-RMO	Ryan Mountcastle	Baltimore Orioles,False
2024_topps_series1,2024,Topps,Series 1,1989 Topps Baseball Autographs,,89BA-RO,Reese Olson,Detroit Tigers,1989 Topps Baseball Autographs	89BA-RO	Reese Olson	Detroit Tigers,False
2024_topps_series1,2024,Topps,Series 1,1989 Topps Baseball Autographs,,89BA-RY,Robin Yount,Milwaukee Brewers,1989 Topps Baseball Autographs	89BA-RY	Robin Yount	Milwaukee Brewers,False
2024_topps_series1,2024,Topps,Series 1,1989 Topps Baseball Autographs,,89BA-SB,Shane Bieber,Cleveland Guardians,1989 Topps Baseball Autographs	89BA-SB	Shane Bieber	Cleveland Guardians,False
2024_topps_series1,2024,Topps,Series 1,1989 Topps Baseball Autographs,,89BA-SC,Steve Carlton,Philadelphia Phillies,1989 Topps Baseball Autographs	89BA-SC	Steve Carlton	Philadelphia Phillies,False
2024_topps_series1,2024,Topps,Series 1,1989 Topps Baseball Autographs,,89BA-SCH,Davis Schneider,Toronto Blue Jays,1989 Topps Baseball Autographs	89BA-SCH	Davis Schneider	Toronto Blue Jays,False
2024_topps_series1,2024,Topps,Series 1,1989 Topps Baseball Autographs,,89BA-SF,Sal Frelick,Milwaukee Brewers,1989 Topps Baseball Autographs	89BA-SF	Sal Frelick	Milwaukee Brewers,False
2024_topps_series1,2024,Topps,Series 1,1989 Topps Baseball Autographs,,89BA-SG,Sonny Gray,Minnesota Twins,1989 Topps Baseball Autographs	89BA-SG	Sonny Gray	Minnesota Twins,False
2024_topps_series1,2024,Topps,Series 1,1989 Topps Baseball Autographs,,89BA-SH,Spencer Horwitz,Toronto Blue Jays,1989 Topps Baseball Autographs	89BA-SH	Spencer Horwitz	Toronto Blue Jays,False
2024_topps_series1,2024,Topps,Series 1,1989 Topps Baseball Autographs,,89BA-SO,Shohei Ohtani,Los Angeles Angels,1989 Topps Baseball Autographs	89BA-SO	Shohei Ohtani	Los Angeles Angels,False
2024_topps_series1,2024,Topps,Series 1,1989 Topps Baseball Autographs,,89BA-ST,Samad Taylor,Kansas City Royals,1989 Topps Baseball Autographs	89BA-ST	Samad Taylor	Kansas City Royals,False
2024_topps_series1,2024,Topps,Series 1,1989 Topps Baseball Autographs,,89BA-TB,Taj Bradley,Tampa Bay Rays,1989 Topps Baseball Autographs	89BA-TB	Taj Bradley	Tampa Bay Rays,False
2024_topps_series1,2024,Topps,Series 1,1989 Topps Baseball Autographs,,89BA-TCA,Trey Cabbage,Los Angeles Angels,1989 Topps Baseball Autographs	89BA-TCA	Trey Cabbage	Los Angeles Angels,False
2024_topps_series1,2024,Topps,Series 1,1989 Topps Baseball Autographs,,89BA-TEN,José Tena,Cleveland Guardians,1989 Topps Baseball Autographs	89BA-TEN	José Tena	Cleveland Guardians,False
2024_topps_series1,2024,Topps,Series 1,1989 Topps Baseball Autographs,,89BA-TGL,Tom Glavine,Atlanta Braves,1989 Topps Baseball Autographs	89BA-TGL	Tom Glavine	Atlanta Braves,False
2024_topps_series1,2024,Topps,Series 1,1989 Topps Baseball Autographs,,89BA-TS,Tyler Soderstrom,Oakland Athletics,1989 Topps Baseball Autographs	89BA-TS	Tyler Soderstrom	Oakland Athletics,False
2024_topps_series1,2024,Topps,Series 1,1989 Topps Baseball Autographs,,89BA-TT,Trea Turner,Philadelphia Phillies,1989 Topps Baseball Autographs	89BA-TT	Trea Turner	Philadelphia Phillies,False
2024_topps_series1,2024,Topps,Series 1,1989 Topps Baseball Autographs,,89BA-VG,Vladimir Guerrero Jr.,Toronto Blue Jays,1989 Topps Baseball Autographs	89BA-VG	Vladimir Guerrero Jr.	Toronto Blue Jays,False
2024_topps_series1,2024,Topps,Series 1,1989 Topps Baseball Autographs,,89BA-VME,Victor Mederos,Los Angeles Angels,1989 Topps Baseball Autographs	89BA-VME	Victor Mederos	Los Angeles Angels,False
2024_topps_series1,2024,Topps,Series 1,1989 Topps Baseball Autographs,,89BA-WB,Wade Boggs,Boston Red Sox,1989 Topps Baseball Autographs	89BA-WB	Wade Boggs	Boston Red Sox,False
2024_topps_series1,2024,Topps,Series 1,1989 Topps Baseball Autographs,,89BA-WCL,Will Clark,San Francisco Giants,1989 Topps Baseball Autographs	89BA-WCL	Will Clark	San Francisco Giants,False
2024_topps_series1,2024,Topps,Series 1,1989 Topps Baseball Autographs,,89BA-WS,Will Smith,Los Angeles Dodgers,1989 Topps Baseball Autographs	89BA-WS	Will Smith	Los Angeles Dodgers,False
2024_topps_series1,2024,Topps,Series 1,1989 Topps Baseball Autographs,,89BA-YA,Yordan Alvarez,Houston Astros,1989 Topps Baseball Autographs	89BA-YA	Yordan Alvarez	Houston Astros,False
2024_topps_series1,2024,Topps,Series 1,1989 Topps Baseball Autographs,,89BA-ZGE,Zack Gelof,Oakland Athletics,1989 Topps Baseball Autographs	89BA-ZGE	Zack Gelof	Oakland Athletics,False
2024_topps_series1,2024,Topps,Series 1,1989 Topps Baseball Autographs,,89BA-ZR,Zach Remillard,Chicago White Sox,1989 Topps Baseball Autographs	89BA-ZR	Zach Remillard	Chicago White Sox,False
2024_topps_series1,2024,Topps,Series 1,1989 Topps Baseball Chrome Silver Packs,,T89C-1,Zack Gelof,Oakland Athletics,1989 Topps Baseball Chrome Silver Packs	T89C-1	Zack Gelof	Oakland Athletics,False
2024_topps_series1,2024,Topps,Series 1,1989 Topps Baseball Chrome Silver Packs,,T89C-2,Aaron Judge,New York Yankees,1989 Topps Baseball Chrome Silver Packs	T89C-2	Aaron Judge	New York Yankees,False
2024_topps_series1,2024,Topps,Series 1,1989 Topps Baseball Chrome Silver Packs,,T89C-3,Ronny Mauricio,New York Mets,1989 Topps Baseball Chrome Silver Packs	T89C-3	Ronny Mauricio	New York Mets,False
2024_topps_series1,2024,Topps,Series 1,1989 Topps Baseball Chrome Silver Packs,,T89C-4,Robin Yount,Milwaukee Brewers,1989 Topps Baseball Chrome Silver Packs	T89C-4	Robin Yount	Milwaukee Brewers,False
2024_topps_series1,2024,Topps,Series 1,1989 Topps Baseball Chrome Silver Packs,,T89C-5,Manny Machado,San Diego Padres,1989 Topps Baseball Chrome Silver Packs	T89C-5	Manny Machado	San Diego Padres,False
2024_topps_series1,2024,Topps,Series 1,1989 Topps Baseball Chrome Silver Packs,,T89C-6,Cal Ripken Jr.,Baltimore Orioles,1989 Topps Baseball Chrome Silver Packs	T89C-6	Cal Ripken Jr.	Baltimore Orioles,False
2024_topps_series1,2024,Topps,Series 1,1989 Topps Baseball Chrome Silver Packs,,T89C-7,Don Mattingly,New York Yankees,1989 Topps Baseball Chrome Silver Packs	T89C-7	Don Mattingly	New York Yankees,False
2024_topps_series1,2024,Topps,Series 1,1989 Topps Baseball Chrome Silver Packs,,T89C-8,Andrew Abbott,Cincinnati Reds,1989 Topps Baseball Chrome Silver Packs	T89C-8	Andrew Abbott	Cincinnati Reds,False
2024_topps_series1,2024,Topps,Series 1,1989 Topps Baseball Chrome Silver Packs,,T89C-9,Corey Seager,Texas Rangers,1989 Topps Baseball Chrome Silver Packs	T89C-9	Corey Seager	Texas Rangers,False
2024_topps_series1,2024,Topps,Series 1,1989 Topps Baseball Chrome Silver Packs,,T89C-10,Barry Larkin,Cincinnati Reds,1989 Topps Baseball Chrome Silver Packs	T89C-10	Barry Larkin	Cincinnati Reds,False
2024_topps_series1,2024,Topps,Series 1,1989 Topps Baseball Chrome Silver Packs,,T89C-11,Buster Posey,San Francisco Giants,1989 Topps Baseball Chrome Silver Packs	T89C-11	Buster Posey	San Francisco Giants,False
2024_topps_series1,2024,Topps,Series 1,1989 Topps Baseball Chrome Silver Packs,,T89C-12,Clayton Kershaw,Los Angeles Dodgers,1989 Topps Baseball Chrome Silver Packs	T89C-12	Clayton Kershaw	Los Angeles Dodgers,False
2024_topps_series1,2024,Topps,Series 1,1989 Topps Baseball Chrome Silver Packs,,T89C-13,Owen White,Texas Rangers,1989 Topps Baseball Chrome Silver Packs	T89C-13	Owen White	Texas Rangers,False
2024_topps_series1,2024,Topps,Series 1,1989 Topps Baseball Chrome Silver Packs,,T89C-14,Davis Schneider,Toronto Blue Jays,1989 Topps Baseball Chrome Silver Packs	T89C-14	Davis Schneider	Toronto Blue Jays,False
2024_topps_series1,2024,Topps,Series 1,1989 Topps Baseball Chrome Silver Packs,,T89C-15,Marco Luciano,San Francisco Giants,1989 Topps Baseball Chrome Silver Packs	T89C-15	Marco Luciano	San Francisco Giants,False
2024_topps_series1,2024,Topps,Series 1,1989 Topps Baseball Chrome Silver Packs,,T89C-16,Sal Frelick,Milwaukee Brewers,1989 Topps Baseball Chrome Silver Packs	T89C-16	Sal Frelick	Milwaukee Brewers,False
2024_topps_series1,2024,Topps,Series 1,1989 Topps Baseball Chrome Silver Packs,,T89C-17,Mike Trout,Los Angeles Angels,1989 Topps Baseball Chrome Silver Packs	T89C-17	Mike Trout	Los Angeles Angels,False
2024_topps_series1,2024,Topps,Series 1,1989 Topps Baseball Chrome Silver Packs,,T89C-18,Sonny Gray,Minnesota Twins,1989 Topps Baseball Chrome Silver Packs	T89C-18	Sonny Gray	Minnesota Twins,False
2024_topps_series1,2024,Topps,Series 1,1989 Topps Baseball Chrome Silver Packs,,T89C-19,Bo Bichette,Toronto Blue Jays,1989 Topps Baseball Chrome Silver Packs	T89C-19	Bo Bichette	Toronto Blue Jays,False
2024_topps_series1,2024,Topps,Series 1,1989 Topps Baseball Chrome Silver Packs,,T89C-20,Ceddanne Rafaela,Boston Red Sox,1989 Topps Baseball Chrome Silver Packs	T89C-20	Ceddanne Rafaela	Boston Red Sox,False
2024_topps_series1,2024,Topps,Series 1,1989 Topps Baseball Chrome Silver Packs,,T89C-21,Evan Carter,Texas Rangers,1989 Topps Baseball Chrome Silver Packs	T89C-21	Evan Carter	Texas Rangers,False
2024_topps_series1,2024,Topps,Series 1,1989 Topps Baseball Chrome Silver Packs,,T89C-22,Vladimir Guerrero,Montréal Expos,1989 Topps Baseball Chrome Silver Packs	T89C-22	Vladimir Guerrero	Montréal Expos,False
2024_topps_series1,2024,Topps,Series 1,1989 Topps Baseball Chrome Silver Packs,,T89C-23,Luis Arraez,Miami Marlins,1989 Topps Baseball Chrome Silver Packs	T89C-23	Luis Arraez	Miami Marlins,False
2024_topps_series1,2024,Topps,Series 1,1989 Topps Baseball Chrome Silver Packs,,T89C-24,Vladimir Guerrero Jr.,Toronto Blue Jays,1989 Topps Baseball Chrome Silver Packs	T89C-24	Vladimir Guerrero Jr.	Toronto Blue Jays,False
2024_topps_series1,2024,Topps,Series 1,1989 Topps Baseball Chrome Silver Packs,,T89C-25,Everson Pereira,New York Yankees,1989 Topps Baseball Chrome Silver Packs	T89C-25	Everson Pereira	New York Yankees,False
2024_topps_series1,2024,Topps,Series 1,1989 Topps Baseball Chrome Silver Packs,,T89C-26,Corbin Carroll,Arizona Diamondbacks,1989 Topps Baseball Chrome Silver Packs	T89C-26	Corbin Carroll	Arizona Diamondbacks,False
2024_topps_series1,2024,Topps,Series 1,1989 Topps Baseball Chrome Silver Packs,,T89C-27,Pete Alonso,New York Mets,1989 Topps Baseball Chrome Silver Packs	T89C-27	Pete Alonso	New York Mets,False
2024_topps_series1,2024,Topps,Series 1,1989 Topps Baseball Chrome Silver Packs,,T89C-28,Ronald Acuña Jr.,Atlanta Braves,1989 Topps Baseball Chrome Silver Packs	T89C-28	Ronald Acuña Jr.	Atlanta Braves,False
2024_topps_series1,2024,Topps,Series 1,1989 Topps Baseball Chrome Silver Packs,,T89C-29,Adley Rutschman,Baltimore Orioles,1989 Topps Baseball Chrome Silver Packs	T89C-29	Adley Rutschman	Baltimore Orioles,False
2024_topps_series1,2024,Topps,Series 1,1989 Topps Baseball Chrome Silver Packs,,T89C-30,Luis Matos,San Francisco Giants,1989 Topps Baseball Chrome Silver Packs	T89C-30	Luis Matos	San Francisco Giants,False
2024_topps_series1,2024,Topps,Series 1,1989 Topps Baseball Chrome Silver Packs,,T89C-31,Ken Griffey Jr.,Seattle Mariners,1989 Topps Baseball Chrome Silver Packs	T89C-31	Ken Griffey Jr.	Seattle Mariners,False
2024_topps_series1,2024,Topps,Series 1,1989 Topps Baseball Chrome Silver Packs,,T89C-32,George Brett,Kansas City Royals,1989 Topps Baseball Chrome Silver Packs	T89C-32	George Brett	Kansas City Royals,False
2024_topps_series1,2024,Topps,Series 1,1989 Topps Baseball Chrome Silver Packs,,T89C-33,Jasson Domínguez,New York Yankees,1989 Topps Baseball Chrome Silver Packs	T89C-33	Jasson Domínguez	New York Yankees,False
2024_topps_series1,2024,Topps,Series 1,1989 Topps Baseball Chrome Silver Packs,,T89C-34,Junior Caminero,Tampa Bay Rays,1989 Topps Baseball Chrome Silver Packs	T89C-34	Junior Caminero	Tampa Bay Rays,False
2024_topps_series1,2024,Topps,Series 1,1989 Topps Baseball Chrome Silver Packs,,T89C-35,José Ramírez,Cleveland Guardians,1989 Topps Baseball Chrome Silver Packs	T89C-35	José Ramírez	Cleveland Guardians,False
2024_topps_series1,2024,Topps,Series 1,1989 Topps Baseball Chrome Silver Packs,,T89C-36,Wade Boggs,Boston Red Sox,1989 Topps Baseball Chrome Silver Packs	T89C-36	Wade Boggs	Boston Red Sox,False
2024_topps_series1,2024,Topps,Series 1,1989 Topps Baseball Chrome Silver Packs,,T89C-37,Jeff Bagwell,Houston Astros,1989 Topps Baseball Chrome Silver Packs	T89C-37	Jeff Bagwell	Houston Astros,False
2024_topps_series1,2024,Topps,Series 1,1989 Topps Baseball Chrome Silver Packs,,T89C-38,Emmet Sheehan,Los Angeles Dodgers,1989 Topps Baseball Chrome Silver Packs	T89C-38	Emmet Sheehan	Los Angeles Dodgers,False
2024_topps_series1,2024,Topps,Series 1,1989 Topps Baseball Chrome Silver Packs,,T89C-39,Rafael Devers,Boston Red Sox,1989 Topps Baseball Chrome Silver Packs	T89C-39	Rafael Devers	Boston Red Sox,False
2024_topps_series1,2024,Topps,Series 1,1989 Topps Baseball Chrome Silver Packs,,T89C-40,Kris Bryant,Colorado Rockies,1989 Topps Baseball Chrome Silver Packs	T89C-40	Kris Bryant	Colorado Rockies,False
2024_topps_series1,2024,Topps,Series 1,1989 Topps Baseball Chrome Silver Packs,,T89C-41,Frank Thomas,Chicago White Sox,1989 Topps Baseball Chrome Silver Packs	T89C-41	Frank Thomas	Chicago White Sox,False
2024_topps_series1,2024,Topps,Series 1,1989 Topps Baseball Chrome Silver Packs,,T89C-42,Gavin Williams,Cleveland Guardians,1989 Topps Baseball Chrome Silver Packs	T89C-42	Gavin Williams	Cleveland Guardians,False
2024_topps_series1,2024,Topps,Series 1,1989 Topps Baseball Chrome Silver Packs,,T89C-43,Tyler Soderstrom,Oakland Athletics,1989 Topps Baseball Chrome Silver Packs	T89C-43	Tyler Soderstrom	Oakland Athletics,False
2024_topps_series1,2024,Topps,Series 1,1989 Topps Baseball Chrome Silver Packs,,T89C-44,Julio Rodríguez,Seattle Mariners,1989 Topps Baseball Chrome Silver Packs	T89C-44	Julio Rodríguez	Seattle Mariners,False
2024_topps_series1,2024,Topps,Series 1,1989 Topps Baseball Chrome Silver Packs,,T89C-45,Freddie Freeman,Los Angeles Dodgers,1989 Topps Baseball Chrome Silver Packs	T89C-45	Freddie Freeman	Los Angeles Dodgers,False
2024_topps_series1,2024,Topps,Series 1,1989 Topps Baseball Chrome Silver Packs,,T89C-46,Gerrit Cole,New York Yankees,1989 Topps Baseball Chrome Silver Packs	T89C-46	Gerrit Cole	New York Yankees,False
2024_topps_series1,2024,Topps,Series 1,1989 Topps Baseball Chrome Silver Packs,,T89C-47,Will Clark,San Francisco Giants,1989 Topps Baseball Chrome Silver Packs	T89C-47	Will Clark	San Francisco Giants,False
2024_topps_series1,2024,Topps,Series 1,1989 Topps Baseball Chrome Silver Packs,,T89C-48,Bryce Harper,Philadelphia Phillies,1989 Topps Baseball Chrome Silver Packs	T89C-48	Bryce Harper	Philadelphia Phillies,False
2024_topps_series1,2024,Topps,Series 1,1989 Topps Baseball Chrome Silver Packs,,T89C-49,Nolan Schanuel,Los Angeles Angels,1989 Topps Baseball Chrome Silver Packs	T89C-49	Nolan Schanuel	Los Angeles Angels,False
2024_topps_series1,2024,Topps,Series 1,1989 Topps Baseball Chrome Silver Packs,,T89C-50,Ryne Sandberg,Chicago Cubs,1989 Topps Baseball Chrome Silver Packs	T89C-50	Ryne Sandberg	Chicago Cubs,False
2024_topps_series1,2024,Topps,Series 1,1989 Topps Baseball Chrome Silver Packs,,T89C-51,Luis Robert Jr.,Chicago White Sox,1989 Topps Baseball Chrome Silver Packs	T89C-51	Luis Robert Jr.	Chicago White Sox,False
2024_topps_series1,2024,Topps,Series 1,1989 Topps Baseball Chrome Silver Packs,,T89C-52,Bo Jackson,Kansas City Royals,1989 Topps Baseball Chrome Silver Packs	T89C-52	Bo Jackson	Kansas City Royals,False
2024_topps_series1,2024,Topps,Series 1,1989 Topps Baseball Chrome Silver Packs,,T89C-53,Curtis Mead,Tampa Bay Rays,1989 Topps Baseball Chrome Silver Packs	T89C-53	Curtis Mead	Tampa Bay Rays,False
2024_topps_series1,2024,Topps,Series 1,1989 Topps Baseball Chrome Silver Packs,,T89C-54,Justin Verlander,Houston Astros,1989 Topps Baseball Chrome Silver Packs	T89C-54	Justin Verlander	Houston Astros,False
2024_topps_series1,2024,Topps,Series 1,1989 Topps Baseball Chrome Silver Packs,,T89C-55,Adolis García,Texas Rangers,1989 Topps Baseball Chrome Silver Packs	T89C-55	Adolis García	Texas Rangers,False
2024_topps_series1,2024,Topps,Series 1,1989 Topps Baseball Chrome Silver Packs,,T89C-56,Randy Arozarena,Tampa Bay Rays,1989 Topps Baseball Chrome Silver Packs	T89C-56	Randy Arozarena	Tampa Bay Rays,False
2024_topps_series1,2024,Topps,Series 1,1989 Topps Baseball Chrome Silver Packs,,T89C-57,Lawrence Butler,Oakland Athletics,1989 Topps Baseball Chrome Silver Packs	T89C-57	Lawrence Butler	Oakland Athletics,False
2024_topps_series1,2024,Topps,Series 1,1989 Topps Baseball Chrome Silver Packs,,T89C-58,Ichiro,Seattle Mariners,1989 Topps Baseball Chrome Silver Packs	T89C-58	Ichiro	Seattle Mariners,False
2024_topps_series1,2024,Topps,Series 1,1989 Topps Baseball Chrome Silver Packs,,T89C-59,Christopher Morel,Chicago Cubs,1989 Topps Baseball Chrome Silver Packs	T89C-59	Christopher Morel	Chicago Cubs,False
2024_topps_series1,2024,Topps,Series 1,1989 Topps Baseball Chrome Silver Packs,,T89C-60,Nolan Ryan,Houston Astros,1989 Topps Baseball Chrome Silver Packs	T89C-60	Nolan Ryan	Houston Astros,False
2024_topps_series1,2024,Topps,Series 1,1989 Topps Baseball Chrome Silver Packs,,T89C-61,Tony Gwynn,San Diego Padres,1989 Topps Baseball Chrome Silver Packs	T89C-61	Tony Gwynn	San Diego Padres,False
2024_topps_series1,2024,Topps,Series 1,1989 Topps Baseball Chrome Silver Packs,,T89C-62,Byron Buxton,Minnesota Twins,1989 Topps Baseball Chrome Silver Packs	T89C-62	Byron Buxton	Minnesota Twins,False
2024_topps_series1,2024,Topps,Series 1,1989 Topps Baseball Chrome Silver Packs,,T89C-63,Nolan Arenado,St. Louis Cardinals,1989 Topps Baseball Chrome Silver Packs	T89C-63	Nolan Arenado	St. Louis Cardinals,False
2024_topps_series1,2024,Topps,Series 1,1989 Topps Baseball Chrome Silver Packs,,T89C-64,Trea Turner,Philadelphia Phillies,1989 Topps Baseball Chrome Silver Packs	T89C-64	Trea Turner	Philadelphia Phillies,False
2024_topps_series1,2024,Topps,Series 1,1989 Topps Baseball Chrome Silver Packs,,T89C-65,Josh Jung,Texas Rangers,1989 Topps Baseball Chrome Silver Packs	T89C-65	Josh Jung	Texas Rangers,False
2024_topps_series1,2024,Topps,Series 1,1989 Topps Baseball Chrome Silver Packs,,T89C-66,AJ Smith-Shawver,Atlanta Braves,1989 Topps Baseball Chrome Silver Packs	T89C-66	AJ Smith-Shawver	Atlanta Braves,False
2024_topps_series1,2024,Topps,Series 1,1989 Topps Baseball Chrome Silver Packs,,T89C-67,Francisco Lindor,New York Mets,1989 Topps Baseball Chrome Silver Packs	T89C-67	Francisco Lindor	New York Mets,False
2024_topps_series1,2024,Topps,Series 1,1989 Topps Baseball Chrome Silver Packs,,T89C-68,Anthony Rizzo,New York Yankees,1989 Topps Baseball Chrome Silver Packs	T89C-68	Anthony Rizzo	New York Yankees,False
2024_topps_series1,2024,Topps,Series 1,1989 Topps Baseball Chrome Silver Packs,,T89C-69,Fernando Tatis Jr.,San Diego Padres,1989 Topps Baseball Chrome Silver Packs	T89C-69	Fernando Tatis Jr.	San Diego Padres,False
2024_topps_series1,2024,Topps,Series 1,1989 Topps Baseball Chrome Silver Packs,,T89C-70,Colton Cowser,Baltimore Orioles,1989 Topps Baseball Chrome Silver Packs	T89C-70	Colton Cowser	Baltimore Orioles,False
2024_topps_series1,2024,Topps,Series 1,1989 Topps Baseball Chrome Silver Packs,,T89C-71,Juan Soto,San Diego Padres,1989 Topps Baseball Chrome Silver Packs	T89C-71	Juan Soto	San Diego Padres,False
2024_topps_series1,2024,Topps,Series 1,1989 Topps Baseball Chrome Silver Packs,,T89C-72,Matt Olson,Atlanta Braves,1989 Topps Baseball Chrome Silver Packs	T89C-72	Matt Olson	Atlanta Braves,False
2024_topps_series1,2024,Topps,Series 1,1989 Topps Baseball Chrome Silver Packs,,T89C-73,Shohei Ohtani,Los Angeles Angels,1989 Topps Baseball Chrome Silver Packs	T89C-73	Shohei Ohtani	Los Angeles Angels,False
2024_topps_series1,2024,Topps,Series 1,1989 Topps Baseball Chrome Silver Packs,,T89C-74,Jose Altuve,Houston Astros,1989 Topps Baseball Chrome Silver Packs	T89C-74	Jose Altuve	Houston Astros,False
2024_topps_series1,2024,Topps,Series 1,1989 Topps Baseball Chrome Silver Packs,,T89C-75,Noelvi Marte,Cincinnati Reds,1989 Topps Baseball Chrome Silver Packs	T89C-75	Noelvi Marte	Cincinnati Reds,False
2024_topps_series1,2024,Topps,Series 1,1989 Topps Baseball Chrome Silver Packs,,T89C-76,Willie Mays,New York Giants,1989 Topps Baseball Chrome Silver Packs	T89C-76	Willie Mays	New York Giants,False
2024_topps_series1,2024,Topps,Series 1,1989 Topps Baseball Chrome Silver Packs,,T89C-77,Christian Yelich,Milwaukee Brewers,1989 Topps Baseball Chrome Silver Packs	T89C-77	Christian Yelich	Milwaukee Brewers,False
2024_topps_series1,2024,Topps,Series 1,1989 Topps Baseball Chrome Silver Packs,,T89C-78,Masyn Winn,St. Louis Cardinals,1989 Topps Baseball Chrome Silver Packs	T89C-78	Masyn Winn	St. Louis Cardinals,False
2024_topps_series1,2024,Topps,Series 1,1989 Topps Baseball Chrome Silver Packs,,T89C-79,Heston Kjerstad,Baltimore Orioles,1989 Topps Baseball Chrome Silver Packs	T89C-79	Heston Kjerstad	Baltimore Orioles,False
2024_topps_series1,2024,Topps,Series 1,1989 Topps Baseball Chrome Silver Packs,,T89C-80,Kyle Harrison,San Francisco Giants,1989 Topps Baseball Chrome Silver Packs	T89C-80	Kyle Harrison	San Francisco Giants,False
2024_topps_series1,2024,Topps,Series 1,1989 Topps Baseball Chrome Silver Packs,,T89C-81,Andrew McCutchen,Pittsburgh Pirates,1989 Topps Baseball Chrome Silver Packs	T89C-81	Andrew McCutchen	Pittsburgh Pirates,False
2024_topps_series1,2024,Topps,Series 1,1989 Topps Baseball Chrome Silver Packs,,T89C-82,Joey Votto,Cincinnati Reds,1989 Topps Baseball Chrome Silver Packs	T89C-82	Joey Votto	Cincinnati Reds,False
2024_topps_series1,2024,Topps,Series 1,1989 Topps Baseball Chrome Silver Packs,,T89C-83,Elly De La Cruz,Cincinnati Reds,1989 Topps Baseball Chrome Silver Packs	T89C-83	Elly De La Cruz	Cincinnati Reds,False
2024_topps_series1,2024,Topps,Series 1,1989 Topps Baseball Chrome Silver Packs,,T89C-84,Yordan Alvarez,Houston Astros,1989 Topps Baseball Chrome Silver Packs	T89C-84	Yordan Alvarez	Houston Astros,False
2024_topps_series1,2024,Topps,Series 1,1989 Topps Baseball Chrome Silver Packs,,T89C-85,Bobby Witt Jr.,Kansas City Royals,1989 Topps Baseball Chrome Silver Packs	T89C-85	Bobby Witt Jr.	Kansas City Royals,False
2024_topps_series1,2024,Topps,Series 1,1989 Topps Baseball Chrome Silver Packs,,T89C-86,Pete Crow-Armstrong,Chicago Cubs,1989 Topps Baseball Chrome Silver Packs	T89C-86	Pete Crow-Armstrong	Chicago Cubs,False
2024_topps_series1,2024,Topps,Series 1,1989 Topps Baseball Chrome Silver Packs,,T89C-87,Albert Pujols,St. Louis Cardinals,1989 Topps Baseball Chrome Silver Packs	T89C-87	Albert Pujols	St. Louis Cardinals,False
2024_topps_series1,2024,Topps,Series 1,1989 Topps Baseball Chrome Silver Packs,,T89C-88,Christian Encarnacion-Stra,Cincinnati Reds,1989 Topps Baseball Chrome Silver Packs	T89C-88	Christian Encarnacion-Stra	Cincinnati Reds,False
2024_topps_series1,2024,Topps,Series 1,1989 Topps Baseball Chrome Silver Packs,,T89C-89,Paul Goldschmidt,St. Louis Cardinals,1989 Topps Baseball Chrome Silver Packs	T89C-89	Paul Goldschmidt	St. Louis Cardinals,False
2024_topps_series1,2024,Topps,Series 1,1989 Topps Baseball Chrome Silver Packs,,T89C-90,Jordan Westburg,Baltimore Orioles,1989 Topps Baseball Chrome Silver Packs	T89C-90	Jordan Westburg	Baltimore Orioles,False
2024_topps_series1,2024,Topps,Series 1,1989 Topps Baseball Chrome Silver Packs,,T89C-91,Masataka Yoshida,Boston Red Sox,1989 Topps Baseball Chrome Silver Packs	T89C-91	Masataka Yoshida	Boston Red Sox,False
2024_topps_series1,2024,Topps,Series 1,1989 Topps Baseball Chrome Silver Packs,,T89C-92,Jazz Chisholm Jr.,Miami Marlins,1989 Topps Baseball Chrome Silver Packs	T89C-92	Jazz Chisholm Jr.	Miami Marlins,False
2024_topps_series1,2024,Topps,Series 1,1989 Topps Baseball Chrome Silver Packs,,T89C-93,Chipper Jones,Atlanta Braves,1989 Topps Baseball Chrome Silver Packs	T89C-93	Chipper Jones	Atlanta Braves,False
2024_topps_series1,2024,Topps,Series 1,1989 Topps Baseball Chrome Silver Packs,,T89C-94,Henry Davis,Pittsburgh Pirates,1989 Topps Baseball Chrome Silver Packs	T89C-94	Henry Davis	Pittsburgh Pirates,False
2024_topps_series1,2024,Topps,Series 1,1989 Topps Baseball Chrome Silver Packs,,T89C-95,Bryan Woo,Seattle Mariners,1989 Topps Baseball Chrome Silver Packs	T89C-95	Bryan Woo	Seattle Mariners,False
2024_topps_series1,2024,Topps,Series 1,1989 Topps Baseball Chrome Silver Packs,,T89C-96,Mookie Betts,Los Angeles Dodgers,1989 Topps Baseball Chrome Silver Packs	T89C-96	Mookie Betts	Los Angeles Dodgers,False
2024_topps_series1,2024,Topps,Series 1,1989 Topps Baseball Chrome Silver Packs,,T89C-97,Mike Schmidt,Philadelphia Phillies,1989 Topps Baseball Chrome Silver Packs	T89C-97	Mike Schmidt	Philadelphia Phillies,False
2024_topps_series1,2024,Topps,Series 1,1989 Topps Baseball Chrome Silver Packs,,T89C-98,Miguel Cabrera,Detroit Tigers,1989 Topps Baseball Chrome Silver Packs	T89C-98	Miguel Cabrera	Detroit Tigers,False
2024_topps_series1,2024,Topps,Series 1,1989 Topps Baseball Chrome Silver Packs,,T89C-99,Mark McGwire,Oakland Athletics,1989 Topps Baseball Chrome Silver Packs	T89C-99	Mark McGwire	Oakland Athletics,False
2024_topps_series1,2024,Topps,Series 1,1989 Topps Baseball Chrome Silver Packs,,T89C-100,Jordan Lawlar,Arizona Diamondbacks,1989 Topps Baseball Chrome Silver Packs	T89C-100	Jordan Lawlar	Arizona Diamondbacks,False
2024_topps_series1,2024,Topps,Series 1,1989 Topps Baseball Chrome Silver Packs Autographs,,T89C-1,Zack Gelof,Oakland Athletics,1989 Topps Baseball Chrome Silver Packs Autographs	T89C-1	Zack Gelof	Oakland Athletics,False
2024_topps_series1,2024,Topps,Series 1,1989 Topps Baseball Chrome Silver Packs Autographs,,T89C-2,Aaron Judge,New York Yankees,1989 Topps Baseball Chrome Silver Packs Autographs	T89C-2	Aaron Judge	New York Yankees,False
2024_topps_series1,2024,Topps,Series 1,1989 Topps Baseball Chrome Silver Packs Autographs,,T89C-3,Ronny Mauricio,New York Mets,1989 Topps Baseball Chrome Silver Packs Autographs	T89C-3	Ronny Mauricio	New York Mets,False
2024_topps_series1,2024,Topps,Series 1,1989 Topps Baseball Chrome Silver Packs Autographs,,T89C-4,Robin Yount,Milwaukee Brewers,1989 Topps Baseball Chrome Silver Packs Autographs	T89C-4	Robin Yount	Milwaukee Brewers,False
2024_topps_series1,2024,Topps,Series 1,1989 Topps Baseball Chrome Silver Packs Autographs,,T89C-7,Don Mattingly,New York Yankees,1989 Topps Baseball Chrome Silver Packs Autographs	T89C-7	Don Mattingly	New York Yankees,False
2024_topps_series1,2024,Topps,Series 1,1989 Topps Baseball Chrome Silver Packs Autographs,,T89C-8,Andrew Abbott,Cincinnati Reds,1989 Topps Baseball Chrome Silver Packs Autographs	T89C-8	Andrew Abbott	Cincinnati Reds,False
2024_topps_series1,2024,Topps,Series 1,1989 Topps Baseball Chrome Silver Packs Autographs,,T89C-9,Corey Seager,Texas Rangers,1989 Topps Baseball Chrome Silver Packs Autographs	T89C-9	Corey Seager	Texas Rangers,False
2024_topps_series1,2024,Topps,Series 1,1989 Topps Baseball Chrome Silver Packs Autographs,,T89C-10,Barry Larkin,Cincinnati Reds,1989 Topps Baseball Chrome Silver Packs Autographs	T89C-10	Barry Larkin	Cincinnati Reds,False
2024_topps_series1,2024,Topps,Series 1,1989 Topps Baseball Chrome Silver Packs Autographs,,T89C-13,Owen White,Texas Rangers,1989 Topps Baseball Chrome Silver Packs Autographs	T89C-13	Owen White	Texas Rangers,False
2024_topps_series1,2024,Topps,Series 1,1989 Topps Baseball Chrome Silver Packs Autographs,,T89C-14,Davis Schneider,Toronto Blue Jays,1989 Topps Baseball Chrome Silver Packs Autographs	T89C-14	Davis Schneider	Toronto Blue Jays,False
2024_topps_series1,2024,Topps,Series 1,1989 Topps Baseball Chrome Silver Packs Autographs,,T89C-16,Sal Frelick,Milwaukee Brewers,1989 Topps Baseball Chrome Silver Packs Autographs	T89C-16	Sal Frelick	Milwaukee Brewers,False
2024_topps_series1,2024,Topps,Series 1,1989 Topps Baseball Chrome Silver Packs Autographs,,T89C-17,Mike Trout,Los Angeles Angels,1989 Topps Baseball Chrome Silver Packs Autographs	T89C-17	Mike Trout	Los Angeles Angels,False
2024_topps_series1,2024,Topps,Series 1,1989 Topps Baseball Chrome Silver Packs Autographs,,T89C-18,Sonny Gray,Minnesota Twins,1989 Topps Baseball Chrome Silver Packs Autographs	T89C-18	Sonny Gray	Minnesota Twins,False
2024_topps_series1,2024,Topps,Series 1,1989 Topps Baseball Chrome Silver Packs Autographs,,T89C-20,Ceddanne Rafaela,Boston Red Sox,1989 Topps Baseball Chrome Silver Packs Autographs	T89C-20	Ceddanne Rafaela	Boston Red Sox,False
2024_topps_series1,2024,Topps,Series 1,1989 Topps Baseball Chrome Silver Packs Autographs,,T89C-21,Evan Carter,Texas Rangers,1989 Topps Baseball Chrome Silver Packs Autographs	T89C-21	Evan Carter	Texas Rangers,False
2024_topps_series1,2024,Topps,Series 1,1989 Topps Baseball Chrome Silver Packs Autographs,,T89C-22,Vladimir Guerrero,Montréal Expos,1989 Topps Baseball Chrome Silver Packs Autographs	T89C-22	Vladimir Guerrero	Montréal Expos,False
2024_topps_series1,2024,Topps,Series 1,1989 Topps Baseball Chrome Silver Packs Autographs,,T89C-24,Vladimir Guerrero Jr.,Toronto Blue Jays,1989 Topps Baseball Chrome Silver Packs Autographs	T89C-24	Vladimir Guerrero Jr.	Toronto Blue Jays,False
2024_topps_series1,2024,Topps,Series 1,1989 Topps Baseball Chrome Silver Packs Autographs,,T89C-25,Everson Pereira,New York Yankees,1989 Topps Baseball Chrome Silver Packs Autographs	T89C-25	Everson Pereira	New York Yankees,False
2024_topps_series1,2024,Topps,Series 1,1989 Topps Baseball Chrome Silver Packs Autographs,,T89C-26,Corbin Carroll,Arizona Diamondbacks,1989 Topps Baseball Chrome Silver Packs Autographs	T89C-26	Corbin Carroll	Arizona Diamondbacks,False
2024_topps_series1,2024,Topps,Series 1,1989 Topps Baseball Chrome Silver Packs Autographs,,T89C-27,Pete Alonso,New York Mets,1989 Topps Baseball Chrome Silver Packs Autographs	T89C-27	Pete Alonso	New York Mets,False
2024_topps_series1,2024,Topps,Series 1,1989 Topps Baseball Chrome Silver Packs Autographs,,T89C-28,Ronald Acuña Jr.,Atlanta Braves,1989 Topps Baseball Chrome Silver Packs Autographs	T89C-28	Ronald Acuña Jr.	Atlanta Braves,False
2024_topps_series1,2024,Topps,Series 1,1989 Topps Baseball Chrome Silver Packs Autographs,,T89C-30,Luis Matos,San Francisco Giants,1989 Topps Baseball Chrome Silver Packs Autographs	T89C-30	Luis Matos	San Francisco Giants,False
2024_topps_series1,2024,Topps,Series 1,1989 Topps Baseball Chrome Silver Packs Autographs,,T89C-32,George Brett,Kansas City Royals,1989 Topps Baseball Chrome Silver Packs Autographs	T89C-32	George Brett	Kansas City Royals,False
2024_topps_series1,2024,Topps,Series 1,1989 Topps Baseball Chrome Silver Packs Autographs,,T89C-33,Jasson Domínguez,New York Yankees,1989 Topps Baseball Chrome Silver Packs Autographs	T89C-33	Jasson Domínguez	New York Yankees,False
2024_topps_series1,2024,Topps,Series 1,1989 Topps Baseball Chrome Silver Packs Autographs,,T89C-34,Junior Caminero,Tampa Bay Rays,1989 Topps Baseball Chrome Silver Packs Autographs	T89C-34	Junior Caminero	Tampa Bay Rays,False
2024_topps_series1,2024,Topps,Series 1,1989 Topps Baseball Chrome Silver Packs Autographs,,T89C-35,José Ramírez,Cleveland Guardians,1989 Topps Baseball Chrome Silver Packs Autographs	T89C-35	José Ramírez	Cleveland Guardians,False
2024_topps_series1,2024,Topps,Series 1,1989 Topps Baseball Chrome Silver Packs Autographs,,T89C-36,Wade Boggs,Boston Red Sox,1989 Topps Baseball Chrome Silver Packs Autographs	T89C-36	Wade Boggs	Boston Red Sox,False
2024_topps_series1,2024,Topps,Series 1,1989 Topps Baseball Chrome Silver Packs Autographs,,T89C-37,Jeff Bagwell,Houston Astros,1989 Topps Baseball Chrome Silver Packs Autographs	T89C-37	Jeff Bagwell	Houston Astros,False
2024_topps_series1,2024,Topps,Series 1,1989 Topps Baseball Chrome Silver Packs Autographs,,T89C-39,Rafael Devers,Boston Red Sox,1989 Topps Baseball Chrome Silver Packs Autographs	T89C-39	Rafael Devers	Boston Red Sox,False
2024_topps_series1,2024,Topps,Series 1,1989 Topps Baseball Chrome Silver Packs Autographs,,T89C-40,Kris Bryant,Colorado Rockies,1989 Topps Baseball Chrome Silver Packs Autographs	T89C-40	Kris Bryant	Colorado Rockies,False
2024_topps_series1,2024,Topps,Series 1,1989 Topps Baseball Chrome Silver Packs Autographs,,T89C-41,Frank Thomas,Chicago White Sox,1989 Topps Baseball Chrome Silver Packs Autographs	T89C-41	Frank Thomas	Chicago White Sox,False
2024_topps_series1,2024,Topps,Series 1,1989 Topps Baseball Chrome Silver Packs Autographs,,T89C-42,Gavin Williams,Cleveland Guardians,1989 Topps Baseball Chrome Silver Packs Autographs	T89C-42	Gavin Williams	Cleveland Guardians,False
2024_topps_series1,2024,Topps,Series 1,1989 Topps Baseball Chrome Silver Packs Autographs,,T89C-43,Tyler Soderstrom,Oakland Athletics,1989 Topps Baseball Chrome Silver Packs Autographs	T89C-43	Tyler Soderstrom	Oakland Athletics,False
2024_topps_series1,2024,Topps,Series 1,1989 Topps Baseball Chrome Silver Packs Autographs,,T89C-44,Julio Rodríguez,Seattle Mariners,1989 Topps Baseball Chrome Silver Packs Autographs	T89C-44	Julio Rodríguez	Seattle Mariners,False
2024_topps_series1,2024,Topps,Series 1,1989 Topps Baseball Chrome Silver Packs Autographs,,T89C-46,Gerrit Cole,New York Yankees,1989 Topps Baseball Chrome Silver Packs Autographs	T89C-46	Gerrit Cole	New York Yankees,False
2024_topps_series1,2024,Topps,Series 1,1989 Topps Baseball Chrome Silver Packs Autographs,,T89C-47,Will Clark,San Francisco Giants,1989 Topps Baseball Chrome Silver Packs Autographs	T89C-47	Will Clark	San Francisco Giants,False
2024_topps_series1,2024,Topps,Series 1,1989 Topps Baseball Chrome Silver Packs Autographs,,T89C-48,Bryce Harper,Philadelphia Phillies,1989 Topps Baseball Chrome Silver Packs Autographs	T89C-48	Bryce Harper	Philadelphia Phillies,False
2024_topps_series1,2024,Topps,Series 1,1989 Topps Baseball Chrome Silver Packs Autographs,,T89C-49,Nolan Schanuel,Los Angeles Angels,1989 Topps Baseball Chrome Silver Packs Autographs	T89C-49	Nolan Schanuel	Los Angeles Angels,False
2024_topps_series1,2024,Topps,Series 1,1989 Topps Baseball Chrome Silver Packs Autographs,,T89C-50,Ryne Sandberg,Chicago Cubs,1989 Topps Baseball Chrome Silver Packs Autographs	T89C-50	Ryne Sandberg	Chicago Cubs,False
2024_topps_series1,2024,Topps,Series 1,1989 Topps Baseball Chrome Silver Packs Autographs,,T89C-52,Bo Jackson,Kansas City Royals,1989 Topps Baseball Chrome Silver Packs Autographs	T89C-52	Bo Jackson	Kansas City Royals,False
2024_topps_series1,2024,Topps,Series 1,1989 Topps Baseball Chrome Silver Packs Autographs,,T89C-53,Curtis Mead,Tampa Bay Rays,1989 Topps Baseball Chrome Silver Packs Autographs	T89C-53	Curtis Mead	Tampa Bay Rays,False
2024_topps_series1,2024,Topps,Series 1,1989 Topps Baseball Chrome Silver Packs Autographs,,T89C-55,Adolis García,Texas Rangers,1989 Topps Baseball Chrome Silver Packs Autographs	T89C-55	Adolis García	Texas Rangers,False
2024_topps_series1,2024,Topps,Series 1,1989 Topps Baseball Chrome Silver Packs Autographs,,T89C-56,Randy Arozarena,Tampa Bay Rays,1989 Topps Baseball Chrome Silver Packs Autographs	T89C-56	Randy Arozarena	Tampa Bay Rays,False
2024_topps_series1,2024,Topps,Series 1,1989 Topps Baseball Chrome Silver Packs Autographs,,T89C-58,Ichiro,Seattle Mariners,1989 Topps Baseball Chrome Silver Packs Autographs	T89C-58	Ichiro	Seattle Mariners,False
2024_topps_series1,2024,Topps,Series 1,1989 Topps Baseball Chrome Silver Packs Autographs,,T89C-59,Christopher Morel,Chicago Cubs,1989 Topps Baseball Chrome Silver Packs Autographs	T89C-59	Christopher Morel	Chicago Cubs,False
2024_topps_series1,2024,Topps,Series 1,1989 Topps Baseball Chrome Silver Packs Autographs,,T89C-60,Nolan Ryan,Houston Astros,1989 Topps Baseball Chrome Silver Packs Autographs	T89C-60	Nolan Ryan	Houston Astros,False
2024_topps_series1,2024,Topps,Series 1,1989 Topps Baseball Chrome Silver Packs Autographs,,T89C-62,Byron Buxton,Minnesota Twins,1989 Topps Baseball Chrome Silver Packs Autographs	T89C-62	Byron Buxton	Minnesota Twins,False
2024_topps_series1,2024,Topps,Series 1,1989 Topps Baseball Chrome Silver Packs Autographs,,T89C-64,Trea Turner,Philadelphia Phillies,1989 Topps Baseball Chrome Silver Packs Autographs	T89C-64	Trea Turner	Philadelphia Phillies,False
2024_topps_series1,2024,Topps,Series 1,1989 Topps Baseball Chrome Silver Packs Autographs,,T89C-65,Josh Jung,Texas Rangers,1989 Topps Baseball Chrome Silver Packs Autographs	T89C-65	Josh Jung	Texas Rangers,False
2024_topps_series1,2024,Topps,Series 1,1989 Topps Baseball Chrome Silver Packs Autographs,,T89C-66,AJ Smith-Shawver,Atlanta Braves,1989 Topps Baseball Chrome Silver Packs Autographs	T89C-66	AJ Smith-Shawver	Atlanta Braves,False
2024_topps_series1,2024,Topps,Series 1,1989 Topps Baseball Chrome Silver Packs Autographs,,T89C-68,Anthony Rizzo,New York Yankees,1989 Topps Baseball Chrome Silver Packs Autographs	T89C-68	Anthony Rizzo	New York Yankees,False
2024_topps_series1,2024,Topps,Series 1,1989 Topps Baseball Chrome Silver Packs Autographs,,T89C-69,Fernando Tatis Jr.,San Diego Padres,1989 Topps Baseball Chrome Silver Packs Autographs	T89C-69	Fernando Tatis Jr.	San Diego Padres,False
2024_topps_series1,2024,Topps,Series 1,1989 Topps Baseball Chrome Silver Packs Autographs,,T89C-70,Colton Cowser,Baltimore Orioles,1989 Topps Baseball Chrome Silver Packs Autographs	T89C-70	Colton Cowser	Baltimore Orioles,False
2024_topps_series1,2024,Topps,Series 1,1989 Topps Baseball Chrome Silver Packs Autographs,,T89C-71,Juan Soto,San Diego Padres,1989 Topps Baseball Chrome Silver Packs Autographs	T89C-71	Juan Soto	San Diego Padres,False
2024_topps_series1,2024,Topps,Series 1,1989 Topps Baseball Chrome Silver Packs Autographs,,T89C-72,Matt Olson,Atlanta Braves,1989 Topps Baseball Chrome Silver Packs Autographs	T89C-72	Matt Olson	Atlanta Braves,False
2024_topps_series1,2024,Topps,Series 1,1989 Topps Baseball Chrome Silver Packs Autographs,,T89C-73,Shohei Ohtani,Los Angeles Angels,1989 Topps Baseball Chrome Silver Packs Autographs	T89C-73	Shohei Ohtani	Los Angeles Angels,False
2024_topps_series1,2024,Topps,Series 1,1989 Topps Baseball Chrome Silver Packs Autographs,,T89C-74,Jose Altuve,Houston Astros,1989 Topps Baseball Chrome Silver Packs Autographs	T89C-74	Jose Altuve	Houston Astros,False
2024_topps_series1,2024,Topps,Series 1,1989 Topps Baseball Chrome Silver Packs Autographs,,T89C-75,Noelvi Marte,Cincinnati Reds,1989 Topps Baseball Chrome Silver Packs Autographs	T89C-75	Noelvi Marte	Cincinnati Reds,False
2024_topps_series1,2024,Topps,Series 1,1989 Topps Baseball Chrome Silver Packs Autographs,,T89C-77,Christian Yelich,Milwaukee Brewers,1989 Topps Baseball Chrome Silver Packs Autographs	T89C-77	Christian Yelich	Milwaukee Brewers,False
2024_topps_series1,2024,Topps,Series 1,1989 Topps Baseball Chrome Silver Packs Autographs,,T89C-79,Heston Kjerstad,Baltimore Orioles,1989 Topps Baseball Chrome Silver Packs Autographs	T89C-79	Heston Kjerstad	Baltimore Orioles,False
2024_topps_series1,2024,Topps,Series 1,1989 Topps Baseball Chrome Silver Packs Autographs,,T89C-80,Kyle Harrison,San Francisco Giants,1989 Topps Baseball Chrome Silver Packs Autographs	T89C-80	Kyle Harrison	San Francisco Giants,False
2024_topps_series1,2024,Topps,Series 1,1989 Topps Baseball Chrome Silver Packs Autographs,,T89C-82,Joey Votto,Cincinnati Reds,1989 Topps Baseball Chrome Silver Packs Autographs	T89C-82	Joey Votto	Cincinnati Reds,False
2024_topps_series1,2024,Topps,Series 1,1989 Topps Baseball Chrome Silver Packs Autographs,,T89C-83,Elly De La Cruz,Cincinnati Reds,1989 Topps Baseball Chrome Silver Packs Autographs	T89C-83	Elly De La Cruz	Cincinnati Reds,False
2024_topps_series1,2024,Topps,Series 1,1989 Topps Baseball Chrome Silver Packs Autographs,,T89C-84,Yordan Alvarez,Houston Astros,1989 Topps Baseball Chrome Silver Packs Autographs	T89C-84	Yordan Alvarez	Houston Astros,False
2024_topps_series1,2024,Topps,Series 1,1989 Topps Baseball Chrome Silver Packs Autographs,,T89C-85,Bobby Witt Jr.,Kansas City Royals,1989 Topps Baseball Chrome Silver Packs Autographs	T89C-85	Bobby Witt Jr.	Kansas City Royals,False
2024_topps_series1,2024,Topps,Series 1,1989 Topps Baseball Chrome Silver Packs Autographs,,T89C-86,Pete Crow-Armstrong,Chicago Cubs,1989 Topps Baseball Chrome Silver Packs Autographs	T89C-86	Pete Crow-Armstrong	Chicago Cubs,False
2024_topps_series1,2024,Topps,Series 1,1989 Topps Baseball Chrome Silver Packs Autographs,,T89C-87,Albert Pujols,St. Louis Cardinals,1989 Topps Baseball Chrome Silver Packs Autographs	T89C-87	Albert Pujols	St. Louis Cardinals,False
2024_topps_series1,2024,Topps,Series 1,1989 Topps Baseball Chrome Silver Packs Autographs,,T89C-88,Christian Encarnacion-Stra,Cincinnati Reds,1989 Topps Baseball Chrome Silver Packs Autographs	T89C-88	Christian Encarnacion-Stra	Cincinnati Reds,False
2024_topps_series1,2024,Topps,Series 1,1989 Topps Baseball Chrome Silver Packs Autographs,,T89C-89,Paul Goldschmidt,St. Louis Cardinals,1989 Topps Baseball Chrome Silver Packs Autographs	T89C-89	Paul Goldschmidt	St. Louis Cardinals,False
2024_topps_series1,2024,Topps,Series 1,1989 Topps Baseball Chrome Silver Packs Autographs,,T89C-90,Jordan Westburg,Baltimore Orioles,1989 Topps Baseball Chrome Silver Packs Autographs	T89C-90	Jordan Westburg	Baltimore Orioles,False
2024_topps_series1,2024,Topps,Series 1,1989 Topps Baseball Chrome Silver Packs Autographs,,T89C-91,Masataka Yoshida,Boston Red Sox,1989 Topps Baseball Chrome Silver Packs Autographs	T89C-91	Masataka Yoshida	Boston Red Sox,False
2024_topps_series1,2024,Topps,Series 1,1989 Topps Baseball Chrome Silver Packs Autographs,,T89C-92,Jazz Chisholm Jr.,Miami Marlins,1989 Topps Baseball Chrome Silver Packs Autographs	T89C-92	Jazz Chisholm Jr.	Miami Marlins,False
2024_topps_series1,2024,Topps,Series 1,1989 Topps Baseball Chrome Silver Packs Autographs,,T89C-93,Chipper Jones,Atlanta Braves,1989 Topps Baseball Chrome Silver Packs Autographs	T89C-93	Chipper Jones	Atlanta Braves,False
2024_topps_series1,2024,Topps,Series 1,1989 Topps Baseball Chrome Silver Packs Autographs,,T89C-94,Henry Davis,Pittsburgh Pirates,1989 Topps Baseball Chrome Silver Packs Autographs	T89C-94	Henry Davis	Pittsburgh Pirates,False
2024_topps_series1,2024,Topps,Series 1,1989 Topps Baseball Chrome Silver Packs Autographs,,T89C-95,Bryan Woo,Seattle Mariners,1989 Topps Baseball Chrome Silver Packs Autographs	T89C-95	Bryan Woo	Seattle Mariners,False
2024_topps_series1,2024,Topps,Series 1,1989 Topps Baseball Chrome Silver Packs Autographs,,T89C-97,Mike Schmidt,Philadelphia Phillies,1989 Topps Baseball Chrome Silver Packs Autographs	T89C-97	Mike Schmidt	Philadelphia Phillies,False
2024_topps_series1,2024,Topps,Series 1,1989 Topps Baseball Chrome Silver Packs Autographs,,T89C-99,Mark McGwire,Oakland Athletics,1989 Topps Baseball Chrome Silver Packs Autographs	T89C-99	Mark McGwire	Oakland Athletics,False
2024_topps_series1,2024,Topps,Series 1,1989 Topps Baseball Chrome Silver Packs Autographs,,T89C-100,Jordan Lawlar,Arizona Diamondbacks,1989 Topps Baseball Chrome Silver Packs Autographs	T89C-100	Jordan Lawlar	Arizona Diamondbacks,False
2024_topps_series1,2024,Topps,Series 1,1989 Topps Baseball Foil Mega Box,,89B-1,Jordan Lawlar,Arizona Diamondbacks,1989 Topps Baseball Foil Mega Box	89B-1	Jordan Lawlar	Arizona Diamondbacks,False
2024_topps_series1,2024,Topps,Series 1,1989 Topps Baseball Foil Mega Box,,89B-2,Manny Machado,San Diego Padres,1989 Topps Baseball Foil Mega Box	89B-2	Manny Machado	San Diego Padres,False
2024_topps_series1,2024,Topps,Series 1,1989 Topps Baseball Foil Mega Box,,89B-3,Jose Canseco,Oakland Athletics,1989 Topps Baseball Foil Mega Box	89B-3	Jose Canseco	Oakland Athletics,False
2024_topps_series1,2024,Topps,Series 1,1989 Topps Baseball Foil Mega Box,,89B-4,Juan Soto,San Diego Padres,1989 Topps Baseball Foil Mega Box	89B-4	Juan Soto	San Diego Padres,False
2024_topps_series1,2024,Topps,Series 1,1989 Topps Baseball Foil Mega Box,,89B-5,Jazz Chisholm Jr.,Miami Marlins,1989 Topps Baseball Foil Mega Box	89B-5	Jazz Chisholm Jr.	Miami Marlins,False
2024_topps_series1,2024,Topps,Series 1,1989 Topps Baseball Foil Mega Box,,89B-6,Luis Robert Jr.,Chicago White Sox,1989 Topps Baseball Foil Mega Box	89B-6	Luis Robert Jr.	Chicago White Sox,False
2024_topps_series1,2024,Topps,Series 1,1989 Topps Baseball Foil Mega Box,,89B-7,Albert Pujols,St. Louis Cardinals,1989 Topps Baseball Foil Mega Box	89B-7	Albert Pujols	St. Louis Cardinals,False
2024_topps_series1,2024,Topps,Series 1,1989 Topps Baseball Foil Mega Box,,89B-8,Gavin Williams,Cleveland Guardians,1989 Topps Baseball Foil Mega Box	89B-8	Gavin Williams	Cleveland Guardians,False
2024_topps_series1,2024,Topps,Series 1,1989 Topps Baseball Foil Mega Box,,89B-9,Sal Frelick,Milwaukee Brewers,1989 Topps Baseball Foil Mega Box	89B-9	Sal Frelick	Milwaukee Brewers,False
2024_topps_series1,2024,Topps,Series 1,1989 Topps Baseball Foil Mega Box,,89B-10,Fernando Tatis Jr.,San Diego Padres,1989 Topps Baseball Foil Mega Box	89B-10	Fernando Tatis Jr.	San Diego Padres,False
2024_topps_series1,2024,Topps,Series 1,1989 Topps Baseball Foil Mega Box,,89B-11,Marco Luciano,San Francisco Giants,1989 Topps Baseball Foil Mega Box	89B-11	Marco Luciano	San Francisco Giants,False
2024_topps_series1,2024,Topps,Series 1,1989 Topps Baseball Foil Mega Box,,89B-12,Colton Cowser,Baltimore Orioles,1989 Topps Baseball Foil Mega Box	89B-12	Colton Cowser	Baltimore Orioles,False
2024_topps_series1,2024,Topps,Series 1,1989 Topps Baseball Foil Mega Box,,89B-13,Bo Jackson,Kansas City Royals,1989 Topps Baseball Foil Mega Box	89B-13	Bo Jackson	Kansas City Royals,False
2024_topps_series1,2024,Topps,Series 1,1989 Topps Baseball Foil Mega Box,,89B-14,Masataka Yoshida,Boston Red Sox,1989 Topps Baseball Foil Mega Box	89B-14	Masataka Yoshida	Boston Red Sox,False
2024_topps_series1,2024,Topps,Series 1,1989 Topps Baseball Foil Mega Box,,89B-15,Randy Arozarena,Tampa Bay Rays,1989 Topps Baseball Foil Mega Box	89B-15	Randy Arozarena	Tampa Bay Rays,False
2024_topps_series1,2024,Topps,Series 1,1989 Topps Baseball Foil Mega Box,,89B-16,Shohei Ohtani,Los Angeles Angels,1989 Topps Baseball Foil Mega Box	89B-16	Shohei Ohtani	Los Angeles Angels,False
2024_topps_series1,2024,Topps,Series 1,1989 Topps Baseball Foil Mega Box,,89B-17,Ronald Acuña Jr.,Atlanta Braves,1989 Topps Baseball Foil Mega Box	89B-17	Ronald Acuña Jr.	Atlanta Braves,False
2024_topps_series1,2024,Topps,Series 1,1989 Topps Baseball Foil Mega Box,,89B-18,Paul Goldschmidt,St. Louis Cardinals,1989 Topps Baseball Foil Mega Box	89B-18	Paul Goldschmidt	St. Louis Cardinals,False
2024_topps_series1,2024,Topps,Series 1,1989 Topps Baseball Foil Mega Box,,89B-19,Adley Rutschman,Baltimore Orioles,1989 Topps Baseball Foil Mega Box	89B-19	Adley Rutschman	Baltimore Orioles,False
2024_topps_series1,2024,Topps,Series 1,1989 Topps Baseball Foil Mega Box,,89B-20,Luis Arraez,Miami Marlins,1989 Topps Baseball Foil Mega Box	89B-20	Luis Arraez	Miami Marlins,False
2024_topps_series1,2024,Topps,Series 1,1989 Topps Baseball Foil Mega Box,,89B-21,Bo Bichette,Toronto Blue Jays,1989 Topps Baseball Foil Mega Box	89B-21	Bo Bichette	Toronto Blue Jays,False
2024_topps_series1,2024,Topps,Series 1,1989 Topps Baseball Foil Mega Box,,89B-22,Francisco Lindor,New York Mets,1989 Topps Baseball Foil Mega Box	89B-22	Francisco Lindor	New York Mets,False
2024_topps_series1,2024,Topps,Series 1,1989 Topps Baseball Foil Mega Box,,89B-23,Bryce Harper,Philadelphia Phillies,1989 Topps Baseball Foil Mega Box	89B-23	Bryce Harper	Philadelphia Phillies,False
2024_topps_series1,2024,Topps,Series 1,1989 Topps Baseball Foil Mega Box,,89B-24,Luis Matos,San Francisco Giants,1989 Topps Baseball Foil Mega Box	89B-24	Luis Matos	San Francisco Giants,False
2024_topps_series1,2024,Topps,Series 1,1989 Topps Baseball Foil Mega Box,,89B-25,Ken Griffey Jr.,Seattle Mariners,1989 Topps Baseball Foil Mega Box	89B-25	Ken Griffey Jr.	Seattle Mariners,False
2024_topps_series1,2024,Topps,Series 1,1989 Topps Baseball Foil Mega Box,,89B-26,Justin Verlander,Houston Astros,1989 Topps Baseball Foil Mega Box	89B-26	Justin Verlander	Houston Astros,False
2024_topps_series1,2024,Topps,Series 1,1989 Topps Baseball Foil Mega Box,,89B-27,Jose Altuve,Houston Astros,1989 Topps Baseball Foil Mega Box	89B-27	Jose Altuve	Houston Astros,False
2024_topps_series1,2024,Topps,Series 1,1989 Topps Baseball Foil Mega Box,,89B-28,Henry Davis,Pittsburgh Pirates,1989 Topps Baseball Foil Mega Box	89B-28	Henry Davis	Pittsburgh Pirates,False
2024_topps_series1,2024,Topps,Series 1,1989 Topps Baseball Foil Mega Box,,89B-29,Freddie Freeman,Los Angeles Dodgers,1989 Topps Baseball Foil Mega Box	89B-29	Freddie Freeman	Los Angeles Dodgers,False
2024_topps_series1,2024,Topps,Series 1,1989 Topps Baseball Foil Mega Box,,89B-30,Willie Mays,San Francisco Giants,1989 Topps Baseball Foil Mega Box	89B-30	Willie Mays	San Francisco Giants,False
2024_topps_series1,2024,Topps,Series 1,1989 Topps Baseball Foil Mega Box,,89B-31,Aaron Judge,New York Yankees,1989 Topps Baseball Foil Mega Box	89B-31	Aaron Judge	New York Yankees,False
2024_topps_series1,2024,Topps,Series 1,1989 Topps Baseball Foil Mega Box,,89B-32,Vladimir Guerrero Jr.,Toronto Blue Jays,1989 Topps Baseball Foil Mega Box	89B-32	Vladimir Guerrero Jr.	Toronto Blue Jays,False
2024_topps_series1,2024,Topps,Series 1,1989 Topps Baseball Foil Mega Box,,89B-33,Josh Jung,Texas Rangers,1989 Topps Baseball Foil Mega Box	89B-33	Josh Jung	Texas Rangers,False
2024_topps_series1,2024,Topps,Series 1,1989 Topps Baseball Foil Mega Box,,89B-34,Mookie Betts,Los Angeles Dodgers,1989 Topps Baseball Foil Mega Box	89B-34	Mookie Betts	Los Angeles Dodgers,False
2024_topps_series1,2024,Topps,Series 1,1989 Topps Baseball Foil Mega Box,,89B-35,Corey Seager,Texas Rangers,1989 Topps Baseball Foil Mega Box	89B-35	Corey Seager	Texas Rangers,False
2024_topps_series1,2024,Topps,Series 1,1989 Topps Baseball Foil Mega Box,,89B-36,Yordan Alvarez,Houston Astros,1989 Topps Baseball Foil Mega Box	89B-36	Yordan Alvarez	Houston Astros,False
2024_topps_series1,2024,Topps,Series 1,1989 Topps Baseball Foil Mega Box,,89B-37,Kris Bryant,Colorado Rockies,1989 Topps Baseball Foil Mega Box	89B-37	Kris Bryant	Colorado Rockies,False
2024_topps_series1,2024,Topps,Series 1,1989 Topps Baseball Foil Mega Box,,89B-38,Jordan Westburg,Baltimore Orioles,1989 Topps Baseball Foil Mega Box	89B-38	Jordan Westburg	Baltimore Orioles,False
2024_topps_series1,2024,Topps,Series 1,1989 Topps Baseball Foil Mega Box,,89B-39,Mike Schmidt,Philadelphia Phillies,1989 Topps Baseball Foil Mega Box	89B-39	Mike Schmidt	Philadelphia Phillies,False
2024_topps_series1,2024,Topps,Series 1,1989 Topps Baseball Foil Mega Box,,89B-40,Bryan Woo,Seattle Mariners,1989 Topps Baseball Foil Mega Box	89B-40	Bryan Woo	Seattle Mariners,False
2024_topps_series1,2024,Topps,Series 1,1989 Topps Baseball Foil Mega Box,,89B-41,Carlos Correa,Minnesota Twins,1989 Topps Baseball Foil Mega Box	89B-41	Carlos Correa	Minnesota Twins,False
2024_topps_series1,2024,Topps,Series 1,1989 Topps Baseball Foil Mega Box,,89B-42,Ichiro,Seattle Mariners,1989 Topps Baseball Foil Mega Box	89B-42	Ichiro	Seattle Mariners,False
2024_topps_series1,2024,Topps,Series 1,1989 Topps Baseball Foil Mega Box,,89B-43,Christian Yelich,Milwaukee Brewers,1989 Topps Baseball Foil Mega Box	89B-43	Christian Yelich	Milwaukee Brewers,False
2024_topps_series1,2024,Topps,Series 1,1989 Topps Baseball Foil Mega Box,,89B-44,José Ramírez,Cleveland Guardians,1989 Topps Baseball Foil Mega Box	89B-44	José Ramírez	Cleveland Guardians,False
2024_topps_series1,2024,Topps,Series 1,1989 Topps Baseball Foil Mega Box,,89B-45,Will Clark,San Francisco Giants,1989 Topps Baseball Foil Mega Box	89B-45	Will Clark	San Francisco Giants,False
2024_topps_series1,2024,Topps,Series 1,1989 Topps Baseball Foil Mega Box,,89B-46,AJ Smith-Shawver,Atlanta Braves,1989 Topps Baseball Foil Mega Box	89B-46	AJ Smith-Shawver	Atlanta Braves,False
2024_topps_series1,2024,Topps,Series 1,1989 Topps Baseball Foil Mega Box,,89B-47,George Brett,Kansas City Royals,1989 Topps Baseball Foil Mega Box	89B-47	George Brett	Kansas City Royals,False
2024_topps_series1,2024,Topps,Series 1,1989 Topps Baseball Foil Mega Box,,89B-48,Andrew McCutchen,Pittsburgh Pirates,1989 Topps Baseball Foil Mega Box	89B-48	Andrew McCutchen	Pittsburgh Pirates,False
2024_topps_series1,2024,Topps,Series 1,1989 Topps Baseball Foil Mega Box,,89B-49,Ryne Sandberg,Chicago Cubs,1989 Topps Baseball Foil Mega Box	89B-49	Ryne Sandberg	Chicago Cubs,False
2024_topps_series1,2024,Topps,Series 1,1989 Topps Baseball Foil Mega Box,,89B-50,Junior Caminero,Tampa Bay Rays,1989 Topps Baseball Foil Mega Box	89B-50	Junior Caminero	Tampa Bay Rays,False
2024_topps_series1,2024,Topps,Series 1,1989 Topps Baseball Foil Mega Box,,89B-51,Barry Larkin,Cincinnati Reds,1989 Topps Baseball Foil Mega Box	89B-51	Barry Larkin	Cincinnati Reds,False
2024_topps_series1,2024,Topps,Series 1,1989 Topps Baseball Foil Mega Box,,89B-52,Jeff Bagwell,Houston Astros,1989 Topps Baseball Foil Mega Box	89B-52	Jeff Bagwell	Houston Astros,False
2024_topps_series1,2024,Topps,Series 1,1989 Topps Baseball Foil Mega Box,,89B-53,Mark McGwire,Oakland Athletics,1989 Topps Baseball Foil Mega Box	89B-53	Mark McGwire	Oakland Athletics,False
2024_topps_series1,2024,Topps,Series 1,1989 Topps Baseball Foil Mega Box,,89B-54,Jackie Robinson,Brooklyn Dodgers,1989 Topps Baseball Foil Mega Box	89B-54	Jackie Robinson	Brooklyn Dodgers,False
2024_topps_series1,2024,Topps,Series 1,1989 Topps Baseball Foil Mega Box,,89B-55,Robin Yount,Milwaukee Brewers,1989 Topps Baseball Foil Mega Box	89B-55	Robin Yount	Milwaukee Brewers,False
2024_topps_series1,2024,Topps,Series 1,1989 Topps Baseball Foil Mega Box,,89B-56,Trea Turner,Philadelphia Phillies,1989 Topps Baseball Foil Mega Box	89B-56	Trea Turner	Philadelphia Phillies,False
2024_topps_series1,2024,Topps,Series 1,1989 Topps Baseball Foil Mega Box,,89B-57,Clayton Kershaw,Los Angeles Dodgers,1989 Topps Baseball Foil Mega Box	89B-57	Clayton Kershaw	Los Angeles Dodgers,False
2024_topps_series1,2024,Topps,Series 1,1989 Topps Baseball Foil Mega Box,,89B-58,Masyn Winn,St. Louis Cardinals,1989 Topps Baseball Foil Mega Box	89B-58	Masyn Winn	St. Louis Cardinals,False
2024_topps_series1,2024,Topps,Series 1,1989 Topps Baseball Foil Mega Box,,89B-59,Bobby Witt Jr.,Kansas City Royals,1989 Topps Baseball Foil Mega Box	89B-59	Bobby Witt Jr.	Kansas City Royals,False
2024_topps_series1,2024,Topps,Series 1,1989 Topps Baseball Foil Mega Box,,89B-60,Oneil Cruz,Pittsburgh Pirates,1989 Topps Baseball Foil Mega Box	89B-60	Oneil Cruz	Pittsburgh Pirates,False
2024_topps_series1,2024,Topps,Series 1,1989 Topps Baseball Foil Mega Box,,89B-61,Rafael Devers,Boston Red Sox,1989 Topps Baseball Foil Mega Box	89B-61	Rafael Devers	Boston Red Sox,False
2024_topps_series1,2024,Topps,Series 1,1989 Topps Baseball Foil Mega Box,,89B-62,Christopher Morel,Chicago Cubs,1989 Topps Baseball Foil Mega Box	89B-62	Christopher Morel	Chicago Cubs,False
2024_topps_series1,2024,Topps,Series 1,1989 Topps Baseball Foil Mega Box,,89B-63,Byron Buxton,Minnesota Twins,1989 Topps Baseball Foil Mega Box	89B-63	Byron Buxton	Minnesota Twins,False
2024_topps_series1,2024,Topps,Series 1,1989 Topps Baseball Foil Mega Box,,89B-64,Anthony Rizzo,New York Yankees,1989 Topps Baseball Foil Mega Box	89B-64	Anthony Rizzo	New York Yankees,False
2024_topps_series1,2024,Topps,Series 1,1989 Topps Baseball Foil Mega Box,,89B-65,Christian Encarnacion-Stra,Cincinnati Reds,1989 Topps Baseball Foil Mega Box	89B-65	Christian Encarnacion-Stra	Cincinnati Reds,False
2024_topps_series1,2024,Topps,Series 1,1989 Topps Baseball Foil Mega Box,,89B-66,Julio Rodríguez,Seattle Mariners,1989 Topps Baseball Foil Mega Box	89B-66	Julio Rodríguez	Seattle Mariners,False
2024_topps_series1,2024,Topps,Series 1,1989 Topps Baseball Foil Mega Box,,89B-67,Nolan Arenado,St. Louis Cardinals,1989 Topps Baseball Foil Mega Box	89B-67	Nolan Arenado	St. Louis Cardinals,False
2024_topps_series1,2024,Topps,Series 1,1989 Topps Baseball Foil Mega Box,,89B-68,Vladimir Guerrero,Montréal Expos,1989 Topps Baseball Foil Mega Box	89B-68	Vladimir Guerrero	Montréal Expos,False
2024_topps_series1,2024,Topps,Series 1,1989 Topps Baseball Foil Mega Box,,89B-69,Elly De La Cruz,Cincinnati Reds,1989 Topps Baseball Foil Mega Box	89B-69	Elly De La Cruz	Cincinnati Reds,False
2024_topps_series1,2024,Topps,Series 1,1989 Topps Baseball Foil Mega Box,,89B-70,Mike Trout,Los Angeles Angels,1989 Topps Baseball Foil Mega Box	89B-70	Mike Trout	Los Angeles Angels,False
2024_topps_series1,2024,Topps,Series 1,1989 Topps Baseball Foil Mega Box,,89B-71,Nolan Schanuel,Los Angeles Angels,1989 Topps Baseball Foil Mega Box	89B-71	Nolan Schanuel	Los Angeles Angels,False
2024_topps_series1,2024,Topps,Series 1,1989 Topps Baseball Foil Mega Box,,89B-72,Ceddanne Rafaela,Boston Red Sox,1989 Topps Baseball Foil Mega Box	89B-72	Ceddanne Rafaela	Boston Red Sox,False
2024_topps_series1,2024,Topps,Series 1,1989 Topps Baseball Foil Mega Box,,89B-73,Tony Gwynn,San Diego Padres,1989 Topps Baseball Foil Mega Box	89B-73	Tony Gwynn	San Diego Padres,False
2024_topps_series1,2024,Topps,Series 1,1989 Topps Baseball Foil Mega Box,,89B-74,Matt Olson,Atlanta Braves,1989 Topps Baseball Foil Mega Box	89B-74	Matt Olson	Atlanta Braves,False
2024_topps_series1,2024,Topps,Series 1,1989 Topps Baseball Foil Mega Box,,89B-75,Sonny Gray,Minnesota Twins,1989 Topps Baseball Foil Mega Box	89B-75	Sonny Gray	Minnesota Twins,False
2024_topps_series1,2024,Topps,Series 1,1989 Topps Baseball Foil Mega Box,,89B-76,Chipper Jones,Atlanta Braves,1989 Topps Baseball Foil Mega Box	89B-76	Chipper Jones	Atlanta Braves,False
2024_topps_series1,2024,Topps,Series 1,1989 Topps Baseball Foil Mega Box,,89B-77,Emmet Sheehan,Los Angeles Dodgers,1989 Topps Baseball Foil Mega Box	89B-77	Emmet Sheehan	Los Angeles Dodgers,False
2024_topps_series1,2024,Topps,Series 1,1989 Topps Baseball Foil Mega Box,,89B-78,Joey Votto,Cincinnati Reds,1989 Topps Baseball Foil Mega Box	89B-78	Joey Votto	Cincinnati Reds,False
2024_topps_series1,2024,Topps,Series 1,1989 Topps Baseball Foil Mega Box,,89B-79,Endy Rodríguez,Pittsburgh Pirates,1989 Topps Baseball Foil Mega Box	89B-79	Endy Rodríguez	Pittsburgh Pirates,False
2024_topps_series1,2024,Topps,Series 1,1989 Topps Baseball Foil Mega Box,,89B-80,Don Mattingly,New York Yankees,1989 Topps Baseball Foil Mega Box	89B-80	Don Mattingly	New York Yankees,False
2024_topps_series1,2024,Topps,Series 1,1989 Topps Baseball Foil Mega Box,,89B-81,Ozzie Smith,St. Louis Cardinals,1989 Topps Baseball Foil Mega Box	89B-81	Ozzie Smith	St. Louis Cardinals,False
2024_topps_series1,2024,Topps,Series 1,1989 Topps Baseball Foil Mega Box,,89B-82,Riley Greene,Detroit Tigers,1989 Topps Baseball Foil Mega Box	89B-82	Riley Greene	Detroit Tigers,False
2024_topps_series1,2024,Topps,Series 1,1989 Topps Baseball Foil Mega Box,,89B-83,Nolan Ryan,Houston Astros,1989 Topps Baseball Foil Mega Box	89B-83	Nolan Ryan	Houston Astros,False
2024_topps_series1,2024,Topps,Series 1,1989 Topps Baseball Foil Mega Box,,89B-84,Wade Boggs,Boston Red Sox,1989 Topps Baseball Foil Mega Box	89B-84	Wade Boggs	Boston Red Sox,False
2024_topps_series1,2024,Topps,Series 1,1989 Topps Baseball Foil Mega Box,,89B-85,Curtis Mead,Tampa Bay Rays,1989 Topps Baseball Foil Mega Box	89B-85	Curtis Mead	Tampa Bay Rays,False
2024_topps_series1,2024,Topps,Series 1,1989 Topps Baseball Foil Mega Box,,89B-86,Greg Maddux,Atlanta Braves,1989 Topps Baseball Foil Mega Box	89B-86	Greg Maddux	Atlanta Braves,False
2024_topps_series1,2024,Topps,Series 1,1989 Topps Baseball Foil Mega Box,,89B-87,Pete Alonso,New York Mets,1989 Topps Baseball Foil Mega Box	89B-87	Pete Alonso	New York Mets,False
2024_topps_series1,2024,Topps,Series 1,1989 Topps Baseball Foil Mega Box,,89B-88,Cal Ripken Jr.,Baltimore Orioles,1989 Topps Baseball Foil Mega Box	89B-88	Cal Ripken Jr.	Baltimore Orioles,False
2024_topps_series1,2024,Topps,Series 1,1989 Topps Baseball Foil Mega Box,,89B-89,Frank Thomas,Chicago White Sox,1989 Topps Baseball Foil Mega Box	89B-89	Frank Thomas	Chicago White Sox,False
2024_topps_series1,2024,Topps,Series 1,1989 Topps Baseball Foil Mega Box,,89B-90,Zack Gelof,Oakland Athletics,1989 Topps Baseball Foil Mega Box	89B-90	Zack Gelof	Oakland Athletics,False
2024_topps_series1,2024,Topps,Series 1,1989 Topps Baseball Foil Mega Box,,89B-91,Buster Posey,San Francisco Giants,1989 Topps Baseball Foil Mega Box	89B-91	Buster Posey	San Francisco Giants,False
2024_topps_series1,2024,Topps,Series 1,1989 Topps Baseball Foil Mega Box,,89B-92,Gerrit Cole,New York Yankees,1989 Topps Baseball Foil Mega Box	89B-92	Gerrit Cole	New York Yankees,False
2024_topps_series1,2024,Topps,Series 1,1989 Topps Baseball Foil Mega Box,,89B-93,Ronny Mauricio,New York Mets,1989 Topps Baseball Foil Mega Box	89B-93	Ronny Mauricio	New York Mets,False
2024_topps_series1,2024,Topps,Series 1,1989 Topps Baseball Foil Mega Box,,89B-94,Adolis García,Texas Rangers,1989 Topps Baseball Foil Mega Box	89B-94	Adolis García	Texas Rangers,False
2024_topps_series1,2024,Topps,Series 1,1989 Topps Baseball Foil Mega Box,,89B-95,Kyle Harrison,San Francisco Giants,1989 Topps Baseball Foil Mega Box	89B-95	Kyle Harrison	San Francisco Giants,False
2024_topps_series1,2024,Topps,Series 1,1989 Topps Baseball Foil Mega Box,,89B-96,Andrew Abbott,Cincinnati Reds,1989 Topps Baseball Foil Mega Box	89B-96	Andrew Abbott	Cincinnati Reds,False
2024_topps_series1,2024,Topps,Series 1,1989 Topps Baseball Foil Mega Box,,89B-97,Miguel Cabrera,Detroit Tigers,1989 Topps Baseball Foil Mega Box	89B-97	Miguel Cabrera	Detroit Tigers,False
2024_topps_series1,2024,Topps,Series 1,1989 Topps Baseball Foil Mega Box,,89B-98,Max Scherzer,Texas Rangers,1989 Topps Baseball Foil Mega Box	89B-98	Max Scherzer	Texas Rangers,False
2024_topps_series1,2024,Topps,Series 1,1989 Topps Baseball Foil Mega Box,,89B-99,Corbin Carroll,Arizona Diamondbacks,1989 Topps Baseball Foil Mega Box	89B-99	Corbin Carroll	Arizona Diamondbacks,False
2024_topps_series1,2024,Topps,Series 1,1989 Topps Baseball Foil Mega Box,,89B-100,Tyler Soderstrom,Oakland Athletics,1989 Topps Baseball Foil Mega Box	89B-100	Tyler Soderstrom	Oakland Athletics,False
2024_topps_series1,2024,Topps,Series 1,1989 Topps Baseball Relics,,89BR-AB,Adrián Beltré,Texas Rangers,1989 Topps Baseball Relics	89BR-AB	Adrián Beltré	Texas Rangers,False
2024_topps_series1,2024,Topps,Series 1,1989 Topps Baseball Relics,,89BR-ABR,Alex Bregman,Houston Astros,1989 Topps Baseball Relics	89BR-ABR	Alex Bregman	Houston Astros,False
2024_topps_series1,2024,Topps,Series 1,1989 Topps Baseball Relics,,89BR-AJ,Aaron Judge,New York Yankees,1989 Topps Baseball Relics	89BR-AJ	Aaron Judge	New York Yankees,False
2024_topps_series1,2024,Topps,Series 1,1989 Topps Baseball Relics,,89BR-AM,Andrew McCutchen,Pittsburgh Pirates,1989 Topps Baseball Relics	89BR-AM	Andrew McCutchen	Pittsburgh Pirates,False
2024_topps_series1,2024,Topps,Series 1,1989 Topps Baseball Relics,,89BR-AN,Aaron Nola,Philadelphia Phillies,1989 Topps Baseball Relics	89BR-AN	Aaron Nola	Philadelphia Phillies,False
2024_topps_series1,2024,Topps,Series 1,1989 Topps Baseball Relics,,89BR-APE,Andy Pettitte,New York Yankees,1989 Topps Baseball Relics	89BR-APE	Andy Pettitte	New York Yankees,False
2024_topps_series1,2024,Topps,Series 1,1989 Topps Baseball Relics,,89BR-APU,Albert Pujols,St. Louis Cardinals,1989 Topps Baseball Relics	89BR-APU	Albert Pujols	St. Louis Cardinals,False
2024_topps_series1,2024,Topps,Series 1,1989 Topps Baseball Relics,,89BR-AR,Alex Rodriguez,New York Yankees,1989 Topps Baseball Relics	89BR-AR	Alex Rodriguez	New York Yankees,False
2024_topps_series1,2024,Topps,Series 1,1989 Topps Baseball Relics,,89BR-ARU,Adley Rutschman,Baltimore Orioles,1989 Topps Baseball Relics	89BR-ARU	Adley Rutschman	Baltimore Orioles,False
2024_topps_series1,2024,Topps,Series 1,1989 Topps Baseball Relics,,89BR-ARZ,Anthony Rizzo,New York Yankees,1989 Topps Baseball Relics	89BR-ARZ	Anthony Rizzo	New York Yankees,False
2024_topps_series1,2024,Topps,Series 1,1989 Topps Baseball Relics,,89BR-BB,Bo Bichette,Toronto Blue Jays,1989 Topps Baseball Relics	89BR-BB	Bo Bichette	Toronto Blue Jays,False
2024_topps_series1,2024,Topps,Series 1,1989 Topps Baseball Relics,,89BR-BBX,Byron Buxton,Minnesota Twins,1989 Topps Baseball Relics	89BR-BBX	Byron Buxton	Minnesota Twins,False
2024_topps_series1,2024,Topps,Series 1,1989 Topps Baseball Relics,,89BR-BC,Brandon Crawford,San Francisco Giants,1989 Topps Baseball Relics	89BR-BC	Brandon Crawford	San Francisco Giants,False
2024_topps_series1,2024,Topps,Series 1,1989 Topps Baseball Relics,,89BR-BH,Bryce Harper,Philadelphia Phillies,1989 Topps Baseball Relics	89BR-BH	Bryce Harper	Philadelphia Phillies,False
2024_topps_series1,2024,Topps,Series 1,1989 Topps Baseball Relics,,89BR-BL,Barry Larkin,Cincinnati Reds,1989 Topps Baseball Relics	89BR-BL	Barry Larkin	Cincinnati Reds,False
2024_topps_series1,2024,Topps,Series 1,1989 Topps Baseball Relics,,89BR-BN,Bo Naylor,Cleveland Guardians,1989 Topps Baseball Relics	89BR-BN	Bo Naylor	Cleveland Guardians,False
2024_topps_series1,2024,Topps,Series 1,1989 Topps Baseball Relics,,89BR-BP,Buster Posey,San Francisco Giants,1989 Topps Baseball Relics	89BR-BP	Buster Posey	San Francisco Giants,False
2024_topps_series1,2024,Topps,Series 1,1989 Topps Baseball Relics,,89BR-BW,Bobby Witt Jr.,Kansas City Royals,1989 Topps Baseball Relics	89BR-BW	Bobby Witt Jr.	Kansas City Royals,False
2024_topps_series1,2024,Topps,Series 1,1989 Topps Baseball Relics,,89BR-CB,Craig Biggio,Houston Astros,1989 Topps Baseball Relics	89BR-CB	Craig Biggio	Houston Astros,False
2024_topps_series1,2024,Topps,Series 1,1989 Topps Baseball Relics,,89BR-CC,Carlos Correa,Minnesota Twins,1989 Topps Baseball Relics	89BR-CC	Carlos Correa	Minnesota Twins,False
2024_topps_series1,2024,Topps,Series 1,1989 Topps Baseball Relics,,89BR-CJ,Chipper Jones,Atlanta Braves,1989 Topps Baseball Relics	89BR-CJ	Chipper Jones	Atlanta Braves,False
2024_topps_series1,2024,Topps,Series 1,1989 Topps Baseball Relics,,89BR-CM,Christopher Morel,Chicago Cubs,1989 Topps Baseball Relics	89BR-CM	Christopher Morel	Chicago Cubs,False
2024_topps_series1,2024,Topps,Series 1,1989 Topps Baseball Relics,,89BR-CR,Cal Ripken Jr.,Baltimore Orioles,1989 Topps Baseball Relics	89BR-CR	Cal Ripken Jr.	Baltimore Orioles,False
2024_topps_series1,2024,Topps,Series 1,1989 Topps Baseball Relics,,89BR-CS,CC Sabathia,New York Yankees,1989 Topps Baseball Relics	89BR-CS	CC Sabathia	New York Yankees,False
2024_topps_series1,2024,Topps,Series 1,1989 Topps Baseball Relics,,89BR-CY,Christian Yelich,Milwaukee Brewers,1989 Topps Baseball Relics	89BR-CY	Christian Yelich	Milwaukee Brewers,False
2024_topps_series1,2024,Topps,Series 1,1989 Topps Baseball Relics,,89BR-DJ,Derek Jeter,New York Yankees,1989 Topps Baseball Relics	89BR-DJ	Derek Jeter	New York Yankees,False
2024_topps_series1,2024,Topps,Series 1,1989 Topps Baseball Relics,,89BR-DO,David Ortiz,Boston Red Sox,1989 Topps Baseball Relics	89BR-DO	David Ortiz	Boston Red Sox,False
2024_topps_series1,2024,Topps,Series 1,1989 Topps Baseball Relics,,89BR-DP,Dustin Pedroia,Boston Red Sox,1989 Topps Baseball Relics	89BR-DP	Dustin Pedroia	Boston Red Sox,False
2024_topps_series1,2024,Topps,Series 1,1989 Topps Baseball Relics,,89BR-DS,Dansby Swanson,Chicago Cubs,1989 Topps Baseball Relics	89BR-DS	Dansby Swanson	Chicago Cubs,False
2024_topps_series1,2024,Topps,Series 1,1989 Topps Baseball Relics,,89BR-ED,Elly De La Cruz,Cincinnati Reds,1989 Topps Baseball Relics	89BR-ED	Elly De La Cruz	Cincinnati Reds,False
2024_topps_series1,2024,Topps,Series 1,1989 Topps Baseball Relics,,89BR-EM,Eddie Murray,Baltimore Orioles,1989 Topps Baseball Relics	89BR-EM	Eddie Murray	Baltimore Orioles,False
2024_topps_series1,2024,Topps,Series 1,1989 Topps Baseball Relics,,89BR-FT,Frank Thomas,Chicago White Sox,1989 Topps Baseball Relics	89BR-FT	Frank Thomas	Chicago White Sox,False
2024_topps_series1,2024,Topps,Series 1,1989 Topps Baseball Relics,,89BR-FTJ,Fernando Tatis Jr.,San Diego Padres,1989 Topps Baseball Relics	89BR-FTJ	Fernando Tatis Jr.	San Diego Padres,False
2024_topps_series1,2024,Topps,Series 1,1989 Topps Baseball Relics,,89BR-GC,Gerrit Cole,New York Yankees,1989 Topps Baseball Relics	89BR-GC	Gerrit Cole	New York Yankees,False
2024_topps_series1,2024,Topps,Series 1,1989 Topps Baseball Relics,,89BR-GMI,Garrett Mitchell,Milwaukee Brewers,1989 Topps Baseball Relics	89BR-GMI	Garrett Mitchell	Milwaukee Brewers,False
2024_topps_series1,2024,Topps,Series 1,1989 Topps Baseball Relics,,89BR-GMO,Gabriel Moreno,Arizona Diamondbacks,1989 Topps Baseball Relics	89BR-GMO	Gabriel Moreno	Arizona Diamondbacks,False
2024_topps_series1,2024,Topps,Series 1,1989 Topps Baseball Relics,,89BR-GS,George Springer,Toronto Blue Jays,1989 Topps Baseball Relics	89BR-GS	George Springer	Toronto Blue Jays,False
2024_topps_series1,2024,Topps,Series 1,1989 Topps Baseball Relics,,89BR-GST,Giancarlo Stanton,New York Yankees,1989 Topps Baseball Relics	89BR-GST	Giancarlo Stanton	New York Yankees,False
2024_topps_series1,2024,Topps,Series 1,1989 Topps Baseball Relics,,89BR-GT,Gleyber Torres,New York Yankees,1989 Topps Baseball Relics	89BR-GT	Gleyber Torres	New York Yankees,False
2024_topps_series1,2024,Topps,Series 1,1989 Topps Baseball Relics,,89BR-HB,Hunter Brown,Houston Astros,1989 Topps Baseball Relics	89BR-HB	Hunter Brown	Houston Astros,False
2024_topps_series1,2024,Topps,Series 1,1989 Topps Baseball Relics,,89BR-HD,Henry Davis,Pittsburgh Pirates,1989 Topps Baseball Relics	89BR-HD	Henry Davis	Pittsburgh Pirates,False
2024_topps_series1,2024,Topps,Series 1,1989 Topps Baseball Relics,,89BR-HG,Hunter Greene,Cincinnati Reds,1989 Topps Baseball Relics	89BR-HG	Hunter Greene	Cincinnati Reds,False
2024_topps_series1,2024,Topps,Series 1,1989 Topps Baseball Relics,,89BR-IR,Ivan Rodriguez,Texas Rangers,1989 Topps Baseball Relics	89BR-IR	Ivan Rodriguez	Texas Rangers,False
2024_topps_series1,2024,Topps,Series 1,1989 Topps Baseball Relics,,89BR-JA,Jose Altuve,Houston Astros,1989 Topps Baseball Relics	89BR-JA	Jose Altuve	Houston Astros,False
2024_topps_series1,2024,Topps,Series 1,1989 Topps Baseball Relics,,89BR-JB,Jeff Bagwell,Houston Astros,1989 Topps Baseball Relics	89BR-JB	Jeff Bagwell	Houston Astros,False
2024_topps_series1,2024,Topps,Series 1,1989 Topps Baseball Relics,,89BR-JC,Jazz Chisholm Jr.,Miami Marlins,1989 Topps Baseball Relics	89BR-JC	Jazz Chisholm Jr.	Miami Marlins,False
2024_topps_series1,2024,Topps,Series 1,1989 Topps Baseball Relics,,89BR-JD,Jarren Duran,Boston Red Sox,1989 Topps Baseball Relics	89BR-JD	Jarren Duran	Boston Red Sox,False
2024_topps_series1,2024,Topps,Series 1,1989 Topps Baseball Relics,,89BR-JI,Jonathan India,Cincinnati Reds,1989 Topps Baseball Relics	89BR-JI	Jonathan India	Cincinnati Reds,False
2024_topps_series1,2024,Topps,Series 1,1989 Topps Baseball Relics,,89BR-JJ,Josh Jung,Texas Rangers,1989 Topps Baseball Relics	89BR-JJ	Josh Jung	Texas Rangers,False
2024_topps_series1,2024,Topps,Series 1,1989 Topps Baseball Relics,,89BR-JP,Jeremy Peña,Houston Astros,1989 Topps Baseball Relics	89BR-JP	Jeremy Peña	Houston Astros,False
2024_topps_series1,2024,Topps,Series 1,1989 Topps Baseball Relics,,89BR-JR,Julio Rodríguez,Seattle Mariners,1989 Topps Baseball Relics	89BR-JR	Julio Rodríguez	Seattle Mariners,False
2024_topps_series1,2024,Topps,Series 1,1989 Topps Baseball Relics,,89BR-JRA,José Ramírez,Cleveland Guardians,1989 Topps Baseball Relics	89BR-JRA	José Ramírez	Cleveland Guardians,False
2024_topps_series1,2024,Topps,Series 1,1989 Topps Baseball Relics,,89BR-JS,John Smoltz,Atlanta Braves,1989 Topps Baseball Relics	89BR-JS	John Smoltz	Atlanta Braves,False
2024_topps_series1,2024,Topps,Series 1,1989 Topps Baseball Relics,,89BR-JSO,Juan Soto,San Diego Padres,1989 Topps Baseball Relics	89BR-JSO	Juan Soto	San Diego Padres,False
2024_topps_series1,2024,Topps,Series 1,1989 Topps Baseball Relics,,89BR-JV,Joey Votto,Cincinnati Reds,1989 Topps Baseball Relics	89BR-JV	Joey Votto	Cincinnati Reds,False
2024_topps_series1,2024,Topps,Series 1,1989 Topps Baseball Relics,,89BR-JW,Jordan Walker,St. Louis Cardinals,1989 Topps Baseball Relics	89BR-JW	Jordan Walker	St. Louis Cardinals,False
2024_topps_series1,2024,Topps,Series 1,1989 Topps Baseball Relics,,89BR-KB,Kris Bryant,Colorado Rockies,1989 Topps Baseball Relics	89BR-KB	Kris Bryant	Colorado Rockies,False
2024_topps_series1,2024,Topps,Series 1,1989 Topps Baseball Relics,,89BR-KG,Ken Griffey Jr.,Seattle Mariners,1989 Topps Baseball Relics	89BR-KG	Ken Griffey Jr.	Seattle Mariners,False
2024_topps_series1,2024,Topps,Series 1,1989 Topps Baseball Relics,,89BR-KP,Kirby Puckett,Minnesota Twins,1989 Topps Baseball Relics	89BR-KP	Kirby Puckett	Minnesota Twins,False
2024_topps_series1,2024,Topps,Series 1,1989 Topps Baseball Relics,,89BR-KS,Kyle Schwarber,Philadelphia Phillies,1989 Topps Baseball Relics	89BR-KS	Kyle Schwarber	Philadelphia Phillies,False
2024_topps_series1,2024,Topps,Series 1,1989 Topps Baseball Relics,,89BR-LM,Luis Matos,San Francisco Giants,1989 Topps Baseball Relics	89BR-LM	Luis Matos	San Francisco Giants,False
2024_topps_series1,2024,Topps,Series 1,1989 Topps Baseball Relics,,89BR-LN,Lars Nootbaar,St. Louis Cardinals,1989 Topps Baseball Relics	89BR-LN	Lars Nootbaar	St. Louis Cardinals,False
2024_topps_series1,2024,Topps,Series 1,1989 Topps Baseball Relics,,89BR-MC,Miguel Cabrera,Detroit Tigers,1989 Topps Baseball Relics	89BR-MC	Miguel Cabrera	Detroit Tigers,False
2024_topps_series1,2024,Topps,Series 1,1989 Topps Baseball Relics,,89BR-MH,Michael Harris II,Atlanta Braves,1989 Topps Baseball Relics	89BR-MH	Michael Harris II	Atlanta Braves,False
2024_topps_series1,2024,Topps,Series 1,1989 Topps Baseball Relics,,89BR-ML,Marco Luciano,San Francisco Giants,1989 Topps Baseball Relics	89BR-ML	Marco Luciano	San Francisco Giants,False
2024_topps_series1,2024,Topps,Series 1,1989 Topps Baseball Relics,,89BR-MM,Manny Machado,San Diego Padres,1989 Topps Baseball Relics	89BR-MM	Manny Machado	San Diego Padres,False
2024_topps_series1,2024,Topps,Series 1,1989 Topps Baseball Relics,,89BR-MP,Mike Piazza,New York Mets,1989 Topps Baseball Relics	89BR-MP	Mike Piazza	New York Mets,False
2024_topps_series1,2024,Topps,Series 1,1989 Topps Baseball Relics,,89BR-MT,Mike Trout,Los Angeles Angels,1989 Topps Baseball Relics	89BR-MT	Mike Trout	Los Angeles Angels,False
2024_topps_series1,2024,Topps,Series 1,1989 Topps Baseball Relics,,89BR-NA,Nolan Arenado,St. Louis Cardinals,1989 Topps Baseball Relics	89BR-NA	Nolan Arenado	St. Louis Cardinals,False
2024_topps_series1,2024,Topps,Series 1,1989 Topps Baseball Relics,,89BR-NC,Nestor Cortes Jr.,New York Yankees,1989 Topps Baseball Relics	89BR-NC	Nestor Cortes Jr.	New York Yankees,False
2024_topps_series1,2024,Topps,Series 1,1989 Topps Baseball Relics,,89BR-NJ,Nolan Jones,Colorado Rockies,1989 Topps Baseball Relics	89BR-NJ	Nolan Jones	Colorado Rockies,False
2024_topps_series1,2024,Topps,Series 1,1989 Topps Baseball Relics,,89BR-NP,Nick Pratto,Kansas City Royals,1989 Topps Baseball Relics	89BR-NP	Nick Pratto	Kansas City Royals,False
2024_topps_series1,2024,Topps,Series 1,1989 Topps Baseball Relics,,89BR-OA,Ozzie Albies,Atlanta Braves,1989 Topps Baseball Relics	89BR-OA	Ozzie Albies	Atlanta Braves,False
2024_topps_series1,2024,Topps,Series 1,1989 Topps Baseball Relics,,89BR-OC,Oneil Cruz,Pittsburgh Pirates,1989 Topps Baseball Relics	89BR-OC	Oneil Cruz	Pittsburgh Pirates,False
2024_topps_series1,2024,Topps,Series 1,1989 Topps Baseball Relics,,89BR-OS,Ozzie Smith,St. Louis Cardinals,1989 Topps Baseball Relics	89BR-OS	Ozzie Smith	St. Louis Cardinals,False
2024_topps_series1,2024,Topps,Series 1,1989 Topps Baseball Relics,,89BR-PA,Pete Alonso,New York Mets,1989 Topps Baseball Relics	89BR-PA	Pete Alonso	New York Mets,False
2024_topps_series1,2024,Topps,Series 1,1989 Topps Baseball Relics,,89BR-PG,Paul Goldschmidt,St. Louis Cardinals,1989 Topps Baseball Relics	89BR-PG	Paul Goldschmidt	St. Louis Cardinals,False
2024_topps_series1,2024,Topps,Series 1,1989 Topps Baseball Relics,,89BR-RA,Randy Arozarena,Tampa Bay Rays,1989 Topps Baseball Relics	89BR-RA	Randy Arozarena	Tampa Bay Rays,False
2024_topps_series1,2024,Topps,Series 1,1989 Topps Baseball Relics,,89BR-RAJ,Ronald Acuña Jr.,Atlanta Braves,1989 Topps Baseball Relics	89BR-RAJ	Ronald Acuña Jr.	Atlanta Braves,False
2024_topps_series1,2024,Topps,Series 1,1989 Topps Baseball Relics,,89BR-RD,Rafael Devers,Boston Red Sox,1989 Topps Baseball Relics	89BR-RD	Rafael Devers	Boston Red Sox,False
2024_topps_series1,2024,Topps,Series 1,1989 Topps Baseball Relics,,89BR-RG,Riley Greene,Detroit Tigers,1989 Topps Baseball Relics	89BR-RG	Riley Greene	Detroit Tigers,False
2024_topps_series1,2024,Topps,Series 1,1989 Topps Baseball Relics,,89BR-RMO,Ryan Mountcastle,Baltimore Orioles,1989 Topps Baseball Relics	89BR-RMO	Ryan Mountcastle	Baltimore Orioles,False
2024_topps_series1,2024,Topps,Series 1,1989 Topps Baseball Relics,,89BR-RS,Ryne Sandberg,Chicago Cubs,1989 Topps Baseball Relics	89BR-RS	Ryne Sandberg	Chicago Cubs,False
2024_topps_series1,2024,Topps,Series 1,1989 Topps Baseball Relics,,89BR-SG,Sonny Gray,Minnesota Twins,1989 Topps Baseball Relics	89BR-SG	Sonny Gray	Minnesota Twins,False
2024_topps_series1,2024,Topps,Series 1,1989 Topps Baseball Relics,,89BR-SO,Shohei Ohtani,Los Angeles Angels,1989 Topps Baseball Relics	89BR-SO	Shohei Ohtani	Los Angeles Angels,False
2024_topps_series1,2024,Topps,Series 1,1989 Topps Baseball Relics,,89BR-SS,Sammy Sosa,Chicago Cubs,1989 Topps Baseball Relics	89BR-SS	Sammy Sosa	Chicago Cubs,False
2024_topps_series1,2024,Topps,Series 1,1989 Topps Baseball Relics,,89BR-SSE,Seiya Suzuki,Chicago Cubs,1989 Topps Baseball Relics	89BR-SSE	Seiya Suzuki	Chicago Cubs,False
2024_topps_series1,2024,Topps,Series 1,1989 Topps Baseball Relics,,89BR-TG,Tony Gwynn,San Diego Padres,1989 Topps Baseball Relics	89BR-TG	Tony Gwynn	San Diego Padres,False
2024_topps_series1,2024,Topps,Series 1,1989 Topps Baseball Relics,,89BR-TT,Trea Turner,Philadelphia Phillies,1989 Topps Baseball Relics	89BR-TT	Trea Turner	Philadelphia Phillies,False
2024_topps_series1,2024,Topps,Series 1,1989 Topps Baseball Relics,,89BR-VG,Vladimir Guerrero Jr.,Toronto Blue Jays,1989 Topps Baseball Relics	89BR-VG	Vladimir Guerrero Jr.	Toronto Blue Jays,False
2024_topps_series1,2024,Topps,Series 1,1989 Topps Baseball Relics,,89BR-VP,Vinnie Pasquantino,Kansas City Royals,1989 Topps Baseball Relics	89BR-VP	Vinnie Pasquantino	Kansas City Royals,False
2024_topps_series1,2024,Topps,Series 1,1989 Topps Baseball Relics,,89BR-WB,Wade Boggs,Boston Red Sox,1989 Topps Baseball Relics	89BR-WB	Wade Boggs	Boston Red Sox,False
2024_topps_series1,2024,Topps,Series 1,1989 Topps Baseball Relics,,89BR-WCO,Willson Contreras,St. Louis Cardinals,1989 Topps Baseball Relics	89BR-WCO	Willson Contreras	St. Louis Cardinals,False
2024_topps_series1,2024,Topps,Series 1,1989 Topps Baseball Relics,,89BR-XB,Xander Bogaerts,San Diego Padres,1989 Topps Baseball Relics	89BR-XB	Xander Bogaerts	San Diego Padres,False
2024_topps_series1,2024,Topps,Series 1,1989 Topps Baseball Relics,,89BR-YA,Yordan Alvarez,Houston Astros,1989 Topps Baseball Relics	89BR-YA	Yordan Alvarez	Houston Astros,False
2024_topps_series1,2024,Topps,Series 1,2023 All-Topps Team,,ATT-1,Ronald Acuña Jr.,Atlanta Braves,2023 All-Topps Team	ATT-1	Ronald Acuña Jr.	Atlanta Braves,False
2024_topps_series1,2024,Topps,Series 1,2023 All-Topps Team,,ATT-2,Julio Rodríguez,Seattle Mariners,2023 All-Topps Team	ATT-2	Julio Rodríguez	Seattle Mariners,False
2024_topps_series1,2024,Topps,Series 1,2023 All-Topps Team,,ATT-3,Mookie Betts,Los Angeles Dodgers,2023 All-Topps Team	ATT-3	Mookie Betts	Los Angeles Dodgers,False
2024_topps_series1,2024,Topps,Series 1,2023 All-Topps Team,,ATT-4,Matt Olson,Atlanta Braves,2023 All-Topps Team	ATT-4	Matt Olson	Atlanta Braves,False
2024_topps_series1,2024,Topps,Series 1,2023 All-Topps Team,,ATT-5,Corey Seager,Texas Rangers,2023 All-Topps Team	ATT-5	Corey Seager	Texas Rangers,False
2024_topps_series1,2024,Topps,Series 1,2023 All-Topps Team,,ATT-6,Marcus Semien,Texas Rangers,2023 All-Topps Team	ATT-6	Marcus Semien	Texas Rangers,False
2024_topps_series1,2024,Topps,Series 1,2023 All-Topps Team,,ATT-7,José Ramírez,Cleveland Guardians,2023 All-Topps Team	ATT-7	José Ramírez	Cleveland Guardians,False
2024_topps_series1,2024,Topps,Series 1,2023 All-Topps Team,,ATT-8,Shohei Ohtani,Los Angeles Angels,2023 All-Topps Team	ATT-8	Shohei Ohtani	Los Angeles Angels,False
2024_topps_series1,2024,Topps,Series 1,2023 All-Topps Team,,ATT-9,Adley Rutschman,Baltimore Orioles,2023 All-Topps Team	ATT-9	Adley Rutschman	Baltimore Orioles,False
2024_topps_series1,2024,Topps,Series 1,2023 All-Topps Team,,ATT-10,Gerrit Cole,New York Yankees,2023 All-Topps Team	ATT-10	Gerrit Cole	New York Yankees,False
2024_topps_series1,2024,Topps,Series 1,2023 All-Topps Team,,ATT-11,Blake Snell,San Diego Padres,2023 All-Topps Team	ATT-11	Blake Snell	San Diego Padres,False
2024_topps_series1,2024,Topps,Series 1,2023 All-Topps Team,,ATT-12,Félix Bautista,Baltimore Orioles,2023 All-Topps Team	ATT-12	Félix Bautista	Baltimore Orioles,False
2024_topps_series1,2024,Topps,Series 1,2023 All-Topps Team Autographs,,ATTA-AR,Adley Rutschman,Baltimore Orioles,2023 All-Topps Team Autographs	ATTA-AR	Adley Rutschman	Baltimore Orioles,False
2024_topps_series1,2024,Topps,Series 1,2023 All-Topps Team Autographs,,ATTA-GC,Gerrit Cole,New York Yankees,2023 All-Topps Team Autographs	ATTA-GC	Gerrit Cole	New York Yankees,False
2024_topps_series1,2024,Topps,Series 1,2023 All-Topps Team Autographs,,ATTA-JR,José Ramírez,Cleveland Guardians,2023 All-Topps Team Autographs	ATTA-JR	José Ramírez	Cleveland Guardians,False
2024_topps_series1,2024,Topps,Series 1,2023 All-Topps Team Autographs,,ATTA-JROD,Julio Rodríguez,Seattle Mariners,2023 All-Topps Team Autographs	ATTA-JROD	Julio Rodríguez	Seattle Mariners,False
2024_topps_series1,2024,Topps,Series 1,2023 All-Topps Team Autographs,,ATTA-MO,Matt Olson,Atlanta Braves,2023 All-Topps Team Autographs	ATTA-MO	Matt Olson	Atlanta Braves,False
2024_topps_series1,2024,Topps,Series 1,2023 All-Topps Team Autographs,,ATTA-MS,Marcus Semien,Texas Rangers,2023 All-Topps Team Autographs	ATTA-MS	Marcus Semien	Texas Rangers,False
2024_topps_series1,2024,Topps,Series 1,2023 All-Topps Team Autographs,,ATTA-RA,Ronald Acuña Jr.,Atlanta Braves,2023 All-Topps Team Autographs	ATTA-RA	Ronald Acuña Jr.	Atlanta Braves,False
2024_topps_series1,2024,Topps,Series 1,2023 All-Topps Team Autographs,,ATTA-SNE,Blake Snell,San Diego Padres,2023 All-Topps Team Autographs	ATTA-SNE	Blake Snell	San Diego Padres,False
2024_topps_series1,2024,Topps,Series 1,2023 All-Topps Team Autographs,,ATTA-SO,Shohei Ohtani,Los Angeles Angels,2023 All-Topps Team Autographs	ATTA-SO	Shohei Ohtani	Los Angeles Angels,False
2024_topps_series1,2024,Topps,Series 1,2023 Greatest Hits,,23GH-1,Christopher Morel,Chicago Cubs,2023 Greatest Hits	23GH-1	Christopher Morel	Chicago Cubs,False
2024_topps_series1,2024,Topps,Series 1,2023 Greatest Hits,,23GH-2,Aaron Judge,New York Yankees,2023 Greatest Hits	23GH-2	Aaron Judge	New York Yankees,False
2024_topps_series1,2024,Topps,Series 1,2023 Greatest Hits,,23GH-3,Matt Olson,Atlanta Braves,2023 Greatest Hits	23GH-3	Matt Olson	Atlanta Braves,False
2024_topps_series1,2024,Topps,Series 1,2023 Greatest Hits,,23GH-4,José Ramírez,Cleveland Guardians,2023 Greatest Hits	23GH-4	José Ramírez	Cleveland Guardians,False
2024_topps_series1,2024,Topps,Series 1,2023 Greatest Hits,,23GH-5,Ronald Acuña Jr.,Atlanta Braves,2023 Greatest Hits	23GH-5	Ronald Acuña Jr.	Atlanta Braves,False
2024_topps_series1,2024,Topps,Series 1,2023 Greatest Hits,,23GH-6,Luis Arraez,Miami Marlins,2023 Greatest Hits	23GH-6	Luis Arraez	Miami Marlins,False
2024_topps_series1,2024,Topps,Series 1,2023 Greatest Hits,,23GH-7,Chas McCormick,Houston Astros,2023 Greatest Hits	23GH-7	Chas McCormick	Houston Astros,False
2024_topps_series1,2024,Topps,Series 1,2023 Greatest Hits,,23GH-8,Ronald Acuña Jr.,Atlanta Braves,2023 Greatest Hits	23GH-8	Ronald Acuña Jr.	Atlanta Braves,False
2024_topps_series1,2024,Topps,Series 1,2023 Greatest Hits,,23GH-9,Bobby Witt Jr.,Kansas City Royals,2023 Greatest Hits	23GH-9	Bobby Witt Jr.	Kansas City Royals,False
2024_topps_series1,2024,Topps,Series 1,2023 Greatest Hits,,23GH-10,Jose Altuve,Houston Astros,2023 Greatest Hits	23GH-10	Jose Altuve	Houston Astros,False
2024_topps_series1,2024,Topps,Series 1,2023 Greatest Hits,,23GH-11,Kyle Tucker,Houston Astros,2023 Greatest Hits	23GH-11	Kyle Tucker	Houston Astros,False
2024_topps_series1,2024,Topps,Series 1,2023 Greatest Hits,,23GH-12,Shohei Ohtani,Los Angeles Angels,2023 Greatest Hits	23GH-12	Shohei Ohtani	Los Angeles Angels,False
2024_topps_series1,2024,Topps,Series 1,2023 Greatest Hits,,23GH-13,Shohei Ohtani,Los Angeles Angels,2023 Greatest Hits	23GH-13	Shohei Ohtani	Los Angeles Angels,False
2024_topps_series1,2024,Topps,Series 1,2023 Greatest Hits,,23GH-14,Shohei Ohtani,Los Angeles Angels,2023 Greatest Hits	23GH-14	Shohei Ohtani	Los Angeles Angels,False
2024_topps_series1,2024,Topps,Series 1,2023 Greatest Hits,,23GH-15,Ha-Seong Kim,San Diego Padres,2023 Greatest Hits	23GH-15	Ha-Seong Kim	San Diego Padres,False
2024_topps_series1,2024,Topps,Series 1,2023 Greatest Hits,,23GH-16,Mookie Betts,Los Angeles Dodgers,2023 Greatest Hits	23GH-16	Mookie Betts	Los Angeles Dodgers,False
2024_topps_series1,2024,Topps,Series 1,2023 Greatest Hits,,23GH-17,Julio Rodríguez,Seattle Mariners,2023 Greatest Hits	23GH-17	Julio Rodríguez	Seattle Mariners,False
2024_topps_series1,2024,Topps,Series 1,2023 Greatest Hits,,23GH-18,Gunnar Henderson,Baltimore Orioles,2023 Greatest Hits	23GH-18	Gunnar Henderson	Baltimore Orioles,False
2024_topps_series1,2024,Topps,Series 1,2023 Greatest Hits,,23GH-19,Jose Altuve,Houston Astros,2023 Greatest Hits	23GH-19	Jose Altuve	Houston Astros,False
2024_topps_series1,2024,Topps,Series 1,2023 Greatest Hits,,23GH-20,Bobby Witt Jr.,Kansas City Royals,2023 Greatest Hits	23GH-20	Bobby Witt Jr.	Kansas City Royals,False
2024_topps_series1,2024,Topps,Series 1,2023 Greatest Hits,,23GH-21,Pete Alonso,New York Mets,2023 Greatest Hits	23GH-21	Pete Alonso	New York Mets,False
2024_topps_series1,2024,Topps,Series 1,2023 Greatest Hits,,23GH-22,Adolis García,Texas Rangers,2023 Greatest Hits	23GH-22	Adolis García	Texas Rangers,False
2024_topps_series1,2024,Topps,Series 1,2023 Greatest Hits,,23GH-23,Royce Lewis,Minnesota Twins,2023 Greatest Hits	23GH-23	Royce Lewis	Minnesota Twins,False
2024_topps_series1,2024,Topps,Series 1,2023 Greatest Hits,,23GH-24,Miguel Cabrera,Detroit Tigers,2023 Greatest Hits	23GH-24	Miguel Cabrera	Detroit Tigers,False
2024_topps_series1,2024,Topps,Series 1,2023 Greatest Hits,,23GH-25,Elly De La Cruz,Cincinnati Reds,2023 Greatest Hits	23GH-25	Elly De La Cruz	Cincinnati Reds,False
2024_topps_series1,2024,Topps,Series 1,2023 Greatest Hits,,23GH-26,Jasson Domínguez,New York Yankees,2023 Greatest Hits	23GH-26	Jasson Domínguez	New York Yankees,False
2024_topps_series1,2024,Topps,Series 1,2023 Greatest Hits,,23GH-27,Aaron Judge,New York Yankees,2023 Greatest Hits	23GH-27	Aaron Judge	New York Yankees,False
2024_topps_series1,2024,Topps,Series 1,2023 Greatest Hits,,23GH-28,Mookie Betts,Los Angeles Dodgers,2023 Greatest Hits	23GH-28	Mookie Betts	Los Angeles Dodgers,False
2024_topps_series1,2024,Topps,Series 1,2023 Greatest Hits,,23GH-29,Sal Frelick,Milwaukee Brewers,2023 Greatest Hits	23GH-29	Sal Frelick	Milwaukee Brewers,False
2024_topps_series1,2024,Topps,Series 1,2023 Greatest Hits,,23GH-30,Noelvi Marte,Cincinnati Reds,2023 Greatest Hits	23GH-30	Noelvi Marte	Cincinnati Reds,False
2024_topps_series1,2024,Topps,Series 1,2023 Greatest Hits,,23GH-31,James Outman,Los Angeles Dodgers,2023 Greatest Hits	23GH-31	James Outman	Los Angeles Dodgers,False
2024_topps_series1,2024,Topps,Series 1,2023 Greatest Hits Autographs,,GHA-BW,Bobby Witt Jr.,Kansas City Royals,2023 Greatest Hits Autographs	GHA-BW	Bobby Witt Jr.	Kansas City Royals,False
2024_topps_series1,2024,Topps,Series 1,2023 Greatest Hits Autographs,,GHA-BWJ,Bobby Witt Jr.,Kansas City Royals,2023 Greatest Hits Autographs	GHA-BWJ	Bobby Witt Jr.	Kansas City Royals,False
2024_topps_series1,2024,Topps,Series 1,2023 Greatest Hits Autographs,,GHA-CM,Christopher Morel,Chicago Cubs,2023 Greatest Hits Autographs	GHA-CM	Christopher Morel	Chicago Cubs,False
2024_topps_series1,2024,Topps,Series 1,2023 Greatest Hits Autographs,,GHA-CMC,Chas McCormick,Houston Astros,2023 Greatest Hits Autographs	GHA-CMC	Chas McCormick	Houston Astros,False
2024_topps_series1,2024,Topps,Series 1,2023 Greatest Hits Autographs,,GHA-EDLC,Elly De La Cruz,Cincinnati Reds,2023 Greatest Hits Autographs	GHA-EDLC	Elly De La Cruz	Cincinnati Reds,False
2024_topps_series1,2024,Topps,Series 1,2023 Greatest Hits Autographs,,GHA-JA,Jose Altuve,Houston Astros,2023 Greatest Hits Autographs	GHA-JA	Jose Altuve	Houston Astros,False
2024_topps_series1,2024,Topps,Series 1,2023 Greatest Hits Autographs,,GHA-JDO,Jasson Domínguez,New York Yankees,2023 Greatest Hits Autographs	GHA-JDO	Jasson Domínguez	New York Yankees,False
2024_topps_series1,2024,Topps,Series 1,2023 Greatest Hits Autographs,,GHA-JO,James Outman,Los Angeles Dodgers,2023 Greatest Hits Autographs	GHA-JO	James Outman	Los Angeles Dodgers,False
2024_topps_series1,2024,Topps,Series 1,2023 Greatest Hits Autographs,,GHA-JOA,Jose Altuve,Houston Astros,2023 Greatest Hits Autographs	GHA-JOA	Jose Altuve	Houston Astros,False
2024_topps_series1,2024,Topps,Series 1,2023 Greatest Hits Autographs,,GHA-JR,José Ramírez,Cleveland Guardians,2023 Greatest Hits Autographs	GHA-JR	José Ramírez	Cleveland Guardians,False
2024_topps_series1,2024,Topps,Series 1,2023 Greatest Hits Autographs,,GHA-JROD,Julio Rodríguez,Seattle Mariners,2023 Greatest Hits Autographs	GHA-JROD	Julio Rodríguez	Seattle Mariners,False
2024_topps_series1,2024,Topps,Series 1,2023 Greatest Hits Autographs,,GHA-LA,Luis Arraez,Miami Marlins,2023 Greatest Hits Autographs	GHA-LA	Luis Arraez	Miami Marlins,False
2024_topps_series1,2024,Topps,Series 1,2023 Greatest Hits Autographs,,GHA-MO,Matt Olson,Atlanta Braves,2023 Greatest Hits Autographs	GHA-MO	Matt Olson	Atlanta Braves,False
2024_topps_series1,2024,Topps,Series 1,2023 Greatest Hits Autographs,,GHA-NOM,Noelvi Marte,Cincinnati Reds,2023 Greatest Hits Autographs	GHA-NOM	Noelvi Marte	Cincinnati Reds,False
2024_topps_series1,2024,Topps,Series 1,2023 Greatest Hits Autographs,,GHA-PEA,Pete Alonso,New York Mets,2023 Greatest Hits Autographs	GHA-PEA	Pete Alonso	New York Mets,False
2024_topps_series1,2024,Topps,Series 1,2023 Greatest Hits Autographs,,GHA-RAJ,Ronald Acuña Jr.,Atlanta Braves,2023 Greatest Hits Autographs	GHA-RAJ	Ronald Acuña Jr.	Atlanta Braves,False
2024_topps_series1,2024,Topps,Series 1,2023 Greatest Hits Autographs,,GHA-RAJ2,Ronald Acuña Jr.,Atlanta Braves,2023 Greatest Hits Autographs	GHA-RAJ2	Ronald Acuña Jr.	Atlanta Braves,False
2024_topps_series1,2024,Topps,Series 1,2023 Greatest Hits Autographs,,GHA-ROL,Royce Lewis,Minnesota Twins,2023 Greatest Hits Autographs	GHA-ROL	Royce Lewis	Minnesota Twins,False
2024_topps_series1,2024,Topps,Series 1,2023 Greatest Hits Autographs,,GHA-SF,Sal Frelick,Milwaukee Brewers,2023 Greatest Hits Autographs	GHA-SF	Sal Frelick	Milwaukee Brewers,False
2024_topps_series1,2024,Topps,Series 1,2023 Greatest Hits Autographs,,GHA-SO1,Shohei Ohtani,Los Angeles Angels,2023 Greatest Hits Autographs	GHA-SO1	Shohei Ohtani	Los Angeles Angels,False
2024_topps_series1,2024,Topps,Series 1,2023 Greatest Hits Autographs,,GHA-SO2,Shohei Ohtani,Los Angeles Angels,2023 Greatest Hits Autographs	GHA-SO2	Shohei Ohtani	Los Angeles Angels,False
2024_topps_series1,2024,Topps,Series 1,2023 Greatest Hits Autographs,,GHA-SO3,Shohei Ohtani,Los Angeles Angels,2023 Greatest Hits Autographs	GHA-SO3	Shohei Ohtani	Los Angeles Angels,False
2024_topps_series1,2024,Topps,Series 1,Baseball Stars Autographs,,BSA-AA,Andrew Abbott,Cincinnati Reds,Baseball Stars Autographs	BSA-AA	Andrew Abbott	Cincinnati Reds,False
2024_topps_series1,2024,Topps,Series 1,Baseball Stars Autographs,,BSA-AK,Alex Kirilloff,Minnesota Twins,Baseball Stars Autographs	BSA-AK	Alex Kirilloff	Minnesota Twins,False
2024_topps_series1,2024,Topps,Series 1,Baseball Stars Autographs,,BSA-AS,AJ Smith-Shawver,Atlanta Braves,Baseball Stars Autographs	BSA-AS	AJ Smith-Shawver	Atlanta Braves,False
2024_topps_series1,2024,Topps,Series 1,Baseball Stars Autographs,,BSA-AT,Alek Thomas,Arizona Diamondbacks,Baseball Stars Autographs	BSA-AT	Alek Thomas	Arizona Diamondbacks,False
2024_topps_series1,2024,Topps,Series 1,Baseball Stars Autographs,,BSA-BA,Bryan Abreu,Houston Astros,Baseball Stars Autographs	BSA-BA	Bryan Abreu	Houston Astros,False
2024_topps_series1,2024,Topps,Series 1,Baseball Stars Autographs,,BSA-BAS,Osleivis Basabe,Tampa Bay Rays,Baseball Stars Autographs	BSA-BAS	Osleivis Basabe	Tampa Bay Rays,False
2024_topps_series1,2024,Topps,Series 1,Baseball Stars Autographs,,BSA-BB,Byron Buxton,Minnesota Twins,Baseball Stars Autographs	BSA-BB	Byron Buxton	Minnesota Twins,False
2024_topps_series1,2024,Topps,Series 1,Baseball Stars Autographs,,BSA-BD,Brendan Donovan,St. Louis Cardinals,Baseball Stars Autographs	BSA-BD	Brendan Donovan	St. Louis Cardinals,False
2024_topps_series1,2024,Topps,Series 1,Baseball Stars Autographs,,BSA-BDO,Brenton Doyle,Colorado Rockies,Baseball Stars Autographs	BSA-BDO	Brenton Doyle	Colorado Rockies,False
2024_topps_series1,2024,Topps,Series 1,Baseball Stars Autographs,,BSA-BE,Bryce Elder,Atlanta Braves,Baseball Stars Autographs	BSA-BE	Bryce Elder	Atlanta Braves,False
2024_topps_series1,2024,Topps,Series 1,Baseball Stars Autographs,,BSA-BWO,Bryan Woo,Seattle Mariners,Baseball Stars Autographs	BSA-BWO	Bryan Woo	Seattle Mariners,False
2024_topps_series1,2024,Topps,Series 1,Baseball Stars Autographs,,BSA-CAM,Junior Caminero,Tampa Bay Rays,Baseball Stars Autographs	BSA-CAM	Junior Caminero	Tampa Bay Rays,False
2024_topps_series1,2024,Topps,Series 1,Baseball Stars Autographs,,BSA-CC,Colton Cowser,Baltimore Orioles,Baseball Stars Autographs	BSA-CC	Colton Cowser	Baltimore Orioles,False
2024_topps_series1,2024,Topps,Series 1,Baseball Stars Autographs,,BSA-CE,Christian Encarnacion-Stra,Cincinnati Reds,Baseball Stars Autographs	BSA-CE	Christian Encarnacion-Stra	Cincinnati Reds,False
2024_topps_series1,2024,Topps,Series 1,Baseball Stars Autographs,,BSA-CM,Curtis Mead,Tampa Bay Rays,Baseball Stars Autographs	BSA-CM	Curtis Mead	Tampa Bay Rays,False
2024_topps_series1,2024,Topps,Series 1,Baseball Stars Autographs,,BSA-CON,Connor Phillips,Cincinnati Reds,Baseball Stars Autographs	BSA-CON	Connor Phillips	Cincinnati Reds,False
2024_topps_series1,2024,Topps,Series 1,Baseball Stars Autographs,,BSA-CS,Casey Schmitt,San Francisco Giants,Baseball Stars Autographs	BSA-CS	Casey Schmitt	San Francisco Giants,False
2024_topps_series1,2024,Topps,Series 1,Baseball Stars Autographs,,BSA-CSC,Clarke Schmidt,New York Yankees,Baseball Stars Autographs	BSA-CSC	Clarke Schmidt	New York Yankees,False
2024_topps_series1,2024,Topps,Series 1,,,Baseball Stars Autographs,BSA-CT,Chris Taylor,Baseball Stars Autographs	BSA-CT	Chris Taylor,False
2024_topps_series1,2024,Topps,Series 1,Baseball Stars Autographs,,BSA-DB,David Bednar,Pittsburgh Pirates,Baseball Stars Autographs	BSA-DB	David Bednar	Pittsburgh Pirates,False
2024_topps_series1,2024,Topps,Series 1,Baseball Stars Autographs,,BSA-DC,Dylan Carlson,St. Louis Cardinals,Baseball Stars Autographs	BSA-DC	Dylan Carlson	St. Louis Cardinals,False
2024_topps_series1,2024,Topps,Series 1,Baseball Stars Autographs,,BSA-DM,Dustin May,Los Angeles Dodgers,Baseball Stars Autographs	BSA-DM	Dustin May	Los Angeles Dodgers,False
2024_topps_series1,2024,Topps,Series 1,Baseball Stars Autographs,,BSA-DP,Daniel Palencia,Chicago Cubs,Baseball Stars Autographs	BSA-DP	Daniel Palencia	Chicago Cubs,False
2024_topps_series1,2024,Topps,Series 1,Baseball Stars Autographs,,BSA-DS,Darryl Strawberry,New York Mets,Baseball Stars Autographs	BSA-DS	Darryl Strawberry	New York Mets,False
2024_topps_series1,2024,Topps,Series 1,Baseball Stars Autographs,,BSA-DV,Daulton Varsho,Toronto Blue Jays,Baseball Stars Autographs	BSA-DV	Daulton Varsho	Toronto Blue Jays,False
2024_topps_series1,2024,Topps,Series 1,Baseball Stars Autographs,,BSA-ED,Elly De La Cruz,Cincinnati Reds,Baseball Stars Autographs	BSA-ED	Elly De La Cruz	Cincinnati Reds,False
2024_topps_series1,2024,Topps,Series 1,Baseball Stars Autographs,,BSA-ER,Endy Rodríguez,Pittsburgh Pirates,Baseball Stars Autographs	BSA-ER	Endy Rodríguez	Pittsburgh Pirates,False
2024_topps_series1,2024,Topps,Series 1,Baseball Stars Autographs,,BSA-EVE,Everson Pereira,New York Yankees,Baseball Stars Autographs	BSA-EVE	Everson Pereira	New York Yankees,False
2024_topps_series1,2024,Topps,Series 1,Baseball Stars Autographs,,BSA-GW,Gavin Williams,Cleveland Guardians,Baseball Stars Autographs	BSA-GW	Gavin Williams	Cleveland Guardians,False
2024_topps_series1,2024,Topps,Series 1,Baseball Stars Autographs,,BSA-HAN,Emerson Hancock,Seattle Mariners,Baseball Stars Autographs	BSA-HAN	Emerson Hancock	Seattle Mariners,False
2024_topps_series1,2024,Topps,Series 1,Baseball Stars Autographs,,BSA-HD,Henry Davis,Pittsburgh Pirates,Baseball Stars Autographs	BSA-HD	Henry Davis	Pittsburgh Pirates,False
2024_topps_series1,2024,Topps,Series 1,Baseball Stars Autographs,,BSA-HR,Hanley Ramirez,Florida Marlins,Baseball Stars Autographs	BSA-HR	Hanley Ramirez	Florida Marlins,False
2024_topps_series1,2024,Topps,Series 1,Baseball Stars Autographs,,BSA-JAS,Jasson Domínguez,New York Yankees,Baseball Stars Autographs	BSA-JAS	Jasson Domínguez	New York Yankees,False
2024_topps_series1,2024,Topps,Series 1,Baseball Stars Autographs,,BSA-JB,Jake Burger,Miami Marlins,Baseball Stars Autographs	BSA-JB	Jake Burger	Miami Marlins,False
2024_topps_series1,2024,Topps,Series 1,Baseball Stars Autographs,,BSA-JCA,Jose Canseco,Oakland Athletics,Baseball Stars Autographs	BSA-JCA	Jose Canseco	Oakland Athletics,False
2024_topps_series1,2024,Topps,Series 1,Baseball Stars Autographs,,BSA-JFN,José Fermín,St. Louis Cardinals,Baseball Stars Autographs	BSA-JFN	José Fermín	St. Louis Cardinals,False
2024_topps_series1,2024,Topps,Series 1,Baseball Stars Autographs,,BSA-JI,Jonathan India,Cincinnati Reds,Baseball Stars Autographs	BSA-JI	Jonathan India	Cincinnati Reds,False
2024_topps_series1,2024,Topps,Series 1,Baseball Stars Autographs,,BSA-JK,Jarred Kelenic,Seattle Mariners,Baseball Stars Autographs	BSA-JK	Jarred Kelenic	Seattle Mariners,False
2024_topps_series1,2024,Topps,Series 1,Baseball Stars Autographs,,BSA-JL,Jordan Lawlar,Arizona Diamondbacks,Baseball Stars Autographs	BSA-JL	Jordan Lawlar	Arizona Diamondbacks,False
2024_topps_series1,2024,Topps,Series 1,Baseball Stars Autographs,,BSA-JLO,Josh Lowe,Tampa Bay Rays,Baseball Stars Autographs	BSA-JLO	Josh Lowe	Tampa Bay Rays,False
2024_topps_series1,2024,Topps,Series 1,Baseball Stars Autographs,,BSA-JM,Justin Morneau,Minnesota Twins,Baseball Stars Autographs	BSA-JM	Justin Morneau	Minnesota Twins,False
2024_topps_series1,2024,Topps,Series 1,Baseball Stars Autographs,,BSA-JN,Josh Naylor,Cleveland Guardians,Baseball Stars Autographs	BSA-JN	Josh Naylor	Cleveland Guardians,False
2024_topps_series1,2024,Topps,Series 1,Baseball Stars Autographs,,BSA-JR,Jimmy Rollins,Philadelphia Phillies,Baseball Stars Autographs	BSA-JR	Jimmy Rollins	Philadelphia Phillies,False
2024_topps_series1,2024,Topps,Series 1,Baseball Stars Autographs,,BSA-JS,Jorge Soler,Miami Marlins,Baseball Stars Autographs	BSA-JS	Jorge Soler	Miami Marlins,False
2024_topps_series1,2024,Topps,Series 1,Baseball Stars Autographs,,BSA-JWE,Jordan Westburg,Baltimore Orioles,Baseball Stars Autographs	BSA-JWE	Jordan Westburg	Baltimore Orioles,False
2024_topps_series1,2024,Topps,Series 1,Baseball Stars Autographs,,BSA-JWF,Jackson Wolf,Pittsburgh Pirates,Baseball Stars Autographs	BSA-JWF	Jackson Wolf	Pittsburgh Pirates,False
2024_topps_series1,2024,Topps,Series 1,Baseball Stars Autographs,,BSA-JWI,Joey Wiemer,Milwaukee Brewers,Baseball Stars Autographs	BSA-JWI	Joey Wiemer	Milwaukee Brewers,False
2024_topps_series1,2024,Topps,Series 1,Baseball Stars Autographs,,BSA-KH,Ke'Bryan Hayes,Pittsburgh Pirates,Baseball Stars Autographs	BSA-KH	Ke'Bryan Hayes	Pittsburgh Pirates,False
2024_topps_series1,2024,Topps,Series 1,Baseball Stars Autographs,,BSA-KHA,Kyle Harrison,San Francisco Giants,Baseball Stars Autographs	BSA-KHA	Kyle Harrison	San Francisco Giants,False
2024_topps_series1,2024,Topps,Series 1,Baseball Stars Autographs,,BSA-LM,Luis Matos,San Francisco Giants,Baseball Stars Autographs	BSA-LM	Luis Matos	San Francisco Giants,False
2024_topps_series1,2024,Topps,Series 1,Baseball Stars Autographs,,BSA-LN,Lars Nootbaar,St. Louis Cardinals,Baseball Stars Autographs	BSA-LN	Lars Nootbaar	St. Louis Cardinals,False
2024_topps_series1,2024,Topps,Series 1,Baseball Stars Autographs,,BSA-LOF,Nick Loftin,Kansas City Royals,Baseball Stars Autographs	BSA-LOF	Nick Loftin	Kansas City Royals,False
2024_topps_series1,2024,Topps,Series 1,Baseball Stars Autographs,,BSA-MCO,Michael Conforto,San Francisco Giants,Baseball Stars Autographs	BSA-MCO	Michael Conforto	San Francisco Giants,False
2024_topps_series1,2024,Topps,Series 1,Baseball Stars Autographs,,BSA-MEA,Parker Meadows,Detroit Tigers,Baseball Stars Autographs	BSA-MEA	Parker Meadows	Detroit Tigers,False
2024_topps_series1,2024,Topps,Series 1,Baseball Stars Autographs,,BSA-MG,MacKenzie Gore,Washington Nationals,Baseball Stars Autographs	BSA-MG	MacKenzie Gore	Washington Nationals,False
2024_topps_series1,2024,Topps,Series 1,Baseball Stars Autographs,,BSA-MH,Matt Holliday,St. Louis Cardinals,Baseball Stars Autographs	BSA-MH	Matt Holliday	St. Louis Cardinals,False
2024_topps_series1,2024,Topps,Series 1,Baseball Stars Autographs,,BSA-MMC,Matt McLain,Cincinnati Reds,Baseball Stars Autographs	BSA-MMC	Matt McLain	Cincinnati Reds,False
2024_topps_series1,2024,Topps,Series 1,Baseball Stars Autographs,,BSA-MMI,Miles Mikolas,St. Louis Cardinals,Baseball Stars Autographs	BSA-MMI	Miles Mikolas	St. Louis Cardinals,False
2024_topps_series1,2024,Topps,Series 1,Baseball Stars Autographs,,BSA-MMO,Mickey Moniak,Los Angeles Angels,Baseball Stars Autographs	BSA-MMO	Mickey Moniak	Los Angeles Angels,False
2024_topps_series1,2024,Topps,Series 1,Baseball Stars Autographs,,BSA-MT,Mark Teixeira,New York Yankees,Baseball Stars Autographs	BSA-MT	Mark Teixeira	New York Yankees,False
2024_topps_series1,2024,Topps,Series 1,Baseball Stars Autographs,,BSA-NG,Nick Gonzales,Pittsburgh Pirates,Baseball Stars Autographs	BSA-NG	Nick Gonzales	Pittsburgh Pirates,False
2024_topps_series1,2024,Topps,Series 1,Baseball Stars Autographs,,BSA-NH,Nico Hoerner,Chicago Cubs,Baseball Stars Autographs	BSA-NH	Nico Hoerner	Chicago Cubs,False
2024_topps_series1,2024,Topps,Series 1,Baseball Stars Autographs,,BSA-NOE,Noelvi Marte,Cincinnati Reds,Baseball Stars Autographs	BSA-NOE	Noelvi Marte	Cincinnati Reds,False
2024_topps_series1,2024,Topps,Series 1,Baseball Stars Autographs,,BSA-OW,Owen White,Texas Rangers,Baseball Stars Autographs	BSA-OW	Owen White	Texas Rangers,False
2024_topps_series1,2024,Topps,Series 1,Baseball Stars Autographs,,BSA-PB,Prelander Berroa,Seattle Mariners,Baseball Stars Autographs	BSA-PB	Prelander Berroa	Seattle Mariners,False
2024_topps_series1,2024,Topps,Series 1,Baseball Stars Autographs,,BSA-PF,Prince Fielder,Milwaukee Brewers,Baseball Stars Autographs	BSA-PF	Prince Fielder	Milwaukee Brewers,False
2024_topps_series1,2024,Topps,Series 1,Baseball Stars Autographs,,BSA-PO,Paul O'Neill,New York Yankees,Baseball Stars Autographs	BSA-PO	Paul O'Neill	New York Yankees,False
2024_topps_series1,2024,Topps,Series 1,Baseball Stars Autographs,,BSA-QP,Quinn Priester,Pittsburgh Pirates,Baseball Stars Autographs	BSA-QP	Quinn Priester	Pittsburgh Pirates,False
2024_topps_series1,2024,Topps,Series 1,Baseball Stars Autographs,,BSA-RA,Rick Ankiel,St. Louis Cardinals,Baseball Stars Autographs	BSA-RA	Rick Ankiel	St. Louis Cardinals,False
2024_topps_series1,2024,Topps,Series 1,Baseball Stars Autographs,,BSA-RAF,Ceddanne Rafaela,Boston Red Sox,Baseball Stars Autographs	BSA-RAF	Ceddanne Rafaela	Boston Red Sox,False
2024_topps_series1,2024,Topps,Series 1,Baseball Stars Autographs,,BSA-RD,Reid Detmers,Los Angeles Angels,Baseball Stars Autographs	BSA-RD	Reid Detmers	Los Angeles Angels,False
2024_topps_series1,2024,Topps,Series 1,Baseball Stars Autographs,,BSA-RH,Ryan Howard,Philadelphia Phillies,Baseball Stars Autographs	BSA-RH	Ryan Howard	Philadelphia Phillies,False
2024_topps_series1,2024,Topps,Series 1,Baseball Stars Autographs,,BSA-SB,Shane Baz,Tampa Bay Rays,Baseball Stars Autographs	BSA-SB	Shane Baz	Tampa Bay Rays,False
2024_topps_series1,2024,Topps,Series 1,Baseball Stars Autographs,,BSA-SCH,Davis Schneider,Toronto Blue Jays,Baseball Stars Autographs	BSA-SCH	Davis Schneider	Toronto Blue Jays,False
2024_topps_series1,2024,Topps,Series 1,Baseball Stars Autographs,,BSA-SF,Sal Frelick,Milwaukee Brewers,Baseball Stars Autographs	BSA-SF	Sal Frelick	Milwaukee Brewers,False
2024_topps_series1,2024,Topps,Series 1,Baseball Stars Autographs,,BSA-SM,Shane McClanahan,Tampa Bay Rays,Baseball Stars Autographs	BSA-SM	Shane McClanahan	Tampa Bay Rays,False
2024_topps_series1,2024,Topps,Series 1,Baseball Stars Autographs,,BSA-SMA,Starling Marte,New York Mets,Baseball Stars Autographs	BSA-SMA	Starling Marte	New York Mets,False
2024_topps_series1,2024,Topps,Series 1,Baseball Stars Autographs,,BSA-TG,Tony Gonsolin,Los Angeles Dodgers,Baseball Stars Autographs	BSA-TG	Tony Gonsolin	Los Angeles Dodgers,False
2024_topps_series1,2024,Topps,Series 1,Baseball Stars Autographs,,BSA-TMC,Triston McKenzie,Cleveland Guardians,Baseball Stars Autographs	BSA-TMC	Triston McKenzie	Cleveland Guardians,False
2024_topps_series1,2024,Topps,Series 1,Baseball Stars Autographs,,BSA-TS,Tyler Soderstrom,Oakland Athletics,Baseball Stars Autographs	BSA-TS	Tyler Soderstrom	Oakland Athletics,False
2024_topps_series1,2024,Topps,Series 1,Baseball Stars Autographs,,BSA-VG,Vladimir Guerrero Jr.,Toronto Blue Jays,Baseball Stars Autographs	BSA-VG	Vladimir Guerrero Jr.	Toronto Blue Jays,False
2024_topps_series1,2024,Topps,Series 1,Baseball Stars Autographs,,BSA-VIN,Darius Vines,Atlanta Braves,Baseball Stars Autographs	BSA-VIN	Darius Vines	Atlanta Braves,False
2024_topps_series1,2024,Topps,Series 1,Baseball Stars Autographs,,BSA-WAB,Wilyer Abreu,Boston Red Sox,Baseball Stars Autographs	BSA-WAB	Wilyer Abreu	Boston Red Sox,False
2024_topps_series1,2024,Topps,Series 1,Baseball Stars Autographs,,BSA-WEL,Austin Wells,New York Yankees,Baseball Stars Autographs	BSA-WEL	Austin Wells	New York Yankees,False
2024_topps_series1,2024,Topps,Series 1,Baseball Stars Autographs,,BSA-WIC,Jordan Wicks,Chicago Cubs,Baseball Stars Autographs	BSA-WIC	Jordan Wicks	Chicago Cubs,False
2024_topps_series1,2024,Topps,Series 1,Baseball Stars Autographs,,BSA-WME,Wade Meckler,San Francisco Giants,Baseball Stars Autographs	BSA-WME	Wade Meckler	San Francisco Giants,False
2024_topps_series1,2024,Topps,Series 1,Baseball Stars Autographs,,BSA-ZG,Zack Gelof,Oakland Athletics,Baseball Stars Autographs	BSA-ZG	Zack Gelof	Oakland Athletics,False
2024_topps_series1,2024,Topps,Series 1,Baseball Stars Autographs,,BSA-ZN,Zach Neto,Los Angeles Angels,Baseball Stars Autographs	BSA-ZN	Zach Neto	Los Angeles Angels,False
2024_topps_series1,2024,Topps,Series 1,Baseball Stars Dual Autographs,,BSDA-BAB,Craig Biggio / Jeff Bagwell,Houston Astros,Baseball Stars Dual Autographs	BSDA-BAB	Craig Biggio / Jeff Bagwell	Houston Astros,True
2024_topps_series1,2024,Topps,Series 1,Baseball Stars Dual Autographs,,BSDA-BEV,Johnny Bench / Joey Votto,Cincinnati Reds,Baseball Stars Dual Autographs	BSDA-BEV	Johnny Bench / Joey Votto	Cincinnati Reds,True
2024_topps_series1,2024,Topps,Series 1,Baseball Stars Dual Autographs,,BSDA-BOC,Wade Boggs / Roger Clemens,Boston Red Sox,Baseball Stars Dual Autographs	BSDA-BOC	Wade Boggs / Roger Clemens	Boston Red Sox,True
2024_topps_series1,2024,Topps,Series 1,Baseball Stars Dual Autographs,,BSDA-BRJ,Bo Jackson / George Brett,Kansas City Royals,Baseball Stars Dual Autographs	BSDA-BRJ	Bo Jackson / George Brett	Kansas City Royals,True
2024_topps_series1,2024,Topps,Series 1,Baseball Stars Dual Autographs,,BSDA-CLP,Will Clark / Buster Posey,San Francisco Giants,Baseball Stars Dual Autographs	BSDA-CLP	Will Clark / Buster Posey	San Francisco Giants,True
2024_topps_series1,2024,Topps,Series 1,Baseball Stars Dual Autographs,,BSDA-DAB,George Brett / Bobby Witt Jr.,Kansas City Royals,Baseball Stars Dual Autographs	BSDA-DAB	George Brett / Bobby Witt Jr.	Kansas City Royals,True
2024_topps_series1,2024,Topps,Series 1,Baseball Stars Dual Autographs,,BSDA-GJI,Ichiro / Ken Griffey Jr.,Seattle Mariners,Baseball Stars Dual Autographs	BSDA-GJI	Ichiro / Ken Griffey Jr.	Seattle Mariners,True
2024_topps_series1,2024,Topps,Series 1,Baseball Stars Dual Autographs,,BSDA-GJR,Julio Rodríguez / Ken Griffey Jr.,Seattle Mariners,Baseball Stars Dual Autographs	BSDA-GJR	Julio Rodríguez / Ken Griffey Jr.	Seattle Mariners,True
2024_topps_series1,2024,Topps,Series 1,Baseball Stars Dual Autographs,,BSDA-HAT,Trea Turner / Bryce Harper,Philadelphia Phillies,Baseball Stars Dual Autographs	BSDA-HAT	Trea Turner / Bryce Harper	Philadelphia Phillies,True
2024_topps_series1,2024,Topps,Series 1,Baseball Stars Dual Autographs,,BSDA-HOR,Jimmy Rollins / Ryan Howard,Philadelphia Phillies,Baseball Stars Dual Autographs	BSDA-HOR	Jimmy Rollins / Ryan Howard	Philadelphia Phillies,True
2024_topps_series1,2024,Topps,Series 1,Baseball Stars Dual Autographs,,BSDA-JAJ,Chipper Jones / Ronald Acuña Jr.,Atlanta Braves,Baseball Stars Dual Autographs	BSDA-JAJ	Chipper Jones / Ronald Acuña Jr.	Atlanta Braves,True
2024_topps_series1,2024,Topps,Series 1,Baseball Stars Dual Autographs,,BSDA-JEJ,Aaron Judge / Derek Jeter,New York Yankees,Baseball Stars Dual Autographs	BSDA-JEJ	Aaron Judge / Derek Jeter	New York Yankees,True
2024_topps_series1,2024,Topps,Series 1,Baseball Stars Dual Autographs,,BSDA-JOM,Chipper Jones / Greg Maddux,Atlanta Braves,Baseball Stars Dual Autographs	BSDA-JOM	Chipper Jones / Greg Maddux	Atlanta Braves,True
2024_topps_series1,2024,Topps,Series 1,Baseball Stars Dual Autographs,,BSDA-JWJ,Bo Jackson / Bobby Witt Jr.,Kansas City Royals,Baseball Stars Dual Autographs	BSDA-JWJ	Bo Jackson / Bobby Witt Jr.	Kansas City Royals,True
2024_topps_series1,2024,Topps,Series 1,Baseball Stars Dual Autographs,,BSDA-LAV,Joey Votto / Barry Larkin,Cincinnati Reds,Baseball Stars Dual Autographs	BSDA-LAV	Joey Votto / Barry Larkin	Cincinnati Reds,True
2024_topps_series1,2024,Topps,Series 1,Baseball Stars Dual Autographs,,BSDA-MAR,Anthony Rizzo / Don Mattingly,New York Yankees,Baseball Stars Dual Autographs	BSDA-MAR	Anthony Rizzo / Don Mattingly	New York Yankees,True
2024_topps_series1,2024,Topps,Series 1,Baseball Stars Dual Autographs,,BSDA-OMA,Pedro Martinez / David Ortiz,Boston Red Sox,Baseball Stars Dual Autographs	BSDA-OMA	Pedro Martinez / David Ortiz	Boston Red Sox,True
2024_topps_series1,2024,Topps,Series 1,Baseball Stars Dual Autographs,,BSDA-PAL,Pete Alonso / Mike Piazza,New York Mets,Baseball Stars Dual Autographs	BSDA-PAL	Pete Alonso / Mike Piazza	New York Mets,True
2024_topps_series1,2024,Topps,Series 1,Baseball Stars Dual Autographs,,BSDA-RJM,Cal Ripken Jr. / Eddie Murray,Baltimore Orioles,Baseball Stars Dual Autographs	BSDA-RJM	Cal Ripken Jr. / Eddie Murray	Baltimore Orioles,True
2024_topps_series1,2024,Topps,Series 1,Baseball Stars Dual Autographs,,BSDA-RRJ,Cal Ripken Jr. / Brooks Robinson,Baltimore Orioles,Baseball Stars Dual Autographs	BSDA-RRJ	Cal Ripken Jr. / Brooks Robinson	Baltimore Orioles,True
2024_topps_series1,2024,Topps,Series 1,Baseball Stars Dual Autographs,,BSDA-RYJ,Randy Johnson / Nolan Ryan,Seattle Mariners,Baseball Stars Dual Autographs	BSDA-RYJ	Randy Johnson / Nolan Ryan	Seattle Mariners,True
2024_topps_series1,2024,Topps,Series 1,Baseball Stars Dual Autographs,,BSDA-RYJ,Randy Johnson / Nolan Ryan,Houston Astros,Baseball Stars Dual Autographs	BSDA-RYJ	Randy Johnson / Nolan Ryan	Houston Astros,True
2024_topps_series1,2024,Topps,Series 1,Baseball Stars Dual Autographs,,BSDA-SAM,Greg Maddux / Ryne Sandberg,Chicago Cubs,Baseball Stars Dual Autographs	BSDA-SAM	Greg Maddux / Ryne Sandberg	Chicago Cubs,True
2024_topps_series1,2024,Topps,Series 1,Baseball Stars Dual Autographs,,BSDA-SCH,Mike Schmidt / Bryce Harper,Philadelphia Phillies,Baseball Stars Dual Autographs	BSDA-SCH	Mike Schmidt / Bryce Harper	Philadelphia Phillies,True
2024_topps_series1,2024,Topps,Series 1,Baseball Stars Dual Autographs,,BSDA-TJS,Juan Soto / Fernando Tatis Jr.,San Diego Padres,Baseball Stars Dual Autographs	BSDA-TJS	Juan Soto / Fernando Tatis Jr.	San Diego Padres,True
2024_topps_series1,2024,Topps,Series 1,Baseball Stars Dual Autographs,,BSDA-TOH,Mike Trout / Shohei Ohtani,Los Angeles Angels,Baseball Stars Dual Autographs	BSDA-TOH	Mike Trout / Shohei Ohtani	Los Angeles Angels,True
2024_topps_series1,2024,Topps,Series 1,Baseball Stars Dual Autographs,,BSDA-VDLC,Joey Votto / Elly De La Cruz,Cincinnati Reds,Baseball Stars Dual Autographs	BSDA-VDLC	Joey Votto / Elly De La Cruz	Cincinnati Reds,True
2024_topps_series1,2024,Topps,Series 1,Baseball Stars Dual Autographs,,BSDA-WA,Pete Alonso / David Wright,New York Mets,Baseball Stars Dual Autographs	BSDA-WA	Pete Alonso / David Wright	New York Mets,True
2024_topps_series1,2024,Topps,Series 1,Baseball Stars Dual Autographs,,BSDA-YOF,Prince Fielder / Robin Yount,Milwaukee Brewers,Baseball Stars Dual Autographs	BSDA-YOF	Prince Fielder / Robin Yount	Milwaukee Brewers,True
2024_topps_series1,2024,Topps,Series 1,Celebration of the Kid,,KID-1,Ken Griffey Jr.,Seattle Mariners,Celebration of the Kid	KID-1	Ken Griffey Jr.	Seattle Mariners,False
2024_topps_series1,2024,Topps,Series 1,Celebration of the Kid,,KID-2,Ken Griffey Jr.,Seattle Mariners,Celebration of the Kid	KID-2	Ken Griffey Jr.	Seattle Mariners,False
2024_topps_series1,2024,Topps,Series 1,Celebration of the Kid,,KID-3,Ken Griffey Jr.,Seattle Mariners,Celebration of the Kid	KID-3	Ken Griffey Jr.	Seattle Mariners,False
2024_topps_series1,2024,Topps,Series 1,Celebration of the Kid,,KID-4,Ken Griffey Jr.,Seattle Mariners,Celebration of the Kid	KID-4	Ken Griffey Jr.	Seattle Mariners,False
2024_topps_series1,2024,Topps,Series 1,Celebration of the Kid,,KID-5,Ken Griffey Jr.,Seattle Mariners,Celebration of the Kid	KID-5	Ken Griffey Jr.	Seattle Mariners,False
2024_topps_series1,2024,Topps,Series 1,Celebration of the Kid,,KID-6,Ken Griffey Jr.,Seattle Mariners,Celebration of the Kid	KID-6	Ken Griffey Jr.	Seattle Mariners,False
2024_topps_series1,2024,Topps,Series 1,Celebration of the Kid,,KID-7,Ken Griffey Jr.,Seattle Mariners,Celebration of the Kid	KID-7	Ken Griffey Jr.	Seattle Mariners,False
2024_topps_series1,2024,Topps,Series 1,Celebration of the Kid,,KID-8,Ken Griffey Jr.,Seattle Mariners,Celebration of the Kid	KID-8	Ken Griffey Jr.	Seattle Mariners,False
2024_topps_series1,2024,Topps,Series 1,Celebration of the Kid,,KID-9,Ken Griffey Jr.,Seattle Mariners,Celebration of the Kid	KID-9	Ken Griffey Jr.	Seattle Mariners,False
2024_topps_series1,2024,Topps,Series 1,Celebration of the Kid,,KID-10,Ken Griffey Jr.,Seattle Mariners,Celebration of the Kid	KID-10	Ken Griffey Jr.	Seattle Mariners,False
2024_topps_series1,2024,Topps,Series 1,Celebration of the Kid,,KID-11,Ken Griffey Jr.,Seattle Mariners,Celebration of the Kid	KID-11	Ken Griffey Jr.	Seattle Mariners,False
2024_topps_series1,2024,Topps,Series 1,Celebration of the Kid,,KID-12,Ken Griffey Jr.,Seattle Mariners,Celebration of the Kid	KID-12	Ken Griffey Jr.	Seattle Mariners,False
2024_topps_series1,2024,Topps,Series 1,Celebration of the Kid,,KID-13,Ken Griffey Jr.,Seattle Mariners,Celebration of the Kid	KID-13	Ken Griffey Jr.	Seattle Mariners,False
2024_topps_series1,2024,Topps,Series 1,Celebration of the Kid,,KID-14,Ken Griffey Jr.,Seattle Mariners,Celebration of the Kid	KID-14	Ken Griffey Jr.	Seattle Mariners,False
2024_topps_series1,2024,Topps,Series 1,Celebration of the Kid,,KID-15,Ken Griffey Jr.,Seattle Mariners,Celebration of the Kid	KID-15	Ken Griffey Jr.	Seattle Mariners,False
2024_topps_series1,2024,Topps,Series 1,Celebration of the Kid,,KID-16,Ken Griffey Jr.,Cincinnati Reds,Celebration of the Kid	KID-16	Ken Griffey Jr.	Cincinnati Reds,False
2024_topps_series1,2024,Topps,Series 1,Celebration of the Kid,,KID-17,Ken Griffey Jr.,Cincinnati Reds,Celebration of the Kid	KID-17	Ken Griffey Jr.	Cincinnati Reds,False
2024_topps_series1,2024,Topps,Series 1,Celebration of the Kid,,KID-18,Ken Griffey Jr.,Cincinnati Reds,Celebration of the Kid	KID-18	Ken Griffey Jr.	Cincinnati Reds,False
2024_topps_series1,2024,Topps,Series 1,Celebration of the Kid,,KID-19,Ken Griffey Jr.,Cincinnati Reds,Celebration of the Kid	KID-19	Ken Griffey Jr.	Cincinnati Reds,False
2024_topps_series1,2024,Topps,Series 1,Celebration of the Kid,,KID-20,Ken Griffey Jr.,Cincinnati Reds,Celebration of the Kid	KID-20	Ken Griffey Jr.	Cincinnati Reds,False
2024_topps_series1,2024,Topps,Series 1,Celebration of the Kid,,KID-21,Ken Griffey Jr.,Cincinnati Reds,Celebration of the Kid	KID-21	Ken Griffey Jr.	Cincinnati Reds,False
2024_topps_series1,2024,Topps,Series 1,Celebration of the Kid,,KID-22,Ken Griffey Jr.,Chicago White Sox,Celebration of the Kid	KID-22	Ken Griffey Jr.	Chicago White Sox,False
2024_topps_series1,2024,Topps,Series 1,Celebration of the Kid,,KID-23,Ken Griffey Jr.,Seattle Mariners,Celebration of the Kid	KID-23	Ken Griffey Jr.	Seattle Mariners,False
2024_topps_series1,2024,Topps,Series 1,Celebration of the Kid,,KID-24,Ken Griffey Jr.,Seattle Mariners,Celebration of the Kid	KID-24	Ken Griffey Jr.	Seattle Mariners,False
2024_topps_series1,2024,Topps,Series 1,Celebration of the Kid Autographs,,KIDA-KG1,Ken Griffey Jr.,Seattle Mariners,Celebration of the Kid Autographs	KIDA-KG1	Ken Griffey Jr.	Seattle Mariners,False
2024_topps_series1,2024,Topps,Series 1,Celebration of the Kid Autographs,,KIDA-KG2,Ken Griffey Jr.,Seattle Mariners,Celebration of the Kid Autographs	KIDA-KG2	Ken Griffey Jr.	Seattle Mariners,False
2024_topps_series1,2024,Topps,Series 1,Celebration of the Kid Autographs,,KIDA-KG3,Ken Griffey Jr.,Seattle Mariners,Celebration of the Kid Autographs	KIDA-KG3	Ken Griffey Jr.	Seattle Mariners,False
2024_topps_series1,2024,Topps,Series 1,Celebration of the Kid Autographs,,KIDA-KG4,Ken Griffey Jr.,Seattle Mariners,Celebration of the Kid Autographs	KIDA-KG4	Ken Griffey Jr.	Seattle Mariners,False
2024_topps_series1,2024,Topps,Series 1,Celebration of the Kid Autographs,,KIDA-KG5,Ken Griffey Jr.,Seattle Mariners,Celebration of the Kid Autographs	KIDA-KG5	Ken Griffey Jr.	Seattle Mariners,False
2024_topps_series1,2024,Topps,Series 1,Celebration of the Kid Autographs,,KIDA-KG6,Ken Griffey Jr.,Seattle Mariners,Celebration of the Kid Autographs	KIDA-KG6	Ken Griffey Jr.	Seattle Mariners,False
2024_topps_series1,2024,Topps,Series 1,Celebration of the Kid Autographs,,KIDA-KG7,Ken Griffey Jr.,Seattle Mariners,Celebration of the Kid Autographs	KIDA-KG7	Ken Griffey Jr.	Seattle Mariners,False
2024_topps_series1,2024,Topps,Series 1,Celebration of the Kid Autographs,,KIDA-KG8,Ken Griffey Jr.,Seattle Mariners,Celebration of the Kid Autographs	KIDA-KG8	Ken Griffey Jr.	Seattle Mariners,False
2024_topps_series1,2024,Topps,Series 1,Celebration of the Kid Autographs,,KIDA-KG9,Ken Griffey Jr.,Seattle Mariners,Celebration of the Kid Autographs	KIDA-KG9	Ken Griffey Jr.	Seattle Mariners,False
2024_topps_series1,2024,Topps,Series 1,Celebration of the Kid Autographs,,KIDA-KG10,Ken Griffey Jr.,Seattle Mariners,Celebration of the Kid Autographs	KIDA-KG10	Ken Griffey Jr.	Seattle Mariners,False
2024_topps_series1,2024,Topps,Series 1,Celebration of the Kid Autographs,,KIDA-KG11,Ken Griffey Jr.,Seattle Mariners,Celebration of the Kid Autographs	KIDA-KG11	Ken Griffey Jr.	Seattle Mariners,False
2024_topps_series1,2024,Topps,Series 1,Celebration of the Kid Autographs,,KIDA-KG12,Ken Griffey Jr.,Seattle Mariners,Celebration of the Kid Autographs	KIDA-KG12	Ken Griffey Jr.	Seattle Mariners,False
2024_topps_series1,2024,Topps,Series 1,Celebration of the Kid Autographs,,KIDA-KG13,Ken Griffey Jr.,Seattle Mariners,Celebration of the Kid Autographs	KIDA-KG13	Ken Griffey Jr.	Seattle Mariners,False
2024_topps_series1,2024,Topps,Series 1,Celebration of the Kid Autographs,,KIDA-KG14,Ken Griffey Jr.,Seattle Mariners,Celebration of the Kid Autographs	KIDA-KG14	Ken Griffey Jr.	Seattle Mariners,False
2024_topps_series1,2024,Topps,Series 1,Celebration of the Kid Autographs,,KIDA-KG15,Ken Griffey Jr.,Seattle Mariners,Celebration of the Kid Autographs	KIDA-KG15	Ken Griffey Jr.	Seattle Mariners,False
2024_topps_series1,2024,Topps,Series 1,Celebration of the Kid Autographs,,KIDA-KG16,Ken Griffey Jr.,Cincinnati Reds,Celebration of the Kid Autographs	KIDA-KG16	Ken Griffey Jr.	Cincinnati Reds,False
2024_topps_series1,2024,Topps,Series 1,Celebration of the Kid Autographs,,KIDA-KG17,Ken Griffey Jr.,Cincinnati Reds,Celebration of the Kid Autographs	KIDA-KG17	Ken Griffey Jr.	Cincinnati Reds,False
2024_topps_series1,2024,Topps,Series 1,Celebration of the Kid Autographs,,KIDA-KG18,Ken Griffey Jr.,Cincinnati Reds,Celebration of the Kid Autographs	KIDA-KG18	Ken Griffey Jr.	Cincinnati Reds,False
2024_topps_series1,2024,Topps,Series 1,Celebration of the Kid Autographs,,KIDA-KG19,Ken Griffey Jr.,Cincinnati Reds,Celebration of the Kid Autographs	KIDA-KG19	Ken Griffey Jr.	Cincinnati Reds,False
2024_topps_series1,2024,Topps,Series 1,Celebration of the Kid Autographs,,KIDA-KG20,Ken Griffey Jr.,Cincinnati Reds,Celebration of the Kid Autographs	KIDA-KG20	Ken Griffey Jr.	Cincinnati Reds,False
2024_topps_series1,2024,Topps,Series 1,Celebration of the Kid Autographs,,KIDA-KG21,Ken Griffey Jr.,Cincinnati Reds,Celebration of the Kid Autographs	KIDA-KG21	Ken Griffey Jr.	Cincinnati Reds,False
2024_topps_series1,2024,Topps,Series 1,Celebration of the Kid Autographs,,KIDA-KG22,Ken Griffey Jr.,Chicago White Sox,Celebration of the Kid Autographs	KIDA-KG22	Ken Griffey Jr.	Chicago White Sox,False
2024_topps_series1,2024,Topps,Series 1,Celebration of the Kid Autographs,,KIDA-KG23,Ken Griffey Jr.,Seattle Mariners,Celebration of the Kid Autographs	KIDA-KG23	Ken Griffey Jr.	Seattle Mariners,False
2024_topps_series1,2024,Topps,Series 1,Celebration of the Kid Autographs,,KIDA-KG24,Ken Griffey Jr.,Seattle Mariners,Celebration of the Kid Autographs	KIDA-KG24	Ken Griffey Jr.	Seattle Mariners,False
2024_topps_series1,2024,Topps,Series 1,City Connection Swatch Collection,,CC-AB,Alex Bregman,Houston Astros,City Connection Swatch Collection	CC-AB	Alex Bregman	Houston Astros,False
2024_topps_series1,2024,Topps,Series 1,City Connection Swatch Collection,,CC-AS,Anthony Santander,Baltimore Orioles,City Connection Swatch Collection	CC-AS	Anthony Santander	Baltimore Orioles,False
2024_topps_series1,2024,Topps,Series 1,City Connection Swatch Collection,,CC-BC,Brandon Crawford,San Francisco Giants,City Connection Swatch Collection	CC-BC	Brandon Crawford	San Francisco Giants,False
2024_topps_series1,2024,Topps,Series 1,City Connection Swatch Collection,,CC-CBL,Charlie Blackmon,Colorado Rockies,City Connection Swatch Collection	CC-CBL	Charlie Blackmon	Colorado Rockies,False
2024_topps_series1,2024,Topps,Series 1,City Connection Swatch Collection,,CC-CY,Christian Yelich,Milwaukee Brewers,City Connection Swatch Collection	CC-CY	Christian Yelich	Milwaukee Brewers,False
2024_topps_series1,2024,Topps,Series 1,City Connection Swatch Collection,,CC-EM,Elehuris Montero,Colorado Rockies,City Connection Swatch Collection	CC-EM	Elehuris Montero	Colorado Rockies,False
2024_topps_series1,2024,Topps,Series 1,City Connection Swatch Collection,,CC-EP,Eury Pérez,Miami Marlins,City Connection Swatch Collection	CC-EP	Eury Pérez	Miami Marlins,False
2024_topps_series1,2024,Topps,Series 1,City Connection Swatch Collection,,CC-ET,Ezequiel Tovar,Colorado Rockies,City Connection Swatch Collection	CC-ET	Ezequiel Tovar	Colorado Rockies,False
2024_topps_series1,2024,Topps,Series 1,City Connection Swatch Collection,,CC-GH,Gunnar Henderson,Baltimore Orioles,City Connection Swatch Collection	CC-GH	Gunnar Henderson	Baltimore Orioles,False
2024_topps_series1,2024,Topps,Series 1,City Connection Swatch Collection,,CC-GM,Garrett Mitchell,Milwaukee Brewers,City Connection Swatch Collection	CC-GM	Garrett Mitchell	Milwaukee Brewers,False
2024_topps_series1,2024,Topps,Series 1,City Connection Swatch Collection,,CC-HB,Hunter Brown,Houston Astros,City Connection Swatch Collection	CC-HB	Hunter Brown	Houston Astros,False
2024_topps_series1,2024,Topps,Series 1,City Connection Swatch Collection,,CC-JC,Jazz Chisholm Jr.,Miami Marlins,City Connection Swatch Collection	CC-JC	Jazz Chisholm Jr.	Miami Marlins,False
2024_topps_series1,2024,Topps,Series 1,City Connection Swatch Collection,,CC-JG,Josiah Gray,Washington Nationals,City Connection Swatch Collection	CC-JG	Josiah Gray	Washington Nationals,False
2024_topps_series1,2024,Topps,Series 1,City Connection Swatch Collection,,CC-JMA,Jorge Mateo,Baltimore Orioles,City Connection Swatch Collection	CC-JMA	Jorge Mateo	Baltimore Orioles,False
2024_topps_series1,2024,Topps,Series 1,City Connection Swatch Collection,,CC-JP,Jeremy Peña,Houston Astros,City Connection Swatch Collection	CC-JP	Jeremy Peña	Houston Astros,False
2024_topps_series1,2024,Topps,Series 1,City Connection Swatch Collection,,CC-JROD,Julio Rodríguez,Seattle Mariners,City Connection Swatch Collection	CC-JROD	Julio Rodríguez	Seattle Mariners,False
2024_topps_series1,2024,Topps,Series 1,City Connection Swatch Collection,,CC-JSO,Juan Soto,San Diego Padres,City Connection Swatch Collection	CC-JSO	Juan Soto	San Diego Padres,False
2024_topps_series1,2024,Topps,Series 1,City Connection Swatch Collection,,CC-KB,Kris Bryant,Colorado Rockies,City Connection Swatch Collection	CC-KB	Kris Bryant	Colorado Rockies,False
2024_topps_series1,2024,Topps,Series 1,City Connection Swatch Collection,,CC-KT,Kyle Tucker,Houston Astros,City Connection Swatch Collection	CC-KT	Kyle Tucker	Houston Astros,False
2024_topps_series1,2024,Topps,Series 1,City Connection Swatch Collection,,CC-LC,Luis Castillo,Seattle Mariners,City Connection Swatch Collection	CC-LC	Luis Castillo	Seattle Mariners,False
2024_topps_series1,2024,Topps,Series 1,City Connection Swatch Collection,,CC-LW,Logan Webb,San Francisco Giants,City Connection Swatch Collection	CC-LW	Logan Webb	San Francisco Giants,False
2024_topps_series1,2024,Topps,Series 1,City Connection Swatch Collection,,CC-MMA,Manny Machado,San Diego Padres,City Connection Swatch Collection	CC-MMA	Manny Machado	San Diego Padres,False
2024_topps_series1,2024,Topps,Series 1,City Connection Swatch Collection,,CC-MME,MJ Melendez,Kansas City Royals,City Connection Swatch Collection	CC-MME	MJ Melendez	Kansas City Royals,False
2024_topps_series1,2024,Topps,Series 1,City Connection Swatch Collection,,CC-MMU,Max Muncy,Los Angeles Dodgers,City Connection Swatch Collection	CC-MMU	Max Muncy	Los Angeles Dodgers,False
2024_topps_series1,2024,Topps,Series 1,City Connection Swatch Collection,,CC-MT,Mike Trout,Los Angeles Angels,City Connection Swatch Collection	CC-MT	Mike Trout	Los Angeles Angels,False
2024_topps_series1,2024,Topps,Series 1,City Connection Swatch Collection,,CC-MY,Mike Yastrzemski,San Francisco Giants,City Connection Swatch Collection	CC-MY	Mike Yastrzemski	San Francisco Giants,False
2024_topps_series1,2024,Topps,Series 1,City Connection Swatch Collection,,CC-NC,Nelson Cruz,San Diego Padres,City Connection Swatch Collection	CC-NC	Nelson Cruz	San Diego Padres,False
2024_topps_series1,2024,Topps,Series 1,City Connection Swatch Collection,,CC-RM,Ryan Mountcastle,Baltimore Orioles,City Connection Swatch Collection	CC-RM	Ryan Mountcastle	Baltimore Orioles,False
2024_topps_series1,2024,Topps,Series 1,City Connection Swatch Collection,,CC-SP,Salvador Perez,Kansas City Royals,City Connection Swatch Collection	CC-SP	Salvador Perez	Kansas City Royals,False
2024_topps_series1,2024,Topps,Series 1,City Connection Swatch Collection,,CC-TH,Teoscar Hernández,Seattle Mariners,City Connection Swatch Collection	CC-TH	Teoscar Hernández	Seattle Mariners,False
2024_topps_series1,2024,Topps,Series 1,City Connection Swatch Collection,,CC-WC,William Contreras,Milwaukee Brewers,City Connection Swatch Collection	CC-WC	William Contreras	Milwaukee Brewers,False
2024_topps_series1,2024,Topps,Series 1,City Connection Swatch Collection,,CC-XB,Xander Bogaerts,San Diego Padres,City Connection Swatch Collection	CC-XB	Xander Bogaerts	San Diego Padres,False
2024_topps_series1,2024,Topps,Series 1,Companion Cards,,COTB-1,Vladimir Guerrero Jr.,Toronto Blue Jays,Companion Cards	COTB-1	Vladimir Guerrero Jr.	Toronto Blue Jays,False
2024_topps_series1,2024,Topps,Series 1,Companion Cards,,COTB-2,Shohei Ohtani,Los Angeles Angels,Companion Cards	COTB-2	Shohei Ohtani	Los Angeles Angels,False
2024_topps_series1,2024,Topps,Series 1,Companion Cards,,COTB-3,Yordan Alvarez,Houston Astros,Companion Cards	COTB-3	Yordan Alvarez	Houston Astros,False
2024_topps_series1,2024,Topps,Series 1,Companion Cards,,COTB-4,Aaron Judge,New York Yankees,Companion Cards	COTB-4	Aaron Judge	New York Yankees,False
2024_topps_series1,2024,Topps,Series 1,Companion Cards,,COTB-5,Ronald Acuña Jr.,Atlanta Braves,Companion Cards	COTB-5	Ronald Acuña Jr.	Atlanta Braves,False
2024_topps_series1,2024,Topps,Series 1,Companion Cards,,COTB-6,Mike Trout,Los Angeles Angels,Companion Cards	COTB-6	Mike Trout	Los Angeles Angels,False
2024_topps_series1,2024,Topps,Series 1,Companion Cards,,COTB-7,Juan Soto,San Diego Padres,Companion Cards	COTB-7	Juan Soto	San Diego Padres,False
2024_topps_series1,2024,Topps,Series 1,Companion Cards,,COTB-8,Fernando Tatis Jr.,San Diego Padres,Companion Cards	COTB-8	Fernando Tatis Jr.	San Diego Padres,False
2024_topps_series1,2024,Topps,Series 1,Companion Cards,,COTB-9,Nolan Arenado,St. Louis Cardinals,Companion Cards	COTB-9	Nolan Arenado	St. Louis Cardinals,False
2024_topps_series1,2024,Topps,Series 1,Companion Cards,,COTB-10,Pete Alonso,New York Mets,Companion Cards	COTB-10	Pete Alonso	New York Mets,False
2024_topps_series1,2024,Topps,Series 1,Companion Cards,,COTB-11,Bryce Harper,Philadelphia Phillies,Companion Cards	COTB-11	Bryce Harper	Philadelphia Phillies,False
2024_topps_series1,2024,Topps,Series 1,Companion Cards,,COTB-12,Julio Rodríguez,Seattle Mariners,Companion Cards	COTB-12	Julio Rodríguez	Seattle Mariners,False
2024_topps_series1,2024,Topps,Series 1,Companion Cards,,COTB-13,Mookie Betts,Los Angeles Dodgers,Companion Cards	COTB-13	Mookie Betts	Los Angeles Dodgers,False
2024_topps_series1,2024,Topps,Series 1,Companion Cards,,COTB-14,Ronny Mauricio,New York Mets,Companion Cards	COTB-14	Ronny Mauricio	New York Mets,False
2024_topps_series1,2024,Topps,Series 1,Companion Cards,,COTB-15,Rafael Devers,Boston Red Sox,Companion Cards	COTB-15	Rafael Devers	Boston Red Sox,False
2024_topps_series1,2024,Topps,Series 1,Companion Cards,,COTB-16,Adley Rutschman,Baltimore Orioles,Companion Cards	COTB-16	Adley Rutschman	Baltimore Orioles,False
2024_topps_series1,2024,Topps,Series 1,Companion Cards,,COTB-17,Elly De La Cruz,Cincinnati Reds,Companion Cards	COTB-17	Elly De La Cruz	Cincinnati Reds,False
2024_topps_series1,2024,Topps,Series 1,Companion Cards,,COTB-18,Henry Davis,Pittsburgh Pirates,Companion Cards	COTB-18	Henry Davis	Pittsburgh Pirates,False
2024_topps_series1,2024,Topps,Series 1,Companion Cards,,COTB-19,Bobby Witt Jr.,Kansas City Royals,Companion Cards	COTB-19	Bobby Witt Jr.	Kansas City Royals,False
2024_topps_series1,2024,Topps,Series 1,Companion Cards,,COTB-20,Jazz Chisholm Jr.,Miami Marlins,Companion Cards	COTB-20	Jazz Chisholm Jr.	Miami Marlins,False
2024_topps_series1,2024,Topps,Series 1,Companion Cards,,COTB-21,Luis Robert Jr.,Chicago White Sox,Companion Cards	COTB-21	Luis Robert Jr.	Chicago White Sox,False
2024_topps_series1,2024,Topps,Series 1,Companion Cards,,COTB-22,Byron Buxton,Minnesota Twins,Companion Cards	COTB-22	Byron Buxton	Minnesota Twins,False
2024_topps_series1,2024,Topps,Series 1,Companion Cards,,COTB-23,Christian Yelich,Milwaukee Brewers,Companion Cards	COTB-23	Christian Yelich	Milwaukee Brewers,False
2024_topps_series1,2024,Topps,Series 1,Companion Cards,,COTB-24,Marco Luciano,San Francisco Giants,Companion Cards	COTB-24	Marco Luciano	San Francisco Giants,False
2024_topps_series1,2024,Topps,Series 1,Companion Cards,,COTB-25,Freddie Freeman,Los Angeles Dodgers,Companion Cards	COTB-25	Freddie Freeman	Los Angeles Dodgers,False
2024_topps_series1,2024,Topps,Series 1,Cut Signatures,,CSR-AK,Al Kaline,Detroit Tigers	1/1,Cut Signatures	CSR-AK	Al Kaline	Detroit Tigers	1/1,False
2024_topps_series1,2024,Topps,Series 1,Cut Signatures,,CSR-BD,Bill Dickey,New York Yankees	1/1,Cut Signatures	CSR-BD	Bill Dickey	New York Yankees	1/1,False
2024_topps_series1,2024,Topps,Series 1,Cut Signatures,,CSR-BF,Bob Feller,Cleveland	1/1,Cut Signatures	CSR-BF	Bob Feller	Cleveland	1/1,False
2024_topps_series1,2024,Topps,Series 1,Cut Signatures,,CSR-BG,Bob Gibson,St. Louis Cardinals	1/1,Cut Signatures	CSR-BG	Bob Gibson	St. Louis Cardinals	1/1,False
2024_topps_series1,2024,Topps,Series 1,Cut Signatures,,CSR-BGR,Burleigh Grimes,Brooklyn Dodgers	1/1,Cut Signatures	CSR-BGR	Burleigh Grimes	Brooklyn Dodgers	1/1,False
2024_topps_series1,2024,Topps,Series 1,Cut Signatures,,CSR-BH,Billy Herman,Chicago Cubs	1/1,Cut Signatures	CSR-BH	Billy Herman	Chicago Cubs	1/1,False
2024_topps_series1,2024,Topps,Series 1,Cut Signatures,,CSR-BR,Babe Ruth,New York Yankees	1/1,Cut Signatures	CSR-BR	Babe Ruth	New York Yankees	1/1,False
2024_topps_series1,2024,Topps,Series 1,Cut Signatures,,CSR-CG,Charlie Gehringer,Detroit Tigers	1/1,Cut Signatures	CSR-CG	Charlie Gehringer	Detroit Tigers	1/1,False
2024_topps_series1,2024,Topps,Series 1,Cut Signatures,,CSR-CM,Connie Mack,Philadelphia Athletics	1/1,Cut Signatures	CSR-CM	Connie Mack	Philadelphia Athletics	1/1,False
2024_topps_series1,2024,Topps,Series 1,Cut Signatures,,CSR-CY,Cy Young,Boston Red Sox	1/1,Cut Signatures	CSR-CY	Cy Young	Boston Red Sox	1/1,False
2024_topps_series1,2024,Topps,Series 1,Cut Signatures,,CSR-DD,Dizzy Dean,St. Louis Cardinals	1/1,Cut Signatures	CSR-DD	Dizzy Dean	St. Louis Cardinals	1/1,False
2024_topps_series1,2024,Topps,Series 1,Cut Signatures,,CSR-DS,Duke Snider,Brooklyn Dodgers	1/1,Cut Signatures	CSR-DS	Duke Snider	Brooklyn Dodgers	1/1,False
2024_topps_series1,2024,Topps,Series 1,Cut Signatures,,CSR-EB,Ernie Banks,Chicago Cubs	1/1,Cut Signatures	CSR-EB	Ernie Banks	Chicago Cubs	1/1,False
2024_topps_series1,2024,Topps,Series 1,Cut Signatures,,CSR-EM,Eddie Mathews,Milwaukee Braves	1/1,Cut Signatures	CSR-EM	Eddie Mathews	Milwaukee Braves	1/1,False
2024_topps_series1,2024,Topps,Series 1,Cut Signatures,,CSR-GH,Gil Hodges,Brooklyn Dodgers	1/1,Cut Signatures	CSR-GH	Gil Hodges	Brooklyn Dodgers	1/1,False
2024_topps_series1,2024,Topps,Series 1,Cut Signatures,,CSR-GK,George Kell,Detroit Tigers	1/1,Cut Signatures	CSR-GK	George Kell	Detroit Tigers	1/1,False
2024_topps_series1,2024,Topps,Series 1,Cut Signatures,,CSR-HA,Hank Aaron,Milwaukee Braves	1/1,Cut Signatures	CSR-HA	Hank Aaron	Milwaukee Braves	1/1,False
2024_topps_series1,2024,Topps,Series 1,Cut Signatures,,CSR-HG,Hank Greenberg,Detroit Tigers	1/1,Cut Signatures	CSR-HG	Hank Greenberg	Detroit Tigers	1/1,False
2024_topps_series1,2024,Topps,Series 1,Cut Signatures,,CSR-HK,Harmon Killebrew,Minnesota Twins	1/1,Cut Signatures	CSR-HK	Harmon Killebrew	Minnesota Twins	1/1,False
2024_topps_series1,2024,Topps,Series 1,Cut Signatures,,CSR-HWA,Honus Wagner,Pittsburgh Pirates	1/1,Cut Signatures	CSR-HWA	Honus Wagner	Pittsburgh Pirates	1/1,False
2024_topps_series1,2024,Topps,Series 1,Cut Signatures,,CSR-JH,"Jim ""Catfish"" Hunter",Oakland Athletics	1/1,"Cut Signatures	CSR-JH	Jim ""Catfish"" Hunter	Oakland Athletics	1/1",False
2024_topps_series1,2024,Topps,Series 1,Cut Signatures,,CSR-JMI,Johnny Mize,St. Louis Cardinals	1/1,Cut Signatures	CSR-JMI	Johnny Mize	St. Louis Cardinals	1/1,False
2024_topps_series1,2024,Topps,Series 1,Cut Signatures,,CSR-JR,Jackie Robinson,Brooklyn Dodgers	1/1,Cut Signatures	CSR-JR	Jackie Robinson	Brooklyn Dodgers	1/1,False
2024_topps_series1,2024,Topps,Series 1,Cut Signatures,,CSR-KP,Kirby Puckett,Minnesota Twins	1/1,Cut Signatures	CSR-KP	Kirby Puckett	Minnesota Twins	1/1,False
2024_topps_series1,2024,Topps,Series 1,Cut Signatures,,CSR-LB,Lou Boudreau,Cleveland	1/1,Cut Signatures	CSR-LB	Lou Boudreau	Cleveland	1/1,False
2024_topps_series1,2024,Topps,Series 1,Cut Signatures,,CSR-MI,Monte Irvin,New York Giants	1/1,Cut Signatures	CSR-MI	Monte Irvin	New York Giants	1/1,False
2024_topps_series1,2024,Topps,Series 1,Cut Signatures,,CSR-MO,Mel Ott,New York Giants	1/1,Cut Signatures	CSR-MO	Mel Ott	New York Giants	1/1,False
2024_topps_series1,2024,Topps,Series 1,Cut Signatures,,CSR-PR,Pee Wee Reese,Brooklyn Dodgers	1/1,Cut Signatures	CSR-PR	Pee Wee Reese	Brooklyn Dodgers	1/1,False
2024_topps_series1,2024,Topps,Series 1,Cut Signatures,,CSR-PRZ,Phil Rizzuto,New York Yankees	1/1,Cut Signatures	CSR-PRZ	Phil Rizzuto	New York Yankees	1/1,False
2024_topps_series1,2024,Topps,Series 1,Cut Signatures,,CSR-PWR,Pee Wee Reese,Brooklyn Dodgers	1/1,Cut Signatures	CSR-PWR	Pee Wee Reese	Brooklyn Dodgers	1/1,False
2024_topps_series1,2024,Topps,Series 1,Cut Signatures,,CSR-RC,Roy Campanella,Brooklyn Dodgers	1/1,Cut Signatures	CSR-RC	Roy Campanella	Brooklyn Dodgers	1/1,False
2024_topps_series1,2024,Topps,Series 1,Cut Signatures,,CSR-RCL,Roberto Clemente,Pittsburgh Pirates	1/1,Cut Signatures	CSR-RCL	Roberto Clemente	Pittsburgh Pirates	1/1,False
2024_topps_series1,2024,Topps,Series 1,Cut Signatures,,CSR-RF,Rick Ferrell,St. Louis Browns	1/1,Cut Signatures	CSR-RF	Rick Ferrell	St. Louis Browns	1/1,False
2024_topps_series1,2024,Topps,Series 1,Cut Signatures,,CSR-RH,Rogers Hornsby,St. Louis Cardinals	1/1,Cut Signatures	CSR-RH	Rogers Hornsby	St. Louis Cardinals	1/1,False
2024_topps_series1,2024,Topps,Series 1,Cut Signatures,,CSR-RK,Ralph Kiner,Pittsburgh Pirates	1/1,Cut Signatures	CSR-RK	Ralph Kiner	Pittsburgh Pirates	1/1,False
2024_topps_series1,2024,Topps,Series 1,Cut Signatures,,CSR-RM,Roger Maris,New York Yankees	1/1,Cut Signatures	CSR-RM	Roger Maris	New York Yankees	1/1,False
2024_topps_series1,2024,Topps,Series 1,Cut Signatures,,CSR-RS,Ron Santo,Chicago Cubs	1/1,Cut Signatures	CSR-RS	Ron Santo	Chicago Cubs	1/1,False
2024_topps_series1,2024,Topps,Series 1,Cut Signatures,,CSR-RSC,Red Schoendienst,St. Louis Cardinals	1/1,Cut Signatures	CSR-RSC	Red Schoendienst	St. Louis Cardinals	1/1,False
2024_topps_series1,2024,Topps,Series 1,Cut Signatures,,CSR-SM,Stan Musial,St. Louis Cardinals	1/1,Cut Signatures	CSR-SM	Stan Musial	St. Louis Cardinals	1/1,False
2024_topps_series1,2024,Topps,Series 1,Cut Signatures,,CSR-SP,Satchel Paige,St. Louis Browns	1/1,Cut Signatures	CSR-SP	Satchel Paige	St. Louis Browns	1/1,False
2024_topps_series1,2024,Topps,Series 1,Cut Signatures,,CSR-TC,Ty Cobb,Detroit Tigers	1/1,Cut Signatures	CSR-TC	Ty Cobb	Detroit Tigers	1/1,False
2024_topps_series1,2024,Topps,Series 1,Cut Signatures,,CSR-TS,Tom Seaver,New York Mets	1/1,Cut Signatures	CSR-TS	Tom Seaver	New York Mets	1/1,False
2024_topps_series1,2024,Topps,Series 1,Cut Signatures,,CSR-TW,Ted Williams,Boston Red Sox	1/1,Cut Signatures	CSR-TW	Ted Williams	Boston Red Sox	1/1,False
2024_topps_series1,2024,Topps,Series 1,Cut Signatures,,CSR-WF,Whitey Ford,New York Yankees	1/1,Cut Signatures	CSR-WF	Whitey Ford	New York Yankees	1/1,False
2024_topps_series1,2024,Topps,Series 1,Cut Signatures,,CSR-WH,Waite Hoyt,New York Yankees	1/1,Cut Signatures	CSR-WH	Waite Hoyt	New York Yankees	1/1,False
2024_topps_series1,2024,Topps,Series 1,Cut Signatures,,CSR-WS,Warren Spahn,Milwaukee Braves	1/1,Cut Signatures	CSR-WS	Warren Spahn	Milwaukee Braves	1/1,False
2024_topps_series1,2024,Topps,Series 1,Grand Gamers,,GOG-1,Nolan Ryan,Houston Astros,Grand Gamers	GOG-1	Nolan Ryan	Houston Astros,False
2024_topps_series1,2024,Topps,Series 1,Grand Gamers,,GOG-2,Cal Ripken Jr.,Baltimore Orioles,Grand Gamers	GOG-2	Cal Ripken Jr.	Baltimore Orioles,False
2024_topps_series1,2024,Topps,Series 1,Grand Gamers,,GOG-3,Willie Mays,San Francisco Giants,Grand Gamers	GOG-3	Willie Mays	San Francisco Giants,False
2024_topps_series1,2024,Topps,Series 1,Grand Gamers,,GOG-4,Carl Yastrzemski,Boston Red Sox,Grand Gamers	GOG-4	Carl Yastrzemski	Boston Red Sox,False
2024_topps_series1,2024,Topps,Series 1,Grand Gamers,,GOG-5,Mike Schmidt,Philadelphia Phillies,Grand Gamers	GOG-5	Mike Schmidt	Philadelphia Phillies,False
2024_topps_series1,2024,Topps,Series 1,Grand Gamers,,GOG-6,Derek Jeter,New York Yankees,Grand Gamers	GOG-6	Derek Jeter	New York Yankees,False
2024_topps_series1,2024,Topps,Series 1,Grand Gamers,,GOG-7,Greg Maddux,Atlanta Braves,Grand Gamers	GOG-7	Greg Maddux	Atlanta Braves,False
2024_topps_series1,2024,Topps,Series 1,Grand Gamers,,GOG-8,Frank Thomas,Chicago White Sox,Grand Gamers	GOG-8	Frank Thomas	Chicago White Sox,False
2024_topps_series1,2024,Topps,Series 1,Grand Gamers,,GOG-9,Ken Griffey Jr.,Seattle Mariners,Grand Gamers	GOG-9	Ken Griffey Jr.	Seattle Mariners,False
2024_topps_series1,2024,Topps,Series 1,Grand Gamers,,GOG-10,Ozzie Smith,St. Louis Cardinals,Grand Gamers	GOG-10	Ozzie Smith	St. Louis Cardinals,False
2024_topps_series1,2024,Topps,Series 1,Grand Gamers,,GOG-11,Rod Carew,Minnesota Twins,Grand Gamers	GOG-11	Rod Carew	Minnesota Twins,False
2024_topps_series1,2024,Topps,Series 1,Grand Gamers,,GOG-12,Ryne Sandberg,Chicago Cubs,Grand Gamers	GOG-12	Ryne Sandberg	Chicago Cubs,False
2024_topps_series1,2024,Topps,Series 1,Grand Gamers,,GOG-13,Jackie Robinson,Brooklyn Dodgers,Grand Gamers	GOG-13	Jackie Robinson	Brooklyn Dodgers,False
2024_topps_series1,2024,Topps,Series 1,Grand Gamers,,GOG-14,Tony Gwynn,San Diego Padres,Grand Gamers	GOG-14	Tony Gwynn	San Diego Padres,False
2024_topps_series1,2024,Topps,Series 1,Grand Gamers,,GOG-15,Ted Williams,Boston Red Sox,Grand Gamers	GOG-15	Ted Williams	Boston Red Sox,False
2024_topps_series1,2024,Topps,Series 1,Grand Gamers,,GOG-16,Ty Cobb,Detroit Tigers,Grand Gamers	GOG-16	Ty Cobb	Detroit Tigers,False
2024_topps_series1,2024,Topps,Series 1,Grand Gamers,,GOG-17,Buster Posey,San Francisco Giants,Grand Gamers	GOG-17	Buster Posey	San Francisco Giants,False
2024_topps_series1,2024,Topps,Series 1,Grand Gamers,,GOG-18,Johnny Bench,Cincinnati Reds,Grand Gamers	GOG-18	Johnny Bench	Cincinnati Reds,False
2024_topps_series1,2024,Topps,Series 1,Grand Gamers,,GOG-19,Clayton Kershaw,Los Angeles Dodgers,Grand Gamers	GOG-19	Clayton Kershaw	Los Angeles Dodgers,False
2024_topps_series1,2024,Topps,Series 1,Grand Gamers,,GOG-20,Mike Trout,Los Angeles Angels,Grand Gamers	GOG-20	Mike Trout	Los Angeles Angels,False
2024_topps_series1,2024,Topps,Series 1,Grand Gamers,,GOG-21,George Brett,Kansas City Royals,Grand Gamers	GOG-21	George Brett	Kansas City Royals,False
2024_topps_series1,2024,Topps,Series 1,Grand Gamers,,GOG-22,Roberto Clemente,Pittsburgh Pirates,Grand Gamers	GOG-22	Roberto Clemente	Pittsburgh Pirates,False
2024_topps_series1,2024,Topps,Series 1,Grand Gamers,,GOG-23,Christy Mathewson,New York Giants,Grand Gamers	GOG-23	Christy Mathewson	New York Giants,False
2024_topps_series1,2024,Topps,Series 1,Grand Gamers,,GOG-24,Bob Feller,Cleveland,Grand Gamers	GOG-24	Bob Feller	Cleveland,False
2024_topps_series1,2024,Topps,Series 1,Grand Gamers,,GOG-25,Ichiro,Seattle Mariners,Grand Gamers	GOG-25	Ichiro	Seattle Mariners,False
2024_topps_series1,2024,Topps,Series 1,Grand Gamers,,GOG-26,Tom Seaver,New York Mets,Grand Gamers	GOG-26	Tom Seaver	New York Mets,False
2024_topps_series1,2024,Topps,Series 1,Grand Gamers Autographs,,GOGA-BP,Buster Posey,San Francisco Giants,Grand Gamers Autographs	GOGA-BP	Buster Posey	San Francisco Giants,False
2024_topps_series1,2024,Topps,Series 1,Grand Gamers Autographs,,GOGA-CR,Cal Ripken Jr.,Baltimore Orioles,Grand Gamers Autographs	GOGA-CR	Cal Ripken Jr.	Baltimore Orioles,False
2024_topps_series1,2024,Topps,Series 1,Grand Gamers Autographs,,GOGA-CY,Carl Yastrzemski,Boston Red Sox,Grand Gamers Autographs	GOGA-CY	Carl Yastrzemski	Boston Red Sox,False
2024_topps_series1,2024,Topps,Series 1,Grand Gamers Autographs,,GOGA-DJ,Derek Jeter,New York Yankees,Grand Gamers Autographs	GOGA-DJ	Derek Jeter	New York Yankees,False
2024_topps_series1,2024,Topps,Series 1,Grand Gamers Autographs,,GOGA-FT,Frank Thomas,Chicago White Sox,Grand Gamers Autographs	GOGA-FT	Frank Thomas	Chicago White Sox,False
2024_topps_series1,2024,Topps,Series 1,Grand Gamers Autographs,,GOGA-GB,George Brett,Kansas City Royals,Grand Gamers Autographs	GOGA-GB	George Brett	Kansas City Royals,False
2024_topps_series1,2024,Topps,Series 1,Grand Gamers Autographs,,GOGA-GM,Greg Maddux,Atlanta Braves,Grand Gamers Autographs	GOGA-GM	Greg Maddux	Atlanta Braves,False
2024_topps_series1,2024,Topps,Series 1,Grand Gamers Autographs,,GOGA-I,Ichiro,Seattle Mariners,Grand Gamers Autographs	GOGA-I	Ichiro	Seattle Mariners,False
2024_topps_series1,2024,Topps,Series 1,Grand Gamers Autographs,,GOGA-JB,Johnny Bench,Cincinnati Reds,Grand Gamers Autographs	GOGA-JB	Johnny Bench	Cincinnati Reds,False
2024_topps_series1,2024,Topps,Series 1,Grand Gamers Autographs,,GOGA-MS,Mike Schmidt,Philadelphia Phillies,Grand Gamers Autographs	GOGA-MS	Mike Schmidt	Philadelphia Phillies,False
2024_topps_series1,2024,Topps,Series 1,Grand Gamers Autographs,,GOGA-MT,Mike Trout,Los Angeles Angels,Grand Gamers Autographs	GOGA-MT	Mike Trout	Los Angeles Angels,False
2024_topps_series1,2024,Topps,Series 1,Grand Gamers Autographs,,GOGA-NR,Nolan Ryan,Houston Astros,Grand Gamers Autographs	GOGA-NR	Nolan Ryan	Houston Astros,False
2024_topps_series1,2024,Topps,Series 1,Grand Gamers Autographs,,GOGA-OS,Ozzie Smith,St. Louis Cardinals,Grand Gamers Autographs	GOGA-OS	Ozzie Smith	St. Louis Cardinals,False
2024_topps_series1,2024,Topps,Series 1,Grand Gamers Autographs,,GOGA-RS,Ryne Sandberg,Chicago Cubs,Grand Gamers Autographs	GOGA-RS	Ryne Sandberg	Chicago Cubs,False
2024_topps_series1,2024,Topps,Series 1,Heavy Lumber,,HL-1,Juan Soto,San Diego Padres,Heavy Lumber	HL-1	Juan Soto	San Diego Padres,False
2024_topps_series1,2024,Topps,Series 1,Heavy Lumber,,HL-2,Julio Rodríguez,Seattle Mariners,Heavy Lumber	HL-2	Julio Rodríguez	Seattle Mariners,False
2024_topps_series1,2024,Topps,Series 1,Heavy Lumber,,HL-3,Aaron Judge,New York Yankees,Heavy Lumber	HL-3	Aaron Judge	New York Yankees,False
2024_topps_series1,2024,Topps,Series 1,Heavy Lumber,,HL-4,Ronald Acuña Jr.,Atlanta Braves,Heavy Lumber	HL-4	Ronald Acuña Jr.	Atlanta Braves,False
2024_topps_series1,2024,Topps,Series 1,Heavy Lumber,,HL-5,Pete Alonso,New York Mets,Heavy Lumber	HL-5	Pete Alonso	New York Mets,False
2024_topps_series1,2024,Topps,Series 1,Heavy Lumber,,HL-6,Yordan Alvarez,Houston Astros,Heavy Lumber	HL-6	Yordan Alvarez	Houston Astros,False
2024_topps_series1,2024,Topps,Series 1,Heavy Lumber,,HL-7,Paul Goldschmidt,St. Louis Cardinals,Heavy Lumber	HL-7	Paul Goldschmidt	St. Louis Cardinals,False
2024_topps_series1,2024,Topps,Series 1,Heavy Lumber,,HL-8,Bryce Harper,Philadelphia Phillies,Heavy Lumber	HL-8	Bryce Harper	Philadelphia Phillies,False
2024_topps_series1,2024,Topps,Series 1,Heavy Lumber,,HL-9,Shohei Ohtani,Los Angeles Angels,Heavy Lumber	HL-9	Shohei Ohtani	Los Angeles Angels,False
2024_topps_series1,2024,Topps,Series 1,Heavy Lumber,,HL-10,Mike Trout,Los Angeles Angels,Heavy Lumber	HL-10	Mike Trout	Los Angeles Angels,False
2024_topps_series1,2024,Topps,Series 1,Heavy Lumber,,HL-11,Freddie Freeman,Los Angeles Dodgers,Heavy Lumber	HL-11	Freddie Freeman	Los Angeles Dodgers,False
2024_topps_series1,2024,Topps,Series 1,Heavy Lumber,,HL-12,Rafael Devers,Boston Red Sox,Heavy Lumber	HL-12	Rafael Devers	Boston Red Sox,False
2024_topps_series1,2024,Topps,Series 1,Heavy Lumber,,HL-13,Jazz Chisholm Jr.,Miami Marlins,Heavy Lumber	HL-13	Jazz Chisholm Jr.	Miami Marlins,False
2024_topps_series1,2024,Topps,Series 1,Heavy Lumber,,HL-14,Byron Buxton,Minnesota Twins,Heavy Lumber	HL-14	Byron Buxton	Minnesota Twins,False
2024_topps_series1,2024,Topps,Series 1,Heavy Lumber,,HL-15,Adley Rutschman,Baltimore Orioles,Heavy Lumber	HL-15	Adley Rutschman	Baltimore Orioles,False
2024_topps_series1,2024,Topps,Series 1,Heavy Lumber,,HL-16,Bobby Witt Jr.,Kansas City Royals,Heavy Lumber	HL-16	Bobby Witt Jr.	Kansas City Royals,False
2024_topps_series1,2024,Topps,Series 1,Heavy Lumber,,HL-17,Elly De La Cruz,Cincinnati Reds,Heavy Lumber	HL-17	Elly De La Cruz	Cincinnati Reds,False
2024_topps_series1,2024,Topps,Series 1,Heavy Lumber,,HL-18,Henry Davis,Pittsburgh Pirates,Heavy Lumber	HL-18	Henry Davis	Pittsburgh Pirates,False
2024_topps_series1,2024,Topps,Series 1,Heavy Lumber,,HL-19,Vladimir Guerrero Jr.,Toronto Blue Jays,Heavy Lumber	HL-19	Vladimir Guerrero Jr.	Toronto Blue Jays,False
2024_topps_series1,2024,Topps,Series 1,Heavy Lumber,,HL-20,Christopher Morel,Chicago Cubs,Heavy Lumber	HL-20	Christopher Morel	Chicago Cubs,False
2024_topps_series1,2024,Topps,Series 1,Heavy Lumber Autograph Relics,,HLA-AJ,Aaron Judge,New York Yankees,Heavy Lumber Autograph Relics	HLA-AJ	Aaron Judge	New York Yankees,False
2024_topps_series1,2024,Topps,Series 1,Heavy Lumber Autograph Relics,,HLA-BB,Byron Buxton,Minnesota Twins,Heavy Lumber Autograph Relics	HLA-BB	Byron Buxton	Minnesota Twins,False
2024_topps_series1,2024,Topps,Series 1,Heavy Lumber Autograph Relics,,HLA-JC,Jazz Chisholm Jr.,Miami Marlins,Heavy Lumber Autograph Relics	HLA-JC	Jazz Chisholm Jr.	Miami Marlins,False
2024_topps_series1,2024,Topps,Series 1,Heavy Lumber Autograph Relics,,HLA-JS,Juan Soto,San Diego Padres,Heavy Lumber Autograph Relics	HLA-JS	Juan Soto	San Diego Padres,False
2024_topps_series1,2024,Topps,Series 1,Heavy Lumber Autograph Relics,,HLA-MT,Mike Trout,Los Angeles Angels,Heavy Lumber Autograph Relics	HLA-MT	Mike Trout	Los Angeles Angels,False
2024_topps_series1,2024,Topps,Series 1,Heavy Lumber Autograph Relics,,HLA-PG,Paul Goldschmidt,St. Louis Cardinals,Heavy Lumber Autograph Relics	HLA-PG	Paul Goldschmidt	St. Louis Cardinals,False
2024_topps_series1,2024,Topps,Series 1,Heavy Lumber Autograph Relics,,HLA-RA,Ronald Acuña Jr.,Atlanta Braves,Heavy Lumber Autograph Relics	HLA-RA	Ronald Acuña Jr.	Atlanta Braves,False
2024_topps_series1,2024,Topps,Series 1,Heavy Lumber Autograph Relics,,HLA-SO,Shohei Ohtani,Los Angeles Angels,Heavy Lumber Autograph Relics	HLA-SO	Shohei Ohtani	Los Angeles Angels,False
2024_topps_series1,2024,Topps,Series 1,Heavy Lumber Autograph Relics,,HLA-YA,Yordan Alvarez,Houston Astros,Heavy Lumber Autograph Relics	HLA-YA	Yordan Alvarez	Houston Astros,False
2024_topps_series1,2024,Topps,Series 1,Home Run Challenge Code,,HRC-1,Shohei Ohtani,Los Angeles Angels,Home Run Challenge Code	HRC-1	Shohei Ohtani	Los Angeles Angels,False
2024_topps_series1,2024,Topps,Series 1,Home Run Challenge Code,,HRC-2,Mike Trout,Los Angeles Angels,Home Run Challenge Code	HRC-2	Mike Trout	Los Angeles Angels,False
2024_topps_series1,2024,Topps,Series 1,Home Run Challenge Code,,HRC-3,Corbin Carroll,Arizona Diamondbacks,Home Run Challenge Code	HRC-3	Corbin Carroll	Arizona Diamondbacks,False
2024_topps_series1,2024,Topps,Series 1,Home Run Challenge Code,,HRC-4,Ronald Acuña Jr.,Atlanta Braves,Home Run Challenge Code	HRC-4	Ronald Acuña Jr.	Atlanta Braves,False
2024_topps_series1,2024,Topps,Series 1,Home Run Challenge Code,,HRC-5,Matt Olson,Atlanta Braves,Home Run Challenge Code	HRC-5	Matt Olson	Atlanta Braves,False
2024_topps_series1,2024,Topps,Series 1,Home Run Challenge Code,,HRC-6,Ozzie Albies,Atlanta Braves,Home Run Challenge Code	HRC-6	Ozzie Albies	Atlanta Braves,False
2024_topps_series1,2024,Topps,Series 1,Home Run Challenge Code,,HRC-7,Adley Rutschman,Baltimore Orioles,Home Run Challenge Code	HRC-7	Adley Rutschman	Baltimore Orioles,False
2024_topps_series1,2024,Topps,Series 1,Home Run Challenge Code,,HRC-8,Rafael Devers,Boston Red Sox,Home Run Challenge Code	HRC-8	Rafael Devers	Boston Red Sox,False
2024_topps_series1,2024,Topps,Series 1,Home Run Challenge Code,,HRC-9,Luis Robert Jr.,Chicago White Sox,Home Run Challenge Code	HRC-9	Luis Robert Jr.	Chicago White Sox,False
2024_topps_series1,2024,Topps,Series 1,Home Run Challenge Code,,HRC-10,Elly De La Cruz,Cincinnati Reds,Home Run Challenge Code	HRC-10	Elly De La Cruz	Cincinnati Reds,False
2024_topps_series1,2024,Topps,Series 1,Home Run Challenge Code,,HRC-11,Yordan Alvarez,Houston Astros,Home Run Challenge Code	HRC-11	Yordan Alvarez	Houston Astros,False
2024_topps_series1,2024,Topps,Series 1,Home Run Challenge Code,,HRC-12,Freddie Freeman,Los Angeles Dodgers,Home Run Challenge Code	HRC-12	Freddie Freeman	Los Angeles Dodgers,False
2024_topps_series1,2024,Topps,Series 1,Home Run Challenge Code,,HRC-13,Mookie Betts,Los Angeles Dodgers,Home Run Challenge Code	HRC-13	Mookie Betts	Los Angeles Dodgers,False
2024_topps_series1,2024,Topps,Series 1,Home Run Challenge Code,,HRC-14,Byron Buxton,Minnesota Twins,Home Run Challenge Code	HRC-14	Byron Buxton	Minnesota Twins,False
2024_topps_series1,2024,Topps,Series 1,Home Run Challenge Code,,HRC-15,Pete Alonso,New York Mets,Home Run Challenge Code	HRC-15	Pete Alonso	New York Mets,False
2024_topps_series1,2024,Topps,Series 1,Home Run Challenge Code,,HRC-16,Francisco Lindor,New York Mets,Home Run Challenge Code	HRC-16	Francisco Lindor	New York Mets,False
2024_topps_series1,2024,Topps,Series 1,Home Run Challenge Code,,HRC-17,Aaron Judge,New York Yankees,Home Run Challenge Code	HRC-17	Aaron Judge	New York Yankees,False
2024_topps_series1,2024,Topps,Series 1,Home Run Challenge Code,,HRC-18,Bryce Harper,Philadelphia Phillies,Home Run Challenge Code	HRC-18	Bryce Harper	Philadelphia Phillies,False
2024_topps_series1,2024,Topps,Series 1,Home Run Challenge Code,,HRC-19,Henry Davis,Pittsburgh Pirates,Home Run Challenge Code	HRC-19	Henry Davis	Pittsburgh Pirates,False
2024_topps_series1,2024,Topps,Series 1,Home Run Challenge Code,,HRC-20,Juan Soto,San Diego Padres,Home Run Challenge Code	HRC-20	Juan Soto	San Diego Padres,False
2024_topps_series1,2024,Topps,Series 1,Home Run Challenge Code,,HRC-21,Fernando Tatis Jr.,San Diego Padres,Home Run Challenge Code	HRC-21	Fernando Tatis Jr.	San Diego Padres,False
2024_topps_series1,2024,Topps,Series 1,Home Run Challenge Code,,HRC-22,Julio Rodríguez,Seattle Mariners,Home Run Challenge Code	HRC-22	Julio Rodríguez	Seattle Mariners,False
2024_topps_series1,2024,Topps,Series 1,Home Run Challenge Code,,HRC-23,Nolan Arenado,St. Louis Cardinals,Home Run Challenge Code	HRC-23	Nolan Arenado	St. Louis Cardinals,False
2024_topps_series1,2024,Topps,Series 1,Home Run Challenge Code,,HRC-24,Paul Goldschmidt,St. Louis Cardinals,Home Run Challenge Code	HRC-24	Paul Goldschmidt	St. Louis Cardinals,False
2024_topps_series1,2024,Topps,Series 1,Home Run Challenge Code,,HRC-25,Randy Arozarena,Tampa Bay Rays,Home Run Challenge Code	HRC-25	Randy Arozarena	Tampa Bay Rays,False
2024_topps_series1,2024,Topps,Series 1,Home Run Challenge Code,,HRC-26,Josh Jung,Texas Rangers,Home Run Challenge Code	HRC-26	Josh Jung	Texas Rangers,False
2024_topps_series1,2024,Topps,Series 1,Home Run Challenge Code,,HRC-27,Vladimir Guerrero Jr.,Toronto Blue Jays,Home Run Challenge Code	HRC-27	Vladimir Guerrero Jr.	Toronto Blue Jays,False
2024_topps_series1,2024,Topps,Series 1,Home Run Challenge Code,,HRC-28,Bo Bichette,Toronto Blue Jays,Home Run Challenge Code	HRC-28	Bo Bichette	Toronto Blue Jays,False
2024_topps_series1,2024,Topps,Series 1,Home Run Challenge Code,,HRC-29,Bobby Witt Jr.,Kansas City Royals,Home Run Challenge Code	HRC-29	Bobby Witt Jr.	Kansas City Royals,False
2024_topps_series1,2024,Topps,Series 1,Home Run Challenge Code,,HRC-30,Jazz Chisholm Jr.,Miami Marlins,Home Run Challenge Code	HRC-30	Jazz Chisholm Jr.	Miami Marlins,False
2024_topps_series1,2024,Topps,Series 1,Home Sweet Home Stadium Medallions,,HSH-AB,Alex Bregman,Houston Astros,Home Sweet Home Stadium Medallions	HSH-AB	Alex Bregman	Houston Astros,False
2024_topps_series1,2024,Topps,Series 1,Home Sweet Home Stadium Medallions,,HSH-AJ,Aaron Judge,New York Yankees,Home Sweet Home Stadium Medallions	HSH-AJ	Aaron Judge	New York Yankees,False
2024_topps_series1,2024,Topps,Series 1,Home Sweet Home Stadium Medallions,,HSH-AM,Andrew McCutchen,Pittsburgh Pirates,Home Sweet Home Stadium Medallions	HSH-AM	Andrew McCutchen	Pittsburgh Pirates,False
2024_topps_series1,2024,Topps,Series 1,Home Sweet Home Stadium Medallions,,HSH-ARU,Adley Rutschman,Baltimore Orioles,Home Sweet Home Stadium Medallions	HSH-ARU	Adley Rutschman	Baltimore Orioles,False
2024_topps_series1,2024,Topps,Series 1,Home Sweet Home Stadium Medallions,,HSH-BB,Bo Bichette,Toronto Blue Jays,Home Sweet Home Stadium Medallions	HSH-BB	Bo Bichette	Toronto Blue Jays,False
2024_topps_series1,2024,Topps,Series 1,Home Sweet Home Stadium Medallions,,HSH-BBX,Byron Buxton,Minnesota Twins,Home Sweet Home Stadium Medallions	HSH-BBX	Byron Buxton	Minnesota Twins,False
2024_topps_series1,2024,Topps,Series 1,Home Sweet Home Stadium Medallions,,HSH-BH,Bryce Harper,Philadelphia Phillies,Home Sweet Home Stadium Medallions	HSH-BH	Bryce Harper	Philadelphia Phillies,False
2024_topps_series1,2024,Topps,Series 1,Home Sweet Home Stadium Medallions,,HSH-BW,Bobby Witt Jr.,Kansas City Royals,Home Sweet Home Stadium Medallions	HSH-BW	Bobby Witt Jr.	Kansas City Royals,False
2024_topps_series1,2024,Topps,Series 1,Home Sweet Home Stadium Medallions,,HSH-CC,Colton Cowser,Baltimore Orioles,Home Sweet Home Stadium Medallions	HSH-CC	Colton Cowser	Baltimore Orioles,False
2024_topps_series1,2024,Topps,Series 1,Home Sweet Home Stadium Medallions,,HSH-CCA,Corbin Carroll,Arizona Diamondbacks,Home Sweet Home Stadium Medallions	HSH-CCA	Corbin Carroll	Arizona Diamondbacks,False
2024_topps_series1,2024,Topps,Series 1,Home Sweet Home Stadium Medallions,,HSH-CK,Clayton Kershaw,Los Angeles Dodgers,Home Sweet Home Stadium Medallions	HSH-CK	Clayton Kershaw	Los Angeles Dodgers,False
2024_topps_series1,2024,Topps,Series 1,Home Sweet Home Stadium Medallions,,HSH-CM,Christopher Morel,Chicago Cubs,Home Sweet Home Stadium Medallions	HSH-CM	Christopher Morel	Chicago Cubs,False
2024_topps_series1,2024,Topps,Series 1,Home Sweet Home Stadium Medallions,,HSH-CS,Corey Seager,Texas Rangers,Home Sweet Home Stadium Medallions	HSH-CS	Corey Seager	Texas Rangers,False
2024_topps_series1,2024,Topps,Series 1,Home Sweet Home Stadium Medallions,,HSH-CY,Christian Yelich,Milwaukee Brewers,Home Sweet Home Stadium Medallions	HSH-CY	Christian Yelich	Milwaukee Brewers,False
2024_topps_series1,2024,Topps,Series 1,Home Sweet Home Stadium Medallions,,HSH-DS,Dansby Swanson,Chicago Cubs,Home Sweet Home Stadium Medallions	HSH-DS	Dansby Swanson	Chicago Cubs,False
2024_topps_series1,2024,Topps,Series 1,Home Sweet Home Stadium Medallions,,HSH-ED,Elly De La Cruz,Cincinnati Reds,Home Sweet Home Stadium Medallions	HSH-ED	Elly De La Cruz	Cincinnati Reds,False
2024_topps_series1,2024,Topps,Series 1,Home Sweet Home Stadium Medallions,,HSH-FF,Freddie Freeman,Los Angeles Dodgers,Home Sweet Home Stadium Medallions	HSH-FF	Freddie Freeman	Los Angeles Dodgers,False
2024_topps_series1,2024,Topps,Series 1,Home Sweet Home Stadium Medallions,,HSH-FL,Francisco Lindor,New York Mets,Home Sweet Home Stadium Medallions	HSH-FL	Francisco Lindor	New York Mets,False
2024_topps_series1,2024,Topps,Series 1,Home Sweet Home Stadium Medallions,,HSH-FT,Fernando Tatis Jr.,San Diego Padres,Home Sweet Home Stadium Medallions	HSH-FT	Fernando Tatis Jr.	San Diego Padres,False
2024_topps_series1,2024,Topps,Series 1,Home Sweet Home Stadium Medallions,,HSH-GC,Gerrit Cole,New York Yankees,Home Sweet Home Stadium Medallions	HSH-GC	Gerrit Cole	New York Yankees,False
2024_topps_series1,2024,Topps,Series 1,Home Sweet Home Stadium Medallions,,HSH-GEL,Zack Gelof,Oakland Athletics,Home Sweet Home Stadium Medallions	HSH-GEL	Zack Gelof	Oakland Athletics,False
2024_topps_series1,2024,Topps,Series 1,Home Sweet Home Stadium Medallions,,HSH-HD,Henry Davis,Pittsburgh Pirates,Home Sweet Home Stadium Medallions	HSH-HD	Henry Davis	Pittsburgh Pirates,False
2024_topps_series1,2024,Topps,Series 1,Home Sweet Home Stadium Medallions,,HSH-JA,Jose Altuve,Houston Astros,Home Sweet Home Stadium Medallions	HSH-JA	Jose Altuve	Houston Astros,False
2024_topps_series1,2024,Topps,Series 1,Home Sweet Home Stadium Medallions,,HSH-JC,Jazz Chisholm Jr.,Miami Marlins,Home Sweet Home Stadium Medallions	HSH-JC	Jazz Chisholm Jr.	Miami Marlins,False
2024_topps_series1,2024,Topps,Series 1,Home Sweet Home Stadium Medallions,,HSH-JR,José Ramírez,Cleveland Guardians,Home Sweet Home Stadium Medallions	HSH-JR	José Ramírez	Cleveland Guardians,False
2024_topps_series1,2024,Topps,Series 1,Home Sweet Home Stadium Medallions,,HSH-JROD,Julio Rodríguez,Seattle Mariners,Home Sweet Home Stadium Medallions	HSH-JROD	Julio Rodríguez	Seattle Mariners,False
2024_topps_series1,2024,Topps,Series 1,Home Sweet Home Stadium Medallions,,HSH-JS,Juan Soto,San Diego Padres,Home Sweet Home Stadium Medallions	HSH-JS	Juan Soto	San Diego Padres,False
2024_topps_series1,2024,Topps,Series 1,Home Sweet Home Stadium Medallions,,HSH-JV,Joey Votto,Cincinnati Reds,Home Sweet Home Stadium Medallions	HSH-JV	Joey Votto	Cincinnati Reds,False
2024_topps_series1,2024,Topps,Series 1,Home Sweet Home Stadium Medallions,,HSH-JW,Jordan Westburg,Baltimore Orioles,Home Sweet Home Stadium Medallions	HSH-JW	Jordan Westburg	Baltimore Orioles,False
2024_topps_series1,2024,Topps,Series 1,Home Sweet Home Stadium Medallions,,HSH-KB,Kris Bryant,Colorado Rockies,Home Sweet Home Stadium Medallions	HSH-KB	Kris Bryant	Colorado Rockies,False
2024_topps_series1,2024,Topps,Series 1,Home Sweet Home Stadium Medallions,,HSH-LR,Luis Robert Jr.,Chicago White Sox,Home Sweet Home Stadium Medallions	HSH-LR	Luis Robert Jr.	Chicago White Sox,False
2024_topps_series1,2024,Topps,Series 1,Home Sweet Home Stadium Medallions,,HSH-MB,Mookie Betts,Los Angeles Dodgers,Home Sweet Home Stadium Medallions	HSH-MB	Mookie Betts	Los Angeles Dodgers,False
2024_topps_series1,2024,Topps,Series 1,Home Sweet Home Stadium Medallions,,HSH-MC,Miguel Cabrera,Detroit Tigers,Home Sweet Home Stadium Medallions	HSH-MC	Miguel Cabrera	Detroit Tigers,False
2024_topps_series1,2024,Topps,Series 1,Home Sweet Home Stadium Medallions,,HSH-ML,Marco Luciano,San Francisco Giants,Home Sweet Home Stadium Medallions	HSH-ML	Marco Luciano	San Francisco Giants,False
2024_topps_series1,2024,Topps,Series 1,Home Sweet Home Stadium Medallions,,HSH-MM,Manny Machado,San Diego Padres,Home Sweet Home Stadium Medallions	HSH-MM	Manny Machado	San Diego Padres,False
2024_topps_series1,2024,Topps,Series 1,Home Sweet Home Stadium Medallions,,HSH-MO,Matt Olson,Atlanta Braves,Home Sweet Home Stadium Medallions	HSH-MO	Matt Olson	Atlanta Braves,False
2024_topps_series1,2024,Topps,Series 1,Home Sweet Home Stadium Medallions,,HSH-MT,Mike Trout,Los Angeles Angels,Home Sweet Home Stadium Medallions	HSH-MT	Mike Trout	Los Angeles Angels,False
2024_topps_series1,2024,Topps,Series 1,Home Sweet Home Stadium Medallions,,HSH-NA,Nolan Arenado,St. Louis Cardinals,Home Sweet Home Stadium Medallions	HSH-NA	Nolan Arenado	St. Louis Cardinals,False
2024_topps_series1,2024,Topps,Series 1,Home Sweet Home Stadium Medallions,,HSH-PA,Pete Alonso,New York Mets,Home Sweet Home Stadium Medallions	HSH-PA	Pete Alonso	New York Mets,False
2024_topps_series1,2024,Topps,Series 1,Home Sweet Home Stadium Medallions,,HSH-PG,Paul Goldschmidt,St. Louis Cardinals,Home Sweet Home Stadium Medallions	HSH-PG	Paul Goldschmidt	St. Louis Cardinals,False
2024_topps_series1,2024,Topps,Series 1,Home Sweet Home Stadium Medallions,,HSH-RA,Randy Arozarena,Tampa Bay Rays,Home Sweet Home Stadium Medallions	HSH-RA	Randy Arozarena	Tampa Bay Rays,False
2024_topps_series1,2024,Topps,Series 1,Home Sweet Home Stadium Medallions,,HSH-RAJ,Ronald Acuña Jr.,Atlanta Braves,Home Sweet Home Stadium Medallions	HSH-RAJ	Ronald Acuña Jr.	Atlanta Braves,False
2024_topps_series1,2024,Topps,Series 1,Home Sweet Home Stadium Medallions,,HSH-RD,Rafael Devers,Boston Red Sox,Home Sweet Home Stadium Medallions	HSH-RD	Rafael Devers	Boston Red Sox,False
2024_topps_series1,2024,Topps,Series 1,Home Sweet Home Stadium Medallions,,HSH-RG,Riley Greene,Detroit Tigers,Home Sweet Home Stadium Medallions	HSH-RG	Riley Greene	Detroit Tigers,False
2024_topps_series1,2024,Topps,Series 1,Home Sweet Home Stadium Medallions,,HSH-RMA,Ronny Mauricio,New York Mets,Home Sweet Home Stadium Medallions	HSH-RMA	Ronny Mauricio	New York Mets,False
2024_topps_series1,2024,Topps,Series 1,Home Sweet Home Stadium Medallions,,HSH-SO,Shohei Ohtani,Los Angeles Angels,Home Sweet Home Stadium Medallions	HSH-SO	Shohei Ohtani	Los Angeles Angels,False
2024_topps_series1,2024,Topps,Series 1,Home Sweet Home Stadium Medallions,,HSH-SS,Spencer Strider,Atlanta Braves,Home Sweet Home Stadium Medallions	HSH-SS	Spencer Strider	Atlanta Braves,False
2024_topps_series1,2024,Topps,Series 1,Home Sweet Home Stadium Medallions,,HSH-TT,Trea Turner,Philadelphia Phillies,Home Sweet Home Stadium Medallions	HSH-TT	Trea Turner	Philadelphia Phillies,False
2024_topps_series1,2024,Topps,Series 1,Home Sweet Home Stadium Medallions,,HSH-VG,Vladimir Guerrero Jr.,Toronto Blue Jays,Home Sweet Home Stadium Medallions	HSH-VG	Vladimir Guerrero Jr.	Toronto Blue Jays,False
2024_topps_series1,2024,Topps,Series 1,Home Sweet Home Stadium Medallions,,HSH-YA,Yordan Alvarez,Houston Astros,Home Sweet Home Stadium Medallions	HSH-YA	Yordan Alvarez	Houston Astros,False
2024_topps_series1,2024,Topps,Series 1,Home Sweet Home Stadium Medallions Autographs,,HSHA-AB,Alex Bregman,Houston Astros,Home Sweet Home Stadium Medallions Autographs	HSHA-AB	Alex Bregman	Houston Astros,False
2024_topps_series1,2024,Topps,Series 1,Home Sweet Home Stadium Medallions Autographs,,HSHA-AJ,Aaron Judge,New York Yankees,Home Sweet Home Stadium Medallions Autographs	HSHA-AJ	Aaron Judge	New York Yankees,False
2024_topps_series1,2024,Topps,Series 1,Home Sweet Home Stadium Medallions Autographs,,HSHA-ARU,Adley Rutschman,Baltimore Orioles,Home Sweet Home Stadium Medallions Autographs	HSHA-ARU	Adley Rutschman	Baltimore Orioles,False
2024_topps_series1,2024,Topps,Series 1,Home Sweet Home Stadium Medallions Autographs,,HSHA-BBX,Byron Buxton,Minnesota Twins,Home Sweet Home Stadium Medallions Autographs	HSHA-BBX	Byron Buxton	Minnesota Twins,False
2024_topps_series1,2024,Topps,Series 1,Home Sweet Home Stadium Medallions Autographs,,HSHA-BH,Bryce Harper,Philadelphia Phillies,Home Sweet Home Stadium Medallions Autographs	HSHA-BH	Bryce Harper	Philadelphia Phillies,False
2024_topps_series1,2024,Topps,Series 1,Home Sweet Home Stadium Medallions Autographs,,HSHA-BW,Bobby Witt Jr.,Kansas City Royals,Home Sweet Home Stadium Medallions Autographs	HSHA-BW	Bobby Witt Jr.	Kansas City Royals,False
2024_topps_series1,2024,Topps,Series 1,Home Sweet Home Stadium Medallions Autographs,,HSHA-CC,Colton Cowser,Baltimore Orioles,Home Sweet Home Stadium Medallions Autographs	HSHA-CC	Colton Cowser	Baltimore Orioles,False
2024_topps_series1,2024,Topps,Series 1,Home Sweet Home Stadium Medallions Autographs,,HSHA-CCA,Corbin Carroll,Arizona Diamondbacks,Home Sweet Home Stadium Medallions Autographs	HSHA-CCA	Corbin Carroll	Arizona Diamondbacks,False
2024_topps_series1,2024,Topps,Series 1,Home Sweet Home Stadium Medallions Autographs,,HSHA-CM,Christopher Morel,Chicago Cubs,Home Sweet Home Stadium Medallions Autographs	HSHA-CM	Christopher Morel	Chicago Cubs,False
2024_topps_series1,2024,Topps,Series 1,Home Sweet Home Stadium Medallions Autographs,,HSHA-CS,Corey Seager,Texas Rangers,Home Sweet Home Stadium Medallions Autographs	HSHA-CS	Corey Seager	Texas Rangers,False
2024_topps_series1,2024,Topps,Series 1,Home Sweet Home Stadium Medallions Autographs,,HSHA-CY,Christian Yelich,Milwaukee Brewers,Home Sweet Home Stadium Medallions Autographs	HSHA-CY	Christian Yelich	Milwaukee Brewers,False
2024_topps_series1,2024,Topps,Series 1,Home Sweet Home Stadium Medallions Autographs,,HSHA-DS,Dansby Swanson,Chicago Cubs,Home Sweet Home Stadium Medallions Autographs	HSHA-DS	Dansby Swanson	Chicago Cubs,False
2024_topps_series1,2024,Topps,Series 1,Home Sweet Home Stadium Medallions Autographs,,HSHA-ED,Elly De La Cruz,Cincinnati Reds,Home Sweet Home Stadium Medallions Autographs	HSHA-ED	Elly De La Cruz	Cincinnati Reds,False
2024_topps_series1,2024,Topps,Series 1,Home Sweet Home Stadium Medallions Autographs,,HSHA-FF,Freddie Freeman,Los Angeles Dodgers,Home Sweet Home Stadium Medallions Autographs	HSHA-FF	Freddie Freeman	Los Angeles Dodgers,False
2024_topps_series1,2024,Topps,Series 1,Home Sweet Home Stadium Medallions Autographs,,HSHA-FT,Fernando Tatis Jr.,San Diego Padres,Home Sweet Home Stadium Medallions Autographs	HSHA-FT	Fernando Tatis Jr.	San Diego Padres,False
2024_topps_series1,2024,Topps,Series 1,Home Sweet Home Stadium Medallions Autographs,,HSHA-GC,Gerrit Cole,New York Yankees,Home Sweet Home Stadium Medallions Autographs	HSHA-GC	Gerrit Cole	New York Yankees,False
2024_topps_series1,2024,Topps,Series 1,Home Sweet Home Stadium Medallions Autographs,,HSHA-GEL,Zack Gelof,Oakland Athletics,Home Sweet Home Stadium Medallions Autographs	HSHA-GEL	Zack Gelof	Oakland Athletics,False
2024_topps_series1,2024,Topps,Series 1,Home Sweet Home Stadium Medallions Autographs,,HSHA-HD,Henry Davis,Pittsburgh Pirates,Home Sweet Home Stadium Medallions Autographs	HSHA-HD	Henry Davis	Pittsburgh Pirates,False
2024_topps_series1,2024,Topps,Series 1,Home Sweet Home Stadium Medallions Autographs,,HSHA-JA,Jose Altuve,Houston Astros,Home Sweet Home Stadium Medallions Autographs	HSHA-JA	Jose Altuve	Houston Astros,False
2024_topps_series1,2024,Topps,Series 1,Home Sweet Home Stadium Medallions Autographs,,HSHA-JC,Jazz Chisholm Jr.,Miami Marlins,Home Sweet Home Stadium Medallions Autographs	HSHA-JC	Jazz Chisholm Jr.	Miami Marlins,False
2024_topps_series1,2024,Topps,Series 1,Home Sweet Home Stadium Medallions Autographs,,HSHA-JR,José Ramírez,Cleveland Guardians,Home Sweet Home Stadium Medallions Autographs	HSHA-JR	José Ramírez	Cleveland Guardians,False
2024_topps_series1,2024,Topps,Series 1,Home Sweet Home Stadium Medallions Autographs,,HSHA-JROD,Julio Rodríguez,Seattle Mariners,Home Sweet Home Stadium Medallions Autographs	HSHA-JROD	Julio Rodríguez	Seattle Mariners,False
2024_topps_series1,2024,Topps,Series 1,Home Sweet Home Stadium Medallions Autographs,,HSHA-JS,Juan Soto,San Diego Padres,Home Sweet Home Stadium Medallions Autographs	HSHA-JS	Juan Soto	San Diego Padres,False
2024_topps_series1,2024,Topps,Series 1,Home Sweet Home Stadium Medallions Autographs,,HSHA-JV,Joey Votto,Cincinnati Reds,Home Sweet Home Stadium Medallions Autographs	HSHA-JV	Joey Votto	Cincinnati Reds,False
2024_topps_series1,2024,Topps,Series 1,Home Sweet Home Stadium Medallions Autographs,,HSHA-JW,Jordan Westburg,Baltimore Orioles,Home Sweet Home Stadium Medallions Autographs	HSHA-JW	Jordan Westburg	Baltimore Orioles,False
2024_topps_series1,2024,Topps,Series 1,Home Sweet Home Stadium Medallions Autographs,,HSHA-KB,Kris Bryant,Colorado Rockies,Home Sweet Home Stadium Medallions Autographs	HSHA-KB	Kris Bryant	Colorado Rockies,False
2024_topps_series1,2024,Topps,Series 1,Home Sweet Home Stadium Medallions Autographs,,HSHA-LR,Luis Robert Jr.,Chicago White Sox,Home Sweet Home Stadium Medallions Autographs	HSHA-LR	Luis Robert Jr.	Chicago White Sox,False
2024_topps_series1,2024,Topps,Series 1,Home Sweet Home Stadium Medallions Autographs,,HSHA-MAU,Ronny Mauricio,New York Mets,Home Sweet Home Stadium Medallions Autographs	HSHA-MAU	Ronny Mauricio	New York Mets,False
2024_topps_series1,2024,Topps,Series 1,Home Sweet Home Stadium Medallions Autographs,,HSHA-MO,Matt Olson,Atlanta Braves,Home Sweet Home Stadium Medallions Autographs	HSHA-MO	Matt Olson	Atlanta Braves,False
2024_topps_series1,2024,Topps,Series 1,Home Sweet Home Stadium Medallions Autographs,,HSHA-MT,Mike Trout,Los Angeles Angels,Home Sweet Home Stadium Medallions Autographs	HSHA-MT	Mike Trout	Los Angeles Angels,False
2024_topps_series1,2024,Topps,Series 1,Home Sweet Home Stadium Medallions Autographs,,HSHA-PA,Pete Alonso,New York Mets,Home Sweet Home Stadium Medallions Autographs	HSHA-PA	Pete Alonso	New York Mets,False
2024_topps_series1,2024,Topps,Series 1,Home Sweet Home Stadium Medallions Autographs,,HSHA-PG,Paul Goldschmidt,St. Louis Cardinals,Home Sweet Home Stadium Medallions Autographs	HSHA-PG	Paul Goldschmidt	St. Louis Cardinals,False
2024_topps_series1,2024,Topps,Series 1,Home Sweet Home Stadium Medallions Autographs,,HSHA-RA,Randy Arozarena,Tampa Bay Rays,Home Sweet Home Stadium Medallions Autographs	HSHA-RA	Randy Arozarena	Tampa Bay Rays,False
2024_topps_series1,2024,Topps,Series 1,Home Sweet Home Stadium Medallions Autographs,,HSHA-RAJ,Ronald Acuña Jr.,Atlanta Braves,Home Sweet Home Stadium Medallions Autographs	HSHA-RAJ	Ronald Acuña Jr.	Atlanta Braves,False
2024_topps_series1,2024,Topps,Series 1,Home Sweet Home Stadium Medallions Autographs,,HSHA-RD,Rafael Devers,Boston Red Sox,Home Sweet Home Stadium Medallions Autographs	HSHA-RD	Rafael Devers	Boston Red Sox,False
2024_topps_series1,2024,Topps,Series 1,Home Sweet Home Stadium Medallions Autographs,,HSHA-RG,Riley Greene,Detroit Tigers,Home Sweet Home Stadium Medallions Autographs	HSHA-RG	Riley Greene	Detroit Tigers,False
2024_topps_series1,2024,Topps,Series 1,Home Sweet Home Stadium Medallions Autographs,,HSHA-SO,Shohei Ohtani,Los Angeles Angels,Home Sweet Home Stadium Medallions Autographs	HSHA-SO	Shohei Ohtani	Los Angeles Angels,False
2024_topps_series1,2024,Topps,Series 1,Home Sweet Home Stadium Medallions Autographs,,HSHA-SS,Spencer Strider,Atlanta Braves,Home Sweet Home Stadium Medallions Autographs	HSHA-SS	Spencer Strider	Atlanta Braves,False
2024_topps_series1,2024,Topps,Series 1,Home Sweet Home Stadium Medallions Autographs,,HSHA-TT,Trea Turner,Philadelphia Phillies,Home Sweet Home Stadium Medallions Autographs	HSHA-TT	Trea Turner	Philadelphia Phillies,False
2024_topps_series1,2024,Topps,Series 1,Home Sweet Home Stadium Medallions Autographs,,HSHA-VG,Vladimir Guerrero Jr.,Toronto Blue Jays,Home Sweet Home Stadium Medallions Autographs	HSHA-VG	Vladimir Guerrero Jr.	Toronto Blue Jays,False
2024_topps_series1,2024,Topps,Series 1,Home Sweet Home Stadium Medallions Autographs,,HSHA-YA,Yordan Alvarez,Houston Astros,Home Sweet Home Stadium Medallions Autographs	HSHA-YA	Yordan Alvarez	Houston Astros,False
2024_topps_series1,2024,Topps,Series 1,Homefield Advantage,,HFA-1,Elly De La Cruz,Cincinnati Reds,Homefield Advantage	HFA-1	Elly De La Cruz	Cincinnati Reds,False
2024_topps_series1,2024,Topps,Series 1,Homefield Advantage,,HFA-2,Clayton Kershaw,Los Angeles Dodgers,Homefield Advantage	HFA-2	Clayton Kershaw	Los Angeles Dodgers,False
2024_topps_series1,2024,Topps,Series 1,Homefield Advantage,,HFA-3,Yordan Alvarez,Houston Astros,Homefield Advantage	HFA-3	Yordan Alvarez	Houston Astros,False
2024_topps_series1,2024,Topps,Series 1,Homefield Advantage,,HFA-4,Andrew McCutchen,Pittsburgh Pirates,Homefield Advantage	HFA-4	Andrew McCutchen	Pittsburgh Pirates,False
2024_topps_series1,2024,Topps,Series 1,Homefield Advantage,,HFA-5,Nolan Arenado,St. Louis Cardinals,Homefield Advantage	HFA-5	Nolan Arenado	St. Louis Cardinals,False
2024_topps_series1,2024,Topps,Series 1,Homefield Advantage,,HFA-6,Fernando Tatis Jr.,San Diego Padres,Homefield Advantage	HFA-6	Fernando Tatis Jr.	San Diego Padres,False
2024_topps_series1,2024,Topps,Series 1,Homefield Advantage,,HFA-7,Julio Rodríguez,Seattle Mariners,Homefield Advantage	HFA-7	Julio Rodríguez	Seattle Mariners,False
2024_topps_series1,2024,Topps,Series 1,Homefield Advantage,,HFA-8,Mike Trout,Los Angeles Angels,Homefield Advantage	HFA-8	Mike Trout	Los Angeles Angels,False
2024_topps_series1,2024,Topps,Series 1,Homefield Advantage,,HFA-9,Randy Arozarena,Tampa Bay Rays,Homefield Advantage	HFA-9	Randy Arozarena	Tampa Bay Rays,False
2024_topps_series1,2024,Topps,Series 1,Homefield Advantage,,HFA-10,Bobby Witt Jr.,Kansas City Royals,Homefield Advantage	HFA-10	Bobby Witt Jr.	Kansas City Royals,False
2024_topps_series1,2024,Topps,Series 1,In the Name Relics,,ITN-AC,Alex Cobb,San Francisco Giants,In the Name Relics	ITN-AC	Alex Cobb	San Francisco Giants,False
2024_topps_series1,2024,Topps,Series 1,In the Name Relics,,ITN-AD,Alexis Díaz,Cincinnati Reds,In the Name Relics	ITN-AD	Alexis Díaz	Cincinnati Reds,False
2024_topps_series1,2024,Topps,Series 1,In the Name Relics,,ITN-AG,Adolis García,Texas Rangers,In the Name Relics	ITN-AG	Adolis García	Texas Rangers,False
2024_topps_series1,2024,Topps,Series 1,In the Name Relics,,ITN-AH,Austin Hays,Baltimore Orioles,In the Name Relics	ITN-AH	Austin Hays	Baltimore Orioles,False
2024_topps_series1,2024,Topps,Series 1,In the Name Relics,,ITN-AR,Austin Riley,Atlanta Braves,In the Name Relics	ITN-AR	Austin Riley	Atlanta Braves,False
2024_topps_series1,2024,Topps,Series 1,In the Name Relics,,ITN-ARU,Adley Rutschman,Baltimore Orioles,In the Name Relics	ITN-ARU	Adley Rutschman	Baltimore Orioles,False
2024_topps_series1,2024,Topps,Series 1,In the Name Relics,,ITN-BB,Bo Bichette,Toronto Blue Jays,In the Name Relics	ITN-BB	Bo Bichette	Toronto Blue Jays,False
2024_topps_series1,2024,Topps,Series 1,In the Name Relics,,ITN-CB,Corbin Burnes,Milwaukee Brewers,In the Name Relics	ITN-CB	Corbin Burnes	Milwaukee Brewers,False
2024_topps_series1,2024,Topps,Series 1,In the Name Relics,,ITN-CC,Corbin Carroll,Arizona Diamondbacks,In the Name Relics	ITN-CC	Corbin Carroll	Arizona Diamondbacks,False
2024_topps_series1,2024,Topps,Series 1,In the Name Relics,,ITN-CD,Camilo Doval,San Francisco Giants,In the Name Relics	ITN-CD	Camilo Doval	San Francisco Giants,False
2024_topps_series1,2024,Topps,Series 1,In the Name Relics,,ITN-CE,Carlos Estévez,Los Angeles Angels,In the Name Relics	ITN-CE	Carlos Estévez	Los Angeles Angels,False
2024_topps_series1,2024,Topps,Series 1,In the Name Relics,,ITN-CK,Craig Kimbrel,Philadelphia Phillies,In the Name Relics	ITN-CK	Craig Kimbrel	Philadelphia Phillies,False
2024_topps_series1,2024,Topps,Series 1,In the Name Relics,,ITN-CS,Corey Seager,Texas Rangers,In the Name Relics	ITN-CS	Corey Seager	Texas Rangers,False
2024_topps_series1,2024,Topps,Series 1,In the Name Relics,,ITN-DB,David Bednar,Pittsburgh Pirates,In the Name Relics	ITN-DB	David Bednar	Pittsburgh Pirates,False
2024_topps_series1,2024,Topps,Series 1,In the Name Relics,,ITN-DW,Devin Williams,Milwaukee Brewers,In the Name Relics	ITN-DW	Devin Williams	Milwaukee Brewers,False
2024_topps_series1,2024,Topps,Series 1,In the Name Relics,,ITN-ED,Elias Díaz,Colorado Rockies,In the Name Relics	ITN-ED	Elias Díaz	Colorado Rockies,False
2024_topps_series1,2024,Topps,Series 1,In the Name Relics,,ITN-FB,Félix Bautista,Baltimore Orioles,In the Name Relics	ITN-FB	Félix Bautista	Baltimore Orioles,False
2024_topps_series1,2024,Topps,Series 1,In the Name Relics,,ITN-FF,Freddie Freeman,Los Angeles Dodgers,In the Name Relics	ITN-FF	Freddie Freeman	Los Angeles Dodgers,False
2024_topps_series1,2024,Topps,Series 1,In the Name Relics,,ITN-GK,George Kirby,Seattle Mariners,In the Name Relics	ITN-GK	George Kirby	Seattle Mariners,False
2024_topps_series1,2024,Topps,Series 1,In the Name Relics,,ITN-GP,Geraldo Perdomo,Arizona Diamondbacks,In the Name Relics	ITN-GP	Geraldo Perdomo	Arizona Diamondbacks,False
2024_topps_series1,2024,Topps,Series 1,In the Name Relics,,ITN-JH,Josh Hader,San Diego Padres,In the Name Relics	ITN-JH	Josh Hader	San Diego Padres,False
2024_topps_series1,2024,Topps,Series 1,In the Name Relics,,ITN-JHE,Jonah Heim,Texas Rangers,In the Name Relics	ITN-JHE	Jonah Heim	Texas Rangers,False
2024_topps_series1,2024,Topps,Series 1,In the Name Relics,,ITN-JJ,Josh Jung,Texas Rangers,In the Name Relics	ITN-JJ	Josh Jung	Texas Rangers,False
2024_topps_series1,2024,Topps,Series 1,In the Name Relics,,ITN-JL,Jorge López,Minnesota Twins,In the Name Relics	ITN-JL	Jorge López	Minnesota Twins,False
2024_topps_series1,2024,Topps,Series 1,In the Name Relics,,ITN-JM,J.D. Martinez,Los Angeles Dodgers,In the Name Relics	ITN-JM	J.D. Martinez	Los Angeles Dodgers,False
2024_topps_series1,2024,Topps,Series 1,In the Name Relics,,ITN-JR,Jordan Romano,Toronto Blue Jays,In the Name Relics	ITN-JR	Jordan Romano	Toronto Blue Jays,False
2024_topps_series1,2024,Topps,Series 1,In the Name Relics,,ITN-JRA,José Ramírez,Cleveland Guardians,In the Name Relics	ITN-JRA	José Ramírez	Cleveland Guardians,False
2024_topps_series1,2024,Topps,Series 1,In the Name Relics,,ITN-JROD,Julio Rodríguez,Seattle Mariners,In the Name Relics	ITN-JROD	Julio Rodríguez	Seattle Mariners,False
2024_topps_series1,2024,Topps,Series 1,In the Name Relics,,ITN-JS,Justin Steele,Chicago Cubs,In the Name Relics	ITN-JS	Justin Steele	Chicago Cubs,False
2024_topps_series1,2024,Topps,Series 1,In the Name Relics,,ITN-JSO,Jorge Soler,Miami Marlins,In the Name Relics	ITN-JSO	Jorge Soler	Miami Marlins,False
2024_topps_series1,2024,Topps,Series 1,In the Name Relics,,ITN-JST,Juan Soto,San Diego Padres,In the Name Relics	ITN-JST	Juan Soto	San Diego Padres,False
2024_topps_series1,2024,Topps,Series 1,In the Name Relics,,ITN-KJ,Kenley Jansen,Boston Red Sox,In the Name Relics	ITN-KJ	Kenley Jansen	Boston Red Sox,False
2024_topps_series1,2024,Topps,Series 1,In the Name Relics,,ITN-KS,Kodai Senga,New York Mets,In the Name Relics	ITN-KS	Kodai Senga	New York Mets,False
2024_topps_series1,2024,Topps,Series 1,In the Name Relics,,ITN-KT,Kyle Tucker,Houston Astros,In the Name Relics	ITN-KT	Kyle Tucker	Houston Astros,False
2024_topps_series1,2024,Topps,Series 1,In the Name Relics,,ITN-LC,Luis Castillo,Seattle Mariners,In the Name Relics	ITN-LC	Luis Castillo	Seattle Mariners,False
2024_topps_series1,2024,Topps,Series 1,In the Name Relics,,ITN-LG,Lourdes Gurriel Jr.,Arizona Diamondbacks,In the Name Relics	ITN-LG	Lourdes Gurriel Jr.	Arizona Diamondbacks,False
2024_topps_series1,2024,Topps,Series 1,In the Name Relics,,ITN-MB,Mookie Betts,Los Angeles Dodgers,In the Name Relics	ITN-MB	Mookie Betts	Los Angeles Dodgers,False
2024_topps_series1,2024,Topps,Series 1,In the Name Relics,,ITN-MK,Mitch Keller,Pittsburgh Pirates,In the Name Relics	ITN-MK	Mitch Keller	Pittsburgh Pirates,False
2024_topps_series1,2024,Topps,Series 1,In the Name Relics,,ITN-ML,Michael Lorenzen,Detroit Tigers,In the Name Relics	ITN-ML	Michael Lorenzen	Detroit Tigers,False
2024_topps_series1,2024,Topps,Series 1,In the Name Relics,,ITN-MO,Matt Olson,Atlanta Braves,In the Name Relics	ITN-MO	Matt Olson	Atlanta Braves,False
2024_topps_series1,2024,Topps,Series 1,In the Name Relics,,ITN-MS,Marcus Semien,Texas Rangers,In the Name Relics	ITN-MS	Marcus Semien	Texas Rangers,False
2024_topps_series1,2024,Topps,Series 1,In the Name Relics,,ITN-NA,Nolan Arenado,St. Louis Cardinals,In the Name Relics	ITN-NA	Nolan Arenado	St. Louis Cardinals,False
2024_topps_series1,2024,Topps,Series 1,In the Name Relics,,ITN-NE,Nathan Eovaldi,Texas Rangers,In the Name Relics	ITN-NE	Nathan Eovaldi	Texas Rangers,False
2024_topps_series1,2024,Topps,Series 1,In the Name Relics,,ITN-OA,Ozzie Albies,Atlanta Braves,In the Name Relics	ITN-OA	Ozzie Albies	Atlanta Braves,False
2024_topps_series1,2024,Topps,Series 1,In the Name Relics,,ITN-OAR,Orlando Arcia,Atlanta Braves,In the Name Relics	ITN-OAR	Orlando Arcia	Atlanta Braves,False
2024_topps_series1,2024,Topps,Series 1,In the Name Relics,,ITN-PA,Pete Alonso,New York Mets,In the Name Relics	ITN-PA	Pete Alonso	New York Mets,False
2024_topps_series1,2024,Topps,Series 1,In the Name Relics,,ITN-RA,Ronald Acuña Jr.,Atlanta Braves,In the Name Relics	ITN-RA	Ronald Acuña Jr.	Atlanta Braves,False
2024_topps_series1,2024,Topps,Series 1,In the Name Relics,,ITN-RAR,Randy Arozarena,Tampa Bay Rays,In the Name Relics	ITN-RAR	Randy Arozarena	Tampa Bay Rays,False
2024_topps_series1,2024,Topps,Series 1,In the Name Relics,,ITN-SG,Sonny Gray,Minnesota Twins,In the Name Relics	ITN-SG	Sonny Gray	Minnesota Twins,False
2024_topps_series1,2024,Topps,Series 1,In the Name Relics,,ITN-SM,Shane McClanahan,Tampa Bay Rays,In the Name Relics	ITN-SM	Shane McClanahan	Tampa Bay Rays,False
2024_topps_series1,2024,Topps,Series 1,In the Name Relics,,ITN-SMU,Sean Murphy,Atlanta Braves,In the Name Relics	ITN-SMU	Sean Murphy	Atlanta Braves,False
2024_topps_series1,2024,Topps,Series 1,In the Name Relics,,ITN-SOH,Shohei Ohtani,Los Angeles Angels,In the Name Relics	ITN-SOH	Shohei Ohtani	Los Angeles Angels,False
2024_topps_series1,2024,Topps,Series 1,In the Name Relics,,ITN-SP,Salvador Perez,Kansas City Royals,In the Name Relics	ITN-SP	Salvador Perez	Kansas City Royals,False
2024_topps_series1,2024,Topps,Series 1,In the Name Relics,,ITN-VG,Vladimir Guerrero Jr.,Toronto Blue Jays,In the Name Relics	ITN-VG	Vladimir Guerrero Jr.	Toronto Blue Jays,False
2024_topps_series1,2024,Topps,Series 1,In the Name Relics,,ITN-WM,Whit Merrifield,Toronto Blue Jays,In the Name Relics	ITN-WM	Whit Merrifield	Toronto Blue Jays,False
2024_topps_series1,2024,Topps,Series 1,In the Name Relics,,ITN-WS,Will Smith,Los Angeles Dodgers,In the Name Relics	ITN-WS	Will Smith	Los Angeles Dodgers,False
2024_topps_series1,2024,Topps,Series 1,In the Name Relics,,ITN-YA,Yordan Alvarez,Houston Astros,In the Name Relics	ITN-YA	Yordan Alvarez	Houston Astros,False
2024_topps_series1,2024,Topps,Series 1,In the Name Relics,,ITN-YC,Yennier Cano,Baltimore Orioles,In the Name Relics	ITN-YC	Yennier Cano	Baltimore Orioles,False
2024_topps_series1,2024,Topps,Series 1,In the Name Relics,,ITN-YD,Yandy Díaz,Tampa Bay Rays,In the Name Relics	ITN-YD	Yandy Díaz	Tampa Bay Rays,False
2024_topps_series1,2024,Topps,Series 1,In the Name Relics,,ITN-ZG,Zac Gallen,Arizona Diamondbacks,In the Name Relics	ITN-ZG	Zac Gallen	Arizona Diamondbacks,False
2024_topps_series1,2024,Topps,Series 1,Legendary Homefield Advantage,,LHA-1,Mike Schmidt,Philadelphia Phillies,Legendary Homefield Advantage	LHA-1	Mike Schmidt	Philadelphia Phillies,False
2024_topps_series1,2024,Topps,Series 1,Legendary Homefield Advantage,,LHA-2,Johnny Bench,Cincinnati Reds,Legendary Homefield Advantage	LHA-2	Johnny Bench	Cincinnati Reds,False
2024_topps_series1,2024,Topps,Series 1,Legendary Homefield Advantage,,LHA-3,Randy Johnson,Arizona Diamondbacks,Legendary Homefield Advantage	LHA-3	Randy Johnson	Arizona Diamondbacks,False
2024_topps_series1,2024,Topps,Series 1,Legendary Homefield Advantage,,LHA-4,Bob Gibson,St. Louis Cardinals,Legendary Homefield Advantage	LHA-4	Bob Gibson	St. Louis Cardinals,False
2024_topps_series1,2024,Topps,Series 1,Legendary Homefield Advantage,,LHA-5,Yogi Berra,New York Yankees,Legendary Homefield Advantage	LHA-5	Yogi Berra	New York Yankees,False
2024_topps_series1,2024,Topps,Series 1,Major League Material,,MLM-AB,Alex Bregman,Houston Astros,Major League Material	MLM-AB	Alex Bregman	Houston Astros,False
2024_topps_series1,2024,Topps,Series 1,Major League Material,,MLM-AJ,Aaron Judge,New York Yankees,Major League Material	MLM-AJ	Aaron Judge	New York Yankees,False
2024_topps_series1,2024,Topps,Series 1,Major League Material,,MLM-AN,Aaron Nola,Philadelphia Phillies,Major League Material	MLM-AN	Aaron Nola	Philadelphia Phillies,False
2024_topps_series1,2024,Topps,Series 1,Major League Material,,MLM-AR,Anthony Rizzo,New York Yankees,Major League Material	MLM-AR	Anthony Rizzo	New York Yankees,False
2024_topps_series1,2024,Topps,Series 1,Major League Material,,MLM-ARI,Austin Riley,Atlanta Braves,Major League Material	MLM-ARI	Austin Riley	Atlanta Braves,False
2024_topps_series1,2024,Topps,Series 1,Major League Material,,MLM-AV,Anthony Volpe,New York Yankees,Major League Material	MLM-AV	Anthony Volpe	New York Yankees,False
2024_topps_series1,2024,Topps,Series 1,Major League Material,,MLM-BC,Brandon Crawford,San Francisco Giants,Major League Material	MLM-BC	Brandon Crawford	San Francisco Giants,False
2024_topps_series1,2024,Topps,Series 1,Major League Material,,MLM-BH,Bryce Harper,Philadelphia Phillies,Major League Material	MLM-BH	Bryce Harper	Philadelphia Phillies,False
2024_topps_series1,2024,Topps,Series 1,Major League Material,,MLM-BR,Bryan Reynolds,Pittsburgh Pirates,Major League Material	MLM-BR	Bryan Reynolds	Pittsburgh Pirates,False
2024_topps_series1,2024,Topps,Series 1,Major League Material,,MLM-BW,Bobby Witt Jr.,Kansas City Royals,Major League Material	MLM-BW	Bobby Witt Jr.	Kansas City Royals,False
2024_topps_series1,2024,Topps,Series 1,Major League Material,,MLM-CB,Corbin Burnes,Milwaukee Brewers,Major League Material	MLM-CB	Corbin Burnes	Milwaukee Brewers,False
2024_topps_series1,2024,Topps,Series 1,Major League Material,,MLM-CBE,Cody Bellinger,Chicago Cubs,Major League Material	MLM-CBE	Cody Bellinger	Chicago Cubs,False
2024_topps_series1,2024,Topps,Series 1,Major League Material,,MLM-CC,Carlos Correa,Minnesota Twins,Major League Material	MLM-CC	Carlos Correa	Minnesota Twins,False
2024_topps_series1,2024,Topps,Series 1,Major League Material,,MLM-CCA,Corbin Carroll,Arizona Diamondbacks,Major League Material	MLM-CCA	Corbin Carroll	Arizona Diamondbacks,False
2024_topps_series1,2024,Topps,Series 1,Major League Material,,MLM-CK,Clayton Kershaw,Los Angeles Dodgers,Major League Material	MLM-CK	Clayton Kershaw	Los Angeles Dodgers,False
2024_topps_series1,2024,Topps,Series 1,Major League Material,,MLM-CY,Christian Yelich,Milwaukee Brewers,Major League Material	MLM-CY	Christian Yelich	Milwaukee Brewers,False
2024_topps_series1,2024,Topps,Series 1,Major League Material,,MLM-DS,Dansby Swanson,Chicago Cubs,Major League Material	MLM-DS	Dansby Swanson	Chicago Cubs,False
2024_topps_series1,2024,Topps,Series 1,Major League Material,,MLM-ED,Elly De La Cruz,Cincinnati Reds,Major League Material	MLM-ED	Elly De La Cruz	Cincinnati Reds,False
2024_topps_series1,2024,Topps,Series 1,Major League Material,,MLM-EJ,Eloy Jiménez,Chicago White Sox,Major League Material	MLM-EJ	Eloy Jiménez	Chicago White Sox,False
2024_topps_series1,2024,Topps,Series 1,Major League Material,,MLM-FA,Francisco Alvarez,New York Mets,Major League Material	MLM-FA	Francisco Alvarez	New York Mets,False
2024_topps_series1,2024,Topps,Series 1,Major League Material,,MLM-FF,Freddie Freeman,Los Angeles Dodgers,Major League Material	MLM-FF	Freddie Freeman	Los Angeles Dodgers,False
2024_topps_series1,2024,Topps,Series 1,Major League Material,,MLM-FL,Francisco Lindor,New York Mets,Major League Material	MLM-FL	Francisco Lindor	New York Mets,False
2024_topps_series1,2024,Topps,Series 1,Major League Material,,MLM-FT,Fernando Tatis Jr.,San Diego Padres,Major League Material	MLM-FT	Fernando Tatis Jr.	San Diego Padres,False
2024_topps_series1,2024,Topps,Series 1,Major League Material,,MLM-GC,Gerrit Cole,New York Yankees,Major League Material	MLM-GC	Gerrit Cole	New York Yankees,False
2024_topps_series1,2024,Topps,Series 1,Major League Material,,MLM-GH,Gunnar Henderson,Baltimore Orioles,Major League Material	MLM-GH	Gunnar Henderson	Baltimore Orioles,False
2024_topps_series1,2024,Topps,Series 1,Major League Material,,MLM-GK,George Kirby,Seattle Mariners,Major League Material	MLM-GK	George Kirby	Seattle Mariners,False
2024_topps_series1,2024,Topps,Series 1,Major League Material,,MLM-GS,George Springer,Toronto Blue Jays,Major League Material	MLM-GS	George Springer	Toronto Blue Jays,False
2024_topps_series1,2024,Topps,Series 1,Major League Material,,MLM-GST,Giancarlo Stanton,New York Yankees,Major League Material	MLM-GST	Giancarlo Stanton	New York Yankees,False
2024_topps_series1,2024,Topps,Series 1,Major League Material,,MLM-GT,Gleyber Torres,New York Yankees,Major League Material	MLM-GT	Gleyber Torres	New York Yankees,False
2024_topps_series1,2024,Topps,Series 1,Major League Material,,MLM-HD,Henry Davis,Pittsburgh Pirates,Major League Material	MLM-HD	Henry Davis	Pittsburgh Pirates,False
2024_topps_series1,2024,Topps,Series 1,Major League Material,,MLM-HG,Hunter Greene,Cincinnati Reds,Major League Material	MLM-HG	Hunter Greene	Cincinnati Reds,False
2024_topps_series1,2024,Topps,Series 1,Major League Material,,MLM-JB,Javier Báez,Detroit Tigers,Major League Material	MLM-JB	Javier Báez	Detroit Tigers,False
2024_topps_series1,2024,Topps,Series 1,Major League Material,,MLM-JC,Jazz Chisholm Jr.,Miami Marlins,Major League Material	MLM-JC	Jazz Chisholm Jr.	Miami Marlins,False
2024_topps_series1,2024,Topps,Series 1,Major League Material,,MLM-JI,Jonathan India,Cincinnati Reds,Major League Material	MLM-JI	Jonathan India	Cincinnati Reds,False
2024_topps_series1,2024,Topps,Series 1,Major League Material,,MLM-JJ,Josh Jung,Texas Rangers,Major League Material	MLM-JJ	Josh Jung	Texas Rangers,False
2024_topps_series1,2024,Topps,Series 1,Major League Material,,MLM-JM,Joe Musgrove,San Diego Padres,Major League Material	MLM-JM	Joe Musgrove	San Diego Padres,False
2024_topps_series1,2024,Topps,Series 1,Major League Material,,MLM-JR,Julio Rodríguez,Seattle Mariners,Major League Material	MLM-JR	Julio Rodríguez	Seattle Mariners,False
2024_topps_series1,2024,Topps,Series 1,Major League Material,,MLM-JRA,José Ramírez,Cleveland Guardians,Major League Material	MLM-JRA	José Ramírez	Cleveland Guardians,False
2024_topps_series1,2024,Topps,Series 1,Major League Material,,MLM-JRY,Joe Ryan,Minnesota Twins,Major League Material	MLM-JRY	Joe Ryan	Minnesota Twins,False
2024_topps_series1,2024,Topps,Series 1,Major League Material,,MLM-JS,Juan Soto,San Diego Padres,Major League Material	MLM-JS	Juan Soto	San Diego Padres,False
2024_topps_series1,2024,Topps,Series 1,Major League Material,,MLM-JV,Joey Votto,Cincinnati Reds,Major League Material	MLM-JV	Joey Votto	Cincinnati Reds,False
2024_topps_series1,2024,Topps,Series 1,Major League Material,,MLM-KB,Kris Bryant,Colorado Rockies,Major League Material	MLM-KB	Kris Bryant	Colorado Rockies,False
2024_topps_series1,2024,Topps,Series 1,Major League Material,,MLM-KHA,Ke'Bryan Hayes,Pittsburgh Pirates,Major League Material	MLM-KHA	Ke'Bryan Hayes	Pittsburgh Pirates,False
2024_topps_series1,2024,Topps,Series 1,Major League Material,,MLM-KS,Kyle Schwarber,Philadelphia Phillies,Major League Material	MLM-KS	Kyle Schwarber	Philadelphia Phillies,False
2024_topps_series1,2024,Topps,Series 1,Major League Material,,MLM-KT,Kyle Tucker,Houston Astros,Major League Material	MLM-KT	Kyle Tucker	Houston Astros,False
2024_topps_series1,2024,Topps,Series 1,Major League Material,,MLM-LR,Luis Robert Jr.,Chicago White Sox,Major League Material	MLM-LR	Luis Robert Jr.	Chicago White Sox,False
2024_topps_series1,2024,Topps,Series 1,Major League Material,,MLM-LS,Luis Severino,New York Yankees,Major League Material	MLM-LS	Luis Severino	New York Yankees,False
2024_topps_series1,2024,Topps,Series 1,Major League Material,,MLM-LW,Logan Webb,San Francisco Giants,Major League Material	MLM-LW	Logan Webb	San Francisco Giants,False
2024_topps_series1,2024,Topps,Series 1,Major League Material,,MLM-MB,Mookie Betts,Los Angeles Dodgers,Major League Material	MLM-MB	Mookie Betts	Los Angeles Dodgers,False
2024_topps_series1,2024,Topps,Series 1,Major League Material,,MLM-MC,Miguel Cabrera,Detroit Tigers,Major League Material	MLM-MC	Miguel Cabrera	Detroit Tigers,False
2024_topps_series1,2024,Topps,Series 1,Major League Material,,MLM-MH,Michael Harris II,Atlanta Braves,Major League Material	MLM-MH	Michael Harris II	Atlanta Braves,False
2024_topps_series1,2024,Topps,Series 1,Major League Material,,MLM-MM,Manny Machado,San Diego Padres,Major League Material	MLM-MM	Manny Machado	San Diego Padres,False
2024_topps_series1,2024,Topps,Series 1,Major League Material,,MLM-MMU,Max Muncy,Los Angeles Dodgers,Major League Material	MLM-MMU	Max Muncy	Los Angeles Dodgers,False
2024_topps_series1,2024,Topps,Series 1,Major League Material,,MLM-MS,Marcus Semien,Texas Rangers,Major League Material	MLM-MS	Marcus Semien	Texas Rangers,False
2024_topps_series1,2024,Topps,Series 1,Major League Material,,MLM-MT,Mike Trout,Los Angeles Angels,Major League Material	MLM-MT	Mike Trout	Los Angeles Angels,False
2024_topps_series1,2024,Topps,Series 1,Major League Material,,MLM-MY,Mike Yastrzemski,San Francisco Giants,Major League Material	MLM-MY	Mike Yastrzemski	San Francisco Giants,False
2024_topps_series1,2024,Topps,Series 1,Major League Material,,MLM-MYO,Masataka Yoshida,Boston Red Sox,Major League Material	MLM-MYO	Masataka Yoshida	Boston Red Sox,False
2024_topps_series1,2024,Topps,Series 1,Major League Material,,MLM-NA,Nolan Arenado,St. Louis Cardinals,Major League Material	MLM-NA	Nolan Arenado	St. Louis Cardinals,False
2024_topps_series1,2024,Topps,Series 1,Major League Material,,MLM-OA,Ozzie Albies,Atlanta Braves,Major League Material	MLM-OA	Ozzie Albies	Atlanta Braves,False
2024_topps_series1,2024,Topps,Series 1,Major League Material,,MLM-OC,Oneil Cruz,Pittsburgh Pirates,Major League Material	MLM-OC	Oneil Cruz	Pittsburgh Pirates,False
2024_topps_series1,2024,Topps,Series 1,Major League Material,,MLM-PA,Pete Alonso,New York Mets,Major League Material	MLM-PA	Pete Alonso	New York Mets,False
2024_topps_series1,2024,Topps,Series 1,Major League Material,,MLM-PG,Paul Goldschmidt,St. Louis Cardinals,Major League Material	MLM-PG	Paul Goldschmidt	St. Louis Cardinals,False
2024_topps_series1,2024,Topps,Series 1,Major League Material,,MLM-RA,Randy Arozarena,Tampa Bay Rays,Major League Material	MLM-RA	Randy Arozarena	Tampa Bay Rays,False
2024_topps_series1,2024,Topps,Series 1,Major League Material,,MLM-RAJ,Ronald Acuña Jr.,Atlanta Braves,Major League Material	MLM-RAJ	Ronald Acuña Jr.	Atlanta Braves,False
2024_topps_series1,2024,Topps,Series 1,Major League Material,,MLM-RD,Rafael Devers,Boston Red Sox,Major League Material	MLM-RD	Rafael Devers	Boston Red Sox,False
2024_topps_series1,2024,Topps,Series 1,Major League Material,,MLM-RG,Riley Greene,Detroit Tigers,Major League Material	MLM-RG	Riley Greene	Detroit Tigers,False
2024_topps_series1,2024,Topps,Series 1,Major League Material,,MLM-RM,Ryan Mountcastle,Baltimore Orioles,Major League Material	MLM-RM	Ryan Mountcastle	Baltimore Orioles,False
2024_topps_series1,2024,Topps,Series 1,Major League Material,,MLM-SA,Sandy Alcantara,Miami Marlins,Major League Material	MLM-SA	Sandy Alcantara	Miami Marlins,False
2024_topps_series1,2024,Topps,Series 1,Major League Material,,MLM-SM,Shane McClanahan,Tampa Bay Rays,Major League Material	MLM-SM	Shane McClanahan	Tampa Bay Rays,False
2024_topps_series1,2024,Topps,Series 1,Major League Material,,MLM-SO,Shohei Ohtani,Los Angeles Angels,Major League Material	MLM-SO	Shohei Ohtani	Los Angeles Angels,False
2024_topps_series1,2024,Topps,Series 1,Major League Material,,MLM-SP,Salvador Perez,Kansas City Royals,Major League Material	MLM-SP	Salvador Perez	Kansas City Royals,False
2024_topps_series1,2024,Topps,Series 1,Major League Material,,MLM-SS,Seiya Suzuki,Chicago Cubs,Major League Material	MLM-SS	Seiya Suzuki	Chicago Cubs,False
2024_topps_series1,2024,Topps,Series 1,Major League Material,,MLM-ST,Spencer Torkelson,Detroit Tigers,Major League Material	MLM-ST	Spencer Torkelson	Detroit Tigers,False
2024_topps_series1,2024,Topps,Series 1,Major League Material,,MLM-TM,Triston McKenzie,Cleveland Guardians,Major League Material	MLM-TM	Triston McKenzie	Cleveland Guardians,False
2024_topps_series1,2024,Topps,Series 1,Major League Material,,MLM-TT,Trea Turner,Philadelphia Phillies,Major League Material	MLM-TT	Trea Turner	Philadelphia Phillies,False
2024_topps_series1,2024,Topps,Series 1,Major League Material,,MLM-VG,Vladimir Guerrero Jr.,Toronto Blue Jays,Major League Material	MLM-VG	Vladimir Guerrero Jr.	Toronto Blue Jays,False
2024_topps_series1,2024,Topps,Series 1,Major League Material,,MLM-WC,Willson Contreras,St. Louis Cardinals,Major League Material	MLM-WC	Willson Contreras	St. Louis Cardinals,False
2024_topps_series1,2024,Topps,Series 1,Major League Material,,MLM-XB,Xander Bogaerts,San Diego Padres,Major League Material	MLM-XB	Xander Bogaerts	San Diego Padres,False
2024_topps_series1,2024,Topps,Series 1,Major League Material,,MLM-YA,Yordan Alvarez,Houston Astros,Major League Material	MLM-YA	Yordan Alvarez	Houston Astros,False
2024_topps_series1,2024,Topps,Series 1,Major League Material Autographs,,MLMA-AG,Adolis García,Texas Rangers,Major League Material Autographs	MLMA-AG	Adolis García	Texas Rangers,False
2024_topps_series1,2024,Topps,Series 1,Major League Material Autographs,,MLMA-AN,Aaron Nola,Philadelphia Phillies,Major League Material Autographs	MLMA-AN	Aaron Nola	Philadelphia Phillies,False
2024_topps_series1,2024,Topps,Series 1,Major League Material Autographs,,MLMA-AR,Anthony Rizzo,New York Yankees,Major League Material Autographs	MLMA-AR	Anthony Rizzo	New York Yankees,False
2024_topps_series1,2024,Topps,Series 1,Major League Material Autographs,,MLMA-ARU,Adley Rutschman,Baltimore Orioles,Major League Material Autographs	MLMA-ARU	Adley Rutschman	Baltimore Orioles,False
2024_topps_series1,2024,Topps,Series 1,Major League Material Autographs,,MLMA-BB,Byron Buxton,Minnesota Twins,Major League Material Autographs	MLMA-BB	Byron Buxton	Minnesota Twins,False
2024_topps_series1,2024,Topps,Series 1,Major League Material Autographs,,MLMA-BS,Blake Snell,San Diego Padres,Major League Material Autographs	MLMA-BS	Blake Snell	San Diego Padres,False
2024_topps_series1,2024,Topps,Series 1,Major League Material Autographs,,MLMA-BWI,Bobby Witt Jr.,Kansas City Royals,Major League Material Autographs	MLMA-BWI	Bobby Witt Jr.	Kansas City Royals,False
2024_topps_series1,2024,Topps,Series 1,Major League Material Autographs,,MLMA-CB,Corbin Burnes,Milwaukee Brewers,Major League Material Autographs	MLMA-CB	Corbin Burnes	Milwaukee Brewers,False
2024_topps_series1,2024,Topps,Series 1,Major League Material Autographs,,MLMA-CM,Christopher Morel,Chicago Cubs,Major League Material Autographs	MLMA-CM	Christopher Morel	Chicago Cubs,False
2024_topps_series1,2024,Topps,Series 1,Major League Material Autographs,,MLMA-CS,Corey Seager,Texas Rangers,Major League Material Autographs	MLMA-CS	Corey Seager	Texas Rangers,False
2024_topps_series1,2024,Topps,Series 1,Major League Material Autographs,,MLMA-CY,Christian Yelich,Milwaukee Brewers,Major League Material Autographs	MLMA-CY	Christian Yelich	Milwaukee Brewers,False
2024_topps_series1,2024,Topps,Series 1,Major League Material Autographs,,MLMA-DS,Dansby Swanson,Chicago Cubs,Major League Material Autographs	MLMA-DS	Dansby Swanson	Chicago Cubs,False
2024_topps_series1,2024,Topps,Series 1,Major League Material Autographs,,MLMA-FT,Fernando Tatis Jr.,San Diego Padres,Major League Material Autographs	MLMA-FT	Fernando Tatis Jr.	San Diego Padres,False
2024_topps_series1,2024,Topps,Series 1,Major League Material Autographs,,MLMA-GK,George Kirby,Seattle Mariners,Major League Material Autographs	MLMA-GK	George Kirby	Seattle Mariners,False
2024_topps_series1,2024,Topps,Series 1,Major League Material Autographs,,MLMA-GS,George Springer,Toronto Blue Jays,Major League Material Autographs	MLMA-GS	George Springer	Toronto Blue Jays,False
2024_topps_series1,2024,Topps,Series 1,Major League Material Autographs,,MLMA-HD,Henry Davis,Pittsburgh Pirates,Major League Material Autographs	MLMA-HD	Henry Davis	Pittsburgh Pirates,False
2024_topps_series1,2024,Topps,Series 1,Major League Material Autographs,,MLMA-JA,Jose Altuve,Houston Astros,Major League Material Autographs	MLMA-JA	Jose Altuve	Houston Astros,False
2024_topps_series1,2024,Topps,Series 1,Major League Material Autographs,,MLMA-JI,Jonathan India,Cincinnati Reds,Major League Material Autographs	MLMA-JI	Jonathan India	Cincinnati Reds,False
2024_topps_series1,2024,Topps,Series 1,Major League Material Autographs,,MLMA-JR,Julio Rodríguez,Seattle Mariners,Major League Material Autographs	MLMA-JR	Julio Rodríguez	Seattle Mariners,False
2024_topps_series1,2024,Topps,Series 1,Major League Material Autographs,,MLMA-JRA,José Ramírez,Cleveland Guardians,Major League Material Autographs	MLMA-JRA	José Ramírez	Cleveland Guardians,False
2024_topps_series1,2024,Topps,Series 1,Major League Material Autographs,,MLMA-JS,Juan Soto,San Diego Padres,Major League Material Autographs	MLMA-JS	Juan Soto	San Diego Padres,False
2024_topps_series1,2024,Topps,Series 1,Major League Material Autographs,,MLMA-JV,Joey Votto,Cincinnati Reds,Major League Material Autographs	MLMA-JV	Joey Votto	Cincinnati Reds,False
2024_topps_series1,2024,Topps,Series 1,Major League Material Autographs,,MLMA-KSC,Kyle Schwarber,Philadelphia Phillies,Major League Material Autographs	MLMA-KSC	Kyle Schwarber	Philadelphia Phillies,False
2024_topps_series1,2024,Topps,Series 1,Major League Material Autographs,,MLMA-LW,Logan Webb,San Francisco Giants,Major League Material Autographs	MLMA-LW	Logan Webb	San Francisco Giants,False
2024_topps_series1,2024,Topps,Series 1,Major League Material Autographs,,MLMA-MH,Michael Harris II,Atlanta Braves,Major League Material Autographs	MLMA-MH	Michael Harris II	Atlanta Braves,False
2024_topps_series1,2024,Topps,Series 1,Major League Material Autographs,,MLMA-MM,Max Muncy,Los Angeles Dodgers,Major League Material Autographs	MLMA-MM	Max Muncy	Los Angeles Dodgers,False
2024_topps_series1,2024,Topps,Series 1,Major League Material Autographs,,MLMA-MT,Mike Trout,Los Angeles Angels,Major League Material Autographs	MLMA-MT	Mike Trout	Los Angeles Angels,False
2024_topps_series1,2024,Topps,Series 1,Major League Material Autographs,,MLMA-MY,Masataka Yoshida,Boston Red Sox,Major League Material Autographs	MLMA-MY	Masataka Yoshida	Boston Red Sox,False
2024_topps_series1,2024,Topps,Series 1,Major League Material Autographs,,MLMA-OA,Ozzie Albies,Atlanta Braves,Major League Material Autographs	MLMA-OA	Ozzie Albies	Atlanta Braves,False
2024_topps_series1,2024,Topps,Series 1,Major League Material Autographs,,MLMA-PA,Pete Alonso,New York Mets,Major League Material Autographs	MLMA-PA	Pete Alonso	New York Mets,False
2024_topps_series1,2024,Topps,Series 1,Major League Material Autographs,,MLMA-PG,Paul Goldschmidt,St. Louis Cardinals,Major League Material Autographs	MLMA-PG	Paul Goldschmidt	St. Louis Cardinals,False
2024_topps_series1,2024,Topps,Series 1,Major League Material Autographs,,MLMA-RA,Randy Arozarena,Tampa Bay Rays,Major League Material Autographs	MLMA-RA	Randy Arozarena	Tampa Bay Rays,False
2024_topps_series1,2024,Topps,Series 1,Major League Material Autographs,,MLMA-RD,Rafael Devers,Boston Red Sox,Major League Material Autographs	MLMA-RD	Rafael Devers	Boston Red Sox,False
2024_topps_series1,2024,Topps,Series 1,Major League Material Autographs,,MLMA-RG,Riley Greene,Detroit Tigers,Major League Material Autographs	MLMA-RG	Riley Greene	Detroit Tigers,False
2024_topps_series1,2024,Topps,Series 1,Major League Material Autographs,,MLMA-RM,Ronny Mauricio,New York Mets,Major League Material Autographs	MLMA-RM	Ronny Mauricio	New York Mets,False
2024_topps_series1,2024,Topps,Series 1,Major League Material Autographs,,MLMA-RMO,Ryan Mountcastle,Baltimore Orioles,Major League Material Autographs	MLMA-RMO	Ryan Mountcastle	Baltimore Orioles,False
2024_topps_series1,2024,Topps,Series 1,Major League Material Autographs,,MLMA-SB,Shane Bieber,Cleveland Guardians,Major League Material Autographs	MLMA-SB	Shane Bieber	Cleveland Guardians,False
2024_topps_series1,2024,Topps,Series 1,Major League Material Autographs,,MLMA-SG,Sonny Gray,Minnesota Twins,Major League Material Autographs	MLMA-SG	Sonny Gray	Minnesota Twins,False
2024_topps_series1,2024,Topps,Series 1,Major League Material Autographs,,MLMA-VG,Vladimir Guerrero Jr.,Toronto Blue Jays,Major League Material Autographs	MLMA-VG	Vladimir Guerrero Jr.	Toronto Blue Jays,False
2024_topps_series1,2024,Topps,Series 1,Major League Material Autographs,,MLMA-XB,Xander Bogaerts,San Diego Padres,Major League Material Autographs	MLMA-XB	Xander Bogaerts	San Diego Padres,False
2024_topps_series1,2024,Topps,Series 1,Major League Material Autographs,,MLMA-YA,Yordan Alvarez,Houston Astros,Major League Material Autographs	MLMA-YA	Yordan Alvarez	Houston Astros,False
2024_topps_series1,2024,Topps,Series 1,Oversized 2024 Topps Baseball,,OTB-1,Vladimir Guerrero Jr.,Toronto Blue Jays,Oversized 2024 Topps Baseball	OTB-1	Vladimir Guerrero Jr.	Toronto Blue Jays,False
2024_topps_series1,2024,Topps,Series 1,Oversized 2024 Topps Baseball,,OTB-2,Shohei Ohtani,Los Angeles Angels,Oversized 2024 Topps Baseball	OTB-2	Shohei Ohtani	Los Angeles Angels,False
2024_topps_series1,2024,Topps,Series 1,Oversized 2024 Topps Baseball,,OTB-3,Yordan Alvarez,Houston Astros,Oversized 2024 Topps Baseball	OTB-3	Yordan Alvarez	Houston Astros,False
2024_topps_series1,2024,Topps,Series 1,Oversized 2024 Topps Baseball,,OTB-4,Aaron Judge,New York Yankees,Oversized 2024 Topps Baseball	OTB-4	Aaron Judge	New York Yankees,False
2024_topps_series1,2024,Topps,Series 1,Oversized 2024 Topps Baseball,,OTB-5,Ronald Acuña Jr.,Atlanta Braves,Oversized 2024 Topps Baseball	OTB-5	Ronald Acuña Jr.	Atlanta Braves,False
2024_topps_series1,2024,Topps,Series 1,Oversized 2024 Topps Baseball,,OTB-6,Mike Trout,Los Angeles Angels,Oversized 2024 Topps Baseball	OTB-6	Mike Trout	Los Angeles Angels,False
2024_topps_series1,2024,Topps,Series 1,Oversized 2024 Topps Baseball,,OTB-7,Juan Soto,San Diego Padres,Oversized 2024 Topps Baseball	OTB-7	Juan Soto	San Diego Padres,False
2024_topps_series1,2024,Topps,Series 1,Oversized 2024 Topps Baseball,,OTB-8,Fernando Tatis Jr.,San Diego Padres,Oversized 2024 Topps Baseball	OTB-8	Fernando Tatis Jr.	San Diego Padres,False
2024_topps_series1,2024,Topps,Series 1,Oversized 2024 Topps Baseball,,OTB-9,Nolan Arenado,St. Louis Cardinals,Oversized 2024 Topps Baseball	OTB-9	Nolan Arenado	St. Louis Cardinals,False
2024_topps_series1,2024,Topps,Series 1,Oversized 2024 Topps Baseball,,OTB-10,Pete Alonso,New York Mets,Oversized 2024 Topps Baseball	OTB-10	Pete Alonso	New York Mets,False
2024_topps_series1,2024,Topps,Series 1,Oversized 2024 Topps Baseball,,OTB-11,Bryce Harper,Philadelphia Phillies,Oversized 2024 Topps Baseball	OTB-11	Bryce Harper	Philadelphia Phillies,False
2024_topps_series1,2024,Topps,Series 1,Oversized 2024 Topps Baseball,,OTB-12,Julio Rodríguez,Seattle Mariners,Oversized 2024 Topps Baseball	OTB-12	Julio Rodríguez	Seattle Mariners,False
2024_topps_series1,2024,Topps,Series 1,Oversized 2024 Topps Baseball,,OTB-13,Mookie Betts,Los Angeles Dodgers,Oversized 2024 Topps Baseball	OTB-13	Mookie Betts	Los Angeles Dodgers,False
2024_topps_series1,2024,Topps,Series 1,Oversized 2024 Topps Baseball,,OTB-14,Ronny Mauricio,New York Mets,Oversized 2024 Topps Baseball	OTB-14	Ronny Mauricio	New York Mets,False
2024_topps_series1,2024,Topps,Series 1,Oversized 2024 Topps Baseball,,OTB-15,Rafael Devers,Boston Red Sox,Oversized 2024 Topps Baseball	OTB-15	Rafael Devers	Boston Red Sox,False
2024_topps_series1,2024,Topps,Series 1,Oversized 2024 Topps Baseball,,OTB-16,Adley Rutschman,Baltimore Orioles,Oversized 2024 Topps Baseball	OTB-16	Adley Rutschman	Baltimore Orioles,False
2024_topps_series1,2024,Topps,Series 1,Oversized 2024 Topps Baseball,,OTB-17,Elly De La Cruz,Cincinnati Reds,Oversized 2024 Topps Baseball	OTB-17	Elly De La Cruz	Cincinnati Reds,False
2024_topps_series1,2024,Topps,Series 1,Oversized 2024 Topps Baseball,,OTB-18,Henry Davis,Pittsburgh Pirates,Oversized 2024 Topps Baseball	OTB-18	Henry Davis	Pittsburgh Pirates,False
2024_topps_series1,2024,Topps,Series 1,Oversized 2024 Topps Baseball,,OTB-19,Bobby Witt Jr.,Kansas City Royals,Oversized 2024 Topps Baseball	OTB-19	Bobby Witt Jr.	Kansas City Royals,False
2024_topps_series1,2024,Topps,Series 1,Oversized 2024 Topps Baseball,,OTB-20,Jazz Chisholm Jr.,Miami Marlins,Oversized 2024 Topps Baseball	OTB-20	Jazz Chisholm Jr.	Miami Marlins,False
2024_topps_series1,2024,Topps,Series 1,Oversized 2024 Topps Baseball,,OTB-21,Luis Robert Jr.,Chicago White Sox,Oversized 2024 Topps Baseball	OTB-21	Luis Robert Jr.	Chicago White Sox,False
2024_topps_series1,2024,Topps,Series 1,Oversized 2024 Topps Baseball,,OTB-22,Byron Buxton,Minnesota Twins,Oversized 2024 Topps Baseball	OTB-22	Byron Buxton	Minnesota Twins,False
2024_topps_series1,2024,Topps,Series 1,Oversized 2024 Topps Baseball,,OTB-23,Christian Yelich,Milwaukee Brewers,Oversized 2024 Topps Baseball	OTB-23	Christian Yelich	Milwaukee Brewers,False
2024_topps_series1,2024,Topps,Series 1,Oversized 2024 Topps Baseball,,OTB-24,Marco Luciano,San Francisco Giants,Oversized 2024 Topps Baseball	OTB-24	Marco Luciano	San Francisco Giants,False
2024_topps_series1,2024,Topps,Series 1,Oversized 2024 Topps Baseball,,OTB-25,Freddie Freeman,Los Angeles Dodgers,Oversized 2024 Topps Baseball	OTB-25	Freddie Freeman	Los Angeles Dodgers,False
2024_topps_series1,2024,Topps,Series 1,Postseason Performance Autograph Relics,,PPAR-AB,Alex Bregman,Houston Astros,Postseason Performance Autograph Relics	PPAR-AB	Alex Bregman	Houston Astros,False
2024_topps_series1,2024,Topps,Series 1,Postseason Performance Autograph Relics,,PPAR-ABR,José Abreu,Houston Astros,Postseason Performance Autograph Relics	PPAR-ABR	José Abreu	Houston Astros,False
2024_topps_series1,2024,Topps,Series 1,Postseason Performance Autograph Relics,,PPAR-AC,Aroldis Chapman,Texas Rangers,Postseason Performance Autograph Relics	PPAR-AC	Aroldis Chapman	Texas Rangers,False
2024_topps_series1,2024,Topps,Series 1,Postseason Performance Autograph Relics,,PPAR-AG,Adolis García,Texas Rangers,Postseason Performance Autograph Relics	PPAR-AG	Adolis García	Texas Rangers,False
2024_topps_series1,2024,Topps,Series 1,Postseason Performance Autograph Relics,,PPAR-AN,Aaron Nola,Philadelphia Phillies,Postseason Performance Autograph Relics	PPAR-AN	Aaron Nola	Philadelphia Phillies,False
2024_topps_series1,2024,Topps,Series 1,Postseason Performance Autograph Relics,,PPAR-AR,Adley Rutschman,Baltimore Orioles,Postseason Performance Autograph Relics	PPAR-AR	Adley Rutschman	Baltimore Orioles,False
2024_topps_series1,2024,Topps,Series 1,Postseason Performance Autograph Relics,,PPAR-AT,Alek Thomas,Arizona Diamondbacks,Postseason Performance Autograph Relics	PPAR-AT	Alek Thomas	Arizona Diamondbacks,False
2024_topps_series1,2024,Topps,Series 1,Postseason Performance Autograph Relics,,PPAR-BH,Bryce Harper,Philadelphia Phillies,Postseason Performance Autograph Relics	PPAR-BH	Bryce Harper	Philadelphia Phillies,False
2024_topps_series1,2024,Topps,Series 1,Postseason Performance Autograph Relics,,PPAR-BS,Bryson Stott,Philadelphia Phillies,Postseason Performance Autograph Relics	PPAR-BS	Bryson Stott	Philadelphia Phillies,False
2024_topps_series1,2024,Topps,Series 1,Postseason Performance Autograph Relics,,PPAR-CB,Corbin Burnes,Milwaukee Brewers,Postseason Performance Autograph Relics	PPAR-CB	Corbin Burnes	Milwaukee Brewers,False
2024_topps_series1,2024,Topps,Series 1,Postseason Performance Autograph Relics,,PPAR-CC,Corbin Carroll,Arizona Diamondbacks,Postseason Performance Autograph Relics	PPAR-CC	Corbin Carroll	Arizona Diamondbacks,False
2024_topps_series1,2024,Topps,Series 1,Postseason Performance Autograph Relics,,PPAR-CJ,Cristian Javier,Houston Astros,Postseason Performance Autograph Relics	PPAR-CJ	Cristian Javier	Houston Astros,False
2024_topps_series1,2024,Topps,Series 1,Postseason Performance Autograph Relics,,PPAR-CM,Chas McCormick,Houston Astros,Postseason Performance Autograph Relics	PPAR-CM	Chas McCormick	Houston Astros,False
2024_topps_series1,2024,Topps,Series 1,Postseason Performance Autograph Relics,,PPAR-CS,Corey Seager,Texas Rangers,Postseason Performance Autograph Relics	PPAR-CS	Corey Seager	Texas Rangers,False
2024_topps_series1,2024,Topps,Series 1,Postseason Performance Autograph Relics,,PPAR-CW,Christian Walker,Arizona Diamondbacks,Postseason Performance Autograph Relics	PPAR-CW	Christian Walker	Arizona Diamondbacks,False
2024_topps_series1,2024,Topps,Series 1,Postseason Performance Autograph Relics,,PPAR-CY,Christian Yelich,Milwaukee Brewers,Postseason Performance Autograph Relics	PPAR-CY	Christian Yelich	Milwaukee Brewers,False
2024_topps_series1,2024,Topps,Series 1,Postseason Performance Autograph Relics,,PPAR-FF,Freddie Freeman,Los Angeles Dodgers,Postseason Performance Autograph Relics	PPAR-FF	Freddie Freeman	Los Angeles Dodgers,False
2024_topps_series1,2024,Topps,Series 1,Postseason Performance Autograph Relics,,PPAR-FP,Freddy Peralta,Milwaukee Brewers,Postseason Performance Autograph Relics	PPAR-FP	Freddy Peralta	Milwaukee Brewers,False
2024_topps_series1,2024,Topps,Series 1,Postseason Performance Autograph Relics,,PPAR-GH,Gunnar Henderson,Baltimore Orioles,Postseason Performance Autograph Relics	PPAR-GH	Gunnar Henderson	Baltimore Orioles,False
2024_topps_series1,2024,Topps,Series 1,Postseason Performance Autograph Relics,,PPAR-GM,Gabriel Moreno,Arizona Diamondbacks,Postseason Performance Autograph Relics	PPAR-GM	Gabriel Moreno	Arizona Diamondbacks,False
2024_topps_series1,2024,Topps,Series 1,Postseason Performance Autograph Relics,,PPAR-GS,George Springer,Toronto Blue Jays,Postseason Performance Autograph Relics	PPAR-GS	George Springer	Toronto Blue Jays,False
2024_topps_series1,2024,Topps,Series 1,Postseason Performance Autograph Relics,,PPAR-HB,Hunter Brown,Houston Astros,Postseason Performance Autograph Relics	PPAR-HB	Hunter Brown	Houston Astros,False
2024_topps_series1,2024,Topps,Series 1,Postseason Performance Autograph Relics,,PPAR-JA,Jose Altuve,Houston Astros,Postseason Performance Autograph Relics	PPAR-JA	Jose Altuve	Houston Astros,False
2024_topps_series1,2024,Topps,Series 1,Postseason Performance Autograph Relics,,PPAR-JCJ,Jazz Chisholm Jr.,Miami Marlins,Postseason Performance Autograph Relics	PPAR-JCJ	Jazz Chisholm Jr.	Miami Marlins,False
2024_topps_series1,2024,Topps,Series 1,Postseason Performance Autograph Relics,,PPAR-JH,Jonah Heim,Texas Rangers,Postseason Performance Autograph Relics	PPAR-JH	Jonah Heim	Texas Rangers,False
2024_topps_series1,2024,Topps,Series 1,Postseason Performance Autograph Relics,,PPAR-JM,Jorge Mateo,Baltimore Orioles,Postseason Performance Autograph Relics	PPAR-JM	Jorge Mateo	Baltimore Orioles,False
2024_topps_series1,2024,Topps,Series 1,Postseason Performance Autograph Relics,,PPAR-JP,Jeremy Peña,Houston Astros,Postseason Performance Autograph Relics	PPAR-JP	Jeremy Peña	Houston Astros,False
2024_topps_series1,2024,Topps,Series 1,Postseason Performance Autograph Relics,,PPAR-JU,Jose Urquidy,Houston Astros,Postseason Performance Autograph Relics	PPAR-JU	Jose Urquidy	Houston Astros,False
2024_topps_series1,2024,Topps,Series 1,Postseason Performance Autograph Relics,,PPAR-KG,Kyle Gibson,Baltimore Orioles,Postseason Performance Autograph Relics	PPAR-KG	Kyle Gibson	Baltimore Orioles,False
2024_topps_series1,2024,Topps,Series 1,Postseason Performance Autograph Relics,,PPAR-KS,Kyle Schwarber,Philadelphia Phillies,Postseason Performance Autograph Relics	PPAR-KS	Kyle Schwarber	Philadelphia Phillies,False
2024_topps_series1,2024,Topps,Series 1,Postseason Performance Autograph Relics,,PPAR-MAR,Brandon Marsh,Philadelphia Phillies,Postseason Performance Autograph Relics	PPAR-MAR	Brandon Marsh	Philadelphia Phillies,False
2024_topps_series1,2024,Topps,Series 1,Postseason Performance Autograph Relics,,PPAR-MB,Michael Brantley,Houston Astros,Postseason Performance Autograph Relics	PPAR-MB	Michael Brantley	Houston Astros,False
2024_topps_series1,2024,Topps,Series 1,Postseason Performance Autograph Relics,,PPAR-MC,Matt Chapman,Toronto Blue Jays,Postseason Performance Autograph Relics	PPAR-MC	Matt Chapman	Toronto Blue Jays,False
2024_topps_series1,2024,Topps,Series 1,Postseason Performance Autograph Relics,,PPAR-NC,Nick Castellanos,Philadelphia Phillies,Postseason Performance Autograph Relics	PPAR-NC	Nick Castellanos	Philadelphia Phillies,False
2024_topps_series1,2024,Topps,Series 1,Postseason Performance Autograph Relics,,PPAR-NE,Nathan Eovaldi,Texas Rangers,Postseason Performance Autograph Relics	PPAR-NE	Nathan Eovaldi	Texas Rangers,False
2024_topps_series1,2024,Topps,Series 1,Postseason Performance Autograph Relics,,PPAR-PER,Geraldo Perdomo,Arizona Diamondbacks,Postseason Performance Autograph Relics	PPAR-PER	Geraldo Perdomo	Arizona Diamondbacks,False
2024_topps_series1,2024,Topps,Series 1,Postseason Performance Autograph Relics,,PPAR-RA,Randy Arozarena,Tampa Bay Rays,Postseason Performance Autograph Relics	PPAR-RA	Randy Arozarena	Tampa Bay Rays,False
2024_topps_series1,2024,Topps,Series 1,Postseason Performance Autograph Relics,,PPAR-RAJ,Ronald Acuña Jr.,Atlanta Braves,Postseason Performance Autograph Relics	PPAR-RAJ	Ronald Acuña Jr.	Atlanta Braves,False
2024_topps_series1,2024,Topps,Series 1,Postseason Performance Autograph Relics,,PPAR-RL,Royce Lewis,Minnesota Twins,Postseason Performance Autograph Relics	PPAR-RL	Royce Lewis	Minnesota Twins,False
2024_topps_series1,2024,Topps,Series 1,Postseason Performance Autograph Relics,,PPAR-RP,Ryan Pressly,Houston Astros,Postseason Performance Autograph Relics	PPAR-RP	Ryan Pressly	Houston Astros,False
2024_topps_series1,2024,Topps,Series 1,Postseason Performance Autograph Relics,,PPAR-SEM,Marcus Semien,Texas Rangers,Postseason Performance Autograph Relics	PPAR-SEM	Marcus Semien	Texas Rangers,False
2024_topps_series1,2024,Topps,Series 1,Postseason Performance Autograph Relics,,PPAR-SS,Spencer Strider,Atlanta Braves,Postseason Performance Autograph Relics	PPAR-SS	Spencer Strider	Atlanta Braves,False
2024_topps_series1,2024,Topps,Series 1,Postseason Performance Autograph Relics,,PPAR-TT,Trea Turner,Philadelphia Phillies,Postseason Performance Autograph Relics	PPAR-TT	Trea Turner	Philadelphia Phillies,False
2024_topps_series1,2024,Topps,Series 1,Postseason Performance Autograph Relics,,PPAR-VG,Vladimir Guerrero Jr.,Toronto Blue Jays,Postseason Performance Autograph Relics	PPAR-VG	Vladimir Guerrero Jr.	Toronto Blue Jays,False
2024_topps_series1,2024,Topps,Series 1,Postseason Performance Autograph Relics,,PPAR-WC,William Contreras,Milwaukee Brewers,Postseason Performance Autograph Relics	PPAR-WC	William Contreras	Milwaukee Brewers,False
2024_topps_series1,2024,Topps,Series 1,Postseason Performance Autograph Relics,,PPAR-WM,Whit Merrifield,Toronto Blue Jays,Postseason Performance Autograph Relics	PPAR-WM	Whit Merrifield	Toronto Blue Jays,False
2024_topps_series1,2024,Topps,Series 1,Postseason Performance Autograph Relics,,PPAR-YA,Yordan Alvarez,Houston Astros,Postseason Performance Autograph Relics	PPAR-YA	Yordan Alvarez	Houston Astros,False
2024_topps_series1,2024,Topps,Series 1,Postseason Performance Autograph Relics,,PPAR-ZG,Zac Gallen,Arizona Diamondbacks,Postseason Performance Autograph Relics	PPAR-ZG	Zac Gallen	Arizona Diamondbacks,False
2024_topps_series1,2024,Topps,Series 1,Postseason Performance Autographs,,PPA-AB,Alex Bregman,Houston Astros,Postseason Performance Autographs	PPA-AB	Alex Bregman	Houston Astros,False
2024_topps_series1,2024,Topps,Series 1,Postseason Performance Autographs,,PPA-ABR,José Abreu,Houston Astros,Postseason Performance Autographs	PPA-ABR	José Abreu	Houston Astros,False
2024_topps_series1,2024,Topps,Series 1,Postseason Performance Autographs,,PPA-AC,Aroldis Chapman,Texas Rangers,Postseason Performance Autographs	PPA-AC	Aroldis Chapman	Texas Rangers,False
2024_topps_series1,2024,Topps,Series 1,Postseason Performance Autographs,,PPA-AG,Adolis García,Texas Rangers,Postseason Performance Autographs	PPA-AG	Adolis García	Texas Rangers,False
2024_topps_series1,2024,Topps,Series 1,Postseason Performance Autographs,,PPA-AN,Aaron Nola,Philadelphia Phillies,Postseason Performance Autographs	PPA-AN	Aaron Nola	Philadelphia Phillies,False
2024_topps_series1,2024,Topps,Series 1,Postseason Performance Autographs,,PPA-AR,Adley Rutschman,Baltimore Orioles,Postseason Performance Autographs	PPA-AR	Adley Rutschman	Baltimore Orioles,False
2024_topps_series1,2024,Topps,Series 1,Postseason Performance Autographs,,PPA-AT,Alek Thomas,Arizona Diamondbacks,Postseason Performance Autographs	PPA-AT	Alek Thomas	Arizona Diamondbacks,False
2024_topps_series1,2024,Topps,Series 1,Postseason Performance Autographs,,PPA-BA,Bryan Abreu,Houston Astros,Postseason Performance Autographs	PPA-BA	Bryan Abreu	Houston Astros,False
2024_topps_series1,2024,Topps,Series 1,Postseason Performance Autographs,,PPA-BH,Bryce Harper,Philadelphia Phillies,Postseason Performance Autographs	PPA-BH	Bryce Harper	Philadelphia Phillies,False
2024_topps_series1,2024,Topps,Series 1,Postseason Performance Autographs,,PPA-BP,Brandon Pfaadt,Arizona Diamondbacks,Postseason Performance Autographs	PPA-BP	Brandon Pfaadt	Arizona Diamondbacks,False
2024_topps_series1,2024,Topps,Series 1,Postseason Performance Autographs,,PPA-BS,Bryson Stott,Philadelphia Phillies,Postseason Performance Autographs	PPA-BS	Bryson Stott	Philadelphia Phillies,False
2024_topps_series1,2024,Topps,Series 1,Postseason Performance Autographs,,PPA-CB,Corbin Burnes,Milwaukee Brewers,Postseason Performance Autographs	PPA-CB	Corbin Burnes	Milwaukee Brewers,False
2024_topps_series1,2024,Topps,Series 1,Postseason Performance Autographs,,PPA-CC,Corbin Carroll,Arizona Diamondbacks,Postseason Performance Autographs	PPA-CC	Corbin Carroll	Arizona Diamondbacks,False
2024_topps_series1,2024,Topps,Series 1,Postseason Performance Autographs,,PPA-CJ,Cristian Javier,Houston Astros,Postseason Performance Autographs	PPA-CJ	Cristian Javier	Houston Astros,False
2024_topps_series1,2024,Topps,Series 1,Postseason Performance Autographs,,PPA-CM,Chas McCormick,Houston Astros,Postseason Performance Autographs	PPA-CM	Chas McCormick	Houston Astros,False
2024_topps_series1,2024,Topps,Series 1,Postseason Performance Autographs,,PPA-CS,Corey Seager,Texas Rangers,Postseason Performance Autographs	PPA-CS	Corey Seager	Texas Rangers,False
2024_topps_series1,2024,Topps,Series 1,Postseason Performance Autographs,,PPA-CW,Christian Walker,Arizona Diamondbacks,Postseason Performance Autographs	PPA-CW	Christian Walker	Arizona Diamondbacks,False
2024_topps_series1,2024,Topps,Series 1,Postseason Performance Autographs,,PPA-CY,Christian Yelich,Milwaukee Brewers,Postseason Performance Autographs	PPA-CY	Christian Yelich	Milwaukee Brewers,False
2024_topps_series1,2024,Topps,Series 1,Postseason Performance Autographs,,PPA-DD,Dane Dunning,Texas Rangers,Postseason Performance Autographs	PPA-DD	Dane Dunning	Texas Rangers,False
2024_topps_series1,2024,Topps,Series 1,Postseason Performance Autographs,,PPA-EC,Evan Carter,Texas Rangers,Postseason Performance Autographs	PPA-EC	Evan Carter	Texas Rangers,False
2024_topps_series1,2024,Topps,Series 1,Postseason Performance Autographs,,PPA-EJ,Edouard Julien,Minnesota Twins,Postseason Performance Autographs	PPA-EJ	Edouard Julien	Minnesota Twins,False
2024_topps_series1,2024,Topps,Series 1,Postseason Performance Autographs,,PPA-FF,Freddie Freeman,Los Angeles Dodgers,Postseason Performance Autographs	PPA-FF	Freddie Freeman	Los Angeles Dodgers,False
2024_topps_series1,2024,Topps,Series 1,Postseason Performance Autographs,,PPA-FP,Freddy Peralta,Milwaukee Brewers,Postseason Performance Autographs	PPA-FP	Freddy Peralta	Milwaukee Brewers,False
2024_topps_series1,2024,Topps,Series 1,Postseason Performance Autographs,,PPA-GH,Gunnar Henderson,Baltimore Orioles,Postseason Performance Autographs	PPA-GH	Gunnar Henderson	Baltimore Orioles,False
2024_topps_series1,2024,Topps,Series 1,Postseason Performance Autographs,,PPA-GM,Gabriel Moreno,Arizona Diamondbacks,Postseason Performance Autographs	PPA-GM	Gabriel Moreno	Arizona Diamondbacks,False
2024_topps_series1,2024,Topps,Series 1,Postseason Performance Autographs,,PPA-GS,George Springer,Toronto Blue Jays,Postseason Performance Autographs	PPA-GS	George Springer	Toronto Blue Jays,False
2024_topps_series1,2024,Topps,Series 1,Postseason Performance Autographs,,PPA-HB,Hunter Brown,Houston Astros,Postseason Performance Autographs	PPA-HB	Hunter Brown	Houston Astros,False
2024_topps_series1,2024,Topps,Series 1,Postseason Performance Autographs,,PPA-JA,Jose Altuve,Houston Astros,Postseason Performance Autographs	PPA-JA	Jose Altuve	Houston Astros,False
2024_topps_series1,2024,Topps,Series 1,Postseason Performance Autographs,,PPA-JC,Junior Caminero,Tampa Bay Rays,Postseason Performance Autographs	PPA-JC	Junior Caminero	Tampa Bay Rays,False
2024_topps_series1,2024,Topps,Series 1,Postseason Performance Autographs,,PPA-JF,Jack Flaherty,Baltimore Orioles,Postseason Performance Autographs	PPA-JF	Jack Flaherty	Baltimore Orioles,False
2024_topps_series1,2024,Topps,Series 1,Postseason Performance Autographs,,PPA-JH,Jonah Heim,Texas Rangers,Postseason Performance Autographs	PPA-JH	Jonah Heim	Texas Rangers,False
2024_topps_series1,2024,Topps,Series 1,Postseason Performance Autographs,,PPA-JJ,Josh Jung,Texas Rangers,Postseason Performance Autographs	PPA-JJ	Josh Jung	Texas Rangers,False
2024_topps_series1,2024,Topps,Series 1,Postseason Performance Autographs,,PPA-JM,Jorge Mateo,Baltimore Orioles,Postseason Performance Autographs	PPA-JM	Jorge Mateo	Baltimore Orioles,False
2024_topps_series1,2024,Topps,Series 1,Postseason Performance Autographs,,PPA-JO,James Outman,Los Angeles Dodgers,Postseason Performance Autographs	PPA-JO	James Outman	Los Angeles Dodgers,False
2024_topps_series1,2024,Topps,Series 1,Postseason Performance Autographs,,PPA-JP,Jeremy Peña,Houston Astros,Postseason Performance Autographs	PPA-JP	Jeremy Peña	Houston Astros,False
2024_topps_series1,2024,Topps,Series 1,Postseason Performance Autographs,,PPA-JU,Jose Urquidy,Houston Astros,Postseason Performance Autographs	PPA-JU	Jose Urquidy	Houston Astros,False
2024_topps_series1,2024,Topps,Series 1,Postseason Performance Autographs,,PPA-KB,Kyle Bradish,Baltimore Orioles,Postseason Performance Autographs	PPA-KB	Kyle Bradish	Baltimore Orioles,False
2024_topps_series1,2024,Topps,Series 1,Postseason Performance Autographs,,PPA-KG,Kyle Gibson,Baltimore Orioles,Postseason Performance Autographs	PPA-KG	Kyle Gibson	Baltimore Orioles,False
2024_topps_series1,2024,Topps,Series 1,Postseason Performance Autographs,,PPA-KS,Kyle Schwarber,Philadelphia Phillies,Postseason Performance Autographs	PPA-KS	Kyle Schwarber	Philadelphia Phillies,False
2024_topps_series1,2024,Topps,Series 1,Postseason Performance Autographs,,PPA-LEO,Leody Taveras,Texas Rangers,Postseason Performance Autographs	PPA-LEO	Leody Taveras	Texas Rangers,False
2024_topps_series1,2024,Topps,Series 1,Postseason Performance Autographs,,PPA-MAR,Brandon Marsh,Philadelphia Phillies,Postseason Performance Autographs	PPA-MAR	Brandon Marsh	Philadelphia Phillies,False
2024_topps_series1,2024,Topps,Series 1,Postseason Performance Autographs,,PPA-MB,Michael Brantley,Houston Astros,Postseason Performance Autographs	PPA-MB	Michael Brantley	Houston Astros,False
2024_topps_series1,2024,Topps,Series 1,Postseason Performance Autographs,,PPA-MC,Matt Chapman,Toronto Blue Jays,Postseason Performance Autographs	PPA-MC	Matt Chapman	Toronto Blue Jays,False
2024_topps_series1,2024,Topps,Series 1,Postseason Performance Autographs,,PPA-MO,Matt Olson,Atlanta Braves,Postseason Performance Autographs	PPA-MO	Matt Olson	Atlanta Braves,False
2024_topps_series1,2024,Topps,Series 1,Postseason Performance Autographs,,PPA-NE,Nathan Eovaldi,Texas Rangers,Postseason Performance Autographs	PPA-NE	Nathan Eovaldi	Texas Rangers,False
2024_topps_series1,2024,Topps,Series 1,Postseason Performance Autographs,,PPA-PER,Geraldo Perdomo,Arizona Diamondbacks,Postseason Performance Autographs	PPA-PER	Geraldo Perdomo	Arizona Diamondbacks,False
2024_topps_series1,2024,Topps,Series 1,Postseason Performance Autographs,,PPA-RA,Randy Arozarena,Tampa Bay Rays,Postseason Performance Autographs	PPA-RA	Randy Arozarena	Tampa Bay Rays,False
2024_topps_series1,2024,Topps,Series 1,Postseason Performance Autographs,,PPA-RL,Royce Lewis,Minnesota Twins,Postseason Performance Autographs	PPA-RL	Royce Lewis	Minnesota Twins,False
2024_topps_series1,2024,Topps,Series 1,Postseason Performance Autographs,,PPA-RP,Ryan Pressly,Houston Astros,Postseason Performance Autographs	PPA-RP	Ryan Pressly	Houston Astros,False
2024_topps_series1,2024,Topps,Series 1,Postseason Performance Autographs,,PPA-SEM,Marcus Semien,Texas Rangers,Postseason Performance Autographs	PPA-SEM	Marcus Semien	Texas Rangers,False
2024_topps_series1,2024,Topps,Series 1,Postseason Performance Autographs,,PPA-SG,Sonny Gray,Minnesota Twins,Postseason Performance Autographs	PPA-SG	Sonny Gray	Minnesota Twins,False
2024_topps_series1,2024,Topps,Series 1,Postseason Performance Autographs,,PPA-SS,Spencer Strider,Atlanta Braves,Postseason Performance Autographs	PPA-SS	Spencer Strider	Atlanta Braves,False
2024_topps_series1,2024,Topps,Series 1,Postseason Performance Autographs,,PPA-TG,Tyler Glasnow,Tampa Bay Rays,Postseason Performance Autographs	PPA-TG	Tyler Glasnow	Tampa Bay Rays,False
2024_topps_series1,2024,Topps,Series 1,Postseason Performance Autographs,,PPA-TT,Trea Turner,Philadelphia Phillies,Postseason Performance Autographs	PPA-TT	Trea Turner	Philadelphia Phillies,False
2024_topps_series1,2024,Topps,Series 1,Postseason Performance Autographs,,PPA-VG,Vladimir Guerrero Jr.,Toronto Blue Jays,Postseason Performance Autographs	PPA-VG	Vladimir Guerrero Jr.	Toronto Blue Jays,False
2024_topps_series1,2024,Topps,Series 1,Postseason Performance Autographs,,PPA-WC,William Contreras,Milwaukee Brewers,Postseason Performance Autographs	PPA-WC	William Contreras	Milwaukee Brewers,False
2024_topps_series1,2024,Topps,Series 1,Postseason Performance Autographs,,PPA-WM,Whit Merrifield,Toronto Blue Jays,Postseason Performance Autographs	PPA-WM	Whit Merrifield	Toronto Blue Jays,False
2024_topps_series1,2024,Topps,Series 1,Postseason Performance Autographs,,PPA-YA,Yordan Alvarez,Houston Astros,Postseason Performance Autographs	PPA-YA	Yordan Alvarez	Houston Astros,False
2024_topps_series1,2024,Topps,Series 1,Postseason Performance Autographs,,PPA-ZG,Zac Gallen,Arizona Diamondbacks,Postseason Performance Autographs	PPA-ZG	Zac Gallen	Arizona Diamondbacks,False
2024_topps_series1,2024,Topps,Series 1,Postseason Performance Relics,,PPR-AB,Alex Bregman,Houston Astros,Postseason Performance Relics	PPR-AB	Alex Bregman	Houston Astros,False
2024_topps_series1,2024,Topps,Series 1,Postseason Performance Relics,,PPR-AG,Adolis García,Texas Rangers,Postseason Performance Relics	PPR-AG	Adolis García	Texas Rangers,False
2024_topps_series1,2024,Topps,Series 1,Postseason Performance Relics,,PPR-AN,Aaron Nola,Philadelphia Phillies,Postseason Performance Relics	PPR-AN	Aaron Nola	Philadelphia Phillies,False
2024_topps_series1,2024,Topps,Series 1,Postseason Performance Relics,,PPR-AR,Austin Riley,Atlanta Braves,Postseason Performance Relics	PPR-AR	Austin Riley	Atlanta Braves,False
2024_topps_series1,2024,Topps,Series 1,Postseason Performance Relics,,PPR-ARU,Adley Rutschman,Baltimore Orioles,Postseason Performance Relics	PPR-ARU	Adley Rutschman	Baltimore Orioles,False
2024_topps_series1,2024,Topps,Series 1,Postseason Performance Relics,,PPR-AT,Alek Thomas,Arizona Diamondbacks,Postseason Performance Relics	PPR-AT	Alek Thomas	Arizona Diamondbacks,False
2024_topps_series1,2024,Topps,Series 1,Postseason Performance Relics,,PPR-BB,Bo Bichette,Toronto Blue Jays,Postseason Performance Relics	PPR-BB	Bo Bichette	Toronto Blue Jays,False
2024_topps_series1,2024,Topps,Series 1,Postseason Performance Relics,,PPR-BH,Bryce Harper,Philadelphia Phillies,Postseason Performance Relics	PPR-BH	Bryce Harper	Philadelphia Phillies,False
2024_topps_series1,2024,Topps,Series 1,Postseason Performance Relics,,PPR-BS,Bryson Stott,Philadelphia Phillies,Postseason Performance Relics	PPR-BS	Bryson Stott	Philadelphia Phillies,False
2024_topps_series1,2024,Topps,Series 1,Postseason Performance Relics,,PPR-CB,Corbin Burnes,Milwaukee Brewers,Postseason Performance Relics	PPR-CB	Corbin Burnes	Milwaukee Brewers,False
2024_topps_series1,2024,Topps,Series 1,Postseason Performance Relics,,PPR-CC,Corbin Carroll,Arizona Diamondbacks,Postseason Performance Relics	PPR-CC	Corbin Carroll	Arizona Diamondbacks,False
2024_topps_series1,2024,Topps,Series 1,Postseason Performance Relics,,PPR-CCO,Carlos Correa,Minnesota Twins,Postseason Performance Relics	PPR-CCO	Carlos Correa	Minnesota Twins,False
2024_topps_series1,2024,Topps,Series 1,Postseason Performance Relics,,PPR-CK,Clayton Kershaw,Los Angeles Dodgers,Postseason Performance Relics	PPR-CK	Clayton Kershaw	Los Angeles Dodgers,False
2024_topps_series1,2024,Topps,Series 1,Postseason Performance Relics,,PPR-CM,Chas McCormick,Houston Astros,Postseason Performance Relics	PPR-CM	Chas McCormick	Houston Astros,False
2024_topps_series1,2024,Topps,Series 1,Postseason Performance Relics,,PPR-CS,Corey Seager,Texas Rangers,Postseason Performance Relics	PPR-CS	Corey Seager	Texas Rangers,False
2024_topps_series1,2024,Topps,Series 1,Postseason Performance Relics,,PPR-CW,Christian Walker,Arizona Diamondbacks,Postseason Performance Relics	PPR-CW	Christian Walker	Arizona Diamondbacks,False
2024_topps_series1,2024,Topps,Series 1,Postseason Performance Relics,,PPR-CY,Christian Yelich,Milwaukee Brewers,Postseason Performance Relics	PPR-CY	Christian Yelich	Milwaukee Brewers,False
2024_topps_series1,2024,Topps,Series 1,Postseason Performance Relics,,PPR-EL,Evan Longoria,Arizona Diamondbacks,Postseason Performance Relics	PPR-EL	Evan Longoria	Arizona Diamondbacks,False
2024_topps_series1,2024,Topps,Series 1,Postseason Performance Relics,,PPR-FF,Freddie Freeman,Los Angeles Dodgers,Postseason Performance Relics	PPR-FF	Freddie Freeman	Los Angeles Dodgers,False
2024_topps_series1,2024,Topps,Series 1,Postseason Performance Relics,,PPR-FP,Freddy Peralta,Milwaukee Brewers,Postseason Performance Relics	PPR-FP	Freddy Peralta	Milwaukee Brewers,False
2024_topps_series1,2024,Topps,Series 1,Postseason Performance Relics,,PPR-GH,Gunnar Henderson,Baltimore Orioles,Postseason Performance Relics	PPR-GH	Gunnar Henderson	Baltimore Orioles,False
2024_topps_series1,2024,Topps,Series 1,Postseason Performance Relics,,PPR-GM,Gabriel Moreno,Arizona Diamondbacks,Postseason Performance Relics	PPR-GM	Gabriel Moreno	Arizona Diamondbacks,False
2024_topps_series1,2024,Topps,Series 1,Postseason Performance Relics,,PPR-GR,Grayson Rodriguez,Baltimore Orioles,Postseason Performance Relics	PPR-GR	Grayson Rodriguez	Baltimore Orioles,False
2024_topps_series1,2024,Topps,Series 1,Postseason Performance Relics,,PPR-GS,George Springer,Toronto Blue Jays,Postseason Performance Relics	PPR-GS	George Springer	Toronto Blue Jays,False
2024_topps_series1,2024,Topps,Series 1,Postseason Performance Relics,,PPR-JA,Jose Altuve,Houston Astros,Postseason Performance Relics	PPR-JA	Jose Altuve	Houston Astros,False
2024_topps_series1,2024,Topps,Series 1,Postseason Performance Relics,,PPR-JB,José Berríos,Toronto Blue Jays,Postseason Performance Relics	PPR-JB	José Berríos	Toronto Blue Jays,False
2024_topps_series1,2024,Topps,Series 1,Postseason Performance Relics,,PPR-JC,Jazz Chisholm Jr.,Miami Marlins,Postseason Performance Relics	PPR-JC	Jazz Chisholm Jr.	Miami Marlins,False
2024_topps_series1,2024,Topps,Series 1,Postseason Performance Relics,,PPR-JH,Jonah Heim,Texas Rangers,Postseason Performance Relics	PPR-JH	Jonah Heim	Texas Rangers,False
2024_topps_series1,2024,Topps,Series 1,Postseason Performance Relics,,PPR-JP,Jeremy Peña,Houston Astros,Postseason Performance Relics	PPR-JP	Jeremy Peña	Houston Astros,False
2024_topps_series1,2024,Topps,Series 1,Postseason Performance Relics,,PPR-JR,J.T. Realmuto,Philadelphia Phillies,Postseason Performance Relics	PPR-JR	J.T. Realmuto	Philadelphia Phillies,False
2024_topps_series1,2024,Topps,Series 1,Postseason Performance Relics,,PPR-JV,Justin Verlander,Houston Astros,Postseason Performance Relics	PPR-JV	Justin Verlander	Houston Astros,False
2024_topps_series1,2024,Topps,Series 1,Postseason Performance Relics,,PPR-KEL,Merrill Kelly,Arizona Diamondbacks,Postseason Performance Relics	PPR-KEL	Merrill Kelly	Arizona Diamondbacks,False
2024_topps_series1,2024,Topps,Series 1,Postseason Performance Relics,,PPR-KG,Kevin Gausman,Toronto Blue Jays,Postseason Performance Relics	PPR-KG	Kevin Gausman	Toronto Blue Jays,False
2024_topps_series1,2024,Topps,Series 1,Postseason Performance Relics,,PPR-KM,Ketel Marte,Arizona Diamondbacks,Postseason Performance Relics	PPR-KM	Ketel Marte	Arizona Diamondbacks,False
2024_topps_series1,2024,Topps,Series 1,Postseason Performance Relics,,PPR-KS,Kyle Schwarber,Philadelphia Phillies,Postseason Performance Relics	PPR-KS	Kyle Schwarber	Philadelphia Phillies,False
2024_topps_series1,2024,Topps,Series 1,Postseason Performance Relics,,PPR-KT,Kyle Tucker,Houston Astros,Postseason Performance Relics	PPR-KT	Kyle Tucker	Houston Astros,False
2024_topps_series1,2024,Topps,Series 1,Postseason Performance Relics,,PPR-LA,Luis Arraez,Miami Marlins,Postseason Performance Relics	PPR-LA	Luis Arraez	Miami Marlins,False
2024_topps_series1,2024,Topps,Series 1,Postseason Performance Relics,,PPR-LOU,Lourdes Gurriel Jr.,Arizona Diamondbacks,Postseason Performance Relics	PPR-LOU	Lourdes Gurriel Jr.	Arizona Diamondbacks,False
2024_topps_series1,2024,Topps,Series 1,Postseason Performance Relics,,PPR-MAR,Brandon Marsh,Philadelphia Phillies,Postseason Performance Relics	PPR-MAR	Brandon Marsh	Philadelphia Phillies,False
2024_topps_series1,2024,Topps,Series 1,Postseason Performance Relics,,PPR-MB,Mookie Betts,Los Angeles Dodgers,Postseason Performance Relics	PPR-MB	Mookie Betts	Los Angeles Dodgers,False
2024_topps_series1,2024,Topps,Series 1,Postseason Performance Relics,,PPR-MBR,Michael Brantley,Houston Astros,Postseason Performance Relics	PPR-MBR	Michael Brantley	Houston Astros,False
2024_topps_series1,2024,Topps,Series 1,Postseason Performance Relics,,PPR-MC,Matt Chapman,Toronto Blue Jays,Postseason Performance Relics	PPR-MC	Matt Chapman	Toronto Blue Jays,False
2024_topps_series1,2024,Topps,Series 1,Postseason Performance Relics,,PPR-MH,Michael Harris II,Atlanta Braves,Postseason Performance Relics	PPR-MH	Michael Harris II	Atlanta Braves,False
2024_topps_series1,2024,Topps,Series 1,Postseason Performance Relics,,PPR-MM,Max Muncy,Los Angeles Dodgers,Postseason Performance Relics	PPR-MM	Max Muncy	Los Angeles Dodgers,False
2024_topps_series1,2024,Topps,Series 1,Postseason Performance Relics,,PPR-MS,Marcus Semien,Texas Rangers,Postseason Performance Relics	PPR-MS	Marcus Semien	Texas Rangers,False
2024_topps_series1,2024,Topps,Series 1,Postseason Performance Relics,,PPR-NC,Nick Castellanos,Philadelphia Phillies,Postseason Performance Relics	PPR-NC	Nick Castellanos	Philadelphia Phillies,False
2024_topps_series1,2024,Topps,Series 1,Postseason Performance Relics,,PPR-NE,Nathan Eovaldi,Texas Rangers,Postseason Performance Relics	PPR-NE	Nathan Eovaldi	Texas Rangers,False
2024_topps_series1,2024,Topps,Series 1,Postseason Performance Relics,,PPR-OA,Ozzie Albies,Atlanta Braves,Postseason Performance Relics	PPR-OA	Ozzie Albies	Atlanta Braves,False
2024_topps_series1,2024,Topps,Series 1,Postseason Performance Relics,,PPR-PER,Geraldo Perdomo,Arizona Diamondbacks,Postseason Performance Relics	PPR-PER	Geraldo Perdomo	Arizona Diamondbacks,False
2024_topps_series1,2024,Topps,Series 1,Postseason Performance Relics,,PPR-RA,Ronald Acuña Jr.,Atlanta Braves,Postseason Performance Relics	PPR-RA	Ronald Acuña Jr.	Atlanta Braves,False
2024_topps_series1,2024,Topps,Series 1,Postseason Performance Relics,,PPR-RAR,Randy Arozarena,Tampa Bay Rays,Postseason Performance Relics	PPR-RAR	Randy Arozarena	Tampa Bay Rays,False
2024_topps_series1,2024,Topps,Series 1,Postseason Performance Relics,,PPR-RL,Royce Lewis,Minnesota Twins,Postseason Performance Relics	PPR-RL	Royce Lewis	Minnesota Twins,False
2024_topps_series1,2024,Topps,Series 1,Postseason Performance Relics,,PPR-RM,Ryan Mountcastle,Baltimore Orioles,Postseason Performance Relics	PPR-RM	Ryan Mountcastle	Baltimore Orioles,False
2024_topps_series1,2024,Topps,Series 1,Postseason Performance Relics,,PPR-SF,Sal Frelick,Milwaukee Brewers,Postseason Performance Relics	PPR-SF	Sal Frelick	Milwaukee Brewers,False
2024_topps_series1,2024,Topps,Series 1,Postseason Performance Relics,,PPR-SS,Spencer Strider,Atlanta Braves,Postseason Performance Relics	PPR-SS	Spencer Strider	Atlanta Braves,False
2024_topps_series1,2024,Topps,Series 1,Postseason Performance Relics,,PPR-TG,Tyler Glasnow,Tampa Bay Rays,Postseason Performance Relics	PPR-TG	Tyler Glasnow	Tampa Bay Rays,False
2024_topps_series1,2024,Topps,Series 1,Postseason Performance Relics,,PPR-TT,Trea Turner,Philadelphia Phillies,Postseason Performance Relics	PPR-TT	Trea Turner	Philadelphia Phillies,False
2024_topps_series1,2024,Topps,Series 1,Postseason Performance Relics,,PPR-VG,Vladimir Guerrero Jr.,Toronto Blue Jays,Postseason Performance Relics	PPR-VG	Vladimir Guerrero Jr.	Toronto Blue Jays,False
2024_topps_series1,2024,Topps,Series 1,Postseason Performance Relics,,PPR-YA,Yordan Alvarez,Houston Astros,Postseason Performance Relics	PPR-YA	Yordan Alvarez	Houston Astros,False
2024_topps_series1,2024,Topps,Series 1,Postseason Performance Relics,,PPR-ZG,Zac Gallen,Arizona Diamondbacks,Postseason Performance Relics	PPR-ZG	Zac Gallen	Arizona Diamondbacks,False
2024_topps_series1,2024,Topps,Series 1,Postseason Performance Relics,,PPR-ZW,Zack Wheeler,Philadelphia Phillies,Postseason Performance Relics	PPR-ZW	Zack Wheeler	Philadelphia Phillies,False
2024_topps_series1,2024,Topps,Series 1,Social Media Follow Back Redemptions,,SMF-1,Corey Seager,Texas Rangers,Social Media Follow Back Redemptions	SMF-1	Corey Seager	Texas Rangers,False
2024_topps_series1,2024,Topps,Series 1,Social Media Follow Back Redemptions,,SMF-2,Anthony Volpe,New York Yankees,Social Media Follow Back Redemptions	SMF-2	Anthony Volpe	New York Yankees,False
2024_topps_series1,2024,Topps,Series 1,Social Media Follow Back Redemptions,,SMF-3,Kris Bryant,Colorado Rockies,Social Media Follow Back Redemptions	SMF-3	Kris Bryant	Colorado Rockies,False
2024_topps_series1,2024,Topps,Series 1,Social Media Follow Back Redemptions,,SMF-4,Jonathan India,Cincinnati Reds,Social Media Follow Back Redemptions	SMF-4	Jonathan India	Cincinnati Reds,False
2024_topps_series1,2024,Topps,Series 1,Social Media Follow Back Redemptions,,SMF-5,Carlos Correa,Minnesota Twins,Social Media Follow Back Redemptions	SMF-5	Carlos Correa	Minnesota Twins,False
2024_topps_series1,2024,Topps,Series 1,Social Media Follow Back Redemptions,,SMF-6,Xander Bogaerts,San Diego Padres,Social Media Follow Back Redemptions	SMF-6	Xander Bogaerts	San Diego Padres,False
2024_topps_series1,2024,Topps,Series 1,Social Media Follow Back Redemptions,,SMF-7,Julio Rodríguez,Seattle Mariners,Social Media Follow Back Redemptions	SMF-7	Julio Rodríguez	Seattle Mariners,False
2024_topps_series1,2024,Topps,Series 1,Social Media Follow Back Redemptions,,SMF-8,Jordan Walker,St. Louis Cardinals,Social Media Follow Back Redemptions	SMF-8	Jordan Walker	St. Louis Cardinals,False
2024_topps_series1,2024,Topps,Series 1,Social Media Follow Back Redemptions,,SMF-9,Matt Olson,Atlanta Braves,Social Media Follow Back Redemptions	SMF-9	Matt Olson	Atlanta Braves,False
2024_topps_series1,2024,Topps,Series 1,Social Media Follow Back Redemptions,,SMF-10,Juan Soto,San Diego Padres,Social Media Follow Back Redemptions	SMF-10	Juan Soto	San Diego Padres,False
2024_topps_series1,2024,Topps,Series 1,Stars of MLB,,SMLB-1,Paul Goldschmidt,St. Louis Cardinals,Stars of MLB	SMLB-1	Paul Goldschmidt	St. Louis Cardinals,False
2024_topps_series1,2024,Topps,Series 1,Stars of MLB,,SMLB-2,Mike Trout,Los Angeles Angels,Stars of MLB	SMLB-2	Mike Trout	Los Angeles Angels,False
2024_topps_series1,2024,Topps,Series 1,Stars of MLB,,SMLB-3,Ronald Acuña Jr.,Atlanta Braves,Stars of MLB	SMLB-3	Ronald Acuña Jr.	Atlanta Braves,False
2024_topps_series1,2024,Topps,Series 1,Stars of MLB,,SLMB-4,Jordan Lawlar,Arizona Diamondbacks,Stars of MLB	SLMB-4	Jordan Lawlar	Arizona Diamondbacks,False
2024_topps_series1,2024,Topps,Series 1,Stars of MLB,,SMLB-5,Riley Greene,Detroit Tigers,Stars of MLB	SMLB-5	Riley Greene	Detroit Tigers,False
2024_topps_series1,2024,Topps,Series 1,Stars of MLB,,SMLB-6,Luis Robert Jr.,Chicago White Sox,Stars of MLB	SMLB-6	Luis Robert Jr.	Chicago White Sox,False
2024_topps_series1,2024,Topps,Series 1,Stars of MLB,,SLMB-7,Christian Encarnacion-Stra,Cincinnati Reds,Stars of MLB	SLMB-7	Christian Encarnacion-Stra	Cincinnati Reds,False
2024_topps_series1,2024,Topps,Series 1,Stars of MLB,,SMLB-8,Yordan Alvarez,Houston Astros,Stars of MLB	SMLB-8	Yordan Alvarez	Houston Astros,False
2024_topps_series1,2024,Topps,Series 1,Stars of MLB,,SMLB-9,Mookie Betts,Los Angeles Dodgers,Stars of MLB	SMLB-9	Mookie Betts	Los Angeles Dodgers,False
2024_topps_series1,2024,Topps,Series 1,Stars of MLB,,SLMB-11,Ronny Mauricio,New York Mets,Stars of MLB	SLMB-11	Ronny Mauricio	New York Mets,False
2024_topps_series1,2024,Topps,Series 1,Stars of MLB,,SLMB-12,Sal Frelick,Milwaukee Brewers,Stars of MLB	SLMB-12	Sal Frelick	Milwaukee Brewers,False
2024_topps_series1,2024,Topps,Series 1,Stars of MLB,,SLMB-18,Tyler Soderstrom,Oakland Athletics,Stars of MLB	SLMB-18	Tyler Soderstrom	Oakland Athletics,False
2024_topps_series1,2024,Topps,Series 1,Stars of MLB,,SLMB-25,Pete Crow-Armstrong,Chicago Cubs,Stars of MLB	SLMB-25	Pete Crow-Armstrong	Chicago Cubs,False
2024_topps_series1,2024,Topps,Series 1,Stars of MLB,,SLMB-30,Marco Luciano,San Francisco Giants,Stars of MLB	SLMB-30	Marco Luciano	San Francisco Giants,False
2024_topps_series1,2024,Topps,Series 1,Stars of MLB,,SMLB-10,Jazz Chisholm Jr.,Miami Marlins,Stars of MLB	SMLB-10	Jazz Chisholm Jr.	Miami Marlins,False
2024_topps_series1,2024,Topps,Series 1,Stars of MLB,,SMLB-13,Aaron Judge,New York Yankees,Stars of MLB	SMLB-13	Aaron Judge	New York Yankees,False
2024_topps_series1,2024,Topps,Series 1,Stars of MLB,,SMLB-14,Bryce Harper,Philadelphia Phillies,Stars of MLB	SMLB-14	Bryce Harper	Philadelphia Phillies,False
2024_topps_series1,2024,Topps,Series 1,Stars of MLB,,SMLB-15,Fernando Tatis Jr.,San Diego Padres,Stars of MLB	SMLB-15	Fernando Tatis Jr.	San Diego Padres,False
2024_topps_series1,2024,Topps,Series 1,Stars of MLB,,SMLB-16,Julio Rodríguez,Seattle Mariners,Stars of MLB	SMLB-16	Julio Rodríguez	Seattle Mariners,False
2024_topps_series1,2024,Topps,Series 1,Stars of MLB,,SMLB-17,Bobby Witt Jr.,Kansas City Royals,Stars of MLB	SMLB-17	Bobby Witt Jr.	Kansas City Royals,False
2024_topps_series1,2024,Topps,Series 1,Stars of MLB,,SMLB-19,Vladimir Guerrero Jr.,Toronto Blue Jays,Stars of MLB	SMLB-19	Vladimir Guerrero Jr.	Toronto Blue Jays,False
2024_topps_series1,2024,Topps,Series 1,Stars of MLB,,SMLB-20,Juan Soto,San Diego Padres,Stars of MLB	SMLB-20	Juan Soto	San Diego Padres,False
2024_topps_series1,2024,Topps,Series 1,Stars of MLB,,SMLB-21,Shohei Ohtani,Los Angeles Angels,Stars of MLB	SMLB-21	Shohei Ohtani	Los Angeles Angels,False
2024_topps_series1,2024,Topps,Series 1,Stars of MLB,,SMLB-22,Adley Rutschman,Baltimore Orioles,Stars of MLB	SMLB-22	Adley Rutschman	Baltimore Orioles,False
2024_topps_series1,2024,Topps,Series 1,Stars of MLB,,SMLB-23,Elly De La Cruz,Cincinnati Reds,Stars of MLB	SMLB-23	Elly De La Cruz	Cincinnati Reds,False
2024_topps_series1,2024,Topps,Series 1,Stars of MLB,,SMLB-24,Pete Alonso,New York Mets,Stars of MLB	SMLB-24	Pete Alonso	New York Mets,False
2024_topps_series1,2024,Topps,Series 1,Stars of MLB,,SMLB-26,Freddie Freeman,Los Angeles Dodgers,Stars of MLB	SMLB-26	Freddie Freeman	Los Angeles Dodgers,False
2024_topps_series1,2024,Topps,Series 1,Stars of MLB,,SMLB-27,Henry Davis,Pittsburgh Pirates,Stars of MLB	SMLB-27	Henry Davis	Pittsburgh Pirates,False
2024_topps_series1,2024,Topps,Series 1,Stars of MLB,,SMLB-28,Corey Seager,Texas Rangers,Stars of MLB	SMLB-28	Corey Seager	Texas Rangers,False
2024_topps_series1,2024,Topps,Series 1,Stars of MLB,,SMLB-29,Corbin Carroll,Arizona Diamondbacks,Stars of MLB	SMLB-29	Corbin Carroll	Arizona Diamondbacks,False
2024_topps_series1,2024,Topps,Series 1,Stars of MLB,,SMLB-30,Marco Luciano,San Francisco Giants,Stars of MLB	SMLB-30	Marco Luciano	San Francisco Giants,False
2024_topps_series1,2024,Topps,Series 1,Stars of MLB Chrome,,CSMLB-1,Paul Goldschmidt,St. Louis Cardinals,Stars of MLB Chrome	CSMLB-1	Paul Goldschmidt	St. Louis Cardinals,False
2024_topps_series1,2024,Topps,Series 1,Stars of MLB Chrome,,CSMLB-2,Mike Trout,Los Angeles Angels,Stars of MLB Chrome	CSMLB-2	Mike Trout	Los Angeles Angels,False
2024_topps_series1,2024,Topps,Series 1,Stars of MLB Chrome,,CSMLB-3,Ronald Acuña Jr.,Atlanta Braves,Stars of MLB Chrome	CSMLB-3	Ronald Acuña Jr.	Atlanta Braves,False
2024_topps_series1,2024,Topps,Series 1,Stars of MLB Chrome,,CSMLB-4,Jordan Lawlar,Arizona Diamondbacks,Stars of MLB Chrome	CSMLB-4	Jordan Lawlar	Arizona Diamondbacks,False
2024_topps_series1,2024,Topps,Series 1,Stars of MLB Chrome,,CSMLB-5,Riley Greene,Detroit Tigers,Stars of MLB Chrome	CSMLB-5	Riley Greene	Detroit Tigers,False
2024_topps_series1,2024,Topps,Series 1,Stars of MLB Chrome,,CSMLB-6,Luis Robert Jr.,Chicago White Sox,Stars of MLB Chrome	CSMLB-6	Luis Robert Jr.	Chicago White Sox,False
2024_topps_series1,2024,Topps,Series 1,Stars of MLB Chrome,,CSMLB-7,Christian Encarnacion-Stra,Cincinnati Reds,Stars of MLB Chrome	CSMLB-7	Christian Encarnacion-Stra	Cincinnati Reds,False
2024_topps_series1,2024,Topps,Series 1,Stars of MLB Chrome,,CSMLB-8,Yordan Alvarez,Houston Astros,Stars of MLB Chrome	CSMLB-8	Yordan Alvarez	Houston Astros,False
2024_topps_series1,2024,Topps,Series 1,Stars of MLB Chrome,,CSMLB-9,Mookie Betts,Los Angeles Dodgers,Stars of MLB Chrome	CSMLB-9	Mookie Betts	Los Angeles Dodgers,False
2024_topps_series1,2024,Topps,Series 1,Stars of MLB Chrome,,CSMLB-10,Jazz Chisholm Jr.,Miami Marlins,Stars of MLB Chrome	CSMLB-10	Jazz Chisholm Jr.	Miami Marlins,False
2024_topps_series1,2024,Topps,Series 1,Stars of MLB Chrome,,CSMLB-11,Ronny Mauricio,New York Mets,Stars of MLB Chrome	CSMLB-11	Ronny Mauricio	New York Mets,False
2024_topps_series1,2024,Topps,Series 1,Stars of MLB Chrome,,CSMLB-12,Sal Frelick,Milwaukee Brewers,Stars of MLB Chrome	CSMLB-12	Sal Frelick	Milwaukee Brewers,False
2024_topps_series1,2024,Topps,Series 1,Stars of MLB Chrome,,CSMLB-13,Aaron Judge,New York Yankees,Stars of MLB Chrome	CSMLB-13	Aaron Judge	New York Yankees,False
2024_topps_series1,2024,Topps,Series 1,Stars of MLB Chrome,,CSMLB-14,Bryce Harper,Philadelphia Phillies,Stars of MLB Chrome	CSMLB-14	Bryce Harper	Philadelphia Phillies,False
2024_topps_series1,2024,Topps,Series 1,Stars of MLB Chrome,,CSMLB-15,Fernando Tatis Jr.,San Diego Padres,Stars of MLB Chrome	CSMLB-15	Fernando Tatis Jr.	San Diego Padres,False
2024_topps_series1,2024,Topps,Series 1,Stars of MLB Chrome,,CSMLB-16,Julio Rodríguez,Seattle Mariners,Stars of MLB Chrome	CSMLB-16	Julio Rodríguez	Seattle Mariners,False
2024_topps_series1,2024,Topps,Series 1,Stars of MLB Chrome,,CSMLB-17,Bobby Witt Jr.,Kansas City Royals,Stars of MLB Chrome	CSMLB-17	Bobby Witt Jr.	Kansas City Royals,False
2024_topps_series1,2024,Topps,Series 1,Stars of MLB Chrome,,CSMLB-18,Tyler Soderstrom,Oakland Athletics,Stars of MLB Chrome	CSMLB-18	Tyler Soderstrom	Oakland Athletics,False
2024_topps_series1,2024,Topps,Series 1,Stars of MLB Chrome,,CSMLB-19,Vladimir Guerrero Jr.,Toronto Blue Jays,Stars of MLB Chrome	CSMLB-19	Vladimir Guerrero Jr.	Toronto Blue Jays,False
2024_topps_series1,2024,Topps,Series 1,Stars of MLB Chrome,,CSMLB-20,Juan Soto,San Diego Padres,Stars of MLB Chrome	CSMLB-20	Juan Soto	San Diego Padres,False
2024_topps_series1,2024,Topps,Series 1,Stars of MLB Chrome,,CSMLB-21,Shohei Ohtani,Los Angeles Angels,Stars of MLB Chrome	CSMLB-21	Shohei Ohtani	Los Angeles Angels,False
2024_topps_series1,2024,Topps,Series 1,Stars of MLB Chrome,,CSMLB-22,Adley Rutschman,Baltimore Orioles,Stars of MLB Chrome	CSMLB-22	Adley Rutschman	Baltimore Orioles,False
2024_topps_series1,2024,Topps,Series 1,Stars of MLB Chrome,,CSMLB-23,Elly De La Cruz,Cincinnati Reds,Stars of MLB Chrome	CSMLB-23	Elly De La Cruz	Cincinnati Reds,False
2024_topps_series1,2024,Topps,Series 1,Stars of MLB Chrome,,CSMLB-24,Pete Alonso,New York Mets,Stars of MLB Chrome	CSMLB-24	Pete Alonso	New York Mets,False
2024_topps_series1,2024,Topps,Series 1,Stars of MLB Chrome,,CSMLB-25,Pete Crow-Armstrong,Chicago Cubs,Stars of MLB Chrome	CSMLB-25	Pete Crow-Armstrong	Chicago Cubs,False
2024_topps_series1,2024,Topps,Series 1,Stars of MLB Chrome,,CSMLB-26,Freddie Freeman,Los Angeles Dodgers,Stars of MLB Chrome	CSMLB-26	Freddie Freeman	Los Angeles Dodgers,False
2024_topps_series1,2024,Topps,Series 1,Stars of MLB Chrome,,CSMLB-27,Henry Davis,Pittsburgh Pirates,Stars of MLB Chrome	CSMLB-27	Henry Davis	Pittsburgh Pirates,False
2024_topps_series1,2024,Topps,Series 1,Stars of MLB Chrome,,CSMLB-28,Corey Seager,Texas Rangers,Stars of MLB Chrome	CSMLB-28	Corey Seager	Texas Rangers,False
2024_topps_series1,2024,Topps,Series 1,Stars of MLB Chrome,,CSMLB-29,Corbin Carroll,Arizona Diamondbacks,Stars of MLB Chrome	CSMLB-29	Corbin Carroll	Arizona Diamondbacks,False
2024_topps_series1,2024,Topps,Series 1,Stars of MLB Chrome,,CSMLB-30,Marco Luciano,San Francisco Giants,Stars of MLB Chrome	CSMLB-30	Marco Luciano	San Francisco Giants,False
2024_topps_series1,2024,Topps,Series 1,Superstar Blueprint,,SB-1,Aaron Judge,New York Yankees,Superstar Blueprint	SB-1	Aaron Judge	New York Yankees,False
2024_topps_series1,2024,Topps,Series 1,Superstar Blueprint,,SB-2,Mike Trout,Los Angeles Angels,Superstar Blueprint	SB-2	Mike Trout	Los Angeles Angels,False
2024_topps_series1,2024,Topps,Series 1,Superstar Blueprint,,SB-3,Shohei Ohtani,Los Angeles Angels,Superstar Blueprint	SB-3	Shohei Ohtani	Los Angeles Angels,False
2024_topps_series1,2024,Topps,Series 1,Superstar Blueprint,,SB-4,Bryce Harper,Philadelphia Phillies,Superstar Blueprint	SB-4	Bryce Harper	Philadelphia Phillies,False
2024_topps_series1,2024,Topps,Series 1,Superstar Blueprint,,SB-5,Fernando Tatis Jr.,San Diego Padres,Superstar Blueprint	SB-5	Fernando Tatis Jr.	San Diego Padres,False
2024_topps_series1,2024,Topps,Series 1,Superstar Blueprint,,SB-6,Julio Rodríguez,Seattle Mariners,Superstar Blueprint	SB-6	Julio Rodríguez	Seattle Mariners,False
2024_topps_series1,2024,Topps,Series 1,Superstar Blueprint,,SB-7,Ken Griffey Jr.,Seattle Mariners,Superstar Blueprint	SB-7	Ken Griffey Jr.	Seattle Mariners,False
2024_topps_series1,2024,Topps,Series 1,Superstar Blueprint,,SB-8,Ronald Acuña Jr.,Atlanta Braves,Superstar Blueprint	SB-8	Ronald Acuña Jr.	Atlanta Braves,False
2024_topps_series1,2024,Topps,Series 1,Superstar Blueprint,,SB-9,Juan Soto,San Diego Padres,Superstar Blueprint	SB-9	Juan Soto	San Diego Padres,False
2024_topps_series1,2024,Topps,Series 1,Superstar Blueprint,,SB-10,Vladimir Guerrero Jr.,Toronto Blue Jays,Superstar Blueprint	SB-10	Vladimir Guerrero Jr.	Toronto Blue Jays,False
2024_topps_series1,2024,Topps,Series 1,Superstar Blueprint,,SB-11,Adley Rutschman,Baltimore Orioles,Superstar Blueprint	SB-11	Adley Rutschman	Baltimore Orioles,False
2024_topps_series1,2024,Topps,Series 1,Superstar Blueprint,,SB-12,Freddie Freeman,Los Angeles Dodgers,Superstar Blueprint	SB-12	Freddie Freeman	Los Angeles Dodgers,False
2024_topps_series1,2024,Topps,Series 1,Superstar Blueprint,,SB-13,Pete Alonso,New York Mets,Superstar Blueprint	SB-13	Pete Alonso	New York Mets,False
2024_topps_series1,2024,Topps,Series 1,Superstar Blueprint,,SB-14,Corbin Carroll,Arizona Diamondbacks,Superstar Blueprint	SB-14	Corbin Carroll	Arizona Diamondbacks,False
2024_topps_series1,2024,Topps,Series 1,Superstar Blueprint,,SB-15,Elly De La Cruz,Cincinnati Reds,Superstar Blueprint	SB-15	Elly De La Cruz	Cincinnati Reds,False
2024_topps_series1,2024,Topps,Series 1,Superstar Blueprint,,SB-16,Joey Votto,Cincinnati Reds,Superstar Blueprint	SB-16	Joey Votto	Cincinnati Reds,False
2024_topps_series1,2024,Topps,Series 1,Superstar Blueprint,,SB-17,Mookie Betts,Los Angeles Dodgers,Superstar Blueprint	SB-17	Mookie Betts	Los Angeles Dodgers,False
2024_topps_series1,2024,Topps,Series 1,Superstar Blueprint,,SB-18,Derek Jeter,New York Yankees,Superstar Blueprint	SB-18	Derek Jeter	New York Yankees,False
2024_topps_series1,2024,Topps,Series 1,Superstar Blueprint,,SB-19,Clayton Kershaw,Los Angeles Dodgers,Superstar Blueprint	SB-19	Clayton Kershaw	Los Angeles Dodgers,False
2024_topps_series1,2024,Topps,Series 1,Superstar Blueprint,,SB-20,Paul Goldschmidt,St. Louis Cardinals,Superstar Blueprint	SB-20	Paul Goldschmidt	St. Louis Cardinals,False
2024_topps_series1,2024,Topps,Series 1,Superstar Blueprint,,SB-21,Bo Bichette,Toronto Blue Jays,Superstar Blueprint	SB-21	Bo Bichette	Toronto Blue Jays,False
2024_topps_series1,2024,Topps,Series 1,Superstar Blueprint,,SB-22,Andrew McCutchen,Pittsburgh Pirates,Superstar Blueprint	SB-22	Andrew McCutchen	Pittsburgh Pirates,False
2024_topps_series1,2024,Topps,Series 1,Superstar Blueprint,,SB-23,Gerrit Cole,New York Yankees,Superstar Blueprint	SB-23	Gerrit Cole	New York Yankees,False
2024_topps_series1,2024,Topps,Series 1,Superstar Blueprint,,SB-24,Nolan Arenado,St. Louis Cardinals,Superstar Blueprint	SB-24	Nolan Arenado	St. Louis Cardinals,False
2024_topps_series1,2024,Topps,Series 1,Superstar Blueprint,,SB-25,Bobby Witt Jr.,Kansas City Royals,Superstar Blueprint	SB-25	Bobby Witt Jr.	Kansas City Royals,False
2024_topps_series1,2024,Topps,Series 1,Superstar Blueprint Autographs,,SBA-AJ,Aaron Judge,New York Yankees,Superstar Blueprint Autographs	SBA-AJ	Aaron Judge	New York Yankees,False
2024_topps_series1,2024,Topps,Series 1,Superstar Blueprint Autographs,,SBA-AR,Adley Rutschman,Baltimore Orioles,Superstar Blueprint Autographs	SBA-AR	Adley Rutschman	Baltimore Orioles,False
2024_topps_series1,2024,Topps,Series 1,Superstar Blueprint Autographs,,SBA-BH,Bryce Harper,Philadelphia Phillies,Superstar Blueprint Autographs	SBA-BH	Bryce Harper	Philadelphia Phillies,False
2024_topps_series1,2024,Topps,Series 1,Superstar Blueprint Autographs,,SBA-BW,Bobby Witt Jr.,Kansas City Royals,Superstar Blueprint Autographs	SBA-BW	Bobby Witt Jr.	Kansas City Royals,False
2024_topps_series1,2024,Topps,Series 1,Superstar Blueprint Autographs,,SBA-DJ,Derek Jeter,New York Yankees,Superstar Blueprint Autographs	SBA-DJ	Derek Jeter	New York Yankees,False
2024_topps_series1,2024,Topps,Series 1,Superstar Blueprint Autographs,,SBA-ED,Elly De La Cruz,Cincinnati Reds,Superstar Blueprint Autographs	SBA-ED	Elly De La Cruz	Cincinnati Reds,False
2024_topps_series1,2024,Topps,Series 1,Superstar Blueprint Autographs,,SBA-FF,Freddie Freeman,Los Angeles Dodgers,Superstar Blueprint Autographs	SBA-FF	Freddie Freeman	Los Angeles Dodgers,False
2024_topps_series1,2024,Topps,Series 1,Superstar Blueprint Autographs,,SBA-FT,Fernando Tatis Jr.,San Diego Padres,Superstar Blueprint Autographs	SBA-FT	Fernando Tatis Jr.	San Diego Padres,False
2024_topps_series1,2024,Topps,Series 1,Superstar Blueprint Autographs,,SBA-G,Ken Griffey Jr.,Seattle Mariners,Superstar Blueprint Autographs	SBA-G	Ken Griffey Jr.	Seattle Mariners,False
2024_topps_series1,2024,Topps,Series 1,Superstar Blueprint Autographs,,SBA-GC,Gerrit Cole,New York Yankees,Superstar Blueprint Autographs	SBA-GC	Gerrit Cole	New York Yankees,False
2024_topps_series1,2024,Topps,Series 1,Superstar Blueprint Autographs,,SBA-JR,Julio Rodríguez,Seattle Mariners,Superstar Blueprint Autographs	SBA-JR	Julio Rodríguez	Seattle Mariners,False
2024_topps_series1,2024,Topps,Series 1,Superstar Blueprint Autographs,,SBA-JS,Juan Soto,San Diego Padres,Superstar Blueprint Autographs	SBA-JS	Juan Soto	San Diego Padres,False
2024_topps_series1,2024,Topps,Series 1,Superstar Blueprint Autographs,,SBA-JV,Joey Votto,Cincinnati Reds,Superstar Blueprint Autographs	SBA-JV	Joey Votto	Cincinnati Reds,False
2024_topps_series1,2024,Topps,Series 1,Superstar Blueprint Autographs,,SBA-MT,Mike Trout,Los Angeles Angels,Superstar Blueprint Autographs	SBA-MT	Mike Trout	Los Angeles Angels,False
2024_topps_series1,2024,Topps,Series 1,Superstar Blueprint Autographs,,SBA-PA,Pete Alonso,New York Mets,Superstar Blueprint Autographs	SBA-PA	Pete Alonso	New York Mets,False
2024_topps_series1,2024,Topps,Series 1,Superstar Blueprint Autographs,,SBA-PG,Paul Goldschmidt,St. Louis Cardinals,Superstar Blueprint Autographs	SBA-PG	Paul Goldschmidt	St. Louis Cardinals,False
2024_topps_series1,2024,Topps,Series 1,Superstar Blueprint Autographs,,SBA-SO,Shohei Ohtani,Los Angeles Angels,Superstar Blueprint Autographs	SBA-SO	Shohei Ohtani	Los Angeles Angels,False
2024_topps_series1,2024,Topps,Series 1,Superstar Blueprint Autographs,,SBA-VG,Vladimir Guerrero Jr.,Toronto Blue Jays,Superstar Blueprint Autographs	SBA-VG	Vladimir Guerrero Jr.	Toronto Blue Jays,False
2024_topps_series1,2024,Topps,Series 1,Team Color Border Variations,,1,Ronald Acuña Jr.,Atlanta Braves,Team Color Border Variations	1	Ronald Acuña Jr.	Atlanta Braves,False
2024_topps_series1,2024,Topps,Series 1,Team Color Border Variations,,3,Endy Rodríguez,Pittsburgh Pirates,Team Color Border Variations	3	Endy Rodríguez	Pittsburgh Pirates,False
2024_topps_series1,2024,Topps,Series 1,Team Color Border Variations,,4,Logan Webb,San Francisco Giants,Team Color Border Variations	4	Logan Webb	San Francisco Giants,False
2024_topps_series1,2024,Topps,Series 1,Team Color Border Variations,,5,Owen White,Texas Rangers,Team Color Border Variations	5	Owen White	Texas Rangers,False
2024_topps_series1,2024,Topps,Series 1,Team Color Border Variations,,7,Brendan Donovan,St. Louis Cardinals,Team Color Border Variations	7	Brendan Donovan	St. Louis Cardinals,False
2024_topps_series1,2024,Topps,Series 1,Team Color Border Variations,,8,Brendan White,Detroit Tigers,Team Color Border Variations	8	Brendan White	Detroit Tigers,False
2024_topps_series1,2024,Topps,Series 1,Team Color Border Variations,,9,Joey Wiemer,Milwaukee Brewers,Team Color Border Variations	9	Joey Wiemer	Milwaukee Brewers,False
2024_topps_series1,2024,Topps,Series 1,Team Color Border Variations,,10,Josh Naylor,Cleveland Guardians,Team Color Border Variations	10	Josh Naylor	Cleveland Guardians,False
2024_topps_series1,2024,Topps,Series 1,Team Color Border Variations,,11,Spencer Strider,Atlanta Braves,Team Color Border Variations	11	Spencer Strider	Atlanta Braves,False
2024_topps_series1,2024,Topps,Series 1,Team Color Border Variations,,12,Bryan Woo,Seattle Mariners,Team Color Border Variations	12	Bryan Woo	Seattle Mariners,False
2024_topps_series1,2024,Topps,Series 1,Team Color Border Variations,,13,Nick Robertson,Boston Red Sox,Team Color Border Variations	13	Nick Robertson	Boston Red Sox,False
2024_topps_series1,2024,Topps,Series 1,Team Color Border Variations,,14,Michael Massey,Kansas City Royals,Team Color Border Variations	14	Michael Massey	Kansas City Royals,False
2024_topps_series1,2024,Topps,Series 1,Team Color Border Variations,,15,José Soriano,Los Angeles Angels,Team Color Border Variations	15	José Soriano	Los Angeles Angels,False
2024_topps_series1,2024,Topps,Series 1,Team Color Border Variations,,16,Jon Gray,Texas Rangers,Team Color Border Variations	16	Jon Gray	Texas Rangers,False
2024_topps_series1,2024,Topps,Series 1,Team Color Border Variations,,17,Nick Pivetta,Boston Red Sox,Team Color Border Variations	17	Nick Pivetta	Boston Red Sox,False
2024_topps_series1,2024,Topps,Series 1,Team Color Border Variations,,18,Lars Nootbaar,St. Louis Cardinals,Team Color Border Variations	18	Lars Nootbaar	St. Louis Cardinals,False
2024_topps_series1,2024,Topps,Series 1,Team Color Border Variations,,19,Joey Votto,Cincinnati Reds,Team Color Border Variations	19	Joey Votto	Cincinnati Reds,False
2024_topps_series1,2024,Topps,Series 1,Team Color Border Variations,,20,Pete Alonso,New York Mets,Team Color Border Variations	20	Pete Alonso	New York Mets,False
2024_topps_series1,2024,Topps,Series 1,Team Color Border Variations,,21,Esteury Ruiz,Oakland Athletics,Team Color Border Variations	21	Esteury Ruiz	Oakland Athletics,False
2024_topps_series1,2024,Topps,Series 1,Team Color Border Variations,,22,Rafael Devers,Boston Red Sox,Team Color Border Variations	22	Rafael Devers	Boston Red Sox,False
2024_topps_series1,2024,Topps,Series 1,Team Color Border Variations,,23,Fernando Tatis Jr.,San Diego Padres,Team Color Border Variations	23	Fernando Tatis Jr.	San Diego Padres,False
2024_topps_series1,2024,Topps,Series 1,Team Color Border Variations,,24,Salvador Perez,Kansas City Royals,Team Color Border Variations	24	Salvador Perez	Kansas City Royals,False
2024_topps_series1,2024,Topps,Series 1,Team Color Border Variations,,25,Andy Ibáñez,Detroit Tigers,Team Color Border Variations	25	Andy Ibáñez	Detroit Tigers,False
2024_topps_series1,2024,Topps,Series 1,Team Color Border Variations,,26,Freddy Peralta,Milwaukee Brewers,Team Color Border Variations	26	Freddy Peralta	Milwaukee Brewers,False
2024_topps_series1,2024,Topps,Series 1,Team Color Border Variations,,27,Mike Trout,Los Angeles Angels,Team Color Border Variations	27	Mike Trout	Los Angeles Angels,False
2024_topps_series1,2024,Topps,Series 1,Team Color Border Variations,,28,Luis Matos,San Francisco Giants,Team Color Border Variations	28	Luis Matos	San Francisco Giants,False
2024_topps_series1,2024,Topps,Series 1,Team Color Border Variations,,29,Kris Bryant,Colorado Rockies,Team Color Border Variations	29	Kris Bryant	Colorado Rockies,False
2024_topps_series1,2024,Topps,Series 1,Team Color Border Variations,,30,Hunter Brown,Houston Astros	- Future Stars,Team Color Border Variations	30	Hunter Brown	Houston Astros	- Future Stars,False
2024_topps_series1,2024,Topps,Series 1,Team Color Border Variations,,31,Carmen Mlodzinski,Pittsburgh Pirates,Team Color Border Variations	31	Carmen Mlodzinski	Pittsburgh Pirates,False
2024_topps_series1,2024,Topps,Series 1,Team Color Border Variations,,32,Samad Taylor,Kansas City Royals,Team Color Border Variations	32	Samad Taylor	Kansas City Royals,False
2024_topps_series1,2024,Topps,Series 1,Team Color Border Variations,,33,Willy Adames,Milwaukee Brewers,Team Color Border Variations	33	Willy Adames	Milwaukee Brewers,False
2024_topps_series1,2024,Topps,Series 1,Team Color Border Variations,,34,Ryan Mountcastle,Baltimore Orioles,Team Color Border Variations	34	Ryan Mountcastle	Baltimore Orioles,False
2024_topps_series1,2024,Topps,Series 1,Team Color Border Variations,,35,Adley Rutschman,Baltimore Orioles,Team Color Border Variations	35	Adley Rutschman	Baltimore Orioles,False
2024_topps_series1,2024,Topps,Series 1,Team Color Border Variations,,36,Prelander Berroa,Seattle Mariners,Team Color Border Variations	36	Prelander Berroa	Seattle Mariners,False
2024_topps_series1,2024,Topps,Series 1,Team Color Border Variations,,37,CJ Abrams,Washington Nationals,Team Color Border Variations	37	CJ Abrams	Washington Nationals,False
2024_topps_series1,2024,Topps,Series 1,Team Color Border Variations,,39,Emerson Hancock,Seattle Mariners,Team Color Border Variations	39	Emerson Hancock	Seattle Mariners,False
2024_topps_series1,2024,Topps,Series 1,Team Color Border Variations,,40,Dylan Cease,Chicago White Sox,Team Color Border Variations	40	Dylan Cease	Chicago White Sox,False
2024_topps_series1,2024,Topps,Series 1,Team Color Border Variations,,41,Geraldo Perdomo,Arizona Diamondbacks,Team Color Border Variations	41	Geraldo Perdomo	Arizona Diamondbacks,False
2024_topps_series1,2024,Topps,Series 1,Team Color Border Variations,,42,Jorge Mateo,Baltimore Orioles,Team Color Border Variations	42	Jorge Mateo	Baltimore Orioles,False
2024_topps_series1,2024,Topps,Series 1,Team Color Border Variations,,43,Daulton Varsho,Toronto Blue Jays,Team Color Border Variations	43	Daulton Varsho	Toronto Blue Jays,False
2024_topps_series1,2024,Topps,Series 1,Team Color Border Variations,,44,Julio Rodríguez,Seattle Mariners,Team Color Border Variations	44	Julio Rodríguez	Seattle Mariners,False
2024_topps_series1,2024,Topps,Series 1,Team Color Border Variations,,45,Félix Bautista,Baltimore Orioles,Team Color Border Variations	45	Félix Bautista	Baltimore Orioles,False
2024_topps_series1,2024,Topps,Series 1,Team Color Border Variations,,46,Paul Goldschmidt,St. Louis Cardinals,Team Color Border Variations	46	Paul Goldschmidt	St. Louis Cardinals,False
2024_topps_series1,2024,Topps,Series 1,Team Color Border Variations,,47,Cavan Biggio,Toronto Blue Jays,Team Color Border Variations	47	Cavan Biggio	Toronto Blue Jays,False
2024_topps_series1,2024,Topps,Series 1,Team Color Border Variations,,48,Bryce Elder,Atlanta Braves,Team Color Border Variations	48	Bryce Elder	Atlanta Braves,False
2024_topps_series1,2024,Topps,Series 1,Team Color Border Variations,,49,J.P. Crawford,Seattle Mariners,Team Color Border Variations	49	J.P. Crawford	Seattle Mariners,False
2024_topps_series1,2024,Topps,Series 1,Team Color Border Variations,,50,Juan Soto,San Diego Padres,Team Color Border Variations	50	Juan Soto	San Diego Padres,False
2024_topps_series1,2024,Topps,Series 1,Team Color Border Variations,,51,Nestor Cortes Jr.,New York Yankees,Team Color Border Variations	51	Nestor Cortes Jr.	New York Yankees,False
2024_topps_series1,2024,Topps,Series 1,Team Color Border Variations,,52,Yandy Díaz,Tampa Bay Rays,Team Color Border Variations	52	Yandy Díaz	Tampa Bay Rays,False
2024_topps_series1,2024,Topps,Series 1,Team Color Border Variations,,53,Nolan Schanuel,Los Angeles Angels,Team Color Border Variations	53	Nolan Schanuel	Los Angeles Angels,False
2024_topps_series1,2024,Topps,Series 1,Team Color Border Variations,,54,Luis Castillo,Seattle Mariners,Team Color Border Variations	54	Luis Castillo	Seattle Mariners,False
2024_topps_series1,2024,Topps,Series 1,Team Color Border Variations,,55,Sean Murphy,Atlanta Braves,Team Color Border Variations	55	Sean Murphy	Atlanta Braves,False
2024_topps_series1,2024,Topps,Series 1,Team Color Border Variations,,56,Kyle Bradish,Baltimore Orioles,Team Color Border Variations	56	Kyle Bradish	Baltimore Orioles,False
2024_topps_series1,2024,Topps,Series 1,Team Color Border Variations,,58,Isaiah Campbell,Seattle Mariners,Team Color Border Variations	58	Isaiah Campbell	Seattle Mariners,False
2024_topps_series1,2024,Topps,Series 1,Team Color Border Variations,,59,Brandon Nimmo,New York Mets,Team Color Border Variations	59	Brandon Nimmo	New York Mets,False
2024_topps_series1,2024,Topps,Series 1,Team Color Border Variations,,60,Jasson Domínguez,New York Yankees,Team Color Border Variations	60	Jasson Domínguez	New York Yankees,False
2024_topps_series1,2024,Topps,Series 1,Team Color Border Variations,,61,William Contreras,Milwaukee Brewers,Team Color Border Variations	61	William Contreras	Milwaukee Brewers,False
2024_topps_series1,2024,Topps,Series 1,Team Color Border Variations,,62,Justin Verlander,Houston Astros,Team Color Border Variations	62	Justin Verlander	Houston Astros,False
2024_topps_series1,2024,Topps,Series 1,Team Color Border Variations,,63,Christian Walker,Arizona Diamondbacks,Team Color Border Variations	63	Christian Walker	Arizona Diamondbacks,False
2024_topps_series1,2024,Topps,Series 1,Team Color Border Variations,,64,J.D. Davis,San Francisco Giants,Team Color Border Variations	64	J.D. Davis	San Francisco Giants,False
2024_topps_series1,2024,Topps,Series 1,Team Color Border Variations,,66,Jordan Westburg,Baltimore Orioles,Team Color Border Variations	66	Jordan Westburg	Baltimore Orioles,False
2024_topps_series1,2024,Topps,Series 1,Team Color Border Variations,,67,Jorge Polanco,Minnesota Twins,Team Color Border Variations	67	Jorge Polanco	Minnesota Twins,False
2024_topps_series1,2024,Topps,Series 1,Team Color Border Variations,,68,Stone Garrett,Washington Nationals,Team Color Border Variations	68	Stone Garrett	Washington Nationals,False
2024_topps_series1,2024,Topps,Series 1,Team Color Border Variations,,69,Griffin Canning,Los Angeles Angels,Team Color Border Variations	69	Griffin Canning	Los Angeles Angels,False
2024_topps_series1,2024,Topps,Series 1,Team Color Border Variations,,71,Brandon Marsh,Philadelphia Phillies,Team Color Border Variations	71	Brandon Marsh	Philadelphia Phillies,False
2024_topps_series1,2024,Topps,Series 1,Team Color Border Variations,,72,George Springer,Toronto Blue Jays,Team Color Border Variations	72	George Springer	Toronto Blue Jays,False
2024_topps_series1,2024,Topps,Series 1,Team Color Border Variations,,73,Chris Murphy,Boston Red Sox,Team Color Border Variations	73	Chris Murphy	Boston Red Sox,False
2024_topps_series1,2024,Topps,Series 1,Team Color Border Variations,,74,Mickey Moniak,Los Angeles Angels,Team Color Border Variations	74	Mickey Moniak	Los Angeles Angels,False
2024_topps_series1,2024,Topps,Series 1,Team Color Border Variations,,75,George Kirby,Seattle Mariners,Team Color Border Variations	75	George Kirby	Seattle Mariners,False
2024_topps_series1,2024,Topps,Series 1,Team Color Border Variations,,76,Sal Frelick,Milwaukee Brewers,Team Color Border Variations	76	Sal Frelick	Milwaukee Brewers,False
2024_topps_series1,2024,Topps,Series 1,Team Color Border Variations,,77,Yainer Díaz,Houston Astros,Team Color Border Variations	77	Yainer Díaz	Houston Astros,False
2024_topps_series1,2024,Topps,Series 1,Team Color Border Variations,,78,Mark Vientos,New York Mets,Team Color Border Variations	78	Mark Vientos	New York Mets,False
2024_topps_series1,2024,Topps,Series 1,Team Color Border Variations,,79,Seth Brown,Oakland Athletics,Team Color Border Variations	79	Seth Brown	Oakland Athletics,False
2024_topps_series1,2024,Topps,Series 1,Team Color Border Variations,,81,Nick Fortes,Miami Marlins,Team Color Border Variations	81	Nick Fortes	Miami Marlins,False
2024_topps_series1,2024,Topps,Series 1,Team Color Border Variations,,82,Curtis Mead,Tampa Bay Rays,Team Color Border Variations	82	Curtis Mead	Tampa Bay Rays,False
2024_topps_series1,2024,Topps,Series 1,Team Color Border Variations,,83,Keaton Winn,San Francisco Giants,Team Color Border Variations	83	Keaton Winn	San Francisco Giants,False
2024_topps_series1,2024,Topps,Series 1,Team Color Border Variations,,84,Alex Bregman,Houston Astros,Team Color Border Variations	84	Alex Bregman	Houston Astros,False
2024_topps_series1,2024,Topps,Series 1,Team Color Border Variations,,85,Jose Ferrer,Washington Nationals,Team Color Border Variations	85	Jose Ferrer	Washington Nationals,False
2024_topps_series1,2024,Topps,Series 1,Team Color Border Variations,,86,José Rodríguez,Chicago White Sox,Team Color Border Variations	86	José Rodríguez	Chicago White Sox,False
2024_topps_series1,2024,Topps,Series 1,Team Color Border Variations,,87,Tony Gonsolin,Los Angeles Dodgers,Team Color Border Variations	87	Tony Gonsolin	Los Angeles Dodgers,False
2024_topps_series1,2024,Topps,Series 1,Team Color Border Variations,,88,Orlando Arcia,Atlanta Braves,Team Color Border Variations	88	Orlando Arcia	Atlanta Braves,False
2024_topps_series1,2024,Topps,Series 1,Team Color Border Variations,,89,Tyler Glasnow,Tampa Bay Rays,Team Color Border Variations	89	Tyler Glasnow	Tampa Bay Rays,False
2024_topps_series1,2024,Topps,Series 1,Team Color Border Variations,,90,Oneil Cruz,Pittsburgh Pirates,Team Color Border Variations	90	Oneil Cruz	Pittsburgh Pirates,False
2024_topps_series1,2024,Topps,Series 1,Team Color Border Variations,,91,Matt Wallner,Minnesota Twins,Team Color Border Variations	91	Matt Wallner	Minnesota Twins,False
2024_topps_series1,2024,Topps,Series 1,Team Color Border Variations,,92,Coco Montes,Colorado Rockies,Team Color Border Variations	92	Coco Montes	Colorado Rockies,False
2024_topps_series1,2024,Topps,Series 1,Team Color Border Variations,,93,Quinn Priester,Pittsburgh Pirates,Team Color Border Variations	93	Quinn Priester	Pittsburgh Pirates,False
2024_topps_series1,2024,Topps,Series 1,Team Color Border Variations,,94,Byron Buxton,Minnesota Twins,Team Color Border Variations	94	Byron Buxton	Minnesota Twins,False
2024_topps_series1,2024,Topps,Series 1,Team Color Border Variations,,95,Cole Ragans,Kansas City Royals,Team Color Border Variations	95	Cole Ragans	Kansas City Royals,False
2024_topps_series1,2024,Topps,Series 1,Team Color Border Variations,,97,Alex Verdugo,Boston Red Sox,Team Color Border Variations	97	Alex Verdugo	Boston Red Sox,False
2024_topps_series1,2024,Topps,Series 1,Team Color Border Variations,,98,José Quintana,New York Mets,Team Color Border Variations	98	José Quintana	New York Mets,False
2024_topps_series1,2024,Topps,Series 1,Team Color Border Variations,,99,Aaron Judge,New York Yankees,Team Color Border Variations	99	Aaron Judge	New York Yankees,False
2024_topps_series1,2024,Topps,Series 1,Team Color Border Variations,,100,Gerrit Cole,New York Yankees,Team Color Border Variations	100	Gerrit Cole	New York Yankees,False
2024_topps_series1,2024,Topps,Series 1,Team Color Border Variations,,101,Jordan Romano,Toronto Blue Jays,Team Color Border Variations	101	Jordan Romano	Toronto Blue Jays,False
2024_topps_series1,2024,Topps,Series 1,Team Color Border Variations,,102,Freddie Freeman,Los Angeles Dodgers,Team Color Border Variations	102	Freddie Freeman	Los Angeles Dodgers,False
2024_topps_series1,2024,Topps,Series 1,Team Color Border Variations,,103,Brandon Woodruff,Milwaukee Brewers,Team Color Border Variations	103	Brandon Woodruff	Milwaukee Brewers,False
2024_topps_series1,2024,Topps,Series 1,Team Color Border Variations,,104,Connor Wong,Boston Red Sox,Team Color Border Variations	104	Connor Wong	Boston Red Sox,False
2024_topps_series1,2024,Topps,Series 1,Team Color Border Variations,,105,Oscar Colás,Chicago White Sox,Team Color Border Variations	105	Oscar Colás	Chicago White Sox,False
2024_topps_series1,2024,Topps,Series 1,Team Color Border Variations,,107,Shane Bieber,Cleveland Guardians,Team Color Border Variations	107	Shane Bieber	Cleveland Guardians,False
2024_topps_series1,2024,Topps,Series 1,Team Color Border Variations,,108,Jarren Duran,Boston Red Sox,Team Color Border Variations	108	Jarren Duran	Boston Red Sox,False
2024_topps_series1,2024,Topps,Series 1,Team Color Border Variations,,110,Zac Gallen,Arizona Diamondbacks,Team Color Border Variations	110	Zac Gallen	Arizona Diamondbacks,False
2024_topps_series1,2024,Topps,Series 1,Team Color Border Variations,,111,Grayson Rodriguez,Baltimore Orioles	- Future Stars,Team Color Border Variations	111	Grayson Rodriguez	Baltimore Orioles	- Future Stars,False
2024_topps_series1,2024,Topps,Series 1,Team Color Border Variations,,112,Merrill Kelly,Arizona Diamondbacks,Team Color Border Variations	112	Merrill Kelly	Arizona Diamondbacks,False
2024_topps_series1,2024,Topps,Series 1,Team Color Border Variations,,113,MacKenzie Gore,Washington Nationals,Team Color Border Variations	113	MacKenzie Gore	Washington Nationals,False
2024_topps_series1,2024,Topps,Series 1,Team Color Border Variations,,114,José Ramírez,Cleveland Guardians,Team Color Border Variations	114	José Ramírez	Cleveland Guardians,False
2024_topps_series1,2024,Topps,Series 1,Team Color Border Variations,,115,Bobby Miller,Los Angeles Dodgers	- Future Stars,Team Color Border Variations	115	Bobby Miller	Los Angeles Dodgers	- Future Stars,False
2024_topps_series1,2024,Topps,Series 1,Team Color Border Variations,,116,Emmanuel Clase,Cleveland Guardians,Team Color Border Variations	116	Emmanuel Clase	Cleveland Guardians,False
2024_topps_series1,2024,Topps,Series 1,Team Color Border Variations,,117,AJ Smith-Shawver,Atlanta Braves,Team Color Border Variations	117	AJ Smith-Shawver	Atlanta Braves,False
2024_topps_series1,2024,Topps,Series 1,Team Color Border Variations,,118,Nolan Arenado,St. Louis Cardinals,Team Color Border Variations	118	Nolan Arenado	St. Louis Cardinals,False
2024_topps_series1,2024,Topps,Series 1,Team Color Border Variations,,119,Hunter Greene,Cincinnati Reds,Team Color Border Variations	119	Hunter Greene	Cincinnati Reds,False
2024_topps_series1,2024,Topps,Series 1,Team Color Border Variations,,120,Edwin Díaz,New York Mets,Team Color Border Variations	120	Edwin Díaz	New York Mets,False
2024_topps_series1,2024,Topps,Series 1,Team Color Border Variations,,121,Bailey Ober,Minnesota Twins,Team Color Border Variations	121	Bailey Ober	Minnesota Twins,False
2024_topps_series1,2024,Topps,Series 1,Team Color Border Variations,,122,Cal Raleigh,Seattle Mariners,Team Color Border Variations	122	Cal Raleigh	Seattle Mariners,False
2024_topps_series1,2024,Topps,Series 1,Team Color Border Variations,,123,Jesús Luzardo,Miami Marlins,Team Color Border Variations	123	Jesús Luzardo	Miami Marlins,False
2024_topps_series1,2024,Topps,Series 1,Team Color Border Variations,,124,Mike Yastrzemski,San Francisco Giants,Team Color Border Variations	124	Mike Yastrzemski	San Francisco Giants,False
2024_topps_series1,2024,Topps,Series 1,Team Color Border Variations,,125,Jake Burger,Miami Marlins,Team Color Border Variations	125	Jake Burger	Miami Marlins,False
2024_topps_series1,2024,Topps,Series 1,Team Color Border Variations,,127,Ha-Seong Kim,San Diego Padres,Team Color Border Variations	127	Ha-Seong Kim	San Diego Padres,False
2024_topps_series1,2024,Topps,Series 1,Team Color Border Variations,,128,Christopher Morel,Chicago Cubs	- Future Stars,Team Color Border Variations	128	Christopher Morel	Chicago Cubs	- Future Stars,False
2024_topps_series1,2024,Topps,Series 1,Team Color Border Variations,,129,Adbert Alzolay,Chicago Cubs,Team Color Border Variations	129	Adbert Alzolay	Chicago Cubs,False
2024_topps_series1,2024,Topps,Series 1,Team Color Border Variations,,130,Grant Hartwig,New York Mets,Team Color Border Variations	130	Grant Hartwig	New York Mets,False
2024_topps_series1,2024,Topps,Series 1,Team Color Border Variations,,131,Eduardo Rodriguez,Detroit Tigers,Team Color Border Variations	131	Eduardo Rodriguez	Detroit Tigers,False
2024_topps_series1,2024,Topps,Series 1,Team Color Border Variations,,134,Adolis García,Texas Rangers,Team Color Border Variations	134	Adolis García	Texas Rangers,False
2024_topps_series1,2024,Topps,Series 1,Team Color Border Variations,,135,Devin Williams,Milwaukee Brewers,Team Color Border Variations	135	Devin Williams	Milwaukee Brewers,False
2024_topps_series1,2024,Topps,Series 1,Team Color Border Variations,,136,Kyle Schwarber,Philadelphia Phillies,Team Color Border Variations	136	Kyle Schwarber	Philadelphia Phillies,False
2024_topps_series1,2024,Topps,Series 1,Team Color Border Variations,,137,Reid Detmers,Los Angeles Angels,Team Color Border Variations	137	Reid Detmers	Los Angeles Angels,False
2024_topps_series1,2024,Topps,Series 1,Team Color Border Variations,,139,Bryson Stott,Philadelphia Phillies,Team Color Border Variations	139	Bryson Stott	Philadelphia Phillies,False
2024_topps_series1,2024,Topps,Series 1,Team Color Border Variations,,141,Elly De La Cruz,Cincinnati Reds,Team Color Border Variations	141	Elly De La Cruz	Cincinnati Reds,False
2024_topps_series1,2024,Topps,Series 1,Team Color Border Variations,,142,Joey Meneses,Washington Nationals,Team Color Border Variations	142	Joey Meneses	Washington Nationals,False
2024_topps_series1,2024,Topps,Series 1,Team Color Border Variations,,143,David Bednar,Pittsburgh Pirates,Team Color Border Variations	143	David Bednar	Pittsburgh Pirates,False
2024_topps_series1,2024,Topps,Series 1,Team Color Border Variations,,144,Jacob Amaya,Miami Marlins,Team Color Border Variations	144	Jacob Amaya	Miami Marlins,False
2024_topps_series1,2024,Topps,Series 1,Team Color Border Variations,,145,Christian Yelich,Milwaukee Brewers,Team Color Border Variations	145	Christian Yelich	Milwaukee Brewers,False
2024_topps_series1,2024,Topps,Series 1,Team Color Border Variations,,146,Max Fried,Atlanta Braves,Team Color Border Variations	146	Max Fried	Atlanta Braves,False
2024_topps_series1,2024,Topps,Series 1,Team Color Border Variations,,148,Alex Kirilloff,Minnesota Twins,Team Color Border Variations	148	Alex Kirilloff	Minnesota Twins,False
2024_topps_series1,2024,Topps,Series 1,Team Color Border Variations,,150,Corey Seager,Texas Rangers,Team Color Border Variations	150	Corey Seager	Texas Rangers,False
2024_topps_series1,2024,Topps,Series 1,Team Color Border Variations,,151,Seiya Suzuki,Chicago Cubs,Team Color Border Variations	151	Seiya Suzuki	Chicago Cubs,False
2024_topps_series1,2024,Topps,Series 1,Team Color Border Variations,,152,Lane Thomas,Washington Nationals,Team Color Border Variations	152	Lane Thomas	Washington Nationals,False
2024_topps_series1,2024,Topps,Series 1,Team Color Border Variations,,153,Kyle Finnegan,Washington Nationals,Team Color Border Variations	153	Kyle Finnegan	Washington Nationals,False
2024_topps_series1,2024,Topps,Series 1,Team Color Border Variations,,156,Corbin Carroll,Arizona Diamondbacks,Team Color Border Variations	156	Corbin Carroll	Arizona Diamondbacks,False
2024_topps_series1,2024,Topps,Series 1,Team Color Border Variations,,157,Trent Grisham,San Diego Padres,Team Color Border Variations	157	Trent Grisham	San Diego Padres,False
2024_topps_series1,2024,Topps,Series 1,Team Color Border Variations,,158,Yennier Cano,Baltimore Orioles,Team Color Border Variations	158	Yennier Cano	Baltimore Orioles,False
2024_topps_series1,2024,Topps,Series 1,Team Color Border Variations,,160,Ji Hwan Bae,Pittsburgh Pirates,Team Color Border Variations	160	Ji Hwan Bae	Pittsburgh Pirates,False
2024_topps_series1,2024,Topps,Series 1,Team Color Border Variations,,161,Elias Díaz,Colorado Rockies,Team Color Border Variations	161	Elias Díaz	Colorado Rockies,False
2024_topps_series1,2024,Topps,Series 1,Team Color Border Variations,,162,Matt Waldron,San Diego Padres,Team Color Border Variations	162	Matt Waldron	San Diego Padres,False
2024_topps_series1,2024,Topps,Series 1,Team Color Border Variations,,163,Alec Marsh,Kansas City Royals,Team Color Border Variations	163	Alec Marsh	Kansas City Royals,False
2024_topps_series1,2024,Topps,Series 1,Team Color Border Variations,,164,Dansby Swanson,Chicago Cubs,Team Color Border Variations	164	Dansby Swanson	Chicago Cubs,False
2024_topps_series1,2024,Topps,Series 1,Team Color Border Variations,,166,Zack Gelof,Oakland Athletics,Team Color Border Variations	166	Zack Gelof	Oakland Athletics,False
2024_topps_series1,2024,Topps,Series 1,Team Color Border Variations,,168,Nick Gonzales,Pittsburgh Pirates,Team Color Border Variations	168	Nick Gonzales	Pittsburgh Pirates,False
2024_topps_series1,2024,Topps,Series 1,Team Color Border Variations,,169,Tyler O'Neill,St. Louis Cardinals,Team Color Border Variations	169	Tyler O'Neill	St. Louis Cardinals,False
2024_topps_series1,2024,Topps,Series 1,Team Color Border Variations,,170,Aaron Civale,Tampa Bay Rays,Team Color Border Variations	170	Aaron Civale	Tampa Bay Rays,False
2024_topps_series1,2024,Topps,Series 1,Team Color Border Variations,,171,Jacob deGrom,Texas Rangers,Team Color Border Variations	171	Jacob deGrom	Texas Rangers,False
2024_topps_series1,2024,Topps,Series 1,Team Color Border Variations,,172,Spencer Horwitz,Toronto Blue Jays,Team Color Border Variations	172	Spencer Horwitz	Toronto Blue Jays,False
2024_topps_series1,2024,Topps,Series 1,Team Color Border Variations,,173,Brady Singer,Kansas City Royals,Team Color Border Variations	173	Brady Singer	Kansas City Royals,False
2024_topps_series1,2024,Topps,Series 1,Team Color Border Variations,,174,Nathaniel Lowe,Texas Rangers,Team Color Border Variations	174	Nathaniel Lowe	Texas Rangers,False
2024_topps_series1,2024,Topps,Series 1,Team Color Border Variations,,175,Joe Ryan,Minnesota Twins,Team Color Border Variations	175	Joe Ryan	Minnesota Twins,False
2024_topps_series1,2024,Topps,Series 1,Team Color Border Variations,,176,Taylor Rogers,San Francisco Giants,Team Color Border Variations	176	Taylor Rogers	San Francisco Giants,False
2024_topps_series1,2024,Topps,Series 1,Team Color Border Variations,,177,Jonathan India,Cincinnati Reds,Team Color Border Variations	177	Jonathan India	Cincinnati Reds,False
2024_topps_series1,2024,Topps,Series 1,Team Color Border Variations,,178,Daniel Palencia,Chicago Cubs,Team Color Border Variations	178	Daniel Palencia	Chicago Cubs,False
2024_topps_series1,2024,Topps,Series 1,Team Color Border Variations,,180,Anthony Volpe,New York Yankees	- Future Stars,Team Color Border Variations	180	Anthony Volpe	New York Yankees	- Future Stars,False
2024_topps_series1,2024,Topps,Series 1,Team Color Border Variations,,182,Jameson Taillon,Chicago Cubs,Team Color Border Variations	182	Jameson Taillon	Chicago Cubs,False
2024_topps_series1,2024,Topps,Series 1,Team Color Border Variations,,184,Anthony Rizzo,New York Yankees,Team Color Border Variations	184	Anthony Rizzo	New York Yankees,False
2024_topps_series1,2024,Topps,Series 1,Team Color Border Variations,,185,Spencer Torkelson,Detroit Tigers,Team Color Border Variations	185	Spencer Torkelson	Detroit Tigers,False
2024_topps_series1,2024,Topps,Series 1,Team Color Border Variations,,186,Brent Rooker,Oakland Athletics,Team Color Border Variations	186	Brent Rooker	Oakland Athletics,False
2024_topps_series1,2024,Topps,Series 1,Team Color Border Variations,,187,Joe Jacques,Boston Red Sox,Team Color Border Variations	187	Joe Jacques	Boston Red Sox,False
2024_topps_series1,2024,Topps,Series 1,Team Color Border Variations,,188,Dane Myers,Miami Marlins,Team Color Border Variations	188	Dane Myers	Miami Marlins,False
2024_topps_series1,2024,Topps,Series 1,Team Color Border Variations,,189,Davis Schneider,Toronto Blue Jays,Team Color Border Variations	189	Davis Schneider	Toronto Blue Jays,False
2024_topps_series1,2024,Topps,Series 1,Team Color Border Variations,,191,Bo Naylor,Cleveland Guardians	- Future Stars,Team Color Border Variations	191	Bo Naylor	Cleveland Guardians	- Future Stars,False
2024_topps_series1,2024,Topps,Series 1,Team Color Border Variations,,193,Brandon Walter,Boston Red Sox,Team Color Border Variations	193	Brandon Walter	Boston Red Sox,False
2024_topps_series1,2024,Topps,Series 1,Team Color Border Variations,,194,J.T. Realmuto,Philadelphia Phillies,Team Color Border Variations	194	J.T. Realmuto	Philadelphia Phillies,False
2024_topps_series1,2024,Topps,Series 1,Team Color Border Variations,,195,Dominic Canzone,Seattle Mariners,Team Color Border Variations	195	Dominic Canzone	Seattle Mariners,False
2024_topps_series1,2024,Topps,Series 1,Team Color Border Variations,,196,Walker Buehler,Los Angeles Dodgers,Team Color Border Variations	196	Walker Buehler	Los Angeles Dodgers,False
2024_topps_series1,2024,Topps,Series 1,Team Color Border Variations,,197,Eury Pérez,Miami Marlins	- Future Stars,Team Color Border Variations	197	Eury Pérez	Miami Marlins	- Future Stars,False
2024_topps_series1,2024,Topps,Series 1,Team Color Border Variations,,198,Kyle Freeland,Colorado Rockies,Team Color Border Variations	198	Kyle Freeland	Colorado Rockies,False
2024_topps_series1,2024,Topps,Series 1,Team Color Border Variations,,199,Leody Taveras,Texas Rangers,Team Color Border Variations	199	Leody Taveras	Texas Rangers,False
2024_topps_series1,2024,Topps,Series 1,Team Color Border Variations,,200,Bryce Harper,Philadelphia Phillies,Team Color Border Variations	200	Bryce Harper	Philadelphia Phillies,False
2024_topps_series1,2024,Topps,Series 1,Team Color Border Variations,,201,Miguel Cabrera,Detroit Tigers,Team Color Border Variations	201	Miguel Cabrera	Detroit Tigers,False
2024_topps_series1,2024,Topps,Series 1,Team Color Border Variations,,202,David Hamilton,Boston Red Sox,Team Color Border Variations	202	David Hamilton	Boston Red Sox,False
2024_topps_series1,2024,Topps,Series 1,Team Color Border Variations,,203,Chas McCormick,Houston Astros,Team Color Border Variations	203	Chas McCormick	Houston Astros,False
2024_topps_series1,2024,Topps,Series 1,Team Color Border Variations,,204,Nico Hoerner,Chicago Cubs,Team Color Border Variations	204	Nico Hoerner	Chicago Cubs,False
2024_topps_series1,2024,Topps,Series 1,Team Color Border Variations,,205,Joe Musgrove,San Diego Padres,Team Color Border Variations	205	Joe Musgrove	San Diego Padres,False
2024_topps_series1,2024,Topps,Series 1,Team Color Border Variations,,207,Luken Baker,St. Louis Cardinals,Team Color Border Variations	207	Luken Baker	St. Louis Cardinals,False
2024_topps_series1,2024,Topps,Series 1,Team Color Border Variations,,208,Royce Lewis,Minnesota Twins,Team Color Border Variations	208	Royce Lewis	Minnesota Twins,False
2024_topps_series1,2024,Topps,Series 1,Team Color Border Variations,,209,Johan Rojas,Philadelphia Phillies,Team Color Border Variations	209	Johan Rojas	Philadelphia Phillies,False
2024_topps_series1,2024,Topps,Series 1,Team Color Border Variations,,210,Gleyber Torres,New York Yankees,Team Color Border Variations	210	Gleyber Torres	New York Yankees,False
2024_topps_series1,2024,Topps,Series 1,Team Color Border Variations,,213,Camilo Doval,San Francisco Giants,Team Color Border Variations	213	Camilo Doval	San Francisco Giants,False
2024_topps_series1,2024,Topps,Series 1,Team Color Border Variations,,214,Andrew Abbott,Cincinnati Reds,Team Color Border Variations	214	Andrew Abbott	Cincinnati Reds,False
2024_topps_series1,2024,Topps,Series 1,Team Color Border Variations,,215,Bryan De La Cruz,Miami Marlins,Team Color Border Variations	215	Bryan De La Cruz	Miami Marlins,False
2024_topps_series1,2024,Topps,Series 1,Team Color Border Variations,,216,Kevin Gausman,Toronto Blue Jays,Team Color Border Variations	216	Kevin Gausman	Toronto Blue Jays,False
2024_topps_series1,2024,Topps,Series 1,Team Color Border Variations,,217,Luis Campusano,San Diego Padres,Team Color Border Variations	217	Luis Campusano	San Diego Padres,False
2024_topps_series1,2024,Topps,Series 1,Team Color Border Variations,,218,Ke'Bryan Hayes,Pittsburgh Pirates,Team Color Border Variations	218	Ke'Bryan Hayes	Pittsburgh Pirates,False
2024_topps_series1,2024,Topps,Series 1,Team Color Border Variations,,219,Christian Encarnacion-Stra,Cincinnati Reds,Team Color Border Variations	219	Christian Encarnacion-Stra	Cincinnati Reds,False
2024_topps_series1,2024,Topps,Series 1,Team Color Border Variations,,220,Framber Valdez,Houston Astros,Team Color Border Variations	220	Framber Valdez	Houston Astros,False
2024_topps_series1,2024,Topps,Series 1,Team Color Border Variations,,221,Charlie Morton,Atlanta Braves,Team Color Border Variations	221	Charlie Morton	Atlanta Braves,False
2024_topps_series1,2024,Topps,Series 1,Team Color Border Variations,,222,Zach Remillard,Chicago White Sox,Team Color Border Variations	222	Zach Remillard	Chicago White Sox,False
2024_topps_series1,2024,Topps,Series 1,Team Color Border Variations,,223,Jazz Chisholm Jr.,Miami Marlins,Team Color Border Variations	223	Jazz Chisholm Jr.	Miami Marlins,False
2024_topps_series1,2024,Topps,Series 1,Team Color Border Variations,,224,Ronny Mauricio,New York Mets,Team Color Border Variations	224	Ronny Mauricio	New York Mets,False
2024_topps_series1,2024,Topps,Series 1,Team Color Border Variations,,225,Brusdar Graterol,Los Angeles Dodgers,Team Color Border Variations	225	Brusdar Graterol	Los Angeles Dodgers,False
2024_topps_series1,2024,Topps,Series 1,Team Color Border Variations,,226,Grae Kessinger,Houston Astros,Team Color Border Variations	226	Grae Kessinger	Houston Astros,False
2024_topps_series1,2024,Topps,Series 1,Team Color Border Variations,,227,Jhoan Duran,Minnesota Twins,Team Color Border Variations	227	Jhoan Duran	Minnesota Twins,False
2024_topps_series1,2024,Topps,Series 1,Team Color Border Variations,,228,Masataka Yoshida,Boston Red Sox,Team Color Border Variations	228	Masataka Yoshida	Boston Red Sox,False
2024_topps_series1,2024,Topps,Series 1,Team Color Border Variations,,229,Ranger Suárez,Philadelphia Phillies,Team Color Border Variations	229	Ranger Suárez	Philadelphia Phillies,False
2024_topps_series1,2024,Topps,Series 1,Team Color Border Variations,,230,Mitch Keller,Pittsburgh Pirates,Team Color Border Variations	230	Mitch Keller	Pittsburgh Pirates,False
2024_topps_series1,2024,Topps,Series 1,Team Color Border Variations,,231,Eugenio Suárez,Seattle Mariners,Team Color Border Variations	231	Eugenio Suárez	Seattle Mariners,False
2024_topps_series1,2024,Topps,Series 1,Team Color Border Variations,,232,Marco Luciano,San Francisco Giants,Team Color Border Variations	232	Marco Luciano	San Francisco Giants,False
2024_topps_series1,2024,Topps,Series 1,Team Color Border Variations,,233,Jonny Deluca,Los Angeles Dodgers,Team Color Border Variations	233	Jonny Deluca	Los Angeles Dodgers,False
2024_topps_series1,2024,Topps,Series 1,Team Color Border Variations,,234,Wilmer Flores,San Francisco Giants,Team Color Border Variations	234	Wilmer Flores	San Francisco Giants,False
2024_topps_series1,2024,Topps,Series 1,Team Color Border Variations,,235,Jonah Heim,Texas Rangers,Team Color Border Variations	235	Jonah Heim	Texas Rangers,False
2024_topps_series1,2024,Topps,Series 1,Team Color Border Variations,,236,Patrick Corbin,Washington Nationals,Team Color Border Variations	236	Patrick Corbin	Washington Nationals,False
2024_topps_series1,2024,Topps,Series 1,Team Color Border Variations,,237,Jake Cronenworth,San Diego Padres,Team Color Border Variations	237	Jake Cronenworth	San Diego Padres,False
2024_topps_series1,2024,Topps,Series 1,Team Color Border Variations,,239,Keibert Ruiz,Washington Nationals,Team Color Border Variations	239	Keibert Ruiz	Washington Nationals,False
2024_topps_series1,2024,Topps,Series 1,Team Color Border Variations,,240,Andruw Monasterio,Milwaukee Brewers,Team Color Border Variations	240	Andruw Monasterio	Milwaukee Brewers,False
2024_topps_series1,2024,Topps,Series 1,Team Color Border Variations,,242,Gavin Williams,Cleveland Guardians,Team Color Border Variations	242	Gavin Williams	Cleveland Guardians,False
2024_topps_series1,2024,Topps,Series 1,Team Color Border Variations,,243,Michael Harris II,Atlanta Braves,Team Color Border Variations	243	Michael Harris II	Atlanta Braves,False
2024_topps_series1,2024,Topps,Series 1,Team Color Border Variations,,244,Tyler Soderstrom,Oakland Athletics,Team Color Border Variations	244	Tyler Soderstrom	Oakland Athletics,False
2024_topps_series1,2024,Topps,Series 1,Team Color Border Variations,,245,Michael Wacha,San Diego Padres,Team Color Border Variations	245	Michael Wacha	San Diego Padres,False
2024_topps_series1,2024,Topps,Series 1,Team Color Border Variations,,246,Chris Taylor,Los Angeles Dodgers,Team Color Border Variations	246	Chris Taylor	Los Angeles Dodgers,False
2024_topps_series1,2024,Topps,Series 1,Team Color Border Variations,,247,Clay Holmes,New York Yankees,Team Color Border Variations	247	Clay Holmes	New York Yankees,False
2024_topps_series1,2024,Topps,Series 1,Team Color Border Variations,,248,Tyler Anderson,Los Angeles Angels,Team Color Border Variations	248	Tyler Anderson	Los Angeles Angels,False
2024_topps_series1,2024,Topps,Series 1,Team Color Border Variations,,249,Luis Robert Jr.,Chicago White Sox,Team Color Border Variations	249	Luis Robert Jr.	Chicago White Sox,False
2024_topps_series1,2024,Topps,Series 1,Team Color Border Variations,,250,Mookie Betts,Los Angeles Dodgers,Team Color Border Variations	250	Mookie Betts	Los Angeles Dodgers,False
2024_topps_series1,2024,Topps,Series 1,Team Color Border Variations,,251,Tyler Wells,Baltimore Orioles,Team Color Border Variations	251	Tyler Wells	Baltimore Orioles,False
2024_topps_series1,2024,Topps,Series 1,Team Color Border Variations,,253,Josh Lowe,Tampa Bay Rays,Team Color Border Variations	253	Josh Lowe	Tampa Bay Rays,False
2024_topps_series1,2024,Topps,Series 1,Team Color Border Variations,,254,Bobby Witt Jr.,Kansas City Royals,Team Color Border Variations	254	Bobby Witt Jr.	Kansas City Royals,False
2024_topps_series1,2024,Topps,Series 1,Team Color Border Variations,,255,Andrew Vaughn,Chicago White Sox,Team Color Border Variations	255	Andrew Vaughn	Chicago White Sox,False
2024_topps_series1,2024,Topps,Series 1,Team Color Border Variations,,256,Harold Ramírez,Tampa Bay Rays,Team Color Border Variations	256	Harold Ramírez	Tampa Bay Rays,False
2024_topps_series1,2024,Topps,Series 1,Team Color Border Variations,,257,Colton Cowser,Baltimore Orioles,Team Color Border Variations	257	Colton Cowser	Baltimore Orioles,False
2024_topps_series1,2024,Topps,Series 1,Team Color Border Variations,,258,Nathan Eovaldi,Texas Rangers,Team Color Border Variations	258	Nathan Eovaldi	Texas Rangers,False
2024_topps_series1,2024,Topps,Series 1,Team Color Border Variations,,259,Justin Lawrence,Colorado Rockies,Team Color Border Variations	259	Justin Lawrence	Colorado Rockies,False
2024_topps_series1,2024,Topps,Series 1,Team Color Border Variations,,261,Jake Fraley,Cincinnati Reds,Team Color Border Variations	261	Jake Fraley	Cincinnati Reds,False
2024_topps_series1,2024,Topps,Series 1,Team Color Border Variations,,262,Zack Wheeler,Philadelphia Phillies,Team Color Border Variations	262	Zack Wheeler	Philadelphia Phillies,False
2024_topps_series1,2024,Topps,Series 1,Team Color Border Variations,,263,Jordan Balazovic,Minnesota Twins,Team Color Border Variations	263	Jordan Balazovic	Minnesota Twins,False
2024_topps_series1,2024,Topps,Series 1,Team Color Border Variations,,264,Clarke Schmidt,New York Yankees,Team Color Border Variations	264	Clarke Schmidt	New York Yankees,False
2024_topps_series1,2024,Topps,Series 1,Team Color Border Variations,,265,Alika Williams,Pittsburgh Pirates,Team Color Border Variations	265	Alika Williams	Pittsburgh Pirates,False
2024_topps_series1,2024,Topps,Series 1,Team Color Border Variations,,266,Alec Bohm,Philadelphia Phillies,Team Color Border Variations	266	Alec Bohm	Philadelphia Phillies,False
2024_topps_series1,2024,Topps,Series 1,Team Color Border Variations,,267,Kenley Jansen,Boston Red Sox,Team Color Border Variations	267	Kenley Jansen	Boston Red Sox,False
2024_topps_series1,2024,Topps,Series 1,Team Color Border Variations,,268,Gabriel Moreno,Arizona Diamondbacks	- Future Stars,Team Color Border Variations	268	Gabriel Moreno	Arizona Diamondbacks	- Future Stars,False
2024_topps_series1,2024,Topps,Series 1,Team Color Border Variations,,269,Cristian Javier,Houston Astros,Team Color Border Variations	269	Cristian Javier	Houston Astros,False
2024_topps_series1,2024,Topps,Series 1,Team Color Border Variations,,270,Victor Mederos,Los Angeles Angels,Team Color Border Variations	270	Victor Mederos	Los Angeles Angels,False
2024_topps_series1,2024,Topps,Series 1,Team Color Border Variations,,271,Paul Sewald,Arizona Diamondbacks,Team Color Border Variations	271	Paul Sewald	Arizona Diamondbacks,False
2024_topps_series1,2024,Topps,Series 1,Team Color Border Variations,,272,José Berríos,Toronto Blue Jays,Team Color Border Variations	272	José Berríos	Toronto Blue Jays,False
2024_topps_series1,2024,Topps,Series 1,Team Color Border Variations,,273,Yordan Alvarez,Houston Astros,Team Color Border Variations	273	Yordan Alvarez	Houston Astros,False
2024_topps_series1,2024,Topps,Series 1,Team Color Border Variations,,274,Riley Greene,Detroit Tigers	- Future Stars,Team Color Border Variations	274	Riley Greene	Detroit Tigers	- Future Stars,False
2024_topps_series1,2024,Topps,Series 1,Team Color Border Variations,,277,Matt Manning,Detroit Tigers,Team Color Border Variations	277	Matt Manning	Detroit Tigers,False
2024_topps_series1,2024,Topps,Series 1,Team Color Border Variations,,278,Shea Langeliers,Oakland Athletics,Team Color Border Variations	278	Shea Langeliers	Oakland Athletics,False
2024_topps_series1,2024,Topps,Series 1,Team Color Border Variations,,280,Evan Carter,Texas Rangers,Team Color Border Variations	280	Evan Carter	Texas Rangers,False
2024_topps_series1,2024,Topps,Series 1,Team Color Border Variations,,281,Jared Triolo,Pittsburgh Pirates,Team Color Border Variations	281	Jared Triolo	Pittsburgh Pirates,False
2024_topps_series1,2024,Topps,Series 1,Team Color Border Variations,,282,Alek Thomas,Arizona Diamondbacks,Team Color Border Variations	282	Alek Thomas	Arizona Diamondbacks,False
2024_topps_series1,2024,Topps,Series 1,Team Color Border Variations,,283,Emmet Sheehan,Los Angeles Dodgers,Team Color Border Variations	283	Emmet Sheehan	Los Angeles Dodgers,False
2024_topps_series1,2024,Topps,Series 1,Team Color Border Variations,,284,Randy Arozarena,Tampa Bay Rays,Team Color Border Variations	284	Randy Arozarena	Tampa Bay Rays,False
2024_topps_series1,2024,Topps,Series 1,Team Color Border Variations,,285,Willi Castro,Minnesota Twins,Team Color Border Variations	285	Willi Castro	Minnesota Twins,False
2024_topps_series1,2024,Topps,Series 1,Team Color Border Variations,,286,Cade Marlowe,Seattle Mariners,Team Color Border Variations	286	Cade Marlowe	Seattle Mariners,False
2024_topps_series1,2024,Topps,Series 1,Team Color Border Variations,,287,Miles Mikolas,St. Louis Cardinals,Team Color Border Variations	287	Miles Mikolas	St. Louis Cardinals,False
2024_topps_series1,2024,Topps,Series 1,Team Color Border Variations,,289,Andrés Giménez,Cleveland Guardians,Team Color Border Variations	289	Andrés Giménez	Cleveland Guardians,False
2024_topps_series1,2024,Topps,Series 1,Team Color Border Variations,,290,Thairo Estrada,San Francisco Giants,Team Color Border Variations	290	Thairo Estrada	San Francisco Giants,False
2024_topps_series1,2024,Topps,Series 1,Team Color Border Variations,,291,Seth Lugo,San Diego Padres,Team Color Border Variations	291	Seth Lugo	San Diego Padres,False
2024_topps_series1,2024,Topps,Series 1,Team Color Border Variations,,292,Kodai Senga,New York Mets,Team Color Border Variations	292	Kodai Senga	New York Mets,False
2024_topps_series1,2024,Topps,Series 1,Team Color Border Variations,,294,Tarik Skubal,Detroit Tigers,Team Color Border Variations	294	Tarik Skubal	Detroit Tigers,False
2024_topps_series1,2024,Topps,Series 1,Team Color Border Variations,,295,Henry Davis,Pittsburgh Pirates,Team Color Border Variations	295	Henry Davis	Pittsburgh Pirates,False
2024_topps_series1,2024,Topps,Series 1,Team Color Border Variations,,296,Willson Contreras,St. Louis Cardinals,Team Color Border Variations	296	Willson Contreras	St. Louis Cardinals,False
2024_topps_series1,2024,Topps,Series 1,Team Color Border Variations,,297,Alexis Díaz,Cincinnati Reds,Team Color Border Variations	297	Alexis Díaz	Cincinnati Reds,False
2024_topps_series1,2024,Topps,Series 1,Team Color Border Variations,,298,Logan O'Hoppe,Los Angeles Angels	- Future Stars,Team Color Border Variations	298	Logan O'Hoppe	Los Angeles Angels	- Future Stars,False
2024_topps_series1,2024,Topps,Series 1,Team Color Border Variations,,299,Luis Arraez,Miami Marlins,Team Color Border Variations	299	Luis Arraez	Miami Marlins,False
2024_topps_series1,2024,Topps,Series 1,Team Color Border Variations,,300,Enmanuel Valdez,Boston Red Sox,Team Color Border Variations	300	Enmanuel Valdez	Boston Red Sox,False
2024_topps_series1,2024,Topps,Series 1,Team Color Border Variations,,303,Connor Joe,Pittsburgh Pirates,Team Color Border Variations	303	Connor Joe	Pittsburgh Pirates,False
2024_topps_series1,2024,Topps,Series 1,Team Color Border Variations,,304,Evan Longoria,Arizona Diamondbacks,Team Color Border Variations	304	Evan Longoria	Arizona Diamondbacks,False
2024_topps_series1,2024,Topps,Series 1,Team Color Border Variations,,305,José Fermín,St. Louis Cardinals,Team Color Border Variations	305	José Fermín	St. Louis Cardinals,False
2024_topps_series1,2024,Topps,Series 1,Team Color Border Variations,,306,Andrew Benintendi,Chicago White Sox,Team Color Border Variations	306	Andrew Benintendi	Chicago White Sox,False
2024_topps_series1,2024,Topps,Series 1,Team Color Border Variations,,307,Austin Hays,Baltimore Orioles,Team Color Border Variations	307	Austin Hays	Baltimore Orioles,False
2024_topps_series1,2024,Topps,Series 1,Team Color Border Variations,,308,Reese Olson,Detroit Tigers,Team Color Border Variations	308	Reese Olson	Detroit Tigers,False
2024_topps_series1,2024,Topps,Series 1,Team Color Border Variations,,310,Abner Uribe,Milwaukee Brewers,Team Color Border Variations	310	Abner Uribe	Milwaukee Brewers,False
2024_topps_series1,2024,Topps,Series 1,Team Color Border Variations,,311,Will Brennan,Cleveland Guardians,Team Color Border Variations	311	Will Brennan	Cleveland Guardians,False
2024_topps_series1,2024,Topps,Series 1,Team Color Border Variations,,312,Steven Kwan,Cleveland Guardians,Team Color Border Variations	312	Steven Kwan	Cleveland Guardians,False
2024_topps_series1,2024,Topps,Series 1,Team Color Border Variations,,313,Ceddanne Rafaela,Boston Red Sox,Team Color Border Variations	313	Ceddanne Rafaela	Boston Red Sox,False
2024_topps_series1,2024,Topps,Series 1,Team Color Border Variations,,314,Max Muncy,Los Angeles Dodgers,Team Color Border Variations	314	Max Muncy	Los Angeles Dodgers,False
2024_topps_series1,2024,Topps,Series 1,Team Color Border Variations,,317,Starling Marte,New York Mets,Team Color Border Variations	317	Starling Marte	New York Mets,False
2024_topps_series1,2024,Topps,Series 1,Team Color Border Variations,,318,Justin Steele,Chicago Cubs,Team Color Border Variations	318	Justin Steele	Chicago Cubs,False
2024_topps_series1,2024,Topps,Series 1,Team Color Border Variations,,319,Miguel Amaya,Chicago Cubs,Team Color Border Variations	319	Miguel Amaya	Chicago Cubs,False
2024_topps_series1,2024,Topps,Series 1,Team Color Border Variations,,321,Trey Cabbage,Los Angeles Angels,Team Color Border Variations	321	Trey Cabbage	Los Angeles Angels,False
2024_topps_series1,2024,Topps,Series 1,Team Color Border Variations,,322,Brendan Rodgers,Colorado Rockies,Team Color Border Variations	322	Brendan Rodgers	Colorado Rockies,False
2024_topps_series1,2024,Topps,Series 1,Team Color Border Variations,,323,Braxton Garrett,Miami Marlins,Team Color Border Variations	323	Braxton Garrett	Miami Marlins,False
2024_topps_series1,2024,Topps,Series 1,Team Color Border Variations,,325,Justin Martinez,Arizona Diamondbacks,Team Color Border Variations	325	Justin Martinez	Arizona Diamondbacks,False
2024_topps_series1,2024,Topps,Series 1,Team Color Border Variations,,326,Mauricio Dubón,Houston Astros,Team Color Border Variations	326	Mauricio Dubón	Houston Astros,False
2024_topps_series1,2024,Topps,Series 1,Team Color Border Variations,,327,Matt McLain,Cincinnati Reds,Team Color Border Variations	327	Matt McLain	Cincinnati Reds,False
2024_topps_series1,2024,Topps,Series 1,Team Color Border Variations,,328,Patrick Wisdom,Chicago Cubs,Team Color Border Variations	328	Patrick Wisdom	Chicago Cubs,False
2024_topps_series1,2024,Topps,Series 1,Team Color Border Variations,,330,Vladimir Guerrero Jr.,Toronto Blue Jays,Team Color Border Variations	330	Vladimir Guerrero Jr.	Toronto Blue Jays,False
2024_topps_series1,2024,Topps,Series 1,Team Color Border Variations,,331,Ryan Pressly,Houston Astros,Team Color Border Variations	331	Ryan Pressly	Houston Astros,False
2024_topps_series1,2024,Topps,Series 1,Team Color Border Variations,,332,Taylor Ward,Los Angeles Angels,Team Color Border Variations	332	Taylor Ward	Los Angeles Angels,False
2024_topps_series1,2024,Topps,Series 1,Team Color Border Variations,,333,Jo Adell,Los Angeles Angels,Team Color Border Variations	333	Jo Adell	Los Angeles Angels,False
2024_topps_series1,2024,Topps,Series 1,Team Color Border Variations,,335,Ryan O'Hearn,Baltimore Orioles,Team Color Border Variations	335	Ryan O'Hearn	Baltimore Orioles,False
2024_topps_series1,2024,Topps,Series 1,Team Color Border Variations,,336,Dean Kremer,Baltimore Orioles,Team Color Border Variations	336	Dean Kremer	Baltimore Orioles,False
2024_topps_series1,2024,Topps,Series 1,Team Color Border Variations,,337,Hayden Wesneski,Chicago Cubs,Team Color Border Variations	337	Hayden Wesneski	Chicago Cubs,False
2024_topps_series1,2024,Topps,Series 1,Team Color Border Variations,,338,Nick Senzel,Cincinnati Reds,Team Color Border Variations	338	Nick Senzel	Cincinnati Reds,False
2024_topps_series1,2024,Topps,Series 1,Team Color Border Variations,,339,Logan Allen,Cleveland Guardians,Team Color Border Variations	339	Logan Allen	Cleveland Guardians,False
2024_topps_series1,2024,Topps,Series 1,Team Color Border Variations,,341,Elehuris Montero,Colorado Rockies,Team Color Border Variations	341	Elehuris Montero	Colorado Rockies,False
2024_topps_series1,2024,Topps,Series 1,Team Color Border Variations,,343,Rowdy Tellez,Milwaukee Brewers,Team Color Border Variations	343	Rowdy Tellez	Milwaukee Brewers,False
2024_topps_series1,2024,Topps,Series 1,Team Color Border Variations,,344,Ryan Jeffers,Minnesota Twins,Team Color Border Variations	344	Ryan Jeffers	Minnesota Twins,False
2024_topps_series1,2024,Topps,Series 1,Team Color Border Variations,,345,Daniel Vogelbach,New York Mets,Team Color Border Variations	345	Daniel Vogelbach	New York Mets,False
2024_topps_series1,2024,Topps,Series 1,Team Color Border Variations,,346,Patrick Bailey,San Francisco Giants,Team Color Border Variations	346	Patrick Bailey	San Francisco Giants,False
2024_topps_series1,2024,Topps,Series 1,Team Color Border Variations,,347,Manuel Margot,Tampa Bay Rays,Team Color Border Variations	347	Manuel Margot	Tampa Bay Rays,False
2024_topps_series1,2024,Topps,Series 1,Team Color Border Variations,,348,Dane Dunning,Texas Rangers,Team Color Border Variations	348	Dane Dunning	Texas Rangers,False
2024_topps_series1,2024,Topps,Series 1,Team Color Border Variations,,349,Danny Jansen,Toronto Blue Jays,Team Color Border Variations	349	Danny Jansen	Toronto Blue Jays,False
2024_topps_series1,2024,Topps,Series 1,Team Color Border Variations,,350,Matt Olson,Atlanta Braves,Team Color Border Variations	350	Matt Olson	Atlanta Braves,False
2024_topps_series1,2024,Topps,Series 1,Topps Mega Star,,TMS-1,Mike Trout,Los Angeles Angels,Topps Mega Star	TMS-1	Mike Trout	Los Angeles Angels,False
2024_topps_series1,2024,Topps,Series 1,Topps Mega Star,,TMS-2,Shohei Ohtani,Los Angeles Angels,Topps Mega Star	TMS-2	Shohei Ohtani	Los Angeles Angels,False
2024_topps_series1,2024,Topps,Series 1,Topps Mega Star,,TMS-3,Ronald Acuña Jr.,Atlanta Braves,Topps Mega Star	TMS-3	Ronald Acuña Jr.	Atlanta Braves,False
2024_topps_series1,2024,Topps,Series 1,Topps Mega Star,,TMS-4,Adley Rutschman,Baltimore Orioles,Topps Mega Star	TMS-4	Adley Rutschman	Baltimore Orioles,False
2024_topps_series1,2024,Topps,Series 1,Topps Mega Star,,TMS-5,Elly De La Cruz,Cincinnati Reds,Topps Mega Star	TMS-5	Elly De La Cruz	Cincinnati Reds,False
2024_topps_series1,2024,Topps,Series 1,Topps Mega Star,,TMS-6,Yordan Alvarez,Houston Astros,Topps Mega Star	TMS-6	Yordan Alvarez	Houston Astros,False
2024_topps_series1,2024,Topps,Series 1,Topps Mega Star,,TMS-7,Freddie Freeman,Los Angeles Dodgers,Topps Mega Star	TMS-7	Freddie Freeman	Los Angeles Dodgers,False
2024_topps_series1,2024,Topps,Series 1,Topps Mega Star,,TMS-8,Mookie Betts,Los Angeles Dodgers,Topps Mega Star	TMS-8	Mookie Betts	Los Angeles Dodgers,False
2024_topps_series1,2024,Topps,Series 1,Topps Mega Star,,TMS-9,Pete Alonso,New York Mets,Topps Mega Star	TMS-9	Pete Alonso	New York Mets,False
2024_topps_series1,2024,Topps,Series 1,Topps Mega Star,,TMS-10,Aaron Judge,New York Yankees,Topps Mega Star	TMS-10	Aaron Judge	New York Yankees,False
2024_topps_series1,2024,Topps,Series 1,Topps Mega Star,,TMS-11,Bryce Harper,Philadelphia Phillies,Topps Mega Star	TMS-11	Bryce Harper	Philadelphia Phillies,False
2024_topps_series1,2024,Topps,Series 1,Topps Mega Star,,TMS-12,Fernando Tatis Jr.,San Diego Padres,Topps Mega Star	TMS-12	Fernando Tatis Jr.	San Diego Padres,False
2024_topps_series1,2024,Topps,Series 1,Topps Mega Star,,TMS-13,Juan Soto,San Diego Padres,Topps Mega Star	TMS-13	Juan Soto	San Diego Padres,False
2024_topps_series1,2024,Topps,Series 1,Topps Mega Star,,TMS-14,Julio Rodríguez,Seattle Mariners,Topps Mega Star	TMS-14	Julio Rodríguez	Seattle Mariners,False
2024_topps_series1,2024,Topps,Series 1,Topps Mega Star,,TMS-15,Paul Goldschmidt,St. Louis Cardinals,Topps Mega Star	TMS-15	Paul Goldschmidt	St. Louis Cardinals,False
2024_topps_series1,2024,Topps,Series 1,Topps Mega Star,,TMS-16,Nolan Arenado,St. Louis Cardinals,Topps Mega Star	TMS-16	Nolan Arenado	St. Louis Cardinals,False
2024_topps_series1,2024,Topps,Series 1,Topps Mega Star,,TMS-17,Marco Luciano,San Francisco Giants,Topps Mega Star	TMS-17	Marco Luciano	San Francisco Giants,False
2024_topps_series1,2024,Topps,Series 1,Topps Mega Star,,TMS-18,Vladimir Guerrero Jr.,Toronto Blue Jays,Topps Mega Star	TMS-18	Vladimir Guerrero Jr.	Toronto Blue Jays,False
2024_topps_series1,2024,Topps,Series 1,Topps Mega Star,,TMS-19,Henry Davis,Pittsburgh Pirates,Topps Mega Star	TMS-19	Henry Davis	Pittsburgh Pirates,False
2024_topps_series1,2024,Topps,Series 1,Topps Mega Star,,TMS-20,Colton Cowser,Baltimore Orioles,Topps Mega Star	TMS-20	Colton Cowser	Baltimore Orioles,False
2024_topps_series1,2024,Topps,Series 1,Topps Reverence Autograph Patch,,TRAP-AB,Adrián Beltré,Texas Rangers,Topps Reverence Autograph Patch	TRAP-AB	Adrián Beltré	Texas Rangers,False
2024_topps_series1,2024,Topps,Series 1,Topps Reverence Autograph Patch,,TRAP-AJ,Aaron Judge,New York Yankees,Topps Reverence Autograph Patch	TRAP-AJ	Aaron Judge	New York Yankees,False
2024_topps_series1,2024,Topps,Series 1,Topps Reverence Autograph Patch,,TRAP-AR,Anthony Rizzo,New York Yankees,Topps Reverence Autograph Patch	TRAP-AR	Anthony Rizzo	New York Yankees,False
2024_topps_series1,2024,Topps,Series 1,Topps Reverence Autograph Patch,,TRAP-ARI,Austin Riley,Atlanta Braves,Topps Reverence Autograph Patch	TRAP-ARI	Austin Riley	Atlanta Braves,False
2024_topps_series1,2024,Topps,Series 1,Topps Reverence Autograph Patch,,TRAP-ARU,Adley Rutschman,Baltimore Orioles,Topps Reverence Autograph Patch	TRAP-ARU	Adley Rutschman	Baltimore Orioles,False
2024_topps_series1,2024,Topps,Series 1,Topps Reverence Autograph Patch,,TRAP-AV,Anthony Volpe,New York Yankees,Topps Reverence Autograph Patch	TRAP-AV	Anthony Volpe	New York Yankees,False
2024_topps_series1,2024,Topps,Series 1,Topps Reverence Autograph Patch,,TRAP-BB,Byron Buxton,Minnesota Twins,Topps Reverence Autograph Patch	TRAP-BB	Byron Buxton	Minnesota Twins,False
2024_topps_series1,2024,Topps,Series 1,Topps Reverence Autograph Patch,,TRAP-BH,Bryce Harper,Philadelphia Phillies,Topps Reverence Autograph Patch	TRAP-BH	Bryce Harper	Philadelphia Phillies,False
2024_topps_series1,2024,Topps,Series 1,Topps Reverence Autograph Patch,,TRAP-CB,Corbin Burnes,Milwaukee Brewers,Topps Reverence Autograph Patch	TRAP-CB	Corbin Burnes	Milwaukee Brewers,False
2024_topps_series1,2024,Topps,Series 1,Topps Reverence Autograph Patch,,TRAP-CBI,Craig Biggio,Houston Astros,Topps Reverence Autograph Patch	TRAP-CBI	Craig Biggio	Houston Astros,False
2024_topps_series1,2024,Topps,Series 1,Topps Reverence Autograph Patch,,TRAP-CC,Corbin Carroll,Arizona Diamondbacks,Topps Reverence Autograph Patch	TRAP-CC	Corbin Carroll	Arizona Diamondbacks,False
2024_topps_series1,2024,Topps,Series 1,Topps Reverence Autograph Patch,,TRAP-CCS,CC Sabathia,New York Yankees,Topps Reverence Autograph Patch	TRAP-CCS	CC Sabathia	New York Yankees,False
2024_topps_series1,2024,Topps,Series 1,Topps Reverence Autograph Patch,,TRAP-CJ,Chipper Jones,Atlanta Braves,Topps Reverence Autograph Patch	TRAP-CJ	Chipper Jones	Atlanta Braves,False
2024_topps_series1,2024,Topps,Series 1,Topps Reverence Autograph Patch,,TRAP-CR,Cal Ripken Jr.,Baltimore Orioles,Topps Reverence Autograph Patch	TRAP-CR	Cal Ripken Jr.	Baltimore Orioles,False
2024_topps_series1,2024,Topps,Series 1,Topps Reverence Autograph Patch,,TRAP-CY,Christian Yelich,Milwaukee Brewers,Topps Reverence Autograph Patch	TRAP-CY	Christian Yelich	Milwaukee Brewers,False
2024_topps_series1,2024,Topps,Series 1,Topps Reverence Autograph Patch,,TRAP-DJ,Derek Jeter,New York Yankees,Topps Reverence Autograph Patch	TRAP-DJ	Derek Jeter	New York Yankees,False
2024_topps_series1,2024,Topps,Series 1,Topps Reverence Autograph Patch,,TRAP-DO,David Ortiz,Boston Red Sox,Topps Reverence Autograph Patch	TRAP-DO	David Ortiz	Boston Red Sox,False
2024_topps_series1,2024,Topps,Series 1,Topps Reverence Autograph Patch,,TRAP-DP,Dustin Pedroia,Boston Red Sox,Topps Reverence Autograph Patch	TRAP-DP	Dustin Pedroia	Boston Red Sox,False
2024_topps_series1,2024,Topps,Series 1,Topps Reverence Autograph Patch,,TRAP-DW,David Wright,New York Mets,Topps Reverence Autograph Patch	TRAP-DW	David Wright	New York Mets,False
2024_topps_series1,2024,Topps,Series 1,Topps Reverence Autograph Patch,,TRAP-ED,Elly De La Cruz,Cincinnati Reds,Topps Reverence Autograph Patch	TRAP-ED	Elly De La Cruz	Cincinnati Reds,False
2024_topps_series1,2024,Topps,Series 1,Topps Reverence Autograph Patch,,TRAP-FT,Fernando Tatis Jr.,San Diego Padres,Topps Reverence Autograph Patch	TRAP-FT	Fernando Tatis Jr.	San Diego Padres,False
2024_topps_series1,2024,Topps,Series 1,Topps Reverence Autograph Patch,,TRAP-FTH,Frank Thomas,Chicago White Sox,Topps Reverence Autograph Patch	TRAP-FTH	Frank Thomas	Chicago White Sox,False
2024_topps_series1,2024,Topps,Series 1,Topps Reverence Autograph Patch,,TRAP-GC,Gerrit Cole,New York Yankees,Topps Reverence Autograph Patch	TRAP-GC	Gerrit Cole	New York Yankees,False
2024_topps_series1,2024,Topps,Series 1,Topps Reverence Autograph Patch,,TRAP-GS,George Springer,Toronto Blue Jays,Topps Reverence Autograph Patch	TRAP-GS	George Springer	Toronto Blue Jays,False
2024_topps_series1,2024,Topps,Series 1,Topps Reverence Autograph Patch,,TRAP-HG,Hunter Greene,Cincinnati Reds,Topps Reverence Autograph Patch	TRAP-HG	Hunter Greene	Cincinnati Reds,False
2024_topps_series1,2024,Topps,Series 1,Topps Reverence Autograph Patch,,TRAP-JA,Jose Altuve,Houston Astros,Topps Reverence Autograph Patch	TRAP-JA	Jose Altuve	Houston Astros,False
2024_topps_series1,2024,Topps,Series 1,Topps Reverence Autograph Patch,,TRAP-JCJ,Jazz Chisholm Jr.,Miami Marlins,Topps Reverence Autograph Patch	TRAP-JCJ	Jazz Chisholm Jr.	Miami Marlins,False
2024_topps_series1,2024,Topps,Series 1,Topps Reverence Autograph Patch,,TRAP-JD,Jasson Domínguez,New York Yankees,Topps Reverence Autograph Patch	TRAP-JD	Jasson Domínguez	New York Yankees,False
2024_topps_series1,2024,Topps,Series 1,Topps Reverence Autograph Patch,,TRAP-JL,Jordan Lawlar,Arizona Diamondbacks,Topps Reverence Autograph Patch	TRAP-JL	Jordan Lawlar	Arizona Diamondbacks,False
2024_topps_series1,2024,Topps,Series 1,Topps Reverence Autograph Patch,,TRAP-JRA,José Ramírez,Cleveland Guardians,Topps Reverence Autograph Patch	TRAP-JRA	José Ramírez	Cleveland Guardians,False
2024_topps_series1,2024,Topps,Series 1,Topps Reverence Autograph Patch,,TRAP-JROD,Julio Rodríguez,Seattle Mariners,Topps Reverence Autograph Patch	TRAP-JROD	Julio Rodríguez	Seattle Mariners,False
2024_topps_series1,2024,Topps,Series 1,Topps Reverence Autograph Patch,,TRAP-JS,Juan Soto,San Diego Padres,Topps Reverence Autograph Patch	TRAP-JS	Juan Soto	San Diego Padres,False
2024_topps_series1,2024,Topps,Series 1,Topps Reverence Autograph Patch,,TRAP-JSM,John Smoltz,Atlanta Braves,Topps Reverence Autograph Patch	TRAP-JSM	John Smoltz	Atlanta Braves,False
2024_topps_series1,2024,Topps,Series 1,Topps Reverence Autograph Patch,,TRAP-JVO,Joey Votto,Cincinnati Reds,Topps Reverence Autograph Patch	TRAP-JVO	Joey Votto	Cincinnati Reds,False
2024_topps_series1,2024,Topps,Series 1,Topps Reverence Autograph Patch,,TRAP-LW,Larry Walker,Colorado Rockies,Topps Reverence Autograph Patch	TRAP-LW	Larry Walker	Colorado Rockies,False
2024_topps_series1,2024,Topps,Series 1,Topps Reverence Autograph Patch,,TRAP-MC,Matt Chapman,Toronto Blue Jays,Topps Reverence Autograph Patch	TRAP-MC	Matt Chapman	Toronto Blue Jays,False
2024_topps_series1,2024,Topps,Series 1,Topps Reverence Autograph Patch,,TRAP-MMU,Max Muncy,Los Angeles Dodgers,Topps Reverence Autograph Patch	TRAP-MMU	Max Muncy	Los Angeles Dodgers,False
2024_topps_series1,2024,Topps,Series 1,Topps Reverence Autograph Patch,,TRAP-MP,Mike Piazza,New York Mets,Topps Reverence Autograph Patch	TRAP-MP	Mike Piazza	New York Mets,False
2024_topps_series1,2024,Topps,Series 1,Topps Reverence Autograph Patch,,TRAP-MT,Mike Trout,Los Angeles Angels,Topps Reverence Autograph Patch	TRAP-MT	Mike Trout	Los Angeles Angels,False
2024_topps_series1,2024,Topps,Series 1,Topps Reverence Autograph Patch,,TRAP-OA,Ozzie Albies,Atlanta Braves,Topps Reverence Autograph Patch	TRAP-OA	Ozzie Albies	Atlanta Braves,False
2024_topps_series1,2024,Topps,Series 1,Topps Reverence Autograph Patch,,TRAP-OS,Ozzie Smith,St. Louis Cardinals,Topps Reverence Autograph Patch	TRAP-OS	Ozzie Smith	St. Louis Cardinals,False
2024_topps_series1,2024,Topps,Series 1,Topps Reverence Autograph Patch,,TRAP-PG,Paul Goldschmidt,St. Louis Cardinals,Topps Reverence Autograph Patch	TRAP-PG	Paul Goldschmidt	St. Louis Cardinals,False
2024_topps_series1,2024,Topps,Series 1,Topps Reverence Autograph Patch,,TRAP-RAJ,Ronald Acuña Jr.,Atlanta Braves,Topps Reverence Autograph Patch	TRAP-RAJ	Ronald Acuña Jr.	Atlanta Braves,False
2024_topps_series1,2024,Topps,Series 1,Topps Reverence Autograph Patch,,TRAP-RM,Ryan Mountcastle,Baltimore Orioles,Topps Reverence Autograph Patch	TRAP-RM	Ryan Mountcastle	Baltimore Orioles,False
2024_topps_series1,2024,Topps,Series 1,Topps Reverence Autograph Patch,,TRAP-SCH,Mike Schmidt,Philadelphia Phillies,Topps Reverence Autograph Patch	TRAP-SCH	Mike Schmidt	Philadelphia Phillies,False
2024_topps_series1,2024,Topps,Series 1,Topps Reverence Autograph Patch,,TRAP-SO,Shohei Ohtani,Los Angeles Angels,Topps Reverence Autograph Patch	TRAP-SO	Shohei Ohtani	Los Angeles Angels,False
2024_topps_series1,2024,Topps,Series 1,Topps Reverence Autograph Patch,,TRAP-SR,Scott Rolen,Cincinnati Reds,Topps Reverence Autograph Patch	TRAP-SR	Scott Rolen	Cincinnati Reds,False
2024_topps_series1,2024,Topps,Series 1,Topps Reverence Autograph Patch,,TRAP-TG,Tom Glavine,New York Mets,Topps Reverence Autograph Patch	TRAP-TG	Tom Glavine	New York Mets,False
2024_topps_series1,2024,Topps,Series 1,Topps Reverence Autograph Patch,,TRAP-TGL,Tom Glavine,Atlanta Braves,Topps Reverence Autograph Patch	TRAP-TGL	Tom Glavine	Atlanta Braves,False
2024_topps_series1,2024,Topps,Series 1,Topps Reverence Autograph Patch,,TRAP-VG,Vladimir Guerrero Jr.,Toronto Blue Jays,Topps Reverence Autograph Patch	TRAP-VG	Vladimir Guerrero Jr.	Toronto Blue Jays,False
2024_topps_series1,2024,Topps,Series 1,Topps Reverence Autograph Patch,,TRAP-YA,Yordan Alvarez,Houston Astros,Topps Reverence Autograph Patch	TRAP-YA	Yordan Alvarez	Houston Astros,False
2024_topps_series1,2024,Topps,Series 1,World Champion Autographs,,WSA-AC,Aroldis Chapman,Texas Rangers,World Champion Autographs	WSA-AC	Aroldis Chapman	Texas Rangers,False
2024_topps_series1,2024,Topps,Series 1,World Champion Autographs,,WSA-AG,Adolis García,Texas Rangers,World Champion Autographs	WSA-AG	Adolis García	Texas Rangers,False
2024_topps_series1,2024,Topps,Series 1,World Champion Autographs,,WSA-CS,Corey Seager,Texas Rangers,World Champion Autographs	WSA-CS	Corey Seager	Texas Rangers,False
2024_topps_series1,2024,Topps,Series 1,World Champion Autographs,,WSA-EC,Evan Carter,Texas Rangers,World Champion Autographs	WSA-EC	Evan Carter	Texas Rangers,False
2024_topps_series1,2024,Topps,Series 1,World Champion Autographs,,WSA-JH,Jonah Heim,Texas Rangers,World Champion Autographs	WSA-JH	Jonah Heim	Texas Rangers,False
2024_topps_series1,2024,Topps,Series 1,World Champion Autographs,,WSA-JJ,Josh Jung,Texas Rangers,World Champion Autographs	WSA-JJ	Josh Jung	Texas Rangers,False
2024_topps_series1,2024,Topps,Series 1,World Champion Autographs,,WSA-JS,Josh Smith,Texas Rangers,World Champion Autographs	WSA-JS	Josh Smith	Texas Rangers,False
2024_topps_series1,2024,Topps,Series 1,World Champion Autographs,,WSA-LT,Leody Taveras,Texas Rangers,World Champion Autographs	WSA-LT	Leody Taveras	Texas Rangers,False
2024_topps_series1,2024,Topps,Series 1,World Champion Autographs,,WSA-MS,Max Scherzer,Texas Rangers,World Champion Autographs	WSA-MS	Max Scherzer	Texas Rangers,False
2024_topps_series1,2024,Topps,Series 1,World Champion Autographs,,WSA-NE,Nathan Eovaldi,Texas Rangers,World Champion Autographs	WSA-NE	Nathan Eovaldi	Texas Rangers,False
2024_topps_series1,2024,Topps,Series 1,World Champion Autographs,,WSA-SEM,Marcus Semien,Texas Rangers,World Champion Autographs	WSA-SEM	Marcus Semien	Texas Rangers,False
2024_topps_series1,2024,Topps,Series 1,World Champion Relics,,WSR-AC,Aroldis Chapman,Texas Rangers,World Champion Relics	WSR-AC	Aroldis Chapman	Texas Rangers,False
2024_topps_series1,2024,Topps,Series 1,World Champion Relics,,WSR-AG,Adolis García,Texas Rangers,World Champion Relics	WSR-AG	Adolis García	Texas Rangers,False
2024_topps_series1,2024,Topps,Series 1,World Champion Relics,,WSR-CS,Corey Seager,Texas Rangers,World Champion Relics	WSR-CS	Corey Seager	Texas Rangers,False
2024_topps_series1,2024,Topps,Series 1,World Champion Relics,,WSR-JH,Jonah Heim,Texas Rangers,World Champion Relics	WSR-JH	Jonah Heim	Texas Rangers,False
2024_topps_series1,2024,Topps,Series 1,World Champion Relics,,WSR-MS,Marcus Semien,Texas Rangers,World Champion Relics	WSR-MS	Marcus Semien	Texas Rangers,False
2024_topps_series1,2024,Topps,Series 1,World Champion Relics,,WSR-NE,Nathan Eovaldi,Texas Rangers,World Champion Relics	WSR-NE	Nathan Eovaldi	Texas Rangers,False
2024_topps_series1,2024,Topps,Series 1,World Champion Relics,,WSR-SCH,Max Scherzer,Texas Rangers,World Champion Relics	WSR-SCH	Max Scherzer	Texas Rangers,False
2024_topps_series1,2024,Topps,Series 1,World Series Champion Autograph Relics,,WSAR-AC,Aroldis Chapman,Texas Rangers,World Series Champion Autograph Relics	WSAR-AC	Aroldis Chapman	Texas Rangers,False
2024_topps_series1,2024,Topps,Series 1,World Series Champion Autograph Relics,,WSAR-AG,Adolis García,Texas Rangers,World Series Champion Autograph Relics	WSAR-AG	Adolis García	Texas Rangers,False
2024_topps_series1,2024,Topps,Series 1,World Series Champion Autograph Relics,,WSAR-JH,Jonah Heim,Texas Rangers,World Series Champion Autograph Relics	WSAR-JH	Jonah Heim	Texas Rangers,False
2024_topps_series1,2024,Topps,Series 1,World Series Champion Autograph Relics,,WSAR-MS,Max Scherzer,Texas Rangers,World Series Champion Autograph Relics	WSAR-MS	Max Scherzer	Texas Rangers,False
2024_topps_series1,2024,Topps,Series 1,World Series Champion Autograph Relics,,WSAR-NE,Nathan Eovaldi,Texas Rangers,World Series Champion Autograph Relics	WSAR-NE	Nathan Eovaldi	Texas Rangers,False
2024_topps_series1,2024,Topps,Series 1,World Series Champion Autograph Relics,,WSAR-SEM,Marcus Semien,Texas Rangers,World Series Champion Autograph Relics	WSAR-SEM	Marcus Semien	Texas Rangers,False
