set_key,year,brand,product,section,section_card_count,card_number,player_name_raw,affiliation_raw,raw_line,is_multi_player
2026_topps_update,2026,Topps,Update,BASE SET,,US1,Kristian Campbell,Boston Red Sox	Rookie,US1	Kristian Campbell	Boston Red Sox	Rookie,False
2026_topps_update,2026,Topps,Update,BASE SET,,US2,Zac Veen,Colorado Rockies	Rookie Debut,US2	Zac Veen	Colorado Rockies	Rookie Debut,False
2026_topps_update,2026,Topps,Update,BASE SET,,US3,Jamie Westbrook,Tampa Bay Rays	Rookie,US3	Jamie Westbrook	Tampa Bay Rays	Rookie,False
2026_topps_update,2026,Topps,Update,BASE SET,,US4,Alex Verdugo,Atlanta Braves,US4	Alex Verdugo	Atlanta Braves,False
2026_topps_update,2026,Topps,Update,BASE SET,,US5,Jeff Criswell,Colorado Rockies	Rookie,US5	Jeff Criswell	Colorado Rockies	Rookie,False
2026_topps_update,2026,Topps,Update,BASE SET,,US6,Levi Jordan,Cincinnati Reds	Rookie,US6	Levi Jordan	Cincinnati Reds	Rookie,False
2026_topps_update,2026,Topps,Update,BASE SET,,US7,Christian Vázquez,Minnesota Twins,US7	Christian Vázquez	Minnesota Twins,False
2026_topps_update,2026,Topps,Update,BASE SET,,US8,Tanner Gordon,Colorado Rockies	Rookie,US8	Tanner Gordon	Colorado Rockies	Rookie,False
2026_topps_update,2026,Topps,Update,BASE SET,,US9,Jeff Hoffman,Toronto Blue Jays,US9	Jeff Hoffman	Toronto Blue Jays,False
2026_topps_update,2026,Topps,Update,BASE SET,,US10,Alejandro Osuna,Texas Rangers	Rookie,US10	Alejandro Osuna	Texas Rangers	Rookie,False
2026_topps_update,2026,Topps,Update,BASE SET,,US11,Agustín Ramírez,Miami Marlins	Rookie,US11	Agustín Ramírez	Miami Marlins	Rookie,False
2026_topps_update,2026,Topps,Update,BASE SET,,US12,Andrés Muñoz,Seattle Mariners,US12	Andrés Muñoz	Seattle Mariners,False
2026_topps_update,2026,Topps,Update,BASE SET,,US13,Jose Trevino,Cincinnati Reds,US13	Jose Trevino	Cincinnati Reds,False
2026_topps_update,2026,Topps,Update,BASE SET,,US14,Denzel Clarke,Athletics	Rookie,US14	Denzel Clarke	Athletics	Rookie,False
2026_topps_update,2026,Topps,Update,BASE SET,,US15,Kyren Paris,Angels,US15	Kyren Paris	Angels,False
2026_topps_update,2026,Topps,Update,BASE SET,,US16,Luke Keaschall,Minnesota Twins	Rookie,US16	Luke Keaschall	Minnesota Twins	Rookie,False
2026_topps_update,2026,Topps,Update,BASE SET,,US17,Garrett McDaniels,Angels	Rookie,US17	Garrett McDaniels	Angels	Rookie,False
2026_topps_update,2026,Topps,Update,BASE SET,,US18,Evan Phillips,Los Angeles Dodgers,US18	Evan Phillips	Los Angeles Dodgers,False
2026_topps_update,2026,Topps,Update,BASE SET,,US19,Rowdy Tellez,Seattle Mariners,US19	Rowdy Tellez	Seattle Mariners,False
2026_topps_update,2026,Topps,Update,BASE SET,,US20,Mitch Spence,Athletics,US20	Mitch Spence	Athletics,False
2026_topps_update,2026,Topps,Update,BASE SET,,US21,Thomas Saggese,St. Louis Cardinals	Rookie Debut,US21	Thomas Saggese	St. Louis Cardinals	Rookie Debut,False
2026_topps_update,2026,Topps,Update,BASE SET,,US22,Blade Tidwell,New York Mets	Rookie,US22	Blade Tidwell	New York Mets	Rookie,False
2026_topps_update,2026,Topps,Update,BASE SET,,US23,Gio Urshela,Athletics,US23	Gio Urshela	Athletics,False
2026_topps_update,2026,Topps,Update,BASE SET,,US24,Yoán Moncada,Angels,US24	Yoán Moncada	Angels,False
2026_topps_update,2026,Topps,Update,BASE SET,,US25,Ben Rice,New York Yankees	Rookie Debut,US25	Ben Rice	New York Yankees	Rookie Debut,False
2026_topps_update,2026,Topps,Update,BASE SET,,US26,José Ramírez,Cleveland Guardians	Veteran Combos,US26	José Ramírez	Cleveland Guardians	Veteran Combos,False
2026_topps_update,2026,Topps,Update,BASE SET,,US26,Steven Kwan,Cleveland Guardians	Veteran Combos,US26	Steven Kwan	Cleveland Guardians	Veteran Combos,False
2026_topps_update,2026,Topps,Update,BASE SET,,US27,Justin Turner,Chicago Cubs,US27	Justin Turner	Chicago Cubs,False
2026_topps_update,2026,Topps,Update,BASE SET,,US28,Grant Koch,Pittsburgh Pirates	Rookie,US28	Grant Koch	Pittsburgh Pirates	Rookie,False
2026_topps_update,2026,Topps,Update,BASE SET,,US29,Luis Matos,San Francisco Giants,US29	Luis Matos	San Francisco Giants,False
2026_topps_update,2026,Topps,Update,BASE SET,,US30,Eric Haase,Milwaukee Brewers,US30	Eric Haase	Milwaukee Brewers,False
2026_topps_update,2026,Topps,Update,BASE SET,,US31,Zach Agnos,Colorado Rockies	Rookie,US31	Zach Agnos	Colorado Rockies	Rookie,False
2026_topps_update,2026,Topps,Update,BASE SET,,US32,Braxton Ashcraft,Pittsburgh Pirates	Rookie,US32	Braxton Ashcraft	Pittsburgh Pirates	Rookie,False
2026_topps_update,2026,Topps,Update,BASE SET,,US33,Travis d'Arnaud,Angels,US33	Travis d'Arnaud	Angels,False
2026_topps_update,2026,Topps,Update,BASE SET,,US34,Hayden Birdsong,San Francisco Giants	Rookie Debut,US34	Hayden Birdsong	San Francisco Giants	Rookie Debut,False
2026_topps_update,2026,Topps,Update,BASE SET,,US35,Steven Matz,St. Louis Cardinals,US35	Steven Matz	St. Louis Cardinals,False
2026_topps_update,2026,Topps,Update,BASE SET,,US36,Luis Guerrero,Boston Red Sox	Rookie,US36	Luis Guerrero	Boston Red Sox	Rookie,False
2026_topps_update,2026,Topps,Update,BASE SET,,US37,Zebby Matthews,Minnesota Twins	Rookie Debut,US37	Zebby Matthews	Minnesota Twins	Rookie Debut,False
2026_topps_update,2026,Topps,Update,BASE SET,,US38,Dalton Rushing,Los Angeles Dodgers	Rookie,US38	Dalton Rushing	Los Angeles Dodgers	Rookie,False
2026_topps_update,2026,Topps,Update,BASE SET,,US39,Brad Lord,Washington Nationals	Rookie,US39	Brad Lord	Washington Nationals	Rookie,False
2026_topps_update,2026,Topps,Update,BASE SET,,US40,Griffin Canning,New York Mets,US40	Griffin Canning	New York Mets,False
2026_topps_update,2026,Topps,Update,BASE SET,,US41,Curtis Mead,Tampa Bay Rays,US41	Curtis Mead	Tampa Bay Rays,False
2026_topps_update,2026,Topps,Update,BASE SET,,US42,Manuel Margot,Detroit Tigers,US42	Manuel Margot	Detroit Tigers,False
2026_topps_update,2026,Topps,Update,BASE SET,,US43,Mike Tauchman,Chicago White Sox,US43	Mike Tauchman	Chicago White Sox,False
2026_topps_update,2026,Topps,Update,BASE SET,,US44,Doug Nikhazy,Cleveland Guardians	Rookie,US44	Doug Nikhazy	Cleveland Guardians	Rookie,False
2026_topps_update,2026,Topps,Update,BASE SET,,US45,Cam Smith,Houston Astros	Rookie Debut,US45	Cam Smith	Houston Astros	Rookie Debut,False
2026_topps_update,2026,Topps,Update,BASE SET,,US46,Ryan Pressly,Chicago Cubs,US46	Ryan Pressly	Chicago Cubs,False
2026_topps_update,2026,Topps,Update,BASE SET,,US47,Chase Shugart,Pittsburgh Pirates	Rookie,US47	Chase Shugart	Pittsburgh Pirates	Rookie,False
2026_topps_update,2026,Topps,Update,BASE SET,,US48,Matt Thaiss,Tampa Bay Rays,US48	Matt Thaiss	Tampa Bay Rays,False
2026_topps_update,2026,Topps,Update,BASE SET,,US49,Michael Petersen,Miami Marlins	Rookie,US49	Michael Petersen	Miami Marlins	Rookie,False
2026_topps_update,2026,Topps,Update,BASE SET,,US50,Cody Bellinger,New York Yankees,US50	Cody Bellinger	New York Yankees,False
2026_topps_update,2026,Topps,Update,BASE SET,,US51,Adam Frazier,Pittsburgh Pirates,US51	Adam Frazier	Pittsburgh Pirates,False
2026_topps_update,2026,Topps,Update,BASE SET,,US52,Liam Hicks,Miami Marlins	Rookie,US52	Liam Hicks	Miami Marlins	Rookie,False
2026_topps_update,2026,Topps,Update,BASE SET,,US53,Luarbert Arias,Miami Marlins	Rookie,US53	Luarbert Arias	Miami Marlins	Rookie,False
2026_topps_update,2026,Topps,Update,BASE SET,,US54,Jared Triolo,Pittsburgh Pirates,US54	Jared Triolo	Pittsburgh Pirates,False
2026_topps_update,2026,Topps,Update,BASE SET,,US55,Tomoyuki Sugano,Baltimore Orioles	Rookie Debut,US55	Tomoyuki Sugano	Baltimore Orioles	Rookie Debut,False
2026_topps_update,2026,Topps,Update,BASE SET,,US56,Dominic Canzone,Seattle Mariners,US56	Dominic Canzone	Seattle Mariners,False
2026_topps_update,2026,Topps,Update,BASE SET,,US57,Michael Taylor,Chicago White Sox,US57	Michael Taylor	Chicago White Sox,False
2026_topps_update,2026,Topps,Update,BASE SET,,US58,Connor Joe,Cincinnati Reds,US58	Connor Joe	Cincinnati Reds,False
2026_topps_update,2026,Topps,Update,BASE SET,,US59,Caleb Durbin,Milwaukee Brewers	Rookie Debut,US59	Caleb Durbin	Milwaukee Brewers	Rookie Debut,False
2026_topps_update,2026,Topps,Update,BASE SET,,US60,Michael McGreevy,St. Louis Cardinals	Rookie Debut,US60	Michael McGreevy	St. Louis Cardinals	Rookie Debut,False
2026_topps_update,2026,Topps,Update,BASE SET,,US61,Elvis Alvarado,Athletics	Rookie,US61	Elvis Alvarado	Athletics	Rookie,False
2026_topps_update,2026,Topps,Update,BASE SET,,US62,Joe Boyle,Tampa Bay Rays,US62	Joe Boyle	Tampa Bay Rays,False
2026_topps_update,2026,Topps,Update,BASE SET,,US63,Connor Thomas,Milwaukee Brewers	Rookie,US63	Connor Thomas	Milwaukee Brewers	Rookie,False
2026_topps_update,2026,Topps,Update,BASE SET,,US64,Ji Hwan Bae,Pittsburgh Pirates,US64	Ji Hwan Bae	Pittsburgh Pirates,False
2026_topps_update,2026,Topps,Update,BASE SET,,US65,Noah Cameron,Kansas City Royals	Rookie,US65	Noah Cameron	Kansas City Royals	Rookie,False
2026_topps_update,2026,Topps,Update,BASE SET,,US66,Zack Littell,Tampa Bay Rays,US66	Zack Littell	Tampa Bay Rays,False
2026_topps_update,2026,Topps,Update,BASE SET,,US67,Nic Enright,Cleveland Guardians	Rookie,US67	Nic Enright	Cleveland Guardians	Rookie,False
2026_topps_update,2026,Topps,Update,BASE SET,,US68,Matt Mervis,Miami Marlins,US68	Matt Mervis	Miami Marlins,False
2026_topps_update,2026,Topps,Update,BASE SET,,US69,Nick Pivetta,San Diego Padres,US69	Nick Pivetta	San Diego Padres,False
2026_topps_update,2026,Topps,Update,BASE SET,,US70,Dustin May,Los Angeles Dodgers,US70	Dustin May	Los Angeles Dodgers,False
2026_topps_update,2026,Topps,Update,BASE SET,,US71,Jason Heyward,San Diego Padres,US71	Jason Heyward	San Diego Padres,False
2026_topps_update,2026,Topps,Update,BASE SET,,US72,Tsung-Che Cheng,Pittsburgh Pirates	Rookie,US72	Tsung-Che Cheng	Pittsburgh Pirates	Rookie,False
2026_topps_update,2026,Topps,Update,BASE SET,,US73,Chris Paddack,Minnesota Twins,US73	Chris Paddack	Minnesota Twins,False
2026_topps_update,2026,Topps,Update,BASE SET,,US74,Travis Jankowski,New York Mets,US74	Travis Jankowski	New York Mets,False
2026_topps_update,2026,Topps,Update,BASE SET,,US75,Andrés Giménez,Toronto Blue Jays,US75	Andrés Giménez	Toronto Blue Jays,False
2026_topps_update,2026,Topps,Update,BASE SET,,US76,Martín Maldonado,San Diego Padres,US76	Martín Maldonado	San Diego Padres,False
2026_topps_update,2026,Topps,Update,BASE SET,,US77,Jack Dreyer,Los Angeles Dodgers	Rookie,US77	Jack Dreyer	Los Angeles Dodgers	Rookie,False
2026_topps_update,2026,Topps,Update,BASE SET,,US78,Trenton Brooks,San Diego Padres	Rookie,US78	Trenton Brooks	San Diego Padres	Rookie,False
2026_topps_update,2026,Topps,Update,BASE SET,,US79,Willie MacIver,Athletics	Rookie,US79	Willie MacIver	Athletics	Rookie,False
2026_topps_update,2026,Topps,Update,BASE SET,,US80,Lawrence Butler,Athletics	Veteran Combos,US80	Lawrence Butler	Athletics	Veteran Combos,False
2026_topps_update,2026,Topps,Update,BASE SET,,US80,Brent Rooker,Athletics	Veteran Combos,US80	Brent Rooker	Athletics	Veteran Combos,False
2026_topps_update,2026,Topps,Update,BASE SET,,US81,Danny Jansen,Tampa Bay Rays,US81	Danny Jansen	Tampa Bay Rays,False
2026_topps_update,2026,Topps,Update,BASE SET,,US82,Max Kepler,Philadelphia Phillies,US82	Max Kepler	Philadelphia Phillies,False
2026_topps_update,2026,Topps,Update,BASE SET,,US83,Kris Bubic,Kansas City Royals,US83	Kris Bubic	Kansas City Royals,False
2026_topps_update,2026,Topps,Update,BASE SET,,US84,Shohei Ohtani,Los Angeles Dodgers	Season Highlights/Checklist,US84	Shohei Ohtani	Los Angeles Dodgers	Season Highlights/Checklist,False
2026_topps_update,2026,Topps,Update,BASE SET,,US85,Aaron Judge,New York Yankees	Veteran Combos,US85	Aaron Judge	New York Yankees	Veteran Combos,False
2026_topps_update,2026,Topps,Update,BASE SET,,US85,Jazz Chisholm Jr.,New York Yankees	Veteran Combos,US85	Jazz Chisholm Jr.	New York Yankees	Veteran Combos,False
2026_topps_update,2026,Topps,Update,BASE SET,,US86,Aaron Judge,New York Yankees	Season Highlights/Checklist,US86	Aaron Judge	New York Yankees	Season Highlights/Checklist,False
2026_topps_update,2026,Topps,Update,BASE SET,,US87,Drake Baldwin,Atlanta Braves	Rookie,US87	Drake Baldwin	Atlanta Braves	Rookie,False
2026_topps_update,2026,Topps,Update,BASE SET,,US88,Dairon Blanco,Kansas City Royals,US88	Dairon Blanco	Kansas City Royals,False
2026_topps_update,2026,Topps,Update,BASE SET,,US89,Braydon Fisher,Toronto Blue Jays	Rookie,US89	Braydon Fisher	Toronto Blue Jays	Rookie,False
2026_topps_update,2026,Topps,Update,BASE SET,,US90,Omar Cruz,San Diego Padres	Rookie,US90	Omar Cruz	San Diego Padres	Rookie,False
2026_topps_update,2026,Topps,Update,BASE SET,,US91,Tyler Heineman,Toronto Blue Jays,US91	Tyler Heineman	Toronto Blue Jays,False
2026_topps_update,2026,Topps,Update,BASE SET,,US92,Drew Avans,Milwaukee Brewers	Rookie,US92	Drew Avans	Milwaukee Brewers	Rookie,False
2026_topps_update,2026,Topps,Update,BASE SET,,US93,Jace Jung,Detroit Tigers	Rookie Debut,US93	Jace Jung	Detroit Tigers	Rookie Debut,False
2026_topps_update,2026,Topps,Update,BASE SET,,US94,Adael Amador,Colorado Rockies	Rookie Debut,US94	Adael Amador	Colorado Rockies	Rookie Debut,False
2026_topps_update,2026,Topps,Update,BASE SET,,US95,Michel Otañez,Athletics	Rookie,US95	Michel Otañez	Athletics	Rookie,False
2026_topps_update,2026,Topps,Update,BASE SET,,US96,J.C. Escarra,New York Yankees	Rookie,US96	J.C. Escarra	New York Yankees	Rookie,False
2026_topps_update,2026,Topps,Update,BASE SET,,US97,Brandon Young,Baltimore Orioles	Rookie,US97	Brandon Young	Baltimore Orioles	Rookie,False
2026_topps_update,2026,Topps,Update,BASE SET,,US98,Jake Burger,Texas Rangers,US98	Jake Burger	Texas Rangers,False
2026_topps_update,2026,Topps,Update,BASE SET,,US99,Max Meyer,Miami Marlins,US99	Max Meyer	Miami Marlins,False
2026_topps_update,2026,Topps,Update,BASE SET,,US100,Justin Verlander,San Francisco Giants,US100	Justin Verlander	San Francisco Giants,False
2026_topps_update,2026,Topps,Update,BASE SET,,US101,Paul DeJong,Washington Nationals,US101	Paul DeJong	Washington Nationals,False
2026_topps_update,2026,Topps,Update,BASE SET,,US102,Luis Mey,Cincinnati Reds	Rookie,US102	Luis Mey	Cincinnati Reds	Rookie,False
2026_topps_update,2026,Topps,Update,BASE SET,,US103,Walker Buehler,Boston Red Sox,US103	Walker Buehler	Boston Red Sox,False
2026_topps_update,2026,Topps,Update,BASE SET,,US104,Carlos Duran,Athletics	Rookie,US104	Carlos Duran	Athletics	Rookie,False
2026_topps_update,2026,Topps,Update,BASE SET,,US105,Marcelo Mayer,Boston Red Sox	Rookie,US105	Marcelo Mayer	Boston Red Sox	Rookie,False
2026_topps_update,2026,Topps,Update,BASE SET,,US106,Nick Allen,Atlanta Braves,US106	Nick Allen	Atlanta Braves,False
2026_topps_update,2026,Topps,Update,BASE SET,,US107,Bryce Harper,Philadelphia Phillies	Veteran Combos,US107	Bryce Harper	Philadelphia Phillies	Veteran Combos,False
2026_topps_update,2026,Topps,Update,BASE SET,,US107,Nick Castellanos,Philadelphia Phillies	Veteran Combos,US107	Nick Castellanos	Philadelphia Phillies	Veteran Combos,False
2026_topps_update,2026,Topps,Update,BASE SET,,US108,Justin Hagenman,New York Mets	Rookie,US108	Justin Hagenman	New York Mets	Rookie,False
2026_topps_update,2026,Topps,Update,BASE SET,,US109,Robert Hassell III,Washington Nationals	Rookie,US109	Robert Hassell III	Washington Nationals	Rookie,False
2026_topps_update,2026,Topps,Update,BASE SET,,US110,Josh Naylor,Arizona Diamondbacks,US110	Josh Naylor	Arizona Diamondbacks,False
2026_topps_update,2026,Topps,Update,BASE SET,,US111,Ronny Simon,Pittsburgh Pirates	Rookie,US111	Ronny Simon	Pittsburgh Pirates	Rookie,False
2026_topps_update,2026,Topps,Update,BASE SET,,US112,Romy Gonzalez,Boston Red Sox,US112	Romy Gonzalez	Boston Red Sox,False
2026_topps_update,2026,Topps,Update,BASE SET,,US113,Drake Baldwin,Atlanta Braves	Rookie Debut,US113	Drake Baldwin	Atlanta Braves	Rookie Debut,False
2026_topps_update,2026,Topps,Update,BASE SET,,US114,Grant Wolfram,Baltimore Orioles	Rookie,US114	Grant Wolfram	Baltimore Orioles	Rookie,False
2026_topps_update,2026,Topps,Update,BASE SET,,US115,Raymond Burgos,San Francisco Giants	Rookie,US115	Raymond Burgos	San Francisco Giants	Rookie,False
2026_topps_update,2026,Topps,Update,BASE SET,,US116,Aroldis Chapman,Boston Red Sox,US116	Aroldis Chapman	Boston Red Sox,False
2026_topps_update,2026,Topps,Update,BASE SET,,US117,Logan VanWey,Houston Astros	Rookie,US117	Logan VanWey	Houston Astros	Rookie,False
2026_topps_update,2026,Topps,Update,BASE SET,,US118,Gage Workman,Detroit Tigers	Rookie,US118	Gage Workman	Detroit Tigers	Rookie,False
2026_topps_update,2026,Topps,Update,BASE SET,,US119,Blake Snell,Los Angeles Dodgers	Veteran Combos,US119	Blake Snell	Los Angeles Dodgers	Veteran Combos,False
2026_topps_update,2026,Topps,Update,BASE SET,,US119,Tyler Glasnow,Los Angeles Dodgers	Veteran Combos,US119	Tyler Glasnow	Los Angeles Dodgers	Veteran Combos,False
2026_topps_update,2026,Topps,Update,BASE SET,,US120,Yohel Pozo,St. Louis Cardinals,US120	Yohel Pozo	St. Louis Cardinals,False
2026_topps_update,2026,Topps,Update,BASE SET,,US121,Ryan Johnson,Angels	Rookie,US121	Ryan Johnson	Angels	Rookie,False
2026_topps_update,2026,Topps,Update,BASE SET,,US122,Tyler Tolbert,Kansas City Royals	Rookie,US122	Tyler Tolbert	Kansas City Royals	Rookie,False
2026_topps_update,2026,Topps,Update,BASE SET,,US123,Braxton Fulford,Colorado Rockies	Rookie,US123	Braxton Fulford	Colorado Rockies	Rookie,False
2026_topps_update,2026,Topps,Update,BASE SET,,US124,Ryan Rolison,Colorado Rockies	Rookie,US124	Ryan Rolison	Colorado Rockies	Rookie,False
2026_topps_update,2026,Topps,Update,BASE SET,,US125,Joc Pederson,Texas Rangers,US125	Joc Pederson	Texas Rangers,False
2026_topps_update,2026,Topps,Update,BASE SET,,US126,Hayden Senger,New York Mets	Rookie,US126	Hayden Senger	New York Mets	Rookie,False
2026_topps_update,2026,Topps,Update,BASE SET,,US127,Mick Abel,Philadelphia Phillies	Rookie,US127	Mick Abel	Philadelphia Phillies	Rookie,False
2026_topps_update,2026,Topps,Update,BASE SET,,US128,Kevin Alcántara,Chicago Cubs	Rookie Debut,US128	Kevin Alcántara	Chicago Cubs	Rookie Debut,False
2026_topps_update,2026,Topps,Update,BASE SET,,US129,Kristian Campbell,Boston Red Sox	Rookie Debut,US129	Kristian Campbell	Boston Red Sox	Rookie Debut,False
2026_topps_update,2026,Topps,Update,BASE SET,,US130,Ben Williamson,Seattle Mariners	Rookie,US130	Ben Williamson	Seattle Mariners	Rookie,False
2026_topps_update,2026,Topps,Update,BASE SET,,US131,Cade Gibson,Miami Marlins	Rookie,US131	Cade Gibson	Miami Marlins	Rookie,False
2026_topps_update,2026,Topps,Update,BASE SET,,US132,Anthony Banda,Los Angeles Dodgers,US132	Anthony Banda	Los Angeles Dodgers,False
2026_topps_update,2026,Topps,Update,BASE SET,,US133,Blake Treinen,Los Angeles Dodgers,US133	Blake Treinen	Los Angeles Dodgers,False
2026_topps_update,2026,Topps,Update,BASE SET,,US134,Noah Murdock,Kansas City Royals	Rookie,US134	Noah Murdock	Kansas City Royals	Rookie,False
2026_topps_update,2026,Topps,Update,BASE SET,,US135,Landen Roupp,San Francisco Giants,US135	Landen Roupp	San Francisco Giants,False
2026_topps_update,2026,Topps,Update,BASE SET,,US136,Kyle Hendricks,Angels,US136	Kyle Hendricks	Angels,False
2026_topps_update,2026,Topps,Update,BASE SET,,US137,Logan Henderson,Milwaukee Brewers	Rookie,US137	Logan Henderson	Milwaukee Brewers	Rookie,False
2026_topps_update,2026,Topps,Update,BASE SET,,US138,Mason Fluharty,Toronto Blue Jays	Rookie,US138	Mason Fluharty	Toronto Blue Jays	Rookie,False
2026_topps_update,2026,Topps,Update,BASE SET,,US139,Jon Berti,Chicago Cubs,US139	Jon Berti	Chicago Cubs,False
2026_topps_update,2026,Topps,Update,BASE SET,,US140,Cade Horton,Chicago Cubs	Rookie,US140	Cade Horton	Chicago Cubs	Rookie,False
2026_topps_update,2026,Topps,Update,BASE SET,,US141,Iván Herrera,St. Louis Cardinals,US141	Iván Herrera	St. Louis Cardinals,False
2026_topps_update,2026,Topps,Update,BASE SET,,US142,Johnathan Rodríguez,Cleveland Guardians,US142	Johnathan Rodríguez	Cleveland Guardians,False
2026_topps_update,2026,Topps,Update,BASE SET,,US143,CJ Alexander,Athletics	Rookie,US143	CJ Alexander	Athletics	Rookie,False
2026_topps_update,2026,Topps,Update,BASE SET,,US144,Jonathan Bermúdez,Miami Marlins	Rookie,US144	Jonathan Bermúdez	Miami Marlins	Rookie,False
2026_topps_update,2026,Topps,Update,BASE SET,,US145,Edgar Quero,Chicago White Sox	Rookie,US145	Edgar Quero	Chicago White Sox	Rookie,False
2026_topps_update,2026,Topps,Update,BASE SET,,US146,Kade Strowd,Baltimore Orioles	Rookie,US146	Kade Strowd	Baltimore Orioles	Rookie,False
2026_topps_update,2026,Topps,Update,BASE SET,,US147,Tirso Ornelas,San Diego Padres	Rookie,US147	Tirso Ornelas	San Diego Padres	Rookie,False
2026_topps_update,2026,Topps,Update,BASE SET,,US148,Carlos Santana,Cleveland Guardians,US148	Carlos Santana	Cleveland Guardians,False
2026_topps_update,2026,Topps,Update,BASE SET,,US149,Victor Caratini,Houston Astros,US149	Victor Caratini	Houston Astros,False
2026_topps_update,2026,Topps,Update,BASE SET,,US150,Santiago Espinal,Cincinnati Reds,US150	Santiago Espinal	Cincinnati Reds,False
2026_topps_update,2026,Topps,Update,BASE SET,,US151,Chase Dollander,Colorado Rockies	Rookie,US151	Chase Dollander	Colorado Rockies	Rookie,False
2026_topps_update,2026,Topps,Update,BASE SET,,US152,Tyler Mahle,Texas Rangers,US152	Tyler Mahle	Texas Rangers,False
2026_topps_update,2026,Topps,Update,BASE SET,,US153,Luken Baker,St. Louis Cardinals,US153	Luken Baker	St. Louis Cardinals,False
2026_topps_update,2026,Topps,Update,BASE SET,,US154,Antonio Senzatela,Colorado Rockies,US154	Antonio Senzatela	Colorado Rockies,False
2026_topps_update,2026,Topps,Update,BASE SET,,US155,Brett Baty,New York Mets,US155	Brett Baty	New York Mets,False
2026_topps_update,2026,Topps,Update,BASE SET,,US156,Carson Kelly,Chicago Cubs,US156	Carson Kelly	Chicago Cubs,False
2026_topps_update,2026,Topps,Update,BASE SET,,US157,Colton Gordon,Houston Astros	Rookie,US157	Colton Gordon	Houston Astros	Rookie,False
2026_topps_update,2026,Topps,Update,BASE SET,,US158,Lake Bachar,Miami Marlins	Rookie,US158	Lake Bachar	Miami Marlins	Rookie,False
2026_topps_update,2026,Topps,Update,BASE SET,,US159,Fraser Ellard,Chicago White Sox	Rookie,US159	Fraser Ellard	Chicago White Sox	Rookie,False
2026_topps_update,2026,Topps,Update,BASE SET,,US160,Wilmer Flores,San Francisco Giants,US160	Wilmer Flores	San Francisco Giants,False
2026_topps_update,2026,Topps,Update,BASE SET,,US161,Armando Alvarez,Minnesota Twins	Rookie,US161	Armando Alvarez	Minnesota Twins	Rookie,False
2026_topps_update,2026,Topps,Update,BASE SET,,US162,Bailey Horn,Detroit Tigers	Rookie,US162	Bailey Horn	Detroit Tigers	Rookie,False
2026_topps_update,2026,Topps,Update,BASE SET,,US163,Fernando Cruz,New York Yankees,US163	Fernando Cruz	New York Yankees,False
2026_topps_update,2026,Topps,Update,BASE SET,,US164,Pete Crow-Armstrong,Chicago Cubs	Season Highlights/Checklist,US164	Pete Crow-Armstrong	Chicago Cubs	Season Highlights/Checklist,False
2026_topps_update,2026,Topps,Update,BASE SET,,US165,Jack Leiter,Texas Rangers,US165	Jack Leiter	Texas Rangers,False
2026_topps_update,2026,Topps,Update,BASE SET,,US166,Miguel Rojas,Los Angeles Dodgers,US166	Miguel Rojas	Los Angeles Dodgers,False
2026_topps_update,2026,Topps,Update,BASE SET,,US167,Chase Lee,Detroit Tigers	Rookie,US167	Chase Lee	Detroit Tigers	Rookie,False
2026_topps_update,2026,Topps,Update,BASE SET,,US168,Eric Yang,Cincinnati Reds	Rookie,US168	Eric Yang	Cincinnati Reds	Rookie,False
2026_topps_update,2026,Topps,Update,BASE SET,,US169,Oliver Dunn,Milwaukee Brewers,US169	Oliver Dunn	Milwaukee Brewers,False
2026_topps_update,2026,Topps,Update,BASE SET,,US170,Caleb Durbin,Milwaukee Brewers	Rookie,US170	Caleb Durbin	Milwaukee Brewers	Rookie,False
2026_topps_update,2026,Topps,Update,BASE SET,,US171,Ramón Laureano,Baltimore Orioles,US171	Ramón Laureano	Baltimore Orioles,False
2026_topps_update,2026,Topps,Update,BASE SET,,US172,Daylen Lile,Washington Nationals	Rookie,US172	Daylen Lile	Washington Nationals	Rookie,False
2026_topps_update,2026,Topps,Update,BASE SET,,US173,Mark Leiter Jr.,New York Yankees,US173	Mark Leiter Jr.	New York Yankees,False
2026_topps_update,2026,Topps,Update,BASE SET,,US174,Christian Koss,San Francisco Giants	Rookie,US174	Christian Koss	San Francisco Giants	Rookie,False
2026_topps_update,2026,Topps,Update,BASE SET,,US175,Jonathan India,Kansas City Royals,US175	Jonathan India	Kansas City Royals,False
2026_topps_update,2026,Topps,Update,BASE SET,,US176,Evan Sisk,Kansas City Royals	Rookie,US176	Evan Sisk	Kansas City Royals	Rookie,False
2026_topps_update,2026,Topps,Update,BASE SET,,US177,AJ Blubaugh,Houston Astros	Rookie,US177	AJ Blubaugh	Houston Astros	Rookie,False
2026_topps_update,2026,Topps,Update,BASE SET,,US178,Devin Williams,New York Yankees,US178	Devin Williams	New York Yankees,False
2026_topps_update,2026,Topps,Update,BASE SET,,US179,Ryan Walker,San Francisco Giants,US179	Ryan Walker	San Francisco Giants,False
2026_topps_update,2026,Topps,Update,BASE SET,,US180,Jacob Wilson,Athletics	Rookie Debut,US180	Jacob Wilson	Athletics	Rookie Debut,False
2026_topps_update,2026,Topps,Update,BASE SET,,US181,Dylan Carlson,Baltimore Orioles,US181	Dylan Carlson	Baltimore Orioles,False
2026_topps_update,2026,Topps,Update,BASE SET,,US182,Jose Iglesias,San Diego Padres,US182	Jose Iglesias	San Diego Padres,False
2026_topps_update,2026,Topps,Update,BASE SET,,US183,Bryan King,Houston Astros	Rookie,US183	Bryan King	Houston Astros	Rookie,False
2026_topps_update,2026,Topps,Update,BASE SET,,US184,Bryce Harper,Philadelphia Phillies	Season Highlights/Checklist,US184	Bryce Harper	Philadelphia Phillies	Season Highlights/Checklist,False
2026_topps_update,2026,Topps,Update,BASE SET,,US185,Matthew Liberatore,St. Louis Cardinals,US185	Matthew Liberatore	St. Louis Cardinals,False
2026_topps_update,2026,Topps,Update,BASE SET,,US186,Cole Henry,Washington Nationals	Rookie,US186	Cole Henry	Washington Nationals	Rookie,False
2026_topps_update,2026,Topps,Update,BASE SET,,US187,Caden Dana,Angels	Rookie Debut,US187	Caden Dana	Angels	Rookie Debut,False
2026_topps_update,2026,Topps,Update,BASE SET,,US188,Graham Pauley,Miami Marlins,US188	Graham Pauley	Miami Marlins,False
2026_topps_update,2026,Topps,Update,BASE SET,,US189,Eli White,Atlanta Braves,US189	Eli White	Atlanta Braves,False
2026_topps_update,2026,Topps,Update,BASE SET,,US190,Matt Gorski,Pittsburgh Pirates	Rookie,US190	Matt Gorski	Pittsburgh Pirates	Rookie,False
2026_topps_update,2026,Topps,Update,BASE SET,,US191,Cal Quantrill,Miami Marlins,US191	Cal Quantrill	Miami Marlins,False
2026_topps_update,2026,Topps,Update,BASE SET,,US192,John Rave,Kansas City Royals	Rookie,US192	John Rave	Kansas City Royals	Rookie,False
2026_topps_update,2026,Topps,Update,BASE SET,,US193,Jackson Jobe,Detroit Tigers	Rookie Debut,US193	Jackson Jobe	Detroit Tigers	Rookie Debut,False
2026_topps_update,2026,Topps,Update,BASE SET,,US194,Max Lazar,Philadelphia Phillies	Rookie,US194	Max Lazar	Philadelphia Phillies	Rookie,False
2026_topps_update,2026,Topps,Update,BASE SET,,US195,Isaac Paredes,Houston Astros,US195	Isaac Paredes	Houston Astros,False
2026_topps_update,2026,Topps,Update,BASE SET,,US196,Rhylan Thomas,Seattle Mariners	Rookie,US196	Rhylan Thomas	Seattle Mariners	Rookie,False
2026_topps_update,2026,Topps,Update,BASE SET,,US197,Nick Kurtz,Athletics	Rookie Debut,US197	Nick Kurtz	Athletics	Rookie Debut,False
2026_topps_update,2026,Topps,Update,BASE SET,,US198,Bryan Sammons,Detroit Tigers	Rookie,US198	Bryan Sammons	Detroit Tigers	Rookie,False
2026_topps_update,2026,Topps,Update,BASE SET,,US199,Roki Sasaki,Los Angeles Dodgers	Rookie Debut,US199	Roki Sasaki	Los Angeles Dodgers	Rookie Debut,False
2026_topps_update,2026,Topps,Update,BASE SET,,US200,Matt Shaw,Chicago Cubs	Rookie,US200	Matt Shaw	Chicago Cubs	Rookie,False
2026_topps_update,2026,Topps,Update,BASE SET,,US201,Nick Kurtz,Athletics	Rookie,US201	Nick Kurtz	Athletics	Rookie,False
2026_topps_update,2026,Topps,Update,BASE SET,,US202,Ryan Loutos,Washington Nationals	Rookie,US202	Ryan Loutos	Washington Nationals	Rookie,False
2026_topps_update,2026,Topps,Update,BASE SET,,US203,Orlando Ribalta,Washington Nationals	Rookie,US203	Orlando Ribalta	Washington Nationals	Rookie,False
2026_topps_update,2026,Topps,Update,BASE SET,,US204,Alexander Canario,Pittsburgh Pirates,US204	Alexander Canario	Pittsburgh Pirates,False
2026_topps_update,2026,Topps,Update,BASE SET,,US205,Blaine Crim,Texas Rangers	Rookie,US205	Blaine Crim	Texas Rangers	Rookie,False
2026_topps_update,2026,Topps,Update,BASE SET,,US206,Gabriel Arias,Cleveland Guardians,US206	Gabriel Arias	Cleveland Guardians,False
2026_topps_update,2026,Topps,Update,BASE SET,,US207,Kyle Higashioka,Texas Rangers,US207	Kyle Higashioka	Texas Rangers,False
2026_topps_update,2026,Topps,Update,BASE SET,,US208,Kody Clemens,Minnesota Twins,US208	Kody Clemens	Minnesota Twins,False
2026_topps_update,2026,Topps,Update,BASE SET,,US209,MJ Melendez,Kansas City Royals	Veteran Combos,US209	MJ Melendez	Kansas City Royals	Veteran Combos,False
2026_topps_update,2026,Topps,Update,BASE SET,,US209,Bobby Witt Jr.,Kansas City Royals	Veteran Combos,US209	Bobby Witt Jr.	Kansas City Royals	Veteran Combos,False
2026_topps_update,2026,Topps,Update,BASE SET,,US210,Yaramil Hiraldo,Baltimore Orioles	Rookie,US210	Yaramil Hiraldo	Baltimore Orioles	Rookie,False
2026_topps_update,2026,Topps,Update,BASE SET,,US211,Patrick Monteverde,Miami Marlins	Rookie,US211	Patrick Monteverde	Miami Marlins	Rookie,False
2026_topps_update,2026,Topps,Update,BASE SET,,US212,Eric Orze,Tampa Bay Rays	Rookie,US212	Eric Orze	Tampa Bay Rays	Rookie,False
2026_topps_update,2026,Topps,Update,BASE SET,,US213,Logan Davidson,Athletics	Rookie,US213	Logan Davidson	Athletics	Rookie,False
2026_topps_update,2026,Topps,Update,BASE SET,,US214,Cade Horton,Chicago Cubs	Rookie Debut,US214	Cade Horton	Chicago Cubs	Rookie Debut,False
2026_topps_update,2026,Topps,Update,BASE SET,,US215,Jack O'Loughlin,Colorado Rockies	Rookie,US215	Jack O'Loughlin	Colorado Rockies	Rookie,False
2026_topps_update,2026,Topps,Update,BASE SET,,US216,Nathan Wiles,Atlanta Braves	Rookie,US216	Nathan Wiles	Atlanta Braves	Rookie,False
2026_topps_update,2026,Topps,Update,BASE SET,,US217,Fernando Tatis Jr.,San Diego Padres	Season Highlights/Checklist,US217	Fernando Tatis Jr.	San Diego Padres	Season Highlights/Checklist,False
2026_topps_update,2026,Topps,Update,BASE SET,,US218,James Wood,Washington Nationals	Rookie Debut,US218	James Wood	Washington Nationals	Rookie Debut,False
2026_topps_update,2026,Topps,Update,BASE SET,,US219,Mike Vasil,Chicago White Sox	Rookie,US219	Mike Vasil	Chicago White Sox	Rookie,False
2026_topps_update,2026,Topps,Update,BASE SET,,US220,Victor MESA JR.,Miami Marlins	Rookie,US220	Victor MESA JR.	Miami Marlins	Rookie,False
2026_topps_update,2026,Topps,Update,BASE SET,,US221,Jackson Merrill,San Diego Padres	Veteran Combos,US221	Jackson Merrill	San Diego Padres	Veteran Combos,False
2026_topps_update,2026,Topps,Update,BASE SET,,US221,Fernando Tatis Jr.,San Diego Padres	Veteran Combos,US221	Fernando Tatis Jr.	San Diego Padres	Veteran Combos,False
2026_topps_update,2026,Topps,Update,BASE SET,,US222,Michael Lorenzen,Kansas City Royals,US222	Michael Lorenzen	Kansas City Royals,False
2026_topps_update,2026,Topps,Update,BASE SET,,US223,Dylan Crews,Washington Nationals	Rookie Debut,US223	Dylan Crews	Washington Nationals	Rookie Debut,False
2026_topps_update,2026,Topps,Update,BASE SET,,US224,Tim Elko,Chicago White Sox	Rookie,US224	Tim Elko	Chicago White Sox	Rookie,False
2026_topps_update,2026,Topps,Update,BASE SET,,US225,Gavin Sheets,San Diego Padres,US225	Gavin Sheets	San Diego Padres,False
2026_topps_update,2026,Topps,Update,BASE SET,,US226,Tayler Saucedo,Seattle Mariners,US226	Tayler Saucedo	Seattle Mariners,False
2026_topps_update,2026,Topps,Update,BASE SET,,US227,Marc Church,Texas Rangers	Rookie,US227	Marc Church	Texas Rangers	Rookie,False
2026_topps_update,2026,Topps,Update,BASE SET,,US228,Dane Myers,Miami Marlins,US228	Dane Myers	Miami Marlins,False
2026_topps_update,2026,Topps,Update,BASE SET,,US229,Marcell Ozuna,Atlanta Braves	Veteran Combos,US229	Marcell Ozuna	Atlanta Braves	Veteran Combos,False
2026_topps_update,2026,Topps,Update,BASE SET,,US229,Ozzie Albies,Atlanta Braves	Veteran Combos,US229	Ozzie Albies	Atlanta Braves	Veteran Combos,False
2026_topps_update,2026,Topps,Update,BASE SET,,US230,Nathaniel Lowe,Washington Nationals,US230	Nathaniel Lowe	Washington Nationals,False
2026_topps_update,2026,Topps,Update,BASE SET,,US231,Hunter Bigge,Tampa Bay Rays	Rookie,US231	Hunter Bigge	Tampa Bay Rays	Rookie,False
2026_topps_update,2026,Topps,Update,BASE SET,,US232,Juan Morillo,Arizona Diamondbacks	Rookie,US232	Juan Morillo	Arizona Diamondbacks	Rookie,False
2026_topps_update,2026,Topps,Update,BASE SET,,US233,Christian Yelich,Milwaukee Brewers	Veteran Combos,US233	Christian Yelich	Milwaukee Brewers	Veteran Combos,False
2026_topps_update,2026,Topps,Update,BASE SET,,US233,Jackson Chourio,Milwaukee Brewers	Veteran Combos,US233	Jackson Chourio	Milwaukee Brewers	Veteran Combos,False
2026_topps_update,2026,Topps,Update,BASE SET,,US234,Bryan De La Cruz,New York Yankees,US234	Bryan De La Cruz	New York Yankees,False
2026_topps_update,2026,Topps,Update,BASE SET,,US235,Elly De La Cruz,Cincinnati Reds	Season Highlights/Checklist,US235	Elly De La Cruz	Cincinnati Reds	Season Highlights/Checklist,False
2026_topps_update,2026,Topps,Update,BASE SET,,US236,Moisés Ballesteros,Chicago Cubs	Rookie Debut,US236	Moisés Ballesteros	Chicago Cubs	Rookie Debut,False
2026_topps_update,2026,Topps,Update,BASE SET,,US237,Carlos Estévez,Kansas City Royals,US237	Carlos Estévez	Kansas City Royals,False
2026_topps_update,2026,Topps,Update,BASE SET,,US238,Zak Kent,Cleveland Guardians	Rookie,US238	Zak Kent	Cleveland Guardians	Rookie,False
2026_topps_update,2026,Topps,Update,BASE SET,,US239,Alex Vesia,Los Angeles Dodgers,US239	Alex Vesia	Los Angeles Dodgers,False
2026_topps_update,2026,Topps,Update,BASE SET,,US240,Randy Rodríguez,San Francisco Giants,US240	Randy Rodríguez	San Francisco Giants,False
2026_topps_update,2026,Topps,Update,BASE SET,,US241,Marcelo Mayer,Boston Red Sox	Veteran Combos,US241	Marcelo Mayer	Boston Red Sox	Veteran Combos,False
2026_topps_update,2026,Topps,Update,BASE SET,,US241,Kristian Campbell,Boston Red Sox	Veteran Combos,US241	Kristian Campbell	Boston Red Sox	Veteran Combos,False
2026_topps_update,2026,Topps,Update,BASE SET,,US242,Charlie Morton,Baltimore Orioles,US242	Charlie Morton	Baltimore Orioles,False
2026_topps_update,2026,Topps,Update,BASE SET,,US243,Brooks Lee,Minnesota Twins	Rookie Debut,US243	Brooks Lee	Minnesota Twins	Rookie Debut,False
2026_topps_update,2026,Topps,Update,BASE SET,,US244,Julio Rodríguez,Seattle Mariners	Veteran Combos,US244	Julio Rodríguez	Seattle Mariners	Veteran Combos,False
2026_topps_update,2026,Topps,Update,BASE SET,,US244,Randy Arozarena,Seattle Mariners	Veteran Combos,US244	Randy Arozarena	Seattle Mariners	Veteran Combos,False
2026_topps_update,2026,Topps,Update,BASE SET,,US245,Clay Holmes,New York Mets,US245	Clay Holmes	New York Mets,False
2026_topps_update,2026,Topps,Update,BASE SET,,US246,Mickey Moniak,Colorado Rockies,US246	Mickey Moniak	Colorado Rockies,False
2026_topps_update,2026,Topps,Update,BASE SET,,US247,Tyler Owens,Detroit Tigers	Rookie,US247	Tyler Owens	Detroit Tigers	Rookie,False
2026_topps_update,2026,Topps,Update,BASE SET,,US248,Justin Steele,Chicago Cubs,US248	Justin Steele	Chicago Cubs,False
2026_topps_update,2026,Topps,Update,BASE SET,,US249,Gerson Garabito,Texas Rangers	Rookie,US249	Gerson Garabito	Texas Rangers	Rookie,False
2026_topps_update,2026,Topps,Update,BASE SET,,US250,Max Muncy,Athletics	Rookie,US250	Max Muncy	Athletics	Rookie,False
2026_topps_update,2026,Topps,Update,BASE SET,,US251,Alan Roden,Toronto Blue Jays	Rookie,US251	Alan Roden	Toronto Blue Jays	Rookie,False
2026_topps_update,2026,Topps,Update,BASE SET,,US252,Justin Sterner,Athletics	Rookie,US252	Justin Sterner	Athletics	Rookie,False
2026_topps_update,2026,Topps,Update,BASE SET,,US253,Caleb Freeman,Chicago White Sox	Rookie,US253	Caleb Freeman	Chicago White Sox	Rookie,False
2026_topps_update,2026,Topps,Update,BASE SET,,US254,Gunnar Hoglund,Athletics	Rookie,US254	Gunnar Hoglund	Athletics	Rookie,False
2026_topps_update,2026,Topps,Update,BASE SET,,US255,Will Wilson,Cleveland Guardians	Rookie,US255	Will Wilson	Cleveland Guardians	Rookie,False
2026_topps_update,2026,Topps,Update,BASE SET,,US256,Dalton Rushing,Los Angeles Dodgers	Rookie Debut,US256	Dalton Rushing	Los Angeles Dodgers	Rookie Debut,False
2026_topps_update,2026,Topps,Update,BASE SET,,US257,Hunter Dobbins,Boston Red Sox	Rookie,US257	Hunter Dobbins	Boston Red Sox	Rookie,False
2026_topps_update,2026,Topps,Update,BASE SET,,US258,Jorbit Vivas,New York Yankees	Rookie,US258	Jorbit Vivas	New York Yankees	Rookie,False
2026_topps_update,2026,Topps,Update,BASE SET,,US259,Chase Dollander,Colorado Rockies	Rookie Debut,US259	Chase Dollander	Colorado Rockies	Rookie Debut,False
2026_topps_update,2026,Topps,Update,BASE SET,,US260,Francisco Lindor,New York Mets	Veteran Combos,US260	Francisco Lindor	New York Mets	Veteran Combos,False
2026_topps_update,2026,Topps,Update,BASE SET,,US260,Juan Soto,New York Mets	Veteran Combos,US260	Juan Soto	New York Mets	Veteran Combos,False
2026_topps_update,2026,Topps,Update,BASE SET,,US261,Craig Yoho,Milwaukee Brewers	Rookie,US261	Craig Yoho	Milwaukee Brewers	Rookie,False
2026_topps_update,2026,Topps,Update,BASE SET,,US262,Moisés Ballesteros,Chicago Cubs	Rookie,US262	Moisés Ballesteros	Chicago Cubs	Rookie,False
2026_topps_update,2026,Topps,Update,BASE SET,,US263,Jeremiah Estrada,San Diego Padres,US263	Jeremiah Estrada	San Diego Padres,False
2026_topps_update,2026,Topps,Update,BASE SET,,US264,Kumar Rocker,Texas Rangers	Rookie Debut,US264	Kumar Rocker	Texas Rangers	Rookie Debut,False
2026_topps_update,2026,Topps,Update,BASE SET,,US265,Sauryn Lao,Seattle Mariners	Rookie,US265	Sauryn Lao	Seattle Mariners	Rookie,False
2026_topps_update,2026,Topps,Update,BASE SET,,US266,Tommy Pham,Pittsburgh Pirates,US266	Tommy Pham	Pittsburgh Pirates,False
2026_topps_update,2026,Topps,Update,BASE SET,,US267,Adrian Del Castillo,Arizona Diamondbacks	Rookie Debut,US267	Adrian Del Castillo	Arizona Diamondbacks	Rookie Debut,False
2026_topps_update,2026,Topps,Update,BASE SET,,US268,Ty France,Minnesota Twins,US268	Ty France	Minnesota Twins,False
2026_topps_update,2026,Topps,Update,BASE SET,,US269,Shohei Ohtani,Los Angeles Dodgers	Veteran Combos,US269	Shohei Ohtani	Los Angeles Dodgers	Veteran Combos,False
2026_topps_update,2026,Topps,Update,BASE SET,,US269,Roki Sasaki,Los Angeles Dodgers	Veteran Combos,US269	Roki Sasaki	Los Angeles Dodgers	Veteran Combos,False
2026_topps_update,2026,Topps,Update,BASE SET,,US270,Mick Abel,Philadelphia Phillies	Rookie Debut,US270	Mick Abel	Philadelphia Phillies	Rookie Debut,False
2026_topps_update,2026,Topps,Update,BASE SET,,US271,Tylor Megill,New York Mets,US271	Tylor Megill	New York Mets,False
2026_topps_update,2026,Topps,Update,BASE SET,,US272,Jose Herrera,Arizona Diamondbacks,US272	Jose Herrera	Arizona Diamondbacks,False
2026_topps_update,2026,Topps,Update,BASE SET,,US273,Thomas Harrington,Pittsburgh Pirates	Rookie,US273	Thomas Harrington	Pittsburgh Pirates	Rookie,False
2026_topps_update,2026,Topps,Update,BASE SET,,US274,Maverick Handley,Baltimore Orioles	Rookie,US274	Maverick Handley	Baltimore Orioles	Rookie,False
2026_topps_update,2026,Topps,Update,BASE SET,,US275,Chase Petty,Cincinnati Reds	Rookie,US275	Chase Petty	Cincinnati Reds	Rookie,False
2026_topps_update,2026,Topps,Update,BASE SET,,US276,Marcelo Mayer,Boston Red Sox	Rookie Debut,US276	Marcelo Mayer	Boston Red Sox	Rookie Debut,False
2026_topps_update,2026,Topps,Update,BASE SET,,US277,Chandler Simpson,Tampa Bay Rays	Rookie,US277	Chandler Simpson	Tampa Bay Rays	Rookie,False
2026_topps_update,2026,Topps,Update,BASE SET,,US278,Shane Smith,Chicago White Sox	Rookie,US278	Shane Smith	Chicago White Sox	Rookie,False
2026_topps_update,2026,Topps,Update,BASE SET,,US279,Carson McCusker,Minnesota Twins	Rookie,US279	Carson McCusker	Minnesota Twins	Rookie,False
2026_topps_update,2026,Topps,Update,BASE SET,,US280,Evan Kravetz,Cincinnati Reds	Rookie,US280	Evan Kravetz	Cincinnati Reds	Rookie,False
2026_topps_update,2026,Topps,Update,BASE SET,,US281,Donovan Solano,Seattle Mariners,US281	Donovan Solano	Seattle Mariners,False
2026_topps_update,2026,Topps,Update,BASE SET,,US282,Coby Mayo,Baltimore Orioles	Rookie Debut,US282	Coby Mayo	Baltimore Orioles	Rookie Debut,False
2026_topps_update,2026,Topps,Update,BASE SET,,US283,Jeffrey Springs,Athletics,US283	Jeffrey Springs	Athletics,False
2026_topps_update,2026,Topps,Update,BASE SET,,US284,Erik Sabrowski,Cleveland Guardians	Rookie,US284	Erik Sabrowski	Cleveland Guardians	Rookie,False
2026_topps_update,2026,Topps,Update,BASE SET,,US285,Juan Mejia,Colorado Rockies	Rookie,US285	Juan Mejia	Colorado Rockies	Rookie,False
2026_topps_update,2026,Topps,Update,BASE SET,,US286,Zac Veen,Colorado Rockies	Rookie,US286	Zac Veen	Colorado Rockies	Rookie,False
2026_topps_update,2026,Topps,Update,BASE SET,,US287,Tim Tawa,Arizona Diamondbacks	Rookie,US287	Tim Tawa	Arizona Diamondbacks	Rookie,False
2026_topps_update,2026,Topps,Update,BASE SET,,US288,Logan Allen,Cleveland Guardians,US288	Logan Allen	Cleveland Guardians,False
2026_topps_update,2026,Topps,Update,BASE SET,,US289,Rafael Marchán,Philadelphia Phillies,US289	Rafael Marchán	Philadelphia Phillies,False
2026_topps_update,2026,Topps,Update,BASE SET,,US290,Francisco Lindor,New York Mets	Season Highlights/Checklist,US290	Francisco Lindor	New York Mets	Season Highlights/Checklist,False
2026_topps_update,2026,Topps,Update,BASE SET,,US291,Mickey Gasper,Minnesota Twins	Rookie,US291	Mickey Gasper	Minnesota Twins	Rookie,False
2026_topps_update,2026,Topps,Update,BASE SET,,US292,Ryan Gusto,Houston Astros	Rookie,US292	Ryan Gusto	Houston Astros	Rookie,False
2026_topps_update,2026,Topps,Update,BASE SET,,US293,Matt Svanson,St. Louis Cardinals	Rookie,US293	Matt Svanson	St. Louis Cardinals	Rookie,False
2026_topps_update,2026,Topps,Update,BASE SET,,US294,Davis Martin,Chicago White Sox,US294	Davis Martin	Chicago White Sox,False
2026_topps_update,2026,Topps,Update,BASE SET,,US295,Ryan Bergert,San Diego Padres	Rookie,US295	Ryan Bergert	San Diego Padres	Rookie,False
2026_topps_update,2026,Topps,Update,BASE SET,,US296,Parker Dunshee,Atlanta Braves	Rookie,US296	Parker Dunshee	Atlanta Braves	Rookie,False
2026_topps_update,2026,Topps,Update,BASE SET,,US297,Luis Torrens,New York Mets,US297	Luis Torrens	New York Mets,False
2026_topps_update,2026,Topps,Update,BASE SET,,US298,Cam Smith,Houston Astros	Rookie,US298	Cam Smith	Houston Astros	Rookie,False
2026_topps_update,2026,Topps,Update,BASE SET,,US299,Andrew Heaney,Pittsburgh Pirates,US299	Andrew Heaney	Pittsburgh Pirates,False
2026_topps_update,2026,Topps,Update,BASE SET,,US300,Rafael Devers,San Francisco Giants,US300	Rafael Devers	San Francisco Giants,False
2026_topps_update,2026,Topps,Update,BASE SET,,US301,Kyle Hart,San Diego Padres	Rookie,US301	Kyle Hart	San Diego Padres	Rookie,False
2026_topps_update,2026,Topps,Update,BASE SET,,US302,Logan Evans,Seattle Mariners	Rookie,US302	Logan Evans	Seattle Mariners	Rookie,False
2026_topps_update,2026,Topps,Update,BASE SET,,US303,Tyler Freeman,Colorado Rockies,US303	Tyler Freeman	Colorado Rockies,False
2026_topps_update,2026,Topps,Update,BASE SET,,US304,Daniel Robert,Texas Rangers	Rookie,US304	Daniel Robert	Texas Rangers	Rookie,False
2026_topps_update,2026,Topps,Update,BASE SET,,US305,Derek Hill,Miami Marlins,US305	Derek Hill	Miami Marlins,False
2026_topps_update,2026,Topps,Update,BASE SET,,US306,Jake Mangum,Tampa Bay Rays	Rookie,US306	Jake Mangum	Tampa Bay Rays	Rookie,False
2026_topps_update,2026,Topps,Update,BASE SET,,US307,Chad Patrick,Milwaukee Brewers	Rookie,US307	Chad Patrick	Milwaukee Brewers	Rookie,False
2026_topps_update,2026,Topps,Update,BASE SET,,US308,Ryan Fitzgerald,Minnesota Twins	Rookie,US308	Ryan Fitzgerald	Minnesota Twins	Rookie,False
2026_topps_update,2026,Topps,Update,BASE SET,,US309,Dansby Swanson,Chicago Cubs	Veteran Combos,US309	Dansby Swanson	Chicago Cubs	Veteran Combos,False
2026_topps_update,2026,Topps,Update,BASE SET,,US309,Matt Shaw,Chicago Cubs	Veteran Combos,US309	Matt Shaw	Chicago Cubs	Veteran Combos,False
2026_topps_update,2026,Topps,Update,BASE SET,,US310,Eric Wagaman,Miami Marlins	Rookie,US310	Eric Wagaman	Miami Marlins	Rookie,False
2026_topps_update,2026,Topps,Update,BASE SET,,US311,Kevin Pillar,Texas Rangers,US311	Kevin Pillar	Texas Rangers,False
2026_topps_update,2026,Topps,Update,BASE SET,,US312,Hyeseong Kim,Los Angeles Dodgers	Rookie Debut,US312	Hyeseong Kim	Los Angeles Dodgers	Rookie Debut,False
2026_topps_update,2026,Topps,Update,BASE SET,,US313,Miles Mastrobuoni,Seattle Mariners,US313	Miles Mastrobuoni	Seattle Mariners,False
2026_topps_update,2026,Topps,Update,BASE SET,,US314,Matthew Lugo,Angels	Rookie,US314	Matthew Lugo	Angels	Rookie,False
2026_topps_update,2026,Topps,Update,BASE SET,,US315,Tyler Callihan,Cincinnati Reds	Rookie,US315	Tyler Callihan	Cincinnati Reds	Rookie,False
2026_topps_update,2026,Topps,Update,BASE SET,,US316,Drew Rasmussen,Tampa Bay Rays,US316	Drew Rasmussen	Tampa Bay Rays,False
2026_topps_update,2026,Topps,Update,BASE SET,,US317,Ryan Miller,Detroit Tigers	Rookie,US317	Ryan Miller	Detroit Tigers	Rookie,False
2026_topps_update,2026,Topps,Update,BASE SET,,US318,Rhett Lowder,Cincinnati Reds	Rookie Debut,US318	Rhett Lowder	Cincinnati Reds	Rookie Debut,False
2026_topps_update,2026,Topps,Update,BASE SET,,US319,Michael Darrell-Hicks,Angels	Rookie,US319	Michael Darrell-Hicks	Angels	Rookie,False
2026_topps_update,2026,Topps,Update,BASE SET,,US320,Austin Kitchen,Seattle Mariners	Rookie,US320	Austin Kitchen	Seattle Mariners	Rookie,False
2026_topps_update,2026,Topps,Update,BASE SET,,US321,Carson Palmquist,Colorado Rockies	Rookie,US321	Carson Palmquist	Colorado Rockies	Rookie,False
2026_topps_update,2026,Topps,Update,BASE SET,,US322,Amed Rosario,Washington Nationals,US322	Amed Rosario	Washington Nationals,False
2026_topps_update,2026,Topps,Update,BASE SET,,US323,Luis Contreras,Houston Astros	Rookie,US323	Luis Contreras	Houston Astros	Rookie,False
2026_topps_update,2026,Topps,Update,BASE SET,,US324,Ryan Zeferjahn,Angels	Rookie,US324	Ryan Zeferjahn	Angels	Rookie,False
2026_topps_update,2026,Topps,Update,BASE SET,,US325,Edgar Quero,Chicago White Sox	Rookie Debut,US325	Edgar Quero	Chicago White Sox	Rookie Debut,False
2026_topps_update,2026,Topps,Update,BASE SET,,US326,James Meeker,Milwaukee Brewers	Rookie,US326	James Meeker	Milwaukee Brewers	Rookie,False
2026_topps_update,2026,Topps,Update,BASE SET,,US327,Spencer Schwellenbach,Atlanta Braves	Rookie Debut,US327	Spencer Schwellenbach	Atlanta Braves	Rookie Debut,False
2026_topps_update,2026,Topps,Update,BASE SET,,US328,Camilo Doval,San Francisco Giants,US328	Camilo Doval	San Francisco Giants,False
2026_topps_update,2026,Topps,Update,BASE SET,,US329,Robert Garcia,Texas Rangers,US329	Robert Garcia	Texas Rangers,False
2026_topps_update,2026,Topps,Update,BASE SET,,US330,Austin Wynns,Athletics,US330	Austin Wynns	Athletics,False
2026_topps_update,2026,Topps,Update,BASE SET,,US331,Elly De La Cruz,Cincinnati Reds	Veteran Combos,US331	Elly De La Cruz	Cincinnati Reds	Veteran Combos,False
2026_topps_update,2026,Topps,Update,BASE SET,,US331,Matt McLain,Cincinnati Reds	Veteran Combos,US331	Matt McLain	Cincinnati Reds	Veteran Combos,False
2026_topps_update,2026,Topps,Update,BASE SET,,US332,Agustín Ramírez,Miami Marlins	Rookie Debut,US332	Agustín Ramírez	Miami Marlins	Rookie Debut,False
2026_topps_update,2026,Topps,Update,BASE SET,,US333,Brady Feigl,Minnesota Twins	Rookie,US333	Brady Feigl	Minnesota Twins	Rookie,False
2026_topps_update,2026,Topps,Update,BASE SET,,US334,Luis Urías,Athletics,US334	Luis Urías	Athletics,False
2026_topps_update,2026,Topps,Update,BASE SET,,US335,Colin Rea,Chicago Cubs,US335	Colin Rea	Chicago Cubs,False
2026_topps_update,2026,Topps,Update,BASE SET,,US336,Luisangel Acuña,New York Mets	Rookie Debut,US336	Luisangel Acuña	New York Mets	Rookie Debut,False
2026_topps_update,2026,Topps,Update,BASE SET,,US337,Chase Meidroth,Chicago White Sox	Rookie,US337	Chase Meidroth	Chicago White Sox	Rookie,False
2026_topps_update,2026,Topps,Update,BASE SET,,US338,José Fermin,Angels	Rookie,US338	José Fermin	Angels	Rookie,False
2026_topps_update,2026,Topps,Update,BASE SET,,US339,Thairo Estrada,Colorado Rockies,US339	Thairo Estrada	Colorado Rockies,False
2026_topps_update,2026,Topps,Update,BASE SET,,US340,Myles Straw,Toronto Blue Jays,US340	Myles Straw	Toronto Blue Jays,False
2026_topps_update,2026,Topps,Update,BASE SET,,US341,Nolan Jones,Cleveland Guardians,US341	Nolan Jones	Cleveland Guardians,False
2026_topps_update,2026,Topps,Update,BASE SET,,US342,Luke Keaschall,Minnesota Twins	Rookie Debut,US342	Luke Keaschall	Minnesota Twins	Rookie Debut,False
2026_topps_update,2026,Topps,Update,BASE SET,,US343,Jorge Soler,Angels,US343	Jorge Soler	Angels,False
2026_topps_update,2026,Topps,Update,BASE SET,,US344,Brady Singer,Cincinnati Reds,US344	Brady Singer	Cincinnati Reds,False
2026_topps_update,2026,Topps,Update,BASE SET,,US345,Matt Shaw,Chicago Cubs	Rookie Debut,US345	Matt Shaw	Chicago Cubs	Rookie Debut,False
2026_topps_update,2026,Topps,Update,BASE SET,,US346,JoJo Romero,St. Louis Cardinals,US346	JoJo Romero	St. Louis Cardinals,False
2026_topps_update,2026,Topps,Update,BASE SET,,US347,Michael Soroka,Washington Nationals,US347	Michael Soroka	Washington Nationals,False
2026_topps_update,2026,Topps,Update,BASE SET,,US348,David Morgan,San Diego Padres	Rookie,US348	David Morgan	San Diego Padres	Rookie,False
2026_topps_update,2026,Topps,Update,BASE SET,,US349,Chandler Simpson,Tampa Bay Rays	Rookie Debut,US349	Chandler Simpson	Tampa Bay Rays	Rookie Debut,False
2026_topps_update,2026,Topps,Update,BASE SET,,US350,Paxton Schultz,Toronto Blue Jays	Rookie,US350	Paxton Schultz	Toronto Blue Jays	Rookie,False
2026_topps_update,2026,Topps,Update,GOLDEN MIRROR IMAGE VARIATION,,US1,Kristian Campbell,Boston Red Sox	Rookie,US1	Kristian Campbell	Boston Red Sox	Rookie,False
2026_topps_update,2026,Topps,Update,GOLDEN MIRROR IMAGE VARIATION,,US2,Zac Veen,Colorado Rockies	Rookie Debut,US2	Zac Veen	Colorado Rockies	Rookie Debut,False
2026_topps_update,2026,Topps,Update,GOLDEN MIRROR IMAGE VARIATION,,US3,Jamie Westbrook,Tampa Bay Rays	Rookie,US3	Jamie Westbrook	Tampa Bay Rays	Rookie,False
2026_topps_update,2026,Topps,Update,GOLDEN MIRROR IMAGE VARIATION,,US4,Alex Verdugo,Atlanta Braves,US4	Alex Verdugo	Atlanta Braves,False
2026_topps_update,2026,Topps,Update,GOLDEN MIRROR IMAGE VARIATION,,US5,Jeff Criswell,Colorado Rockies	Rookie,US5	Jeff Criswell	Colorado Rockies	Rookie,False
2026_topps_update,2026,Topps,Update,GOLDEN MIRROR IMAGE VARIATION,,US6,Levi Jordan,Cincinnati Reds	Rookie,US6	Levi Jordan	Cincinnati Reds	Rookie,False
2026_topps_update,2026,Topps,Update,GOLDEN MIRROR IMAGE VARIATION,,US7,Christian Vázquez,Minnesota Twins,US7	Christian Vázquez	Minnesota Twins,False
2026_topps_update,2026,Topps,Update,GOLDEN MIRROR IMAGE VARIATION,,US8,Tanner Gordon,Colorado Rockies	Rookie,US8	Tanner Gordon	Colorado Rockies	Rookie,False
2026_topps_update,2026,Topps,Update,GOLDEN MIRROR IMAGE VARIATION,,US9,Jeff Hoffman,Toronto Blue Jays,US9	Jeff Hoffman	Toronto Blue Jays,False
2026_topps_update,2026,Topps,Update,GOLDEN MIRROR IMAGE VARIATION,,US10,Alejandro Osuna,Texas Rangers	Rookie,US10	Alejandro Osuna	Texas Rangers	Rookie,False
2026_topps_update,2026,Topps,Update,GOLDEN MIRROR IMAGE VARIATION,,US11,Agustín Ramírez,Miami Marlins	Rookie,US11	Agustín Ramírez	Miami Marlins	Rookie,False
2026_topps_update,2026,Topps,Update,GOLDEN MIRROR IMAGE VARIATION,,US12,Andrés Muñoz,Seattle Mariners,US12	Andrés Muñoz	Seattle Mariners,False
2026_topps_update,2026,Topps,Update,GOLDEN MIRROR IMAGE VARIATION,,US13,Jose Trevino,Cincinnati Reds,US13	Jose Trevino	Cincinnati Reds,False
2026_topps_update,2026,Topps,Update,GOLDEN MIRROR IMAGE VARIATION,,US14,Denzel Clarke,Athletics	Rookie,US14	Denzel Clarke	Athletics	Rookie,False
2026_topps_update,2026,Topps,Update,GOLDEN MIRROR IMAGE VARIATION,,US15,Kyren Paris,Angels,US15	Kyren Paris	Angels,False
2026_topps_update,2026,Topps,Update,GOLDEN MIRROR IMAGE VARIATION,,US16,Luke Keaschall,Minnesota Twins	Rookie,US16	Luke Keaschall	Minnesota Twins	Rookie,False
2026_topps_update,2026,Topps,Update,GOLDEN MIRROR IMAGE VARIATION,,US17,Garrett McDaniels,Angels	Rookie,US17	Garrett McDaniels	Angels	Rookie,False
2026_topps_update,2026,Topps,Update,GOLDEN MIRROR IMAGE VARIATION,,US18,Evan Phillips,Los Angeles Dodgers,US18	Evan Phillips	Los Angeles Dodgers,False
2026_topps_update,2026,Topps,Update,GOLDEN MIRROR IMAGE VARIATION,,US19,Rowdy Tellez,Seattle Mariners,US19	Rowdy Tellez	Seattle Mariners,False
2026_topps_update,2026,Topps,Update,GOLDEN MIRROR IMAGE VARIATION,,US20,Mitch Spence,Athletics,US20	Mitch Spence	Athletics,False
2026_topps_update,2026,Topps,Update,GOLDEN MIRROR IMAGE VARIATION,,US21,Thomas Saggese,St. Louis Cardinals	Rookie Debut,US21	Thomas Saggese	St. Louis Cardinals	Rookie Debut,False
2026_topps_update,2026,Topps,Update,GOLDEN MIRROR IMAGE VARIATION,,US22,Blade Tidwell,New York Mets	Rookie,US22	Blade Tidwell	New York Mets	Rookie,False
2026_topps_update,2026,Topps,Update,GOLDEN MIRROR IMAGE VARIATION,,US23,Gio Urshela,Athletics,US23	Gio Urshela	Athletics,False
2026_topps_update,2026,Topps,Update,GOLDEN MIRROR IMAGE VARIATION,,US24,Yoán Moncada,Angels,US24	Yoán Moncada	Angels,False
2026_topps_update,2026,Topps,Update,GOLDEN MIRROR IMAGE VARIATION,,US25,Ben Rice,New York Yankees	Rookie Debut,US25	Ben Rice	New York Yankees	Rookie Debut,False
2026_topps_update,2026,Topps,Update,GOLDEN MIRROR IMAGE VARIATION,,US26,José Ramírez,Cleveland Guardians	Veteran Combos,US26	José Ramírez	Cleveland Guardians	Veteran Combos,False
2026_topps_update,2026,Topps,Update,GOLDEN MIRROR IMAGE VARIATION,,US26,Steven Kwan,Cleveland Guardians	Veteran Combos,US26	Steven Kwan	Cleveland Guardians	Veteran Combos,False
2026_topps_update,2026,Topps,Update,GOLDEN MIRROR IMAGE VARIATION,,US27,Justin Turner,Chicago Cubs,US27	Justin Turner	Chicago Cubs,False
2026_topps_update,2026,Topps,Update,GOLDEN MIRROR IMAGE VARIATION,,US28,Grant Koch,Pittsburgh Pirates	Rookie,US28	Grant Koch	Pittsburgh Pirates	Rookie,False
2026_topps_update,2026,Topps,Update,GOLDEN MIRROR IMAGE VARIATION,,US29,Luis Matos,San Francisco Giants,US29	Luis Matos	San Francisco Giants,False
2026_topps_update,2026,Topps,Update,GOLDEN MIRROR IMAGE VARIATION,,US30,Eric Haase,Milwaukee Brewers,US30	Eric Haase	Milwaukee Brewers,False
2026_topps_update,2026,Topps,Update,GOLDEN MIRROR IMAGE VARIATION,,US31,Zach Agnos,Colorado Rockies	Rookie,US31	Zach Agnos	Colorado Rockies	Rookie,False
2026_topps_update,2026,Topps,Update,GOLDEN MIRROR IMAGE VARIATION,,US32,Braxton Ashcraft,Pittsburgh Pirates	Rookie,US32	Braxton Ashcraft	Pittsburgh Pirates	Rookie,False
2026_topps_update,2026,Topps,Update,GOLDEN MIRROR IMAGE VARIATION,,US33,Travis d'Arnaud,Angels,US33	Travis d'Arnaud	Angels,False
2026_topps_update,2026,Topps,Update,GOLDEN MIRROR IMAGE VARIATION,,US34,Hayden Birdsong,San Francisco Giants	Rookie Debut,US34	Hayden Birdsong	San Francisco Giants	Rookie Debut,False
2026_topps_update,2026,Topps,Update,GOLDEN MIRROR IMAGE VARIATION,,US35,Steven Matz,St. Louis Cardinals,US35	Steven Matz	St. Louis Cardinals,False
2026_topps_update,2026,Topps,Update,GOLDEN MIRROR IMAGE VARIATION,,US36,Luis Guerrero,Boston Red Sox	Rookie,US36	Luis Guerrero	Boston Red Sox	Rookie,False
2026_topps_update,2026,Topps,Update,GOLDEN MIRROR IMAGE VARIATION,,US37,Zebby Matthews,Minnesota Twins	Rookie Debut,US37	Zebby Matthews	Minnesota Twins	Rookie Debut,False
2026_topps_update,2026,Topps,Update,GOLDEN MIRROR IMAGE VARIATION,,US38,Dalton Rushing,Los Angeles Dodgers	Rookie,US38	Dalton Rushing	Los Angeles Dodgers	Rookie,False
2026_topps_update,2026,Topps,Update,GOLDEN MIRROR IMAGE VARIATION,,US39,Brad Lord,Washington Nationals	Rookie,US39	Brad Lord	Washington Nationals	Rookie,False
2026_topps_update,2026,Topps,Update,GOLDEN MIRROR IMAGE VARIATION,,US40,Griffin Canning,New York Mets,US40	Griffin Canning	New York Mets,False
2026_topps_update,2026,Topps,Update,GOLDEN MIRROR IMAGE VARIATION,,US41,Curtis Mead,Tampa Bay Rays,US41	Curtis Mead	Tampa Bay Rays,False
2026_topps_update,2026,Topps,Update,GOLDEN MIRROR IMAGE VARIATION,,US42,Manuel Margot,Detroit Tigers,US42	Manuel Margot	Detroit Tigers,False
2026_topps_update,2026,Topps,Update,GOLDEN MIRROR IMAGE VARIATION,,US43,Mike Tauchman,Chicago White Sox,US43	Mike Tauchman	Chicago White Sox,False
2026_topps_update,2026,Topps,Update,GOLDEN MIRROR IMAGE VARIATION,,US44,Doug Nikhazy,Cleveland Guardians	Rookie,US44	Doug Nikhazy	Cleveland Guardians	Rookie,False
2026_topps_update,2026,Topps,Update,GOLDEN MIRROR IMAGE VARIATION,,US45,Cam Smith,Houston Astros	Rookie Debut,US45	Cam Smith	Houston Astros	Rookie Debut,False
2026_topps_update,2026,Topps,Update,GOLDEN MIRROR IMAGE VARIATION,,US46,Ryan Pressly,Chicago Cubs,US46	Ryan Pressly	Chicago Cubs,False
2026_topps_update,2026,Topps,Update,GOLDEN MIRROR IMAGE VARIATION,,US47,Chase Shugart,Pittsburgh Pirates	Rookie,US47	Chase Shugart	Pittsburgh Pirates	Rookie,False
2026_topps_update,2026,Topps,Update,GOLDEN MIRROR IMAGE VARIATION,,US48,Matt Thaiss,Tampa Bay Rays,US48	Matt Thaiss	Tampa Bay Rays,False
2026_topps_update,2026,Topps,Update,GOLDEN MIRROR IMAGE VARIATION,,US49,Michael Petersen,Miami Marlins	Rookie,US49	Michael Petersen	Miami Marlins	Rookie,False
2026_topps_update,2026,Topps,Update,GOLDEN MIRROR IMAGE VARIATION,,US50,Cody Bellinger,New York Yankees,US50	Cody Bellinger	New York Yankees,False
2026_topps_update,2026,Topps,Update,GOLDEN MIRROR IMAGE VARIATION,,US51,Adam Frazier,Pittsburgh Pirates,US51	Adam Frazier	Pittsburgh Pirates,False
2026_topps_update,2026,Topps,Update,GOLDEN MIRROR IMAGE VARIATION,,US52,Liam Hicks,Miami Marlins	Rookie,US52	Liam Hicks	Miami Marlins	Rookie,False
2026_topps_update,2026,Topps,Update,GOLDEN MIRROR IMAGE VARIATION,,US53,Luarbert Arias,Miami Marlins	Rookie,US53	Luarbert Arias	Miami Marlins	Rookie,False
2026_topps_update,2026,Topps,Update,GOLDEN MIRROR IMAGE VARIATION,,US54,Jared Triolo,Pittsburgh Pirates,US54	Jared Triolo	Pittsburgh Pirates,False
2026_topps_update,2026,Topps,Update,GOLDEN MIRROR IMAGE VARIATION,,US55,Tomoyuki Sugano,Baltimore Orioles	Rookie Debut,US55	Tomoyuki Sugano	Baltimore Orioles	Rookie Debut,False
2026_topps_update,2026,Topps,Update,GOLDEN MIRROR IMAGE VARIATION,,US56,Dominic Canzone,Seattle Mariners,US56	Dominic Canzone	Seattle Mariners,False
2026_topps_update,2026,Topps,Update,GOLDEN MIRROR IMAGE VARIATION,,US57,Michael Taylor,Chicago White Sox,US57	Michael Taylor	Chicago White Sox,False
2026_topps_update,2026,Topps,Update,GOLDEN MIRROR IMAGE VARIATION,,US58,Connor Joe,Cincinnati Reds,US58	Connor Joe	Cincinnati Reds,False
2026_topps_update,2026,Topps,Update,GOLDEN MIRROR IMAGE VARIATION,,US59,Caleb Durbin,Milwaukee Brewers	Rookie Debut,US59	Caleb Durbin	Milwaukee Brewers	Rookie Debut,False
2026_topps_update,2026,Topps,Update,GOLDEN MIRROR IMAGE VARIATION,,US60,Michael McGreevy,St. Louis Cardinals	Rookie Debut,US60	Michael McGreevy	St. Louis Cardinals	Rookie Debut,False
2026_topps_update,2026,Topps,Update,GOLDEN MIRROR IMAGE VARIATION,,US61,Elvis Alvarado,Athletics	Rookie,US61	Elvis Alvarado	Athletics	Rookie,False
2026_topps_update,2026,Topps,Update,GOLDEN MIRROR IMAGE VARIATION,,US62,Joe Boyle,Tampa Bay Rays,US62	Joe Boyle	Tampa Bay Rays,False
2026_topps_update,2026,Topps,Update,GOLDEN MIRROR IMAGE VARIATION,,US63,Connor Thomas,Milwaukee Brewers	Rookie,US63	Connor Thomas	Milwaukee Brewers	Rookie,False
2026_topps_update,2026,Topps,Update,GOLDEN MIRROR IMAGE VARIATION,,US64,Ji Hwan Bae,Pittsburgh Pirates,US64	Ji Hwan Bae	Pittsburgh Pirates,False
2026_topps_update,2026,Topps,Update,GOLDEN MIRROR IMAGE VARIATION,,US65,Noah Cameron,Kansas City Royals	Rookie,US65	Noah Cameron	Kansas City Royals	Rookie,False
2026_topps_update,2026,Topps,Update,GOLDEN MIRROR IMAGE VARIATION,,US66,Zack Littell,Tampa Bay Rays,US66	Zack Littell	Tampa Bay Rays,False
2026_topps_update,2026,Topps,Update,GOLDEN MIRROR IMAGE VARIATION,,US67,Nic Enright,Cleveland Guardians	Rookie,US67	Nic Enright	Cleveland Guardians	Rookie,False
2026_topps_update,2026,Topps,Update,GOLDEN MIRROR IMAGE VARIATION,,US68,Matt Mervis,Miami Marlins,US68	Matt Mervis	Miami Marlins,False
2026_topps_update,2026,Topps,Update,GOLDEN MIRROR IMAGE VARIATION,,US69,Nick Pivetta,San Diego Padres,US69	Nick Pivetta	San Diego Padres,False
2026_topps_update,2026,Topps,Update,GOLDEN MIRROR IMAGE VARIATION,,US70,Dustin May,Los Angeles Dodgers,US70	Dustin May	Los Angeles Dodgers,False
2026_topps_update,2026,Topps,Update,GOLDEN MIRROR IMAGE VARIATION,,US71,Jason Heyward,San Diego Padres,US71	Jason Heyward	San Diego Padres,False
2026_topps_update,2026,Topps,Update,GOLDEN MIRROR IMAGE VARIATION,,US72,Tsung-Che Cheng,Pittsburgh Pirates	Rookie,US72	Tsung-Che Cheng	Pittsburgh Pirates	Rookie,False
2026_topps_update,2026,Topps,Update,GOLDEN MIRROR IMAGE VARIATION,,US73,Chris Paddack,Minnesota Twins,US73	Chris Paddack	Minnesota Twins,False
2026_topps_update,2026,Topps,Update,GOLDEN MIRROR IMAGE VARIATION,,US74,Travis Jankowski,New York Mets,US74	Travis Jankowski	New York Mets,False
2026_topps_update,2026,Topps,Update,GOLDEN MIRROR IMAGE VARIATION,,US75,Andrés Giménez,Toronto Blue Jays,US75	Andrés Giménez	Toronto Blue Jays,False
2026_topps_update,2026,Topps,Update,GOLDEN MIRROR IMAGE VARIATION,,US76,Martín Maldonado,San Diego Padres,US76	Martín Maldonado	San Diego Padres,False
2026_topps_update,2026,Topps,Update,GOLDEN MIRROR IMAGE VARIATION,,US77,Jack Dreyer,Los Angeles Dodgers	Rookie,US77	Jack Dreyer	Los Angeles Dodgers	Rookie,False
2026_topps_update,2026,Topps,Update,GOLDEN MIRROR IMAGE VARIATION,,US78,Trenton Brooks,San Diego Padres	Rookie,US78	Trenton Brooks	San Diego Padres	Rookie,False
2026_topps_update,2026,Topps,Update,GOLDEN MIRROR IMAGE VARIATION,,US79,Willie MacIver,Athletics	Rookie,US79	Willie MacIver	Athletics	Rookie,False
2026_topps_update,2026,Topps,Update,GOLDEN MIRROR IMAGE VARIATION,,US80,Lawrence Butler,Athletics	Veteran Combos,US80	Lawrence Butler	Athletics	Veteran Combos,False
2026_topps_update,2026,Topps,Update,GOLDEN MIRROR IMAGE VARIATION,,US80,Brent Rooker,Athletics	Veteran Combos,US80	Brent Rooker	Athletics	Veteran Combos,False
2026_topps_update,2026,Topps,Update,GOLDEN MIRROR IMAGE VARIATION,,US81,Danny Jansen,Tampa Bay Rays,US81	Danny Jansen	Tampa Bay Rays,False
2026_topps_update,2026,Topps,Update,GOLDEN MIRROR IMAGE VARIATION,,US82,Max Kepler,Philadelphia Phillies,US82	Max Kepler	Philadelphia Phillies,False
2026_topps_update,2026,Topps,Update,GOLDEN MIRROR IMAGE VARIATION,,US83,Kris Bubic,Kansas City Royals,US83	Kris Bubic	Kansas City Royals,False
2026_topps_update,2026,Topps,Update,GOLDEN MIRROR IMAGE VARIATION,,US84,Shohei Ohtani,Los Angeles Dodgers	Season Highlights/Checklist,US84	Shohei Ohtani	Los Angeles Dodgers	Season Highlights/Checklist,False
2026_topps_update,2026,Topps,Update,GOLDEN MIRROR IMAGE VARIATION,,US85,Aaron Judge,New York Yankees	Veteran Combos,US85	Aaron Judge	New York Yankees	Veteran Combos,False
2026_topps_update,2026,Topps,Update,GOLDEN MIRROR IMAGE VARIATION,,US85,Jazz Chisholm Jr.,New York Yankees	Veteran Combos,US85	Jazz Chisholm Jr.	New York Yankees	Veteran Combos,False
2026_topps_update,2026,Topps,Update,GOLDEN MIRROR IMAGE VARIATION,,US86,Aaron Judge,New York Yankees	Season Highlights/Checklist,US86	Aaron Judge	New York Yankees	Season Highlights/Checklist,False
2026_topps_update,2026,Topps,Update,GOLDEN MIRROR IMAGE VARIATION,,US87,Drake Baldwin,Atlanta Braves	Rookie,US87	Drake Baldwin	Atlanta Braves	Rookie,False
2026_topps_update,2026,Topps,Update,GOLDEN MIRROR IMAGE VARIATION,,US88,Dairon Blanco,Kansas City Royals,US88	Dairon Blanco	Kansas City Royals,False
2026_topps_update,2026,Topps,Update,GOLDEN MIRROR IMAGE VARIATION,,US89,Braydon Fisher,Toronto Blue Jays	Rookie,US89	Braydon Fisher	Toronto Blue Jays	Rookie,False
2026_topps_update,2026,Topps,Update,GOLDEN MIRROR IMAGE VARIATION,,US90,Omar Cruz,San Diego Padres	Rookie,US90	Omar Cruz	San Diego Padres	Rookie,False
2026_topps_update,2026,Topps,Update,GOLDEN MIRROR IMAGE VARIATION,,US91,Tyler Heineman,Toronto Blue Jays,US91	Tyler Heineman	Toronto Blue Jays,False
2026_topps_update,2026,Topps,Update,GOLDEN MIRROR IMAGE VARIATION,,US92,Drew Avans,Milwaukee Brewers	Rookie,US92	Drew Avans	Milwaukee Brewers	Rookie,False
2026_topps_update,2026,Topps,Update,GOLDEN MIRROR IMAGE VARIATION,,US93,Jace Jung,Detroit Tigers	Rookie Debut,US93	Jace Jung	Detroit Tigers	Rookie Debut,False
2026_topps_update,2026,Topps,Update,GOLDEN MIRROR IMAGE VARIATION,,US94,Adael Amador,Colorado Rockies	Rookie Debut,US94	Adael Amador	Colorado Rockies	Rookie Debut,False
2026_topps_update,2026,Topps,Update,GOLDEN MIRROR IMAGE VARIATION,,US95,Michel Otañez,Athletics	Rookie,US95	Michel Otañez	Athletics	Rookie,False
2026_topps_update,2026,Topps,Update,GOLDEN MIRROR IMAGE VARIATION,,US96,J.C. Escarra,New York Yankees	Rookie,US96	J.C. Escarra	New York Yankees	Rookie,False
2026_topps_update,2026,Topps,Update,GOLDEN MIRROR IMAGE VARIATION,,US97,Brandon Young,Baltimore Orioles	Rookie,US97	Brandon Young	Baltimore Orioles	Rookie,False
2026_topps_update,2026,Topps,Update,GOLDEN MIRROR IMAGE VARIATION,,US98,Jake Burger,Texas Rangers,US98	Jake Burger	Texas Rangers,False
2026_topps_update,2026,Topps,Update,GOLDEN MIRROR IMAGE VARIATION,,US99,Max Meyer,Miami Marlins,US99	Max Meyer	Miami Marlins,False
2026_topps_update,2026,Topps,Update,GOLDEN MIRROR IMAGE VARIATION,,US100,Justin Verlander,San Francisco Giants,US100	Justin Verlander	San Francisco Giants,False
2026_topps_update,2026,Topps,Update,GOLDEN MIRROR IMAGE VARIATION,,US101,Paul DeJong,Washington Nationals,US101	Paul DeJong	Washington Nationals,False
2026_topps_update,2026,Topps,Update,GOLDEN MIRROR IMAGE VARIATION,,US102,Luis Mey,Cincinnati Reds	Rookie,US102	Luis Mey	Cincinnati Reds	Rookie,False
2026_topps_update,2026,Topps,Update,GOLDEN MIRROR IMAGE VARIATION,,US103,Walker Buehler,Boston Red Sox,US103	Walker Buehler	Boston Red Sox,False
2026_topps_update,2026,Topps,Update,GOLDEN MIRROR IMAGE VARIATION,,US104,Carlos Duran,Athletics	Rookie,US104	Carlos Duran	Athletics	Rookie,False
2026_topps_update,2026,Topps,Update,GOLDEN MIRROR IMAGE VARIATION,,US105,Marcelo Mayer,Boston Red Sox	Rookie,US105	Marcelo Mayer	Boston Red Sox	Rookie,False
2026_topps_update,2026,Topps,Update,GOLDEN MIRROR IMAGE VARIATION,,US106,Nick Allen,Atlanta Braves,US106	Nick Allen	Atlanta Braves,False
2026_topps_update,2026,Topps,Update,GOLDEN MIRROR IMAGE VARIATION,,US107,Bryce Harper,Philadelphia Phillies	Veteran Combos,US107	Bryce Harper	Philadelphia Phillies	Veteran Combos,False
2026_topps_update,2026,Topps,Update,GOLDEN MIRROR IMAGE VARIATION,,US107,Nick Castellanos,Philadelphia Phillies	Veteran Combos,US107	Nick Castellanos	Philadelphia Phillies	Veteran Combos,False
2026_topps_update,2026,Topps,Update,GOLDEN MIRROR IMAGE VARIATION,,US108,Justin Hagenman,New York Mets	Rookie,US108	Justin Hagenman	New York Mets	Rookie,False
2026_topps_update,2026,Topps,Update,GOLDEN MIRROR IMAGE VARIATION,,US109,Robert Hassell III,Washington Nationals	Rookie,US109	Robert Hassell III	Washington Nationals	Rookie,False
2026_topps_update,2026,Topps,Update,GOLDEN MIRROR IMAGE VARIATION,,US110,Josh Naylor,Arizona Diamondbacks,US110	Josh Naylor	Arizona Diamondbacks,False
2026_topps_update,2026,Topps,Update,GOLDEN MIRROR IMAGE VARIATION,,US111,Ronny Simon,Pittsburgh Pirates	Rookie,US111	Ronny Simon	Pittsburgh Pirates	Rookie,False
2026_topps_update,2026,Topps,Update,GOLDEN MIRROR IMAGE VARIATION,,US112,Romy Gonzalez,Boston Red Sox,US112	Romy Gonzalez	Boston Red Sox,False
2026_topps_update,2026,Topps,Update,GOLDEN MIRROR IMAGE VARIATION,,US113,Drake Baldwin,Atlanta Braves	Rookie Debut,US113	Drake Baldwin	Atlanta Braves	Rookie Debut,False
2026_topps_update,2026,Topps,Update,GOLDEN MIRROR IMAGE VARIATION,,US114,Grant Wolfram,Baltimore Orioles	Rookie,US114	Grant Wolfram	Baltimore Orioles	Rookie,False
2026_topps_update,2026,Topps,Update,GOLDEN MIRROR IMAGE VARIATION,,US115,Raymond Burgos,San Francisco Giants	Rookie,US115	Raymond Burgos	San Francisco Giants	Rookie,False
2026_topps_update,2026,Topps,Update,GOLDEN MIRROR IMAGE VARIATION,,US116,Aroldis Chapman,Boston Red Sox,US116	Aroldis Chapman	Boston Red Sox,False
2026_topps_update,2026,Topps,Update,GOLDEN MIRROR IMAGE VARIATION,,US117,Logan VanWey,Houston Astros	Rookie,US117	Logan VanWey	Houston Astros	Rookie,False
2026_topps_update,2026,Topps,Update,GOLDEN MIRROR IMAGE VARIATION,,US118,Gage Workman,Detroit Tigers	Rookie,US118	Gage Workman	Detroit Tigers	Rookie,False
2026_topps_update,2026,Topps,Update,GOLDEN MIRROR IMAGE VARIATION,,US119,Blake Snell,Los Angeles Dodgers	Veteran Combos,US119	Blake Snell	Los Angeles Dodgers	Veteran Combos,False
2026_topps_update,2026,Topps,Update,GOLDEN MIRROR IMAGE VARIATION,,US119,Tyler Glasnow,Los Angeles Dodgers	Veteran Combos,US119	Tyler Glasnow	Los Angeles Dodgers	Veteran Combos,False
2026_topps_update,2026,Topps,Update,GOLDEN MIRROR IMAGE VARIATION,,US120,Yohel Pozo,St. Louis Cardinals,US120	Yohel Pozo	St. Louis Cardinals,False
2026_topps_update,2026,Topps,Update,GOLDEN MIRROR IMAGE VARIATION,,US121,Ryan Johnson,Angels	Rookie,US121	Ryan Johnson	Angels	Rookie,False
2026_topps_update,2026,Topps,Update,GOLDEN MIRROR IMAGE VARIATION,,US122,Tyler Tolbert,Kansas City Royals	Rookie,US122	Tyler Tolbert	Kansas City Royals	Rookie,False
2026_topps_update,2026,Topps,Update,GOLDEN MIRROR IMAGE VARIATION,,US123,Braxton Fulford,Colorado Rockies	Rookie,US123	Braxton Fulford	Colorado Rockies	Rookie,False
2026_topps_update,2026,Topps,Update,GOLDEN MIRROR IMAGE VARIATION,,US124,Ryan Rolison,Colorado Rockies	Rookie,US124	Ryan Rolison	Colorado Rockies	Rookie,False
2026_topps_update,2026,Topps,Update,GOLDEN MIRROR IMAGE VARIATION,,US125,Joc Pederson,Texas Rangers,US125	Joc Pederson	Texas Rangers,False
2026_topps_update,2026,Topps,Update,GOLDEN MIRROR IMAGE VARIATION,,US126,Hayden Senger,New York Mets	Rookie,US126	Hayden Senger	New York Mets	Rookie,False
2026_topps_update,2026,Topps,Update,GOLDEN MIRROR IMAGE VARIATION,,US127,Mick Abel,Philadelphia Phillies	Rookie,US127	Mick Abel	Philadelphia Phillies	Rookie,False
2026_topps_update,2026,Topps,Update,GOLDEN MIRROR IMAGE VARIATION,,US128,Kevin Alcántara,Chicago Cubs	Rookie Debut,US128	Kevin Alcántara	Chicago Cubs	Rookie Debut,False
2026_topps_update,2026,Topps,Update,GOLDEN MIRROR IMAGE VARIATION,,US129,Kristian Campbell,Boston Red Sox	Rookie Debut,US129	Kristian Campbell	Boston Red Sox	Rookie Debut,False
2026_topps_update,2026,Topps,Update,GOLDEN MIRROR IMAGE VARIATION,,US130,Ben Williamson,Seattle Mariners	Rookie,US130	Ben Williamson	Seattle Mariners	Rookie,False
2026_topps_update,2026,Topps,Update,GOLDEN MIRROR IMAGE VARIATION,,US131,Cade Gibson,Miami Marlins	Rookie,US131	Cade Gibson	Miami Marlins	Rookie,False
2026_topps_update,2026,Topps,Update,GOLDEN MIRROR IMAGE VARIATION,,US132,Anthony Banda,Los Angeles Dodgers,US132	Anthony Banda	Los Angeles Dodgers,False
2026_topps_update,2026,Topps,Update,GOLDEN MIRROR IMAGE VARIATION,,US133,Blake Treinen,Los Angeles Dodgers,US133	Blake Treinen	Los Angeles Dodgers,False
2026_topps_update,2026,Topps,Update,GOLDEN MIRROR IMAGE VARIATION,,US134,Noah Murdock,Kansas City Royals	Rookie,US134	Noah Murdock	Kansas City Royals	Rookie,False
2026_topps_update,2026,Topps,Update,GOLDEN MIRROR IMAGE VARIATION,,US135,Landen Roupp,San Francisco Giants,US135	Landen Roupp	San Francisco Giants,False
2026_topps_update,2026,Topps,Update,GOLDEN MIRROR IMAGE VARIATION,,US136,Kyle Hendricks,Angels,US136	Kyle Hendricks	Angels,False
2026_topps_update,2026,Topps,Update,GOLDEN MIRROR IMAGE VARIATION,,US137,Logan Henderson,Milwaukee Brewers	Rookie,US137	Logan Henderson	Milwaukee Brewers	Rookie,False
2026_topps_update,2026,Topps,Update,GOLDEN MIRROR IMAGE VARIATION,,US138,Mason Fluharty,Toronto Blue Jays	Rookie,US138	Mason Fluharty	Toronto Blue Jays	Rookie,False
2026_topps_update,2026,Topps,Update,GOLDEN MIRROR IMAGE VARIATION,,US139,Jon Berti,Chicago Cubs,US139	Jon Berti	Chicago Cubs,False
2026_topps_update,2026,Topps,Update,GOLDEN MIRROR IMAGE VARIATION,,US140,Cade Horton,Chicago Cubs	Rookie,US140	Cade Horton	Chicago Cubs	Rookie,False
2026_topps_update,2026,Topps,Update,GOLDEN MIRROR IMAGE VARIATION,,US141,Iván Herrera,St. Louis Cardinals,US141	Iván Herrera	St. Louis Cardinals,False
2026_topps_update,2026,Topps,Update,GOLDEN MIRROR IMAGE VARIATION,,US142,Johnathan Rodríguez,Cleveland Guardians,US142	Johnathan Rodríguez	Cleveland Guardians,False
2026_topps_update,2026,Topps,Update,GOLDEN MIRROR IMAGE VARIATION,,US143,CJ Alexander,Athletics	Rookie,US143	CJ Alexander	Athletics	Rookie,False
2026_topps_update,2026,Topps,Update,GOLDEN MIRROR IMAGE VARIATION,,US144,Jonathan Bermúdez,Miami Marlins	Rookie,US144	Jonathan Bermúdez	Miami Marlins	Rookie,False
2026_topps_update,2026,Topps,Update,GOLDEN MIRROR IMAGE VARIATION,,US145,Edgar Quero,Chicago White Sox	Rookie,US145	Edgar Quero	Chicago White Sox	Rookie,False
2026_topps_update,2026,Topps,Update,GOLDEN MIRROR IMAGE VARIATION,,US146,Kade Strowd,Baltimore Orioles	Rookie,US146	Kade Strowd	Baltimore Orioles	Rookie,False
2026_topps_update,2026,Topps,Update,GOLDEN MIRROR IMAGE VARIATION,,US147,Tirso Ornelas,San Diego Padres	Rookie,US147	Tirso Ornelas	San Diego Padres	Rookie,False
2026_topps_update,2026,Topps,Update,GOLDEN MIRROR IMAGE VARIATION,,US148,Carlos Santana,Cleveland Guardians,US148	Carlos Santana	Cleveland Guardians,False
2026_topps_update,2026,Topps,Update,GOLDEN MIRROR IMAGE VARIATION,,US149,Victor Caratini,Houston Astros,US149	Victor Caratini	Houston Astros,False
2026_topps_update,2026,Topps,Update,GOLDEN MIRROR IMAGE VARIATION,,US150,Santiago Espinal,Cincinnati Reds,US150	Santiago Espinal	Cincinnati Reds,False
2026_topps_update,2026,Topps,Update,GOLDEN MIRROR IMAGE VARIATION,,US151,Chase Dollander,Colorado Rockies	Rookie,US151	Chase Dollander	Colorado Rockies	Rookie,False
2026_topps_update,2026,Topps,Update,GOLDEN MIRROR IMAGE VARIATION,,US152,Tyler Mahle,Texas Rangers,US152	Tyler Mahle	Texas Rangers,False
2026_topps_update,2026,Topps,Update,GOLDEN MIRROR IMAGE VARIATION,,US153,Luken Baker,St. Louis Cardinals,US153	Luken Baker	St. Louis Cardinals,False
2026_topps_update,2026,Topps,Update,GOLDEN MIRROR IMAGE VARIATION,,US154,Antonio Senzatela,Colorado Rockies,US154	Antonio Senzatela	Colorado Rockies,False
2026_topps_update,2026,Topps,Update,GOLDEN MIRROR IMAGE VARIATION,,US155,Brett Baty,New York Mets,US155	Brett Baty	New York Mets,False
2026_topps_update,2026,Topps,Update,GOLDEN MIRROR IMAGE VARIATION,,US156,Carson Kelly,Chicago Cubs,US156	Carson Kelly	Chicago Cubs,False
2026_topps_update,2026,Topps,Update,GOLDEN MIRROR IMAGE VARIATION,,US157,Colton Gordon,Houston Astros	Rookie,US157	Colton Gordon	Houston Astros	Rookie,False
2026_topps_update,2026,Topps,Update,GOLDEN MIRROR IMAGE VARIATION,,US158,Lake Bachar,Miami Marlins	Rookie,US158	Lake Bachar	Miami Marlins	Rookie,False
2026_topps_update,2026,Topps,Update,GOLDEN MIRROR IMAGE VARIATION,,US159,Fraser Ellard,Chicago White Sox	Rookie,US159	Fraser Ellard	Chicago White Sox	Rookie,False
2026_topps_update,2026,Topps,Update,GOLDEN MIRROR IMAGE VARIATION,,US160,Wilmer Flores,San Francisco Giants,US160	Wilmer Flores	San Francisco Giants,False
2026_topps_update,2026,Topps,Update,GOLDEN MIRROR IMAGE VARIATION,,US161,Armando Alvarez,Minnesota Twins	Rookie,US161	Armando Alvarez	Minnesota Twins	Rookie,False
2026_topps_update,2026,Topps,Update,GOLDEN MIRROR IMAGE VARIATION,,US162,Bailey Horn,Detroit Tigers	Rookie,US162	Bailey Horn	Detroit Tigers	Rookie,False
2026_topps_update,2026,Topps,Update,GOLDEN MIRROR IMAGE VARIATION,,US163,Fernando Cruz,New York Yankees,US163	Fernando Cruz	New York Yankees,False
2026_topps_update,2026,Topps,Update,GOLDEN MIRROR IMAGE VARIATION,,US164,Pete Crow-Armstrong,Chicago Cubs	Season Highlights/Checklist,US164	Pete Crow-Armstrong	Chicago Cubs	Season Highlights/Checklist,False
2026_topps_update,2026,Topps,Update,GOLDEN MIRROR IMAGE VARIATION,,US165,Jack Leiter,Texas Rangers,US165	Jack Leiter	Texas Rangers,False
2026_topps_update,2026,Topps,Update,GOLDEN MIRROR IMAGE VARIATION,,US166,Miguel Rojas,Los Angeles Dodgers,US166	Miguel Rojas	Los Angeles Dodgers,False
2026_topps_update,2026,Topps,Update,GOLDEN MIRROR IMAGE VARIATION,,US167,Chase Lee,Detroit Tigers	Rookie,US167	Chase Lee	Detroit Tigers	Rookie,False
2026_topps_update,2026,Topps,Update,GOLDEN MIRROR IMAGE VARIATION,,US168,Eric Yang,Cincinnati Reds	Rookie,US168	Eric Yang	Cincinnati Reds	Rookie,False
2026_topps_update,2026,Topps,Update,GOLDEN MIRROR IMAGE VARIATION,,US169,Oliver Dunn,Milwaukee Brewers,US169	Oliver Dunn	Milwaukee Brewers,False
2026_topps_update,2026,Topps,Update,GOLDEN MIRROR IMAGE VARIATION,,US170,Caleb Durbin,Milwaukee Brewers	Rookie,US170	Caleb Durbin	Milwaukee Brewers	Rookie,False
2026_topps_update,2026,Topps,Update,GOLDEN MIRROR IMAGE VARIATION,,US171,Ramón Laureano,Baltimore Orioles,US171	Ramón Laureano	Baltimore Orioles,False
2026_topps_update,2026,Topps,Update,GOLDEN MIRROR IMAGE VARIATION,,US172,Daylen Lile,Washington Nationals	Rookie,US172	Daylen Lile	Washington Nationals	Rookie,False
2026_topps_update,2026,Topps,Update,GOLDEN MIRROR IMAGE VARIATION,,US173,Mark Leiter Jr.,New York Yankees,US173	Mark Leiter Jr.	New York Yankees,False
2026_topps_update,2026,Topps,Update,GOLDEN MIRROR IMAGE VARIATION,,US174,Christian Koss,San Francisco Giants	Rookie,US174	Christian Koss	San Francisco Giants	Rookie,False
2026_topps_update,2026,Topps,Update,GOLDEN MIRROR IMAGE VARIATION,,US175,Jonathan India,Kansas City Royals,US175	Jonathan India	Kansas City Royals,False
2026_topps_update,2026,Topps,Update,GOLDEN MIRROR IMAGE VARIATION,,US176,Evan Sisk,Kansas City Royals	Rookie,US176	Evan Sisk	Kansas City Royals	Rookie,False
2026_topps_update,2026,Topps,Update,GOLDEN MIRROR IMAGE VARIATION,,US177,AJ Blubaugh,Houston Astros	Rookie,US177	AJ Blubaugh	Houston Astros	Rookie,False
2026_topps_update,2026,Topps,Update,GOLDEN MIRROR IMAGE VARIATION,,US178,Devin Williams,New York Yankees,US178	Devin Williams	New York Yankees,False
2026_topps_update,2026,Topps,Update,GOLDEN MIRROR IMAGE VARIATION,,US179,Ryan Walker,San Francisco Giants,US179	Ryan Walker	San Francisco Giants,False
2026_topps_update,2026,Topps,Update,GOLDEN MIRROR IMAGE VARIATION,,US180,Jacob Wilson,Athletics	Rookie Debut,US180	Jacob Wilson	Athletics	Rookie Debut,False
2026_topps_update,2026,Topps,Update,GOLDEN MIRROR IMAGE VARIATION,,US181,Dylan Carlson,Baltimore Orioles,US181	Dylan Carlson	Baltimore Orioles,False
2026_topps_update,2026,Topps,Update,GOLDEN MIRROR IMAGE VARIATION,,US182,Jose Iglesias,San Diego Padres,US182	Jose Iglesias	San Diego Padres,False
2026_topps_update,2026,Topps,Update,GOLDEN MIRROR IMAGE VARIATION,,US183,Bryan King,Houston Astros	Rookie,US183	Bryan King	Houston Astros	Rookie,False
2026_topps_update,2026,Topps,Update,GOLDEN MIRROR IMAGE VARIATION,,US184,Bryce Harper,Philadelphia Phillies	Season Highlights/Checklist,US184	Bryce Harper	Philadelphia Phillies	Season Highlights/Checklist,False
2026_topps_update,2026,Topps,Update,GOLDEN MIRROR IMAGE VARIATION,,US185,Matthew Liberatore,St. Louis Cardinals,US185	Matthew Liberatore	St. Louis Cardinals,False
2026_topps_update,2026,Topps,Update,GOLDEN MIRROR IMAGE VARIATION,,US186,Cole Henry,Washington Nationals	Rookie,US186	Cole Henry	Washington Nationals	Rookie,False
2026_topps_update,2026,Topps,Update,GOLDEN MIRROR IMAGE VARIATION,,US187,Caden Dana,Angels	Rookie Debut,US187	Caden Dana	Angels	Rookie Debut,False
2026_topps_update,2026,Topps,Update,GOLDEN MIRROR IMAGE VARIATION,,US188,Graham Pauley,Miami Marlins,US188	Graham Pauley	Miami Marlins,False
2026_topps_update,2026,Topps,Update,GOLDEN MIRROR IMAGE VARIATION,,US189,Eli White,Atlanta Braves,US189	Eli White	Atlanta Braves,False
2026_topps_update,2026,Topps,Update,GOLDEN MIRROR IMAGE VARIATION,,US190,Matt Gorski,Pittsburgh Pirates	Rookie,US190	Matt Gorski	Pittsburgh Pirates	Rookie,False
2026_topps_update,2026,Topps,Update,GOLDEN MIRROR IMAGE VARIATION,,US191,Cal Quantrill,Miami Marlins,US191	Cal Quantrill	Miami Marlins,False
2026_topps_update,2026,Topps,Update,GOLDEN MIRROR IMAGE VARIATION,,US192,John Rave,Kansas City Royals	Rookie,US192	John Rave	Kansas City Royals	Rookie,False
2026_topps_update,2026,Topps,Update,GOLDEN MIRROR IMAGE VARIATION,,US193,Jackson Jobe,Detroit Tigers	Rookie Debut,US193	Jackson Jobe	Detroit Tigers	Rookie Debut,False
2026_topps_update,2026,Topps,Update,GOLDEN MIRROR IMAGE VARIATION,,US194,Max Lazar,Philadelphia Phillies	Rookie,US194	Max Lazar	Philadelphia Phillies	Rookie,False
2026_topps_update,2026,Topps,Update,GOLDEN MIRROR IMAGE VARIATION,,US195,Isaac Paredes,Houston Astros,US195	Isaac Paredes	Houston Astros,False
2026_topps_update,2026,Topps,Update,GOLDEN MIRROR IMAGE VARIATION,,US196,Rhylan Thomas,Seattle Mariners	Rookie,US196	Rhylan Thomas	Seattle Mariners	Rookie,False
2026_topps_update,2026,Topps,Update,GOLDEN MIRROR IMAGE VARIATION,,US197,Nick Kurtz,Athletics	Rookie Debut,US197	Nick Kurtz	Athletics	Rookie Debut,False
2026_topps_update,2026,Topps,Update,GOLDEN MIRROR IMAGE VARIATION,,US198,Bryan Sammons,Detroit Tigers	Rookie,US198	Bryan Sammons	Detroit Tigers	Rookie,False
2026_topps_update,2026,Topps,Update,GOLDEN MIRROR IMAGE VARIATION,,US199,Roki Sasaki,Los Angeles Dodgers	Rookie Debut,US199	Roki Sasaki	Los Angeles Dodgers	Rookie Debut,False
2026_topps_update,2026,Topps,Update,GOLDEN MIRROR IMAGE VARIATION,,US200,Matt Shaw,Chicago Cubs	Rookie,US200	Matt Shaw	Chicago Cubs	Rookie,False
2026_topps_update,2026,Topps,Update,GOLDEN MIRROR IMAGE VARIATION,,US201,Nick Kurtz,Athletics	Rookie,US201	Nick Kurtz	Athletics	Rookie,False
2026_topps_update,2026,Topps,Update,GOLDEN MIRROR IMAGE VARIATION,,US202,Ryan Loutos,Washington Nationals	Rookie,US202	Ryan Loutos	Washington Nationals	Rookie,False
2026_topps_update,2026,Topps,Update,GOLDEN MIRROR IMAGE VARIATION,,US203,Orlando Ribalta,Washington Nationals	Rookie,US203	Orlando Ribalta	Washington Nationals	Rookie,False
2026_topps_update,2026,Topps,Update,GOLDEN MIRROR IMAGE VARIATION,,US204,Alexander Canario,Pittsburgh Pirates,US204	Alexander Canario	Pittsburgh Pirates,False
2026_topps_update,2026,Topps,Update,GOLDEN MIRROR IMAGE VARIATION,,US205,Blaine Crim,Texas Rangers	Rookie,US205	Blaine Crim	Texas Rangers	Rookie,False
2026_topps_update,2026,Topps,Update,GOLDEN MIRROR IMAGE VARIATION,,US206,Gabriel Arias,Cleveland Guardians,US206	Gabriel Arias	Cleveland Guardians,False
2026_topps_update,2026,Topps,Update,GOLDEN MIRROR IMAGE VARIATION,,US207,Kyle Higashioka,Texas Rangers,US207	Kyle Higashioka	Texas Rangers,False
2026_topps_update,2026,Topps,Update,GOLDEN MIRROR IMAGE VARIATION,,US208,Kody Clemens,Minnesota Twins,US208	Kody Clemens	Minnesota Twins,False
2026_topps_update,2026,Topps,Update,GOLDEN MIRROR IMAGE VARIATION,,US209,MJ Melendez,Kansas City Royals	Veteran Combos,US209	MJ Melendez	Kansas City Royals	Veteran Combos,False
2026_topps_update,2026,Topps,Update,GOLDEN MIRROR IMAGE VARIATION,,US209,Bobby Witt Jr.,Kansas City Royals	Veteran Combos,US209	Bobby Witt Jr.	Kansas City Royals	Veteran Combos,False
2026_topps_update,2026,Topps,Update,GOLDEN MIRROR IMAGE VARIATION,,US210,Yaramil Hiraldo,Baltimore Orioles	Rookie,US210	Yaramil Hiraldo	Baltimore Orioles	Rookie,False
2026_topps_update,2026,Topps,Update,GOLDEN MIRROR IMAGE VARIATION,,US211,Patrick Monteverde,Miami Marlins	Rookie,US211	Patrick Monteverde	Miami Marlins	Rookie,False
2026_topps_update,2026,Topps,Update,GOLDEN MIRROR IMAGE VARIATION,,US212,Eric Orze,Tampa Bay Rays	Rookie,US212	Eric Orze	Tampa Bay Rays	Rookie,False
2026_topps_update,2026,Topps,Update,GOLDEN MIRROR IMAGE VARIATION,,US213,Logan Davidson,Athletics	Rookie,US213	Logan Davidson	Athletics	Rookie,False
2026_topps_update,2026,Topps,Update,GOLDEN MIRROR IMAGE VARIATION,,US214,Cade Horton,Chicago Cubs	Rookie Debut,US214	Cade Horton	Chicago Cubs	Rookie Debut,False
2026_topps_update,2026,Topps,Update,GOLDEN MIRROR IMAGE VARIATION,,US215,Jack O'Loughlin,Colorado Rockies	Rookie,US215	Jack O'Loughlin	Colorado Rockies	Rookie,False
2026_topps_update,2026,Topps,Update,GOLDEN MIRROR IMAGE VARIATION,,US216,Nathan Wiles,Atlanta Braves	Rookie,US216	Nathan Wiles	Atlanta Braves	Rookie,False
2026_topps_update,2026,Topps,Update,GOLDEN MIRROR IMAGE VARIATION,,US217,Fernando Tatis Jr.,San Diego Padres	Season Highlights/Checklist,US217	Fernando Tatis Jr.	San Diego Padres	Season Highlights/Checklist,False
2026_topps_update,2026,Topps,Update,GOLDEN MIRROR IMAGE VARIATION,,US218,James Wood,Washington Nationals	Rookie Debut,US218	James Wood	Washington Nationals	Rookie Debut,False
2026_topps_update,2026,Topps,Update,GOLDEN MIRROR IMAGE VARIATION,,US219,Mike Vasil,Chicago White Sox	Rookie,US219	Mike Vasil	Chicago White Sox	Rookie,False
2026_topps_update,2026,Topps,Update,GOLDEN MIRROR IMAGE VARIATION,,US220,Victor MESA JR.,Miami Marlins	Rookie,US220	Victor MESA JR.	Miami Marlins	Rookie,False
2026_topps_update,2026,Topps,Update,GOLDEN MIRROR IMAGE VARIATION,,US221,Jackson Merrill,San Diego Padres	Veteran Combos,US221	Jackson Merrill	San Diego Padres	Veteran Combos,False
2026_topps_update,2026,Topps,Update,GOLDEN MIRROR IMAGE VARIATION,,US221,Fernando Tatis Jr.,San Diego Padres	Veteran Combos,US221	Fernando Tatis Jr.	San Diego Padres	Veteran Combos,False
2026_topps_update,2026,Topps,Update,GOLDEN MIRROR IMAGE VARIATION,,US222,Michael Lorenzen,Kansas City Royals,US222	Michael Lorenzen	Kansas City Royals,False
2026_topps_update,2026,Topps,Update,GOLDEN MIRROR IMAGE VARIATION,,US223,Dylan Crews,Washington Nationals	Rookie Debut,US223	Dylan Crews	Washington Nationals	Rookie Debut,False
2026_topps_update,2026,Topps,Update,GOLDEN MIRROR IMAGE VARIATION,,US224,Tim Elko,Chicago White Sox	Rookie,US224	Tim Elko	Chicago White Sox	Rookie,False
2026_topps_update,2026,Topps,Update,GOLDEN MIRROR IMAGE VARIATION,,US225,Gavin Sheets,San Diego Padres,US225	Gavin Sheets	San Diego Padres,False
2026_topps_update,2026,Topps,Update,GOLDEN MIRROR IMAGE VARIATION,,US226,Tayler Saucedo,Seattle Mariners,US226	Tayler Saucedo	Seattle Mariners,False
2026_topps_update,2026,Topps,Update,GOLDEN MIRROR IMAGE VARIATION,,US227,Marc Church,Texas Rangers	Rookie,US227	Marc Church	Texas Rangers	Rookie,False
2026_topps_update,2026,Topps,Update,GOLDEN MIRROR IMAGE VARIATION,,US228,Dane Myers,Miami Marlins,US228	Dane Myers	Miami Marlins,False
2026_topps_update,2026,Topps,Update,GOLDEN MIRROR IMAGE VARIATION,,US229,Marcell Ozuna,Atlanta Braves	Veteran Combos,US229	Marcell Ozuna	Atlanta Braves	Veteran Combos,False
2026_topps_update,2026,Topps,Update,GOLDEN MIRROR IMAGE VARIATION,,US229,Ozzie Albies,Atlanta Braves	Veteran Combos,US229	Ozzie Albies	Atlanta Braves	Veteran Combos,False
2026_topps_update,2026,Topps,Update,GOLDEN MIRROR IMAGE VARIATION,,US230,Nathaniel Lowe,Washington Nationals,US230	Nathaniel Lowe	Washington Nationals,False
2026_topps_update,2026,Topps,Update,GOLDEN MIRROR IMAGE VARIATION,,US231,Hunter Bigge,Tampa Bay Rays	Rookie,US231	Hunter Bigge	Tampa Bay Rays	Rookie,False
2026_topps_update,2026,Topps,Update,GOLDEN MIRROR IMAGE VARIATION,,US232,Juan Morillo,Arizona Diamondbacks	Rookie,US232	Juan Morillo	Arizona Diamondbacks	Rookie,False
2026_topps_update,2026,Topps,Update,GOLDEN MIRROR IMAGE VARIATION,,US233,Christian Yelich,Milwaukee Brewers	Veteran Combos,US233	Christian Yelich	Milwaukee Brewers	Veteran Combos,False
2026_topps_update,2026,Topps,Update,GOLDEN MIRROR IMAGE VARIATION,,US233,Jackson Chourio,Milwaukee Brewers	Veteran Combos,US233	Jackson Chourio	Milwaukee Brewers	Veteran Combos,False
2026_topps_update,2026,Topps,Update,GOLDEN MIRROR IMAGE VARIATION,,US234,Bryan De La Cruz,New York Yankees,US234	Bryan De La Cruz	New York Yankees,False
2026_topps_update,2026,Topps,Update,GOLDEN MIRROR IMAGE VARIATION,,US235,Elly De La Cruz,Cincinnati Reds	Season Highlights/Checklist,US235	Elly De La Cruz	Cincinnati Reds	Season Highlights/Checklist,False
2026_topps_update,2026,Topps,Update,GOLDEN MIRROR IMAGE VARIATION,,US236,Moisés Ballesteros,Chicago Cubs	Rookie Debut,US236	Moisés Ballesteros	Chicago Cubs	Rookie Debut,False
2026_topps_update,2026,Topps,Update,GOLDEN MIRROR IMAGE VARIATION,,US237,Carlos Estévez,Kansas City Royals,US237	Carlos Estévez	Kansas City Royals,False
2026_topps_update,2026,Topps,Update,GOLDEN MIRROR IMAGE VARIATION,,US238,Zak Kent,Cleveland Guardians	Rookie,US238	Zak Kent	Cleveland Guardians	Rookie,False
2026_topps_update,2026,Topps,Update,GOLDEN MIRROR IMAGE VARIATION,,US239,Alex Vesia,Los Angeles Dodgers,US239	Alex Vesia	Los Angeles Dodgers,False
2026_topps_update,2026,Topps,Update,GOLDEN MIRROR IMAGE VARIATION,,US240,Randy Rodríguez,San Francisco Giants,US240	Randy Rodríguez	San Francisco Giants,False
2026_topps_update,2026,Topps,Update,GOLDEN MIRROR IMAGE VARIATION,,US241,Marcelo Mayer,Boston Red Sox	Veteran Combos,US241	Marcelo Mayer	Boston Red Sox	Veteran Combos,False
2026_topps_update,2026,Topps,Update,GOLDEN MIRROR IMAGE VARIATION,,US241,Kristian Campbell,Boston Red Sox	Veteran Combos,US241	Kristian Campbell	Boston Red Sox	Veteran Combos,False
2026_topps_update,2026,Topps,Update,GOLDEN MIRROR IMAGE VARIATION,,US242,Charlie Morton,Baltimore Orioles,US242	Charlie Morton	Baltimore Orioles,False
2026_topps_update,2026,Topps,Update,GOLDEN MIRROR IMAGE VARIATION,,US243,Brooks Lee,Minnesota Twins	Rookie Debut,US243	Brooks Lee	Minnesota Twins	Rookie Debut,False
2026_topps_update,2026,Topps,Update,GOLDEN MIRROR IMAGE VARIATION,,US244,Julio Rodríguez,Seattle Mariners	Veteran Combos,US244	Julio Rodríguez	Seattle Mariners	Veteran Combos,False
2026_topps_update,2026,Topps,Update,GOLDEN MIRROR IMAGE VARIATION,,US244,Randy Arozarena,Seattle Mariners	Veteran Combos,US244	Randy Arozarena	Seattle Mariners	Veteran Combos,False
2026_topps_update,2026,Topps,Update,GOLDEN MIRROR IMAGE VARIATION,,US245,Clay Holmes,New York Mets,US245	Clay Holmes	New York Mets,False
2026_topps_update,2026,Topps,Update,GOLDEN MIRROR IMAGE VARIATION,,US246,Mickey Moniak,Colorado Rockies,US246	Mickey Moniak	Colorado Rockies,False
2026_topps_update,2026,Topps,Update,GOLDEN MIRROR IMAGE VARIATION,,US247,Tyler Owens,Detroit Tigers	Rookie,US247	Tyler Owens	Detroit Tigers	Rookie,False
2026_topps_update,2026,Topps,Update,GOLDEN MIRROR IMAGE VARIATION,,US248,Justin Steele,Chicago Cubs,US248	Justin Steele	Chicago Cubs,False
2026_topps_update,2026,Topps,Update,GOLDEN MIRROR IMAGE VARIATION,,US249,Gerson Garabito,Texas Rangers	Rookie,US249	Gerson Garabito	Texas Rangers	Rookie,False
2026_topps_update,2026,Topps,Update,GOLDEN MIRROR IMAGE VARIATION,,US250,Max Muncy,Athletics	Rookie,US250	Max Muncy	Athletics	Rookie,False
2026_topps_update,2026,Topps,Update,GOLDEN MIRROR IMAGE VARIATION,,US251,Alan Roden,Toronto Blue Jays	Rookie,US251	Alan Roden	Toronto Blue Jays	Rookie,False
2026_topps_update,2026,Topps,Update,GOLDEN MIRROR IMAGE VARIATION,,US252,Justin Sterner,Athletics	Rookie,US252	Justin Sterner	Athletics	Rookie,False
2026_topps_update,2026,Topps,Update,GOLDEN MIRROR IMAGE VARIATION,,US253,Caleb Freeman,Chicago White Sox	Rookie,US253	Caleb Freeman	Chicago White Sox	Rookie,False
2026_topps_update,2026,Topps,Update,GOLDEN MIRROR IMAGE VARIATION,,US254,Gunnar Hoglund,Athletics	Rookie,US254	Gunnar Hoglund	Athletics	Rookie,False
2026_topps_update,2026,Topps,Update,GOLDEN MIRROR IMAGE VARIATION,,US255,Will Wilson,Cleveland Guardians	Rookie,US255	Will Wilson	Cleveland Guardians	Rookie,False
2026_topps_update,2026,Topps,Update,GOLDEN MIRROR IMAGE VARIATION,,US256,Dalton Rushing,Los Angeles Dodgers	Rookie Debut,US256	Dalton Rushing	Los Angeles Dodgers	Rookie Debut,False
2026_topps_update,2026,Topps,Update,GOLDEN MIRROR IMAGE VARIATION,,US257,Hunter Dobbins,Boston Red Sox	Rookie,US257	Hunter Dobbins	Boston Red Sox	Rookie,False
2026_topps_update,2026,Topps,Update,GOLDEN MIRROR IMAGE VARIATION,,US258,Jorbit Vivas,New York Yankees	Rookie,US258	Jorbit Vivas	New York Yankees	Rookie,False
2026_topps_update,2026,Topps,Update,GOLDEN MIRROR IMAGE VARIATION,,US259,Chase Dollander,Colorado Rockies	Rookie Debut,US259	Chase Dollander	Colorado Rockies	Rookie Debut,False
2026_topps_update,2026,Topps,Update,GOLDEN MIRROR IMAGE VARIATION,,US260,Francisco Lindor,New York Mets	Veteran Combos,US260	Francisco Lindor	New York Mets	Veteran Combos,False
2026_topps_update,2026,Topps,Update,GOLDEN MIRROR IMAGE VARIATION,,US260,Juan Soto,New York Mets	Veteran Combos,US260	Juan Soto	New York Mets	Veteran Combos,False
2026_topps_update,2026,Topps,Update,GOLDEN MIRROR IMAGE VARIATION,,US261,Craig Yoho,Milwaukee Brewers	Rookie,US261	Craig Yoho	Milwaukee Brewers	Rookie,False
2026_topps_update,2026,Topps,Update,GOLDEN MIRROR IMAGE VARIATION,,US262,Moisés Ballesteros,Chicago Cubs	Rookie,US262	Moisés Ballesteros	Chicago Cubs	Rookie,False
2026_topps_update,2026,Topps,Update,GOLDEN MIRROR IMAGE VARIATION,,US263,Jeremiah Estrada,San Diego Padres,US263	Jeremiah Estrada	San Diego Padres,False
2026_topps_update,2026,Topps,Update,GOLDEN MIRROR IMAGE VARIATION,,US264,Kumar Rocker,Texas Rangers	Rookie Debut,US264	Kumar Rocker	Texas Rangers	Rookie Debut,False
2026_topps_update,2026,Topps,Update,GOLDEN MIRROR IMAGE VARIATION,,US265,Sauryn Lao,Seattle Mariners	Rookie,US265	Sauryn Lao	Seattle Mariners	Rookie,False
2026_topps_update,2026,Topps,Update,GOLDEN MIRROR IMAGE VARIATION,,US266,Tommy Pham,Pittsburgh Pirates,US266	Tommy Pham	Pittsburgh Pirates,False
2026_topps_update,2026,Topps,Update,GOLDEN MIRROR IMAGE VARIATION,,US267,Adrian Del Castillo,Arizona Diamondbacks	Rookie Debut,US267	Adrian Del Castillo	Arizona Diamondbacks	Rookie Debut,False
2026_topps_update,2026,Topps,Update,GOLDEN MIRROR IMAGE VARIATION,,US268,Ty France,Minnesota Twins,US268	Ty France	Minnesota Twins,False
2026_topps_update,2026,Topps,Update,GOLDEN MIRROR IMAGE VARIATION,,US269,Shohei Ohtani,Los Angeles Dodgers	Veteran Combos,US269	Shohei Ohtani	Los Angeles Dodgers	Veteran Combos,False
2026_topps_update,2026,Topps,Update,GOLDEN MIRROR IMAGE VARIATION,,US269,Roki Sasaki,Los Angeles Dodgers	Veteran Combos,US269	Roki Sasaki	Los Angeles Dodgers	Veteran Combos,False
2026_topps_update,2026,Topps,Update,GOLDEN MIRROR IMAGE VARIATION,,US270,Mick Abel,Philadelphia Phillies	Rookie Debut,US270	Mick Abel	Philadelphia Phillies	Rookie Debut,False
2026_topps_update,2026,Topps,Update,GOLDEN MIRROR IMAGE VARIATION,,US271,Tylor Megill,New York Mets,US271	Tylor Megill	New York Mets,False
2026_topps_update,2026,Topps,Update,GOLDEN MIRROR IMAGE VARIATION,,US272,Jose Herrera,Arizona Diamondbacks,US272	Jose Herrera	Arizona Diamondbacks,False
2026_topps_update,2026,Topps,Update,GOLDEN MIRROR IMAGE VARIATION,,US273,Thomas Harrington,Pittsburgh Pirates	Rookie,US273	Thomas Harrington	Pittsburgh Pirates	Rookie,False
2026_topps_update,2026,Topps,Update,GOLDEN MIRROR IMAGE VARIATION,,US274,Maverick Handley,Baltimore Orioles	Rookie,US274	Maverick Handley	Baltimore Orioles	Rookie,False
2026_topps_update,2026,Topps,Update,GOLDEN MIRROR IMAGE VARIATION,,US275,Chase Petty,Cincinnati Reds	Rookie,US275	Chase Petty	Cincinnati Reds	Rookie,False
2026_topps_update,2026,Topps,Update,GOLDEN MIRROR IMAGE VARIATION,,US276,Marcelo Mayer,Boston Red Sox	Rookie Debut,US276	Marcelo Mayer	Boston Red Sox	Rookie Debut,False
2026_topps_update,2026,Topps,Update,GOLDEN MIRROR IMAGE VARIATION,,US277,Chandler Simpson,Tampa Bay Rays	Rookie,US277	Chandler Simpson	Tampa Bay Rays	Rookie,False
2026_topps_update,2026,Topps,Update,GOLDEN MIRROR IMAGE VARIATION,,US278,Shane Smith,Chicago White Sox	Rookie,US278	Shane Smith	Chicago White Sox	Rookie,False
2026_topps_update,2026,Topps,Update,GOLDEN MIRROR IMAGE VARIATION,,US279,Carson McCusker,Minnesota Twins	Rookie,US279	Carson McCusker	Minnesota Twins	Rookie,False
2026_topps_update,2026,Topps,Update,GOLDEN MIRROR IMAGE VARIATION,,US280,Evan Kravetz,Cincinnati Reds	Rookie,US280	Evan Kravetz	Cincinnati Reds	Rookie,False
2026_topps_update,2026,Topps,Update,GOLDEN MIRROR IMAGE VARIATION,,US281,Donovan Solano,Seattle Mariners,US281	Donovan Solano	Seattle Mariners,False
2026_topps_update,2026,Topps,Update,GOLDEN MIRROR IMAGE VARIATION,,US282,Coby Mayo,Baltimore Orioles	Rookie Debut,US282	Coby Mayo	Baltimore Orioles	Rookie Debut,False
2026_topps_update,2026,Topps,Update,GOLDEN MIRROR IMAGE VARIATION,,US283,Jeffrey Springs,Athletics,US283	Jeffrey Springs	Athletics,False
2026_topps_update,2026,Topps,Update,GOLDEN MIRROR IMAGE VARIATION,,US284,Erik Sabrowski,Cleveland Guardians	Rookie,US284	Erik Sabrowski	Cleveland Guardians	Rookie,False
2026_topps_update,2026,Topps,Update,GOLDEN MIRROR IMAGE VARIATION,,US285,Juan Mejia,Colorado Rockies	Rookie,US285	Juan Mejia	Colorado Rockies	Rookie,False
2026_topps_update,2026,Topps,Update,GOLDEN MIRROR IMAGE VARIATION,,US286,Zac Veen,Colorado Rockies	Rookie,US286	Zac Veen	Colorado Rockies	Rookie,False
2026_topps_update,2026,Topps,Update,GOLDEN MIRROR IMAGE VARIATION,,US287,Tim Tawa,Arizona Diamondbacks	Rookie,US287	Tim Tawa	Arizona Diamondbacks	Rookie,False
2026_topps_update,2026,Topps,Update,GOLDEN MIRROR IMAGE VARIATION,,US288,Logan Allen,Cleveland Guardians,US288	Logan Allen	Cleveland Guardians,False
2026_topps_update,2026,Topps,Update,GOLDEN MIRROR IMAGE VARIATION,,US289,Rafael Marchán,Philadelphia Phillies,US289	Rafael Marchán	Philadelphia Phillies,False
2026_topps_update,2026,Topps,Update,GOLDEN MIRROR IMAGE VARIATION,,US290,Francisco Lindor,New York Mets	Season Highlights/Checklist,US290	Francisco Lindor	New York Mets	Season Highlights/Checklist,False
2026_topps_update,2026,Topps,Update,GOLDEN MIRROR IMAGE VARIATION,,US291,Mickey Gasper,Minnesota Twins	Rookie,US291	Mickey Gasper	Minnesota Twins	Rookie,False
2026_topps_update,2026,Topps,Update,GOLDEN MIRROR IMAGE VARIATION,,US292,Ryan Gusto,Houston Astros	Rookie,US292	Ryan Gusto	Houston Astros	Rookie,False
2026_topps_update,2026,Topps,Update,GOLDEN MIRROR IMAGE VARIATION,,US293,Matt Svanson,St. Louis Cardinals	Rookie,US293	Matt Svanson	St. Louis Cardinals	Rookie,False
2026_topps_update,2026,Topps,Update,GOLDEN MIRROR IMAGE VARIATION,,US294,Davis Martin,Chicago White Sox,US294	Davis Martin	Chicago White Sox,False
2026_topps_update,2026,Topps,Update,GOLDEN MIRROR IMAGE VARIATION,,US295,Ryan Bergert,San Diego Padres	Rookie,US295	Ryan Bergert	San Diego Padres	Rookie,False
2026_topps_update,2026,Topps,Update,GOLDEN MIRROR IMAGE VARIATION,,US296,Parker Dunshee,Atlanta Braves	Rookie,US296	Parker Dunshee	Atlanta Braves	Rookie,False
2026_topps_update,2026,Topps,Update,GOLDEN MIRROR IMAGE VARIATION,,US297,Luis Torrens,New York Mets,US297	Luis Torrens	New York Mets,False
2026_topps_update,2026,Topps,Update,GOLDEN MIRROR IMAGE VARIATION,,US298,Cam Smith,Houston Astros	Rookie,US298	Cam Smith	Houston Astros	Rookie,False
2026_topps_update,2026,Topps,Update,GOLDEN MIRROR IMAGE VARIATION,,US299,Andrew Heaney,Pittsburgh Pirates,US299	Andrew Heaney	Pittsburgh Pirates,False
2026_topps_update,2026,Topps,Update,GOLDEN MIRROR IMAGE VARIATION,,US300,Rafael Devers,San Francisco Giants,US300	Rafael Devers	San Francisco Giants,False
2026_topps_update,2026,Topps,Update,GOLDEN MIRROR IMAGE VARIATION,,US301,Kyle Hart,San Diego Padres	Rookie,US301	Kyle Hart	San Diego Padres	Rookie,False
2026_topps_update,2026,Topps,Update,GOLDEN MIRROR IMAGE VARIATION,,US302,Logan Evans,Seattle Mariners	Rookie,US302	Logan Evans	Seattle Mariners	Rookie,False
2026_topps_update,2026,Topps,Update,GOLDEN MIRROR IMAGE VARIATION,,US303,Tyler Freeman,Colorado Rockies,US303	Tyler Freeman	Colorado Rockies,False
2026_topps_update,2026,Topps,Update,GOLDEN MIRROR IMAGE VARIATION,,US304,Daniel Robert,Texas Rangers	Rookie,US304	Daniel Robert	Texas Rangers	Rookie,False
2026_topps_update,2026,Topps,Update,GOLDEN MIRROR IMAGE VARIATION,,US305,Derek Hill,Miami Marlins,US305	Derek Hill	Miami Marlins,False
2026_topps_update,2026,Topps,Update,GOLDEN MIRROR IMAGE VARIATION,,US306,Jake Mangum,Tampa Bay Rays	Rookie,US306	Jake Mangum	Tampa Bay Rays	Rookie,False
2026_topps_update,2026,Topps,Update,GOLDEN MIRROR IMAGE VARIATION,,US307,Chad Patrick,Milwaukee Brewers	Rookie,US307	Chad Patrick	Milwaukee Brewers	Rookie,False
2026_topps_update,2026,Topps,Update,GOLDEN MIRROR IMAGE VARIATION,,US308,Ryan Fitzgerald,Minnesota Twins	Rookie,US308	Ryan Fitzgerald	Minnesota Twins	Rookie,False
2026_topps_update,2026,Topps,Update,GOLDEN MIRROR IMAGE VARIATION,,US309,Dansby Swanson,Chicago Cubs	Veteran Combos,US309	Dansby Swanson	Chicago Cubs	Veteran Combos,False
2026_topps_update,2026,Topps,Update,GOLDEN MIRROR IMAGE VARIATION,,US309,Matt Shaw,Chicago Cubs	Veteran Combos,US309	Matt Shaw	Chicago Cubs	Veteran Combos,False
2026_topps_update,2026,Topps,Update,GOLDEN MIRROR IMAGE VARIATION,,US310,Eric Wagaman,Miami Marlins	Rookie,US310	Eric Wagaman	Miami Marlins	Rookie,False
2026_topps_update,2026,Topps,Update,GOLDEN MIRROR IMAGE VARIATION,,US311,Kevin Pillar,Texas Rangers,US311	Kevin Pillar	Texas Rangers,False
2026_topps_update,2026,Topps,Update,GOLDEN MIRROR IMAGE VARIATION,,US312,Hyeseong Kim,Los Angeles Dodgers	Rookie Debut,US312	Hyeseong Kim	Los Angeles Dodgers	Rookie Debut,False
2026_topps_update,2026,Topps,Update,GOLDEN MIRROR IMAGE VARIATION,,US313,Miles Mastrobuoni,Seattle Mariners,US313	Miles Mastrobuoni	Seattle Mariners,False
2026_topps_update,2026,Topps,Update,GOLDEN MIRROR IMAGE VARIATION,,US314,Matthew Lugo,Angels	Rookie,US314	Matthew Lugo	Angels	Rookie,False
2026_topps_update,2026,Topps,Update,GOLDEN MIRROR IMAGE VARIATION,,US315,Tyler Callihan,Cincinnati Reds	Rookie,US315	Tyler Callihan	Cincinnati Reds	Rookie,False
2026_topps_update,2026,Topps,Update,GOLDEN MIRROR IMAGE VARIATION,,US316,Drew Rasmussen,Tampa Bay Rays,US316	Drew Rasmussen	Tampa Bay Rays,False
2026_topps_update,2026,Topps,Update,GOLDEN MIRROR IMAGE VARIATION,,US317,Ryan Miller,Detroit Tigers	Rookie,US317	Ryan Miller	Detroit Tigers	Rookie,False
2026_topps_update,2026,Topps,Update,GOLDEN MIRROR IMAGE VARIATION,,US318,Rhett Lowder,Cincinnati Reds	Rookie Debut,US318	Rhett Lowder	Cincinnati Reds	Rookie Debut,False
2026_topps_update,2026,Topps,Update,GOLDEN MIRROR IMAGE VARIATION,,US319,Michael Darrell-Hicks,Angels	Rookie,US319	Michael Darrell-Hicks	Angels	Rookie,False
2026_topps_update,2026,Topps,Update,GOLDEN MIRROR IMAGE VARIATION,,US320,Austin Kitchen,Seattle Mariners	Rookie,US320	Austin Kitchen	Seattle Mariners	Rookie,False
2026_topps_update,2026,Topps,Update,GOLDEN MIRROR IMAGE VARIATION,,US321,Carson Palmquist,Colorado Rockies	Rookie,US321	Carson Palmquist	Colorado Rockies	Rookie,False
2026_topps_update,2026,Topps,Update,GOLDEN MIRROR IMAGE VARIATION,,US322,Amed Rosario,Washington Nationals,US322	Amed Rosario	Washington Nationals,False
2026_topps_update,2026,Topps,Update,GOLDEN MIRROR IMAGE VARIATION,,US323,Luis Contreras,Houston Astros	Rookie,US323	Luis Contreras	Houston Astros	Rookie,False
2026_topps_update,2026,Topps,Update,GOLDEN MIRROR IMAGE VARIATION,,US324,Ryan Zeferjahn,Angels	Rookie,US324	Ryan Zeferjahn	Angels	Rookie,False
2026_topps_update,2026,Topps,Update,GOLDEN MIRROR IMAGE VARIATION,,US325,Edgar Quero,Chicago White Sox	Rookie Debut,US325	Edgar Quero	Chicago White Sox	Rookie Debut,False
2026_topps_update,2026,Topps,Update,GOLDEN MIRROR IMAGE VARIATION,,US326,James Meeker,Milwaukee Brewers	Rookie,US326	James Meeker	Milwaukee Brewers	Rookie,False
2026_topps_update,2026,Topps,Update,GOLDEN MIRROR IMAGE VARIATION,,US327,Spencer Schwellenbach,Atlanta Braves	Rookie Debut,US327	Spencer Schwellenbach	Atlanta Braves	Rookie Debut,False
2026_topps_update,2026,Topps,Update,GOLDEN MIRROR IMAGE VARIATION,,US328,Camilo Doval,San Francisco Giants,US328	Camilo Doval	San Francisco Giants,False
2026_topps_update,2026,Topps,Update,GOLDEN MIRROR IMAGE VARIATION,,US329,Robert Garcia,Texas Rangers,US329	Robert Garcia	Texas Rangers,False
2026_topps_update,2026,Topps,Update,GOLDEN MIRROR IMAGE VARIATION,,US330,Austin Wynns,Athletics,US330	Austin Wynns	Athletics,False
2026_topps_update,2026,Topps,Update,GOLDEN MIRROR IMAGE VARIATION,,US331,Elly De La Cruz,Cincinnati Reds	Veteran Combos,US331	Elly De La Cruz	Cincinnati Reds	Veteran Combos,False
2026_topps_update,2026,Topps,Update,GOLDEN MIRROR IMAGE VARIATION,,US331,Matt McLain,Cincinnati Reds	Veteran Combos,US331	Matt McLain	Cincinnati Reds	Veteran Combos,False
2026_topps_update,2026,Topps,Update,GOLDEN MIRROR IMAGE VARIATION,,US332,Agustín Ramírez,Miami Marlins	Rookie Debut,US332	Agustín Ramírez	Miami Marlins	Rookie Debut,False
2026_topps_update,2026,Topps,Update,GOLDEN MIRROR IMAGE VARIATION,,US333,Brady Feigl,Minnesota Twins	Rookie,US333	Brady Feigl	Minnesota Twins	Rookie,False
2026_topps_update,2026,Topps,Update,GOLDEN MIRROR IMAGE VARIATION,,US334,Luis Urías,Athletics,US334	Luis Urías	Athletics,False
2026_topps_update,2026,Topps,Update,GOLDEN MIRROR IMAGE VARIATION,,US335,Colin Rea,Chicago Cubs,US335	Colin Rea	Chicago Cubs,False
2026_topps_update,2026,Topps,Update,GOLDEN MIRROR IMAGE VARIATION,,US336,Luisangel Acuña,New York Mets	Rookie Debut,US336	Luisangel Acuña	New York Mets	Rookie Debut,False
2026_topps_update,2026,Topps,Update,GOLDEN MIRROR IMAGE VARIATION,,US337,Chase Meidroth,Chicago White Sox	Rookie,US337	Chase Meidroth	Chicago White Sox	Rookie,False
2026_topps_update,2026,Topps,Update,GOLDEN MIRROR IMAGE VARIATION,,US338,José Fermin,Angels	Rookie,US338	José Fermin	Angels	Rookie,False
2026_topps_update,2026,Topps,Update,GOLDEN MIRROR IMAGE VARIATION,,US339,Thairo Estrada,Colorado Rockies,US339	Thairo Estrada	Colorado Rockies,False
2026_topps_update,2026,Topps,Update,GOLDEN MIRROR IMAGE VARIATION,,US340,Myles Straw,Toronto Blue Jays,US340	Myles Straw	Toronto Blue Jays,False
2026_topps_update,2026,Topps,Update,GOLDEN MIRROR IMAGE VARIATION,,US341,Nolan Jones,Cleveland Guardians,US341	Nolan Jones	Cleveland Guardians,False
2026_topps_update,2026,Topps,Update,GOLDEN MIRROR IMAGE VARIATION,,US342,Luke Keaschall,Minnesota Twins	Rookie Debut,US342	Luke Keaschall	Minnesota Twins	Rookie Debut,False
2026_topps_update,2026,Topps,Update,GOLDEN MIRROR IMAGE VARIATION,,US343,Jorge Soler,Angels,US343	Jorge Soler	Angels,False
2026_topps_update,2026,Topps,Update,GOLDEN MIRROR IMAGE VARIATION,,US344,Brady Singer,Cincinnati Reds,US344	Brady Singer	Cincinnati Reds,False
2026_topps_update,2026,Topps,Update,GOLDEN MIRROR IMAGE VARIATION,,US345,Matt Shaw,Chicago Cubs	Rookie Debut,US345	Matt Shaw	Chicago Cubs	Rookie Debut,False
2026_topps_update,2026,Topps,Update,GOLDEN MIRROR IMAGE VARIATION,,US346,JoJo Romero,St. Louis Cardinals,US346	JoJo Romero	St. Louis Cardinals,False
2026_topps_update,2026,Topps,Update,GOLDEN MIRROR IMAGE VARIATION,,US347,Michael Soroka,Washington Nationals,US347	Michael Soroka	Washington Nationals,False
2026_topps_update,2026,Topps,Update,GOLDEN MIRROR IMAGE VARIATION,,US348,David Morgan,San Diego Padres	Rookie,US348	David Morgan	San Diego Padres	Rookie,False
2026_topps_update,2026,Topps,Update,GOLDEN MIRROR IMAGE VARIATION,,US349,Chandler Simpson,Tampa Bay Rays	Rookie Debut,US349	Chandler Simpson	Tampa Bay Rays	Rookie Debut,False
2026_topps_update,2026,Topps,Update,GOLDEN MIRROR IMAGE VARIATION,,US350,Paxton Schultz,Toronto Blue Jays	Rookie,US350	Paxton Schultz	Toronto Blue Jays	Rookie,False
2026_topps_update,2026,Topps,Update,BLEACHER REACHERS,,BR-1,Shohei Ohtani,Los Angeles Dodgers,BR-1	Shohei Ohtani	Los Angeles Dodgers,False
2026_topps_update,2026,Topps,Update,BLEACHER REACHERS,,BR-2,Ronald Acuña Jr.,Atlanta Braves,BR-2	Ronald Acuña Jr.	Atlanta Braves,False
2026_topps_update,2026,Topps,Update,BLEACHER REACHERS,,BR-3,Juan Soto,New York Mets,BR-3	Juan Soto	New York Mets,False
2026_topps_update,2026,Topps,Update,BLEACHER REACHERS,,BR-4,Aaron Judge,New York Yankees,BR-4	Aaron Judge	New York Yankees,False
2026_topps_update,2026,Topps,Update,BLEACHER REACHERS,,BR-5,Fernando Tatis Jr.,San Diego Padres,BR-5	Fernando Tatis Jr.	San Diego Padres,False
2026_topps_update,2026,Topps,Update,BLEACHER REACHERS,,BR-6,Sammy Sosa,Chicago Cubs,BR-6	Sammy Sosa	Chicago Cubs,False
2026_topps_update,2026,Topps,Update,BLEACHER REACHERS,,BR-7,Mark McGwire,St. Louis Cardinals,BR-7	Mark McGwire	St. Louis Cardinals,False
2026_topps_update,2026,Topps,Update,BLEACHER REACHERS,,BR-8,Kirby Puckett,Minnesota Twins,BR-8	Kirby Puckett	Minnesota Twins,False
2026_topps_update,2026,Topps,Update,BLEACHER REACHERS,,BR-9,Vladimir Guerrero Jr.,Toronto Blue Jays,BR-9	Vladimir Guerrero Jr.	Toronto Blue Jays,False
2026_topps_update,2026,Topps,Update,BLEACHER REACHERS,,BR-10,Pete Alonso,New York Mets,BR-10	Pete Alonso	New York Mets,False
2026_topps_update,2026,Topps,Update,BLEACHER REACHERS,,BR-11,James Wood,Washington Nationals	Rookie,BR-11	James Wood	Washington Nationals	Rookie,False
2026_topps_update,2026,Topps,Update,BLEACHER REACHERS,,BR-12,Albert Pujols,St. Louis Cardinals,BR-12	Albert Pujols	St. Louis Cardinals,False
2026_topps_update,2026,Topps,Update,BLEACHER REACHERS,,BR-13,Mike Trout,Angels,BR-13	Mike Trout	Angels,False
2026_topps_update,2026,Topps,Update,BLEACHER REACHERS,,BR-14,Jim Thome,Philadelphia Phillies,BR-14	Jim Thome	Philadelphia Phillies,False
2026_topps_update,2026,Topps,Update,BLEACHER REACHERS,,BR-15,Ken Griffey Jr.,Seattle Mariners,BR-15	Ken Griffey Jr.	Seattle Mariners,False
2026_topps_update,2026,Topps,Update,BLEACHER REACHERS,,BR-16,Alex Rodriguez,New York Yankees,BR-16	Alex Rodriguez	New York Yankees,False
2026_topps_update,2026,Topps,Update,BLEACHER REACHERS,,BR-17,Bryce Harper,Philadelphia Phillies,BR-17	Bryce Harper	Philadelphia Phillies,False
2026_topps_update,2026,Topps,Update,BLEACHER REACHERS,,BR-18,David Ortiz,Boston Red Sox,BR-18	David Ortiz	Boston Red Sox,False
2026_topps_update,2026,Topps,Update,BLEACHER REACHERS,,BR-19,Kyle Tucker,Chicago Cubs,BR-19	Kyle Tucker	Chicago Cubs,False
2026_topps_update,2026,Topps,Update,BLEACHER REACHERS,,BR-20,Chipper Jones,Atlanta Braves,BR-20	Chipper Jones	Atlanta Braves,False
2026_topps_update,2026,Topps,Update,BLEACHER REACHERS,,BR-21,Bobby Witt Jr.,Kansas City Royals,BR-21	Bobby Witt Jr.	Kansas City Royals,False
2026_topps_update,2026,Topps,Update,BLEACHER REACHERS,,BR-22,Freddie Freeman,Los Angeles Dodgers,BR-22	Freddie Freeman	Los Angeles Dodgers,False
2026_topps_update,2026,Topps,Update,BLEACHER REACHERS,,BR-23,Babe Ruth,New York Yankees,BR-23	Babe Ruth	New York Yankees,False
2026_topps_update,2026,Topps,Update,BLEACHER REACHERS,,BR-24,Hank Aaron,Atlanta Braves,BR-24	Hank Aaron	Atlanta Braves,False
2026_topps_update,2026,Topps,Update,BLEACHER REACHERS,,BR-25,Mickey Mantle,New York Yankees,BR-25	Mickey Mantle	New York Yankees,False
2026_topps_update,2026,Topps,Update,NIGHT TERRORS,,NT-1,Aaron Judge,New York Yankees,NT-1	Aaron Judge	New York Yankees,False
2026_topps_update,2026,Topps,Update,NIGHT TERRORS,,NT-2,Shohei Ohtani,Los Angeles Dodgers,NT-2	Shohei Ohtani	Los Angeles Dodgers,False
2026_topps_update,2026,Topps,Update,NIGHT TERRORS,,NT-3,Ronald Acuña Jr.,Atlanta Braves,NT-3	Ronald Acuña Jr.	Atlanta Braves,False
2026_topps_update,2026,Topps,Update,NIGHT TERRORS,,NT-4,Bobby Witt Jr.,Kansas City Royals,NT-4	Bobby Witt Jr.	Kansas City Royals,False
2026_topps_update,2026,Topps,Update,NIGHT TERRORS,,NT-5,Nick Kurtz,Athletics	Rookie,NT-5	Nick Kurtz	Athletics	Rookie,False
2026_topps_update,2026,Topps,Update,NIGHT TERRORS,,NT-6,Elly De La Cruz,Cincinnati Reds,NT-6	Elly De La Cruz	Cincinnati Reds,False
2026_topps_update,2026,Topps,Update,NIGHT TERRORS,,NT-7,Ken Griffey Jr.,Cincinnati Reds,NT-7	Ken Griffey Jr.	Cincinnati Reds,False
2026_topps_update,2026,Topps,Update,NIGHT TERRORS,,NT-8,Juan Soto,New York Mets,NT-8	Juan Soto	New York Mets,False
2026_topps_update,2026,Topps,Update,NIGHT TERRORS,,NT-9,Mookie Betts,Los Angeles Dodgers,NT-9	Mookie Betts	Los Angeles Dodgers,False
2026_topps_update,2026,Topps,Update,NIGHT TERRORS,,NT-10,Mike Trout,Angels,NT-10	Mike Trout	Angels,False
2026_topps_update,2026,Topps,Update,NIGHT TERRORS,,NT-11,Jacob Wilson,Athletics	Rookie,NT-11	Jacob Wilson	Athletics	Rookie,False
2026_topps_update,2026,Topps,Update,NIGHT TERRORS,,NT-12,Bryce Harper,Philadelphia Phillies,NT-12	Bryce Harper	Philadelphia Phillies,False
2026_topps_update,2026,Topps,Update,NIGHT TERRORS,,NT-13,Dylan Crews,Washington Nationals	Rookie,NT-13	Dylan Crews	Washington Nationals	Rookie,False
2026_topps_update,2026,Topps,Update,NIGHT TERRORS,,NT-14,Kyle Tucker,Chicago Cubs,NT-14	Kyle Tucker	Chicago Cubs,False
2026_topps_update,2026,Topps,Update,NIGHT TERRORS,,NT-15,Julio Rodríguez,Seattle Mariners,NT-15	Julio Rodríguez	Seattle Mariners,False
2026_topps_update,2026,Topps,Update,NIGHT TERRORS,,NT-16,Gunnar Henderson,Baltimore Orioles,NT-16	Gunnar Henderson	Baltimore Orioles,False
2026_topps_update,2026,Topps,Update,NIGHT TERRORS,,NT-17,Vladimir Guerrero Jr.,Toronto Blue Jays,NT-17	Vladimir Guerrero Jr.	Toronto Blue Jays,False
2026_topps_update,2026,Topps,Update,NIGHT TERRORS,,NT-18,Francisco Lindor,New York Mets,NT-18	Francisco Lindor	New York Mets,False
2026_topps_update,2026,Topps,Update,NIGHT TERRORS,,NT-19,Cam Smith,Houston Astros	Rookie,NT-19	Cam Smith	Houston Astros	Rookie,False
2026_topps_update,2026,Topps,Update,NIGHT TERRORS,,NT-20,Matt Shaw,Chicago Cubs	Rookie,NT-20	Matt Shaw	Chicago Cubs	Rookie,False
2026_topps_update,2026,Topps,Update,NIGHT TERRORS,,NT-21,Fernando Tatis Jr.,San Diego Padres,NT-21	Fernando Tatis Jr.	San Diego Padres,False
2026_topps_update,2026,Topps,Update,NIGHT TERRORS,,NT-22,Rafael Devers,San Francisco Giants,NT-22	Rafael Devers	San Francisco Giants,False
2026_topps_update,2026,Topps,Update,NIGHT TERRORS,,NT-23,Pete Crow-Armstrong,Chicago Cubs,NT-23	Pete Crow-Armstrong	Chicago Cubs,False
2026_topps_update,2026,Topps,Update,NIGHT TERRORS,,NT-24,Dalton Rushing,Los Angeles Dodgers	Rookie,NT-24	Dalton Rushing	Los Angeles Dodgers	Rookie,False
2026_topps_update,2026,Topps,Update,NIGHT TERRORS,,NT-25,James Wood,Washington Nationals	Rookie,NT-25	James Wood	Washington Nationals	Rookie,False
2026_topps_update,2026,Topps,Update,MOST VALUABLE,,MV-1,Aaron Judge,New York Yankees,MV-1	Aaron Judge	New York Yankees,False
2026_topps_update,2026,Topps,Update,MOST VALUABLE,,MV-2,Shohei Ohtani,Los Angeles Dodgers,MV-2	Shohei Ohtani	Los Angeles Dodgers,False
2026_topps_update,2026,Topps,Update,MOST VALUABLE,,MV-3,Ronald Acuña Jr.,Atlanta Braves,MV-3	Ronald Acuña Jr.	Atlanta Braves,False
2026_topps_update,2026,Topps,Update,MOST VALUABLE,,MV-4,Paul Goldschmidt,St. Louis Cardinals,MV-4	Paul Goldschmidt	St. Louis Cardinals,False
2026_topps_update,2026,Topps,Update,MOST VALUABLE,,MV-5,Bryce Harper,Philadelphia Phillies,MV-5	Bryce Harper	Philadelphia Phillies,False
2026_topps_update,2026,Topps,Update,MOST VALUABLE,,MV-6,José Abreu,Chicago White Sox,MV-6	José Abreu	Chicago White Sox,False
2026_topps_update,2026,Topps,Update,MOST VALUABLE,,MV-7,Freddie Freeman,Atlanta Braves,MV-7	Freddie Freeman	Atlanta Braves,False
2026_topps_update,2026,Topps,Update,MOST VALUABLE,,MV-8,Cody Bellinger,Los Angeles Dodgers,MV-8	Cody Bellinger	Los Angeles Dodgers,False
2026_topps_update,2026,Topps,Update,MOST VALUABLE,,MV-9,Mike Trout,Angels,MV-9	Mike Trout	Angels,False
2026_topps_update,2026,Topps,Update,MOST VALUABLE,,MV-10,Christian Yelich,Milwaukee Brewers,MV-10	Christian Yelich	Milwaukee Brewers,False
2026_topps_update,2026,Topps,Update,MOST VALUABLE,,MV-11,Mookie Betts,Boston Red Sox,MV-11	Mookie Betts	Boston Red Sox,False
2026_topps_update,2026,Topps,Update,MOST VALUABLE,,MV-12,Giancarlo Stanton,Miami Marlins,MV-12	Giancarlo Stanton	Miami Marlins,False
2026_topps_update,2026,Topps,Update,MOST VALUABLE,,MV-13,Jose Altuve,Houston Astros,MV-13	Jose Altuve	Houston Astros,False
2026_topps_update,2026,Topps,Update,MOST VALUABLE,,MV-14,Kris Bryant,Chicago Cubs,MV-14	Kris Bryant	Chicago Cubs,False
2026_topps_update,2026,Topps,Update,MOST VALUABLE,,MV-15,Clayton Kershaw,Los Angeles Dodgers,MV-15	Clayton Kershaw	Los Angeles Dodgers,False
2026_topps_update,2026,Topps,Update,MOST VALUABLE,,MV-16,Andrew McCutchen,Pittsburgh Pirates,MV-16	Andrew McCutchen	Pittsburgh Pirates,False
2026_topps_update,2026,Topps,Update,MOST VALUABLE,,MV-17,Miguel Cabrera,Detroit Tigers,MV-17	Miguel Cabrera	Detroit Tigers,False
2026_topps_update,2026,Topps,Update,MOST VALUABLE,,MV-18,Buster Posey,San Francisco Giants,MV-18	Buster Posey	San Francisco Giants,False
2026_topps_update,2026,Topps,Update,MOST VALUABLE,,MV-19,Justin Verlander,Detroit Tigers,MV-19	Justin Verlander	Detroit Tigers,False
2026_topps_update,2026,Topps,Update,MOST VALUABLE,,MV-20,Joey Votto,Cincinnati Reds,MV-20	Joey Votto	Cincinnati Reds,False
2026_topps_update,2026,Topps,Update,MOST VALUABLE,,MV-21,Justin Morneau,Minnesota Twins,MV-21	Justin Morneau	Minnesota Twins,False
2026_topps_update,2026,Topps,Update,MOST VALUABLE,,MV-22,Alex Rodriguez,New York Yankees,MV-22	Alex Rodriguez	New York Yankees,False
2026_topps_update,2026,Topps,Update,MOST VALUABLE,,MV-23,Albert Pujols,St. Louis Cardinals,MV-23	Albert Pujols	St. Louis Cardinals,False
2026_topps_update,2026,Topps,Update,MOST VALUABLE,,MV-24,Ichiro,Seattle Mariners,MV-24	Ichiro	Seattle Mariners,False
2026_topps_update,2026,Topps,Update,MOST VALUABLE,,MV-25,Sammy Sosa,Chicago Cubs,MV-25	Sammy Sosa	Chicago Cubs,False
2026_topps_update,2026,Topps,Update,MOST VALUABLE,,MV-26,Frank Thomas,Chicago White Sox,MV-26	Frank Thomas	Chicago White Sox,False
2026_topps_update,2026,Topps,Update,MOST VALUABLE,,MV-27,Cal Ripken Jr.,Baltimore Orioles,MV-27	Cal Ripken Jr.	Baltimore Orioles,False
2026_topps_update,2026,Topps,Update,MOST VALUABLE,,MV-28,Mike Schmidt,Philadelphia Phillies,MV-28	Mike Schmidt	Philadelphia Phillies,False
2026_topps_update,2026,Topps,Update,MOST VALUABLE,,MV-29,Rod Carew,Minnesota Twins,MV-29	Rod Carew	Minnesota Twins,False
2026_topps_update,2026,Topps,Update,MOST VALUABLE,,MV-30,Reggie Jackson,Oakland Athletics,MV-30	Reggie Jackson	Oakland Athletics,False
2026_topps_update,2026,Topps,Update,MOST VALUABLE,,MV-31,Johnny Bench,Cincinnati Reds,MV-31	Johnny Bench	Cincinnati Reds,False
2026_topps_update,2026,Topps,Update,MOST VALUABLE,,MV-32,Harmon Killebrew,Minnesota Twins,MV-32	Harmon Killebrew	Minnesota Twins,False
2026_topps_update,2026,Topps,Update,MOST VALUABLE,,MV-33,Roberto Clemente,Pittsburgh Pirates,MV-33	Roberto Clemente	Pittsburgh Pirates,False
2026_topps_update,2026,Topps,Update,MOST VALUABLE,,MV-34,Willie Mays,San Francisco Giants,MV-34	Willie Mays	San Francisco Giants,False
2026_topps_update,2026,Topps,Update,MOST VALUABLE,,MV-35,Mickey Mantle,New York Yankees,MV-35	Mickey Mantle	New York Yankees,False
2026_topps_update,2026,Topps,Update,MOST VALUABLE,,MV-36,Roger Maris,New York Yankees,MV-36	Roger Maris	New York Yankees,False
2026_topps_update,2026,Topps,Update,MOST VALUABLE,,MV-37,Ernie Banks,Chicago Cubs,MV-37	Ernie Banks	Chicago Cubs,False
2026_topps_update,2026,Topps,Update,MOST VALUABLE,,MV-38,Roy Campanella,Brooklyn Dodgers,MV-38	Roy Campanella	Brooklyn Dodgers,False
2026_topps_update,2026,Topps,Update,MOST VALUABLE,,MV-39,Ted Williams,Boston Red Sox,MV-39	Ted Williams	Boston Red Sox,False
2026_topps_update,2026,Topps,Update,MOST VALUABLE,,MV-40,Yogi Berra,New York Yankees,MV-40	Yogi Berra	New York Yankees,False
2026_topps_update,2026,Topps,Update,FIRST PITCH,,FPU-1,Big Sean,Detroit Tigers,FPU-1	Big Sean	Detroit Tigers,False
2026_topps_update,2026,Topps,Update,FIRST PITCH,,FPU-2,Manuel Selman,Seattle Mariners,FPU-2	Manuel Selman	Seattle Mariners,False
2026_topps_update,2026,Topps,Update,FIRST PITCH,,FPU-3,MIYAVI,Los Angeles Dodgers,FPU-3	MIYAVI	Los Angeles Dodgers,False
2026_topps_update,2026,Topps,Update,FIRST PITCH,,FPU-4,Eitan Levine,New York Mets,FPU-4	Eitan Levine	New York Mets,False
2026_topps_update,2026,Topps,Update,FIRST PITCH,,FPU-5,John Smoltz,Atlanta Braves,FPU-5	John Smoltz	Atlanta Braves,False
2026_topps_update,2026,Topps,Update,FIRST PITCH,,FPU-6,Hideki Matsui,New York Yankees,FPU-6	Hideki Matsui	New York Yankees,False
2026_topps_update,2026,Topps,Update,FIRST PITCH,,FPU-7,Andy Pettitte,New York Yankees,FPU-7	Andy Pettitte	New York Yankees,False
2026_topps_update,2026,Topps,Update,FIRST PITCH,,FPU-8,Derek Jeter,New York Yankees,FPU-8	Derek Jeter	New York Yankees,False
2026_topps_update,2026,Topps,Update,FIRST PITCH,,FPU-9,Matt Holliday,Colorado Rockies,FPU-9	Matt Holliday	Colorado Rockies,False
2026_topps_update,2026,Topps,Update,FIRST PITCH,,FPU-10,Kirk Gibson,Detroit Tigers,FPU-10	Kirk Gibson	Detroit Tigers,False
2026_topps_update,2026,Topps,Update,2025 ALL STAR GAME,,ASG-1,Shohei Ohtani,Los Angeles Dodgers,ASG-1	Shohei Ohtani	Los Angeles Dodgers,False
2026_topps_update,2026,Topps,Update,2025 ALL STAR GAME,,ASG-2,Aaron Judge,New York Yankees,ASG-2	Aaron Judge	New York Yankees,False
2026_topps_update,2026,Topps,Update,2025 ALL STAR GAME,,ASG-3,Vladimir Guerrero Jr.,Toronto Blue Jays,ASG-3	Vladimir Guerrero Jr.	Toronto Blue Jays,False
2026_topps_update,2026,Topps,Update,2025 ALL STAR GAME,,ASG-4,Freddie Freeman,Los Angeles Dodgers,ASG-4	Freddie Freeman	Los Angeles Dodgers,False
2026_topps_update,2026,Topps,Update,2025 ALL STAR GAME,,ASG-5,Randy Arozarena,Seattle Mariners,ASG-5	Randy Arozarena	Seattle Mariners,False
2026_topps_update,2026,Topps,Update,2025 ALL STAR GAME,,ASG-6,Pete Crow-Armstrong,Chicago Cubs,ASG-6	Pete Crow-Armstrong	Chicago Cubs,False
2026_topps_update,2026,Topps,Update,2025 ALL STAR GAME,,ASG-7,Will Smith,Los Angeles Dodgers,ASG-7	Will Smith	Los Angeles Dodgers,False
2026_topps_update,2026,Topps,Update,2025 ALL STAR GAME,,ASG-8,Kyle Tucker,Chicago Cubs,ASG-8	Kyle Tucker	Chicago Cubs,False
2026_topps_update,2026,Topps,Update,2025 ALL STAR GAME,,ASG-9,Cal Raleigh,Seattle Mariners,ASG-9	Cal Raleigh	Seattle Mariners,False
2026_topps_update,2026,Topps,Update,2025 ALL STAR GAME,,ASG-10,Gleyber Torres,Detroit Tigers,ASG-10	Gleyber Torres	Detroit Tigers,False
2026_topps_update,2026,Topps,Update,2025 ALL STAR GAME,,ASG-11,Jacob Wilson,Athletics	Rookie,ASG-11	Jacob Wilson	Athletics	Rookie,False
2026_topps_update,2026,Topps,Update,2025 ALL STAR GAME,,ASG-12,Riley Greene,Detroit Tigers,ASG-12	Riley Greene	Detroit Tigers,False
2026_topps_update,2026,Topps,Update,2025 ALL STAR GAME,,ASG-13,Javier Báez,Detroit Tigers,ASG-13	Javier Báez	Detroit Tigers,False
2026_topps_update,2026,Topps,Update,2025 ALL STAR GAME,,ASG-14,Ryan O'Hearn,Baltimore Orioles,ASG-14	Ryan O'Hearn	Baltimore Orioles,False
2026_topps_update,2026,Topps,Update,2025 ALL STAR GAME,,ASG-15,Ketel Marte,Arizona Diamondbacks,ASG-15	Ketel Marte	Arizona Diamondbacks,False
2026_topps_update,2026,Topps,Update,2025 ALL STAR GAME,,ASG-16,Manny Machado,San Diego Padres,ASG-16	Manny Machado	San Diego Padres,False
2026_topps_update,2026,Topps,Update,2025 ALL STAR GAME,,ASG-17,Francisco Lindor,New York Mets,ASG-17	Francisco Lindor	New York Mets,False
2026_topps_update,2026,Topps,Update,2025 ALL STAR GAME,,ASG-18,Ronald Acuña Jr.,Atlanta Braves,ASG-18	Ronald Acuña Jr.	Atlanta Braves,False
2026_topps_update,2026,Topps,Update,2025 ALL STAR GAME,,ASG-19,Kyle Schwarber,Philadelphia Phillies,ASG-19	Kyle Schwarber	Philadelphia Phillies,False
2026_topps_update,2026,Topps,Update,2025 ALL STAR GAME,,ASG-20,Garrett Crochet,Boston Red Sox,ASG-20	Garrett Crochet	Boston Red Sox,False
2026_topps_update,2026,Topps,Update,2025 ALL STAR GAME,,ASG-21,Elly De La Cruz,Cincinnati Reds,ASG-21	Elly De La Cruz	Cincinnati Reds,False
2026_topps_update,2026,Topps,Update,2025 ALL STAR GAME,,ASG-22,Tarik Skubal,Detroit Tigers,ASG-22	Tarik Skubal	Detroit Tigers,False
2026_topps_update,2026,Topps,Update,2025 ALL STAR GAME,,ASG-23,Bobby Witt Jr.,Kansas City Royals,ASG-23	Bobby Witt Jr.	Kansas City Royals,False
2026_topps_update,2026,Topps,Update,2025 ALL STAR GAME,,ASG-24,Byron Buxton,Minnesota Twins,ASG-24	Byron Buxton	Minnesota Twins,False
2026_topps_update,2026,Topps,Update,2025 ALL STAR GAME,,ASG-25,Pete Alonso,New York Mets,ASG-25	Pete Alonso	New York Mets,False
2026_topps_update,2026,Topps,Update,2025 ALL STAR GAME,,ASG-26,Max Fried,New York Yankees,ASG-26	Max Fried	New York Yankees,False
2026_topps_update,2026,Topps,Update,2025 ALL STAR GAME,,ASG-27,Paul Skenes,Pittsburgh Pirates,ASG-27	Paul Skenes	Pittsburgh Pirates,False
2026_topps_update,2026,Topps,Update,2025 ALL STAR GAME,,ASG-28,Fernando Tatis Jr.,San Diego Padres,ASG-28	Fernando Tatis Jr.	San Diego Padres,False
2026_topps_update,2026,Topps,Update,2025 ALL STAR GAME,,ASG-29,James Wood,Washington Nationals	Rookie,ASG-29	James Wood	Washington Nationals	Rookie,False
2026_topps_update,2026,Topps,Update,2025 ALL STAR GAME,,ASG-30,MacKenzie Gore,Washington Nationals,ASG-30	MacKenzie Gore	Washington Nationals,False
2026_topps_update,2026,Topps,Update,2025 ALL STAR GAME,,ASG-31,Jeremy Peña,Houston Astros,ASG-31	Jeremy Peña	Houston Astros,False
2026_topps_update,2026,Topps,Update,2025 ALL STAR GAME,,ASG-32,Yoshinobu Yamamoto,Los Angeles Dodgers,ASG-32	Yoshinobu Yamamoto	Los Angeles Dodgers,False
2026_topps_update,2026,Topps,Update,2025 ALL STAR GAME,,ASG-33,Eugenio Suárez,Arizona Diamondbacks,ASG-33	Eugenio Suárez	Arizona Diamondbacks,False
2026_topps_update,2026,Topps,Update,2025 ALL STAR GAME,,ASG-34,Bryan Woo,Seattle Mariners,ASG-34	Bryan Woo	Seattle Mariners,False
2026_topps_update,2026,Topps,Update,2025 ALL STAR GAME,,ASG-35,Casey Mize,Detroit Tigers,ASG-35	Casey Mize	Detroit Tigers,False
2026_topps_update,2026,Topps,Update,2025 ALL STAR GAME,,ASG-36,Jacob deGrom,Texas Rangers,ASG-36	Jacob deGrom	Texas Rangers,False
2026_topps_update,2026,Topps,Update,2025 ALL STAR GAME,,ASG-37,Matt Boyd,Chicago Cubs,ASG-37	Matt Boyd	Chicago Cubs,False
2026_topps_update,2026,Topps,Update,2025 ALL STAR GAME,,ASG-38,Carlos Rodón,New York Yankees,ASG-38	Carlos Rodón	New York Yankees,False
2026_topps_update,2026,Topps,Update,2025 ALL STAR GAME,,ASG-39,Chris Sale,Atlanta Braves,ASG-39	Chris Sale	Atlanta Braves,False
2026_topps_update,2026,Topps,Update,2025 ALL STAR GAME,,ASG-40,Junior Caminero,Tampa Bay Rays,ASG-40	Junior Caminero	Tampa Bay Rays,False
2026_topps_update,2026,Topps,Update,2025 ALL STAR GAME,,ASG-41,Alex Bregman,Boston Red Sox,ASG-41	Alex Bregman	Boston Red Sox,False
2026_topps_update,2026,Topps,Update,2025 ALL STAR GAME,,ASG-42,Jazz Chisholm Jr.,New York Yankees,ASG-42	Jazz Chisholm Jr.	New York Yankees,False
2026_topps_update,2026,Topps,Update,2025 ALL STAR GAME,,ASG-43,Steven Kwan,Cleveland Guardians,ASG-43	Steven Kwan	Cleveland Guardians,False
2026_topps_update,2026,Topps,Update,2025 ALL STAR GAME,,ASG-44,Julio Rodríguez,Seattle Mariners,ASG-44	Julio Rodríguez	Seattle Mariners,False
2026_topps_update,2026,Topps,Update,2025 ALL STAR GAME,,ASG-45,Brent Rooker,Athletics,ASG-45	Brent Rooker	Athletics,False
2026_topps_update,2026,Topps,Update,2025 ALL STAR GAME,,ASG-46,Kris Bubic,Kansas City Royals,ASG-46	Kris Bubic	Kansas City Royals,False
2026_topps_update,2026,Topps,Update,2025 ALL STAR GAME,,ASG-47,Robbie Ray,San Francisco Giants,ASG-47	Robbie Ray	San Francisco Giants,False
2026_topps_update,2026,Topps,Update,2025 ALL STAR GAME,,ASG-48,Logan Webb,San Francisco Giants,ASG-48	Logan Webb	San Francisco Giants,False
2026_topps_update,2026,Topps,Update,2025 ALL STAR GAME,,ASG-49,Matt Olson,Atlanta Braves,ASG-49	Matt Olson	Atlanta Braves,False
2026_topps_update,2026,Topps,Update,2025 ALL STAR GAME,,ASG-50,Clayton Kershaw,Los Angeles Dodgers,ASG-50	Clayton Kershaw	Los Angeles Dodgers,False
2026_topps_update,2026,Topps,Update,TOPPS BLACK GOLD,,BG-1,Mike Trout,Angels,BG-1	Mike Trout	Angels,False
2026_topps_update,2026,Topps,Update,TOPPS BLACK GOLD,,BG-2,Kristian Campbell,Boston Red Sox	Rookie,BG-2	Kristian Campbell	Boston Red Sox	Rookie,False
2026_topps_update,2026,Topps,Update,TOPPS BLACK GOLD,,BG-3,James Wood,Washington Nationals	Rookie,BG-3	James Wood	Washington Nationals	Rookie,False
2026_topps_update,2026,Topps,Update,TOPPS BLACK GOLD,,BG-4,Dalton Rushing,Los Angeles Dodgers	Rookie,BG-4	Dalton Rushing	Los Angeles Dodgers	Rookie,False
2026_topps_update,2026,Topps,Update,TOPPS BLACK GOLD,,BG-5,Ronald Acuña Jr.,Atlanta Braves,BG-5	Ronald Acuña Jr.	Atlanta Braves,False
2026_topps_update,2026,Topps,Update,TOPPS BLACK GOLD,,BG-6,Paul Skenes,Pittsburgh Pirates,BG-6	Paul Skenes	Pittsburgh Pirates,False
2026_topps_update,2026,Topps,Update,TOPPS BLACK GOLD,,BG-7,Matt Shaw,Chicago Cubs	Rookie,BG-7	Matt Shaw	Chicago Cubs	Rookie,False
2026_topps_update,2026,Topps,Update,TOPPS BLACK GOLD,,BG-8,Bryce Harper,Philadelphia Phillies,BG-8	Bryce Harper	Philadelphia Phillies,False
2026_topps_update,2026,Topps,Update,TOPPS BLACK GOLD,,BG-9,Cam Smith,Houston Astros	Rookie,BG-9	Cam Smith	Houston Astros	Rookie,False
2026_topps_update,2026,Topps,Update,TOPPS BLACK GOLD,,BG-10,Jackson Jobe,Detroit Tigers	Rookie,BG-10	Jackson Jobe	Detroit Tigers	Rookie,False
2026_topps_update,2026,Topps,Update,TOPPS BLACK GOLD,,BG-11,Dylan Crews,Washington Nationals	Rookie,BG-11	Dylan Crews	Washington Nationals	Rookie,False
2026_topps_update,2026,Topps,Update,TOPPS BLACK GOLD,,BG-12,Luke Keaschall,Minnesota Twins	Rookie,BG-12	Luke Keaschall	Minnesota Twins	Rookie,False
2026_topps_update,2026,Topps,Update,TOPPS BLACK GOLD,,BG-13,Marcelo Mayer,Boston Red Sox	Rookie,BG-13	Marcelo Mayer	Boston Red Sox	Rookie,False
2026_topps_update,2026,Topps,Update,TOPPS BLACK GOLD,,BG-14,Hyeseong Kim,Los Angeles Dodgers	Rookie,BG-14	Hyeseong Kim	Los Angeles Dodgers	Rookie,False
2026_topps_update,2026,Topps,Update,TOPPS BLACK GOLD,,BG-15,Ken Griffey Jr.,Seattle Mariners,BG-15	Ken Griffey Jr.	Seattle Mariners,False
2026_topps_update,2026,Topps,Update,TOPPS BLACK GOLD,,BG-16,Bobby Witt Jr.,Kansas City Royals,BG-16	Bobby Witt Jr.	Kansas City Royals,False
2026_topps_update,2026,Topps,Update,TOPPS BLACK GOLD,,BG-17,Elly De La Cruz,Cincinnati Reds,BG-17	Elly De La Cruz	Cincinnati Reds,False
2026_topps_update,2026,Topps,Update,TOPPS BLACK GOLD,,BG-18,Aaron Judge,New York Yankees,BG-18	Aaron Judge	New York Yankees,False
2026_topps_update,2026,Topps,Update,TOPPS BLACK GOLD,,BG-19,Shohei Ohtani,Los Angeles Dodgers,BG-19	Shohei Ohtani	Los Angeles Dodgers,False
2026_topps_update,2026,Topps,Update,TOPPS BLACK GOLD,,BG-20,Nick Kurtz,Athletics	Rookie,BG-20	Nick Kurtz	Athletics	Rookie,False
2026_topps_update,2026,Topps,Update,TOPPS BLACK GOLD,,BG-21,Mookie Betts,Los Angeles Dodgers,BG-21	Mookie Betts	Los Angeles Dodgers,False
2026_topps_update,2026,Topps,Update,TOPPS BLACK GOLD,,BG-22,Juan Soto,New York Mets,BG-22	Juan Soto	New York Mets,False
2026_topps_update,2026,Topps,Update,TOPPS BLACK GOLD,,BG-23,Luisangel Acuña,New York Mets	Rookie,BG-23	Luisangel Acuña	New York Mets	Rookie,False
2026_topps_update,2026,Topps,Update,TOPPS BLACK GOLD,,BG-24,Roki Sasaki,Los Angeles Dodgers	Rookie,BG-24	Roki Sasaki	Los Angeles Dodgers	Rookie,False
2026_topps_update,2026,Topps,Update,TOPPS BLACK GOLD,,BG-25,Jacob Wilson,Athletics	Rookie,BG-25	Jacob Wilson	Athletics	Rookie,False
2026_topps_update,2026,Topps,Update,MYSTICAL,,MYS-1,James Wood,Washington Nationals	Rookie,MYS-1	James Wood	Washington Nationals	Rookie,False
2026_topps_update,2026,Topps,Update,MYSTICAL,,MYS-2,Gunnar Henderson,Baltimore Orioles,MYS-2	Gunnar Henderson	Baltimore Orioles,False
2026_topps_update,2026,Topps,Update,MYSTICAL,,MYS-3,Bryce Harper,Philadelphia Phillies,MYS-3	Bryce Harper	Philadelphia Phillies,False
2026_topps_update,2026,Topps,Update,MYSTICAL,,MYS-4,Luisangel Acuña,New York Mets	Rookie,MYS-4	Luisangel Acuña	New York Mets	Rookie,False
2026_topps_update,2026,Topps,Update,MYSTICAL,,MYS-5,Elly De La Cruz,Cincinnati Reds,MYS-5	Elly De La Cruz	Cincinnati Reds,False
2026_topps_update,2026,Topps,Update,MYSTICAL,,MYS-6,Jacob Wilson,Athletics	Rookie,MYS-6	Jacob Wilson	Athletics	Rookie,False
2026_topps_update,2026,Topps,Update,MYSTICAL,,MYS-7,Francisco Lindor,New York Mets,MYS-7	Francisco Lindor	New York Mets,False
2026_topps_update,2026,Topps,Update,MYSTICAL,,MYS-8,Bobby Witt Jr.,Kansas City Royals,MYS-8	Bobby Witt Jr.	Kansas City Royals,False
2026_topps_update,2026,Topps,Update,MYSTICAL,,MYS-9,Shohei Ohtani,Los Angeles Dodgers,MYS-9	Shohei Ohtani	Los Angeles Dodgers,False
2026_topps_update,2026,Topps,Update,MYSTICAL,,MYS-10,Fernando Tatis Jr.,San Diego Padres,MYS-10	Fernando Tatis Jr.	San Diego Padres,False
2026_topps_update,2026,Topps,Update,MYSTICAL,,MYS-11,Ronald Acuña Jr.,Atlanta Braves,MYS-11	Ronald Acuña Jr.	Atlanta Braves,False
2026_topps_update,2026,Topps,Update,MYSTICAL,,MYS-12,Kristian Campbell,Boston Red Sox	Rookie,MYS-12	Kristian Campbell	Boston Red Sox	Rookie,False
2026_topps_update,2026,Topps,Update,MYSTICAL,,MYS-13,Dalton Rushing,Los Angeles Dodgers	Rookie,MYS-13	Dalton Rushing	Los Angeles Dodgers	Rookie,False
2026_topps_update,2026,Topps,Update,MYSTICAL,,MYS-14,Juan Soto,New York Mets,MYS-14	Juan Soto	New York Mets,False
2026_topps_update,2026,Topps,Update,MYSTICAL,,MYS-15,Cam Smith,Houston Astros	Rookie,MYS-15	Cam Smith	Houston Astros	Rookie,False
2026_topps_update,2026,Topps,Update,MYSTICAL,,MYS-16,Matt Shaw,Chicago Cubs	Rookie,MYS-16	Matt Shaw	Chicago Cubs	Rookie,False
2026_topps_update,2026,Topps,Update,MYSTICAL,,MYS-17,Nick Kurtz,Athletics	Rookie,MYS-17	Nick Kurtz	Athletics	Rookie,False
2026_topps_update,2026,Topps,Update,MYSTICAL,,MYS-18,Aaron Judge,New York Yankees,MYS-18	Aaron Judge	New York Yankees,False
2026_topps_update,2026,Topps,Update,MYSTICAL,,MYS-19,Mike Trout,Angels,MYS-19	Mike Trout	Angels,False
2026_topps_update,2026,Topps,Update,MYSTICAL,,MYS-20,Dylan Crews,Washington Nationals	Rookie,MYS-20	Dylan Crews	Washington Nationals	Rookie,False
2026_topps_update,2026,Topps,Update,MYSTICAL,,MYS-21,Luke Keaschall,Minnesota Twins	Rookie,MYS-21	Luke Keaschall	Minnesota Twins	Rookie,False
2026_topps_update,2026,Topps,Update,MYSTICAL,,MYS-22,Paul Skenes,Pittsburgh Pirates,MYS-22	Paul Skenes	Pittsburgh Pirates,False
2026_topps_update,2026,Topps,Update,MYSTICAL,,MYS-23,Hyeseong Kim,Los Angeles Dodgers	Rookie,MYS-23	Hyeseong Kim	Los Angeles Dodgers	Rookie,False
2026_topps_update,2026,Topps,Update,MYSTICAL,,MYS-24,Kyle Tucker,Chicago Cubs,MYS-24	Kyle Tucker	Chicago Cubs,False
2026_topps_update,2026,Topps,Update,MYSTICAL,,MYS-25,Coby Mayo,Baltimore Orioles	Rookie,MYS-25	Coby Mayo	Baltimore Orioles	Rookie,False
2026_topps_update,2026,Topps,Update,TOKYO SERIES HIGHLIGHTS,,TSH-1,Shohei Ohtani,Los Angeles Dodgers,TSH-1	Shohei Ohtani	Los Angeles Dodgers,False
2026_topps_update,2026,Topps,Update,TOKYO SERIES HIGHLIGHTS,,TSH-2,Roki Sasaki,Los Angeles Dodgers	Rookie,TSH-2	Roki Sasaki	Los Angeles Dodgers	Rookie,False
2026_topps_update,2026,Topps,Update,TOKYO SERIES HIGHLIGHTS,,TSH-3,Matt Shaw,Chicago Cubs	Rookie,TSH-3	Matt Shaw	Chicago Cubs	Rookie,False
2026_topps_update,2026,Topps,Update,TOKYO SERIES HIGHLIGHTS,,TSH-4,Enrique Hernández,Los Angeles Dodgers,TSH-4	Enrique Hernández	Los Angeles Dodgers,False
2026_topps_update,2026,Topps,Update,TOKYO SERIES HIGHLIGHTS,,TSH-5,Tommy Edman,Los Angeles Dodgers,TSH-5	Tommy Edman	Los Angeles Dodgers,False
2026_topps_update,2026,Topps,Update,TOKYO SERIES HIGHLIGHTS,,TSH-6,Will Smith,Los Angeles Dodgers,TSH-6	Will Smith	Los Angeles Dodgers,False
2026_topps_update,2026,Topps,Update,TOKYO SERIES HIGHLIGHTS,,TSH-7,Kyle Tucker,Chicago Cubs,TSH-7	Kyle Tucker	Chicago Cubs,False
2026_topps_update,2026,Topps,Update,TOKYO SERIES HIGHLIGHTS,,TSH-8,Ian Happ,Chicago Cubs,TSH-8	Ian Happ	Chicago Cubs,False
2026_topps_update,2026,Topps,Update,TOKYO SERIES HIGHLIGHTS,,TSH-9,Seiya Suzuki,Chicago Cubs,TSH-9	Seiya Suzuki	Chicago Cubs,False
2026_topps_update,2026,Topps,Update,TOKYO SERIES HIGHLIGHTS,,TSH-10,Yoshinobu Yamamoto,Los Angeles Dodgers,TSH-10	Yoshinobu Yamamoto	Los Angeles Dodgers,False
2026_topps_update,2026,Topps,Update,TOKYO SERIES HIGHLIGHTS,,TSH-11,Shohei Ohtani,Los Angeles Dodgers,TSH-11	Shohei Ohtani	Los Angeles Dodgers,False
2026_topps_update,2026,Topps,Update,TOKYO SERIES HIGHLIGHTS,,TSH-12,Shota Imanaga,Chicago Cubs,TSH-12	Shota Imanaga	Chicago Cubs,False
2026_topps_update,2026,Topps,Update,TOKYO SERIES HIGHLIGHTS,,TSH-13,Teoscar Hernández,Los Angeles Dodgers,TSH-13	Teoscar Hernández	Los Angeles Dodgers,False
2026_topps_update,2026,Topps,Update,TOKYO SERIES HIGHLIGHTS,,TSH-14,Will Smith,Los Angeles Dodgers,TSH-14	Will Smith	Los Angeles Dodgers,False
2026_topps_update,2026,Topps,Update,TOKYO SERIES HIGHLIGHTS,,TSH-15,Dansby Swanson,Chicago Cubs,TSH-15	Dansby Swanson	Chicago Cubs,False
2026_topps_update,2026,Topps,Update,STRIKE ZONE HEROES,,SZH-1,Roki Sasaki,Los Angeles Dodgers	Rookie,SZH-1	Roki Sasaki	Los Angeles Dodgers	Rookie,False
2026_topps_update,2026,Topps,Update,STRIKE ZONE HEROES,,SZH-2,Tomoyuki Sugano,Baltimore Orioles	Rookie,SZH-2	Tomoyuki Sugano	Baltimore Orioles	Rookie,False
2026_topps_update,2026,Topps,Update,STRIKE ZONE HEROES,,SZH-3,Mick Abel,Philadelphia Phillies	Rookie,SZH-3	Mick Abel	Philadelphia Phillies	Rookie,False
2026_topps_update,2026,Topps,Update,STRIKE ZONE HEROES,,SZH-4,Jackson Jobe,Detroit Tigers	Rookie,SZH-4	Jackson Jobe	Detroit Tigers	Rookie,False
2026_topps_update,2026,Topps,Update,STRIKE ZONE HEROES,,SZH-5,Hayden Birdsong,San Francisco Giants	Rookie,SZH-5	Hayden Birdsong	San Francisco Giants	Rookie,False
2026_topps_update,2026,Topps,Update,STRIKE ZONE HEROES,,SZH-6,Kumar Rocker,Texas Rangers	Rookie,SZH-6	Kumar Rocker	Texas Rangers	Rookie,False
2026_topps_update,2026,Topps,Update,STRIKE ZONE HEROES,,SZH-7,Rhett Lowder,Cincinnati Reds	Rookie,SZH-7	Rhett Lowder	Cincinnati Reds	Rookie,False
2026_topps_update,2026,Topps,Update,STRIKE ZONE HEROES,,SZH-8,Zebby Matthews,Minnesota Twins	Rookie,SZH-8	Zebby Matthews	Minnesota Twins	Rookie,False
2026_topps_update,2026,Topps,Update,STRIKE ZONE HEROES,,SZH-9,Spencer Schwellenbach,Atlanta Braves	Rookie,SZH-9	Spencer Schwellenbach	Atlanta Braves	Rookie,False
2026_topps_update,2026,Topps,Update,STRIKE ZONE HEROES,,SZH-10,Hunter Greene,Cincinnati Reds,SZH-10	Hunter Greene	Cincinnati Reds,False
2026_topps_update,2026,Topps,Update,STRIKE ZONE HEROES,,SZH-11,Garrett Crochet,Boston Red Sox,SZH-11	Garrett Crochet	Boston Red Sox,False
2026_topps_update,2026,Topps,Update,STRIKE ZONE HEROES,,SZH-12,Cade Horton,Chicago Cubs	Rookie,SZH-12	Cade Horton	Chicago Cubs	Rookie,False
2026_topps_update,2026,Topps,Update,STRIKE ZONE HEROES,,SZH-13,Paul Skenes,Pittsburgh Pirates,SZH-13	Paul Skenes	Pittsburgh Pirates,False
2026_topps_update,2026,Topps,Update,STRIKE ZONE HEROES,,SZH-14,Blake Snell,Los Angeles Dodgers,SZH-14	Blake Snell	Los Angeles Dodgers,False
2026_topps_update,2026,Topps,Update,STRIKE ZONE HEROES,,SZH-15,Clayton Kershaw,Los Angeles Dodgers,SZH-15	Clayton Kershaw	Los Angeles Dodgers,False
2026_topps_update,2026,Topps,Update,STRIKE ZONE HEROES,,SZH-16,Tarik Skubal,Detroit Tigers,SZH-16	Tarik Skubal	Detroit Tigers,False
2026_topps_update,2026,Topps,Update,STRIKE ZONE HEROES,,SZH-17,Yu Darvish,San Diego Padres,SZH-17	Yu Darvish	San Diego Padres,False
2026_topps_update,2026,Topps,Update,STRIKE ZONE HEROES,,SZH-18,Yoshinobu Yamamoto,Los Angeles Dodgers,SZH-18	Yoshinobu Yamamoto	Los Angeles Dodgers,False
2026_topps_update,2026,Topps,Update,STRIKE ZONE HEROES,,SZH-19,Shohei Ohtani,Los Angeles Dodgers,SZH-19	Shohei Ohtani	Los Angeles Dodgers,False
2026_topps_update,2026,Topps,Update,STRIKE ZONE HEROES,,SZH-20,Yusei Kikuchi,Angels,SZH-20	Yusei Kikuchi	Angels,False
2026_topps_update,2026,Topps,Update,STRIKE ZONE HEROES,,SZH-21,Kodai Senga,New York Mets,SZH-21	Kodai Senga	New York Mets,False
2026_topps_update,2026,Topps,Update,STRIKE ZONE HEROES,,SZH-22,Shota Imanaga,Chicago Cubs,SZH-22	Shota Imanaga	Chicago Cubs,False
2026_topps_update,2026,Topps,Update,STRIKE ZONE HEROES,,SZH-23,Hiroki Kuroda,New York Yankees,SZH-23	Hiroki Kuroda	New York Yankees,False
2026_topps_update,2026,Topps,Update,STRIKE ZONE HEROES,,SZH-24,Hideo Nomo,Los Angeles Dodgers,SZH-24	Hideo Nomo	Los Angeles Dodgers,False
2026_topps_update,2026,Topps,Update,STRIKE ZONE HEROES,,SZH-25,Nolan Ryan,Houston Astros,SZH-25	Nolan Ryan	Houston Astros,False
2026_topps_update,2026,Topps,Update,HEAVY LUMBER,,HL-46,Jeff Bagwell,Houston Astros,HL-46	Jeff Bagwell	Houston Astros,False
2026_topps_update,2026,Topps,Update,HEAVY LUMBER,,HL-47,George Brett,Kansas City Royals,HL-47	George Brett	Kansas City Royals,False
2026_topps_update,2026,Topps,Update,HEAVY LUMBER,,HL-48,Chipper Jones,Atlanta Braves,HL-48	Chipper Jones	Atlanta Braves,False
2026_topps_update,2026,Topps,Update,HEAVY LUMBER,,HL-49,Eddie Murray,Baltimore Orioles,HL-49	Eddie Murray	Baltimore Orioles,False
2026_topps_update,2026,Topps,Update,HEAVY LUMBER,,HL-50,Ted Williams,Boston Red Sox,HL-50	Ted Williams	Boston Red Sox,False
2026_topps_update,2026,Topps,Update,HEAVY LUMBER,,HL-51,Ryne Sandberg,Chicago Cubs,HL-51	Ryne Sandberg	Chicago Cubs,False
2026_topps_update,2026,Topps,Update,HEAVY LUMBER,,HL-52,Albert Pujols,St. Louis Cardinals,HL-52	Albert Pujols	St. Louis Cardinals,False
2026_topps_update,2026,Topps,Update,HEAVY LUMBER,,HL-53,Miguel Cabrera,Detroit Tigers,HL-53	Miguel Cabrera	Detroit Tigers,False
2026_topps_update,2026,Topps,Update,HEAVY LUMBER,,HL-54,Will Clark,San Francisco Giants,HL-54	Will Clark	San Francisco Giants,False
2026_topps_update,2026,Topps,Update,HEAVY LUMBER,,HL-55,Ichiro,Seattle Mariners,HL-55	Ichiro	Seattle Mariners,False
2026_topps_update,2026,Topps,Update,HEAVY LUMBER,,HL-56,Adrian Beltré,Texas Rangers,HL-56	Adrian Beltré	Texas Rangers,False
2026_topps_update,2026,Topps,Update,HEAVY LUMBER,,HL-57,Mark McGwire,St. Louis Cardinals,HL-57	Mark McGwire	St. Louis Cardinals,False
2026_topps_update,2026,Topps,Update,HEAVY LUMBER,,HL-58,Ken Griffey Jr.,Cincinnati Reds,HL-58	Ken Griffey Jr.	Cincinnati Reds,False
2026_topps_update,2026,Topps,Update,HEAVY LUMBER,,HL-59,Mike Schmidt,Philadelphia Phillies,HL-59	Mike Schmidt	Philadelphia Phillies,False
2026_topps_update,2026,Topps,Update,HEAVY LUMBER,,HL-60,Juan Soto,New York Mets,HL-60	Juan Soto	New York Mets,False
2026_topps_update,2026,Topps,Update,HEAVY LUMBER,,HL-61,Robin Yount,Milwaukee Brewers,HL-61	Robin Yount	Milwaukee Brewers,False
2026_topps_update,2026,Topps,Update,HEAVY LUMBER,,HL-62,Don Mattingly,New York Yankees,HL-62	Don Mattingly	New York Yankees,False
2026_topps_update,2026,Topps,Update,HEAVY LUMBER,,HL-63,Josh Gibson,Homestead Grays,HL-63	Josh Gibson	Homestead Grays,False
2026_topps_update,2026,Topps,Update,HEAVY LUMBER,,HL-64,Jackson Merrill,San Diego Padres,HL-64	Jackson Merrill	San Diego Padres,False
2026_topps_update,2026,Topps,Update,HEAVY LUMBER,,HL-65,Hyeseong Kim,Los Angeles Dodgers	Rookie,HL-65	Hyeseong Kim	Los Angeles Dodgers	Rookie,False
2026_topps_update,2026,Topps,Update,HEAVY LUMBER,,HL-66,Brooks Lee,Minnesota Twins	Rookie,HL-66	Brooks Lee	Minnesota Twins	Rookie,False
2026_topps_update,2026,Topps,Update,HEAVY LUMBER,,HL-67,Jace Jung,Detroit Tigers	Rookie,HL-67	Jace Jung	Detroit Tigers	Rookie,False
2026_topps_update,2026,Topps,Update,HEAVY LUMBER,,HL-68,Jacob Wilson,Athletics	Rookie,HL-68	Jacob Wilson	Athletics	Rookie,False
2026_topps_update,2026,Topps,Update,HEAVY LUMBER,,HL-69,Kevin Alcántara,Chicago Cubs	Rookie,HL-69	Kevin Alcántara	Chicago Cubs	Rookie,False
2026_topps_update,2026,Topps,Update,HEAVY LUMBER,,HL-70,Luisangel Acuña,New York Mets	Rookie,HL-70	Luisangel Acuña	New York Mets	Rookie,False
2026_topps_update,2026,Topps,Update,HOMEFIELD ADVANTAGE,,HA-41,Roki Sasaki,Los Angeles Dodgers	Rookie,HA-41	Roki Sasaki	Los Angeles Dodgers	Rookie,False
2026_topps_update,2026,Topps,Update,HOMEFIELD ADVANTAGE,,HA-42,Cam Smith,Houston Astros	Rookie,HA-42	Cam Smith	Houston Astros	Rookie,False
2026_topps_update,2026,Topps,Update,HOMEFIELD ADVANTAGE,,HA-43,Kristian Campbell,Boston Red Sox	Rookie,HA-43	Kristian Campbell	Boston Red Sox	Rookie,False
2026_topps_update,2026,Topps,Update,HOMEFIELD ADVANTAGE,,HA-44,Matt Shaw,Chicago Cubs	Rookie,HA-44	Matt Shaw	Chicago Cubs	Rookie,False
2026_topps_update,2026,Topps,Update,HOMEFIELD ADVANTAGE,,HA-45,Kyle Tucker,Chicago Cubs,HA-45	Kyle Tucker	Chicago Cubs,False
2026_topps_update,2026,Topps,Update,HOMEFIELD ADVANTAGE,,HA-46,Tarik Skubal,Detroit Tigers,HA-46	Tarik Skubal	Detroit Tigers,False
2026_topps_update,2026,Topps,Update,HOMEFIELD ADVANTAGE,,HA-47,Marcelo Mayer,Boston Red Sox	Rookie,HA-47	Marcelo Mayer	Boston Red Sox	Rookie,False
2026_topps_update,2026,Topps,Update,HOMEFIELD ADVANTAGE,,HA-48,Dalton Rushing,Los Angeles Dodgers	Rookie,HA-48	Dalton Rushing	Los Angeles Dodgers	Rookie,False
2026_topps_update,2026,Topps,Update,HOMEFIELD ADVANTAGE,,HA-49,Nick Kurtz,Athletics	Rookie,HA-49	Nick Kurtz	Athletics	Rookie,False
2026_topps_update,2026,Topps,Update,HOMEFIELD ADVANTAGE,,HA-50,Chandler Simpson,Tampa Bay Rays	Rookie,HA-50	Chandler Simpson	Tampa Bay Rays	Rookie,False
2026_topps_update,2026,Topps,Update,LEGENDARY HOMEFIELD ADVANTAGE,,LHA-10,Hideo Nomo,Los Angeles Dodgers,LHA-10	Hideo Nomo	Los Angeles Dodgers,False
2026_topps_update,2026,Topps,Update,LEGENDARY HOMEFIELD ADVANTAGE,,LHA-11,Joe DiMaggio,New York Yankees,LHA-11	Joe DiMaggio	New York Yankees,False
2026_topps_update,2026,Topps,Update,LEGENDARY HOMEFIELD ADVANTAGE,,LHA-12,Manny Ramirez,Boston Red Sox,LHA-12	Manny Ramirez	Boston Red Sox,False
2026_topps_update,2026,Topps,Update,LEGENDARY HOMEFIELD ADVANTAGE,,LHA-13,Rogers Hornsby,St. Louis Cardinals,LHA-13	Rogers Hornsby	St. Louis Cardinals,False
2026_topps_update,2026,Topps,Update,LEGENDARY HOMEFIELD ADVANTAGE,,LHA-14,Josh Gibson,Homestead,LHA-14	Josh Gibson	Homestead,False
2026_topps_update,2026,Topps,Update,1990 TOPPS BASEBALL,,U90-1,Luke Keaschall,Minnesota Twins	Rookie,U90-1	Luke Keaschall	Minnesota Twins	Rookie,False
2026_topps_update,2026,Topps,Update,1990 TOPPS BASEBALL,,U90-2,Tyler Soderstrom,Athletics,U90-2	Tyler Soderstrom	Athletics,False
2026_topps_update,2026,Topps,Update,1990 TOPPS BASEBALL,,U90-3,Julio Rodríguez,Seattle Mariners,U90-3	Julio Rodríguez	Seattle Mariners,False
2026_topps_update,2026,Topps,Update,1990 TOPPS BASEBALL,,U90-4,Blake Snell,Los Angeles Dodgers,U90-4	Blake Snell	Los Angeles Dodgers,False
2026_topps_update,2026,Topps,Update,1990 TOPPS BASEBALL,,U90-5,Dalton Rushing,Los Angeles Dodgers	Rookie,U90-5	Dalton Rushing	Los Angeles Dodgers	Rookie,False
2026_topps_update,2026,Topps,Update,1990 TOPPS BASEBALL,,U90-6,Chandler Simpson,Tampa Bay Rays	Rookie,U90-6	Chandler Simpson	Tampa Bay Rays	Rookie,False
2026_topps_update,2026,Topps,Update,1990 TOPPS BASEBALL,,U90-7,Pete Crow-Armstrong,Chicago Cubs,U90-7	Pete Crow-Armstrong	Chicago Cubs,False
2026_topps_update,2026,Topps,Update,1990 TOPPS BASEBALL,,U90-8,Jackson Chourio,Milwaukee Brewers,U90-8	Jackson Chourio	Milwaukee Brewers,False
2026_topps_update,2026,Topps,Update,1990 TOPPS BASEBALL,,U90-9,Marcelo Mayer,Boston Red Sox	Rookie,U90-9	Marcelo Mayer	Boston Red Sox	Rookie,False
2026_topps_update,2026,Topps,Update,1990 TOPPS BASEBALL,,U90-10,Justin Verlander,San Francisco Giants,U90-10	Justin Verlander	San Francisco Giants,False
2026_topps_update,2026,Topps,Update,1990 TOPPS BASEBALL,,U90-11,Roki Sasaki,Los Angeles Dodgers	Rookie,U90-11	Roki Sasaki	Los Angeles Dodgers	Rookie,False
2026_topps_update,2026,Topps,Update,1990 TOPPS BASEBALL,,U90-12,Moisés Ballesteros,Chicago Cubs	Rookie,U90-12	Moisés Ballesteros	Chicago Cubs	Rookie,False
2026_topps_update,2026,Topps,Update,1990 TOPPS BASEBALL,,U90-13,Hyeseong Kim,Los Angeles Dodgers	Rookie,U90-13	Hyeseong Kim	Los Angeles Dodgers	Rookie,False
2026_topps_update,2026,Topps,Update,1990 TOPPS BASEBALL,,U90-14,Lou Gehrig,New York Yankees,U90-14	Lou Gehrig	New York Yankees,False
2026_topps_update,2026,Topps,Update,1990 TOPPS BASEBALL,,U90-15,Bryce Harper,Philadelphia Phillies,U90-15	Bryce Harper	Philadelphia Phillies,False
2026_topps_update,2026,Topps,Update,1990 TOPPS BASEBALL,,U90-16,Cade Horton,Chicago Cubs	Rookie,U90-16	Cade Horton	Chicago Cubs	Rookie,False
2026_topps_update,2026,Topps,Update,1990 TOPPS BASEBALL,,U90-17,Nick Kurtz,Athletics	Rookie,U90-17	Nick Kurtz	Athletics	Rookie,False
2026_topps_update,2026,Topps,Update,1990 TOPPS BASEBALL,,U90-18,Tomoyuki Sugano,Baltimore Orioles	Rookie,U90-18	Tomoyuki Sugano	Baltimore Orioles	Rookie,False
2026_topps_update,2026,Topps,Update,1990 TOPPS BASEBALL,,U90-19,Mark McGwire,St. Louis Cardinals,U90-19	Mark McGwire	St. Louis Cardinals,False
2026_topps_update,2026,Topps,Update,1990 TOPPS BASEBALL,,U90-20,MacKenzie Gore,Washington Nationals,U90-20	MacKenzie Gore	Washington Nationals,False
2026_topps_update,2026,Topps,Update,1990 TOPPS BASEBALL,,U90-21,Jung Hoo Lee,San Francisco Giants,U90-21	Jung Hoo Lee	San Francisco Giants,False
2026_topps_update,2026,Topps,Update,1990 TOPPS BASEBALL,,U90-22,Ronald Acuña Jr.,Atlanta Braves,U90-22	Ronald Acuña Jr.	Atlanta Braves,False
2026_topps_update,2026,Topps,Update,1990 TOPPS BASEBALL,,U90-23,Fernando Tatis Jr.,San Diego Padres,U90-23	Fernando Tatis Jr.	San Diego Padres,False
2026_topps_update,2026,Topps,Update,1990 TOPPS BASEBALL,,U90-24,Byron Buxton,Minnesota Twins,U90-24	Byron Buxton	Minnesota Twins,False
2026_topps_update,2026,Topps,Update,1990 TOPPS BASEBALL,,U90-25,Mick Abel,Philadelphia Phillies	Rookie,U90-25	Mick Abel	Philadelphia Phillies	Rookie,False
2026_topps_update,2026,Topps,Update,1990 TOPPS BASEBALL,,U90-26,Juan Soto,New York Mets,U90-26	Juan Soto	New York Mets,False
2026_topps_update,2026,Topps,Update,1990 TOPPS BASEBALL,,U90-27,Jeff Bagwell,Houston Astros,U90-27	Jeff Bagwell	Houston Astros,False
2026_topps_update,2026,Topps,Update,1990 TOPPS BASEBALL,,U90-28,James Wood,Washington Nationals	Rookie,U90-28	James Wood	Washington Nationals	Rookie,False
2026_topps_update,2026,Topps,Update,1990 TOPPS BASEBALL,,U90-29,Ernie Banks,Chicago Cubs,U90-29	Ernie Banks	Chicago Cubs,False
2026_topps_update,2026,Topps,Update,1990 TOPPS BASEBALL,,U90-30,Aaron Judge,New York Yankees,U90-30	Aaron Judge	New York Yankees,False
2026_topps_update,2026,Topps,Update,1990 TOPPS BASEBALL,,U90-31,Bobby Witt Jr.,Kansas City Royals,U90-31	Bobby Witt Jr.	Kansas City Royals,False
2026_topps_update,2026,Topps,Update,1990 TOPPS BASEBALL,,U90-32,Drake Baldwin,Atlanta Braves	Rookie,U90-32	Drake Baldwin	Atlanta Braves	Rookie,False
2026_topps_update,2026,Topps,Update,1990 TOPPS BASEBALL,,U90-33,Shohei Ohtani,Los Angeles Dodgers,U90-33	Shohei Ohtani	Los Angeles Dodgers,False
2026_topps_update,2026,Topps,Update,1990 TOPPS BASEBALL,,U90-34,Zac Veen,Colorado Rockies	Rookie,U90-34	Zac Veen	Colorado Rockies	Rookie,False
2026_topps_update,2026,Topps,Update,1990 TOPPS BASEBALL,,U90-35,Matt Shaw,Chicago Cubs	Rookie,U90-35	Matt Shaw	Chicago Cubs	Rookie,False
2026_topps_update,2026,Topps,Update,1990 TOPPS BASEBALL,,U90-36,Kristian Campbell,Boston Red Sox	Rookie,U90-36	Kristian Campbell	Boston Red Sox	Rookie,False
2026_topps_update,2026,Topps,Update,1990 TOPPS BASEBALL,,U90-37,Agustín Ramírez,Miami Marlins	Rookie,U90-37	Agustín Ramírez	Miami Marlins	Rookie,False
2026_topps_update,2026,Topps,Update,1990 TOPPS BASEBALL,,U90-38,Mike Trout,Angels,U90-38	Mike Trout	Angels,False
2026_topps_update,2026,Topps,Update,1990 TOPPS BASEBALL,,U90-39,Joe DiMaggio,New York Yankees,U90-39	Joe DiMaggio	New York Yankees,False
2026_topps_update,2026,Topps,Update,1990 TOPPS BASEBALL,,U90-40,Garrett Crochet,Boston Red Sox,U90-40	Garrett Crochet	Boston Red Sox,False
2026_topps_update,2026,Topps,Update,1990 TOPPS BASEBALL,,U90-41,Robert Hassell III,Washington Nationals	Rookie,U90-41	Robert Hassell III	Washington Nationals	Rookie,False
2026_topps_update,2026,Topps,Update,1990 TOPPS BASEBALL,,U90-42,Joey Votto,Cincinnati Reds,U90-42	Joey Votto	Cincinnati Reds,False
2026_topps_update,2026,Topps,Update,1990 TOPPS BASEBALL,,U90-43,Mickey Mantle,New York Yankees,U90-43	Mickey Mantle	New York Yankees,False
2026_topps_update,2026,Topps,Update,1990 TOPPS BASEBALL,,U90-44,Cam Smith,Houston Astros	Rookie,U90-44	Cam Smith	Houston Astros	Rookie,False
2026_topps_update,2026,Topps,Update,1990 TOPPS BASEBALL,,U90-45,Corbin Burnes,Arizona Diamondbacks,U90-45	Corbin Burnes	Arizona Diamondbacks,False
2026_topps_update,2026,Topps,Update,1990 TOPPS BASEBALL,,U90-46,Dylan Crews,Washington Nationals	Rookie,U90-46	Dylan Crews	Washington Nationals	Rookie,False
2026_topps_update,2026,Topps,Update,1990 TOPPS BASEBALL,,U90-47,Ken Griffey Jr.,Seattle Mariners,U90-47	Ken Griffey Jr.	Seattle Mariners,False
2026_topps_update,2026,Topps,Update,1990 TOPPS BASEBALL,,U90-48,Spencer Torkelson,Detroit Tigers,U90-48	Spencer Torkelson	Detroit Tigers,False
2026_topps_update,2026,Topps,Update,1990 TOPPS BASEBALL,,U90-49,Max Muncy,Athletics	Rookie,U90-49	Max Muncy	Athletics	Rookie,False
2026_topps_update,2026,Topps,Update,1990 TOPPS BASEBALL,,U90-50,Chase Dollander,Colorado Rockies	Rookie,U90-50	Chase Dollander	Colorado Rockies	Rookie,False
2026_topps_update,2026,Topps,Update,STARS OF MLB,,SMLB-61,Nick Kurtz,Athletics	Rookie,SMLB-61	Nick Kurtz	Athletics	Rookie,False
2026_topps_update,2026,Topps,Update,STARS OF MLB,,SMLB-62,Kristian Campbell,Boston Red Sox	Rookie,SMLB-62	Kristian Campbell	Boston Red Sox	Rookie,False
2026_topps_update,2026,Topps,Update,STARS OF MLB,,SMLB-63,Kyle Tucker,Chicago Cubs,SMLB-63	Kyle Tucker	Chicago Cubs,False
2026_topps_update,2026,Topps,Update,STARS OF MLB,,SMLB-64,Chandler Simpson,Tampa Bay Rays	Rookie,SMLB-64	Chandler Simpson	Tampa Bay Rays	Rookie,False
2026_topps_update,2026,Topps,Update,STARS OF MLB,,SMLB-65,Matt Shaw,Chicago Cubs	Rookie,SMLB-65	Matt Shaw	Chicago Cubs	Rookie,False
2026_topps_update,2026,Topps,Update,STARS OF MLB,,SMLB-66,Max Muncy,Athletics	Rookie,SMLB-66	Max Muncy	Athletics	Rookie,False
2026_topps_update,2026,Topps,Update,STARS OF MLB,,SMLB-67,Cam Smith,Houston Astros	Rookie,SMLB-67	Cam Smith	Houston Astros	Rookie,False
2026_topps_update,2026,Topps,Update,STARS OF MLB,,SMLB-68,Chase Dollander,Colorado Rockies	Rookie,SMLB-68	Chase Dollander	Colorado Rockies	Rookie,False
2026_topps_update,2026,Topps,Update,STARS OF MLB,,SMLB-69,Zac Veen,Colorado Rockies	Rookie,SMLB-69	Zac Veen	Colorado Rockies	Rookie,False
2026_topps_update,2026,Topps,Update,STARS OF MLB,,SMLB-70,Luke Keaschall,Minnesota Twins	Rookie,SMLB-70	Luke Keaschall	Minnesota Twins	Rookie,False
2026_topps_update,2026,Topps,Update,STARS OF MLB,,SMLB-71,Alex Bregman,Boston Red Sox,SMLB-71	Alex Bregman	Boston Red Sox,False
2026_topps_update,2026,Topps,Update,STARS OF MLB,,SMLB-72,Pete Crow-Armstrong,Chicago Cubs,SMLB-72	Pete Crow-Armstrong	Chicago Cubs,False
2026_topps_update,2026,Topps,Update,STARS OF MLB,,SMLB-73,Andrew McCutchen,Pittsburgh Pirates,SMLB-73	Andrew McCutchen	Pittsburgh Pirates,False
2026_topps_update,2026,Topps,Update,STARS OF MLB,,SMLB-74,Spencer Torkelson,Detroit Tigers,SMLB-74	Spencer Torkelson	Detroit Tigers,False
2026_topps_update,2026,Topps,Update,STARS OF MLB,,SMLB-75,Dalton Rushing,Los Angeles Dodgers	Rookie,SMLB-75	Dalton Rushing	Los Angeles Dodgers	Rookie,False
2026_topps_update,2026,Topps,Update,STARS OF MLB,,SMLB-76,Marcelo Mayer,Boston Red Sox	Rookie,SMLB-76	Marcelo Mayer	Boston Red Sox	Rookie,False
2026_topps_update,2026,Topps,Update,STARS OF MLB,,SMLB-77,Shohei Ohtani,Los Angeles Dodgers,SMLB-77	Shohei Ohtani	Los Angeles Dodgers,False
2026_topps_update,2026,Topps,Update,STARS OF MLB,,SMLB-78,Salvador Perez,Kansas City Royals,SMLB-78	Salvador Perez	Kansas City Royals,False
2026_topps_update,2026,Topps,Update,STARS OF MLB,,SMLB-79,Jazz Chisholm Jr.,New York Yankees,SMLB-79	Jazz Chisholm Jr.	New York Yankees,False
2026_topps_update,2026,Topps,Update,STARS OF MLB,,SMLB-80,Jackson Merrill,San Diego Padres,SMLB-80	Jackson Merrill	San Diego Padres,False
2026_topps_update,2026,Topps,Update,STARS OF MLB,,SMLB-81,Matt Chapman,San Francisco Giants,SMLB-81	Matt Chapman	San Francisco Giants,False
2026_topps_update,2026,Topps,Update,STARS OF MLB,,SMLB-82,Kyle Schwarber,Philadelphia Phillies,SMLB-82	Kyle Schwarber	Philadelphia Phillies,False
2026_topps_update,2026,Topps,Update,STARS OF MLB,,SMLB-83,Hyeseong Kim,Los Angeles Dodgers	Rookie,SMLB-83	Hyeseong Kim	Los Angeles Dodgers	Rookie,False
2026_topps_update,2026,Topps,Update,STARS OF MLB,,SMLB-84,Juan Soto,New York Mets,SMLB-84	Juan Soto	New York Mets,False
2026_topps_update,2026,Topps,Update,STARS OF MLB,,SMLB-85,Lawrence Butler,Athletics,SMLB-85	Lawrence Butler	Athletics,False
2026_topps_update,2026,Topps,Update,STARS OF JAPAN,,SOJ-21,Ichiro,Seattle Mariners,SOJ-21	Ichiro	Seattle Mariners,False
2026_topps_update,2026,Topps,Update,STARS OF JAPAN,,SOJ-22,Roki Sasaki,Los Angeles Dodgers	Rookie,SOJ-22	Roki Sasaki	Los Angeles Dodgers	Rookie,False
2026_topps_update,2026,Topps,Update,STARS OF JAPAN,,SOJ-23,Yu Darvish,San Diego Padres,SOJ-23	Yu Darvish	San Diego Padres,False
2026_topps_update,2026,Topps,Update,STARS OF JAPAN,,SOJ-24,Yoshinobu Yamamoto,Los Angeles Dodgers,SOJ-24	Yoshinobu Yamamoto	Los Angeles Dodgers,False
2026_topps_update,2026,Topps,Update,STARS OF JAPAN,,SOJ-25,Shohei Ohtani,Los Angeles Dodgers,SOJ-25	Shohei Ohtani	Los Angeles Dodgers,False
2026_topps_update,2026,Topps,Update,STARS OF JAPAN,,SOJ-26,Hideki Matsui,New York Yankees,SOJ-26	Hideki Matsui	New York Yankees,False
2026_topps_update,2026,Topps,Update,STARS OF JAPAN,,SOJ-27,Shota Imanaga,Chicago Cubs,SOJ-27	Shota Imanaga	Chicago Cubs,False
2026_topps_update,2026,Topps,Update,STARS OF JAPAN,,SOJ-28,Seiya Suzuki,Chicago Cubs,SOJ-28	Seiya Suzuki	Chicago Cubs,False
2026_topps_update,2026,Topps,Update,STARS OF JAPAN,,SOJ-29,Tomoyuki Sugano,Baltimore Orioles	Rookie,SOJ-29	Tomoyuki Sugano	Baltimore Orioles	Rookie,False
2026_topps_update,2026,Topps,Update,STARS OF JAPAN,,SOJ-30,Hideo Nomo,Los Angeles Dodgers,SOJ-30	Hideo Nomo	Los Angeles Dodgers,False
2026_topps_update,2026,Topps,Update,KEEGAN HALL ART CARDS,,KHAC-1,Aaron Judge,New York Yankees,KHAC-1	Aaron Judge	New York Yankees,False
2026_topps_update,2026,Topps,Update,KEEGAN HALL ART CARDS,,KHAC-2,Aaron Judge,New York Yankees,KHAC-2	Aaron Judge	New York Yankees,False
2026_topps_update,2026,Topps,Update,KEEGAN HALL ART CARDS,,KHAC-3,Aaron Judge,New York Yankees,KHAC-3	Aaron Judge	New York Yankees,False
2026_topps_update,2026,Topps,Update,KEEGAN HALL ART CARDS,,KHAC-4,Aaron Judge,New York Yankees,KHAC-4	Aaron Judge	New York Yankees,False
2026_topps_update,2026,Topps,Update,KEEGAN HALL ART CARDS,,KHAC-5,Shohei Ohtani,Los Angeles Dodgers,KHAC-5	Shohei Ohtani	Los Angeles Dodgers,False
2026_topps_update,2026,Topps,Update,KEEGAN HALL ART CARDS,,KHAC-6,Shohei Ohtani,Los Angeles Dodgers,KHAC-6	Shohei Ohtani	Los Angeles Dodgers,False
2026_topps_update,2026,Topps,Update,KEEGAN HALL ART CARDS,,KHAC-7,Shohei Ohtani,Los Angeles Dodgers,KHAC-7	Shohei Ohtani	Los Angeles Dodgers,False
2026_topps_update,2026,Topps,Update,KEEGAN HALL ART CARDS,,KHAC-8,Shohei Ohtani,Los Angeles Dodgers,KHAC-8	Shohei Ohtani	Los Angeles Dodgers,False
2026_topps_update,2026,Topps,Update,KEEGAN HALL ART CARDS,,KHAC-9,Bryce Harper,Philadelphia Phillies,KHAC-9	Bryce Harper	Philadelphia Phillies,False
2026_topps_update,2026,Topps,Update,KEEGAN HALL ART CARDS,,KHAC-10,Bryce Harper,Philadelphia Phillies,KHAC-10	Bryce Harper	Philadelphia Phillies,False
2026_topps_update,2026,Topps,Update,KEEGAN HALL ART CARDS,,KHAC-11,Bryce Harper,Philadelphia Phillies,KHAC-11	Bryce Harper	Philadelphia Phillies,False
2026_topps_update,2026,Topps,Update,KEEGAN HALL ART CARDS,,KHAC-12,Bryce Harper,Philadelphia Phillies,KHAC-12	Bryce Harper	Philadelphia Phillies,False
2026_topps_update,2026,Topps,Update,KEEGAN HALL ART CARDS,,KHAC-13,Julio Rodríguez,Seattle Mariners,KHAC-13	Julio Rodríguez	Seattle Mariners,False
2026_topps_update,2026,Topps,Update,KEEGAN HALL ART CARDS,,KHAC-14,Julio Rodríguez,Seattle Mariners,KHAC-14	Julio Rodríguez	Seattle Mariners,False
2026_topps_update,2026,Topps,Update,KEEGAN HALL ART CARDS,,KHAC-15,Julio Rodríguez,Seattle Mariners,KHAC-15	Julio Rodríguez	Seattle Mariners,False
2026_topps_update,2026,Topps,Update,KEEGAN HALL ART CARDS,,KHAC-16,Julio Rodríguez,Seattle Mariners,KHAC-16	Julio Rodríguez	Seattle Mariners,False
2026_topps_update,2026,Topps,Update,KEEGAN HALL ART CARDS,,KHAC-17,Gunnar Henderson,Baltimore Orioles,KHAC-17	Gunnar Henderson	Baltimore Orioles,False
2026_topps_update,2026,Topps,Update,KEEGAN HALL ART CARDS,,KHAC-18,Gunnar Henderson,Baltimore Orioles,KHAC-18	Gunnar Henderson	Baltimore Orioles,False
2026_topps_update,2026,Topps,Update,KEEGAN HALL ART CARDS,,KHAC-19,Gunnar Henderson,Baltimore Orioles,KHAC-19	Gunnar Henderson	Baltimore Orioles,False
2026_topps_update,2026,Topps,Update,KEEGAN HALL ART CARDS,,KHAC-20,Gunnar Henderson,Baltimore Orioles,KHAC-20	Gunnar Henderson	Baltimore Orioles,False
2026_topps_update,2026,Topps,Update,KEEGAN HALL ART CARDS,,KHAC-21,Vladimir Guerrero Jr.,Toronto Blue Jays,KHAC-21	Vladimir Guerrero Jr.	Toronto Blue Jays,False
2026_topps_update,2026,Topps,Update,KEEGAN HALL ART CARDS,,KHAC-22,Vladimir Guerrero Jr.,Toronto Blue Jays,KHAC-22	Vladimir Guerrero Jr.	Toronto Blue Jays,False
2026_topps_update,2026,Topps,Update,KEEGAN HALL ART CARDS,,KHAC-23,Vladimir Guerrero Jr.,Toronto Blue Jays,KHAC-23	Vladimir Guerrero Jr.	Toronto Blue Jays,False
2026_topps_update,2026,Topps,Update,KEEGAN HALL ART CARDS,,KHAC-24,Vladimir Guerrero Jr.,Toronto Blue Jays,KHAC-24	Vladimir Guerrero Jr.	Toronto Blue Jays,False
2026_topps_update,2026,Topps,Update,KEEGAN HALL ART CARDS,,KHAC-25,Francisco Lindor,New York Mets,KHAC-25	Francisco Lindor	New York Mets,False
2026_topps_update,2026,Topps,Update,KEEGAN HALL ART CARDS,,KHAC-26,Francisco Lindor,New York Mets,KHAC-26	Francisco Lindor	New York Mets,False
2026_topps_update,2026,Topps,Update,KEEGAN HALL ART CARDS,,KHAC-27,Francisco Lindor,New York Mets,KHAC-27	Francisco Lindor	New York Mets,False
2026_topps_update,2026,Topps,Update,KEEGAN HALL ART CARDS,,KHAC-28,Francisco Lindor,New York Mets,KHAC-28	Francisco Lindor	New York Mets,False
2026_topps_update,2026,Topps,Update,KEEGAN HALL ART CARDS,,KHAC-29,Ronald Acuña Jr.,Atlanta Braves,KHAC-29	Ronald Acuña Jr.	Atlanta Braves,False
2026_topps_update,2026,Topps,Update,KEEGAN HALL ART CARDS,,KHAC-30,Ronald Acuña Jr.,Atlanta Braves,KHAC-30	Ronald Acuña Jr.	Atlanta Braves,False
2026_topps_update,2026,Topps,Update,KEEGAN HALL ART CARDS,,KHAC-31,Ronald Acuña Jr.,Atlanta Braves,KHAC-31	Ronald Acuña Jr.	Atlanta Braves,False
2026_topps_update,2026,Topps,Update,KEEGAN HALL ART CARDS,,KHAC-32,Ronald Acuña Jr.,Atlanta Braves,KHAC-32	Ronald Acuña Jr.	Atlanta Braves,False
2026_topps_update,2026,Topps,Update,KEEGAN HALL ART CARDS,,KHAC-33,Dylan Crews,Washington Nationals	Rookie,KHAC-33	Dylan Crews	Washington Nationals	Rookie,False
2026_topps_update,2026,Topps,Update,KEEGAN HALL ART CARDS,,KHAC-34,Dylan Crews,Washington Nationals	Rookie,KHAC-34	Dylan Crews	Washington Nationals	Rookie,False
2026_topps_update,2026,Topps,Update,KEEGAN HALL ART CARDS,,KHAC-35,Dylan Crews,Washington Nationals	Rookie,KHAC-35	Dylan Crews	Washington Nationals	Rookie,False
2026_topps_update,2026,Topps,Update,KEEGAN HALL ART CARDS,,KHAC-36,Dylan Crews,Washington Nationals	Rookie,KHAC-36	Dylan Crews	Washington Nationals	Rookie,False
2026_topps_update,2026,Topps,Update,KEEGAN HALL ART CARDS,,KHAC-37,James Wood,Washington Nationals	Rookie,KHAC-37	James Wood	Washington Nationals	Rookie,False
2026_topps_update,2026,Topps,Update,KEEGAN HALL ART CARDS,,KHAC-38,James Wood,Washington Nationals	Rookie,KHAC-38	James Wood	Washington Nationals	Rookie,False
2026_topps_update,2026,Topps,Update,KEEGAN HALL ART CARDS,,KHAC-39,James Wood,Washington Nationals	Rookie,KHAC-39	James Wood	Washington Nationals	Rookie,False
2026_topps_update,2026,Topps,Update,KEEGAN HALL ART CARDS,,KHAC-40,James Wood,Washington Nationals	Rookie,KHAC-40	James Wood	Washington Nationals	Rookie,False
2026_topps_update,2026,Topps,Update,TRADING CARD ENAMEL PINS,,Max,Muncy,Athletics	Rookie,Max Muncy	Athletics	Rookie,False
2026_topps_update,2026,Topps,Update,TRADING CARD ENAMEL PINS,,Cody,Bellinger,New York Yankees,Cody Bellinger	New York Yankees,False
2026_topps_update,2026,Topps,Update,TRADING CARD ENAMEL PINS,,Justin,Verlander,San Francisco Giants,Justin Verlander	San Francisco Giants,False
2026_topps_update,2026,Topps,Update,TRADING CARD ENAMEL PINS,,Nick,Kurtz,Athletics	Rookie,Nick Kurtz	Athletics	Rookie,False
2026_topps_update,2026,Topps,Update,TRADING CARD ENAMEL PINS,,Chase,Dollander,Colorado Rockies	Rookie,Chase Dollander	Colorado Rockies	Rookie,False
2026_topps_update,2026,Topps,Update,TRADING CARD ENAMEL PINS,,Zac,Veen,Colorado Rockies	Rookie,Zac Veen	Colorado Rockies	Rookie,False
2026_topps_update,2026,Topps,Update,TRADING CARD ENAMEL PINS,,Kristian,Campbell,Boston Red Sox	Rookie,Kristian Campbell	Boston Red Sox	Rookie,False
2026_topps_update,2026,Topps,Update,TRADING CARD ENAMEL PINS,,Drake,Baldwin,Atlanta Braves	Rookie,Drake Baldwin	Atlanta Braves	Rookie,False
2026_topps_update,2026,Topps,Update,TRADING CARD ENAMEL PINS,,Cam,Smith,Houston Astros	Rookie,Cam Smith	Houston Astros	Rookie,False
2026_topps_update,2026,Topps,Update,TRADING CARD ENAMEL PINS,,Matt,Shaw,Chicago Cubs	Rookie,Matt Shaw	Chicago Cubs	Rookie,False
2026_topps_update,2026,Topps,Update,OVERSIZED 2025 BASE CARDS,,US1,Kristian Campbell,Boston Red Sox	Rookie,US1	Kristian Campbell	Boston Red Sox	Rookie,False
2026_topps_update,2026,Topps,Update,OVERSIZED 2025 BASE CARDS,,US16,Luke Keaschall,Minnesota Twins	Rookie,US16	Luke Keaschall	Minnesota Twins	Rookie,False
2026_topps_update,2026,Topps,Update,OVERSIZED 2025 BASE CARDS,,US38,Dalton Rushing,Los Angeles Dodgers	Rookie,US38	Dalton Rushing	Los Angeles Dodgers	Rookie,False
2026_topps_update,2026,Topps,Update,OVERSIZED 2025 BASE CARDS,,US87,Drake Baldwin,Atlanta Braves	Rookie,US87	Drake Baldwin	Atlanta Braves	Rookie,False
2026_topps_update,2026,Topps,Update,OVERSIZED 2025 BASE CARDS,,US105,Marcelo Mayer,Boston Red Sox	Rookie,US105	Marcelo Mayer	Boston Red Sox	Rookie,False
2026_topps_update,2026,Topps,Update,OVERSIZED 2025 BASE CARDS,,US140,Cade Horton,Chicago Cubs	Rookie,US140	Cade Horton	Chicago Cubs	Rookie,False
2026_topps_update,2026,Topps,Update,OVERSIZED 2025 BASE CARDS,,US200,Matt Shaw,Chicago Cubs	Rookie,US200	Matt Shaw	Chicago Cubs	Rookie,False
2026_topps_update,2026,Topps,Update,OVERSIZED 2025 BASE CARDS,,US201,Nick Kurtz,Athletics	Rookie,US201	Nick Kurtz	Athletics	Rookie,False
2026_topps_update,2026,Topps,Update,OVERSIZED 2025 BASE CARDS,,US262,Moisés Ballesteros,Chicago Cubs	Rookie,US262	Moisés Ballesteros	Chicago Cubs	Rookie,False
2026_topps_update,2026,Topps,Update,OVERSIZED 2025 BASE CARDS,,US277,Chandler Simpson,Tampa Bay Rays	Rookie,US277	Chandler Simpson	Tampa Bay Rays	Rookie,False
2026_topps_update,2026,Topps,Update,OVERSIZED 2025 BASE CARDS,,US298,Cam Smith,Houston Astros	Rookie,US298	Cam Smith	Houston Astros	Rookie,False
2026_topps_update,2026,Topps,Update,OVERSIZED 2025 BASE CARDS,,US180,Jacob Wilson,Athletics	Rookie,US180	Jacob Wilson	Athletics	Rookie,False
2026_topps_update,2026,Topps,Update,OVERSIZED 2025 BASE CARDS,,US199,Roki Sasaki,Los Angeles Dodgers	Rookie,US199	Roki Sasaki	Los Angeles Dodgers	Rookie,False
2026_topps_update,2026,Topps,Update,OVERSIZED 2025 BASE CARDS,,US218,James Wood,Washington Nationals	Rookie,US218	James Wood	Washington Nationals	Rookie,False
2026_topps_update,2026,Topps,Update,OVERSIZED 2025 BASE CARDS,,US223,Dylan Crews,Washington Nationals	Rookie,US223	Dylan Crews	Washington Nationals	Rookie,False
2026_topps_update,2026,Topps,Update,OVERSIZED 2025 BASE CARDS,,US312,Hyeseong Kim,Los Angeles Dodgers	Rookie,US312	Hyeseong Kim	Los Angeles Dodgers	Rookie,False
2026_topps_update,2026,Topps,Update,COMPANION CARD,,CC3-1,Kristian Campbell,Boston Red Sox	Rookie,CC3-1	Kristian Campbell	Boston Red Sox	Rookie,False
2026_topps_update,2026,Topps,Update,COMPANION CARD,,CC3-2,Matt Shaw,Chicago Cubs	Rookie,CC3-2	Matt Shaw	Chicago Cubs	Rookie,False
2026_topps_update,2026,Topps,Update,COMPANION CARD,,CC3-3,Cam Smith,Houston Astros	Rookie,CC3-3	Cam Smith	Houston Astros	Rookie,False
2026_topps_update,2026,Topps,Update,COMPANION CARD,,CC3-4,Drake Baldwin,Atlanta Braves	Rookie,CC3-4	Drake Baldwin	Atlanta Braves	Rookie,False
2026_topps_update,2026,Topps,Update,COMPANION CARD,,CC3-5,Nick Kurtz,Athletics	Rookie,CC3-5	Nick Kurtz	Athletics	Rookie,False
2026_topps_update,2026,Topps,Update,COMPANION CARD,,CC3-6,Luke Keaschall,Minnesota Twins	Rookie,CC3-6	Luke Keaschall	Minnesota Twins	Rookie,False
2026_topps_update,2026,Topps,Update,COMPANION CARD,,CC3-7,Chandler Simpson,Tampa Bay Rays	Rookie,CC3-7	Chandler Simpson	Tampa Bay Rays	Rookie,False
2026_topps_update,2026,Topps,Update,COMPANION CARD,,CC3-8,Dalton Rushing,Los Angeles Dodgers	Rookie,CC3-8	Dalton Rushing	Los Angeles Dodgers	Rookie,False
2026_topps_update,2026,Topps,Update,COMPANION CARD,,CC3-9,Cade Horton,Chicago Cubs	Rookie,CC3-9	Cade Horton	Chicago Cubs	Rookie,False
2026_topps_update,2026,Topps,Update,COMPANION CARD,,CC3-10,Moisés Ballesteros,Chicago Cubs	Rookie,CC3-10	Moisés Ballesteros	Chicago Cubs	Rookie,False
2026_topps_update,2026,Topps,Update,COMPANION CARD,,CC3-11,Marcelo Mayer,Boston Red Sox	Rookie,CC3-11	Marcelo Mayer	Boston Red Sox	Rookie,False
2026_topps_update,2026,Topps,Update,COMPANION CARD,,CC3-12,Dylan Crews,Washington Nationals	Rookie,CC3-12	Dylan Crews	Washington Nationals	Rookie,False
2026_topps_update,2026,Topps,Update,COMPANION CARD,,CC3-13,James Wood,Washington Nationals	Rookie,CC3-13	James Wood	Washington Nationals	Rookie,False
2026_topps_update,2026,Topps,Update,COMPANION CARD,,CC3-14,Roki Sasaki,Los Angeles Dodgers	Rookie,CC3-14	Roki Sasaki	Los Angeles Dodgers	Rookie,False
2026_topps_update,2026,Topps,Update,COMPANION CARD,,CC3-15,Jacob Wilson,Athletics	Rookie,CC3-15	Jacob Wilson	Athletics	Rookie,False
2026_topps_update,2026,Topps,Update,COMPANION CARD,,CC3-16,Hyeseong Kim,Los Angeles Dodgers	Rookie,CC3-16	Hyeseong Kim	Los Angeles Dodgers	Rookie,False
2026_topps_update,2026,Topps,Update,1990 TOPPS BASEBALL CHROME CARDS,,U90C-1,Paul Skenes,Pittsburgh Pirates,U90C-1	Paul Skenes	Pittsburgh Pirates,False
2026_topps_update,2026,Topps,Update,1990 TOPPS BASEBALL CHROME CARDS,,U90C-2,Jorbit Vivas,New York Yankees	Rookie,U90C-2	Jorbit Vivas	New York Yankees	Rookie,False
2026_topps_update,2026,Topps,Update,1990 TOPPS BASEBALL CHROME CARDS,,U90C-3,George Springer,Toronto Blue Jays,U90C-3	George Springer	Toronto Blue Jays,False
2026_topps_update,2026,Topps,Update,1990 TOPPS BASEBALL CHROME CARDS,,U90C-4,Drake Baldwin,Atlanta Braves	Rookie,U90C-4	Drake Baldwin	Atlanta Braves	Rookie,False
2026_topps_update,2026,Topps,Update,1990 TOPPS BASEBALL CHROME CARDS,,U90C-5,Elly De La Cruz,Cincinnati Reds,U90C-5	Elly De La Cruz	Cincinnati Reds,False
2026_topps_update,2026,Topps,Update,1990 TOPPS BASEBALL CHROME CARDS,,U90C-6,Eddie Murray,Baltimore Orioles,U90C-6	Eddie Murray	Baltimore Orioles,False
2026_topps_update,2026,Topps,Update,1990 TOPPS BASEBALL CHROME CARDS,,U90C-7,Juan Soto,New York Mets,U90C-7	Juan Soto	New York Mets,False
2026_topps_update,2026,Topps,Update,1990 TOPPS BASEBALL CHROME CARDS,,U90C-8,Zac Veen,Colorado Rockies	Rookie,U90C-8	Zac Veen	Colorado Rockies	Rookie,False
2026_topps_update,2026,Topps,Update,1990 TOPPS BASEBALL CHROME CARDS,,U90C-9,Denzel Clarke,Athletics	Rookie,U90C-9	Denzel Clarke	Athletics	Rookie,False
2026_topps_update,2026,Topps,Update,1990 TOPPS BASEBALL CHROME CARDS,,U90C-10,Ben Williamson,Seattle Mariners	Rookie,U90C-10	Ben Williamson	Seattle Mariners	Rookie,False
2026_topps_update,2026,Topps,Update,1990 TOPPS BASEBALL CHROME CARDS,,U90C-11,Ronald Acuña Jr.,Atlanta Braves,U90C-11	Ronald Acuña Jr.	Atlanta Braves,False
2026_topps_update,2026,Topps,Update,1990 TOPPS BASEBALL CHROME CARDS,,U90C-12,Paul Goldschmidt,New York Yankees,U90C-12	Paul Goldschmidt	New York Yankees,False
2026_topps_update,2026,Topps,Update,1990 TOPPS BASEBALL CHROME CARDS,,U90C-13,Mick Abel,Philadelphia Phillies	Rookie,U90C-13	Mick Abel	Philadelphia Phillies	Rookie,False
2026_topps_update,2026,Topps,Update,1990 TOPPS BASEBALL CHROME CARDS,,U90C-14,Fernando Valenzuela,Los Angeles Dodgers,U90C-14	Fernando Valenzuela	Los Angeles Dodgers,False
2026_topps_update,2026,Topps,Update,1990 TOPPS BASEBALL CHROME CARDS,,U90C-15,Alan Roden,Toronto Blue Jays	Rookie,U90C-15	Alan Roden	Toronto Blue Jays	Rookie,False
2026_topps_update,2026,Topps,Update,1990 TOPPS BASEBALL CHROME CARDS,,U90C-16,Ken Griffey Jr.,Seattle Mariners,U90C-16	Ken Griffey Jr.	Seattle Mariners,False
2026_topps_update,2026,Topps,Update,1990 TOPPS BASEBALL CHROME CARDS,,U90C-17,Kyle Schwarber,Philadelphia Phillies,U90C-17	Kyle Schwarber	Philadelphia Phillies,False
2026_topps_update,2026,Topps,Update,1990 TOPPS BASEBALL CHROME CARDS,,U90C-18,Andre Dawson,Chicago Cubs,U90C-18	Andre Dawson	Chicago Cubs,False
2026_topps_update,2026,Topps,Update,1990 TOPPS BASEBALL CHROME CARDS,,U90C-19,Fernando Tatis Jr.,San Diego Padres,U90C-19	Fernando Tatis Jr.	San Diego Padres,False
2026_topps_update,2026,Topps,Update,1990 TOPPS BASEBALL CHROME CARDS,,U90C-20,Jack Flaherty,Detroit Tigers,U90C-20	Jack Flaherty	Detroit Tigers,False
2026_topps_update,2026,Topps,Update,1990 TOPPS BASEBALL CHROME CARDS,,U90C-21,Kyle Tucker,Chicago Cubs,U90C-21	Kyle Tucker	Chicago Cubs,False
2026_topps_update,2026,Topps,Update,1990 TOPPS BASEBALL CHROME CARDS,,U90C-22,Nomar Garciaparra,Boston Red Sox,U90C-22	Nomar Garciaparra	Boston Red Sox,False
2026_topps_update,2026,Topps,Update,1990 TOPPS BASEBALL CHROME CARDS,,U90C-23,Hideki Matsui,New York Yankees,U90C-23	Hideki Matsui	New York Yankees,False
2026_topps_update,2026,Topps,Update,1990 TOPPS BASEBALL CHROME CARDS,,U90C-24,Max Fried,New York Yankees,U90C-24	Max Fried	New York Yankees,False
2026_topps_update,2026,Topps,Update,1990 TOPPS BASEBALL CHROME CARDS,,U90C-25,Bobby Witt Jr.,Kansas City Royals,U90C-25	Bobby Witt Jr.	Kansas City Royals,False
2026_topps_update,2026,Topps,Update,1990 TOPPS BASEBALL CHROME CARDS,,U90C-26,Shohei Ohtani,Los Angeles Dodgers,U90C-26	Shohei Ohtani	Los Angeles Dodgers,False
2026_topps_update,2026,Topps,Update,1990 TOPPS BASEBALL CHROME CARDS,,U90C-27,Chandler Simpson,Tampa Bay Rays	Rookie,U90C-27	Chandler Simpson	Tampa Bay Rays	Rookie,False
2026_topps_update,2026,Topps,Update,1990 TOPPS BASEBALL CHROME CARDS,,U90C-28,Robert Hassell III,Washington Nationals	Rookie,U90C-28	Robert Hassell III	Washington Nationals	Rookie,False
2026_topps_update,2026,Topps,Update,1990 TOPPS BASEBALL CHROME CARDS,,U90C-29,Justin Verlander,San Francisco Giants,U90C-29	Justin Verlander	San Francisco Giants,False
2026_topps_update,2026,Topps,Update,1990 TOPPS BASEBALL CHROME CARDS,,U90C-30,James Wood,Washington Nationals	Rookie,U90C-30	James Wood	Washington Nationals	Rookie,False
2026_topps_update,2026,Topps,Update,1990 TOPPS BASEBALL CHROME CARDS,,U90C-31,Will Smith,Los Angeles Dodgers,U90C-31	Will Smith	Los Angeles Dodgers,False
2026_topps_update,2026,Topps,Update,1990 TOPPS BASEBALL CHROME CARDS,,U90C-32,Joe DiMaggio,New York Yankees,U90C-32	Joe DiMaggio	New York Yankees,False
2026_topps_update,2026,Topps,Update,1990 TOPPS BASEBALL CHROME CARDS,,U90C-33,Marcelo Mayer,Boston Red Sox	Rookie,U90C-33	Marcelo Mayer	Boston Red Sox	Rookie,False
2026_topps_update,2026,Topps,Update,1990 TOPPS BASEBALL CHROME CARDS,,U90C-34,Johnny Bench,Cincinnati Reds,U90C-34	Johnny Bench	Cincinnati Reds,False
2026_topps_update,2026,Topps,Update,1990 TOPPS BASEBALL CHROME CARDS,,U90C-35,Jackson Chourio,Milwaukee Brewers,U90C-35	Jackson Chourio	Milwaukee Brewers,False
2026_topps_update,2026,Topps,Update,1990 TOPPS BASEBALL CHROME CARDS,,U90C-36,MacKenzie Gore,Washington Nationals,U90C-36	MacKenzie Gore	Washington Nationals,False
2026_topps_update,2026,Topps,Update,1990 TOPPS BASEBALL CHROME CARDS,,U90C-37,Moisés Ballesteros,Chicago Cubs	Rookie,U90C-37	Moisés Ballesteros	Chicago Cubs	Rookie,False
2026_topps_update,2026,Topps,Update,1990 TOPPS BASEBALL CHROME CARDS,,U90C-38,Manny Ramirez,Boston Red Sox,U90C-38	Manny Ramirez	Boston Red Sox,False
2026_topps_update,2026,Topps,Update,1990 TOPPS BASEBALL CHROME CARDS,,U90C-39,Austin Riley,Atlanta Braves,U90C-39	Austin Riley	Atlanta Braves,False
2026_topps_update,2026,Topps,Update,1990 TOPPS BASEBALL CHROME CARDS,,U90C-40,Roki Sasaki,Los Angeles Dodgers	Rookie,U90C-40	Roki Sasaki	Los Angeles Dodgers	Rookie,False
2026_topps_update,2026,Topps,Update,1990 TOPPS BASEBALL CHROME CARDS,,U90C-41,Dalton Rushing,Los Angeles Dodgers	Rookie,U90C-41	Dalton Rushing	Los Angeles Dodgers	Rookie,False
2026_topps_update,2026,Topps,Update,1990 TOPPS BASEBALL CHROME CARDS,,U90C-42,Pete Crow-Armstrong,Chicago Cubs,U90C-42	Pete Crow-Armstrong	Chicago Cubs,False
2026_topps_update,2026,Topps,Update,1990 TOPPS BASEBALL CHROME CARDS,,U90C-43,Lawrence Butler,Athletics,U90C-43	Lawrence Butler	Athletics,False
2026_topps_update,2026,Topps,Update,1990 TOPPS BASEBALL CHROME CARDS,,U90C-44,Aaron Judge,New York Yankees,U90C-44	Aaron Judge	New York Yankees,False
2026_topps_update,2026,Topps,Update,1990 TOPPS BASEBALL CHROME CARDS,,U90C-45,Tomoyuki Sugano,Baltimore Orioles	Rookie,U90C-45	Tomoyuki Sugano	Baltimore Orioles	Rookie,False
2026_topps_update,2026,Topps,Update,1990 TOPPS BASEBALL CHROME CARDS,,U90C-46,Hank Aaron,Milwaukee Braves,U90C-46	Hank Aaron	Milwaukee Braves,False
2026_topps_update,2026,Topps,Update,1990 TOPPS BASEBALL CHROME CARDS,,U90C-47,Kristian Campbell,Boston Red Sox	Rookie,U90C-47	Kristian Campbell	Boston Red Sox	Rookie,False
2026_topps_update,2026,Topps,Update,1990 TOPPS BASEBALL CHROME CARDS,,U90C-48,Chase Dollander,Colorado Rockies	Rookie,U90C-48	Chase Dollander	Colorado Rockies	Rookie,False
2026_topps_update,2026,Topps,Update,1990 TOPPS BASEBALL CHROME CARDS,,U90C-49,Blake Snell,Los Angeles Dodgers,U90C-49	Blake Snell	Los Angeles Dodgers,False
2026_topps_update,2026,Topps,Update,1990 TOPPS BASEBALL CHROME CARDS,,U90C-50,Adrian Beltré,Texas Rangers,U90C-50	Adrian Beltré	Texas Rangers,False
2026_topps_update,2026,Topps,Update,1990 TOPPS BASEBALL CHROME CARDS,,U90C-51,Coby Mayo,Baltimore Orioles	Rookie,U90C-51	Coby Mayo	Baltimore Orioles	Rookie,False
2026_topps_update,2026,Topps,Update,1990 TOPPS BASEBALL CHROME CARDS,,U90C-52,Chase Meidroth,Chicago White Sox	Rookie,U90C-52	Chase Meidroth	Chicago White Sox	Rookie,False
2026_topps_update,2026,Topps,Update,1990 TOPPS BASEBALL CHROME CARDS,,U90C-53,AJ Blubaugh,Houston Astros	Rookie,U90C-53	AJ Blubaugh	Houston Astros	Rookie,False
2026_topps_update,2026,Topps,Update,1990 TOPPS BASEBALL CHROME CARDS,,U90C-54,Mickey Mantle,New York Yankees,U90C-54	Mickey Mantle	New York Yankees,False
2026_topps_update,2026,Topps,Update,1990 TOPPS BASEBALL CHROME CARDS,,U90C-55,Tyler Soderstrom,Athletics,U90C-55	Tyler Soderstrom	Athletics,False
2026_topps_update,2026,Topps,Update,1990 TOPPS BASEBALL CHROME CARDS,,U90C-56,Julio Rodríguez,Seattle Mariners,U90C-56	Julio Rodríguez	Seattle Mariners,False
2026_topps_update,2026,Topps,Update,1990 TOPPS BASEBALL CHROME CARDS,,U90C-57,Thomas Harrington,Pittsburgh Pirates	Rookie,U90C-57	Thomas Harrington	Pittsburgh Pirates	Rookie,False
2026_topps_update,2026,Topps,Update,1990 TOPPS BASEBALL CHROME CARDS,,U90C-58,Greg Maddux,Chicago Cubs,U90C-58	Greg Maddux	Chicago Cubs,False
2026_topps_update,2026,Topps,Update,1990 TOPPS BASEBALL CHROME CARDS,,U90C-59,Agustín Ramírez,Miami Marlins	Rookie,U90C-59	Agustín Ramírez	Miami Marlins	Rookie,False
2026_topps_update,2026,Topps,Update,1990 TOPPS BASEBALL CHROME CARDS,,U90C-60,Greg Maddux,Atlanta Braves,U90C-60	Greg Maddux	Atlanta Braves,False
2026_topps_update,2026,Topps,Update,1990 TOPPS BASEBALL CHROME CARDS,,U90C-61,Colton Cowser,Baltimore Orioles,U90C-61	Colton Cowser	Baltimore Orioles,False
2026_topps_update,2026,Topps,Update,1990 TOPPS BASEBALL CHROME CARDS,,U90C-62,Willie Mays,New York Giants,U90C-62	Willie Mays	New York Giants,False
2026_topps_update,2026,Topps,Update,1990 TOPPS BASEBALL CHROME CARDS,,U90C-63,Jasson Domínguez,New York Yankees,U90C-63	Jasson Domínguez	New York Yankees,False
2026_topps_update,2026,Topps,Update,1990 TOPPS BASEBALL CHROME CARDS,,U90C-64,Pedro Martinez,Boston Red Sox,U90C-64	Pedro Martinez	Boston Red Sox,False
2026_topps_update,2026,Topps,Update,1990 TOPPS BASEBALL CHROME CARDS,,U90C-65,Jerome Walton,Chicago Cubs,U90C-65	Jerome Walton	Chicago Cubs,False
2026_topps_update,2026,Topps,Update,1990 TOPPS BASEBALL CHROME CARDS,,U90C-66,Hyeseong Kim,Los Angeles Dodgers	Rookie,U90C-66	Hyeseong Kim	Los Angeles Dodgers	Rookie,False
2026_topps_update,2026,Topps,Update,1990 TOPPS BASEBALL CHROME CARDS,,U90C-67,Jacob Wilson,Athletics	Rookie,U90C-67	Jacob Wilson	Athletics	Rookie,False
2026_topps_update,2026,Topps,Update,1990 TOPPS BASEBALL CHROME CARDS,,U90C-68,Logan Henderson,Milwaukee Brewers	Rookie,U90C-68	Logan Henderson	Milwaukee Brewers	Rookie,False
2026_topps_update,2026,Topps,Update,1990 TOPPS BASEBALL CHROME CARDS,,U90C-69,Lou Gehrig,New York Yankees,U90C-69	Lou Gehrig	New York Yankees,False
2026_topps_update,2026,Topps,Update,1990 TOPPS BASEBALL CHROME CARDS,,U90C-70,Max Muncy,Athletics	Rookie,U90C-70	Max Muncy	Athletics	Rookie,False
2026_topps_update,2026,Topps,Update,1990 TOPPS BASEBALL CHROME CARDS,,U90C-71,Roger Clemens,Boston Red Sox,U90C-71	Roger Clemens	Boston Red Sox,False
2026_topps_update,2026,Topps,Update,1990 TOPPS BASEBALL CHROME CARDS,,U90C-72,Cade Horton,Chicago Cubs	Rookie,U90C-72	Cade Horton	Chicago Cubs	Rookie,False
2026_topps_update,2026,Topps,Update,1990 TOPPS BASEBALL CHROME CARDS,,U90C-73,Sammy Sosa,Chicago Cubs,U90C-73	Sammy Sosa	Chicago Cubs,False
2026_topps_update,2026,Topps,Update,1990 TOPPS BASEBALL CHROME CARDS,,U90C-74,Caleb Durbin,Milwaukee Brewers	Rookie,U90C-74	Caleb Durbin	Milwaukee Brewers	Rookie,False
2026_topps_update,2026,Topps,Update,1990 TOPPS BASEBALL CHROME CARDS,,U90C-75,Dillon Dingler,Detroit Tigers	Rookie,U90C-75	Dillon Dingler	Detroit Tigers	Rookie,False
2026_topps_update,2026,Topps,Update,1990 TOPPS BASEBALL CHROME CARDS,,U90C-76,Ozzie Smith,St. Louis Cardinals,U90C-76	Ozzie Smith	St. Louis Cardinals,False
2026_topps_update,2026,Topps,Update,1990 TOPPS BASEBALL CHROME CARDS,,U90C-77,Bryce Harper,Philadelphia Phillies,U90C-77	Bryce Harper	Philadelphia Phillies,False
2026_topps_update,2026,Topps,Update,1990 TOPPS BASEBALL CHROME CARDS,,U90C-78,Dansby Swanson,Chicago Cubs,U90C-78	Dansby Swanson	Chicago Cubs,False
2026_topps_update,2026,Topps,Update,1990 TOPPS BASEBALL CHROME CARDS,,U90C-79,Yu Darvish,San Diego Padres,U90C-79	Yu Darvish	San Diego Padres,False
2026_topps_update,2026,Topps,Update,1990 TOPPS BASEBALL CHROME CARDS,,U90C-80,Mike Trout,Angels,U90C-80	Mike Trout	Angels,False
2026_topps_update,2026,Topps,Update,1990 TOPPS BASEBALL CHROME CARDS,,U90C-81,Edgar Quero,Chicago White Sox	Rookie,U90C-81	Edgar Quero	Chicago White Sox	Rookie,False
2026_topps_update,2026,Topps,Update,1990 TOPPS BASEBALL CHROME CARDS,,U90C-82,Max Scherzer,Toronto Blue Jays,U90C-82	Max Scherzer	Toronto Blue Jays,False
2026_topps_update,2026,Topps,Update,1990 TOPPS BASEBALL CHROME CARDS,,U90C-83,Mark McGwire,St. Louis Cardinals,U90C-83	Mark McGwire	St. Louis Cardinals,False
2026_topps_update,2026,Topps,Update,1990 TOPPS BASEBALL CHROME CARDS,,U90C-84,Shane Smith,Chicago White Sox	Rookie,U90C-84	Shane Smith	Chicago White Sox	Rookie,False
2026_topps_update,2026,Topps,Update,1990 TOPPS BASEBALL CHROME CARDS,,U90C-85,Noah Cameron,Kansas City Royals	Rookie,U90C-85	Noah Cameron	Kansas City Royals	Rookie,False
2026_topps_update,2026,Topps,Update,1990 TOPPS BASEBALL CHROME CARDS,,U90C-86,Luke Keaschall,Minnesota Twins	Rookie,U90C-86	Luke Keaschall	Minnesota Twins	Rookie,False
2026_topps_update,2026,Topps,Update,1990 TOPPS BASEBALL CHROME CARDS,,U90C-87,Darryl Strawberry,New York Mets,U90C-87	Darryl Strawberry	New York Mets,False
2026_topps_update,2026,Topps,Update,1990 TOPPS BASEBALL CHROME CARDS,,U90C-88,Nolan Ryan,California Angels,U90C-88	Nolan Ryan	California Angels,False
2026_topps_update,2026,Topps,Update,1990 TOPPS BASEBALL CHROME CARDS,,U90C-89,Chase Petty,Cincinnati Reds	Rookie,U90C-89	Chase Petty	Cincinnati Reds	Rookie,False
2026_topps_update,2026,Topps,Update,1990 TOPPS BASEBALL CHROME CARDS,,U90C-90,David Wright,New York Mets,U90C-90	David Wright	New York Mets,False
2026_topps_update,2026,Topps,Update,1990 TOPPS BASEBALL CHROME CARDS,,U90C-91,Dylan Crews,Washington Nationals	Rookie,U90C-91	Dylan Crews	Washington Nationals	Rookie,False
2026_topps_update,2026,Topps,Update,1990 TOPPS BASEBALL CHROME CARDS,,U90C-92,Buster Posey,San Francisco Giants,U90C-92	Buster Posey	San Francisco Giants,False
2026_topps_update,2026,Topps,Update,1990 TOPPS BASEBALL CHROME CARDS,,U90C-93,Nick Kurtz,Athletics	Rookie,U90C-93	Nick Kurtz	Athletics	Rookie,False
2026_topps_update,2026,Topps,Update,1990 TOPPS BASEBALL CHROME CARDS,,U90C-94,Craig Biggio,Houston Astros,U90C-94	Craig Biggio	Houston Astros,False
2026_topps_update,2026,Topps,Update,1990 TOPPS BASEBALL CHROME CARDS,,U90C-95,Matt Shaw,Chicago Cubs	Rookie,U90C-95	Matt Shaw	Chicago Cubs	Rookie,False
2026_topps_update,2026,Topps,Update,1990 TOPPS BASEBALL CHROME CARDS,,U90C-96,Cam Smith,Houston Astros	Rookie,U90C-96	Cam Smith	Houston Astros	Rookie,False
2026_topps_update,2026,Topps,Update,1990 TOPPS BASEBALL CHROME CARDS,,U90C-97,Miguel Cabrera,Detroit Tigers,U90C-97	Miguel Cabrera	Detroit Tigers,False
2026_topps_update,2026,Topps,Update,1990 TOPPS BASEBALL CHROME CARDS,,U90C-98,Joey Votto,Cincinnati Reds,U90C-98	Joey Votto	Cincinnati Reds,False
2026_topps_update,2026,Topps,Update,1990 TOPPS BASEBALL CHROME CARDS,,U90C-99,Jung Hoo Lee,San Francisco Giants,U90C-99	Jung Hoo Lee	San Francisco Giants,False
2026_topps_update,2026,Topps,Update,1990 TOPPS BASEBALL CHROME CARDS,,U90C-100,Joe Mauer,Minnesota Twins,U90C-100	Joe Mauer	Minnesota Twins,False
2026_topps_update,2026,Topps,Update,1990 TOPPS BASEBALL JAPAN,,90J-1,Shohei Ohtani,Los Angeles Dodgers,90J-1	Shohei Ohtani	Los Angeles Dodgers,False
2026_topps_update,2026,Topps,Update,1990 TOPPS BASEBALL JAPAN,,90J-2,Kyle Tucker,Chicago Cubs,90J-2	Kyle Tucker	Chicago Cubs,False
2026_topps_update,2026,Topps,Update,1990 TOPPS BASEBALL JAPAN,,90J-3,Kristian Campbell,Boston Red Sox	Rookie,90J-3	Kristian Campbell	Boston Red Sox	Rookie,False
2026_topps_update,2026,Topps,Update,1990 TOPPS BASEBALL JAPAN,,90J-4,Hideo Nomo,Los Angeles Dodgers,90J-4	Hideo Nomo	Los Angeles Dodgers,False
2026_topps_update,2026,Topps,Update,1990 TOPPS BASEBALL JAPAN,,90J-5,Juan Soto,New York Mets,90J-5	Juan Soto	New York Mets,False
2026_topps_update,2026,Topps,Update,1990 TOPPS BASEBALL JAPAN,,90J-6,Yu Darvish,San Diego Padres,90J-6	Yu Darvish	San Diego Padres,False
2026_topps_update,2026,Topps,Update,1990 TOPPS BASEBALL JAPAN,,90J-7,Jacob Wilson,Athletics	Rookie,90J-7	Jacob Wilson	Athletics	Rookie,False
2026_topps_update,2026,Topps,Update,1990 TOPPS BASEBALL JAPAN,,90J-8,Freddie Freeman,Los Angeles Dodgers,90J-8	Freddie Freeman	Los Angeles Dodgers,False
2026_topps_update,2026,Topps,Update,1990 TOPPS BASEBALL JAPAN,,90J-9,Ken Griffey Jr.,Seattle Mariners,90J-9	Ken Griffey Jr.	Seattle Mariners,False
2026_topps_update,2026,Topps,Update,1990 TOPPS BASEBALL JAPAN,,90J-10,Julio Rodríguez,Seattle Mariners,90J-10	Julio Rodríguez	Seattle Mariners,False
2026_topps_update,2026,Topps,Update,1990 TOPPS BASEBALL JAPAN,,90J-11,Tomoyuki Sugano,Baltimore Orioles	Rookie,90J-11	Tomoyuki Sugano	Baltimore Orioles	Rookie,False
2026_topps_update,2026,Topps,Update,1990 TOPPS BASEBALL JAPAN,,90J-12,Cam Smith,Houston Astros	Rookie,90J-12	Cam Smith	Houston Astros	Rookie,False
2026_topps_update,2026,Topps,Update,1990 TOPPS BASEBALL JAPAN,,90J-13,Bryce Harper,Philadelphia Phillies,90J-13	Bryce Harper	Philadelphia Phillies,False
2026_topps_update,2026,Topps,Update,1990 TOPPS BASEBALL JAPAN,,90J-14,Shota Imanaga,Chicago Cubs,90J-14	Shota Imanaga	Chicago Cubs,False
2026_topps_update,2026,Topps,Update,1990 TOPPS BASEBALL JAPAN,,90J-15,Gunnar Henderson,Baltimore Orioles,90J-15	Gunnar Henderson	Baltimore Orioles,False
2026_topps_update,2026,Topps,Update,1990 TOPPS BASEBALL JAPAN,,90J-16,Corbin Carroll,Arizona Diamondbacks,90J-16	Corbin Carroll	Arizona Diamondbacks,False
2026_topps_update,2026,Topps,Update,1990 TOPPS BASEBALL JAPAN,,90J-17,Manny Machado,San Diego Padres,90J-17	Manny Machado	San Diego Padres,False
2026_topps_update,2026,Topps,Update,1990 TOPPS BASEBALL JAPAN,,90J-18,Ben Rice,New York Yankees	Rookie,90J-18	Ben Rice	New York Yankees	Rookie,False
2026_topps_update,2026,Topps,Update,1990 TOPPS BASEBALL JAPAN,,90J-19,Masataka Yoshida,Boston Red Sox,90J-19	Masataka Yoshida	Boston Red Sox,False
2026_topps_update,2026,Topps,Update,1990 TOPPS BASEBALL JAPAN,,90J-20,Tarik Skubal,Detroit Tigers,90J-20	Tarik Skubal	Detroit Tigers,False
2026_topps_update,2026,Topps,Update,1990 TOPPS BASEBALL JAPAN,,90J-21,Bobby Witt Jr.,Kansas City Royals,90J-21	Bobby Witt Jr.	Kansas City Royals,False
2026_topps_update,2026,Topps,Update,1990 TOPPS BASEBALL JAPAN,,90J-22,Elly De La Cruz,Cincinnati Reds,90J-22	Elly De La Cruz	Cincinnati Reds,False
2026_topps_update,2026,Topps,Update,1990 TOPPS BASEBALL JAPAN,,90J-23,Mookie Betts,Los Angeles Dodgers,90J-23	Mookie Betts	Los Angeles Dodgers,False
2026_topps_update,2026,Topps,Update,1990 TOPPS BASEBALL JAPAN,,90J-24,Dylan Crews,Washington Nationals	Rookie,90J-24	Dylan Crews	Washington Nationals	Rookie,False
2026_topps_update,2026,Topps,Update,1990 TOPPS BASEBALL JAPAN,,90J-25,James Wood,Washington Nationals	Rookie,90J-25	James Wood	Washington Nationals	Rookie,False
2026_topps_update,2026,Topps,Update,1990 TOPPS BASEBALL JAPAN,,90J-26,Matt Shaw,Chicago Cubs	Rookie,90J-26	Matt Shaw	Chicago Cubs	Rookie,False
2026_topps_update,2026,Topps,Update,1990 TOPPS BASEBALL JAPAN,,90J-27,Marcelo Mayer,Boston Red Sox	Rookie,90J-27	Marcelo Mayer	Boston Red Sox	Rookie,False
2026_topps_update,2026,Topps,Update,1990 TOPPS BASEBALL JAPAN,,90J-28,Lawrence Butler,Athletics,90J-28	Lawrence Butler	Athletics,False
2026_topps_update,2026,Topps,Update,1990 TOPPS BASEBALL JAPAN,,90J-29,Roki Sasaki,Los Angeles Dodgers	Rookie,90J-29	Roki Sasaki	Los Angeles Dodgers	Rookie,False
2026_topps_update,2026,Topps,Update,1990 TOPPS BASEBALL JAPAN,,90J-30,Derek Jeter,New York Yankees,90J-30	Derek Jeter	New York Yankees,False
2026_topps_update,2026,Topps,Update,1990 TOPPS BASEBALL JAPAN,,90J-31,Hyeseong Kim,Los Angeles Dodgers	Rookie,90J-31	Hyeseong Kim	Los Angeles Dodgers	Rookie,False
2026_topps_update,2026,Topps,Update,1990 TOPPS BASEBALL JAPAN,,90J-32,Brooks Lee,Minnesota Twins	Rookie,90J-32	Brooks Lee	Minnesota Twins	Rookie,False
2026_topps_update,2026,Topps,Update,1990 TOPPS BASEBALL JAPAN,,90J-33,Jung Hoo Lee,San Francisco Giants,90J-33	Jung Hoo Lee	San Francisco Giants,False
2026_topps_update,2026,Topps,Update,1990 TOPPS BASEBALL JAPAN,,90J-34,Francisco Lindor,New York Mets,90J-34	Francisco Lindor	New York Mets,False
2026_topps_update,2026,Topps,Update,1990 TOPPS BASEBALL JAPAN,,90J-35,Ronald Acuña Jr.,Atlanta Braves,90J-35	Ronald Acuña Jr.	Atlanta Braves,False
2026_topps_update,2026,Topps,Update,1990 TOPPS BASEBALL JAPAN,,90J-36,Jackson Chourio,Milwaukee Brewers,90J-36	Jackson Chourio	Milwaukee Brewers,False
2026_topps_update,2026,Topps,Update,1990 TOPPS BASEBALL JAPAN,,90J-37,Vladimir Guerrero Jr.,Toronto Blue Jays,90J-37	Vladimir Guerrero Jr.	Toronto Blue Jays,False
2026_topps_update,2026,Topps,Update,1990 TOPPS BASEBALL JAPAN,,90J-38,Nick Kurtz,Athletics	Rookie,90J-38	Nick Kurtz	Athletics	Rookie,False
2026_topps_update,2026,Topps,Update,1990 TOPPS BASEBALL JAPAN,,90J-39,Ichiro,Seattle Mariners,90J-39	Ichiro	Seattle Mariners,False
2026_topps_update,2026,Topps,Update,1990 TOPPS BASEBALL JAPAN,,90J-40,Hideki Matsui,New York Yankees,90J-40	Hideki Matsui	New York Yankees,False
2026_topps_update,2026,Topps,Update,1990 TOPPS BASEBALL JAPAN,,90J-41,Luisangel Acuña,New York Mets	Rookie,90J-41	Luisangel Acuña	New York Mets	Rookie,False
2026_topps_update,2026,Topps,Update,1990 TOPPS BASEBALL JAPAN,,90J-42,Dalton Rushing,Los Angeles Dodgers	Rookie,90J-42	Dalton Rushing	Los Angeles Dodgers	Rookie,False
2026_topps_update,2026,Topps,Update,1990 TOPPS BASEBALL JAPAN,,90J-43,Mike Trout,Angels,90J-43	Mike Trout	Angels,False
2026_topps_update,2026,Topps,Update,1990 TOPPS BASEBALL JAPAN,,90J-44,Paul Skenes,Pittsburgh Pirates,90J-44	Paul Skenes	Pittsburgh Pirates,False
2026_topps_update,2026,Topps,Update,1990 TOPPS BASEBALL JAPAN,,90J-45,Seiya Suzuki,Chicago Cubs,90J-45	Seiya Suzuki	Chicago Cubs,False
2026_topps_update,2026,Topps,Update,1990 TOPPS BASEBALL JAPAN,,90J-46,Aaron Judge,New York Yankees,90J-46	Aaron Judge	New York Yankees,False
2026_topps_update,2026,Topps,Update,1990 TOPPS BASEBALL JAPAN,,90J-47,Yoshinobu Yamamoto,Los Angeles Dodgers,90J-47	Yoshinobu Yamamoto	Los Angeles Dodgers,False
2026_topps_update,2026,Topps,Update,1990 TOPPS BASEBALL JAPAN,,90J-48,Pete Crow-Armstrong,Chicago Cubs,90J-48	Pete Crow-Armstrong	Chicago Cubs,False
2026_topps_update,2026,Topps,Update,1990 TOPPS BASEBALL JAPAN,,90J-49,Pete Alonso,New York Mets,90J-49	Pete Alonso	New York Mets,False
2026_topps_update,2026,Topps,Update,1990 TOPPS BASEBALL JAPAN,,90J-50,Fernando Tatis Jr.,San Diego Padres,90J-50	Fernando Tatis Jr.	San Diego Padres,False
2026_topps_update,2026,Topps,Update,FANATICS AUTHENTIC REDEMPTIONS,,Brooks,Lee,Minnesota Twins	Rookie,Brooks Lee	Minnesota Twins	Rookie,False
2026_topps_update,2026,Topps,Update,FANATICS AUTHENTIC REDEMPTIONS,,Juan,Soto,New York Mets,Juan Soto	New York Mets,False
2026_topps_update,2026,Topps,Update,FANATICS AUTHENTIC REDEMPTIONS,,Christian,Yelich,Milwaukee Brewers,Christian Yelich	Milwaukee Brewers,False
2026_topps_update,2026,Topps,Update,FANATICS AUTHENTIC REDEMPTIONS,,Shohei,Ohtani,Angels,Shohei Ohtani	Angels,False
2026_topps_update,2026,Topps,Update,FANATICS AUTHENTIC REDEMPTIONS,,Riley,Greene,Detroit Tigers,Riley Greene	Detroit Tigers,False
2026_topps_update,2026,Topps,Update,FANATICS AUTHENTIC REDEMPTIONS,,Jeremy,Peña,Houston Astros,Jeremy Peña	Houston Astros,False
2026_topps_update,2026,Topps,Update,FANATICS AUTHENTIC REDEMPTIONS,,Aaron,Judge,New York Yankees,Aaron Judge	New York Yankees,False
2026_topps_update,2026,Topps,Update,FANATICS AUTHENTIC REDEMPTIONS,,Trea,Turner,Philadelphia Phillies,Trea Turner	Philadelphia Phillies,False
2026_topps_update,2026,Topps,Update,FANATICS AUTHENTIC REDEMPTIONS,,Jacob,deGrom,Texas Rangers,Jacob deGrom	Texas Rangers,False
2026_topps_update,2026,Topps,Update,FANATICS AUTHENTIC REDEMPTIONS,,Dylan,Crews,Washington Nationals	Rookie,Dylan Crews	Washington Nationals	Rookie,False
2026_topps_update,2026,Topps,Update,FANATICS AUTHENTIC REDEMPTIONS,,Willson,Contreras,St. Louis Cardinals,Willson Contreras	St. Louis Cardinals,False
2026_topps_update,2026,Topps,Update,FANATICS AUTHENTIC REDEMPTIONS,,Buster,Posey,San Francisco Giants,Buster Posey	San Francisco Giants,False
2026_topps_update,2026,Topps,Update,FANATICS AUTHENTIC REDEMPTIONS,,Fernando,Tatis Jr.,San Diego Padres,Fernando Tatis Jr.	San Diego Padres,False
2026_topps_update,2026,Topps,Update,FANATICS AUTHENTIC REDEMPTIONS,,Edgar,Martinez,Seattle Mariners,Edgar Martinez	Seattle Mariners,False
2026_topps_update,2026,Topps,Update,FANATICS AUTHENTIC REDEMPTIONS,,Frank,Thomas,Chicago White Sox,Frank Thomas	Chicago White Sox,False
2026_topps_update,2026,Topps,Update,FANATICS AUTHENTIC REDEMPTIONS,,Zac,Veen,Colorado Rockies	Rookie,Zac Veen	Colorado Rockies	Rookie,False
2026_topps_update,2026,Topps,Update,FANATICS AUTHENTIC REDEMPTIONS,,Shota,Imanaga,Chicago Cubs,Shota Imanaga	Chicago Cubs,False
2026_topps_update,2026,Topps,Update,FANATICS AUTHENTIC REDEMPTIONS,,Junior,Caminero,Tampa Bay Rays,Junior Caminero	Tampa Bay Rays,False
2026_topps_update,2026,Topps,Update,José Ramírez	Cleveland Guardians,,Bobby,Witt Jr.,Kansas City Royals,Bobby Witt Jr.	Kansas City Royals,False
2026_topps_update,2026,Topps,Update,José Ramírez	Cleveland Guardians,,Miguel,Cabrera,Florida Marlins,Miguel Cabrera	Florida Marlins,False
2026_topps_update,2026,Topps,Update,José Ramírez	Cleveland Guardians,,Roki,Sasaki,Los Angeles Dodgers	Rookie,Roki Sasaki	Los Angeles Dodgers	Rookie,False
2026_topps_update,2026,Topps,Update,José Ramírez	Cleveland Guardians,,Paul,Skenes,Pittsburgh Pirates,Paul Skenes	Pittsburgh Pirates,False
2026_topps_update,2026,Topps,Update,José Ramírez	Cleveland Guardians,,Jacob,Wilson,Athletics	Rookie,Jacob Wilson	Athletics	Rookie,False
2026_topps_update,2026,Topps,Update,José Ramírez	Cleveland Guardians,,Jarren,Duran,Boston Red Sox,Jarren Duran	Boston Red Sox,False
2026_topps_update,2026,Topps,Update,José Ramírez	Cleveland Guardians,,Johnny,Bench,Cincinnati Reds,Johnny Bench	Cincinnati Reds,False
2026_topps_update,2026,Topps,Update,José Ramírez	Cleveland Guardians,,Cal,Ripken Jr.,Baltimore Orioles,Cal Ripken Jr.	Baltimore Orioles,False
2026_topps_update,2026,Topps,Update,José Ramírez	Cleveland Guardians,,Corbin,Carroll,Arizona Diamondbacks,Corbin Carroll	Arizona Diamondbacks,False
2026_topps_update,2026,Topps,Update,José Ramírez	Cleveland Guardians,,Ronald,Acuña Jr.,Atlanta Braves,Ronald Acuña Jr.	Atlanta Braves,False
2026_topps_update,2026,Topps,Update,José Ramírez	Cleveland Guardians,,Joe,Carter,Toronto Blue Jays,Joe Carter	Toronto Blue Jays,False
2026_topps_update,2026,Topps,Update,BASEBALL STARS AUTOGRAPH CARDS,,BSAU-AB,Adrian Beltré,Texas Rangers,BSAU-AB	Adrian Beltré	Texas Rangers,False
2026_topps_update,2026,Topps,Update,BASEBALL STARS AUTOGRAPH CARDS,,BSAU-ARA,Agustín Ramírez,Miami Marlins	Rookie,BSAU-ARA	Agustín Ramírez	Miami Marlins	Rookie,False
2026_topps_update,2026,Topps,Update,BASEBALL STARS AUTOGRAPH CARDS,,BSAU-BR,Brent Rooker,Athletics,BSAU-BR	Brent Rooker	Athletics,False
2026_topps_update,2026,Topps,Update,BASEBALL STARS AUTOGRAPH CARDS,,BSAU-BRI,Ben Rice,New York Yankees	Rookie,BSAU-BRI	Ben Rice	New York Yankees	Rookie,False
2026_topps_update,2026,Topps,Update,BASEBALL STARS AUTOGRAPH CARDS,,BSAU-BW,Ben Williamson,Seattle Mariners	Rookie,BSAU-BW	Ben Williamson	Seattle Mariners	Rookie,False
2026_topps_update,2026,Topps,Update,BASEBALL STARS AUTOGRAPH CARDS,,BSAU-CD,Chase Dollander,Colorado Rockies	Rookie,BSAU-CD	Chase Dollander	Colorado Rockies	Rookie,False
2026_topps_update,2026,Topps,Update,BASEBALL STARS AUTOGRAPH CARDS,,BSAU-CM,Coby Mayo,Baltimore Orioles	Rookie,BSAU-CM	Coby Mayo	Baltimore Orioles	Rookie,False
2026_topps_update,2026,Topps,Update,BASEBALL STARS AUTOGRAPH CARDS,,BSAU-CME,Chase Meidroth,Chicago White Sox	Rookie,BSAU-CME	Chase Meidroth	Chicago White Sox	Rookie,False
2026_topps_update,2026,Topps,Update,BASEBALL STARS AUTOGRAPH CARDS,,BSAU-CS,Cam Smith,Houston Astros	Rookie,BSAU-CS	Cam Smith	Houston Astros	Rookie,False
2026_topps_update,2026,Topps,Update,BASEBALL STARS AUTOGRAPH CARDS,,BSAU-CSI,Chandler Simpson,Tampa Bay Rays	Rookie,BSAU-CSI	Chandler Simpson	Tampa Bay Rays	Rookie,False
2026_topps_update,2026,Topps,Update,BASEBALL STARS AUTOGRAPH CARDS,,BSAU-CY,Craig Yoho,Milwaukee Brewers	Rookie,BSAU-CY	Craig Yoho	Milwaukee Brewers	Rookie,False
2026_topps_update,2026,Topps,Update,BASEBALL STARS AUTOGRAPH CARDS,,BSAU-DBA,Drake Baldwin,Atlanta Braves	Rookie,BSAU-DBA	Drake Baldwin	Atlanta Braves	Rookie,False
2026_topps_update,2026,Topps,Update,BASEBALL STARS AUTOGRAPH CARDS,,BSAU-DC,Denzel Clarke,Athletics	Rookie,BSAU-DC	Denzel Clarke	Athletics	Rookie,False
2026_topps_update,2026,Topps,Update,BASEBALL STARS AUTOGRAPH CARDS,,BSAU-DR,Dalton Rushing,Los Angeles Dodgers	Rookie,BSAU-DR	Dalton Rushing	Los Angeles Dodgers	Rookie,False
2026_topps_update,2026,Topps,Update,BASEBALL STARS AUTOGRAPH CARDS,,BSAU-DW,Devin Williams,New York Yankees,BSAU-DW	Devin Williams	New York Yankees,False
2026_topps_update,2026,Topps,Update,BASEBALL STARS AUTOGRAPH CARDS,,BSAU-EQ,Edgar Quero,Chicago White Sox	Rookie,BSAU-EQ	Edgar Quero	Chicago White Sox	Rookie,False
2026_topps_update,2026,Topps,Update,BASEBALL STARS AUTOGRAPH CARDS,,BSAU-FT,Fernando Tatis Jr.,San Diego Padres,BSAU-FT	Fernando Tatis Jr.	San Diego Padres,False
2026_topps_update,2026,Topps,Update,BASEBALL STARS AUTOGRAPH CARDS,,BSAU-GM,Grant McCray,San Francisco Giants	Rookie,BSAU-GM	Grant McCray	San Francisco Giants	Rookie,False
2026_topps_update,2026,Topps,Update,BASEBALL STARS AUTOGRAPH CARDS,,BSAU-JD,Jack Dreyer,Los Angeles Dodgers	Rookie,BSAU-JD	Jack Dreyer	Los Angeles Dodgers	Rookie,False
2026_topps_update,2026,Topps,Update,BASEBALL STARS AUTOGRAPH CARDS,,BSAU-JV,Jorbit Vivas,New York Yankees	Rookie,BSAU-JV	Jorbit Vivas	New York Yankees	Rookie,False
2026_topps_update,2026,Topps,Update,BASEBALL STARS AUTOGRAPH CARDS,,BSAU-KA,Kevin Alcántara,Chicago Cubs	Rookie,BSAU-KA	Kevin Alcántara	Chicago Cubs	Rookie,False
2026_topps_update,2026,Topps,Update,BASEBALL STARS AUTOGRAPH CARDS,,BSAU-KP,Kyren Paris,Angels,BSAU-KP	Kyren Paris	Angels,False
2026_topps_update,2026,Topps,Update,BASEBALL STARS AUTOGRAPH CARDS,,BSAU-KR,Kumar Rocker,Texas Rangers	Rookie,BSAU-KR	Kumar Rocker	Texas Rangers	Rookie,False
2026_topps_update,2026,Topps,Update,BASEBALL STARS AUTOGRAPH CARDS,,BSAU-LE,Logan Evans,Seattle Mariners	Rookie,BSAU-LE	Logan Evans	Seattle Mariners	Rookie,False
2026_topps_update,2026,Topps,Update,BASEBALL STARS AUTOGRAPH CARDS,,BSAU-LH,Logan Henderson,Milwaukee Brewers	Rookie,BSAU-LH	Logan Henderson	Milwaukee Brewers	Rookie,False
2026_topps_update,2026,Topps,Update,BASEBALL STARS AUTOGRAPH CARDS,,BSAU-LK,Luke Keaschall,Minnesota Twins	Rookie,BSAU-LK	Luke Keaschall	Minnesota Twins	Rookie,False
2026_topps_update,2026,Topps,Update,BASEBALL STARS AUTOGRAPH CARDS,,BSAU-MA,Mick Abel,Philadelphia Phillies	Rookie,BSAU-MA	Mick Abel	Philadelphia Phillies	Rookie,False
2026_topps_update,2026,Topps,Update,BASEBALL STARS AUTOGRAPH CARDS,,BSAU-MMU,Max Muncy,Athletics	Rookie,BSAU-MMU	Max Muncy	Athletics	Rookie,False
2026_topps_update,2026,Topps,Update,BASEBALL STARS AUTOGRAPH CARDS,,BSAU-MS,Matt Shaw,Chicago Cubs	Rookie,BSAU-MS	Matt Shaw	Chicago Cubs	Rookie,False
2026_topps_update,2026,Topps,Update,BASEBALL STARS AUTOGRAPH CARDS,,BSAU-NK,Nick Kurtz,Athletics	Rookie,BSAU-NK	Nick Kurtz	Athletics	Rookie,False
2026_topps_update,2026,Topps,Update,BASEBALL STARS AUTOGRAPH CARDS,,BSAU-RH,Robert Hassell III,Washington Nationals	Rookie,BSAU-RH	Robert Hassell III	Washington Nationals	Rookie,False
2026_topps_update,2026,Topps,Update,BASEBALL STARS AUTOGRAPH CARDS,,BSAU-SK,Sandy Koufax,Los Angeles Dodgers,BSAU-SK	Sandy Koufax	Los Angeles Dodgers,False
2026_topps_update,2026,Topps,Update,BASEBALL STARS AUTOGRAPH CARDS,,BSAU-SKW,Steven Kwan,Cleveland Guardians,BSAU-SKW	Steven Kwan	Cleveland Guardians,False
2026_topps_update,2026,Topps,Update,BASEBALL STARS AUTOGRAPH CARDS,,BSAU-TC,Tsung-Che Cheng,Pittsburgh Pirates	Rookie,BSAU-TC	Tsung-Che Cheng	Pittsburgh Pirates	Rookie,False
2026_topps_update,2026,Topps,Update,BASEBALL STARS AUTOGRAPH CARDS,,BSAU-TE,Tim Elko,Chicago White Sox	Rookie,BSAU-TE	Tim Elko	Chicago White Sox	Rookie,False
2026_topps_update,2026,Topps,Update,BASEBALL STARS AUTOGRAPH CARDS,,BSAU-TH,Thomas Harrington,Pittsburgh Pirates	Rookie,BSAU-TH	Thomas Harrington	Pittsburgh Pirates	Rookie,False
2026_topps_update,2026,Topps,Update,BASEBALL STARS AUTOGRAPH CARDS,,BSAU-TL,Tyler Locklear,Seattle Mariners	Rookie,BSAU-TL	Tyler Locklear	Seattle Mariners	Rookie,False
2026_topps_update,2026,Topps,Update,BASEBALL STARS AUTOGRAPH CARDS,,BSAU-TO,Tirso Ornelas,San Diego Padres	Rookie,BSAU-TO	Tirso Ornelas	San Diego Padres	Rookie,False
2026_topps_update,2026,Topps,Update,BASEBALL STARS AUTOGRAPH CARDS,,BSAU-VG,Vladimir Guerrero Jr.,Toronto Blue Jays,BSAU-VG	Vladimir Guerrero Jr.	Toronto Blue Jays,False
2026_topps_update,2026,Topps,Update,BASEBALL STARS AUTOGRAPH CARDS,,BSAU-WL,Wyatt Langford,Texas Rangers,BSAU-WL	Wyatt Langford	Texas Rangers,False
2026_topps_update,2026,Topps,Update,BASEBALL STARS AUTOGRAPH CARDS,,BSAU-YD,Yu Darvish,San Diego Padres,BSAU-YD	Yu Darvish	San Diego Padres,False
2026_topps_update,2026,Topps,Update,BASEBALL STARS AUTOGRAPH CARDS,,BSAU-ZV,Zac Veen,Colorado Rockies	Rookie,BSAU-ZV	Zac Veen	Colorado Rockies	Rookie,False
2026_topps_update,2026,Topps,Update,BASEBALL STARS AUTOGRAPH CARDS,,BSA-CH,Cade Horton,Chicago Cubs	Rookie,BSA-CH	Cade Horton	Chicago Cubs	Rookie,False
2026_topps_update,2026,Topps,Update,BASEBALL STARS AUTOGRAPH CARDS,,BSA-MB,Moisés Ballesteros,Chicago Cubs	Rookie,BSA-MB	Moisés Ballesteros	Chicago Cubs	Rookie,False
2026_topps_update,2026,Topps,Update,BASEBALL STARS AUTOGRAPH CARDS,,BSA-MM,Marcelo Mayer,Boston Red Sox	Rookie,BSA-MM	Marcelo Mayer	Boston Red Sox	Rookie,False
2026_topps_update,2026,Topps,Update,BASEBALL STARS AUTOGRAPH CARDS,,BSA2-CBU,Corbin Burnes,Arizona Diamondbacks,BSA2-CBU	Corbin Burnes	Arizona Diamondbacks,False
2026_topps_update,2026,Topps,Update,BASEBALL STARS DUAL AUTOGRAPHS,,BSD2-BAL,Craig Biggio,Houston Astros,BSD2-BAL	Craig Biggio	Houston Astros,False
2026_topps_update,2026,Topps,Update,BASEBALL STARS DUAL AUTOGRAPHS,,BSD2-BAL,Jose Altuve,Houston Astros,BSD2-BAL	Jose Altuve	Houston Astros,False
2026_topps_update,2026,Topps,Update,BASEBALL STARS DUAL AUTOGRAPHS,,BSD2-LED,Andre Dawson,Chicago Cubs,BSD2-LED	Andre Dawson	Chicago Cubs,False
2026_topps_update,2026,Topps,Update,BASEBALL STARS DUAL AUTOGRAPHS,,BSD2-LED,Derrek Lee,Chicago Cubs,BSD2-LED	Derrek Lee	Chicago Cubs,False
2026_topps_update,2026,Topps,Update,BASEBALL STARS DUAL AUTOGRAPHS,,BSD2-OLH,Torii Hunter,Minnesota Twins,BSD2-OLH	Torii Hunter	Minnesota Twins,False
2026_topps_update,2026,Topps,Update,BASEBALL STARS DUAL AUTOGRAPHS,,BSD2-OLH,Tony Oliva,Minnesota Twins,BSD2-OLH	Tony Oliva	Minnesota Twins,False
2026_topps_update,2026,Topps,Update,BASEBALL STARS DUAL AUTOGRAPHS,,BSD2-SCT,Mike Schmidt,Philadelphia Phillies,BSD2-SCT	Mike Schmidt	Philadelphia Phillies,False
2026_topps_update,2026,Topps,Update,BASEBALL STARS DUAL AUTOGRAPHS,,BSD2-SCT,Trea Turner,Philadelphia Phillies,BSD2-SCT	Trea Turner	Philadelphia Phillies,False
2026_topps_update,2026,Topps,Update,BASEBALL STARS DUAL AUTOGRAPHS,,BSD2-SGR,Hunter Greene,Cincinnati Reds,BSD2-SGR	Hunter Greene	Cincinnati Reds,False
2026_topps_update,2026,Topps,Update,BASEBALL STARS DUAL AUTOGRAPHS,,BSD2-SGR,Brady Singer,Cincinnati Reds,BSD2-SGR	Brady Singer	Cincinnati Reds,False
2026_topps_update,2026,Topps,Update,BASEBALL STARS DUAL AUTOGRAPHS,,BSD2-VAH,Orel Hershiser,Los Angeles Dodgers,BSD2-VAH	Orel Hershiser	Los Angeles Dodgers,False
2026_topps_update,2026,Topps,Update,BASEBALL STARS DUAL AUTOGRAPHS,,BSD2-VAH,Fernando Valenzuela,Los Angeles Dodgers,BSD2-VAH	Fernando Valenzuela	Los Angeles Dodgers,False
2026_topps_update,2026,Topps,Update,BASEBALL STARS TRIPLE AUTOGRAPHS,,BST2-CFG,Gerrit Cole,New York Yankees,BST2-CFG	Gerrit Cole	New York Yankees,False
2026_topps_update,2026,Topps,Update,BASEBALL STARS TRIPLE AUTOGRAPHS,,BST2-CFG,Luis Gil,New York Yankees,BST2-CFG	Luis Gil	New York Yankees,False
2026_topps_update,2026,Topps,Update,BASEBALL STARS TRIPLE AUTOGRAPHS,,BST2-CFG,Max Fried,New York Yankees,BST2-CFG	Max Fried	New York Yankees,False
2026_topps_update,2026,Topps,Update,BASEBALL STARS TRIPLE AUTOGRAPHS,,BST2-HJP,Félix Hernández,Seattle Mariners,BST2-HJP	Félix Hernández	Seattle Mariners,False
2026_topps_update,2026,Topps,Update,BASEBALL STARS TRIPLE AUTOGRAPHS,,BST2-HJP,Randy Johnson,Seattle Mariners,BST2-HJP	Randy Johnson	Seattle Mariners,False
2026_topps_update,2026,Topps,Update,BASEBALL STARS TRIPLE AUTOGRAPHS,,BST2-HJP,Gaylord Perry,Seattle Mariners,BST2-HJP	Gaylord Perry	Seattle Mariners,False
2026_topps_update,2026,Topps,Update,BASEBALL STARS TRIPLE AUTOGRAPHS,,BST2-HOR,Ivan Rodriguez,Detroit Tigers,BST2-HOR	Ivan Rodriguez	Detroit Tigers,False
2026_topps_update,2026,Topps,Update,BASEBALL STARS TRIPLE AUTOGRAPHS,,BST2-HOR,Torii Hunter,Detroit Tigers,BST2-HOR	Torii Hunter	Detroit Tigers,False
2026_topps_update,2026,Topps,Update,BASEBALL STARS TRIPLE AUTOGRAPHS,,BST2-HOR,Magglio Ordonez,Detroit Tigers,BST2-HOR	Magglio Ordonez	Detroit Tigers,False
2026_topps_update,2026,Topps,Update,BASEBALL STARS TRIPLE AUTOGRAPHS,,BST2-KGR,Hanley Ramirez,Los Angeles Dodgers,BST2-KGR	Hanley Ramirez	Los Angeles Dodgers,False
2026_topps_update,2026,Topps,Update,BASEBALL STARS TRIPLE AUTOGRAPHS,,BST2-KGR,Matt Kemp,Los Angeles Dodgers,BST2-KGR	Matt Kemp	Los Angeles Dodgers,False
2026_topps_update,2026,Topps,Update,BASEBALL STARS TRIPLE AUTOGRAPHS,,BST2-KGR,Adrían González,Los Angeles Dodgers,BST2-KGR	Adrían González	Los Angeles Dodgers,False
2026_topps_update,2026,Topps,Update,BASEBALL STARS TRIPLE AUTOGRAPHS,,BST2-MJH,Rickey Henderson,Athletics,BST2-MJH	Rickey Henderson	Athletics,False
2026_topps_update,2026,Topps,Update,BASEBALL STARS TRIPLE AUTOGRAPHS,,BST2-MJH,Reggie Jackson,Athletics,BST2-MJH	Reggie Jackson	Athletics,False
2026_topps_update,2026,Topps,Update,BASEBALL STARS TRIPLE AUTOGRAPHS,,BST2-MJH,Mark McGwire,Athletics,BST2-MJH	Mark McGwire	Athletics,False
2026_topps_update,2026,Topps,Update,BASEBALL STARS TRIPLE AUTOGRAPHS,,BST2-MOT,Mark Teixeira,New York Yankees,BST2-MOT	Mark Teixeira	New York Yankees,False
2026_topps_update,2026,Topps,Update,BASEBALL STARS TRIPLE AUTOGRAPHS,,BST2-MOT,Paul O'Neill,New York Yankees,BST2-MOT	Paul O'Neill	New York Yankees,False
2026_topps_update,2026,Topps,Update,BASEBALL STARS TRIPLE AUTOGRAPHS,,BST2-MOT,Don Mattingly,New York Yankees,BST2-MOT	Don Mattingly	New York Yankees,False
2026_topps_update,2026,Topps,Update,BASEBALL STARS TRIPLE AUTOGRAPHS,,BST2-NVM,Mark Vientos,New York Mets,BST2-NVM	Mark Vientos	New York Mets,False
2026_topps_update,2026,Topps,Update,BASEBALL STARS TRIPLE AUTOGRAPHS,,BST2-NVM,Starling Marte,New York Mets,BST2-NVM	Starling Marte	New York Mets,False
2026_topps_update,2026,Topps,Update,BASEBALL STARS TRIPLE AUTOGRAPHS,,BST2-NVM,Brandon Nimmo,New York Mets,BST2-NVM	Brandon Nimmo	New York Mets,False
2026_topps_update,2026,Topps,Update,BASEBALL STARS TRIPLE AUTOGRAPHS,,BST2-RLL,Aramis Ramirez,Chicago Cubs,BST2-RLL	Aramis Ramirez	Chicago Cubs,False
2026_topps_update,2026,Topps,Update,BASEBALL STARS TRIPLE AUTOGRAPHS,,BST2-RLL,Kenny Lofton,Chicago Cubs,BST2-RLL	Kenny Lofton	Chicago Cubs,False
2026_topps_update,2026,Topps,Update,BASEBALL STARS TRIPLE AUTOGRAPHS,,BST2-RLL,Derrek Lee,Chicago Cubs,BST2-RLL	Derrek Lee	Chicago Cubs,False
2026_topps_update,2026,Topps,Update,BASEBALL STARS TRIPLE AUTOGRAPHS,,BST2-SEZ,Dennis Eckersley,Athletics,BST2-SEZ	Dennis Eckersley	Athletics,False
2026_topps_update,2026,Topps,Update,BASEBALL STARS TRIPLE AUTOGRAPHS,,BST2-SEZ,Dave Stewart,Athletics,BST2-SEZ	Dave Stewart	Athletics,False
2026_topps_update,2026,Topps,Update,BASEBALL STARS TRIPLE AUTOGRAPHS,,BST2-SEZ,Barry Zito,Athletics,BST2-SEZ	Barry Zito	Athletics,False
2026_topps_update,2026,Topps,Update,BASEBALL STARS TRIPLE AUTOGRAPHS,,BST2-SRL,Gary Sheffield,Florida Marlins,BST2-SRL	Gary Sheffield	Florida Marlins,False
2026_topps_update,2026,Topps,Update,BASEBALL STARS TRIPLE AUTOGRAPHS,,BST2-SRL,Ivan Rodriguez,Florida Marlins,BST2-SRL	Ivan Rodriguez	Florida Marlins,False
2026_topps_update,2026,Topps,Update,BASEBALL STARS TRIPLE AUTOGRAPHS,,BST2-SRL,Derrek Lee,Florida Marlins,BST2-SRL	Derrek Lee	Florida Marlins,False
2026_topps_update,2026,Topps,Update,BASEBALL STARS TRIPLE AUTOGRAPHS,,BST2-VGH,Fernando Valenzuela,Los Angeles Dodgers,BST2-VGH	Fernando Valenzuela	Los Angeles Dodgers,False
2026_topps_update,2026,Topps,Update,BASEBALL STARS TRIPLE AUTOGRAPHS,,BST2-VGH,Orel Hershiser,Los Angeles Dodgers,BST2-VGH	Orel Hershiser	Los Angeles Dodgers,False
2026_topps_update,2026,Topps,Update,BASEBALL STARS TRIPLE AUTOGRAPHS,,BST2-VGH,Kirk Gibson,Los Angeles Dodgers,BST2-VGH	Kirk Gibson	Los Angeles Dodgers,False
2026_topps_update,2026,Topps,Update,BASEBALL STARS TRIPLE AUTOGRAPHS,,BST2-WGM,Dave Winfield,San Diego Padres,BST2-WGM	Dave Winfield	San Diego Padres,False
2026_topps_update,2026,Topps,Update,BASEBALL STARS TRIPLE AUTOGRAPHS,,BST2-WGM,Manny Machado,San Diego Padres,BST2-WGM	Manny Machado	San Diego Padres,False
2026_topps_update,2026,Topps,Update,BASEBALL STARS TRIPLE AUTOGRAPHS,,BST2-WGM,Adrían González,San Diego Padres,BST2-WGM	Adrían González	San Diego Padres,False
2026_topps_update,2026,Topps,Update,BASEBALL STARS TRIPLE AUTOGRAPHS,,BST2-WHO,Tony Oliva,Minnesota Twins,BST2-WHO	Tony Oliva	Minnesota Twins,False
2026_topps_update,2026,Topps,Update,BASEBALL STARS TRIPLE AUTOGRAPHS,,BST2-WHO,Torii Hunter,Minnesota Twins,BST2-WHO	Torii Hunter	Minnesota Twins,False
2026_topps_update,2026,Topps,Update,BASEBALL STARS TRIPLE AUTOGRAPHS,,BST2-WHO,Dave Winfield,Minnesota Twins,BST2-WHO	Dave Winfield	Minnesota Twins,False
2026_topps_update,2026,Topps,Update,BASEBALL STARS TRIPLE AUTOGRAPHS,,BSTA-BHD,Elly De La Cruz,Cincinnati Reds,BSTA-BHD	Elly De La Cruz	Cincinnati Reds,False
2026_topps_update,2026,Topps,Update,BASEBALL STARS TRIPLE AUTOGRAPHS,,BSTA-BHD,Lou Brock,St. Louis Cardinals,BSTA-BHD	Lou Brock	St. Louis Cardinals,False
2026_topps_update,2026,Topps,Update,BASEBALL STARS TRIPLE AUTOGRAPHS,,BSTA-BHD,Rickey Henderson,Oakland Athletics,BSTA-BHD	Rickey Henderson	Oakland Athletics,False
2026_topps_update,2026,Topps,Update,1990 TOPPS BASEBALL AUTOGRAPH CARDS,,90AU-AGU,Agustín Ramírez,Miami Marlins	Rookie,90AU-AGU	Agustín Ramírez	Miami Marlins	Rookie,False
2026_topps_update,2026,Topps,Update,1990 TOPPS BASEBALL AUTOGRAPH CARDS,,90AU-AM,Andrew McCutchen,Pittsburgh Pirates,90AU-AM	Andrew McCutchen	Pittsburgh Pirates,False
2026_topps_update,2026,Topps,Update,1990 TOPPS BASEBALL AUTOGRAPH CARDS,,90AU-AR,Adley Rutschman,Baltimore Orioles,90AU-AR	Adley Rutschman	Baltimore Orioles,False
2026_topps_update,2026,Topps,Update,1990 TOPPS BASEBALL AUTOGRAPH CARDS,,90AU-ARO,Alan Roden,Toronto Blue Jays	Rookie,90AU-ARO	Alan Roden	Toronto Blue Jays	Rookie,False
2026_topps_update,2026,Topps,Update,1990 TOPPS BASEBALL AUTOGRAPH CARDS,,90AU-BB,Byron Buxton,Minnesota Twins,90AU-BB	Byron Buxton	Minnesota Twins,False
2026_topps_update,2026,Topps,Update,1990 TOPPS BASEBALL AUTOGRAPH CARDS,,90AU-CAM,Cam Smith,Houston Astros	Rookie,90AU-CAM	Cam Smith	Houston Astros	Rookie,False
2026_topps_update,2026,Topps,Update,1990 TOPPS BASEBALL AUTOGRAPH CARDS,,90AU-CC,Corbin Carroll,Arizona Diamondbacks,90AU-CC	Corbin Carroll	Arizona Diamondbacks,False
2026_topps_update,2026,Topps,Update,1990 TOPPS BASEBALL AUTOGRAPH CARDS,,90AU-CD,Caden Dana,Angels	Rookie,90AU-CD	Caden Dana	Angels	Rookie,False
2026_topps_update,2026,Topps,Update,1990 TOPPS BASEBALL AUTOGRAPH CARDS,,90AU-CDO,Chase Dollander,Colorado Rockies	Rookie,90AU-CDO	Chase Dollander	Colorado Rockies	Rookie,False
2026_topps_update,2026,Topps,Update,1990 TOPPS BASEBALL AUTOGRAPH CARDS,,90AU-CJ,Chipper Jones,Atlanta Braves,90AU-CJ	Chipper Jones	Atlanta Braves,False
2026_topps_update,2026,Topps,Update,1990 TOPPS BASEBALL AUTOGRAPH CARDS,,90AU-CP,Cade Povich,Baltimore Orioles	Rookie,90AU-CP	Cade Povich	Baltimore Orioles	Rookie,False
2026_topps_update,2026,Topps,Update,1990 TOPPS BASEBALL AUTOGRAPH CARDS,,90AU-CPK,Chad Patrick,Milwaukee Brewers	Rookie,90AU-CPK	Chad Patrick	Milwaukee Brewers	Rookie,False
2026_topps_update,2026,Topps,Update,1990 TOPPS BASEBALL AUTOGRAPH CARDS,,90AU-CR,Cal Ripken Jr.,Baltimore Orioles,90AU-CR	Cal Ripken Jr.	Baltimore Orioles,False
2026_topps_update,2026,Topps,Update,1990 TOPPS BASEBALL AUTOGRAPH CARDS,,90AU-CSI,Chandler Simpson,Tampa Bay Rays	Rookie,90AU-CSI	Chandler Simpson	Tampa Bay Rays	Rookie,False
2026_topps_update,2026,Topps,Update,1990 TOPPS BASEBALL AUTOGRAPH CARDS,,90AU-DB,Drake Baldwin,Atlanta Braves	Rookie,90AU-DB	Drake Baldwin	Atlanta Braves	Rookie,False
2026_topps_update,2026,Topps,Update,1990 TOPPS BASEBALL AUTOGRAPH CARDS,,90AU-DC,Dylan Crews,Washington Nationals	Rookie,90AU-DC	Dylan Crews	Washington Nationals	Rookie,False
2026_topps_update,2026,Topps,Update,1990 TOPPS BASEBALL AUTOGRAPH CARDS,,90AU-DF,David Festa,Minnesota Twins	Rookie,90AU-DF	David Festa	Minnesota Twins	Rookie,False
2026_topps_update,2026,Topps,Update,1990 TOPPS BASEBALL AUTOGRAPH CARDS,,90AU-DM,Don Mattingly,New York Yankees,90AU-DM	Don Mattingly	New York Yankees,False
2026_topps_update,2026,Topps,Update,1990 TOPPS BASEBALL AUTOGRAPH CARDS,,90AU-DR,Dalton Rushing,Los Angeles Dodgers	Rookie,90AU-DR	Dalton Rushing	Los Angeles Dodgers	Rookie,False
2026_topps_update,2026,Topps,Update,1990 TOPPS BASEBALL AUTOGRAPH CARDS,,90AU-EQ,Edgar Quero,Chicago White Sox	Rookie,90AU-EQ	Edgar Quero	Chicago White Sox	Rookie,False
2026_topps_update,2026,Topps,Update,1990 TOPPS BASEBALL AUTOGRAPH CARDS,,90AU-HD,Hunter Dobbins,Boston Red Sox	Rookie,90AU-HD	Hunter Dobbins	Boston Red Sox	Rookie,False
2026_topps_update,2026,Topps,Update,1990 TOPPS BASEBALL AUTOGRAPH CARDS,,90AU-HK,Hyeseong Kim,Los Angeles Dodgers	Rookie,90AU-HK	Hyeseong Kim	Los Angeles Dodgers	Rookie,False
2026_topps_update,2026,Topps,Update,1990 TOPPS BASEBALL AUTOGRAPH CARDS,,90AU-JC,Jackson Chourio,Milwaukee Brewers,90AU-JC	Jackson Chourio	Milwaukee Brewers,False
2026_topps_update,2026,Topps,Update,1990 TOPPS BASEBALL AUTOGRAPH CARDS,,90AU-JM,Jackson Merrill,San Diego Padres,90AU-JM	Jackson Merrill	San Diego Padres,False
2026_topps_update,2026,Topps,Update,1990 TOPPS BASEBALL AUTOGRAPH CARDS,,90AU-JMN,Jake Mangum,Tampa Bay Rays	Rookie,90AU-JMN	Jake Mangum	Tampa Bay Rays	Rookie,False
2026_topps_update,2026,Topps,Update,1990 TOPPS BASEBALL AUTOGRAPH CARDS,,90AU-JS,John Smoltz,Atlanta Braves,90AU-JS	John Smoltz	Atlanta Braves,False
2026_topps_update,2026,Topps,Update,1990 TOPPS BASEBALL AUTOGRAPH CARDS,,90AU-JSO,Juan Soto,New York Mets,90AU-JSO	Juan Soto	New York Mets,False
2026_topps_update,2026,Topps,Update,1990 TOPPS BASEBALL AUTOGRAPH CARDS,,90AU-JWO,James Wood,Washington Nationals	Rookie,90AU-JWO	James Wood	Washington Nationals	Rookie,False
2026_topps_update,2026,Topps,Update,1990 TOPPS BASEBALL AUTOGRAPH CARDS,,90AU-KC,Kristian Campbell,Boston Red Sox	Rookie,90AU-KC	Kristian Campbell	Boston Red Sox	Rookie,False
2026_topps_update,2026,Topps,Update,1990 TOPPS BASEBALL AUTOGRAPH CARDS,,90AU-KEA,Luke Keaschall,Minnesota Twins	Rookie,90AU-KEA	Luke Keaschall	Minnesota Twins	Rookie,False
2026_topps_update,2026,Topps,Update,1990 TOPPS BASEBALL AUTOGRAPH CARDS,,90AU-LA,Luisangel Acuña,New York Mets	Rookie,90AU-LA	Luisangel Acuña	New York Mets	Rookie,False
2026_topps_update,2026,Topps,Update,1990 TOPPS BASEBALL AUTOGRAPH CARDS,,90AU-LOG,Logan Henderson,Milwaukee Brewers	Rookie,90AU-LOG	Logan Henderson	Milwaukee Brewers	Rookie,False
2026_topps_update,2026,Topps,Update,1990 TOPPS BASEBALL AUTOGRAPH CARDS,,90AU-MF,Max Fried,New York Yankees,90AU-MF	Max Fried	New York Yankees,False
2026_topps_update,2026,Topps,Update,1990 TOPPS BASEBALL AUTOGRAPH CARDS,,90AU-MM,Mark McGwire,Oakland Athletics,90AU-MM	Mark McGwire	Oakland Athletics,False
2026_topps_update,2026,Topps,Update,1990 TOPPS BASEBALL AUTOGRAPH CARDS,,90AU-MMU,Max Muncy,Athletics	Rookie,90AU-MMU	Max Muncy	Athletics	Rookie,False
2026_topps_update,2026,Topps,Update,1990 TOPPS BASEBALL AUTOGRAPH CARDS,,90AU-MT,Mike Trout,Angels,90AU-MT	Mike Trout	Angels,False
2026_topps_update,2026,Topps,Update,1990 TOPPS BASEBALL AUTOGRAPH CARDS,,90AU-NH,Nico Hoerner,Chicago Cubs,90AU-NH	Nico Hoerner	Chicago Cubs,False
2026_topps_update,2026,Topps,Update,1990 TOPPS BASEBALL AUTOGRAPH CARDS,,90AU-NK,Nick Kurtz,Athletics	Rookie,90AU-NK	Nick Kurtz	Athletics	Rookie,False
2026_topps_update,2026,Topps,Update,1990 TOPPS BASEBALL AUTOGRAPH CARDS,,90AU-NR,Nolan Ryan,Houston Astros,90AU-NR	Nolan Ryan	Houston Astros,False
2026_topps_update,2026,Topps,Update,1990 TOPPS BASEBALL AUTOGRAPH CARDS,,90AU-PG,Paul Goldschmidt,New York Yankees,90AU-PG	Paul Goldschmidt	New York Yankees,False
2026_topps_update,2026,Topps,Update,1990 TOPPS BASEBALL AUTOGRAPH CARDS,,90AU-RAJ,Ronald Acuña Jr.,Atlanta Braves,90AU-RAJ	Ronald Acuña Jr.	Atlanta Braves,False
2026_topps_update,2026,Topps,Update,1990 TOPPS BASEBALL AUTOGRAPH CARDS,,90AU-RG,Ryan Gusto,Houston Astros	Rookie,90AU-RG	Ryan Gusto	Houston Astros	Rookie,False
2026_topps_update,2026,Topps,Update,1990 TOPPS BASEBALL AUTOGRAPH CARDS,,90AU-RJ,Ryan Johnson,Angels	Rookie,90AU-RJ	Ryan Johnson	Angels	Rookie,False
2026_topps_update,2026,Topps,Update,1990 TOPPS BASEBALL AUTOGRAPH CARDS,,90AU-RSA,Roki Sasaki,Los Angeles Dodgers	Rookie,90AU-RSA	Roki Sasaki	Los Angeles Dodgers	Rookie,False
2026_topps_update,2026,Topps,Update,1990 TOPPS BASEBALL AUTOGRAPH CARDS,,90AU-SS,Sammy Sosa,Chicago Cubs,90AU-SS	Sammy Sosa	Chicago Cubs,False
2026_topps_update,2026,Topps,Update,1990 TOPPS BASEBALL AUTOGRAPH CARDS,,90AU-SSH,Spencer Schwellenbach,Atlanta Braves	Rookie,90AU-SSH	Spencer Schwellenbach	Atlanta Braves	Rookie,False
2026_topps_update,2026,Topps,Update,1990 TOPPS BASEBALL AUTOGRAPH CARDS,,90AU-SSM,Shane Smith,Chicago White Sox	Rookie,90AU-SSM	Shane Smith	Chicago White Sox	Rookie,False
2026_topps_update,2026,Topps,Update,1990 TOPPS BASEBALL AUTOGRAPH CARDS,,90AU-TH,Thomas Harrington,Pittsburgh Pirates	Rookie,90AU-TH	Thomas Harrington	Pittsburgh Pirates	Rookie,False
2026_topps_update,2026,Topps,Update,1990 TOPPS BASEBALL AUTOGRAPH CARDS,,90AU-TL,Tyler Locklear,Seattle Mariners	Rookie,90AU-TL	Tyler Locklear	Seattle Mariners	Rookie,False
2026_topps_update,2026,Topps,Update,1990 TOPPS BASEBALL AUTOGRAPH CARDS,,90AU-TT,Troy Taylor,Seattle Mariners	Rookie,90AU-TT	Troy Taylor	Seattle Mariners	Rookie,False
2026_topps_update,2026,Topps,Update,1990 TOPPS BASEBALL AUTOGRAPH CARDS,,90AU-WC,Will Clark,San Francisco Giants,90AU-WC	Will Clark	San Francisco Giants,False
2026_topps_update,2026,Topps,Update,1990 TOPPS BASEBALL AUTOGRAPH CARDS,,90AU-WL,Wyatt Langford,Texas Rangers,90AU-WL	Wyatt Langford	Texas Rangers,False
2026_topps_update,2026,Topps,Update,1990 TOPPS BASEBALL AUTOGRAPH CARDS,,90A-AMA,Adam Mazur,San Diego Padres	Rookie,90A-AMA	Adam Mazur	San Diego Padres	Rookie,False
2026_topps_update,2026,Topps,Update,1990 TOPPS BASEBALL AUTOGRAPH CARDS,,90A-BBI,Bradley Blalock,Colorado Rockies	Rookie,90A-BBI	Bradley Blalock	Colorado Rockies	Rookie,False
2026_topps_update,2026,Topps,Update,1990 TOPPS BASEBALL AUTOGRAPH CARDS,,90A-BD,Blake Dunn,Cincinnati Reds	Rookie,90A-BD	Blake Dunn	Cincinnati Reds	Rookie,False
2026_topps_update,2026,Topps,Update,1990 TOPPS BASEBALL AUTOGRAPH CARDS,,90A-CAH,Cade Horton,Chicago Cubs	Rookie,90A-CAH	Cade Horton	Chicago Cubs	Rookie,False
2026_topps_update,2026,Topps,Update,1990 TOPPS BASEBALL AUTOGRAPH CARDS,,90A-CJA,CJ Alexander,Kansas City Royals	Rookie,90A-CJA	CJ Alexander	Kansas City Royals	Rookie,False
2026_topps_update,2026,Topps,Update,1990 TOPPS BASEBALL AUTOGRAPH CARDS,,90A-CROD,Carlos Rodriguez,Milwaukee Brewers	Rookie,90A-CROD	Carlos Rodriguez	Milwaukee Brewers	Rookie,False
2026_topps_update,2026,Topps,Update,1990 TOPPS BASEBALL AUTOGRAPH CARDS,,90A-JS,Johan Santana,New York Mets,90A-JS	Johan Santana	New York Mets,False
2026_topps_update,2026,Topps,Update,1990 TOPPS BASEBALL AUTOGRAPH CARDS,,90A-LA,Luis Arraez,San Diego Padres,90A-LA	Luis Arraez	San Diego Padres,False
2026_topps_update,2026,Topps,Update,1990 TOPPS BASEBALL AUTOGRAPH CARDS,,90A-LW,Larry Walker,Montréal Expos,90A-LW	Larry Walker	Montréal Expos,False
2026_topps_update,2026,Topps,Update,1990 TOPPS BASEBALL AUTOGRAPH CARDS,,90A-MA,Mick Abel,Philadelphia Phillies	Rookie,90A-MA	Mick Abel	Philadelphia Phillies	Rookie,False
2026_topps_update,2026,Topps,Update,1990 TOPPS BASEBALL AUTOGRAPH CARDS,,90A-MBA,Moises Ballesteros,Chicago Cubs	Rookie,90A-MBA	Moises Ballesteros	Chicago Cubs	Rookie,False
2026_topps_update,2026,Topps,Update,1990 TOPPS BASEBALL AUTOGRAPH CARDS,,90A-MC,Matt Chapman,San Francisco Giants,90A-MC	Matt Chapman	San Francisco Giants,False
2026_topps_update,2026,Topps,Update,1990 TOPPS BASEBALL AUTOGRAPH CARDS,,90A-MMA,Marcelo Mayer,Boston Red Sox	Rookie,90A-MMA	Marcelo Mayer	Boston Red Sox	Rookie,False
2026_topps_update,2026,Topps,Update,1990 TOPPS BASEBALL AUTOGRAPH CARDS,,90A-MME,Michael Mercado,Philadelphia Phillies	Rookie,90A-MME	Michael Mercado	Philadelphia Phillies	Rookie,False
2026_topps_update,2026,Topps,Update,1990 TOPPS BASEBALL AUTOGRAPH CARDS,,90A-MSH,Matt Shaw,Chicago Cubs	Rookie,90A-MSH	Matt Shaw	Chicago Cubs	Rookie,False
2026_topps_update,2026,Topps,Update,1990 TOPPS BASEBALL AUTOGRAPH CARDS,,90A-RG,Riley Greene,Detroit Tigers,90A-RG	Riley Greene	Detroit Tigers,False
2026_topps_update,2026,Topps,Update,1990 TOPPS BASEBALL AUTOGRAPH CARDS,,90A-RV,Robin Ventura,Chicago White Sox,90A-RV	Robin Ventura	Chicago White Sox,False
2026_topps_update,2026,Topps,Update,1990 TOPPS BASEBALL AUTOGRAPH CARDS,,90A-YM,Yadier Molina,St. Louis Cardinals,90A-YM	Yadier Molina	St. Louis Cardinals,False
2026_topps_update,2026,Topps,Update,1990 TOPPS BASEBALL AUTOGRAPH CARDS,,90AU-AJ,Aaron Judge,New York Yankees,90AU-AJ	Aaron Judge	New York Yankees,False
2026_topps_update,2026,Topps,Update,1990 TOPPS BASEBALL AUTOGRAPH CARDS,,90AU-FF,Freddie Freeman,Los Angeles Dodgers,90AU-FF	Freddie Freeman	Los Angeles Dodgers,False
2026_topps_update,2026,Topps,Update,1990 TOPPS BASEBALL AUTOGRAPH CARDS,,90AU-JM,Joe Mauer,Minnesota Twins,90AU-JM	Joe Mauer	Minnesota Twins,False
2026_topps_update,2026,Topps,Update,1990 TOPPS BASEBALL AUTOGRAPH CARDS,,90AU-MC,Miguel Cabrera,Detroit Tigers,90AU-MC	Miguel Cabrera	Detroit Tigers,False
2026_topps_update,2026,Topps,Update,1990 TOPPS BASEBALL AUTOGRAPH CARDS,,90B2-ADC,Adrian Del Castillo,Arizona Diamondbacks	Rookie,90B2-ADC	Adrian Del Castillo	Arizona Diamondbacks	Rookie,False
2026_topps_update,2026,Topps,Update,1990 TOPPS BASEBALL AUTOGRAPH CARDS,,90B2-AR,Aramis Ramirez,Chicago Cubs,90B2-AR	Aramis Ramirez	Chicago Cubs,False
2026_topps_update,2026,Topps,Update,1990 TOPPS BASEBALL AUTOGRAPH CARDS,,90B2-BC,Billy Cook,Pittsburgh Pirates	Rookie,90B2-BC	Billy Cook	Pittsburgh Pirates	Rookie,False
2026_topps_update,2026,Topps,Update,1990 TOPPS BASEBALL AUTOGRAPH CARDS,,90B2-BH,Brant Hurter,Detroit Tigers	Rookie,90B2-BH	Brant Hurter	Detroit Tigers	Rookie,False
2026_topps_update,2026,Topps,Update,1990 TOPPS BASEBALL AUTOGRAPH CARDS,,90B2-BM,Bryce Miller,Seattle Mariners,90B2-BM	Bryce Miller	Seattle Mariners,False
2026_topps_update,2026,Topps,Update,1990 TOPPS BASEBALL AUTOGRAPH CARDS,,90B2-BWB,Brandon Webb,Arizona Diamondbacks,90B2-BWB	Brandon Webb	Arizona Diamondbacks,False
2026_topps_update,2026,Topps,Update,1990 TOPPS BASEBALL AUTOGRAPH CARDS,,90B2-CN,Carlos Narvaez,Boston Red Sox	Rookie,90B2-CN	Carlos Narvaez	Boston Red Sox	Rookie,False
2026_topps_update,2026,Topps,Update,1990 TOPPS BASEBALL AUTOGRAPH CARDS,,90B2-DBA,Darren Baker,Washington Nationals	Rookie,90B2-DBA	Darren Baker	Washington Nationals	Rookie,False
2026_topps_update,2026,Topps,Update,1990 TOPPS BASEBALL AUTOGRAPH CARDS,,90B2-DHA,Dustin Harris,Texas Rangers	Rookie,90B2-DHA	Dustin Harris	Texas Rangers	Rookie,False
2026_topps_update,2026,Topps,Update,1990 TOPPS BASEBALL AUTOGRAPH CARDS,,90B2-DKE,DaShawn Keirsey,Minnesota Twins	Rookie,90B2-DKE	DaShawn Keirsey	Minnesota Twins	Rookie,False
2026_topps_update,2026,Topps,Update,1990 TOPPS BASEBALL AUTOGRAPH CARDS,,90B2-DR,Drew Romo,Colorado Rockies	Rookie,90B2-DR	Drew Romo	Colorado Rockies	Rookie,False
2026_topps_update,2026,Topps,Update,1990 TOPPS BASEBALL AUTOGRAPH CARDS,,90B2-EHE,Edgardo Henriquez,Los Angeles Dodgers	Rookie,90B2-EHE	Edgardo Henriquez	Los Angeles Dodgers	Rookie,False
2026_topps_update,2026,Topps,Update,1990 TOPPS BASEBALL AUTOGRAPH CARDS,,90B2-EW,Eric Wagaman,Angels	Rookie,90B2-EW	Eric Wagaman	Angels	Rookie,False
2026_topps_update,2026,Topps,Update,1990 TOPPS BASEBALL AUTOGRAPH CARDS,,90B2-GCA,Gustavo Campero,Angels	Rookie,90B2-GCA	Gustavo Campero	Angels	Rookie,False
2026_topps_update,2026,Topps,Update,1990 TOPPS BASEBALL AUTOGRAPH CARDS,,90B2-HM,Hideki Matsui,New York Yankees,90B2-HM	Hideki Matsui	New York Yankees,False
2026_topps_update,2026,Topps,Update,1990 TOPPS BASEBALL AUTOGRAPH CARDS,,90B2-JCA,Joey Cantillo,Cleveland Guardians	Rookie,90B2-JCA	Joey Cantillo	Cleveland Guardians	Rookie,False
2026_topps_update,2026,Topps,Update,1990 TOPPS BASEBALL AUTOGRAPH CARDS,,90B2-JD,Jarren Duran,Boston Red Sox,90B2-JD	Jarren Duran	Boston Red Sox,False
2026_topps_update,2026,Topps,Update,1990 TOPPS BASEBALL AUTOGRAPH CARDS,,90B2-JI,Jairo Iriarte,Chicago White Sox	Rookie,90B2-JI	Jairo Iriarte	Chicago White Sox	Rookie,False
2026_topps_update,2026,Topps,Update,1990 TOPPS BASEBALL AUTOGRAPH CARDS,,90B2-JL,Jordan Lawlar,Arizona Diamondbacks,90B2-JL	Jordan Lawlar	Arizona Diamondbacks,False
2026_topps_update,2026,Topps,Update,1990 TOPPS BASEBALL AUTOGRAPH CARDS,,90B2-JOBE,Jackson Jobe,Detroit Tigers	Rookie,90B2-JOBE	Jackson Jobe	Detroit Tigers	Rookie,False
2026_topps_update,2026,Topps,Update,1990 TOPPS BASEBALL AUTOGRAPH CARDS,,90B2-KB,Ky Bush,Chicago White Sox	Rookie,90B2-KB	Ky Bush	Chicago White Sox	Rookie,False
2026_topps_update,2026,Topps,Update,1990 TOPPS BASEBALL AUTOGRAPH CARDS,,90B2-LIN,Francisco Lindor,New York Mets,90B2-LIN	Francisco Lindor	New York Mets,False
2026_topps_update,2026,Topps,Update,1990 TOPPS BASEBALL AUTOGRAPH CARDS,,90B2-NK,Niko Kavadas,Angels	Rookie,90B2-NK	Niko Kavadas	Angels	Rookie,False
2026_topps_update,2026,Topps,Update,1990 TOPPS BASEBALL AUTOGRAPH CARDS,,90B2-PH,Porter Hodge,Chicago Cubs,90B2-PH	Porter Hodge	Chicago Cubs,False
2026_topps_update,2026,Topps,Update,1990 TOPPS BASEBALL AUTOGRAPH CARDS,,90B2-RB,Ronel Blanco,Houston Astros,90B2-RB	Ronel Blanco	Houston Astros,False
2026_topps_update,2026,Topps,Update,1990 TOPPS BASEBALL AUTOGRAPH CARDS,,90B2-RF,Richard Fitts,Boston Red Sox	Rookie,90B2-RF	Richard Fitts	Boston Red Sox	Rookie,False
2026_topps_update,2026,Topps,Update,1990 TOPPS BASEBALL AUTOGRAPH CARDS,,90B2-RR,River Ryan,Los Angeles Dodgers	Rookie,90B2-RR	River Ryan	Los Angeles Dodgers	Rookie,False
2026_topps_update,2026,Topps,Update,1990 TOPPS BASEBALL AUTOGRAPH CARDS,,90B2-SJ,Seth Johnson,Philadelphia Phillies	Rookie,90B2-SJ	Seth Johnson	Philadelphia Phillies	Rookie,False
2026_topps_update,2026,Topps,Update,1990 TOPPS BASEBALL AUTOGRAPH CARDS,,90B2-TGE,Tyler Gentry,Kansas City Royals	Rookie,90B2-TGE	Tyler Gentry	Kansas City Royals	Rookie,False
2026_topps_update,2026,Topps,Update,1990 TOPPS BASEBALL AUTOGRAPH CARDS,,90B2-TM,Ty Madden,Detroit Tigers	Rookie,90B2-TM	Ty Madden	Detroit Tigers	Rookie,False
2026_topps_update,2026,Topps,Update,1990 TOPPS BASEBALL AUTOGRAPH CARDS,,90B2-TMC,Trevor McDonald,San Francisco Giants	Rookie,90B2-TMC	Trevor McDonald	San Francisco Giants	Rookie,False
2026_topps_update,2026,Topps,Update,1990 TOPPS BASEBALL AUTOGRAPH CARDS,,90B2-ZG,Zack Gelof,Athletics,90B2-ZG	Zack Gelof	Athletics,False
2026_topps_update,2026,Topps,Update,1990 TOPPS BASEBALL ALL STAR AUTOGRAPH CARDS,,90AS-AB,Alec Bohm,Philadelphia Phillies,90AS-AB	Alec Bohm	Philadelphia Phillies,False
2026_topps_update,2026,Topps,Update,1990 TOPPS BASEBALL ALL STAR AUTOGRAPH CARDS,,90AS-ABE,Adrián Beltré,Texas Rangers,90AS-ABE	Adrián Beltré	Texas Rangers,False
2026_topps_update,2026,Topps,Update,1990 TOPPS BASEBALL ALL STAR AUTOGRAPH CARDS,,90AS-BWI,Bernie Williams,New York Yankees,90AS-BWI	Bernie Williams	New York Yankees,False
2026_topps_update,2026,Topps,Update,1990 TOPPS BASEBALL ALL STAR AUTOGRAPH CARDS,,90AS-DMA,Don Mattingly,New York Yankees,90AS-DMA	Don Mattingly	New York Yankees,False
2026_topps_update,2026,Topps,Update,1990 TOPPS BASEBALL ALL STAR AUTOGRAPH CARDS,,90AS-GM,Greg Maddux,Chicago Cubs,90AS-GM	Greg Maddux	Chicago Cubs,False
2026_topps_update,2026,Topps,Update,1990 TOPPS BASEBALL ALL STAR AUTOGRAPH CARDS,,90AS-HM,Hideki Matsui,New York Yankees,90AS-HM	Hideki Matsui	New York Yankees,False
2026_topps_update,2026,Topps,Update,1990 TOPPS BASEBALL ALL STAR AUTOGRAPH CARDS,,90AS-IR,Ivan Rodriguez,Texas Rangers,90AS-IR	Ivan Rodriguez	Texas Rangers,False
2026_topps_update,2026,Topps,Update,1990 TOPPS BASEBALL ALL STAR AUTOGRAPH CARDS,,90AS-JS,Johan Santana,Minnesota Twins,90AS-JS	Johan Santana	Minnesota Twins,False
2026_topps_update,2026,Topps,Update,1990 TOPPS BASEBALL ALL STAR AUTOGRAPH CARDS,,90AS-JSM,John Smoltz,Atlanta Braves,90AS-JSM	John Smoltz	Atlanta Braves,False
2026_topps_update,2026,Topps,Update,1990 TOPPS BASEBALL ALL STAR AUTOGRAPH CARDS,,90AS-JV,Joey Votto,Cincinnati Reds,90AS-JV	Joey Votto	Cincinnati Reds,False
2026_topps_update,2026,Topps,Update,1990 TOPPS BASEBALL ALL STAR AUTOGRAPH CARDS,,90AS-JVA,Jason Varitek,Boston Red Sox,90AS-JVA	Jason Varitek	Boston Red Sox,False
2026_topps_update,2026,Topps,Update,1990 TOPPS BASEBALL ALL STAR AUTOGRAPH CARDS,,90AS-KS,Kyle Schwarber,Philadelphia Phillies,90AS-KS	Kyle Schwarber	Philadelphia Phillies,False
2026_topps_update,2026,Topps,Update,1990 TOPPS BASEBALL ALL STAR AUTOGRAPH CARDS,,90AS-PF,Prince Fielder,Milwaukee Brewers,90AS-PF	Prince Fielder	Milwaukee Brewers,False
2026_topps_update,2026,Topps,Update,1990 TOPPS BASEBALL ALL STAR AUTOGRAPH CARDS,,90AS-RG,Riley Greene,Detroit Tigers,90AS-RG	Riley Greene	Detroit Tigers,False
2026_topps_update,2026,Topps,Update,1990 TOPPS BASEBALL ALL STAR AUTOGRAPH CARDS,,90AS-SG,Steve Garvey,Los Angeles Dodgers,90AS-SG	Steve Garvey	Los Angeles Dodgers,False
2026_topps_update,2026,Topps,Update,1990 TOPPS BASEBALL ALL STAR AUTOGRAPH CARDS,,90AS-TH,Torii Hunter,Minnesota Twins,90AS-TH	Torii Hunter	Minnesota Twins,False
2026_topps_update,2026,Topps,Update,1990 TOPPS BASEBALL ALL STAR AUTOGRAPH CARDS,,90AS-TT,Trea Turner,Philadelphia Phillies,90AS-TT	Trea Turner	Philadelphia Phillies,False
2026_topps_update,2026,Topps,Update,1990 TOPPS BASEBALL ALL STAR AUTOGRAPH CARDS,,FIRST,PITCH,AUTOGRAPHS,FIRST PITCH	AUTOGRAPHS,False
2026_topps_update,2026,Topps,Update,1990 TOPPS BASEBALL ALL STAR AUTOGRAPH CARDS,,FPA-AP,Andy Pettitte,New York Yankees,FPA-AP	Andy Pettitte	New York Yankees,False
2026_topps_update,2026,Topps,Update,1990 TOPPS BASEBALL ALL STAR AUTOGRAPH CARDS,,FPA-BIGS,Big Sean,Detroit Tigers,FPA-BIGS	Big Sean	Detroit Tigers,False
2026_topps_update,2026,Topps,Update,1990 TOPPS BASEBALL ALL STAR AUTOGRAPH CARDS,,FPA-E,Eitan Levine,New York Mets,FPA-E	Eitan Levine	New York Mets,False
2026_topps_update,2026,Topps,Update,1990 TOPPS BASEBALL ALL STAR AUTOGRAPH CARDS,,FPA-HM,Hideki Matsui,New York Yankees,FPA-HM	Hideki Matsui	New York Yankees,False
2026_topps_update,2026,Topps,Update,1990 TOPPS BASEBALL ALL STAR AUTOGRAPH CARDS,,FPA-JS,John Smoltz,Atlanta Braves,FPA-JS	John Smoltz	Atlanta Braves,False
2026_topps_update,2026,Topps,Update,1990 TOPPS BASEBALL ALL STAR AUTOGRAPH CARDS,,FPA-KG,Kirk Gibson,Detroit Tigers,FPA-KG	Kirk Gibson	Detroit Tigers,False
2026_topps_update,2026,Topps,Update,1990 TOPPS BASEBALL ALL STAR AUTOGRAPH CARDS,,FPA-MIY,MIYAVI,Los Angeles Dodgers,FPA-MIY	MIYAVI	Los Angeles Dodgers,False
2026_topps_update,2026,Topps,Update,1990 TOPPS BASEBALL ALL STAR AUTOGRAPH CARDS,,FPA-SEL,Manuel Selman,Seattle Mariners,FPA-SEL	Manuel Selman	Seattle Mariners,False
2026_topps_update,2026,Topps,Update,REAL ONE AUTOGRAPHS,,US1,Kristian Campbell,Boston Red Sox	Rookie,US1	Kristian Campbell	Boston Red Sox	Rookie,False
2026_topps_update,2026,Topps,Update,REAL ONE AUTOGRAPHS,,US11,Agustín Ramírez,Miami Marlins	Rookie,US11	Agustín Ramírez	Miami Marlins	Rookie,False
2026_topps_update,2026,Topps,Update,REAL ONE AUTOGRAPHS,,US16,Luke Keaschall,Minnesota Twins	Rookie,US16	Luke Keaschall	Minnesota Twins	Rookie,False
2026_topps_update,2026,Topps,Update,REAL ONE AUTOGRAPHS,,US21,Mason Fluharty,Toronto Blue Jays	Rookie,US21	Mason Fluharty	Toronto Blue Jays	Rookie,False
2026_topps_update,2026,Topps,Update,REAL ONE AUTOGRAPHS,,US38,Dalton Rushing,Los Angeles Dodgers	Rookie,US38	Dalton Rushing	Los Angeles Dodgers	Rookie,False
2026_topps_update,2026,Topps,Update,REAL ONE AUTOGRAPHS,,US60,Tyler Tolbert,Kansas City Royals	Rookie,US60	Tyler Tolbert	Kansas City Royals	Rookie,False
2026_topps_update,2026,Topps,Update,REAL ONE AUTOGRAPHS,,US65,Noah Cameron,Kansas City Royals	Rookie,US65	Noah Cameron	Kansas City Royals	Rookie,False
2026_topps_update,2026,Topps,Update,REAL ONE AUTOGRAPHS,,US87,Drake Baldwin,Atlanta Braves	Rookie,US87	Drake Baldwin	Atlanta Braves	Rookie,False
2026_topps_update,2026,Topps,Update,REAL ONE AUTOGRAPHS,,US105,Marcelo Mayer,Boston Red Sox	Rookie,US105	Marcelo Mayer	Boston Red Sox	Rookie,False
2026_topps_update,2026,Topps,Update,REAL ONE AUTOGRAPHS,,US118,Gage Workman,Detroit Tigers	Rookie,US118	Gage Workman	Detroit Tigers	Rookie,False
2026_topps_update,2026,Topps,Update,REAL ONE AUTOGRAPHS,,US130,Ben Williamson,Seattle Mariners	Rookie,US130	Ben Williamson	Seattle Mariners	Rookie,False
2026_topps_update,2026,Topps,Update,REAL ONE AUTOGRAPHS,,US137,Logan Henderson,Milwaukee Brewers	Rookie,US137	Logan Henderson	Milwaukee Brewers	Rookie,False
2026_topps_update,2026,Topps,Update,REAL ONE AUTOGRAPHS,,US140,Cade Horton,Chicago Cubs	Rookie,US140	Cade Horton	Chicago Cubs	Rookie,False
2026_topps_update,2026,Topps,Update,REAL ONE AUTOGRAPHS,,US145,Edgar Quero,Chicago White Sox	Rookie,US145	Edgar Quero	Chicago White Sox	Rookie,False
2026_topps_update,2026,Topps,Update,REAL ONE AUTOGRAPHS,,US151,Chase Dollander,Colorado Rockies	Rookie,US151	Chase Dollander	Colorado Rockies	Rookie,False
2026_topps_update,2026,Topps,Update,REAL ONE AUTOGRAPHS,,US170,Caleb Durbin,Milwaukee Brewers	Rookie,US170	Caleb Durbin	Milwaukee Brewers	Rookie,False
2026_topps_update,2026,Topps,Update,REAL ONE AUTOGRAPHS,,US177,AJ Blubaugh,Houston Astros	Rookie,US177	AJ Blubaugh	Houston Astros	Rookie,False
2026_topps_update,2026,Topps,Update,REAL ONE AUTOGRAPHS,,US195,Isaac Paredes,Houston Astros,US195	Isaac Paredes	Houston Astros,False
2026_topps_update,2026,Topps,Update,REAL ONE AUTOGRAPHS,,US200,Matt Shaw,Chicago Cubs	Rookie,US200	Matt Shaw	Chicago Cubs	Rookie,False
2026_topps_update,2026,Topps,Update,REAL ONE AUTOGRAPHS,,US201,Nick Kurtz,Athletics	Rookie,US201	Nick Kurtz	Athletics	Rookie,False
2026_topps_update,2026,Topps,Update,REAL ONE AUTOGRAPHS,,US214,Christian Koss,San Francisco Giants	Rookie,US214	Christian Koss	San Francisco Giants	Rookie,False
2026_topps_update,2026,Topps,Update,REAL ONE AUTOGRAPHS,,US236,Tim Tawa,Arizona Diamondbacks	Rookie,US236	Tim Tawa	Arizona Diamondbacks	Rookie,False
2026_topps_update,2026,Topps,Update,REAL ONE AUTOGRAPHS,,US256,Omar Cruz,San Diego Padres	Rookie,US256	Omar Cruz	San Diego Padres	Rookie,False
2026_topps_update,2026,Topps,Update,REAL ONE AUTOGRAPHS,,US270,Hunter Dobbins,Boston Red Sox	Rookie,US270	Hunter Dobbins	Boston Red Sox	Rookie,False
2026_topps_update,2026,Topps,Update,REAL ONE AUTOGRAPHS,,US273,Thomas Harrington,Pittsburgh Pirates	Rookie,US273	Thomas Harrington	Pittsburgh Pirates	Rookie,False
2026_topps_update,2026,Topps,Update,REAL ONE AUTOGRAPHS,,US275,Chase Petty,Cincinnati Reds	Rookie,US275	Chase Petty	Cincinnati Reds	Rookie,False
2026_topps_update,2026,Topps,Update,REAL ONE AUTOGRAPHS,,US276,Hayden Senger,New York Mets	Rookie,US276	Hayden Senger	New York Mets	Rookie,False
2026_topps_update,2026,Topps,Update,REAL ONE AUTOGRAPHS,,US277,Chandler Simpson,Tampa Bay Rays	Rookie,US277	Chandler Simpson	Tampa Bay Rays	Rookie,False
2026_topps_update,2026,Topps,Update,REAL ONE AUTOGRAPHS,,US278,Shane Smith,Chicago White Sox	Rookie,US278	Shane Smith	Chicago White Sox	Rookie,False
2026_topps_update,2026,Topps,Update,REAL ONE AUTOGRAPHS,,US286,Zac Veen,Colorado Rockies	Rookie,US286	Zac Veen	Colorado Rockies	Rookie,False
2026_topps_update,2026,Topps,Update,REAL ONE AUTOGRAPHS,,US292,Ryan Gusto,Houston Astros	Rookie,US292	Ryan Gusto	Houston Astros	Rookie,False
2026_topps_update,2026,Topps,Update,REAL ONE AUTOGRAPHS,,US298,Cam Smith,Houston Astros	Rookie,US298	Cam Smith	Houston Astros	Rookie,False
2026_topps_update,2026,Topps,Update,REAL ONE AUTOGRAPHS,,US302,Logan Evans,Seattle Mariners	Rookie,US302	Logan Evans	Seattle Mariners	Rookie,False
2026_topps_update,2026,Topps,Update,REAL ONE AUTOGRAPHS,,US307,Chad Patrick,Milwaukee Brewers	Rookie,US307	Chad Patrick	Milwaukee Brewers	Rookie,False
2026_topps_update,2026,Topps,Update,REAL ONE AUTOGRAPHS,,75,Shota Imanaga,Chicago Cubs,75	Shota Imanaga	Chicago Cubs,False
2026_topps_update,2026,Topps,Update,REAL ONE AUTOGRAPHS,,374,Dustin Harris,Texas Rangers	Rookie,374	Dustin Harris	Texas Rangers	Rookie,False
2026_topps_update,2026,Topps,Update,REAL ONE AUTOGRAPHS,,383,Marcus Semien,Texas Rangers,383	Marcus Semien	Texas Rangers,False
2026_topps_update,2026,Topps,Update,REAL ONE AUTOGRAPHS,,433,William Contreras,Milwaukee Brewers,433	William Contreras	Milwaukee Brewers,False
2026_topps_update,2026,Topps,Update,REAL ONE AUTOGRAPHS,,468,George Kirby,Seattle Mariners,468	George Kirby	Seattle Mariners,False
2026_topps_update,2026,Topps,Update,REAL ONE AUTOGRAPHS,,535,Leo Jiménez,Toronto Blue Jays	Rookie,535	Leo Jiménez	Toronto Blue Jays	Rookie,False
2026_topps_update,2026,Topps,Update,REAL ONE AUTOGRAPHS,,566,Julian Aguiar,Cincinnati Reds	Rookie,566	Julian Aguiar	Cincinnati Reds	Rookie,False
2026_topps_update,2026,Topps,Update,REAL ONE AUTOGRAPHS,,604,Nestor Cortes,Milwaukee Brewers,604	Nestor Cortes	Milwaukee Brewers,False
2026_topps_update,2026,Topps,Update,REAL ONE AUTOGRAPHS,,610,Gordon Graceffo,St. Louis Cardinals	Rookie,610	Gordon Graceffo	St. Louis Cardinals	Rookie,False
2026_topps_update,2026,Topps,Update,REAL ONE AUTOGRAPHS,,625,J.T. Realmuto,Philadelphia Phillies,625	J.T. Realmuto	Philadelphia Phillies,False
2026_topps_update,2026,Topps,Update,REAL ONE AUTOGRAPHS,,638,Bryan Reynolds,Pittsburgh Pirates,638	Bryan Reynolds	Pittsburgh Pirates,False
2026_topps_update,2026,Topps,Update,REAL ONE GOLDEN MIRROR AUTOGRAPHS,,1,Shohei Ohtani,Los Angeles Dodgers,1	Shohei Ohtani	Los Angeles Dodgers,False
2026_topps_update,2026,Topps,Update,REAL ONE GOLDEN MIRROR AUTOGRAPHS,,20,Coby Mayo,Baltimore Orioles,20	Coby Mayo	Baltimore Orioles,False
2026_topps_update,2026,Topps,Update,REAL ONE GOLDEN MIRROR AUTOGRAPHS,,38,Nico Hoerner,Chicago Cubs,38	Nico Hoerner	Chicago Cubs,False
2026_topps_update,2026,Topps,Update,REAL ONE GOLDEN MIRROR AUTOGRAPHS,,49,Christian Yelich,Milwaukee Brewers,49	Christian Yelich	Milwaukee Brewers,False
2026_topps_update,2026,Topps,Update,REAL ONE GOLDEN MIRROR AUTOGRAPHS,,74,Dylan Crews,Washington Nationals,74	Dylan Crews	Washington Nationals,False
2026_topps_update,2026,Topps,Update,REAL ONE GOLDEN MIRROR AUTOGRAPHS,,77,José Ramírez,Cleveland Guardians,77	José Ramírez	Cleveland Guardians,False
2026_topps_update,2026,Topps,Update,REAL ONE GOLDEN MIRROR AUTOGRAPHS,,78,Corbin Carroll,Arizona Diamondbacks,78	Corbin Carroll	Arizona Diamondbacks,False
2026_topps_update,2026,Topps,Update,REAL ONE GOLDEN MIRROR AUTOGRAPHS,,80,Jace Jung,Detroit Tigers,80	Jace Jung	Detroit Tigers,False
2026_topps_update,2026,Topps,Update,REAL ONE GOLDEN MIRROR AUTOGRAPHS,,98,Paul Skenes,Pittsburgh Pirates,98	Paul Skenes	Pittsburgh Pirates,False
2026_topps_update,2026,Topps,Update,REAL ONE GOLDEN MIRROR AUTOGRAPHS,,100,Bobby Witt Jr.,Kansas City Royals,100	Bobby Witt Jr.	Kansas City Royals,False
2026_topps_update,2026,Topps,Update,REAL ONE GOLDEN MIRROR AUTOGRAPHS,,101,Nolan Arenado,St. Louis Cardinals,101	Nolan Arenado	St. Louis Cardinals,False
2026_topps_update,2026,Topps,Update,REAL ONE GOLDEN MIRROR AUTOGRAPHS,,103,Spencer Schwellenbach,Atlanta Braves,103	Spencer Schwellenbach	Atlanta Braves,False
2026_topps_update,2026,Topps,Update,REAL ONE GOLDEN MIRROR AUTOGRAPHS,,145,Matt Olson,Atlanta Braves,145	Matt Olson	Atlanta Braves,False
2026_topps_update,2026,Topps,Update,REAL ONE GOLDEN MIRROR AUTOGRAPHS,,146,Clayton Kershaw,Los Angeles Dodgers,146	Clayton Kershaw	Los Angeles Dodgers,False
2026_topps_update,2026,Topps,Update,REAL ONE GOLDEN MIRROR AUTOGRAPHS,,150,Elly De La Cruz,Cincinnati Reds,150	Elly De La Cruz	Cincinnati Reds,False
2026_topps_update,2026,Topps,Update,REAL ONE GOLDEN MIRROR AUTOGRAPHS,,163,Vladimir Guerrero Jr.,Toronto Blue Jays,163	Vladimir Guerrero Jr.	Toronto Blue Jays,False
2026_topps_update,2026,Topps,Update,REAL ONE GOLDEN MIRROR AUTOGRAPHS,,178,David Festa,Minnesota Twins,178	David Festa	Minnesota Twins,False
2026_topps_update,2026,Topps,Update,REAL ONE GOLDEN MIRROR AUTOGRAPHS,,181,James Wood,Washington Nationals,181	James Wood	Washington Nationals,False
2026_topps_update,2026,Topps,Update,REAL ONE GOLDEN MIRROR AUTOGRAPHS,,200,Mike Trout,Angels,200	Mike Trout	Angels,False
2026_topps_update,2026,Topps,Update,REAL ONE GOLDEN MIRROR AUTOGRAPHS,,205,Rhett Lowder,Cincinnati Reds,205	Rhett Lowder	Cincinnati Reds,False
2026_topps_update,2026,Topps,Update,REAL ONE GOLDEN MIRROR AUTOGRAPHS,,207,Ronald Acuña Jr.,Atlanta Braves,207	Ronald Acuña Jr.	Atlanta Braves,False
2026_topps_update,2026,Topps,Update,REAL ONE GOLDEN MIRROR AUTOGRAPHS,,220,Jackson Holliday,Baltimore Orioles,220	Jackson Holliday	Baltimore Orioles,False
2026_topps_update,2026,Topps,Update,REAL ONE GOLDEN MIRROR AUTOGRAPHS,,223,Nacho Alvarez Jr.,Atlanta Braves,223	Nacho Alvarez Jr.	Atlanta Braves,False
2026_topps_update,2026,Topps,Update,REAL ONE GOLDEN MIRROR AUTOGRAPHS,,231,Yoshinobu Yamamoto,Los Angeles Dodgers,231	Yoshinobu Yamamoto	Los Angeles Dodgers,False
2026_topps_update,2026,Topps,Update,REAL ONE GOLDEN MIRROR AUTOGRAPHS,,239,Freddie Freeman,Los Angeles Dodgers,239	Freddie Freeman	Los Angeles Dodgers,False
2026_topps_update,2026,Topps,Update,REAL ONE GOLDEN MIRROR AUTOGRAPHS,,260,Jose Altuve,Houston Astros,260	Jose Altuve	Houston Astros,False
2026_topps_update,2026,Topps,Update,REAL ONE GOLDEN MIRROR AUTOGRAPHS,,266,Julio Rodríguez,Seattle Mariners,266	Julio Rodríguez	Seattle Mariners,False
2026_topps_update,2026,Topps,Update,REAL ONE GOLDEN MIRROR AUTOGRAPHS,,283,Zebby Matthews,Minnesota Twins,283	Zebby Matthews	Minnesota Twins,False
2026_topps_update,2026,Topps,Update,REAL ONE GOLDEN MIRROR AUTOGRAPHS,,300,Aaron Judge,New York Yankees,300	Aaron Judge	New York Yankees,False
2026_topps_update,2026,Topps,Update,REAL ONE GOLDEN MIRROR AUTOGRAPHS,,314,Jacob Wilson,Athletics,314	Jacob Wilson	Athletics,False
2026_topps_update,2026,Topps,Update,REAL ONE GOLDEN MIRROR AUTOGRAPHS,,317,Brooks Lee,Minnesota Twins,317	Brooks Lee	Minnesota Twins,False
2026_topps_update,2026,Topps,Update,REAL ONE GOLDEN MIRROR AUTOGRAPHS,,337,Ben Rice,New York Yankees,337	Ben Rice	New York Yankees,False
2026_topps_update,2026,Topps,Update,REAL ONE GOLDEN MIRROR AUTOGRAPHS,,376,Jackson Chourio,Milwaukee Brewers,376	Jackson Chourio	Milwaukee Brewers,False
2026_topps_update,2026,Topps,Update,REAL ONE GOLDEN MIRROR AUTOGRAPHS,,400,Shohei Ohtani,Los Angeles Dodgers,400	Shohei Ohtani	Los Angeles Dodgers,False
2026_topps_update,2026,Topps,Update,REAL ONE GOLDEN MIRROR AUTOGRAPHS,,422,Caden Dana,Angels,422	Caden Dana	Angels,False
2026_topps_update,2026,Topps,Update,REAL ONE GOLDEN MIRROR AUTOGRAPHS,,450,Trea Turner,Philadelphia Phillies,450	Trea Turner	Philadelphia Phillies,False
2026_topps_update,2026,Topps,Update,REAL ONE GOLDEN MIRROR AUTOGRAPHS,,454,Aaron Nola,Philadelphia Phillies,454	Aaron Nola	Philadelphia Phillies,False
2026_topps_update,2026,Topps,Update,REAL ONE GOLDEN MIRROR AUTOGRAPHS,,455,Wyatt Langford,Texas Rangers,455	Wyatt Langford	Texas Rangers,False
2026_topps_update,2026,Topps,Update,REAL ONE GOLDEN MIRROR AUTOGRAPHS,,468,George Kirby,Seattle Mariners,468	George Kirby	Seattle Mariners,False
2026_topps_update,2026,Topps,Update,REAL ONE GOLDEN MIRROR AUTOGRAPHS,,473,Shota Imanaga,Chicago Cubs,473	Shota Imanaga	Chicago Cubs,False
2026_topps_update,2026,Topps,Update,REAL ONE GOLDEN MIRROR AUTOGRAPHS,,490,Jackson Jobe,Detroit Tigers	Rookie,490	Jackson Jobe	Detroit Tigers	Rookie,False
2026_topps_update,2026,Topps,Update,REAL ONE GOLDEN MIRROR AUTOGRAPHS,,524,Luisangel Acuña,New York Mets	Rookie,524	Luisangel Acuña	New York Mets	Rookie,False
2026_topps_update,2026,Topps,Update,REAL ONE GOLDEN MIRROR AUTOGRAPHS,,530,Byron Buxton,Minnesota Twins,530	Byron Buxton	Minnesota Twins,False
2026_topps_update,2026,Topps,Update,REAL ONE GOLDEN MIRROR AUTOGRAPHS,,550,Pete Alonso,New York Mets,550	Pete Alonso	New York Mets,False
2026_topps_update,2026,Topps,Update,REAL ONE GOLDEN MIRROR AUTOGRAPHS,,558,Roki Sasaki,Los Angeles Dodgers	Rookie,558	Roki Sasaki	Los Angeles Dodgers	Rookie,False
2026_topps_update,2026,Topps,Update,REAL ONE GOLDEN MIRROR AUTOGRAPHS,,561,Paul Goldschmidt,New York Yankees,561	Paul Goldschmidt	New York Yankees,False
2026_topps_update,2026,Topps,Update,REAL ONE GOLDEN MIRROR AUTOGRAPHS,,573,Hyeseong Kim,Los Angeles Dodgers	Rookie,573	Hyeseong Kim	Los Angeles Dodgers	Rookie,False
2026_topps_update,2026,Topps,Update,REAL ONE GOLDEN MIRROR AUTOGRAPHS,,578,Kevin Alcántara,Chicago Cubs	Rookie,578	Kevin Alcántara	Chicago Cubs	Rookie,False
2026_topps_update,2026,Topps,Update,REAL ONE GOLDEN MIRROR AUTOGRAPHS,,587,Jarren Duran,Boston Red Sox,587	Jarren Duran	Boston Red Sox,False
2026_topps_update,2026,Topps,Update,REAL ONE GOLDEN MIRROR AUTOGRAPHS,,590,Jasson Domínguez,New York Yankees,590	Jasson Domínguez	New York Yankees,False
2026_topps_update,2026,Topps,Update,REAL ONE GOLDEN MIRROR AUTOGRAPHS,,603,Cal Raleigh,Seattle Mariners,603	Cal Raleigh	Seattle Mariners,False
2026_topps_update,2026,Topps,Update,REAL ONE GOLDEN MIRROR AUTOGRAPHS,,650,Adley Rutschman,Baltimore Orioles,650	Adley Rutschman	Baltimore Orioles,False
2026_topps_update,2026,Topps,Update,REAL ONE GOLDEN MIRROR AUTOGRAPHS,,699,Hayden Birdsong,San Francisco Giants	Rookie,699	Hayden Birdsong	San Francisco Giants	Rookie,False
2026_topps_update,2026,Topps,Update,REAL ONE GOLDEN MIRROR AUTOGRAPHS,,700,Juan Soto,New York Mets,700	Juan Soto	New York Mets,False
2026_topps_update,2026,Topps,Update,REAL ONE GOLDEN MIRROR AUTOGRAPHS,,US1,Kristian Campbell,Boston Red Sox	Rookie,US1	Kristian Campbell	Boston Red Sox	Rookie,False
2026_topps_update,2026,Topps,Update,REAL ONE GOLDEN MIRROR AUTOGRAPHS,,US11,Agustín Ramírez,Miami Marlins	Rookie,US11	Agustín Ramírez	Miami Marlins	Rookie,False
2026_topps_update,2026,Topps,Update,REAL ONE GOLDEN MIRROR AUTOGRAPHS,,US16,Luke Keaschall,Minnesota Twins	Rookie,US16	Luke Keaschall	Minnesota Twins	Rookie,False
2026_topps_update,2026,Topps,Update,REAL ONE GOLDEN MIRROR AUTOGRAPHS,,US87,Drake Baldwin,Atlanta Braves	Rookie,US87	Drake Baldwin	Atlanta Braves	Rookie,False
2026_topps_update,2026,Topps,Update,REAL ONE GOLDEN MIRROR AUTOGRAPHS,,US105,Marcelo Mayer,Boston Red Sox	Rookie,US105	Marcelo Mayer	Boston Red Sox	Rookie,False
2026_topps_update,2026,Topps,Update,REAL ONE GOLDEN MIRROR AUTOGRAPHS,,US137,Logan Henderson,Milwaukee Brewers	Rookie,US137	Logan Henderson	Milwaukee Brewers	Rookie,False
2026_topps_update,2026,Topps,Update,REAL ONE GOLDEN MIRROR AUTOGRAPHS,,US145,Edgar Quero,Chicago White Sox	Rookie,US145	Edgar Quero	Chicago White Sox	Rookie,False
2026_topps_update,2026,Topps,Update,REAL ONE GOLDEN MIRROR AUTOGRAPHS,,US151,Chase Dollander,Colorado Rockies	Rookie,US151	Chase Dollander	Colorado Rockies	Rookie,False
2026_topps_update,2026,Topps,Update,REAL ONE GOLDEN MIRROR AUTOGRAPHS,,US200,Matt Shaw,Chicago Cubs	Rookie,US200	Matt Shaw	Chicago Cubs	Rookie,False
2026_topps_update,2026,Topps,Update,REAL ONE GOLDEN MIRROR AUTOGRAPHS,,US201,Nick Kurtz,Athletics	Rookie,US201	Nick Kurtz	Athletics	Rookie,False
2026_topps_update,2026,Topps,Update,REAL ONE GOLDEN MIRROR AUTOGRAPHS,,US273,Thomas Harrington,Pittsburgh Pirates	Rookie,US273	Thomas Harrington	Pittsburgh Pirates	Rookie,False
2026_topps_update,2026,Topps,Update,REAL ONE GOLDEN MIRROR AUTOGRAPHS,,US286,Zac Veen,Colorado Rockies	Rookie,US286	Zac Veen	Colorado Rockies	Rookie,False
2026_topps_update,2026,Topps,Update,REAL ONE GOLDEN MIRROR AUTOGRAPHS,,US298,Cam Smith,Houston Astros	Rookie,US298	Cam Smith	Houston Astros	Rookie,False
2026_topps_update,2026,Topps,Update,STARS OF JAPAN AUTOGRAPH PARALLEL,,SOJA-HM,Hideki Matsui,New York Yankees,SOJA-HM	Hideki Matsui	New York Yankees,False
2026_topps_update,2026,Topps,Update,STARS OF JAPAN AUTOGRAPH PARALLEL,,SOJA-I,Ichiro,Seattle Mariners,SOJA-I	Ichiro	Seattle Mariners,False
2026_topps_update,2026,Topps,Update,STARS OF JAPAN AUTOGRAPH PARALLEL,,SOJA-MY,Masataka Yoshida,Boston Red Sox,SOJA-MY	Masataka Yoshida	Boston Red Sox,False
2026_topps_update,2026,Topps,Update,STARS OF JAPAN AUTOGRAPH PARALLEL,,SOJA-RS,Roki Sasaki,Los Angeles Dodgers	Rookie,SOJA-RS	Roki Sasaki	Los Angeles Dodgers	Rookie,False
2026_topps_update,2026,Topps,Update,STARS OF JAPAN AUTOGRAPH PARALLEL,,SOJA-SI,Shota Imanaga,Chicago Cubs,SOJA-SI	Shota Imanaga	Chicago Cubs,False
2026_topps_update,2026,Topps,Update,STARS OF JAPAN AUTOGRAPH PARALLEL,,SOJA-YD,Yu Darvish,San Diego Padres,SOJA-YD	Yu Darvish	San Diego Padres,False
2026_topps_update,2026,Topps,Update,STARS OF JAPAN AUTOGRAPH PARALLEL,,SOJA-YY,Yoshinobu Yamamoto,Los Angeles Dodgers,SOJA-YY	Yoshinobu Yamamoto	Los Angeles Dodgers,False
2026_topps_update,2026,Topps,Update,STRIKE ZONE HEROES AUTOGRAPH PARALLEL,,SZHA-CH,Cade Horton,Chicago Cubs	Rookie,SZHA-CH	Cade Horton	Chicago Cubs	Rookie,False
2026_topps_update,2026,Topps,Update,STRIKE ZONE HEROES AUTOGRAPH PARALLEL,,SZHA-CK,Clayton Kershaw,Los Angeles Dodgers,SZHA-CK	Clayton Kershaw	Los Angeles Dodgers,False
2026_topps_update,2026,Topps,Update,STRIKE ZONE HEROES AUTOGRAPH PARALLEL,,SZHA-GC,Garrett Crochet,Boston Red Sox,SZHA-GC	Garrett Crochet	Boston Red Sox,False
2026_topps_update,2026,Topps,Update,STRIKE ZONE HEROES AUTOGRAPH PARALLEL,,SZHA-KR,Kumar Rocker,Texas Rangers	Rookie,SZHA-KR	Kumar Rocker	Texas Rangers	Rookie,False
2026_topps_update,2026,Topps,Update,STRIKE ZONE HEROES AUTOGRAPH PARALLEL,,SZHA-MA,Mick Abel,Philadelphia Phillies	Rookie,SZHA-MA	Mick Abel	Philadelphia Phillies	Rookie,False
2026_topps_update,2026,Topps,Update,STRIKE ZONE HEROES AUTOGRAPH PARALLEL,,SZHA-NR,Nolan Ryan,Houston Astros,SZHA-NR	Nolan Ryan	Houston Astros,False
2026_topps_update,2026,Topps,Update,STRIKE ZONE HEROES AUTOGRAPH PARALLEL,,SZHA-PS,Paul Skenes,Pittsburgh Pirates,SZHA-PS	Paul Skenes	Pittsburgh Pirates,False
2026_topps_update,2026,Topps,Update,STRIKE ZONE HEROES AUTOGRAPH PARALLEL,,SZHA-RL,Rhett Lowder,Cincinnati Reds	Rookie,SZHA-RL	Rhett Lowder	Cincinnati Reds	Rookie,False
2026_topps_update,2026,Topps,Update,STRIKE ZONE HEROES AUTOGRAPH PARALLEL,,SZHA-RS,Roki Sasaki,Los Angeles Dodgers	Rookie,SZHA-RS	Roki Sasaki	Los Angeles Dodgers	Rookie,False
2026_topps_update,2026,Topps,Update,STRIKE ZONE HEROES AUTOGRAPH PARALLEL,,SZHA-SI,Shota Imanaga,Chicago Cubs,SZHA-SI	Shota Imanaga	Chicago Cubs,False
2026_topps_update,2026,Topps,Update,STRIKE ZONE HEROES AUTOGRAPH PARALLEL,,SZHA-SS,Spencer Schwellenbach,Atlanta Braves	Rookie,SZHA-SS	Spencer Schwellenbach	Atlanta Braves	Rookie,False
2026_topps_update,2026,Topps,Update,STRIKE ZONE HEROES AUTOGRAPH PARALLEL,,SZHA-TSK,Tarik Skubal,Detroit Tigers,SZHA-TSK	Tarik Skubal	Detroit Tigers,False
2026_topps_update,2026,Topps,Update,STRIKE ZONE HEROES AUTOGRAPH PARALLEL,,SZHA-YD,Yu Darvish,San Diego Padres,SZHA-YD	Yu Darvish	San Diego Padres,False
2026_topps_update,2026,Topps,Update,STRIKE ZONE HEROES AUTOGRAPH PARALLEL,,SZHA-YY,Yoshinobu Yamamoto,Los Angeles Dodgers,SZHA-YY	Yoshinobu Yamamoto	Los Angeles Dodgers,False
2026_topps_update,2026,Topps,Update,STRIKE ZONE HEROES AUTOGRAPH PARALLEL,,SZHA-ZM,Zebby Matthews,Minnesota Twins	Rookie,SZHA-ZM	Zebby Matthews	Minnesota Twins	Rookie,False
2026_topps_update,2026,Topps,Update,TOKYO SERIES HIGHLIGHTS AUTOGRAPH PARALLEL,,TSHA-DS,Dansby Swanson,Chicago Cubs,TSHA-DS	Dansby Swanson	Chicago Cubs,False
2026_topps_update,2026,Topps,Update,TOKYO SERIES HIGHLIGHTS AUTOGRAPH PARALLEL,,TSHA-IH,Ian Happ,Chicago Cubs,TSHA-IH	Ian Happ	Chicago Cubs,False
2026_topps_update,2026,Topps,Update,TOKYO SERIES HIGHLIGHTS AUTOGRAPH PARALLEL,,TSHA-KT,Kyle Tucker,Chicago Cubs,TSHA-KT	Kyle Tucker	Chicago Cubs,False
2026_topps_update,2026,Topps,Update,TOKYO SERIES HIGHLIGHTS AUTOGRAPH PARALLEL,,TSHA-MS,Matt Shaw,Chicago Cubs	Rookie,TSHA-MS	Matt Shaw	Chicago Cubs	Rookie,False
2026_topps_update,2026,Topps,Update,TOKYO SERIES HIGHLIGHTS AUTOGRAPH PARALLEL,,TSHA-RS,Roki Sasaki,Los Angeles Dodgers	Rookie,TSHA-RS	Roki Sasaki	Los Angeles Dodgers	Rookie,False
2026_topps_update,2026,Topps,Update,TOKYO SERIES HIGHLIGHTS AUTOGRAPH PARALLEL,,TSHA-SI,Shota Imanaga,Chicago Cubs,TSHA-SI	Shota Imanaga	Chicago Cubs,False
2026_topps_update,2026,Topps,Update,TOKYO SERIES HIGHLIGHTS AUTOGRAPH PARALLEL,,TSHA-TH,Teoscar Hernández,Los Angeles Dodgers,TSHA-TH	Teoscar Hernández	Los Angeles Dodgers,False
2026_topps_update,2026,Topps,Update,TOKYO SERIES HIGHLIGHTS AUTOGRAPH PARALLEL,,TSHA-WIL,Will Smith,Los Angeles Dodgers,TSHA-WIL	Will Smith	Los Angeles Dodgers,False
2026_topps_update,2026,Topps,Update,TOKYO SERIES HIGHLIGHTS AUTOGRAPH PARALLEL,,TSHA-WS,Will Smith,Los Angeles Dodgers,TSHA-WS	Will Smith	Los Angeles Dodgers,False
2026_topps_update,2026,Topps,Update,TOKYO SERIES HIGHLIGHTS AUTOGRAPH PARALLEL,,TSHA-YY,Yoshinobu Yamamoto,Los Angeles Dodgers,TSHA-YY	Yoshinobu Yamamoto	Los Angeles Dodgers,False
2026_topps_update,2026,Topps,Update,1990 TOPPS BASEBALL JAPAN AUTOGRAPH PARALLEL,,90JA-BL,Brooks Lee,Minnesota Twins	Rookie,90JA-BL	Brooks Lee	Minnesota Twins	Rookie,False
2026_topps_update,2026,Topps,Update,1990 TOPPS BASEBALL JAPAN AUTOGRAPH PARALLEL,,90JA-BR,Ben Rice,New York Yankees	Rookie,90JA-BR	Ben Rice	New York Yankees	Rookie,False
2026_topps_update,2026,Topps,Update,1990 TOPPS BASEBALL JAPAN AUTOGRAPH PARALLEL,,90JA-CC,Corbin Carroll,Arizona Diamondbacks,90JA-CC	Corbin Carroll	Arizona Diamondbacks,False
2026_topps_update,2026,Topps,Update,1990 TOPPS BASEBALL JAPAN AUTOGRAPH PARALLEL,,90JA-CS,Cam Smith,Houston Astros	Rookie,90JA-CS	Cam Smith	Houston Astros	Rookie,False
2026_topps_update,2026,Topps,Update,1990 TOPPS BASEBALL JAPAN AUTOGRAPH PARALLEL,,90JA-DJ,Derek Jeter,New York Yankees,90JA-DJ	Derek Jeter	New York Yankees,False
2026_topps_update,2026,Topps,Update,1990 TOPPS BASEBALL JAPAN AUTOGRAPH PARALLEL,,90JA-DR,Dalton Rushing,Los Angeles Dodgers	Rookie,90JA-DR	Dalton Rushing	Los Angeles Dodgers	Rookie,False
2026_topps_update,2026,Topps,Update,1990 TOPPS BASEBALL JAPAN AUTOGRAPH PARALLEL,,90JA-ED,Elly De La Cruz,Cincinnati Reds,90JA-ED	Elly De La Cruz	Cincinnati Reds,False
2026_topps_update,2026,Topps,Update,1990 TOPPS BASEBALL JAPAN AUTOGRAPH PARALLEL,,90JA-FT,Fernando Tatis Jr.,San Diego Padres,90JA-FT	Fernando Tatis Jr.	San Diego Padres,False
2026_topps_update,2026,Topps,Update,1990 TOPPS BASEBALL JAPAN AUTOGRAPH PARALLEL,,90JA-GH,Gunnar Henderson,Baltimore Orioles,90JA-GH	Gunnar Henderson	Baltimore Orioles,False
2026_topps_update,2026,Topps,Update,1990 TOPPS BASEBALL JAPAN AUTOGRAPH PARALLEL,,90JA-HK,Hyeseong Kim,Los Angeles Dodgers	Rookie,90JA-HK	Hyeseong Kim	Los Angeles Dodgers	Rookie,False
2026_topps_update,2026,Topps,Update,1990 TOPPS BASEBALL JAPAN AUTOGRAPH PARALLEL,,90JA-HM,Hideki Matsui,New York Yankees,90JA-HM	Hideki Matsui	New York Yankees,False
2026_topps_update,2026,Topps,Update,1990 TOPPS BASEBALL JAPAN AUTOGRAPH PARALLEL,,90JA-I,Ichiro,Seattle Mariners,90JA-I	Ichiro	Seattle Mariners,False
2026_topps_update,2026,Topps,Update,1990 TOPPS BASEBALL JAPAN AUTOGRAPH PARALLEL,,90JA-JC,Jackson Chourio,Milwaukee Brewers,90JA-JC	Jackson Chourio	Milwaukee Brewers,False
2026_topps_update,2026,Topps,Update,1990 TOPPS BASEBALL JAPAN AUTOGRAPH PARALLEL,,90JA-JL,Jung Hoo Lee,San Francisco Giants,90JA-JL	Jung Hoo Lee	San Francisco Giants,False
2026_topps_update,2026,Topps,Update,1990 TOPPS BASEBALL JAPAN AUTOGRAPH PARALLEL,,90JA-JR,Julio Rodríguez,Seattle Mariners,90JA-JR	Julio Rodríguez	Seattle Mariners,False
2026_topps_update,2026,Topps,Update,1990 TOPPS BASEBALL JAPAN AUTOGRAPH PARALLEL,,90JA-JS,Juan Soto,New York Mets,90JA-JS	Juan Soto	New York Mets,False
2026_topps_update,2026,Topps,Update,1990 TOPPS BASEBALL JAPAN AUTOGRAPH PARALLEL,,90JA-JW,James Wood,Washington Nationals	Rookie,90JA-JW	James Wood	Washington Nationals	Rookie,False
2026_topps_update,2026,Topps,Update,1990 TOPPS BASEBALL JAPAN AUTOGRAPH PARALLEL,,90JA-JWI,Jacob Wilson,Athletics	Rookie,90JA-JWI	Jacob Wilson	Athletics	Rookie,False
2026_topps_update,2026,Topps,Update,1990 TOPPS BASEBALL JAPAN AUTOGRAPH PARALLEL,,90JA-KG,Ken Griffey Jr.,Seattle Mariners,90JA-KG	Ken Griffey Jr.	Seattle Mariners,False
2026_topps_update,2026,Topps,Update,1990 TOPPS BASEBALL JAPAN AUTOGRAPH PARALLEL,,90JA-KT,Kyle Tucker,Chicago Cubs,90JA-KT	Kyle Tucker	Chicago Cubs,False
2026_topps_update,2026,Topps,Update,1990 TOPPS BASEBALL JAPAN AUTOGRAPH PARALLEL,,90JA-MM,Marcelo Mayer,Boston Red Sox	Rookie,90JA-MM	Marcelo Mayer	Boston Red Sox	Rookie,False
2026_topps_update,2026,Topps,Update,1990 TOPPS BASEBALL JAPAN AUTOGRAPH PARALLEL,,90JA-MT,Mike Trout,Angels,90JA-MT	Mike Trout	Angels,False
2026_topps_update,2026,Topps,Update,1990 TOPPS BASEBALL JAPAN AUTOGRAPH PARALLEL,,90JA-MY,Masataka Yoshida,Boston Red Sox,90JA-MY	Masataka Yoshida	Boston Red Sox,False
2026_topps_update,2026,Topps,Update,1990 TOPPS BASEBALL JAPAN AUTOGRAPH PARALLEL,,90JA-NK,Nick Kurtz,Athletics	Rookie,90JA-NK	Nick Kurtz	Athletics	Rookie,False
2026_topps_update,2026,Topps,Update,1990 TOPPS BASEBALL JAPAN AUTOGRAPH PARALLEL,,90JA-PA,Pete Alonso,New York Mets,90JA-PA	Pete Alonso	New York Mets,False
2026_topps_update,2026,Topps,Update,1990 TOPPS BASEBALL JAPAN AUTOGRAPH PARALLEL,,90JA-PC,Pete Crow-Armstrong,Chicago Cubs,90JA-PC	Pete Crow-Armstrong	Chicago Cubs,False
2026_topps_update,2026,Topps,Update,1990 TOPPS BASEBALL JAPAN AUTOGRAPH PARALLEL,,90JA-PS,Paul Skenes,Pittsburgh Pirates,90JA-PS	Paul Skenes	Pittsburgh Pirates,False
2026_topps_update,2026,Topps,Update,1990 TOPPS BASEBALL JAPAN AUTOGRAPH PARALLEL,,90JA-RAJ,Ronald Acuña Jr.,Atlanta Braves,90JA-RAJ	Ronald Acuña Jr.	Atlanta Braves,False
2026_topps_update,2026,Topps,Update,1990 TOPPS BASEBALL JAPAN AUTOGRAPH PARALLEL,,90JA-RS,Roki Sasaki,Los Angeles Dodgers	Rookie,90JA-RS	Roki Sasaki	Los Angeles Dodgers	Rookie,False
2026_topps_update,2026,Topps,Update,1990 TOPPS BASEBALL JAPAN AUTOGRAPH PARALLEL,,90JA-SI,Shota Imanaga,Chicago Cubs,90JA-SI	Shota Imanaga	Chicago Cubs,False
2026_topps_update,2026,Topps,Update,1990 TOPPS BASEBALL JAPAN AUTOGRAPH PARALLEL,,90JA-TSK,Tarik Skubal,Detroit Tigers,90JA-TSK	Tarik Skubal	Detroit Tigers,False
2026_topps_update,2026,Topps,Update,1990 TOPPS BASEBALL JAPAN AUTOGRAPH PARALLEL,,90JA-VG,Vladimir Guerrero Jr.,Toronto Blue Jays,90JA-VG	Vladimir Guerrero Jr.	Toronto Blue Jays,False
2026_topps_update,2026,Topps,Update,1990 TOPPS BASEBALL JAPAN AUTOGRAPH PARALLEL,,90JA-YD,Yu Darvish,San Diego Padres,90JA-YD	Yu Darvish	San Diego Padres,False
2026_topps_update,2026,Topps,Update,1990 TOPPS BASEBALL JAPAN AUTOGRAPH PARALLEL,,90JA-YY,Yoshinobu Yamamoto,Los Angeles Dodgers,90JA-YY	Yoshinobu Yamamoto	Los Angeles Dodgers,False
2026_topps_update,2026,Topps,Update,1990 TOPPS BASEBALL CHROME CARDS AUTOGRAPH PARALLEL,,U90CA-AB,Adrian Beltré,Texas Rangers,U90CA-AB	Adrian Beltré	Texas Rangers,False
2026_topps_update,2026,Topps,Update,1990 TOPPS BASEBALL CHROME CARDS AUTOGRAPH PARALLEL,,U90CA-AD,Andre Dawson,Chicago Cubs,U90CA-AD	Andre Dawson	Chicago Cubs,False
2026_topps_update,2026,Topps,Update,1990 TOPPS BASEBALL CHROME CARDS AUTOGRAPH PARALLEL,,U90CA-AJ,Aaron Judge,New York Yankees,U90CA-AJ	Aaron Judge	New York Yankees,False
2026_topps_update,2026,Topps,Update,1990 TOPPS BASEBALL CHROME CARDS AUTOGRAPH PARALLEL,,U90CA-AJB,AJ Blubaugh,Houston Astros	Rookie,U90CA-AJB	AJ Blubaugh	Houston Astros	Rookie,False
2026_topps_update,2026,Topps,Update,1990 TOPPS BASEBALL CHROME CARDS AUTOGRAPH PARALLEL,,U90CA-AR,Austin Riley,Atlanta Braves,U90CA-AR	Austin Riley	Atlanta Braves,False
2026_topps_update,2026,Topps,Update,1990 TOPPS BASEBALL CHROME CARDS AUTOGRAPH PARALLEL,,U90CA-ARZ,Agustín Ramírez,Miami Marlins	Rookie,U90CA-ARZ	Agustín Ramírez	Miami Marlins	Rookie,False
2026_topps_update,2026,Topps,Update,1990 TOPPS BASEBALL CHROME CARDS AUTOGRAPH PARALLEL,,U90CA-BP,Buster Posey,San Francisco Giants,U90CA-BP	Buster Posey	San Francisco Giants,False
2026_topps_update,2026,Topps,Update,1990 TOPPS BASEBALL CHROME CARDS AUTOGRAPH PARALLEL,,U90CA-BW,Ben Williamson,Seattle Mariners	Rookie,U90CA-BW	Ben Williamson	Seattle Mariners	Rookie,False
2026_topps_update,2026,Topps,Update,1990 TOPPS BASEBALL CHROME CARDS AUTOGRAPH PARALLEL,,U90CA-CBI,Craig Biggio,Houston Astros,U90CA-CBI	Craig Biggio	Houston Astros,False
2026_topps_update,2026,Topps,Update,1990 TOPPS BASEBALL CHROME CARDS AUTOGRAPH PARALLEL,,U90CA-CC,Colton Cowser,Baltimore Orioles,U90CA-CC	Colton Cowser	Baltimore Orioles,False
2026_topps_update,2026,Topps,Update,1990 TOPPS BASEBALL CHROME CARDS AUTOGRAPH PARALLEL,,U90CA-CD,Caleb Durbin,Milwaukee Brewers	Rookie,U90CA-CD	Caleb Durbin	Milwaukee Brewers	Rookie,False
2026_topps_update,2026,Topps,Update,1990 TOPPS BASEBALL CHROME CARDS AUTOGRAPH PARALLEL,,U90CA-CDO,Chase Dollander,Colorado Rockies	Rookie,U90CA-CDO	Chase Dollander	Colorado Rockies	Rookie,False
2026_topps_update,2026,Topps,Update,1990 TOPPS BASEBALL CHROME CARDS AUTOGRAPH PARALLEL,,U90CA-CH,Cade Horton,Chicago Cubs	Rookie,U90CA-CH	Cade Horton	Chicago Cubs	Rookie,False
2026_topps_update,2026,Topps,Update,1990 TOPPS BASEBALL CHROME CARDS AUTOGRAPH PARALLEL,,U90CA-CM,Coby Mayo,Baltimore Orioles	Rookie,U90CA-CM	Coby Mayo	Baltimore Orioles	Rookie,False
2026_topps_update,2026,Topps,Update,1990 TOPPS BASEBALL CHROME CARDS AUTOGRAPH PARALLEL,,U90CA-CME,Chase Meidroth,Chicago White Sox	Rookie,U90CA-CME	Chase Meidroth	Chicago White Sox	Rookie,False
2026_topps_update,2026,Topps,Update,1990 TOPPS BASEBALL CHROME CARDS AUTOGRAPH PARALLEL,,U90CA-CP,Chase Petty,Cincinnati Reds	Rookie,U90CA-CP	Chase Petty	Cincinnati Reds	Rookie,False
2026_topps_update,2026,Topps,Update,1990 TOPPS BASEBALL CHROME CARDS AUTOGRAPH PARALLEL,,U90CA-CS,Chandler Simpson,Tampa Bay Rays	Rookie,U90CA-CS	Chandler Simpson	Tampa Bay Rays	Rookie,False
2026_topps_update,2026,Topps,Update,1990 TOPPS BASEBALL CHROME CARDS AUTOGRAPH PARALLEL,,U90CA-CSM,Cam Smith,Houston Astros	Rookie,U90CA-CSM	Cam Smith	Houston Astros	Rookie,False
2026_topps_update,2026,Topps,Update,1990 TOPPS BASEBALL CHROME CARDS AUTOGRAPH PARALLEL,,U90CA-DB,Drake Baldwin,Atlanta Braves	Rookie,U90CA-DB	Drake Baldwin	Atlanta Braves	Rookie,False
2026_topps_update,2026,Topps,Update,1990 TOPPS BASEBALL CHROME CARDS AUTOGRAPH PARALLEL,,U90CA-DC,Dylan Crews,Washington Nationals	Rookie,U90CA-DC	Dylan Crews	Washington Nationals	Rookie,False
2026_topps_update,2026,Topps,Update,1990 TOPPS BASEBALL CHROME CARDS AUTOGRAPH PARALLEL,,U90CA-DCL,Denzel Clarke,Athletics	Rookie,U90CA-DCL	Denzel Clarke	Athletics	Rookie,False
2026_topps_update,2026,Topps,Update,1990 TOPPS BASEBALL CHROME CARDS AUTOGRAPH PARALLEL,,U90CA-DD,Dillon Dingler,Detroit Tigers	Rookie,U90CA-DD	Dillon Dingler	Detroit Tigers	Rookie,False
2026_topps_update,2026,Topps,Update,1990 TOPPS BASEBALL CHROME CARDS AUTOGRAPH PARALLEL,,U90CA-DR,Dalton Rushing,Los Angeles Dodgers	Rookie,U90CA-DR	Dalton Rushing	Los Angeles Dodgers	Rookie,False
2026_topps_update,2026,Topps,Update,1990 TOPPS BASEBALL CHROME CARDS AUTOGRAPH PARALLEL,,U90CA-DS,Darryl Strawberry,New York Mets,U90CA-DS	Darryl Strawberry	New York Mets,False
2026_topps_update,2026,Topps,Update,1990 TOPPS BASEBALL CHROME CARDS AUTOGRAPH PARALLEL,,U90CA-DSN,Dansby Swanson,Chicago Cubs,U90CA-DSN	Dansby Swanson	Chicago Cubs,False
2026_topps_update,2026,Topps,Update,1990 TOPPS BASEBALL CHROME CARDS AUTOGRAPH PARALLEL,,U90CA-DW,David Wright,New York Mets,U90CA-DW	David Wright	New York Mets,False
2026_topps_update,2026,Topps,Update,1990 TOPPS BASEBALL CHROME CARDS AUTOGRAPH PARALLEL,,U90CA-ED,Elly De La Cruz,Cincinnati Reds,U90CA-ED	Elly De La Cruz	Cincinnati Reds,False
2026_topps_update,2026,Topps,Update,1990 TOPPS BASEBALL CHROME CARDS AUTOGRAPH PARALLEL,,U90CA-EM,Eddie Murray,Baltimore Orioles,U90CA-EM	Eddie Murray	Baltimore Orioles,False
2026_topps_update,2026,Topps,Update,1990 TOPPS BASEBALL CHROME CARDS AUTOGRAPH PARALLEL,,U90CA-EQ,Edgar Quero,Chicago White Sox	Rookie,U90CA-EQ	Edgar Quero	Chicago White Sox	Rookie,False
2026_topps_update,2026,Topps,Update,1990 TOPPS BASEBALL CHROME CARDS AUTOGRAPH PARALLEL,,U90CA-FT,Fernando Tatis Jr.,San Diego Padres,U90CA-FT	Fernando Tatis Jr.	San Diego Padres,False
2026_topps_update,2026,Topps,Update,1990 TOPPS BASEBALL CHROME CARDS AUTOGRAPH PARALLEL,,U90CA-FV,Fernando Valenzuela,Los Angeles Dodgers,U90CA-FV	Fernando Valenzuela	Los Angeles Dodgers,False
2026_topps_update,2026,Topps,Update,1990 TOPPS BASEBALL CHROME CARDS AUTOGRAPH PARALLEL,,U90CA-GM,Greg Maddux,Chicago Cubs,U90CA-GM	Greg Maddux	Chicago Cubs,False
2026_topps_update,2026,Topps,Update,1990 TOPPS BASEBALL CHROME CARDS AUTOGRAPH PARALLEL,,U90CA-GMX,Greg Maddux,Atlanta Braves,U90CA-GMX	Greg Maddux	Atlanta Braves,False
2026_topps_update,2026,Topps,Update,1990 TOPPS BASEBALL CHROME CARDS AUTOGRAPH PARALLEL,,U90CA-GS,George Springer,Toronto Blue Jays,U90CA-GS	George Springer	Toronto Blue Jays,False
2026_topps_update,2026,Topps,Update,1990 TOPPS BASEBALL CHROME CARDS AUTOGRAPH PARALLEL,,U90CA-HK,Hyeseong Kim,Los Angeles Dodgers	Rookie,U90CA-HK	Hyeseong Kim	Los Angeles Dodgers	Rookie,False
2026_topps_update,2026,Topps,Update,1990 TOPPS BASEBALL CHROME CARDS AUTOGRAPH PARALLEL,,U90CA-HM,Hideki Matsui,New York Yankees,U90CA-HM	Hideki Matsui	New York Yankees,False
2026_topps_update,2026,Topps,Update,1990 TOPPS BASEBALL CHROME CARDS AUTOGRAPH PARALLEL,,U90CA-JB,Johnny Bench,Cincinnati Reds,U90CA-JB	Johnny Bench	Cincinnati Reds,False
2026_topps_update,2026,Topps,Update,1990 TOPPS BASEBALL CHROME CARDS AUTOGRAPH PARALLEL,,U90CA-JC,Jackson Chourio,Milwaukee Brewers,U90CA-JC	Jackson Chourio	Milwaukee Brewers,False
2026_topps_update,2026,Topps,Update,1990 TOPPS BASEBALL CHROME CARDS AUTOGRAPH PARALLEL,,U90CA-JD,Jasson Domínguez,New York Yankees,U90CA-JD	Jasson Domínguez	New York Yankees,False
2026_topps_update,2026,Topps,Update,1990 TOPPS BASEBALL CHROME CARDS AUTOGRAPH PARALLEL,,U90CA-JF,Jack Flaherty,Detroit Tigers,U90CA-JF	Jack Flaherty	Detroit Tigers,False
2026_topps_update,2026,Topps,Update,1990 TOPPS BASEBALL CHROME CARDS AUTOGRAPH PARALLEL,,U90CA-JH,Jung Hoo Lee,San Francisco Giants,U90CA-JH	Jung Hoo Lee	San Francisco Giants,False
2026_topps_update,2026,Topps,Update,1990 TOPPS BASEBALL CHROME CARDS AUTOGRAPH PARALLEL,,U90CA-JM,Joe Mauer,Minnesota Twins,U90CA-JM	Joe Mauer	Minnesota Twins,False
2026_topps_update,2026,Topps,Update,1990 TOPPS BASEBALL CHROME CARDS AUTOGRAPH PARALLEL,,U90CA-JOR,Jorbit Vivas,New York Yankees	Rookie,U90CA-JOR	Jorbit Vivas	New York Yankees	Rookie,False
2026_topps_update,2026,Topps,Update,1990 TOPPS BASEBALL CHROME CARDS AUTOGRAPH PARALLEL,,U90CA-JR,Julio Rodríguez,Seattle Mariners,U90CA-JR	Julio Rodríguez	Seattle Mariners,False
2026_topps_update,2026,Topps,Update,1990 TOPPS BASEBALL CHROME CARDS AUTOGRAPH PARALLEL,,U90CA-JS,Juan Soto,New York Mets,U90CA-JS	Juan Soto	New York Mets,False
2026_topps_update,2026,Topps,Update,1990 TOPPS BASEBALL CHROME CARDS AUTOGRAPH PARALLEL,,U90CA-JV,Joey Votto,Cincinnati Reds,U90CA-JV	Joey Votto	Cincinnati Reds,False
2026_topps_update,2026,Topps,Update,1990 TOPPS BASEBALL CHROME CARDS AUTOGRAPH PARALLEL,,U90CA-JW,Jacob Wilson,Athletics	Rookie,U90CA-JW	Jacob Wilson	Athletics	Rookie,False
2026_topps_update,2026,Topps,Update,1990 TOPPS BASEBALL CHROME CARDS AUTOGRAPH PARALLEL,,U90CA-JWO,James Wood,Washington Nationals	Rookie,U90CA-JWO	James Wood	Washington Nationals	Rookie,False
2026_topps_update,2026,Topps,Update,1990 TOPPS BASEBALL CHROME CARDS AUTOGRAPH PARALLEL,,U90CA-KC,Kristian Campbell,Boston Red Sox	Rookie,U90CA-KC	Kristian Campbell	Boston Red Sox	Rookie,False
2026_topps_update,2026,Topps,Update,1990 TOPPS BASEBALL CHROME CARDS AUTOGRAPH PARALLEL,,U90CA-KG,Ken Griffey Jr.,Seattle Mariners,U90CA-KG	Ken Griffey Jr.	Seattle Mariners,False
2026_topps_update,2026,Topps,Update,1990 TOPPS BASEBALL CHROME CARDS AUTOGRAPH PARALLEL,,U90CA-KSH,Kyle Schwarber,Philadelphia Phillies,U90CA-KSH	Kyle Schwarber	Philadelphia Phillies,False
2026_topps_update,2026,Topps,Update,1990 TOPPS BASEBALL CHROME CARDS AUTOGRAPH PARALLEL,,U90CA-KTU,Kyle Tucker,Chicago Cubs,U90CA-KTU	Kyle Tucker	Chicago Cubs,False
2026_topps_update,2026,Topps,Update,1990 TOPPS BASEBALL CHROME CARDS AUTOGRAPH PARALLEL,,U90CA-LH,Logan Henderson,Milwaukee Brewers	Rookie,U90CA-LH	Logan Henderson	Milwaukee Brewers	Rookie,False
2026_topps_update,2026,Topps,Update,1990 TOPPS BASEBALL CHROME CARDS AUTOGRAPH PARALLEL,,U90CA-LK,Luke Keaschall,Minnesota Twins	Rookie,U90CA-LK	Luke Keaschall	Minnesota Twins	Rookie,False
2026_topps_update,2026,Topps,Update,1990 TOPPS BASEBALL CHROME CARDS AUTOGRAPH PARALLEL,,U90CA-MA,Mick Abel,Philadelphia Phillies	Rookie,U90CA-MA	Mick Abel	Philadelphia Phillies	Rookie,False
2026_topps_update,2026,Topps,Update,1990 TOPPS BASEBALL CHROME CARDS AUTOGRAPH PARALLEL,,U90CA-MB,Moisés Ballesteros,Chicago Cubs	Rookie,U90CA-MB	Moisés Ballesteros	Chicago Cubs	Rookie,False
2026_topps_update,2026,Topps,Update,1990 TOPPS BASEBALL CHROME CARDS AUTOGRAPH PARALLEL,,U90CA-MC,Miguel Cabrera,Detroit Tigers,U90CA-MC	Miguel Cabrera	Detroit Tigers,False
2026_topps_update,2026,Topps,Update,1990 TOPPS BASEBALL CHROME CARDS AUTOGRAPH PARALLEL,,U90CA-MF,Max Fried,New York Yankees,U90CA-MF	Max Fried	New York Yankees,False
2026_topps_update,2026,Topps,Update,1990 TOPPS BASEBALL CHROME CARDS AUTOGRAPH PARALLEL,,U90CA-MG,MacKenzie Gore,Washington Nationals,U90CA-MG	MacKenzie Gore	Washington Nationals,False
2026_topps_update,2026,Topps,Update,1990 TOPPS BASEBALL CHROME CARDS AUTOGRAPH PARALLEL,,U90CA-MM,Marcelo Mayer,Boston Red Sox	Rookie,U90CA-MM	Marcelo Mayer	Boston Red Sox	Rookie,False
2026_topps_update,2026,Topps,Update,1990 TOPPS BASEBALL CHROME CARDS AUTOGRAPH PARALLEL,,U90CA-MMG,Mark McGwire,St. Louis Cardinals,U90CA-MMG	Mark McGwire	St. Louis Cardinals,False
2026_topps_update,2026,Topps,Update,1990 TOPPS BASEBALL CHROME CARDS AUTOGRAPH PARALLEL,,U90CA-MMN,Max Muncy,Athletics	Rookie,U90CA-MMN	Max Muncy	Athletics	Rookie,False
2026_topps_update,2026,Topps,Update,1990 TOPPS BASEBALL CHROME CARDS AUTOGRAPH PARALLEL,,U90CA-MR,Manny Ramirez,Boston Red Sox,U90CA-MR	Manny Ramirez	Boston Red Sox,False
2026_topps_update,2026,Topps,Update,1990 TOPPS BASEBALL CHROME CARDS AUTOGRAPH PARALLEL,,U90CA-MS,Matt Shaw,Chicago Cubs	Rookie,U90CA-MS	Matt Shaw	Chicago Cubs	Rookie,False
2026_topps_update,2026,Topps,Update,1990 TOPPS BASEBALL CHROME CARDS AUTOGRAPH PARALLEL,,U90CA-MT,Mike Trout,Angels,U90CA-MT	Mike Trout	Angels,False
2026_topps_update,2026,Topps,Update,1990 TOPPS BASEBALL CHROME CARDS AUTOGRAPH PARALLEL,,U90CA-NC,Noah Cameron,Kansas City Royals	Rookie,U90CA-NC	Noah Cameron	Kansas City Royals	Rookie,False
2026_topps_update,2026,Topps,Update,1990 TOPPS BASEBALL CHROME CARDS AUTOGRAPH PARALLEL,,U90CA-NG,Nomar Garciaparra,Boston Red Sox,U90CA-NG	Nomar Garciaparra	Boston Red Sox,False
2026_topps_update,2026,Topps,Update,1990 TOPPS BASEBALL CHROME CARDS AUTOGRAPH PARALLEL,,U90CA-NK,Nick Kurtz,Athletics	Rookie,U90CA-NK	Nick Kurtz	Athletics	Rookie,False
2026_topps_update,2026,Topps,Update,1990 TOPPS BASEBALL CHROME CARDS AUTOGRAPH PARALLEL,,U90CA-NR,Nolan Ryan,California Angels,U90CA-NR	Nolan Ryan	California Angels,False
2026_topps_update,2026,Topps,Update,1990 TOPPS BASEBALL CHROME CARDS AUTOGRAPH PARALLEL,,U90CA-OS,Ozzie Smith,St. Louis Cardinals,U90CA-OS	Ozzie Smith	St. Louis Cardinals,False
2026_topps_update,2026,Topps,Update,1990 TOPPS BASEBALL CHROME CARDS AUTOGRAPH PARALLEL,,U90CA-PC,Pete Crow-Armstrong,Chicago Cubs,U90CA-PC	Pete Crow-Armstrong	Chicago Cubs,False
2026_topps_update,2026,Topps,Update,1990 TOPPS BASEBALL CHROME CARDS AUTOGRAPH PARALLEL,,U90CA-PG,Paul Goldschmidt,New York Yankees,U90CA-PG	Paul Goldschmidt	New York Yankees,False
2026_topps_update,2026,Topps,Update,1990 TOPPS BASEBALL CHROME CARDS AUTOGRAPH PARALLEL,,U90CA-PS,Paul Skenes,Pittsburgh Pirates,U90CA-PS	Paul Skenes	Pittsburgh Pirates,False
2026_topps_update,2026,Topps,Update,1990 TOPPS BASEBALL CHROME CARDS AUTOGRAPH PARALLEL,,U90CA-RAJ,Ronald Acuña Jr.,Atlanta Braves,U90CA-RAJ	Ronald Acuña Jr.	Atlanta Braves,False
2026_topps_update,2026,Topps,Update,1990 TOPPS BASEBALL CHROME CARDS AUTOGRAPH PARALLEL,,U90CA-RC,Roger Clemens,Boston Red Sox,U90CA-RC	Roger Clemens	Boston Red Sox,False
2026_topps_update,2026,Topps,Update,1990 TOPPS BASEBALL CHROME CARDS AUTOGRAPH PARALLEL,,U90CA-RH,Robert Hassell III,Washington Nationals	Rookie,U90CA-RH	Robert Hassell III	Washington Nationals	Rookie,False
2026_topps_update,2026,Topps,Update,1990 TOPPS BASEBALL CHROME CARDS AUTOGRAPH PARALLEL,,U90CA-RS,Roki Sasaki,Los Angeles Dodgers	Rookie,U90CA-RS	Roki Sasaki	Los Angeles Dodgers	Rookie,False
2026_topps_update,2026,Topps,Update,1990 TOPPS BASEBALL CHROME CARDS AUTOGRAPH PARALLEL,,U90CA-S,Max Scherzer,Toronto Blue Jays,U90CA-S	Max Scherzer	Toronto Blue Jays,False
2026_topps_update,2026,Topps,Update,1990 TOPPS BASEBALL CHROME CARDS AUTOGRAPH PARALLEL,,U90CA-SSO,Sammy Sosa,Chicago Cubs,U90CA-SSO	Sammy Sosa	Chicago Cubs,False
2026_topps_update,2026,Topps,Update,1990 TOPPS BASEBALL CHROME CARDS AUTOGRAPH PARALLEL,,U90CA-TH,Thomas Harrington,Pittsburgh Pirates	Rookie,U90CA-TH	Thomas Harrington	Pittsburgh Pirates	Rookie,False
2026_topps_update,2026,Topps,Update,1990 TOPPS BASEBALL CHROME CARDS AUTOGRAPH PARALLEL,,U90CA-TSO,Tyler Soderstrom,Athletics,U90CA-TSO	Tyler Soderstrom	Athletics,False
2026_topps_update,2026,Topps,Update,1990 TOPPS BASEBALL CHROME CARDS AUTOGRAPH PARALLEL,,U90CA-WAL,Jerome Walton,Chicago Cubs,U90CA-WAL	Jerome Walton	Chicago Cubs,False
2026_topps_update,2026,Topps,Update,1990 TOPPS BASEBALL CHROME CARDS AUTOGRAPH PARALLEL,,U90CA-WS,Will Smith,Los Angeles Dodgers,U90CA-WS	Will Smith	Los Angeles Dodgers,False
2026_topps_update,2026,Topps,Update,1990 TOPPS BASEBALL CHROME CARDS AUTOGRAPH PARALLEL,,U90CA-YD,Yu Darvish,San Diego Padres,U90CA-YD	Yu Darvish	San Diego Padres,False
2026_topps_update,2026,Topps,Update,1990 TOPPS BASEBALL CHROME CARDS AUTOGRAPH PARALLEL,,U90CA-ZV,Zac Veen,Colorado Rockies	Rookie,U90CA-ZV	Zac Veen	Colorado Rockies	Rookie,False
2026_topps_update,2026,Topps,Update,SIGNATURE TUNES DUAL AUTOGRAPHS,,TUNE-OSE,Big Sean,Musician,TUNE-OSE	Big Sean	Musician,False
2026_topps_update,2026,Topps,Update,SIGNATURE TUNES DUAL AUTOGRAPHS,,TUNE-OSE,David Ortiz,Boston Red Sox,TUNE-OSE	David Ortiz	Boston Red Sox,False
2026_topps_update,2026,Topps,Update,HOBBY/HOBBY JUMBO EXCLUSIVE,,TOPPS,FLAGSHIP AUTOGRAPH PATCH,CARDS,TOPPS FLAGSHIP AUTOGRAPH PATCH	CARDS,False
2026_topps_update,2026,Topps,Update,HOBBY/HOBBY JUMBO EXCLUSIVE,,TFAPU-AG,Adolis García,Texas Rangers,TFAPU-AG	Adolis García	Texas Rangers,False
2026_topps_update,2026,Topps,Update,HOBBY/HOBBY JUMBO EXCLUSIVE,,TFAPU-AJ,Aaron Judge,New York Yankees,TFAPU-AJ	Aaron Judge	New York Yankees,False
2026_topps_update,2026,Topps,Update,HOBBY/HOBBY JUMBO EXCLUSIVE,,TFAPU-BB,Byron Buxton,Minnesota Twins,TFAPU-BB	Byron Buxton	Minnesota Twins,False
2026_topps_update,2026,Topps,Update,HOBBY/HOBBY JUMBO EXCLUSIVE,,TFAPU-CB,Charlie Blackmon,Colorado Rockies,TFAPU-CB	Charlie Blackmon	Colorado Rockies,False
2026_topps_update,2026,Topps,Update,HOBBY/HOBBY JUMBO EXCLUSIVE,,TFAPU-CS,CC Sabathia,New York Yankees,TFAPU-CS	CC Sabathia	New York Yankees,False
2026_topps_update,2026,Topps,Update,HOBBY/HOBBY JUMBO EXCLUSIVE,,TFAPU-FH,Félix Hernández,Seattle Mariners,TFAPU-FH	Félix Hernández	Seattle Mariners,False
2026_topps_update,2026,Topps,Update,HOBBY/HOBBY JUMBO EXCLUSIVE,,TFAPU-JD,Jasson Domínguez,New York Yankees,TFAPU-JD	Jasson Domínguez	New York Yankees,False
2026_topps_update,2026,Topps,Update,HOBBY/HOBBY JUMBO EXCLUSIVE,,TFAPU-JW,James Wood,Washington Nationals	Rookie,TFAPU-JW	James Wood	Washington Nationals	Rookie,False
2026_topps_update,2026,Topps,Update,HOBBY/HOBBY JUMBO EXCLUSIVE,,TFAPU-MH,Michael Harris II,Atlanta Braves,TFAPU-MH	Michael Harris II	Atlanta Braves,False
2026_topps_update,2026,Topps,Update,HOBBY/HOBBY JUMBO EXCLUSIVE,,TFAPU-MT,Mike Trout,Angels,TFAPU-MT	Mike Trout	Angels,False
2026_topps_update,2026,Topps,Update,HOBBY/HOBBY JUMBO EXCLUSIVE,,TFAPU-SK,Steven Kwan,Cleveland Guardians,TFAPU-SK	Steven Kwan	Cleveland Guardians,False
2026_topps_update,2026,Topps,Update,HOBBY/HOBBY JUMBO EXCLUSIVE,,TFAP-BM,Bobby Miller,Los Angeles Dodgers,TFAP-BM	Bobby Miller	Los Angeles Dodgers,False
2026_topps_update,2026,Topps,Update,HOBBY/HOBBY JUMBO EXCLUSIVE,,TFAP-FIE,Prince Fielder,Texas Rangers,TFAP-FIE	Prince Fielder	Texas Rangers,False
2026_topps_update,2026,Topps,Update,HOBBY/HOBBY JUMBO EXCLUSIVE,,TFAP-FP,Freddy Peralta,Milwaukee Brewers,TFAP-FP	Freddy Peralta	Milwaukee Brewers,False
2026_topps_update,2026,Topps,Update,HOBBY/HOBBY JUMBO EXCLUSIVE,,TFAP-GC,Gerrit Cole,New York Yankees,TFAP-GC	Gerrit Cole	New York Yankees,False
2026_topps_update,2026,Topps,Update,HOBBY/HOBBY JUMBO EXCLUSIVE,,TFAP-IR,Ivan Rodriguez,Detroit Tigers,TFAP-IR	Ivan Rodriguez	Detroit Tigers,False
2026_topps_update,2026,Topps,Update,HOBBY/HOBBY JUMBO EXCLUSIVE,,TFAP-IROD,Ivan Rodriguez,Houston Astros,TFAP-IROD	Ivan Rodriguez	Houston Astros,False
2026_topps_update,2026,Topps,Update,HOBBY/HOBBY JUMBO EXCLUSIVE,,TFAP-IVAN,Ivan Rodriguez,Washington Nationals,TFAP-IVAN	Ivan Rodriguez	Washington Nationals,False
2026_topps_update,2026,Topps,Update,HOBBY/HOBBY JUMBO EXCLUSIVE,,TFAP-JA,Jose Altuve,Houston Astros,TFAP-JA	Jose Altuve	Houston Astros,False
2026_topps_update,2026,Topps,Update,HOBBY/HOBBY JUMBO EXCLUSIVE,,TFAP-LA,Luis Arraez,San Diego Padres,TFAP-LA	Luis Arraez	San Diego Padres,False
2026_topps_update,2026,Topps,Update,HOBBY/HOBBY JUMBO EXCLUSIVE,,TFAP-LR,Luis Robert Jr.,Chicago White Sox,TFAP-LR	Luis Robert Jr.	Chicago White Sox,False
2026_topps_update,2026,Topps,Update,HOBBY/HOBBY JUMBO EXCLUSIVE,,TFAP-MC,Matt Chapman,San Francisco Giants,TFAP-MC	Matt Chapman	San Francisco Giants,False
2026_topps_update,2026,Topps,Update,HOBBY/HOBBY JUMBO EXCLUSIVE,,TFAP-PF,Prince Fielder,Detroit Tigers,TFAP-PF	Prince Fielder	Detroit Tigers,False
2026_topps_update,2026,Topps,Update,HOBBY/HOBBY JUMBO EXCLUSIVE,,TFAP-RG,Riley Greene,Detroit Tigers,TFAP-RG	Riley Greene	Detroit Tigers,False
2026_topps_update,2026,Topps,Update,HOBBY/HOBBY JUMBO EXCLUSIVE,,TFAP-YA,Yordan Alvarez,Houston Astros,TFAP-YA	Yordan Alvarez	Houston Astros,False
2026_topps_update,2026,Topps,Update,HOBBY/HOBBY JUMBO EXCLUSIVE,,TFAP2-AB,Alec Burleson,St. Louis Cardinals,TFAP2-AB	Alec Burleson	St. Louis Cardinals,False
2026_topps_update,2026,Topps,Update,HOBBY/HOBBY JUMBO EXCLUSIVE,,TFAP2-ABO,Alec Bohm,Philadelphia Phillies,TFAP2-ABO	Alec Bohm	Philadelphia Phillies,False
2026_topps_update,2026,Topps,Update,HOBBY/HOBBY JUMBO EXCLUSIVE,,TFAP2-AG,Alex Gordon,Kansas City Royals,TFAP2-AG	Alex Gordon	Kansas City Royals,False
2026_topps_update,2026,Topps,Update,HOBBY/HOBBY JUMBO EXCLUSIVE,,TFAP2-AR,Austin Riley,Atlanta Braves,TFAP2-AR	Austin Riley	Atlanta Braves,False
2026_topps_update,2026,Topps,Update,HOBBY/HOBBY JUMBO EXCLUSIVE,,TFAP2-AV,Anthony Volpe,New York Yankees,TFAP2-AV	Anthony Volpe	New York Yankees,False
2026_topps_update,2026,Topps,Update,HOBBY/HOBBY JUMBO EXCLUSIVE,,TFAP2-BL,Brooks Lee,Minnesota Twins	Rookie,TFAP2-BL	Brooks Lee	Minnesota Twins	Rookie,False
2026_topps_update,2026,Topps,Update,HOBBY/HOBBY JUMBO EXCLUSIVE,,TFAP2-BR,Bryan Reynolds,Pittsburgh Pirates,TFAP2-BR	Bryan Reynolds	Pittsburgh Pirates,False
2026_topps_update,2026,Topps,Update,HOBBY/HOBBY JUMBO EXCLUSIVE,,TFAP2-BW,Bobby Witt Jr.,Kansas City Royals,TFAP2-BW	Bobby Witt Jr.	Kansas City Royals,False
2026_topps_update,2026,Topps,Update,HOBBY/HOBBY JUMBO EXCLUSIVE,,TFAP2-BZ,Barry Zito,Oakland Athletics,TFAP2-BZ	Barry Zito	Oakland Athletics,False
2026_topps_update,2026,Topps,Update,HOBBY/HOBBY JUMBO EXCLUSIVE,,TFAP2-CK,Colt Keith,Detroit Tigers,TFAP2-CK	Colt Keith	Detroit Tigers,False
2026_topps_update,2026,Topps,Update,HOBBY/HOBBY JUMBO EXCLUSIVE,,TFAP2-DJ,David Justice,Atlanta Braves,TFAP2-DJ	David Justice	Atlanta Braves,False
2026_topps_update,2026,Topps,Update,HOBBY/HOBBY JUMBO EXCLUSIVE,,TFAP2-EP,Eury Pérez,Miami Marlins,TFAP2-EP	Eury Pérez	Miami Marlins,False
2026_topps_update,2026,Topps,Update,HOBBY/HOBBY JUMBO EXCLUSIVE,,TFAP2-FL,Francisco Lindor,New York Mets,TFAP2-FL	Francisco Lindor	New York Mets,False
2026_topps_update,2026,Topps,Update,HOBBY/HOBBY JUMBO EXCLUSIVE,,TFAP2-FP,Freddy Peralta,Milwaukee Brewers,TFAP2-FP	Freddy Peralta	Milwaukee Brewers,False
2026_topps_update,2026,Topps,Update,HOBBY/HOBBY JUMBO EXCLUSIVE,,TFAP2-HR,Hanley Ramirez,Florida Marlins,TFAP2-HR	Hanley Ramirez	Florida Marlins,False
2026_topps_update,2026,Topps,Update,HOBBY/HOBBY JUMBO EXCLUSIVE,,TFAP2-IH,Ian Happ,Chicago Cubs,TFAP2-IH	Ian Happ	Chicago Cubs,False
2026_topps_update,2026,Topps,Update,HOBBY/HOBBY JUMBO EXCLUSIVE,,TFAP2-IR,Ivan Rodriguez,Detroit Tigers,TFAP2-IR	Ivan Rodriguez	Detroit Tigers,False
2026_topps_update,2026,Topps,Update,HOBBY/HOBBY JUMBO EXCLUSIVE,,TFAP2-JA,Jose Altuve,Houston Astros,TFAP2-JA	Jose Altuve	Houston Astros,False
2026_topps_update,2026,Topps,Update,HOBBY/HOBBY JUMBO EXCLUSIVE,,TFAP2-JC,Jackson Chourio,Milwaukee Brewers,TFAP2-JC	Jackson Chourio	Milwaukee Brewers,False
2026_topps_update,2026,Topps,Update,HOBBY/HOBBY JUMBO EXCLUSIVE,,TFAP2-JME,Jackson Merrill,San Diego Padres,TFAP2-JME	Jackson Merrill	San Diego Padres,False
2026_topps_update,2026,Topps,Update,HOBBY/HOBBY JUMBO EXCLUSIVE,,TFAP2-JR,J.T. Realmuto,Philadelphia Phillies,TFAP2-JR	J.T. Realmuto	Philadelphia Phillies,False
2026_topps_update,2026,Topps,Update,HOBBY/HOBBY JUMBO EXCLUSIVE,,TFAP2-JROD,Julio Rodríguez,Seattle Mariners,TFAP2-JROD 	Julio Rodríguez	Seattle Mariners,False
2026_topps_update,2026,Topps,Update,HOBBY/HOBBY JUMBO EXCLUSIVE,,TFAP2-JSM,John Smoltz,Atlanta Braves,TFAP2-JSM	John Smoltz	Atlanta Braves,False
2026_topps_update,2026,Topps,Update,HOBBY/HOBBY JUMBO EXCLUSIVE,,TFAP2-KH,Ke'Bryan Hayes,Pittsburgh Pirates,TFAP2-KH	Ke'Bryan Hayes	Pittsburgh Pirates,False
2026_topps_update,2026,Topps,Update,HOBBY/HOBBY JUMBO EXCLUSIVE,,TFAP2-KT,Kyle Tucker,Houston Astros,TFAP2-KT	Kyle Tucker	Houston Astros,False
2026_topps_update,2026,Topps,Update,HOBBY/HOBBY JUMBO EXCLUSIVE,,TFAP2-LR,Luis Robert Jr.,Chicago White Sox,TFAP2-LR	Luis Robert Jr.	Chicago White Sox,False
2026_topps_update,2026,Topps,Update,HOBBY/HOBBY JUMBO EXCLUSIVE,,TFAP2-LWA,Larry Walker,Colorado Rockies,TFAP2-LWA	Larry Walker	Colorado Rockies,False
2026_topps_update,2026,Topps,Update,HOBBY/HOBBY JUMBO EXCLUSIVE,,TFAP2-MG,Mark Grace,Arizona Diamondbacks,TFAP2-MG	Mark Grace	Arizona Diamondbacks,False
2026_topps_update,2026,Topps,Update,HOBBY/HOBBY JUMBO EXCLUSIVE,,TFAP2-MY,Mike Yastrzemski,San Francisco Giants,TFAP2-MY	Mike Yastrzemski	San Francisco Giants,False
2026_topps_update,2026,Topps,Update,HOBBY/HOBBY JUMBO EXCLUSIVE,,TFAP2-MYO,Masataka Yoshida,Boston Red Sox,TFAP2-MYO	Masataka Yoshida	Boston Red Sox,False
2026_topps_update,2026,Topps,Update,HOBBY/HOBBY JUMBO EXCLUSIVE,,TFAP2-NC,Nestor Cortes,New York Yankees,TFAP2-NC	Nestor Cortes	New York Yankees,False
2026_topps_update,2026,Topps,Update,HOBBY/HOBBY JUMBO EXCLUSIVE,,TFAP2-NS,Nolan Schanuel,Angels,TFAP2-NS	Nolan Schanuel	Angels,False
2026_topps_update,2026,Topps,Update,HOBBY/HOBBY JUMBO EXCLUSIVE,,TFAP2-OA,Ozzie Albies,Atlanta Braves,TFAP2-OA	Ozzie Albies	Atlanta Braves,False
2026_topps_update,2026,Topps,Update,HOBBY/HOBBY JUMBO EXCLUSIVE,,TFAP2-PF,Prince Fielder,Detroit Tigers,TFAP2-PF	Prince Fielder	Detroit Tigers,False
2026_topps_update,2026,Topps,Update,HOBBY/HOBBY JUMBO EXCLUSIVE,,TFAP2-RD,Reid Detmers,Angels,TFAP2-RD	Reid Detmers	Angels,False
2026_topps_update,2026,Topps,Update,HOBBY/HOBBY JUMBO EXCLUSIVE,,TFAP2-RG,Riley Greene,Detroit Tigers,TFAP2-RG	Riley Greene	Detroit Tigers,False
2026_topps_update,2026,Topps,Update,HOBBY/HOBBY JUMBO EXCLUSIVE,,TFAP2-SF,Sal Frelick,Milwaukee Brewers,TFAP2-SF	Sal Frelick	Milwaukee Brewers,False
2026_topps_update,2026,Topps,Update,HOBBY/HOBBY JUMBO EXCLUSIVE,,TFAP2-SM,Shane McClanahan,Tampa Bay Rays,TFAP2-SM	Shane McClanahan	Tampa Bay Rays,False
2026_topps_update,2026,Topps,Update,HOBBY/HOBBY JUMBO EXCLUSIVE,,TFAP2-TC,Triston Casas,Boston Red Sox,TFAP2-TC	Triston Casas	Boston Red Sox,False
2026_topps_update,2026,Topps,Update,HOBBY/HOBBY JUMBO EXCLUSIVE,,TFAP2-THU,Torii Hunter,Detroit Tigers,TFAP2-THU	Torii Hunter	Detroit Tigers,False
2026_topps_update,2026,Topps,Update,HOBBY/HOBBY JUMBO EXCLUSIVE,,TFAP2-WC,William Contreras,Milwaukee Brewers,TFAP2-WC	William Contreras	Milwaukee Brewers,False
2026_topps_update,2026,Topps,Update,HOBBY/HOBBY JUMBO EXCLUSIVE,,TFAP2-WS,Will Smith,Los Angeles Dodgers,TFAP2-WS	Will Smith	Los Angeles Dodgers,False
2026_topps_update,2026,Topps,Update,HOBBY/HOBBY JUMBO EXCLUSIVE,,TFAP2-ZG,Zack Gelof,Athletics,TFAP2-ZG	Zack Gelof	Athletics,False
2026_topps_update,2026,Topps,Update,HEAVY LUMBER AUTOGRAPH RELIC,,HLARU-AB,Alec Bohm,Philadelphia Phillies,HLARU-AB	Alec Bohm	Philadelphia Phillies,False
2026_topps_update,2026,Topps,Update,HEAVY LUMBER AUTOGRAPH RELIC,,HLARU-AM,Andrew McCutchen,Pittsburgh Pirates,HLARU-AM	Andrew McCutchen	Pittsburgh Pirates,False
2026_topps_update,2026,Topps,Update,HEAVY LUMBER AUTOGRAPH RELIC,,HLARU-AP,Albert Pujols,St. Louis Cardinals,HLARU-AP	Albert Pujols	St. Louis Cardinals,False
2026_topps_update,2026,Topps,Update,HEAVY LUMBER AUTOGRAPH RELIC,,HLARU-AR,Adley Rutschman,Baltimore Orioles,HLARU-AR	Adley Rutschman	Baltimore Orioles,False
2026_topps_update,2026,Topps,Update,HEAVY LUMBER AUTOGRAPH RELIC,,HLARU-AT,Alan Trammell,Detroit Tigers,HLARU-AT	Alan Trammell	Detroit Tigers,False
2026_topps_update,2026,Topps,Update,HEAVY LUMBER AUTOGRAPH RELIC,,HLARU-AW,Austin Wells,New York Yankees,HLARU-AW	Austin Wells	New York Yankees,False
2026_topps_update,2026,Topps,Update,HEAVY LUMBER AUTOGRAPH RELIC,,HLARU-BB,Byron Buxton,Minnesota Twins,HLARU-BB	Byron Buxton	Minnesota Twins,False
2026_topps_update,2026,Topps,Update,HEAVY LUMBER AUTOGRAPH RELIC,,HLARU-BN,Brandon Nimmo,New York Mets,HLARU-BN	Brandon Nimmo	New York Mets,False
2026_topps_update,2026,Topps,Update,HEAVY LUMBER AUTOGRAPH RELIC,,HLARU-BR,Bryan Reynolds,Pittsburgh Pirates,HLARU-BR	Bryan Reynolds	Pittsburgh Pirates,False
2026_topps_update,2026,Topps,Update,HEAVY LUMBER AUTOGRAPH RELIC,,HLARU-BRO,Brent Rooker,Athletics,HLARU-BRO	Brent Rooker	Athletics,False
2026_topps_update,2026,Topps,Update,HEAVY LUMBER AUTOGRAPH RELIC,,HLARU-BW,Bernie Williams,New York Yankees,HLARU-BW	Bernie Williams	New York Yankees,False
2026_topps_update,2026,Topps,Update,HEAVY LUMBER AUTOGRAPH RELIC,,HLARU-CB,Carlos Beltran,Kansas City Royals,HLARU-CB	Carlos Beltran	Kansas City Royals,False
2026_topps_update,2026,Topps,Update,HEAVY LUMBER AUTOGRAPH RELIC,,HLARU-CBI,Craig Biggio,Houston Astros,HLARU-CBI	Craig Biggio	Houston Astros,False
2026_topps_update,2026,Topps,Update,HEAVY LUMBER AUTOGRAPH RELIC,,HLARU-CBN,Carlos Beltran,Houston Astros,HLARU-CBN	Carlos Beltran	Houston Astros,False
2026_topps_update,2026,Topps,Update,HEAVY LUMBER AUTOGRAPH RELIC,,HLARU-CC,Colton Cowser,Baltimore Orioles,HLARU-CC	Colton Cowser	Baltimore Orioles,False
2026_topps_update,2026,Topps,Update,HEAVY LUMBER AUTOGRAPH RELIC,,HLARU-CCA,Corbin Carroll,Arizona Diamondbacks,HLARU-CCA	Corbin Carroll	Arizona Diamondbacks,False
2026_topps_update,2026,Topps,Update,HEAVY LUMBER AUTOGRAPH RELIC,,HLARU-CR,Cal Raleigh,Seattle Mariners,HLARU-CR	Cal Raleigh	Seattle Mariners,False
2026_topps_update,2026,Topps,Update,HEAVY LUMBER AUTOGRAPH RELIC,,HLARU-CU,Chase Utley,Philadelphia Phillies,HLARU-CU	Chase Utley	Philadelphia Phillies,False
2026_topps_update,2026,Topps,Update,HEAVY LUMBER AUTOGRAPH RELIC,,HLARU-DW,David Wright,New York Mets,HLARU-DW	David Wright	New York Mets,False
2026_topps_update,2026,Topps,Update,HEAVY LUMBER AUTOGRAPH RELIC,,HLARU-ED,Eric Davis,Cincinnati Reds,HLARU-ED	Eric Davis	Cincinnati Reds,False
2026_topps_update,2026,Topps,Update,HEAVY LUMBER AUTOGRAPH RELIC,,HLARU-EDC,Elly De La Cruz,Cincinnati Reds,HLARU-EDC	Elly De La Cruz	Cincinnati Reds,False
2026_topps_update,2026,Topps,Update,HEAVY LUMBER AUTOGRAPH RELIC,,HLARU-EL,Evan Longoria,Tampa Bay Rays,HLARU-EL	Evan Longoria	Tampa Bay Rays,False
2026_topps_update,2026,Topps,Update,HEAVY LUMBER AUTOGRAPH RELIC,,HLARU-FM,Fred McGriff,Toronto Blue Jays,HLARU-FM	Fred McGriff	Toronto Blue Jays,False
2026_topps_update,2026,Topps,Update,HEAVY LUMBER AUTOGRAPH RELIC,,HLARU-FMC,Fred McGriff,Tampa Bay Devil Rays,HLARU-FMC	Fred McGriff	Tampa Bay Devil Rays,False
2026_topps_update,2026,Topps,Update,HEAVY LUMBER AUTOGRAPH RELIC,,HLARU-FT,Frank Thomas,Chicago White Sox,HLARU-FT	Frank Thomas	Chicago White Sox,False
2026_topps_update,2026,Topps,Update,HEAVY LUMBER AUTOGRAPH RELIC,,HLARU-JE,Jim Edmonds,St. Louis Cardinals,HLARU-JE	Jim Edmonds	St. Louis Cardinals,False
2026_topps_update,2026,Topps,Update,HEAVY LUMBER AUTOGRAPH RELIC,,HLARU-JG,Juan Gonzalez,Texas Rangers,HLARU-JG	Juan Gonzalez	Texas Rangers,False
2026_topps_update,2026,Topps,Update,HEAVY LUMBER AUTOGRAPH RELIC,,HLARU-JJ,Josh Jung,Texas Rangers,HLARU-JJ	Josh Jung	Texas Rangers,False
2026_topps_update,2026,Topps,Update,HEAVY LUMBER AUTOGRAPH RELIC,,HLARU-JR,Jimmy Rollins,Philadelphia Phillies,HLARU-JR	Jimmy Rollins	Philadelphia Phillies,False
2026_topps_update,2026,Topps,Update,HEAVY LUMBER AUTOGRAPH RELIC,,HLARU-JRA,José Ramírez,Cleveland Guardians,HLARU-JRA	José Ramírez	Cleveland Guardians,False
2026_topps_update,2026,Topps,Update,HEAVY LUMBER AUTOGRAPH RELIC,,HLARU-JRE,J.T. Realmuto,Philadelphia Phillies,HLARU-JRE	J.T. Realmuto	Philadelphia Phillies,False
2026_topps_update,2026,Topps,Update,HEAVY LUMBER AUTOGRAPH RELIC,,HLARU-JS,Juan Soto,New York Mets,HLARU-JS	Juan Soto	New York Mets,False
2026_topps_update,2026,Topps,Update,HEAVY LUMBER AUTOGRAPH RELIC,,HLARU-JV,Jason Varitek,Boston Red Sox,HLARU-JV	Jason Varitek	Boston Red Sox,False
2026_topps_update,2026,Topps,Update,HEAVY LUMBER AUTOGRAPH RELIC,,HLARU-JW,James Wood,Washington Nationals	Rookie,HLARU-JW	James Wood	Washington Nationals	Rookie,False
2026_topps_update,2026,Topps,Update,HEAVY LUMBER AUTOGRAPH RELIC,,HLARU-KT,Kyle Tucker,Chicago Cubs,HLARU-KT	Kyle Tucker	Chicago Cubs,False
2026_topps_update,2026,Topps,Update,HEAVY LUMBER AUTOGRAPH RELIC,,HLARU-LW,Larry Walker,Montréal Expos,HLARU-LW	Larry Walker	Montréal Expos,False
2026_topps_update,2026,Topps,Update,HEAVY LUMBER AUTOGRAPH RELIC,,HLARU-MC,Miguel Cabrera,Detroit Tigers,HLARU-MC	Miguel Cabrera	Detroit Tigers,False
2026_topps_update,2026,Topps,Update,HEAVY LUMBER AUTOGRAPH RELIC,,HLARU-MCA,Miguel Cabrera,Florida Marlins,HLARU-MCA	Miguel Cabrera	Florida Marlins,False
2026_topps_update,2026,Topps,Update,HEAVY LUMBER AUTOGRAPH RELIC,,HLARU-MO,Marcell Ozuna,Atlanta Braves,HLARU-MO	Marcell Ozuna	Atlanta Braves,False
2026_topps_update,2026,Topps,Update,HEAVY LUMBER AUTOGRAPH RELIC,,HLARU-NG,Nomar Garciaparra,Boston Red Sox,HLARU-NG	Nomar Garciaparra	Boston Red Sox,False
2026_topps_update,2026,Topps,Update,HEAVY LUMBER AUTOGRAPH RELIC,,HLARU-NS,Nolan Schanuel,Angels,HLARU-NS	Nolan Schanuel	Angels,False
2026_topps_update,2026,Topps,Update,HEAVY LUMBER AUTOGRAPH RELIC,,HLARU-PF,Prince Fielder,Milwaukee Brewers,HLARU-PF	Prince Fielder	Milwaukee Brewers,False
2026_topps_update,2026,Topps,Update,HEAVY LUMBER AUTOGRAPH RELIC,,HLARU-PG,Paul Goldschmidt,New York Yankees,HLARU-PG	Paul Goldschmidt	New York Yankees,False
2026_topps_update,2026,Topps,Update,HEAVY LUMBER AUTOGRAPH RELIC,,HLARU-PK,Paul Konerko,Chicago White Sox,HLARU-PK	Paul Konerko	Chicago White Sox,False
2026_topps_update,2026,Topps,Update,HEAVY LUMBER AUTOGRAPH RELIC,,HLARU-PM,Paul Molitor,Minnesota Twins,HLARU-PM	Paul Molitor	Minnesota Twins,False
2026_topps_update,2026,Topps,Update,HEAVY LUMBER AUTOGRAPH RELIC,,HLARU-PMO,Paul Molitor,Milwaukee Brewers,HLARU-PMO	Paul Molitor	Milwaukee Brewers,False
2026_topps_update,2026,Topps,Update,HEAVY LUMBER AUTOGRAPH RELIC,,HLARU-RJ,Reggie Jackson,California Angels,HLARU-RJ	Reggie Jackson	California Angels,False
2026_topps_update,2026,Topps,Update,HEAVY LUMBER AUTOGRAPH RELIC,,HLARU-RL,Royce Lewis,Minnesota Twins,HLARU-RL	Royce Lewis	Minnesota Twins,False
2026_topps_update,2026,Topps,Update,HEAVY LUMBER AUTOGRAPH RELIC,,HLARU-SG,Steve Garvey,Los Angeles Dodgers,HLARU-SG	Steve Garvey	Los Angeles Dodgers,False
2026_topps_update,2026,Topps,Update,HEAVY LUMBER AUTOGRAPH RELIC,,HLARU-SS,Spencer Steer,Cincinnati Reds,HLARU-SS	Spencer Steer	Cincinnati Reds,False
2026_topps_update,2026,Topps,Update,HEAVY LUMBER AUTOGRAPH RELIC,,HLARU-TO,Tony Oliva,Minnesota Twins,HLARU-TO	Tony Oliva	Minnesota Twins,False
2026_topps_update,2026,Topps,Update,HEAVY LUMBER AUTOGRAPH RELIC,,HLARU-VG,Vladimir Guerrero,Montréal Expos,HLARU-VG	Vladimir Guerrero	Montréal Expos,False
2026_topps_update,2026,Topps,Update,HEAVY LUMBER AUTOGRAPH RELIC,,HLARU-VGU,Vladimir Guerrero,Angels,HLARU-VGU	Vladimir Guerrero	Angels,False
2026_topps_update,2026,Topps,Update,HEAVY LUMBER AUTOGRAPH RELIC,,HLARU-WB,Wade Boggs,Tampa Bay Devil Rays,HLARU-WB	Wade Boggs	Tampa Bay Devil Rays,False
2026_topps_update,2026,Topps,Update,HEAVY LUMBER AUTOGRAPH RELIC,,HLARU-ZN,Zach Neto,Angels,HLARU-ZN	Zach Neto	Angels,False
2026_topps_update,2026,Topps,Update,HEAVY LUMBER AUTOGRAPH RELIC,,HLAR-DM,Don Mattingly,New York Yankees,HLAR-DM	Don Mattingly	New York Yankees,False
2026_topps_update,2026,Topps,Update,HEAVY LUMBER AUTOGRAPH RELIC,,HLAR-JA,Jose Altuve,Houston Astros,HLAR-JA	Jose Altuve	Houston Astros,False
2026_topps_update,2026,Topps,Update,HEAVY LUMBER AUTOGRAPH RELIC,,HLAR-YA,Yordan Alvarez,Houston Astros,HLAR-YA	Yordan Alvarez	Houston Astros,False
2026_topps_update,2026,Topps,Update,HEAVY LUMBER AUTOGRAPH RELIC,,HLAR2-ABE,Adrian Beltré,Texas Rangers,HLAR2-ABE	Adrian Beltré	Texas Rangers,False
2026_topps_update,2026,Topps,Update,HEAVY LUMBER AUTOGRAPH RELIC,,HLAR2-BL,Brooks Lee,Minnesota Twins	Rookie,HLAR2-BL	Brooks Lee	Minnesota Twins	Rookie,False
2026_topps_update,2026,Topps,Update,HEAVY LUMBER AUTOGRAPH RELIC,,HLAR2-BLA,Barry Larkin,Cincinnati Reds,HLAR2-BLA	Barry Larkin	Cincinnati Reds,False
2026_topps_update,2026,Topps,Update,HEAVY LUMBER AUTOGRAPH RELIC,,HLAR2-BW,Bobby Witt Jr.,Kansas City Royals,HLAR2-BW	Bobby Witt Jr.	Kansas City Royals,False
2026_topps_update,2026,Topps,Update,HEAVY LUMBER AUTOGRAPH RELIC,,HLAR2-CR,Cal Ripken Jr.,Baltimore Orioles,HLAR2-CR	Cal Ripken Jr.	Baltimore Orioles,False
2026_topps_update,2026,Topps,Update,HEAVY LUMBER AUTOGRAPH RELIC,,HLAR2-DJ,Derek Jeter,New York Yankees,HLAR2-DJ	Derek Jeter	New York Yankees,False
2026_topps_update,2026,Topps,Update,HEAVY LUMBER AUTOGRAPH RELIC,,HLAR2-DW,Dave Winfield,San Diego Padres,HLAR2-DW	Dave Winfield	San Diego Padres,False
2026_topps_update,2026,Topps,Update,HEAVY LUMBER AUTOGRAPH RELIC,,HLAR2-FF,Freddie Freeman,Los Angeles Dodgers,HLAR2-FF	Freddie Freeman	Los Angeles Dodgers,False
2026_topps_update,2026,Topps,Update,HEAVY LUMBER AUTOGRAPH RELIC,,HLAR2-FM,Fred McGriff,Chicago Cubs,HLAR2-FM	Fred McGriff	Chicago Cubs,False
2026_topps_update,2026,Topps,Update,HEAVY LUMBER AUTOGRAPH RELIC,,HLAR2-IR,Ivan Rodriguez,Florida Marlins,HLAR2-IR	Ivan Rodriguez	Florida Marlins,False
2026_topps_update,2026,Topps,Update,HEAVY LUMBER AUTOGRAPH RELIC,,HLAR2-JC,Jackson Chourio,Milwaukee Brewers,HLAR2-JC	Jackson Chourio	Milwaukee Brewers,False
2026_topps_update,2026,Topps,Update,HEAVY LUMBER AUTOGRAPH RELIC,,HLAR2-JCA,Jose Canseco,Oakland Athletics,HLAR2-JCA	Jose Canseco	Oakland Athletics,False
2026_topps_update,2026,Topps,Update,HEAVY LUMBER AUTOGRAPH RELIC,,HLAR2-JJ,Jace Jung,Detroit Tigers	Rookie,HLAR2-JJ	Jace Jung	Detroit Tigers	Rookie,False
2026_topps_update,2026,Topps,Update,HEAVY LUMBER AUTOGRAPH RELIC,,HLAR2-JM,Justin Morneau,Minnesota Twins,HLAR2-JM	Justin Morneau	Minnesota Twins,False
2026_topps_update,2026,Topps,Update,HEAVY LUMBER AUTOGRAPH RELIC,,HLAR2-JV,Joey Votto,Cincinnati Reds,HLAR2-JV	Joey Votto	Cincinnati Reds,False
2026_topps_update,2026,Topps,Update,HEAVY LUMBER AUTOGRAPH RELIC,,HLAR2-JW,Jacob Wilson,Athletics	Rookie,HLAR2-JW	Jacob Wilson	Athletics	Rookie,False
2026_topps_update,2026,Topps,Update,HEAVY LUMBER AUTOGRAPH RELIC,,HLAR2-KG,Ken Griffey Jr.,Cincinnati Reds,HLAR2-KG	Ken Griffey Jr.	Cincinnati Reds,False
2026_topps_update,2026,Topps,Update,HEAVY LUMBER AUTOGRAPH RELIC,,HLAR2-KS,Kyle Schwarber,Philadelphia Phillies,HLAR2-KS	Kyle Schwarber	Philadelphia Phillies,False
2026_topps_update,2026,Topps,Update,HEAVY LUMBER AUTOGRAPH RELIC,,HLAR2-LW,Larry Walker,Colorado Rockies,HLAR2-LW	Larry Walker	Colorado Rockies,False
2026_topps_update,2026,Topps,Update,HEAVY LUMBER AUTOGRAPH RELIC,,HLAR2-MG,Mark Grace,Chicago Cubs,HLAR2-MG	Mark Grace	Chicago Cubs,False
2026_topps_update,2026,Topps,Update,HEAVY LUMBER AUTOGRAPH RELIC,,HLAR2-MP,Mike Piazza,Los Angeles Dodgers,HLAR2-MP	Mike Piazza	Los Angeles Dodgers,False
2026_topps_update,2026,Topps,Update,HEAVY LUMBER AUTOGRAPH RELIC,,HLAR2-NH,Nico Hoerner,Chicago Cubs,HLAR2-NH	Nico Hoerner	Chicago Cubs,False
2026_topps_update,2026,Topps,Update,HEAVY LUMBER AUTOGRAPH RELIC,,HLAR2-PC,Pete Crow-Armstrong,Chicago Cubs,HLAR2-PC	Pete Crow-Armstrong	Chicago Cubs,False
2026_topps_update,2026,Topps,Update,HEAVY LUMBER AUTOGRAPH RELIC,,HLAR2-PO,Paul O'Neill,New York Yankees,HLAR2-PO	Paul O'Neill	New York Yankees,False
2026_topps_update,2026,Topps,Update,HEAVY LUMBER AUTOGRAPH RELIC,,HLAR2-RA,Ronald Acuña Jr.,Atlanta Braves,HLAR2-RA	Ronald Acuña Jr.	Atlanta Braves,False
2026_topps_update,2026,Topps,Update,HEAVY LUMBER AUTOGRAPH RELIC,,HLAR2-RG,Riley Greene,Detroit Tigers,HLAR2-RG	Riley Greene	Detroit Tigers,False
2026_topps_update,2026,Topps,Update,HEAVY LUMBER AUTOGRAPH RELIC,,HLAR2-RH,Ryan Howard,Philadelphia Phillies,HLAR2-RH	Ryan Howard	Philadelphia Phillies,False
2026_topps_update,2026,Topps,Update,HEAVY LUMBER AUTOGRAPH RELIC,,HLAR2-RM,Ryan Mountcastle,Baltimore Orioles,HLAR2-RM	Ryan Mountcastle	Baltimore Orioles,False
2026_topps_update,2026,Topps,Update,HEAVY LUMBER AUTOGRAPH RELIC,,HLAR2-TH,Torii Hunter,Minnesota Twins,HLAR2-TH	Torii Hunter	Minnesota Twins,False
2026_topps_update,2026,Topps,Update,HEAVY LUMBER AUTOGRAPH RELIC,,HLAR2-WC,William Contreras,Milwaukee Brewers,HLAR2-WC	William Contreras	Milwaukee Brewers,False
2026_topps_update,2026,Topps,Update,MAJOR LEAGUE MATERIAL AUTOGRAPH CARDS,,MMAU-AA,Adael Amador,Colorado Rockies	Rookie,MMAU-AA	Adael Amador	Colorado Rockies	Rookie,False
2026_topps_update,2026,Topps,Update,MAJOR LEAGUE MATERIAL AUTOGRAPH CARDS,,MMAU-AB,Alec Burleson,St. Louis Cardinals,MMAU-AB	Alec Burleson	St. Louis Cardinals,False
2026_topps_update,2026,Topps,Update,MAJOR LEAGUE MATERIAL AUTOGRAPH CARDS,,MMAU-ABE,Adrian Beltré,Texas Rangers,MMAU-ABE	Adrian Beltré	Texas Rangers,False
2026_topps_update,2026,Topps,Update,MAJOR LEAGUE MATERIAL AUTOGRAPH CARDS,,MMAU-AH,Austin Hays,Cincinnati Reds,MMAU-AH	Austin Hays	Cincinnati Reds,False
2026_topps_update,2026,Topps,Update,MAJOR LEAGUE MATERIAL AUTOGRAPH CARDS,,MMAU-AJ,Andruw Jones,Atlanta Braves,MMAU-AJ	Andruw Jones	Atlanta Braves,False
2026_topps_update,2026,Topps,Update,MAJOR LEAGUE MATERIAL AUTOGRAPH CARDS,,MMAU-AM,Andrew McCutchen,Pittsburgh Pirates,MMAU-AM	Andrew McCutchen	Pittsburgh Pirates,False
2026_topps_update,2026,Topps,Update,MAJOR LEAGUE MATERIAL AUTOGRAPH CARDS,,MMAU-ARA,Agustín Ramírez,Miami Marlins	Rookie,MMAU-ARA	Agustín Ramírez	Miami Marlins	Rookie,False
2026_topps_update,2026,Topps,Update,MAJOR LEAGUE MATERIAL AUTOGRAPH CARDS,,MMAU-BB,Byron Buxton,Minnesota Twins,MMAU-BB	Byron Buxton	Minnesota Twins,False
2026_topps_update,2026,Topps,Update,MAJOR LEAGUE MATERIAL AUTOGRAPH CARDS,,MMAU-BL,Brooks Lee,Minnesota Twins	Rookie,MMAU-BL	Brooks Lee	Minnesota Twins	Rookie,False
2026_topps_update,2026,Topps,Update,MAJOR LEAGUE MATERIAL AUTOGRAPH CARDS,,MMAU-BM,Bryce Miller,Seattle Mariners,MMAU-BM	Bryce Miller	Seattle Mariners,False
2026_topps_update,2026,Topps,Update,MAJOR LEAGUE MATERIAL AUTOGRAPH CARDS,,MMAU-BP,Brandon Pfaadt,Arizona Diamondbacks,MMAU-BP	Brandon Pfaadt	Arizona Diamondbacks,False
2026_topps_update,2026,Topps,Update,MAJOR LEAGUE MATERIAL AUTOGRAPH CARDS,,MMAU-BRI,Ben Rice,New York Yankees	Rookie,MMAU-BRI	Ben Rice	New York Yankees	Rookie,False
2026_topps_update,2026,Topps,Update,MAJOR LEAGUE MATERIAL AUTOGRAPH CARDS,,MMAU-BRO,Brent Rooker,Athletics,MMAU-BRO	Brent Rooker	Athletics,False
2026_topps_update,2026,Topps,Update,MAJOR LEAGUE MATERIAL AUTOGRAPH CARDS,,MMAU-BS,Brady Singer,Cincinnati Reds,MMAU-BS	Brady Singer	Cincinnati Reds,False
2026_topps_update,2026,Topps,Update,MAJOR LEAGUE MATERIAL AUTOGRAPH CARDS,,MMAU-BT,Brice Turang,Milwaukee Brewers,MMAU-BT	Brice Turang	Milwaukee Brewers,False
2026_topps_update,2026,Topps,Update,MAJOR LEAGUE MATERIAL AUTOGRAPH CARDS,,MMAU-BW,Ben Williamson,Seattle Mariners	Rookie,MMAU-BW	Ben Williamson	Seattle Mariners	Rookie,False
2026_topps_update,2026,Topps,Update,MAJOR LEAGUE MATERIAL AUTOGRAPH CARDS,,MMAU-CA,CJ Abrams,Washington Nationals,MMAU-CA	CJ Abrams	Washington Nationals,False
2026_topps_update,2026,Topps,Update,MAJOR LEAGUE MATERIAL AUTOGRAPH CARDS,,MMAU-CC,Colton Cowser,Baltimore Orioles,MMAU-CC	Colton Cowser	Baltimore Orioles,False
2026_topps_update,2026,Topps,Update,MAJOR LEAGUE MATERIAL AUTOGRAPH CARDS,,MMAU-CD,Chase Dollander,Colorado Rockies	Rookie,MMAU-CD	Chase Dollander	Colorado Rockies	Rookie,False
2026_topps_update,2026,Topps,Update,MAJOR LEAGUE MATERIAL AUTOGRAPH CARDS,,MMAU-CDA,Caden Dana,Angels	Rookie,MMAU-CDA	Caden Dana	Angels	Rookie,False
2026_topps_update,2026,Topps,Update,MAJOR LEAGUE MATERIAL AUTOGRAPH CARDS,,MMAU-CMA,Coby Mayo,Baltimore Orioles	Rookie,MMAU-CMA	Coby Mayo	Baltimore Orioles	Rookie,False
2026_topps_update,2026,Topps,Update,MAJOR LEAGUE MATERIAL AUTOGRAPH CARDS,,MMAU-CN,Connor Norby,Miami Marlins	Rookie,MMAU-CN	Connor Norby	Miami Marlins	Rookie,False
2026_topps_update,2026,Topps,Update,MAJOR LEAGUE MATERIAL AUTOGRAPH CARDS,,MMAU-CP,Cade Povich,Baltimore Orioles	Rookie,MMAU-CP	Cade Povich	Baltimore Orioles	Rookie,False
2026_topps_update,2026,Topps,Update,MAJOR LEAGUE MATERIAL AUTOGRAPH CARDS,,MMAU-CR,Carlos Rodón,New York Yankees,MMAU-CR	Carlos Rodón	New York Yankees,False
2026_topps_update,2026,Topps,Update,MAJOR LEAGUE MATERIAL AUTOGRAPH CARDS,,MMAU-CS,Cam Smith,Houston Astros	Rookie,MMAU-CS	Cam Smith	Houston Astros	Rookie,False
2026_topps_update,2026,Topps,Update,MAJOR LEAGUE MATERIAL AUTOGRAPH CARDS,,MMAU-CSI,Chandler Simpson,Tampa Bay Rays	Rookie,MMAU-CSI	Chandler Simpson	Tampa Bay Rays	Rookie,False
2026_topps_update,2026,Topps,Update,MAJOR LEAGUE MATERIAL AUTOGRAPH CARDS,,MMAU-DB,Drake Baldwin,Atlanta Braves	Rookie,MMAU-DB	Drake Baldwin	Atlanta Braves	Rookie,False
2026_topps_update,2026,Topps,Update,MAJOR LEAGUE MATERIAL AUTOGRAPH CARDS,,MMAU-DC,Dylan Crews,Washington Nationals	Rookie,MMAU-DC	Dylan Crews	Washington Nationals	Rookie,False
2026_topps_update,2026,Topps,Update,MAJOR LEAGUE MATERIAL AUTOGRAPH CARDS,,MMAU-DF,David Festa,Minnesota Twins	Rookie,MMAU-DF	David Festa	Minnesota Twins	Rookie,False
2026_topps_update,2026,Topps,Update,MAJOR LEAGUE MATERIAL AUTOGRAPH CARDS,,MMAU-DR,Dalton Rushing,Los Angeles Dodgers	Rookie,MMAU-DR	Dalton Rushing	Los Angeles Dodgers	Rookie,False
2026_topps_update,2026,Topps,Update,MAJOR LEAGUE MATERIAL AUTOGRAPH CARDS,,MMAU-DRO,Drew Romo,Colorado Rockies	Rookie,MMAU-DRO	Drew Romo	Colorado Rockies	Rookie,False
2026_topps_update,2026,Topps,Update,MAJOR LEAGUE MATERIAL AUTOGRAPH CARDS,,MMAU-DT,Drew Thorpe,Chicago White Sox	Rookie,MMAU-DT	Drew Thorpe	Chicago White Sox	Rookie,False
2026_topps_update,2026,Topps,Update,MAJOR LEAGUE MATERIAL AUTOGRAPH CARDS,,MMAU-EQ,Edgar Quero,Chicago White Sox	Rookie,MMAU-EQ	Edgar Quero	Chicago White Sox	Rookie,False
2026_topps_update,2026,Topps,Update,MAJOR LEAGUE MATERIAL AUTOGRAPH CARDS,,MMAU-FF,Freddie Freeman,Los Angeles Dodgers,MMAU-FF	Freddie Freeman	Los Angeles Dodgers,False
2026_topps_update,2026,Topps,Update,MAJOR LEAGUE MATERIAL AUTOGRAPH CARDS,,MMAU-GH,Gunnar Henderson,Baltimore Orioles,MMAU-GH	Gunnar Henderson	Baltimore Orioles,False
2026_topps_update,2026,Topps,Update,MAJOR LEAGUE MATERIAL AUTOGRAPH CARDS,,MMAU-HK,Hyeseong Kim,Los Angeles Dodgers	Rookie,MMAU-HK	Hyeseong Kim	Los Angeles Dodgers	Rookie,False
2026_topps_update,2026,Topps,Update,MAJOR LEAGUE MATERIAL AUTOGRAPH CARDS,,MMAU-IH,Ian Happ,Chicago Cubs,MMAU-IH	Ian Happ	Chicago Cubs,False
2026_topps_update,2026,Topps,Update,MAJOR LEAGUE MATERIAL AUTOGRAPH CARDS,,MMAU-JL,Jordan Lawlar,Arizona Diamondbacks,MMAU-JL	Jordan Lawlar	Arizona Diamondbacks,False
2026_topps_update,2026,Topps,Update,MAJOR LEAGUE MATERIAL AUTOGRAPH CARDS,,MMAU-JMC,Jake McCarthy,Arizona Diamondbacks,MMAU-JMC	Jake McCarthy	Arizona Diamondbacks,False
2026_topps_update,2026,Topps,Update,MAJOR LEAGUE MATERIAL AUTOGRAPH CARDS,,MMAU-JS,Josh Smith,Texas Rangers,MMAU-JS	Josh Smith	Texas Rangers,False
2026_topps_update,2026,Topps,Update,MAJOR LEAGUE MATERIAL AUTOGRAPH CARDS,,MMAU-JSO,José Soriano,Angels,MMAU-JSO	José Soriano	Angels,False
2026_topps_update,2026,Topps,Update,MAJOR LEAGUE MATERIAL AUTOGRAPH CARDS,,MMAU-JW,Jacob Wilson,Athletics	Rookie,MMAU-JW	Jacob Wilson	Athletics	Rookie,False
2026_topps_update,2026,Topps,Update,MAJOR LEAGUE MATERIAL AUTOGRAPH CARDS,,MMAU-JWI,Jesse Winker,New York Mets,MMAU-JWI	Jesse Winker	New York Mets,False
2026_topps_update,2026,Topps,Update,MAJOR LEAGUE MATERIAL AUTOGRAPH CARDS,,MMAU-JWO,James Wood,Washington Nationals	Rookie,MMAU-JWO	James Wood	Washington Nationals	Rookie,False
2026_topps_update,2026,Topps,Update,MAJOR LEAGUE MATERIAL AUTOGRAPH CARDS,,MMAU-KA,Kevin Alcántara,Chicago Cubs	Rookie,MMAU-KA	Kevin Alcántara	Chicago Cubs	Rookie,False
2026_topps_update,2026,Topps,Update,MAJOR LEAGUE MATERIAL AUTOGRAPH CARDS,,MMAU-KC,Kristian Campbell,Boston Red Sox	Rookie,MMAU-KC	Kristian Campbell	Boston Red Sox	Rookie,False
2026_topps_update,2026,Topps,Update,MAJOR LEAGUE MATERIAL AUTOGRAPH CARDS,,MMAU-KCA,Kerry Carpenter,Detroit Tigers,MMAU-KCA	Kerry Carpenter	Detroit Tigers,False
2026_topps_update,2026,Topps,Update,MAJOR LEAGUE MATERIAL AUTOGRAPH CARDS,,MMAU-KM,Kyle Manzardo,Cleveland Guardians,MMAU-KM	Kyle Manzardo	Cleveland Guardians,False
2026_topps_update,2026,Topps,Update,MAJOR LEAGUE MATERIAL AUTOGRAPH CARDS,,MMAU-KP,Kyren Paris,Angels,MMAU-KP	Kyren Paris	Angels,False
2026_topps_update,2026,Topps,Update,MAJOR LEAGUE MATERIAL AUTOGRAPH CARDS,,MMAU-KR,Kumar Rocker,Texas Rangers	Rookie,MMAU-KR	Kumar Rocker	Texas Rangers	Rookie,False
2026_topps_update,2026,Topps,Update,MAJOR LEAGUE MATERIAL AUTOGRAPH CARDS,,MMAU-KS,Kyle Stowers,Miami Marlins,MMAU-KS	Kyle Stowers	Miami Marlins,False
2026_topps_update,2026,Topps,Update,MAJOR LEAGUE MATERIAL AUTOGRAPH CARDS,,MMAU-LA,Luis Arraez,San Diego Padres,MMAU-LA	Luis Arraez	San Diego Padres,False
2026_topps_update,2026,Topps,Update,MAJOR LEAGUE MATERIAL AUTOGRAPH CARDS,,MMAU-LG,Luis Gil,New York Yankees,MMAU-LG	Luis Gil	New York Yankees,False
2026_topps_update,2026,Topps,Update,MAJOR LEAGUE MATERIAL AUTOGRAPH CARDS,,MMAU-LK,Luke Keaschall,Minnesota Twins	Rookie,MMAU-LK	Luke Keaschall	Minnesota Twins	Rookie,False
2026_topps_update,2026,Topps,Update,MAJOR LEAGUE MATERIAL AUTOGRAPH CARDS,,MMAU-LW,Logan Webb,San Francsico Giants,MMAU-LW	Logan Webb	San Francsico Giants,False
2026_topps_update,2026,Topps,Update,MAJOR LEAGUE MATERIAL AUTOGRAPH CARDS,,MMAU-MA,Mick Abel,Philadelphia Phillies	Rookie,MMAU-MA	Mick Abel	Philadelphia Phillies	Rookie,False
2026_topps_update,2026,Topps,Update,MAJOR LEAGUE MATERIAL AUTOGRAPH CARDS,,MMAU-MC,Miguel Cabrera,Detroit Tigers,MMAU-MC	Miguel Cabrera	Detroit Tigers,False
2026_topps_update,2026,Topps,Update,MAJOR LEAGUE MATERIAL AUTOGRAPH CARDS,,MMAU-MCH,Matt Chapman,San Francsico Giants,MMAU-MCH	Matt Chapman	San Francsico Giants,False
2026_topps_update,2026,Topps,Update,MAJOR LEAGUE MATERIAL AUTOGRAPH CARDS,,MMAU-MM,Marcelo Mayer,Boston Red Sox	Rookie,MMAU-MM	Marcelo Mayer	Boston Red Sox	Rookie,False
2026_topps_update,2026,Topps,Update,MAJOR LEAGUE MATERIAL AUTOGRAPH CARDS,,MMAU-MMC,Michael McGreevy,St. Louis Cardinals	Rookie,MMAU-MMC	Michael McGreevy	St. Louis Cardinals	Rookie,False
2026_topps_update,2026,Topps,Update,MAJOR LEAGUE MATERIAL AUTOGRAPH CARDS,,MMAU-MME,Max Meyer,Miami Marlins,MMAU-MME	Max Meyer	Miami Marlins,False
2026_topps_update,2026,Topps,Update,MAJOR LEAGUE MATERIAL AUTOGRAPH CARDS,,MMAU-MS,Matt Shaw,Chicago Cubs	Rookie,MMAU-MS	Matt Shaw	Chicago Cubs	Rookie,False
2026_topps_update,2026,Topps,Update,MAJOR LEAGUE MATERIAL AUTOGRAPH CARDS,,MMAU-NC,Nestor Cortes,Milwaukee Brewers,MMAU-NC	Nestor Cortes	Milwaukee Brewers,False
2026_topps_update,2026,Topps,Update,MAJOR LEAGUE MATERIAL AUTOGRAPH CARDS,,MMAU-NK,Nick Kurtz,Athletics	Rookie,MMAU-NK	Nick Kurtz	Athletics	Rookie,False
2026_topps_update,2026,Topps,Update,MAJOR LEAGUE MATERIAL AUTOGRAPH CARDS,,MMAU-NL,Nick Lodolo,Cincinnati Reds,MMAU-NL	Nick Lodolo	Cincinnati Reds,False
2026_topps_update,2026,Topps,Update,MAJOR LEAGUE MATERIAL AUTOGRAPH CARDS,,MMAU-NS,Nolan Schanuel,Angels,MMAU-NS	Nolan Schanuel	Angels,False
2026_topps_update,2026,Topps,Update,MAJOR LEAGUE MATERIAL AUTOGRAPH CARDS,,MMAU-OA,Ozzie Albies,Atlanta Braves,MMAU-OA	Ozzie Albies	Atlanta Braves,False
2026_topps_update,2026,Topps,Update,MAJOR LEAGUE MATERIAL AUTOGRAPH CARDS,,MMAU-PA,Pete Alonso,New York Mets,MMAU-PA	Pete Alonso	New York Mets,False
2026_topps_update,2026,Topps,Update,MAJOR LEAGUE MATERIAL AUTOGRAPH CARDS,,MMAU-PC,Pete Crow-Armstrong,Chicago Cubs,MMAU-PC	Pete Crow-Armstrong	Chicago Cubs,False
2026_topps_update,2026,Topps,Update,MAJOR LEAGUE MATERIAL AUTOGRAPH CARDS,,MMAU-RL,Rhett Lowder,Cincinnati Reds	Rookie,MMAU-RL	Rhett Lowder	Cincinnati Reds	Rookie,False
2026_topps_update,2026,Topps,Update,MAJOR LEAGUE MATERIAL AUTOGRAPH CARDS,,MMAU-RO,Reese Olson,Detroit Tigers,MMAU-RO	Reese Olson	Detroit Tigers,False
2026_topps_update,2026,Topps,Update,MAJOR LEAGUE MATERIAL AUTOGRAPH CARDS,,MMAU-RR,Robbie Ray,San Francsico Giants,MMAU-RR	Robbie Ray	San Francsico Giants,False
2026_topps_update,2026,Topps,Update,MAJOR LEAGUE MATERIAL AUTOGRAPH CARDS,,MMAU-RS,Roki Sasaki,Los Angeles Dodgers	Rookie,MMAU-RS	Roki Sasaki	Los Angeles Dodgers	Rookie,False
2026_topps_update,2026,Topps,Update,MAJOR LEAGUE MATERIAL AUTOGRAPH CARDS,,MMAU-SK,Steven Kwan,Cleveland Guardians,MMAU-SK	Steven Kwan	Cleveland Guardians,False
2026_topps_update,2026,Topps,Update,MAJOR LEAGUE MATERIAL AUTOGRAPH CARDS,,MMAU-SL,Shea Langeliers,Athletics,MMAU-SL	Shea Langeliers	Athletics,False
2026_topps_update,2026,Topps,Update,MAJOR LEAGUE MATERIAL AUTOGRAPH CARDS,,MMAU-TS,Tyler Soderstrom,Athletics,MMAU-TS	Tyler Soderstrom	Athletics,False
2026_topps_update,2026,Topps,Update,MAJOR LEAGUE MATERIAL AUTOGRAPH CARDS,,MMAU-TSK,Tarik Skubal,Detroit Tigers,MMAU-TSK	Tarik Skubal	Detroit Tigers,False
2026_topps_update,2026,Topps,Update,MAJOR LEAGUE MATERIAL AUTOGRAPH CARDS,,MMAU-VG,Vladimir Guerrero Jr.,Toronto Blue Jays,MMAU-VG	Vladimir Guerrero Jr.	Toronto Blue Jays,False
2026_topps_update,2026,Topps,Update,MAJOR LEAGUE MATERIAL AUTOGRAPH CARDS,,MMAU-VP,Vinnie Pasquantino,Kansas City Royals,MMAU-VP	Vinnie Pasquantino	Kansas City Royals,False
2026_topps_update,2026,Topps,Update,MAJOR LEAGUE MATERIAL AUTOGRAPH CARDS,,MMAU-VS,Victor Scott II,St. Louis Cardinals,MMAU-VS	Victor Scott II	St. Louis Cardinals,False
2026_topps_update,2026,Topps,Update,MAJOR LEAGUE MATERIAL AUTOGRAPH CARDS,,MMAU-WW,Will Warren,New York Yankees	Rookie,MMAU-WW	Will Warren	New York Yankees	Rookie,False
2026_topps_update,2026,Topps,Update,MAJOR LEAGUE MATERIAL AUTOGRAPH CARDS,,MMAU-YD,Yu Darvish,San Diego Padres,MMAU-YD	Yu Darvish	San Diego Padres,False
2026_topps_update,2026,Topps,Update,MAJOR LEAGUE MATERIAL AUTOGRAPH CARDS,,MMAU-ZN,Zach Neto,Angels,MMAU-ZN	Zach Neto	Angels,False
2026_topps_update,2026,Topps,Update,MAJOR LEAGUE MATERIAL AUTOGRAPH CARDS,,MMAU-ZV,Zac Veen,Colorado Rockies	Rookie,MMAU-ZV	Zac Veen	Colorado Rockies	Rookie,False
2026_topps_update,2026,Topps,Update,MAJOR LEAGUE MATERIAL AUTOGRAPH CARDS,,MLMA2-JC,Jackson Chourio,Milwaukee Brewers,MLMA2-JC	Jackson Chourio	Milwaukee Brewers,False
2026_topps_update,2026,Topps,Update,MAJOR LEAGUE MATERIAL AUTOGRAPH CARDS,,MLMA2-JR,J.T. Realmuto,Philadelphia Phillies,MLMA2-JR	J.T. Realmuto	Philadelphia Phillies,False
2026_topps_update,2026,Topps,Update,MAJOR LEAGUE MATERIAL AUTOGRAPH CARDS,,MLMA2-TC,Triston Casas,Boston Red Sox,MLMA2-TC	Triston Casas	Boston Red Sox,False
2026_topps_update,2026,Topps,Update,MAJOR LEAGUE MATERIAL AUTOGRAPH CARDS,,MLMAR-JM,Jackson Merrill,San Diego Padres,MLMAR-JM	Jackson Merrill	San Diego Padres,False
2026_topps_update,2026,Topps,Update,MAJOR LEAGUE MATERIAL AUTOGRAPH CARDS,,MLMAR-JR,Julio Rodríguez,Seattle Mariners,MLMAR-JR	Julio Rodríguez	Seattle Mariners,False
2026_topps_update,2026,Topps,Update,MAJOR LEAGUE MATERIAL AUTOGRAPH CARDS,,MLMAR-MC,Matt Chapman,San Francisco Giants,MLMAR-MC	Matt Chapman	San Francisco Giants,False
2026_topps_update,2026,Topps,Update,MAJOR LEAGUE MATERIAL AUTOGRAPH CARDS,,MLMAR-RG,Riley Greene,Detroit Tigers,MLMAR-RG	Riley Greene	Detroit Tigers,False
2026_topps_update,2026,Topps,Update,MAJOR LEAGUE MATERIAL AUTOGRAPH CARDS,,MLMAR-TS,Tarik Skubal,Detroit Tigers,MLMAR-TS	Tarik Skubal	Detroit Tigers,False
2026_topps_update,2026,Topps,Update,MAJOR LEAGUE MATERIAL DUAL AUTOGRAPH CARDS,,MLMDA-ORI,Austin Riley,Atlanta Braves,MLMDA-ORI	Austin Riley	Atlanta Braves,False
2026_topps_update,2026,Topps,Update,MAJOR LEAGUE MATERIAL DUAL AUTOGRAPH CARDS,,MLMDA-ORI,Matt Olson,Atlanta Braves,MLMDA-ORI	Matt Olson	Atlanta Braves,False
2026_topps_update,2026,Topps,Update,MAJOR LEAGUE MATERIAL DUAL AUTOGRAPH CARDS,,MLMDA-TUS,Trea Turner,Philadelphia Phillies,MLMDA-TUS	Trea Turner	Philadelphia Phillies,False
2026_topps_update,2026,Topps,Update,MAJOR LEAGUE MATERIAL DUAL AUTOGRAPH CARDS,,MLMDA-TUS,Bryson Stott,Philadelphia Phillies,MLMDA-TUS	Bryson Stott	Philadelphia Phillies,False
2026_topps_update,2026,Topps,Update,MAJOR LEAGUE MATERIAL DUAL AUTOGRAPH CARDS,,MLMDA2-CF,Jackson Chourio,Milwaukee Brewers,MLMDA2-CF	Jackson Chourio	Milwaukee Brewers,False
2026_topps_update,2026,Topps,Update,MAJOR LEAGUE MATERIAL DUAL AUTOGRAPH CARDS,,MLMDA2-CF,Sal Frelick,Milwaukee Brewers,MLMDA2-CF	Sal Frelick	Milwaukee Brewers,False
2026_topps_update,2026,Topps,Update,MAJOR LEAGUE MATERIAL DUAL AUTOGRAPH CARDS,,MLMDA2-CR,Ceddanne Rafaela,Boston Red Sox,MLMDA2-CR	Ceddanne Rafaela	Boston Red Sox,False
2026_topps_update,2026,Topps,Update,MAJOR LEAGUE MATERIAL DUAL AUTOGRAPH CARDS,,MLMDA2-CR,Triston Casas,Boston Red Sox,MLMDA2-CR	Triston Casas	Boston Red Sox,False
2026_topps_update,2026,Topps,Update,MAJOR LEAGUE MATERIAL DUAL AUTOGRAPH CARDS,,MLMDA2-DTO,Ezequiel Tovar,Colorado Rockies,MLMDA2-DTO	Ezequiel Tovar	Colorado Rockies,False
2026_topps_update,2026,Topps,Update,MAJOR LEAGUE MATERIAL DUAL AUTOGRAPH CARDS,,MLMDA2-DTO,Brenton Doyle,Colorado Rockies,MLMDA2-DTO	Brenton Doyle	Colorado Rockies,False
2026_topps_update,2026,Topps,Update,MAJOR LEAGUE MATERIAL DUAL AUTOGRAPH CARDS,,MLMDA2-RT,Trea Turner,Philadelphia Phillies,MLMDA2-RT	Trea Turner	Philadelphia Phillies,False
2026_topps_update,2026,Topps,Update,MAJOR LEAGUE MATERIAL DUAL AUTOGRAPH CARDS,,MLMDA2-RT,J.T. Realmuto,Philadelphia Phillies,MLMDA2-RT	J.T. Realmuto	Philadelphia Phillies,False
2026_topps_update,2026,Topps,Update,MAJOR LEAGUE MATERIAL DUAL AUTOGRAPH CARDS,,CITY,CONNECT SWATCH COLLECTION,AUTOGRAPH RELIC,CITY CONNECT SWATCH COLLECTION	AUTOGRAPH RELIC,False
2026_topps_update,2026,Topps,Update,MAJOR LEAGUE MATERIAL DUAL AUTOGRAPH CARDS,,CCA2-ET,Ezequiel Tovar,Colorado Rockies,CCA2-ET	Ezequiel Tovar	Colorado Rockies,False
2026_topps_update,2026,Topps,Update,MAJOR LEAGUE MATERIAL DUAL AUTOGRAPH CARDS,,CCA2-FL,Francisco Lindor,New York Mets,CCA2-FL	Francisco Lindor	New York Mets,False
2026_topps_update,2026,Topps,Update,MAJOR LEAGUE MATERIAL DUAL AUTOGRAPH CARDS,,CCA2-TT,Trea Turner,Philadelphia Phillies,CCA2-TT	Trea Turner	Philadelphia Phillies,False
2026_topps_update,2026,Topps,Update,RICKWOOD AUTOGRAPH RELIC COLLECTION,,RWAR-MCH,Matt Chapman,San Francisco Giants,RWAR-MCH	Matt Chapman	San Francisco Giants,False
2026_topps_update,2026,Topps,Update,RICKWOOD AUTOGRAPH RELIC COLLECTION,,RWAR-NA,Nolan Arenado,St. Louis Cardinals,RWAR-NA	Nolan Arenado	St. Louis Cardinals,False
2026_topps_update,2026,Topps,Update,ROUNDING THE BASES AUTOGRAPH RELIC,,RTBA-ALT,Jose Altuve,Houston Astros,RTBA-ALT	Jose Altuve	Houston Astros,False
2026_topps_update,2026,Topps,Update,ROUNDING THE BASES AUTOGRAPH RELIC,,RTBA-ETO,Ezequiel Tovar,Colorado Rockies,RTBA-ETO	Ezequiel Tovar	Colorado Rockies,False
2026_topps_update,2026,Topps,Update,ROUNDING THE BASES AUTOGRAPH RELIC,,RTBA-FL,Francisco Lindor,New York Mets,RTBA-FL	Francisco Lindor	New York Mets,False
2026_topps_update,2026,Topps,Update,ROUNDING THE BASES AUTOGRAPH RELIC,,RTBA-JSO,Juan Soto,New York Yankees,RTBA-JSO	Juan Soto	New York Yankees,False
2026_topps_update,2026,Topps,Update,ROUNDING THE BASES AUTOGRAPH RELIC,,RTBA-LIN,Francisco Lindor,New York Mets,RTBA-LIN	Francisco Lindor	New York Mets,False
2026_topps_update,2026,Topps,Update,ROUNDING THE BASES AUTOGRAPH RELIC,,RTBA-TRE,Trea Turner,Philadelphia Phillies,RTBA-TRE	Trea Turner	Philadelphia Phillies,False
2026_topps_update,2026,Topps,Update,ROUNDING THE BASES AUTOGRAPH RELIC,,RTBA-TT,Trea Turner,Philadelphia Phillies,RTBA-TT	Trea Turner	Philadelphia Phillies,False
2026_topps_update,2026,Topps,Update,ALL STAR STITCHES AUTOGRAPH CARDS,,AST-AJ,Aaron Judge,New York Yankees,AST-AJ	Aaron Judge	New York Yankees,False
2026_topps_update,2026,Topps,Update,ALL STAR STITCHES AUTOGRAPH CARDS,,AST-AK,Alejandro Kirk,Toronto Blue Jays,AST-AK	Alejandro Kirk	Toronto Blue Jays,False
2026_topps_update,2026,Topps,Update,ALL STAR STITCHES AUTOGRAPH CARDS,,AST-ARO,Randy Arozarena,Seattle Mariners,AST-ARO	Randy Arozarena	Seattle Mariners,False
2026_topps_update,2026,Topps,Update,ALL STAR STITCHES AUTOGRAPH CARDS,,AST-BB,Byron Buxton,Minnesota Twins,AST-BB	Byron Buxton	Minnesota Twins,False
2026_topps_update,2026,Topps,Update,ALL STAR STITCHES AUTOGRAPH CARDS,,AST-BD,Brendan Donovan,St. Louis Cardinals,AST-BD	Brendan Donovan	St. Louis Cardinals,False
2026_topps_update,2026,Topps,Update,ALL STAR STITCHES AUTOGRAPH CARDS,,AST-BR,Brent Rooker,Athletics,AST-BR	Brent Rooker	Athletics,False
2026_topps_update,2026,Topps,Update,ALL STAR STITCHES AUTOGRAPH CARDS,,AST-BW,Bobby Witt Jr.,Kansas City Royals,AST-BW	Bobby Witt Jr.	Kansas City Royals,False
2026_topps_update,2026,Topps,Update,ALL STAR STITCHES AUTOGRAPH CARDS,,AST-CC,Corbin Carroll,Arizona Diamondbacks,AST-CC	Corbin Carroll	Arizona Diamondbacks,False
2026_topps_update,2026,Topps,Update,ALL STAR STITCHES AUTOGRAPH CARDS,,AST-CK,Clayton Kershaw,Los Angeles Dodgers,AST-CK	Clayton Kershaw	Los Angeles Dodgers,False
2026_topps_update,2026,Topps,Update,ALL STAR STITCHES AUTOGRAPH CARDS,,AST-CR,Cal Raleigh,Seattle Mariners,AST-CR	Cal Raleigh	Seattle Mariners,False
2026_topps_update,2026,Topps,Update,ALL STAR STITCHES AUTOGRAPH CARDS,,AST-CRO,Carlos Rodón,New York Yankees,AST-CRO	Carlos Rodón	New York Yankees,False
2026_topps_update,2026,Topps,Update,ALL STAR STITCHES AUTOGRAPH CARDS,,AST-CSA,Chris Sale,Atlanta Braves,AST-CSA	Chris Sale	Atlanta Braves,False
2026_topps_update,2026,Topps,Update,ALL STAR STITCHES AUTOGRAPH CARDS,,AST-ED,Elly De La Cruz,Cincinnati Reds,AST-ED	Elly De La Cruz	Cincinnati Reds,False
2026_topps_update,2026,Topps,Update,ALL STAR STITCHES AUTOGRAPH CARDS,,AST-ES,Eugenio Suárez,Arizona Diamondbacks,AST-ES	Eugenio Suárez	Arizona Diamondbacks,False
2026_topps_update,2026,Topps,Update,ALL STAR STITCHES AUTOGRAPH CARDS,,AST-FF,Freddie Freeman,Los Angeles Dodgers,AST-FF	Freddie Freeman	Los Angeles Dodgers,False
2026_topps_update,2026,Topps,Update,ALL STAR STITCHES AUTOGRAPH CARDS,,AST-FL,Francisco Lindor,New York Mets,AST-FL	Francisco Lindor	New York Mets,False
2026_topps_update,2026,Topps,Update,ALL STAR STITCHES AUTOGRAPH CARDS,,AST-FRP,Freddy Peralta,Milwaukee Brewers,AST-FRP	Freddy Peralta	Milwaukee Brewers,False
2026_topps_update,2026,Topps,Update,ALL STAR STITCHES AUTOGRAPH CARDS,,AST-FT,Fernando Tatis Jr.,San Diego Padres,AST-FT	Fernando Tatis Jr.	San Diego Padres,False
2026_topps_update,2026,Topps,Update,ALL STAR STITCHES AUTOGRAPH CARDS,,AST-GC,Garrett Crochet,Boston Red Sox,AST-GC	Garrett Crochet	Boston Red Sox,False
2026_topps_update,2026,Topps,Update,ALL STAR STITCHES AUTOGRAPH CARDS,,AST-HB,Hunter Brown,Houston Astros,AST-HB	Hunter Brown	Houston Astros,False
2026_topps_update,2026,Topps,Update,ALL STAR STITCHES AUTOGRAPH CARDS,,AST-HG,Hunter Goodman,Colorado Rockies,AST-HG	Hunter Goodman	Colorado Rockies,False
2026_topps_update,2026,Topps,Update,ALL STAR STITCHES AUTOGRAPH CARDS,,AST-JA,Jonathan Aranda,Tampa Bay Rays,AST-JA	Jonathan Aranda	Tampa Bay Rays,False
2026_topps_update,2026,Topps,Update,ALL STAR STITCHES AUTOGRAPH CARDS,,AST-JC,Jazz Chisholm Jr.,New York Yankees,AST-JC	Jazz Chisholm Jr.	New York Yankees,False
2026_topps_update,2026,Topps,Update,ALL STAR STITCHES AUTOGRAPH CARDS,,AST-JCA,Junior Caminero,Tampa Bay Rays,AST-JCA	Junior Caminero	Tampa Bay Rays,False
2026_topps_update,2026,Topps,Update,ALL STAR STITCHES AUTOGRAPH CARDS,,AST-JD,Jacob deGrom,Texas Rangers,AST-JD	Jacob deGrom	Texas Rangers,False
2026_topps_update,2026,Topps,Update,ALL STAR STITCHES AUTOGRAPH CARDS,,AST-JP,Jeremy Peña,Houston Astros,AST-JP	Jeremy Peña	Houston Astros,False
2026_topps_update,2026,Topps,Update,ALL STAR STITCHES AUTOGRAPH CARDS,,AST-JW,James Wood,Washington Nationals	Rookie,AST-JW	James Wood	Washington Nationals	Rookie,False
2026_topps_update,2026,Topps,Update,ALL STAR STITCHES AUTOGRAPH CARDS,,AST-JWI,Jacob Wilson,Athletics	Rookie,AST-JWI	Jacob Wilson	Athletics	Rookie,False
2026_topps_update,2026,Topps,Update,ALL STAR STITCHES AUTOGRAPH CARDS,,AST-KS,Kyle Schwarber,Philadelphia Phillies,AST-KS	Kyle Schwarber	Philadelphia Phillies,False
2026_topps_update,2026,Topps,Update,ALL STAR STITCHES AUTOGRAPH CARDS,,AST-KT,Kyle Tucker,Chicago Cubs,AST-KT	Kyle Tucker	Chicago Cubs,False
2026_topps_update,2026,Topps,Update,ALL STAR STITCHES AUTOGRAPH CARDS,,AST-LW,Logan Webb,San Francisco Giants,AST-LW	Logan Webb	San Francisco Giants,False
2026_topps_update,2026,Topps,Update,ALL STAR STITCHES AUTOGRAPH CARDS,,AST-MAI,Maikel Garcia,Kansas City Royals,AST-MAI	Maikel Garcia	Kansas City Royals,False
2026_topps_update,2026,Topps,Update,ALL STAR STITCHES AUTOGRAPH CARDS,,AST-MB,Matt Boyd,Chicago Cubs,AST-MB	Matt Boyd	Chicago Cubs,False
2026_topps_update,2026,Topps,Update,ALL STAR STITCHES AUTOGRAPH CARDS,,AST-MF,Max Fried,New York Yankees,AST-MF	Max Fried	New York Yankees,False
2026_topps_update,2026,Topps,Update,ALL STAR STITCHES AUTOGRAPH CARDS,,AST-MG,MACKENZIE Gore,Washington Nationals,AST-MG	MACKENZIE Gore	Washington Nationals,False
2026_topps_update,2026,Topps,Update,ALL STAR STITCHES AUTOGRAPH CARDS,,AST-MI,Casey Mize,Detroit Tigers,AST-MI	Casey Mize	Detroit Tigers,False
2026_topps_update,2026,Topps,Update,ALL STAR STITCHES AUTOGRAPH CARDS,,AST-MM,Manny Machado,San Diego Padres,AST-MM	Manny Machado	San Diego Padres,False
2026_topps_update,2026,Topps,Update,ALL STAR STITCHES AUTOGRAPH CARDS,,AST-MO,Matt Olson,Atlanta Braves,AST-MO	Matt Olson	Atlanta Braves,False
2026_topps_update,2026,Topps,Update,ALL STAR STITCHES AUTOGRAPH CARDS,,AST-PA,Pete Alonso,New York Mets,AST-PA	Pete Alonso	New York Mets,False
2026_topps_update,2026,Topps,Update,ALL STAR STITCHES AUTOGRAPH CARDS,,AST-PC,Pete Crow-Armstrong,Chicago Cubs,AST-PC	Pete Crow-Armstrong	Chicago Cubs,False
2026_topps_update,2026,Topps,Update,ALL STAR STITCHES AUTOGRAPH CARDS,,AST-PS,Paul Skenes,Pittsburgh Pirates,AST-PS	Paul Skenes	Pittsburgh Pirates,False
2026_topps_update,2026,Topps,Update,ALL STAR STITCHES AUTOGRAPH CARDS,,AST-RA,Ronald Acuña Jr.,Atlanta Braves,AST-RA	Ronald Acuña Jr.	Atlanta Braves,False
2026_topps_update,2026,Topps,Update,ALL STAR STITCHES AUTOGRAPH CARDS,,AST-RG,Riley Greene,Detroit Tigers,AST-RG	Riley Greene	Detroit Tigers,False
2026_topps_update,2026,Topps,Update,ALL STAR STITCHES AUTOGRAPH CARDS,,AST-RR,Robbie Ray,San Francisco Giants,AST-RR	Robbie Ray	San Francisco Giants,False
2026_topps_update,2026,Topps,Update,ALL STAR STITCHES AUTOGRAPH CARDS,,AST-SK,Steven Kwan,Cleveland Guardians,AST-SK	Steven Kwan	Cleveland Guardians,False
2026_topps_update,2026,Topps,Update,ALL STAR STITCHES AUTOGRAPH CARDS,,AST-SO,Shohei Ohtani,Los Angeles Dodgers,AST-SO	Shohei Ohtani	Los Angeles Dodgers,False
2026_topps_update,2026,Topps,Update,ALL STAR STITCHES AUTOGRAPH CARDS,,AST-STO,Kyle Stowers,Miami Marlins,AST-STO	Kyle Stowers	Miami Marlins,False
2026_topps_update,2026,Topps,Update,ALL STAR STITCHES AUTOGRAPH CARDS,,AST-TS,Tarik Skubal,Detroit Tigers,AST-TS	Tarik Skubal	Detroit Tigers,False
2026_topps_update,2026,Topps,Update,ALL STAR STITCHES AUTOGRAPH CARDS,,AST-WS,Will Smith,Los Angeles Dodgers,AST-WS	Will Smith	Los Angeles Dodgers,False
2026_topps_update,2026,Topps,Update,MAJOR LEAGUE MATERIAL CARDS,,MMU-AB,Alex Bregman,Boston Red Sox,MMU-AB	Alex Bregman	Boston Red Sox,False
2026_topps_update,2026,Topps,Update,MAJOR LEAGUE MATERIAL CARDS,,MMU-AJ,Aaron Judge,New York Yankees,MMU-AJ	Aaron Judge	New York Yankees,False
2026_topps_update,2026,Topps,Update,MAJOR LEAGUE MATERIAL CARDS,,MMU-AM,Andrew McCutchen,Pittsburgh Pirates,MMU-AM	Andrew McCutchen	Pittsburgh Pirates,False
2026_topps_update,2026,Topps,Update,MAJOR LEAGUE MATERIAL CARDS,,MMU-AR,Adley Rutschman,Baltimore Orioles,MMU-AR	Adley Rutschman	Baltimore Orioles,False
2026_topps_update,2026,Topps,Update,MAJOR LEAGUE MATERIAL CARDS,,MMU-BAL,Moisés Ballesteros,Chicago Cubs	Rookie,MMU-BAL	Moisés Ballesteros	Chicago Cubs	Rookie,False
2026_topps_update,2026,Topps,Update,MAJOR LEAGUE MATERIAL CARDS,,MMU-BR,Ben Rice,New York Yankees	Rookie,MMU-BR	Ben Rice	New York Yankees	Rookie,False
2026_topps_update,2026,Topps,Update,MAJOR LEAGUE MATERIAL CARDS,,MMU-CB,Cody Bellinger,New York Yankees,MMU-CB	Cody Bellinger	New York Yankees,False
2026_topps_update,2026,Topps,Update,MAJOR LEAGUE MATERIAL CARDS,,MMU-CD,Chase Dollander,Colorado Rockies	Rookie,MMU-CD	Chase Dollander	Colorado Rockies	Rookie,False
2026_topps_update,2026,Topps,Update,MAJOR LEAGUE MATERIAL CARDS,,MMU-CM,Coby Mayo,Baltimore Orioles	Rookie,MMU-CM	Coby Mayo	Baltimore Orioles	Rookie,False
2026_topps_update,2026,Topps,Update,MAJOR LEAGUE MATERIAL CARDS,,MMU-CSI,Chandler Simpson,Tampa Bay Rays	Rookie,MMU-CSI	Chandler Simpson	Tampa Bay Rays	Rookie,False
2026_topps_update,2026,Topps,Update,MAJOR LEAGUE MATERIAL CARDS,,MMU-DB,Drake Baldwin,Atlanta Braves	Rookie,MMU-DB	Drake Baldwin	Atlanta Braves	Rookie,False
2026_topps_update,2026,Topps,Update,MAJOR LEAGUE MATERIAL CARDS,,MMU-DC,Dylan Crews,Washington Nationals	Rookie,MMU-DC	Dylan Crews	Washington Nationals	Rookie,False
2026_topps_update,2026,Topps,Update,MAJOR LEAGUE MATERIAL CARDS,,MMU-DR,Dalton Rushing,Los Angeles Dodgers	Rookie,MMU-DR	Dalton Rushing	Los Angeles Dodgers	Rookie,False
2026_topps_update,2026,Topps,Update,MAJOR LEAGUE MATERIAL CARDS,,MMU-ED,Elly De La Cruz,Cincinnati Reds,MMU-ED	Elly De La Cruz	Cincinnati Reds,False
2026_topps_update,2026,Topps,Update,MAJOR LEAGUE MATERIAL CARDS,,MMU-FT,Fernando Tatis Jr.,San Diego Padres,MMU-FT	Fernando Tatis Jr.	San Diego Padres,False
2026_topps_update,2026,Topps,Update,MAJOR LEAGUE MATERIAL CARDS,,MMU-HK,Hyeseong Kim,Los Angeles Dodgers	Rookie,MMU-HK	Hyeseong Kim	Los Angeles Dodgers	Rookie,False
2026_topps_update,2026,Topps,Update,MAJOR LEAGUE MATERIAL CARDS,,MMU-JC,Jackson Chourio,Milwaukee Brewers,MMU-JC	Jackson Chourio	Milwaukee Brewers,False
2026_topps_update,2026,Topps,Update,MAJOR LEAGUE MATERIAL CARDS,,MMU-JJ,Jace Jung,Detroit Tigers	Rookie,MMU-JJ	Jace Jung	Detroit Tigers	Rookie,False
2026_topps_update,2026,Topps,Update,MAJOR LEAGUE MATERIAL CARDS,,MMU-JJO,Jackson Jobe,Detroit Tigers	Rookie,MMU-JJO	Jackson Jobe	Detroit Tigers	Rookie,False
2026_topps_update,2026,Topps,Update,MAJOR LEAGUE MATERIAL CARDS,,MMU-JR,Julio Rodríguez,Seattle Mariners,MMU-JR	Julio Rodríguez	Seattle Mariners,False
2026_topps_update,2026,Topps,Update,MAJOR LEAGUE MATERIAL CARDS,,MMU-JSO,Juan Soto,New York Mets,MMU-JSO	Juan Soto	New York Mets,False
2026_topps_update,2026,Topps,Update,MAJOR LEAGUE MATERIAL CARDS,,MMU-JW,James Wood,Washington Nationals	Rookie,MMU-JW	James Wood	Washington Nationals	Rookie,False
2026_topps_update,2026,Topps,Update,MAJOR LEAGUE MATERIAL CARDS,,MMU-JWI,Jacob Wilson,Athletics	Rookie,MMU-JWI	Jacob Wilson	Athletics	Rookie,False
2026_topps_update,2026,Topps,Update,MAJOR LEAGUE MATERIAL CARDS,,MMU-KA,Kevin Alcántara,Chicago Cubs	Rookie,MMU-KA	Kevin Alcántara	Chicago Cubs	Rookie,False
2026_topps_update,2026,Topps,Update,MAJOR LEAGUE MATERIAL CARDS,,MMU-KC,Kristian Campbell,Boston Red Sox	Rookie,MMU-KC	Kristian Campbell	Boston Red Sox	Rookie,False
2026_topps_update,2026,Topps,Update,MAJOR LEAGUE MATERIAL CARDS,,MMU-KEA,Luke Keaschall,Minnesota Twins	Rookie,MMU-KEA	Luke Keaschall	Minnesota Twins	Rookie,False
2026_topps_update,2026,Topps,Update,MAJOR LEAGUE MATERIAL CARDS,,MMU-KT,Kyle Tucker,Chicago Cubs,MMU-KT	Kyle Tucker	Chicago Cubs,False
2026_topps_update,2026,Topps,Update,MAJOR LEAGUE MATERIAL CARDS,,MMU-KUR,Nick Kurtz,Athletics	Rookie,MMU-KUR	Nick Kurtz	Athletics	Rookie,False
2026_topps_update,2026,Topps,Update,MAJOR LEAGUE MATERIAL CARDS,,MMU-LA,Luisangel Acuña,New York Mets	Rookie,MMU-LA	Luisangel Acuña	New York Mets	Rookie,False
2026_topps_update,2026,Topps,Update,MAJOR LEAGUE MATERIAL CARDS,,MMU-MAR,Marcelo Mayer,Boston Red Sox	Rookie,MMU-MAR	Marcelo Mayer	Boston Red Sox	Rookie,False
2026_topps_update,2026,Topps,Update,MAJOR LEAGUE MATERIAL CARDS,,MMU-MS,Matt Shaw,Chicago Cubs	Rookie,MMU-MS	Matt Shaw	Chicago Cubs	Rookie,False
2026_topps_update,2026,Topps,Update,MAJOR LEAGUE MATERIAL CARDS,,MMU-MSC,Max Scherzer,Toronto Blue Jays,MMU-MSC	Max Scherzer	Toronto Blue Jays,False
2026_topps_update,2026,Topps,Update,MAJOR LEAGUE MATERIAL CARDS,,MMU-RA,Ronald Acuña Jr.,Atlanta Braves,MMU-RA	Ronald Acuña Jr.	Atlanta Braves,False
2026_topps_update,2026,Topps,Update,MAJOR LEAGUE MATERIAL CARDS,,MMU-RS,Roki Sasaki,Los Angeles Dodgers	Rookie,MMU-RS	Roki Sasaki	Los Angeles Dodgers	Rookie,False
2026_topps_update,2026,Topps,Update,MAJOR LEAGUE MATERIAL CARDS,,MMU-SI,Shota Imanaga,Chicago Cubs,MMU-SI	Shota Imanaga	Chicago Cubs,False
2026_topps_update,2026,Topps,Update,MAJOR LEAGUE MATERIAL CARDS,,MMU-SO,Shohei Ohtani,Los Angeles Dodgers,MMU-SO	Shohei Ohtani	Los Angeles Dodgers,False
2026_topps_update,2026,Topps,Update,MAJOR LEAGUE MATERIAL CARDS,,MMU-TS,Tarik Skubal,Detroit Tigers,MMU-TS	Tarik Skubal	Detroit Tigers,False
2026_topps_update,2026,Topps,Update,MAJOR LEAGUE MATERIAL CARDS,,MMU-VG,Vladimir Guerrero Jr.,Toronto Blue Jays,MMU-VG	Vladimir Guerrero Jr.	Toronto Blue Jays,False
2026_topps_update,2026,Topps,Update,MAJOR LEAGUE MATERIAL CARDS,,MMU-YA,Yordan Alvarez,Houston Astros,MMU-YA	Yordan Alvarez	Houston Astros,False
2026_topps_update,2026,Topps,Update,MAJOR LEAGUE MATERIAL CARDS,,MMU-YY,Yoshinobu Yamamoto,Los Angeles Dodgers,MMU-YY	Yoshinobu Yamamoto	Los Angeles Dodgers,False
2026_topps_update,2026,Topps,Update,1990 TOPPS BASEBALL RELIC CARDS,,90RU-AB,Alex Bregman,Boston Red Sox,90RU-AB	Alex Bregman	Boston Red Sox,False
2026_topps_update,2026,Topps,Update,1990 TOPPS BASEBALL RELIC CARDS,,90RU-AJ,Aaron Judge,New York Yankees,90RU-AJ	Aaron Judge	New York Yankees,False
2026_topps_update,2026,Topps,Update,1990 TOPPS BASEBALL RELIC CARDS,,90RU-AM,Andrew McCutchen,Pittsburgh Pirates,90RU-AM	Andrew McCutchen	Pittsburgh Pirates,False
2026_topps_update,2026,Topps,Update,1990 TOPPS BASEBALL RELIC CARDS,,90RU-AV,Anthony Volpe,New York Yankees,90RU-AV	Anthony Volpe	New York Yankees,False
2026_topps_update,2026,Topps,Update,1990 TOPPS BASEBALL RELIC CARDS,,90RU-BB,Byron Buxton,Minnesota Twins,90RU-BB	Byron Buxton	Minnesota Twins,False
2026_topps_update,2026,Topps,Update,1990 TOPPS BASEBALL RELIC CARDS,,90RU-BH,Bryce Harper,Philadelphia Phillies,90RU-BH	Bryce Harper	Philadelphia Phillies,False
2026_topps_update,2026,Topps,Update,1990 TOPPS BASEBALL RELIC CARDS,,90RU-BL,Brooks Lee,Minnesota Twins	Rookie,90RU-BL	Brooks Lee	Minnesota Twins	Rookie,False
2026_topps_update,2026,Topps,Update,1990 TOPPS BASEBALL RELIC CARDS,,90RU-BR,Ben Rice,New York Yankees	Rookie,90RU-BR	Ben Rice	New York Yankees	Rookie,False
2026_topps_update,2026,Topps,Update,1990 TOPPS BASEBALL RELIC CARDS,,90RU-BW,Bobby Witt Jr.,Kansas City Royals,90RU-BW	Bobby Witt Jr.	Kansas City Royals,False
2026_topps_update,2026,Topps,Update,1990 TOPPS BASEBALL RELIC CARDS,,90RU-CCL,Corbin Carroll,Arizona Diamondbacks,90RU-CCL	Corbin Carroll	Arizona Diamondbacks,False
2026_topps_update,2026,Topps,Update,1990 TOPPS BASEBALL RELIC CARDS,,90RU-CM,Coby Mayo,Baltimore Orioles	Rookie,90RU-CM	Coby Mayo	Baltimore Orioles	Rookie,False
2026_topps_update,2026,Topps,Update,1990 TOPPS BASEBALL RELIC CARDS,,90RU-CR,Cal Raleigh,Seattle Mariners,90RU-CR	Cal Raleigh	Seattle Mariners,False
2026_topps_update,2026,Topps,Update,1990 TOPPS BASEBALL RELIC CARDS,,90RU-CS,Cam Smith,Houston Astros	Rookie,90RU-CS	Cam Smith	Houston Astros	Rookie,False
2026_topps_update,2026,Topps,Update,1990 TOPPS BASEBALL RELIC CARDS,,90RU-CSI,Chandler Simpson,Tampa Bay Rays	Rookie,90RU-CSI	Chandler Simpson	Tampa Bay Rays	Rookie,False
2026_topps_update,2026,Topps,Update,1990 TOPPS BASEBALL RELIC CARDS,,90RU-CY,Christian Yelich,Milwaukee Brewers,90RU-CY	Christian Yelich	Milwaukee Brewers,False
2026_topps_update,2026,Topps,Update,1990 TOPPS BASEBALL RELIC CARDS,,90RU-DB,Drake Baldwin,Atlanta Braves	Rookie,90RU-DB	Drake Baldwin	Atlanta Braves	Rookie,False
2026_topps_update,2026,Topps,Update,1990 TOPPS BASEBALL RELIC CARDS,,90RU-DC,Dylan Crews,Washington Nationals	Rookie,90RU-DC	Dylan Crews	Washington Nationals	Rookie,False
2026_topps_update,2026,Topps,Update,1990 TOPPS BASEBALL RELIC CARDS,,90RU-DR,Dalton Rushing,Los Angeles Dodgers	Rookie,90RU-DR	Dalton Rushing	Los Angeles Dodgers	Rookie,False
2026_topps_update,2026,Topps,Update,1990 TOPPS BASEBALL RELIC CARDS,,90RU-ED,Elly De La Cruz,Cincinnati Reds,90RU-ED	Elly De La Cruz	Cincinnati Reds,False
2026_topps_update,2026,Topps,Update,1990 TOPPS BASEBALL RELIC CARDS,,90RU-FF,Freddie Freeman,Los Angeles Dodgers,90RU-FF	Freddie Freeman	Los Angeles Dodgers,False
2026_topps_update,2026,Topps,Update,1990 TOPPS BASEBALL RELIC CARDS,,90RU-FL,Francisco Lindor,New York Mets,90RU-FL	Francisco Lindor	New York Mets,False
2026_topps_update,2026,Topps,Update,1990 TOPPS BASEBALL RELIC CARDS,,90RU-FT,Fernando Tatis Jr.,San Diego Padres,90RU-FT	Fernando Tatis Jr.	San Diego Padres,False
2026_topps_update,2026,Topps,Update,1990 TOPPS BASEBALL RELIC CARDS,,90RU-HK,Hyeseong Kim,Los Angeles Dodgers	Rookie,90RU-HK	Hyeseong Kim	Los Angeles Dodgers	Rookie,False
2026_topps_update,2026,Topps,Update,1990 TOPPS BASEBALL RELIC CARDS,,90RU-JA,Jose Altuve,Houston Astros,90RU-JA	Jose Altuve	Houston Astros,False
2026_topps_update,2026,Topps,Update,1990 TOPPS BASEBALL RELIC CARDS,,90RU-JC,Jazz Chisholm Jr.,New York Yankees,90RU-JC	Jazz Chisholm Jr.	New York Yankees,False
2026_topps_update,2026,Topps,Update,1990 TOPPS BASEBALL RELIC CARDS,,90RU-JCA,Junior Caminero,Tampa Bay Rays,90RU-JCA	Junior Caminero	Tampa Bay Rays,False
2026_topps_update,2026,Topps,Update,1990 TOPPS BASEBALL RELIC CARDS,,90RU-JCH,Jackson Chourio,Milwaukee Brewers,90RU-JCH	Jackson Chourio	Milwaukee Brewers,False
2026_topps_update,2026,Topps,Update,1990 TOPPS BASEBALL RELIC CARDS,,90RU-JD,Jasson Domínguez,New York Yankees,90RU-JD	Jasson Domínguez	New York Yankees,False
2026_topps_update,2026,Topps,Update,1990 TOPPS BASEBALL RELIC CARDS,,90RU-JH,JUNG Hoo Lee,San Francisco Giants,90RU-JH	JUNG Hoo Lee	San Francisco Giants,False
2026_topps_update,2026,Topps,Update,1990 TOPPS BASEBALL RELIC CARDS,,90RU-JJ,Jackson Jobe,Detroit Tigers	Rookie,90RU-JJ	Jackson Jobe	Detroit Tigers	Rookie,False
2026_topps_update,2026,Topps,Update,1990 TOPPS BASEBALL RELIC CARDS,,90RU-JR,Julio Rodríguez,Seattle Mariners,90RU-JR	Julio Rodríguez	Seattle Mariners,False
2026_topps_update,2026,Topps,Update,1990 TOPPS BASEBALL RELIC CARDS,,90RU-JS,Juan Soto,New York Mets,90RU-JS	Juan Soto	New York Mets,False
2026_topps_update,2026,Topps,Update,1990 TOPPS BASEBALL RELIC CARDS,,90RU-JW,Jacob Wilson,Athletics	Rookie,90RU-JW	Jacob Wilson	Athletics	Rookie,False
2026_topps_update,2026,Topps,Update,1990 TOPPS BASEBALL RELIC CARDS,,90RU-JWO,James Wood,Washington Nationals	Rookie,90RU-JWO	James Wood	Washington Nationals	Rookie,False
2026_topps_update,2026,Topps,Update,1990 TOPPS BASEBALL RELIC CARDS,,90RU-KA,Kevin Alcántara,Chicago Cubs	Rookie,90RU-KA	Kevin Alcántara	Chicago Cubs	Rookie,False
2026_topps_update,2026,Topps,Update,1990 TOPPS BASEBALL RELIC CARDS,,90RU-KC,Kristian Campbell,Boston Red Sox	Rookie,90RU-KC	Kristian Campbell	Boston Red Sox	Rookie,False
2026_topps_update,2026,Topps,Update,1990 TOPPS BASEBALL RELIC CARDS,,90RU-KG,Ken Griffey Jr.,Seattle Mariners,90RU-KG	Ken Griffey Jr.	Seattle Mariners,False
2026_topps_update,2026,Topps,Update,1990 TOPPS BASEBALL RELIC CARDS,,90RU-KT,Kyle Tucker,Chicago Cubs,90RU-KT	Kyle Tucker	Chicago Cubs,False
2026_topps_update,2026,Topps,Update,1990 TOPPS BASEBALL RELIC CARDS,,90RU-LA,Luisangel Acuña,New York Mets	Rookie,90RU-LA	Luisangel Acuña	New York Mets	Rookie,False
2026_topps_update,2026,Topps,Update,1990 TOPPS BASEBALL RELIC CARDS,,90RU-LB,Lawrence Butler,Athletics,90RU-LB	Lawrence Butler	Athletics,False
2026_topps_update,2026,Topps,Update,1990 TOPPS BASEBALL RELIC CARDS,,90RU-LK,Luke Keaschall,Minnesota Twins	Rookie,90RU-LK	Luke Keaschall	Minnesota Twins	Rookie,False
2026_topps_update,2026,Topps,Update,1990 TOPPS BASEBALL RELIC CARDS,,90RU-MA,Mick Abel,Philadelphia Phillies	Rookie,90RU-MA	Mick Abel	Philadelphia Phillies	Rookie,False
2026_topps_update,2026,Topps,Update,1990 TOPPS BASEBALL RELIC CARDS,,90RU-MBA,Moisés Ballesteros,Chicago Cubs	Rookie,90RU-MBA	Moisés Ballesteros	Chicago Cubs	Rookie,False
2026_topps_update,2026,Topps,Update,1990 TOPPS BASEBALL RELIC CARDS,,90RU-MM,Marcelo Mayer,Boston Red Sox	Rookie,90RU-MM	Marcelo Mayer	Boston Red Sox	Rookie,False
2026_topps_update,2026,Topps,Update,1990 TOPPS BASEBALL RELIC CARDS,,90RU-MO,Matt Olson,Atlanta Braves,90RU-MO	Matt Olson	Atlanta Braves,False
2026_topps_update,2026,Topps,Update,1990 TOPPS BASEBALL RELIC CARDS,,90RU-MS,Matt Shaw,Chicago Cubs	Rookie,90RU-MS	Matt Shaw	Chicago Cubs	Rookie,False
2026_topps_update,2026,Topps,Update,1990 TOPPS BASEBALL RELIC CARDS,,90RU-MT,Mike Trout,Angels,90RU-MT	Mike Trout	Angels,False
2026_topps_update,2026,Topps,Update,1990 TOPPS BASEBALL RELIC CARDS,,90RU-NK,Nick Kurtz,Athletics	Rookie,90RU-NK	Nick Kurtz	Athletics	Rookie,False
2026_topps_update,2026,Topps,Update,1990 TOPPS BASEBALL RELIC CARDS,,90RU-PA,Pete Alonso,New York Mets,90RU-PA	Pete Alonso	New York Mets,False
2026_topps_update,2026,Topps,Update,1990 TOPPS BASEBALL RELIC CARDS,,90RU-PC,Pete Crow-Armstrong,Chicago Cubs,90RU-PC	Pete Crow-Armstrong	Chicago Cubs,False
2026_topps_update,2026,Topps,Update,1990 TOPPS BASEBALL RELIC CARDS,,90RU-PS,Paul Skenes,Pittsburgh Pirates,90RU-PS	Paul Skenes	Pittsburgh Pirates,False
2026_topps_update,2026,Topps,Update,1990 TOPPS BASEBALL RELIC CARDS,,90RU-RAJ,Ronald Acuña Jr.,Atlanta Braves,90RU-RAJ	Ronald Acuña Jr.	Atlanta Braves,False
2026_topps_update,2026,Topps,Update,1990 TOPPS BASEBALL RELIC CARDS,,90RU-RS,Roki Sasaki,Los Angeles Dodgers	Rookie,90RU-RS	Roki Sasaki	Los Angeles Dodgers	Rookie,False
2026_topps_update,2026,Topps,Update,1990 TOPPS BASEBALL RELIC CARDS,,90RU-SO,Shohei Ohtani,Los Angeles Dodgers,90RU-SO	Shohei Ohtani	Los Angeles Dodgers,False
2026_topps_update,2026,Topps,Update,1990 TOPPS BASEBALL RELIC CARDS,,90RU-SP,Salvador Perez,Kansas City Royals,90RU-SP	Salvador Perez	Kansas City Royals,False
2026_topps_update,2026,Topps,Update,1990 TOPPS BASEBALL RELIC CARDS,,90RU-SS,Spencer Strider,Atlanta Braves,90RU-SS	Spencer Strider	Atlanta Braves,False
2026_topps_update,2026,Topps,Update,1990 TOPPS BASEBALL RELIC CARDS,,90RU-TS,Tyler Soderstrom,Athletics,90RU-TS	Tyler Soderstrom	Athletics,False
2026_topps_update,2026,Topps,Update,1990 TOPPS BASEBALL RELIC CARDS,,90RU-TST,Trevor Story,Boston Red Sox,90RU-TST	Trevor Story	Boston Red Sox,False
2026_topps_update,2026,Topps,Update,1990 TOPPS BASEBALL RELIC CARDS,,90RU-VG,Vladimir Guerrero Jr.,Toronto Blue Jays,90RU-VG	Vladimir Guerrero Jr.	Toronto Blue Jays,False
2026_topps_update,2026,Topps,Update,1990 TOPPS BASEBALL RELIC CARDS,,90RU-YA,Yordan Alvarez,Houston Astros,90RU-YA	Yordan Alvarez	Houston Astros,False
2026_topps_update,2026,Topps,Update,RISING ROOKIE RELIC CARDS,,RRR-AGU,Agustín Ramírez,Miami Marlins	Rookie,RRR-AGU	Agustín Ramírez	Miami Marlins	Rookie,False
2026_topps_update,2026,Topps,Update,RISING ROOKIE RELIC CARDS,,RRR-AM,Angel Martínez,Cleveland Guardians	Rookie,RRR-AM	Angel Martínez	Cleveland Guardians	Rookie,False
2026_topps_update,2026,Topps,Update,RISING ROOKIE RELIC CARDS,,RRR-BL,Brooks Lee,Minnesota Twins	Rookie,RRR-BL	Brooks Lee	Minnesota Twins	Rookie,False
2026_topps_update,2026,Topps,Update,RISING ROOKIE RELIC CARDS,,RRR-BR,Ben Rice,New York Yankees	Rookie,RRR-BR	Ben Rice	New York Yankees	Rookie,False
2026_topps_update,2026,Topps,Update,RISING ROOKIE RELIC CARDS,,RRR-CD,Chase Dollander,Colorado Rockies	Rookie,RRR-CD	Chase Dollander	Colorado Rockies	Rookie,False
2026_topps_update,2026,Topps,Update,RISING ROOKIE RELIC CARDS,,RRR-CDA,Caden Dana,Angels	Rookie,RRR-CDA	Caden Dana	Angels	Rookie,False
2026_topps_update,2026,Topps,Update,RISING ROOKIE RELIC CARDS,,RRR-CHS,Chandler Simpson,Tampa Bay Rays	Rookie,RRR-CHS	Chandler Simpson	Tampa Bay Rays	Rookie,False
2026_topps_update,2026,Topps,Update,RISING ROOKIE RELIC CARDS,,RRR-CM,Coby Mayo,Baltimore Orioles	Rookie,RRR-CM	Coby Mayo	Baltimore Orioles	Rookie,False
2026_topps_update,2026,Topps,Update,RISING ROOKIE RELIC CARDS,,RRR-CS,Cam Smith,Houston Astros	Rookie,RRR-CS	Cam Smith	Houston Astros	Rookie,False
2026_topps_update,2026,Topps,Update,RISING ROOKIE RELIC CARDS,,RRR-DB,Drake Baldwin,Atlanta Braves	Rookie,RRR-DB	Drake Baldwin	Atlanta Braves	Rookie,False
2026_topps_update,2026,Topps,Update,RISING ROOKIE RELIC CARDS,,RRR-DC,Dylan Crews,Washington Nationals	Rookie,RRR-DC	Dylan Crews	Washington Nationals	Rookie,False
2026_topps_update,2026,Topps,Update,RISING ROOKIE RELIC CARDS,,RRR-DR,Dalton Rushing,Los Angeles Dodgers	Rookie,RRR-DR	Dalton Rushing	Los Angeles Dodgers	Rookie,False
2026_topps_update,2026,Topps,Update,RISING ROOKIE RELIC CARDS,,RRR-HB,Hayden Birdsong,San Francisco Giants	Rookie,RRR-HB	Hayden Birdsong	San Francisco Giants	Rookie,False
2026_topps_update,2026,Topps,Update,RISING ROOKIE RELIC CARDS,,RRR-HK,Hyeseong Kim,Los Angeles Dodgers	Rookie,RRR-HK	Hyeseong Kim	Los Angeles Dodgers	Rookie,False
2026_topps_update,2026,Topps,Update,RISING ROOKIE RELIC CARDS,,RRR-JJ,Jace Jung,Detroit Tigers	Rookie,RRR-JJ	Jace Jung	Detroit Tigers	Rookie,False
2026_topps_update,2026,Topps,Update,RISING ROOKIE RELIC CARDS,,RRR-JJO,Jackson Jobe,Detroit Tigers	Rookie,RRR-JJO	Jackson Jobe	Detroit Tigers	Rookie,False
2026_topps_update,2026,Topps,Update,RISING ROOKIE RELIC CARDS,,RRR-JN,Jhonkensy Noel,Cleveland Guardians	Rookie,RRR-JN	Jhonkensy Noel	Cleveland Guardians	Rookie,False
2026_topps_update,2026,Topps,Update,RISING ROOKIE RELIC CARDS,,RRR-JW,Justin Wrobleski,Los Angeles Dodgers	Rookie,RRR-JW	Justin Wrobleski	Los Angeles Dodgers	Rookie,False
2026_topps_update,2026,Topps,Update,RISING ROOKIE RELIC CARDS,,RRR-JWI,Jacob Wilson,Athletics	Rookie,RRR-JWI	Jacob Wilson	Athletics	Rookie,False
2026_topps_update,2026,Topps,Update,RISING ROOKIE RELIC CARDS,,RRR-JWO,James Wood,Washington Nationals	Rookie,RRR-JWO	James Wood	Washington Nationals	Rookie,False
2026_topps_update,2026,Topps,Update,RISING ROOKIE RELIC CARDS,,RRR-KA,Kevin Alcántara,Chicago Cubs	Rookie,RRR-KA	Kevin Alcántara	Chicago Cubs	Rookie,False
2026_topps_update,2026,Topps,Update,RISING ROOKIE RELIC CARDS,,RRR-KC,Kristian Campbell,Boston Red Sox	Rookie,RRR-KC	Kristian Campbell	Boston Red Sox	Rookie,False
2026_topps_update,2026,Topps,Update,RISING ROOKIE RELIC CARDS,,RRR-KR,Kumar Rocker,Texas Rangers	Rookie,RRR-KR	Kumar Rocker	Texas Rangers	Rookie,False
2026_topps_update,2026,Topps,Update,RISING ROOKIE RELIC CARDS,,RRR-LA,Luisangel Acuña,New York Mets	Rookie,RRR-LA	Luisangel Acuña	New York Mets	Rookie,False
2026_topps_update,2026,Topps,Update,RISING ROOKIE RELIC CARDS,,RRR-LK,Luke Keaschall,Minnesota Twins	Rookie,RRR-LK	Luke Keaschall	Minnesota Twins	Rookie,False
2026_topps_update,2026,Topps,Update,RISING ROOKIE RELIC CARDS,,RRR-MA,Mick Abel,Philadelphia Phillies	Rookie,RRR-MA	Mick Abel	Philadelphia Phillies	Rookie,False
2026_topps_update,2026,Topps,Update,RISING ROOKIE RELIC CARDS,,RRR-MB,Moisés Ballesteros,Chicago Cubs	Rookie,RRR-MB	Moisés Ballesteros	Chicago Cubs	Rookie,False
2026_topps_update,2026,Topps,Update,RISING ROOKIE RELIC CARDS,,RRR-MM,Marcelo Mayer,Boston Red Sox	Rookie,RRR-MM	Marcelo Mayer	Boston Red Sox	Rookie,False
2026_topps_update,2026,Topps,Update,RISING ROOKIE RELIC CARDS,,RRR-MMC,Michael McGreevy,St. Louis Cardinals	Rookie,RRR-MMC	Michael McGreevy	St. Louis Cardinals	Rookie,False
2026_topps_update,2026,Topps,Update,RISING ROOKIE RELIC CARDS,,RRR-MS,Matt Shaw,Chicago Cubs	Rookie,RRR-MS	Matt Shaw	Chicago Cubs	Rookie,False
2026_topps_update,2026,Topps,Update,RISING ROOKIE RELIC CARDS,,RRR-NA,Nacho Alvarez Jr.,Atlanta Braves	Rookie,RRR-NA	Nacho Alvarez Jr.	Atlanta Braves	Rookie,False
2026_topps_update,2026,Topps,Update,RISING ROOKIE RELIC CARDS,,RRR-NK,Nick Kurtz,Athletics	Rookie,RRR-NK	Nick Kurtz	Athletics	Rookie,False
2026_topps_update,2026,Topps,Update,RISING ROOKIE RELIC CARDS,,RRR-RL,Rhett Lowder,Cincinnati Reds	Rookie,RRR-RL	Rhett Lowder	Cincinnati Reds	Rookie,False
2026_topps_update,2026,Topps,Update,RISING ROOKIE RELIC CARDS,,RRR-RS,Roki Sasaki,Los Angeles Dodgers	Rookie,RRR-RS	Roki Sasaki	Los Angeles Dodgers	Rookie,False
2026_topps_update,2026,Topps,Update,RISING ROOKIE RELIC CARDS,,RRR-SS,Spencer Schwellenbach,Atlanta Braves	Rookie,RRR-SS	Spencer Schwellenbach	Atlanta Braves	Rookie,False
2026_topps_update,2026,Topps,Update,RISING ROOKIE RELIC CARDS,,RRR-SW,Shay Whitcomb,Houston Astros	Rookie,RRR-SW	Shay Whitcomb	Houston Astros	Rookie,False
2026_topps_update,2026,Topps,Update,RISING ROOKIE RELIC CARDS,,RRR-TSA,Thomas Saggese,St. Louis Cardinals	Rookie,RRR-TSA	Thomas Saggese	St. Louis Cardinals	Rookie,False
2026_topps_update,2026,Topps,Update,RISING ROOKIE RELIC CARDS,,RRR-ZD,Zach Dezenzo,Houston Astros	Rookie,RRR-ZD	Zach Dezenzo	Houston Astros	Rookie,False
2026_topps_update,2026,Topps,Update,RISING ROOKIE RELIC CARDS,,RRR-ZM,Zebby Matthews,Minnesota Twins	Rookie,RRR-ZM	Zebby Matthews	Minnesota Twins	Rookie,False
2026_topps_update,2026,Topps,Update,ALL STAR STITCHES CARDS,,AS-AA,Andrew Abbott,Cincinnati Reds,AS-AA	Andrew Abbott	Cincinnati Reds,False
2026_topps_update,2026,Topps,Update,ALL STAR STITCHES CARDS,,AS-AC,Aroldis Chapman,Boston Red Sox,AS-AC	Aroldis Chapman	Boston Red Sox,False
2026_topps_update,2026,Topps,Update,ALL STAR STITCHES CARDS,,AS-AJ,Aaron Judge,New York Yankees,AS-AJ	Aaron Judge	New York Yankees,False
2026_topps_update,2026,Topps,Update,ALL STAR STITCHES CARDS,,AS-AK,Alejandro Kirk,Toronto Blue Jays,AS-AK	Alejandro Kirk	Toronto Blue Jays,False
2026_topps_update,2026,Topps,Update,ALL STAR STITCHES CARDS,,AS-ARO,Randy Arozarena,Seattle Mariners,AS-ARO	Randy Arozarena	Seattle Mariners,False
2026_topps_update,2026,Topps,Update,ALL STAR STITCHES CARDS,,AS-BB,Byron Buxton,Minnesota Twins,AS-BB	Byron Buxton	Minnesota Twins,False
2026_topps_update,2026,Topps,Update,ALL STAR STITCHES CARDS,,AS-BD,Brendan Donovan,St. Louis Cardinals,AS-BD	Brendan Donovan	St. Louis Cardinals,False
2026_topps_update,2026,Topps,Update,ALL STAR STITCHES CARDS,,AS-BL,Brandon Lowe,Tampa Bay Rays,AS-BL	Brandon Lowe	Tampa Bay Rays,False
2026_topps_update,2026,Topps,Update,ALL STAR STITCHES CARDS,,AS-BR,Brent Rooker,Athletics,AS-BR	Brent Rooker	Athletics,False
2026_topps_update,2026,Topps,Update,ALL STAR STITCHES CARDS,,AS-BWJ,Bobby Witt Jr.,Kansas City Royals,AS-BWJ	Bobby Witt Jr.	Kansas City Royals,False
2026_topps_update,2026,Topps,Update,ALL STAR STITCHES CARDS,,AS-CK,Clayton Kershaw,Los Angeles Dodgers,AS-CK	Clayton Kershaw	Los Angeles Dodgers,False
2026_topps_update,2026,Topps,Update,ALL STAR STITCHES CARDS,,AS-CM,Casey Mize,Detroit Tigers,AS-CM	Casey Mize	Detroit Tigers,False
2026_topps_update,2026,Topps,Update,ALL STAR STITCHES CARDS,,AS-CR,Cal Raleigh,Seattle Mariners,AS-CR	Cal Raleigh	Seattle Mariners,False
2026_topps_update,2026,Topps,Update,ALL STAR STITCHES CARDS,,AS-CRO,Carlos Rodón,New York Yankees,AS-CRO	Carlos Rodón	New York Yankees,False
2026_topps_update,2026,Topps,Update,ALL STAR STITCHES CARDS,,AS-DP,David Peterson,New York Mets,AS-DP	David Peterson	New York Mets,False
2026_topps_update,2026,Topps,Update,ALL STAR STITCHES CARDS,,AS-ED,Edwin Díaz,New York Mets,AS-ED	Edwin Díaz	New York Mets,False
2026_topps_update,2026,Topps,Update,ALL STAR STITCHES CARDS,,AS-EDL,Elly De La Cruz,Cincinnati Reds,AS-EDL	Elly De La Cruz	Cincinnati Reds,False
2026_topps_update,2026,Topps,Update,ALL STAR STITCHES CARDS,,AS-ES,Eugenio Suárez,Arizona Diamondbacks,AS-ES	Eugenio Suárez	Arizona Diamondbacks,False
2026_topps_update,2026,Topps,Update,ALL STAR STITCHES CARDS,,AS-FF,Freddie Freeman,Los Angeles Dodgers,AS-FF	Freddie Freeman	Los Angeles Dodgers,False
2026_topps_update,2026,Topps,Update,ALL STAR STITCHES CARDS,,AS-FL,Francisco Lindor,New York Mets,AS-FL	Francisco Lindor	New York Mets,False
2026_topps_update,2026,Topps,Update,ALL STAR STITCHES CARDS,,AS-FT,Fernando Tatis Jr.,San Diego Padres,AS-FT	Fernando Tatis Jr.	San Diego Padres,False
2026_topps_update,2026,Topps,Update,ALL STAR STITCHES CARDS,,AS-GC,Garrett Crochet,Boston Red Sox,AS-GC	Garrett Crochet	Boston Red Sox,False
2026_topps_update,2026,Topps,Update,ALL STAR STITCHES CARDS,,AS-GT,Gleyber Torres,Detroit Tigers,AS-GT	Gleyber Torres	Detroit Tigers,False
2026_topps_update,2026,Topps,Update,ALL STAR STITCHES CARDS,,AS-HB,Hunter Brown,Houston Astros,AS-HB	Hunter Brown	Houston Astros,False
2026_topps_update,2026,Topps,Update,ALL STAR STITCHES CARDS,,AS-HG,Hunter Goodman,Colorado Rockies,AS-HG	Hunter Goodman	Colorado Rockies,False
2026_topps_update,2026,Topps,Update,ALL STAR STITCHES CARDS,,AS-JA,Jonathan Aranda,Tampa Bay Rays,AS-JA	Jonathan Aranda	Tampa Bay Rays,False
2026_topps_update,2026,Topps,Update,ALL STAR STITCHES CARDS,,AS-JB,Javier Báez,Detroit Tigers,AS-JB	Javier Báez	Detroit Tigers,False
2026_topps_update,2026,Topps,Update,ALL STAR STITCHES CARDS,,AS-JC,Jazz Chisholm Jr.,New York Yankees,AS-JC	Jazz Chisholm Jr.	New York Yankees,False
2026_topps_update,2026,Topps,Update,ALL STAR STITCHES CARDS,,AS-JCA,Junior Caminero,Tampa Bay Rays,AS-JCA	Junior Caminero	Tampa Bay Rays,False
2026_topps_update,2026,Topps,Update,ALL STAR STITCHES CARDS,,AS-JH,Josh Hader,Houston Astros,AS-JH	Josh Hader	Houston Astros,False
2026_topps_update,2026,Topps,Update,ALL STAR STITCHES CARDS,,AS-JP,Jeremy Peña,Houston Astros,AS-JP	Jeremy Peña	Houston Astros,False
2026_topps_update,2026,Topps,Update,ALL STAR STITCHES CARDS,,AS-JRY,Joe Ryan,Minnesota Twins,AS-JRY	Joe Ryan	Minnesota Twins,False
2026_topps_update,2026,Topps,Update,ALL STAR STITCHES CARDS,,AS-JW,James Wood,Washington Nationals	Rookie,AS-JW	James Wood	Washington Nationals	Rookie,False
2026_topps_update,2026,Topps,Update,ALL STAR STITCHES CARDS,,AS-JWI,Jacob Wilson,Athletics	Rookie,AS-JWI	Jacob Wilson	Athletics	Rookie,False
2026_topps_update,2026,Topps,Update,ALL STAR STITCHES CARDS,,AS-Jd,Jacob deGrom,Texas Rangers,AS-Jd	Jacob deGrom	Texas Rangers,False
2026_topps_update,2026,Topps,Update,ALL STAR STITCHES CARDS,,AS-KB,Kris Bubic,Kansas City Royals,AS-KB	Kris Bubic	Kansas City Royals,False
2026_topps_update,2026,Topps,Update,ALL STAR STITCHES CARDS,,AS-KM,Ketel Marte,Arizona Diamondbacks,AS-KM	Ketel Marte	Arizona Diamondbacks,False
2026_topps_update,2026,Topps,Update,ALL STAR STITCHES CARDS,,AS-KS,Kyle Stowers,Miami Marlins,AS-KS	Kyle Stowers	Miami Marlins,False
2026_topps_update,2026,Topps,Update,ALL STAR STITCHES CARDS,,AS-KSC,Kyle Schwarber,Philadelphia Phillies,AS-KSC	Kyle Schwarber	Philadelphia Phillies,False
2026_topps_update,2026,Topps,Update,ALL STAR STITCHES CARDS,,AS-KT,Kyle Tucker,Chicago Cubs,AS-KT	Kyle Tucker	Chicago Cubs,False
2026_topps_update,2026,Topps,Update,ALL STAR STITCHES CARDS,,AS-LW,Logan Webb,San Francisco Giants,AS-LW	Logan Webb	San Francisco Giants,False
2026_topps_update,2026,Topps,Update,ALL STAR STITCHES CARDS,,AS-MAI,Maikel Garcia,Kansas City Royals,AS-MAI	Maikel Garcia	Kansas City Royals,False
2026_topps_update,2026,Topps,Update,ALL STAR STITCHES CARDS,,AS-MB,Matt Boyd,Chicago Cubs,AS-MB	Matt Boyd	Chicago Cubs,False
2026_topps_update,2026,Topps,Update,ALL STAR STITCHES CARDS,,AS-MF,Max Fried,New York Yankees,AS-MF	Max Fried	New York Yankees,False
2026_topps_update,2026,Topps,Update,ALL STAR STITCHES CARDS,,AS-MG,MacKenzie Gore,Washington Nationals,AS-MG	MacKenzie Gore	Washington Nationals,False
2026_topps_update,2026,Topps,Update,ALL STAR STITCHES CARDS,,AS-MM,Manny Machado,San Diego Padres,AS-MM	Manny Machado	San Diego Padres,False
2026_topps_update,2026,Topps,Update,ALL STAR STITCHES CARDS,,AS-MO,Matt Olson,Atlanta Braves,AS-MO	Matt Olson	Atlanta Braves,False
2026_topps_update,2026,Topps,Update,ALL STAR STITCHES CARDS,,AS-PA,Pete Alonso,New York Mets,AS-PA	Pete Alonso	New York Mets,False
2026_topps_update,2026,Topps,Update,ALL STAR STITCHES CARDS,,AS-PC,Pete Crow-Armstrong,Chicago Cubs,AS-PC	Pete Crow-Armstrong	Chicago Cubs,False
2026_topps_update,2026,Topps,Update,ALL STAR STITCHES CARDS,,AS-PS,Paul Skenes,Pittsburgh Pirates,AS-PS	Paul Skenes	Pittsburgh Pirates,False
2026_topps_update,2026,Topps,Update,ALL STAR STITCHES CARDS,,AS-RA,Ronald Acuña Jr.,Atlanta Braves,AS-RA	Ronald Acuña Jr.	Atlanta Braves,False
2026_topps_update,2026,Topps,Update,ALL STAR STITCHES CARDS,,AS-RG,Riley Greene,Detroit Tigers,AS-RG	Riley Greene	Detroit Tigers,False
2026_topps_update,2026,Topps,Update,ALL STAR STITCHES CARDS,,AS-RO,Ryan O'Hearn,Baltimore Orioles,AS-RO	Ryan O'Hearn	Baltimore Orioles,False
2026_topps_update,2026,Topps,Update,ALL STAR STITCHES CARDS,,AS-SK,Steven Kwan,Cleveland Guardians,AS-SK	Steven Kwan	Cleveland Guardians,False
2026_topps_update,2026,Topps,Update,ALL STAR STITCHES CARDS,,AS-SO,Shohei Ohtani,Los Angeles Dodgers,AS-SO	Shohei Ohtani	Los Angeles Dodgers,False
2026_topps_update,2026,Topps,Update,ALL STAR STITCHES CARDS,,AS-SS,Shane Smith,Chicago White Sox	Rookie,AS-SS	Shane Smith	Chicago White Sox	Rookie,False
2026_topps_update,2026,Topps,Update,ALL STAR STITCHES CARDS,,AS-TM,Trevor Megill,Milwaukee Brewers,AS-TM	Trevor Megill	Milwaukee Brewers,False
2026_topps_update,2026,Topps,Update,ALL STAR STITCHES CARDS,,AS-TS,Tarik Skubal,Detroit Tigers,AS-TS	Tarik Skubal	Detroit Tigers,False
2026_topps_update,2026,Topps,Update,ALL STAR STITCHES CARDS,,AS-WS,Will Smith,Los Angeles Dodgers,AS-WS	Will Smith	Los Angeles Dodgers,False
2026_topps_update,2026,Topps,Update,ALL STAR STITCHES CARDS,,AS-YK,Yusei Kikuchi,Angels,AS-YK	Yusei Kikuchi	Angels,False
2026_topps_update,2026,Topps,Update,ALL STAR STITCHES CARDS,,AS-ZM,Zach McKinstry,Detroit Tigers,AS-ZM	Zach McKinstry	Detroit Tigers,False
2026_topps_update,2026,Topps,Update,OWN THE NAME RELICS,,OTN-AA,Andrew Abbott,Cincinnati Reds,OTN-AA	Andrew Abbott	Cincinnati Reds,False
2026_topps_update,2026,Topps,Update,OWN THE NAME RELICS,,OTN-AB,Alec Bohm,Philadelphia Phillies,OTN-AB	Alec Bohm	Philadelphia Phillies,False
2026_topps_update,2026,Topps,Update,OWN THE NAME RELICS,,OTN-ABE,Andrew Benintendi,Chicago White Sox,OTN-ABE	Andrew Benintendi	Chicago White Sox,False
2026_topps_update,2026,Topps,Update,OWN THE NAME RELICS,,OTN-ABG,Alex Bregman,Boston Red Sox,OTN-ABG	Alex Bregman	Boston Red Sox,False
2026_topps_update,2026,Topps,Update,OWN THE NAME RELICS,,OTN-AM,Andrew McCutchen,Pittsburgh Pirates,OTN-AM	Andrew McCutchen	Pittsburgh Pirates,False
2026_topps_update,2026,Topps,Update,OWN THE NAME RELICS,,OTN-AN,Aaron Nola,Philadelphia Phillies,OTN-AN	Aaron Nola	Philadelphia Phillies,False
2026_topps_update,2026,Topps,Update,OWN THE NAME RELICS,,OTN-AR,Austin Riley,Atlanta Braves,OTN-AR	Austin Riley	Atlanta Braves,False
2026_topps_update,2026,Topps,Update,OWN THE NAME RELICS,,OTN-ARU,Adley Rutschman,Baltimore Orioles,OTN-ARU	Adley Rutschman	Baltimore Orioles,False
2026_topps_update,2026,Topps,Update,OWN THE NAME RELICS,,OTN-BB,Bo Bichette,Toronto Blue Jays,OTN-BB	Bo Bichette	Toronto Blue Jays,False
2026_topps_update,2026,Topps,Update,OWN THE NAME RELICS,,OTN-BBU,Byron Buxton,Minnesota Twins,OTN-BBU	Byron Buxton	Minnesota Twins,False
2026_topps_update,2026,Topps,Update,OWN THE NAME RELICS,,OTN-BH,Bryce Harper,Philadelphia Phillies,OTN-BH	Bryce Harper	Philadelphia Phillies,False
2026_topps_update,2026,Topps,Update,OWN THE NAME RELICS,,OTN-BL,Brooks Lee,Minnesota Twins	Rookie,OTN-BL	Brooks Lee	Minnesota Twins	Rookie,False
2026_topps_update,2026,Topps,Update,OWN THE NAME RELICS,,OTN-BN,Brandon Nimmo,New York Mets,OTN-BN	Brandon Nimmo	New York Mets,False
2026_topps_update,2026,Topps,Update,OWN THE NAME RELICS,,OTN-BR,Bryan Reynolds,Pittsburgh Pirates,OTN-BR	Bryan Reynolds	Pittsburgh Pirates,False
2026_topps_update,2026,Topps,Update,OWN THE NAME RELICS,,OTN-BS,Bryson Stott,Philadelphia Phillies,OTN-BS	Bryson Stott	Philadelphia Phillies,False
2026_topps_update,2026,Topps,Update,OWN THE NAME RELICS,,OTN-CA,CJ Abrams,Washington Nationals,OTN-CA	CJ Abrams	Washington Nationals,False
2026_topps_update,2026,Topps,Update,OWN THE NAME RELICS,,OTN-CC,Colton Cowser,Baltimore Orioles,OTN-CC	Colton Cowser	Baltimore Orioles,False
2026_topps_update,2026,Topps,Update,OWN THE NAME RELICS,,OTN-CCA,Corbin Carroll,Arizona Diamondbacks,OTN-CCA	Corbin Carroll	Arizona Diamondbacks,False
2026_topps_update,2026,Topps,Update,OWN THE NAME RELICS,,OTN-CCO,Carlos Correa,Minnesota Twins,OTN-CCO	Carlos Correa	Minnesota Twins,False
2026_topps_update,2026,Topps,Update,OWN THE NAME RELICS,,OTN-CM,Cedric Mullins,Baltimore Orioles,OTN-CM	Cedric Mullins	Baltimore Orioles,False
2026_topps_update,2026,Topps,Update,OWN THE NAME RELICS,,OTN-CR,Cal Raleigh,Seattle Mariners,OTN-CR	Cal Raleigh	Seattle Mariners,False
2026_topps_update,2026,Topps,Update,OWN THE NAME RELICS,,OTN-CS,Cam Smith,Houston Astros	Rookie,OTN-CS	Cam Smith	Houston Astros	Rookie,False
2026_topps_update,2026,Topps,Update,OWN THE NAME RELICS,,OTN-CY,Christian Yelich,Milwaukee Brewers,OTN-CY	Christian Yelich	Milwaukee Brewers,False
2026_topps_update,2026,Topps,Update,OWN THE NAME RELICS,,OTN-DC,Dylan Crews,Washington Nationals	Rookie,OTN-DC	Dylan Crews	Washington Nationals	Rookie,False
2026_topps_update,2026,Topps,Update,OWN THE NAME RELICS,,OTN-DCE,Dylan Cease,San Diego Padres,OTN-DCE	Dylan Cease	San Diego Padres,False
2026_topps_update,2026,Topps,Update,OWN THE NAME RELICS,,OTN-EP,Eury Pérez,Miami Marlins,OTN-EP	Eury Pérez	Miami Marlins,False
2026_topps_update,2026,Topps,Update,OWN THE NAME RELICS,,OTN-ET,Ezequiel Tovar,Colorado Rockies,OTN-ET	Ezequiel Tovar	Colorado Rockies,False
2026_topps_update,2026,Topps,Update,OWN THE NAME RELICS,,OTN-FA,Francisco Alvarez,New York Mets,OTN-FA	Francisco Alvarez	New York Mets,False
2026_topps_update,2026,Topps,Update,OWN THE NAME RELICS,,OTN-FL,Francisco Lindor,New York Mets,OTN-FL	Francisco Lindor	New York Mets,False
2026_topps_update,2026,Topps,Update,OWN THE NAME RELICS,,OTN-FP,Freddy Peralta,Milwaukee Brewers,OTN-FP	Freddy Peralta	Milwaukee Brewers,False
2026_topps_update,2026,Topps,Update,OWN THE NAME RELICS,,OTN-FT,Fernando Tatis Jr.,San Diego Padres,OTN-FT	Fernando Tatis Jr.	San Diego Padres,False
2026_topps_update,2026,Topps,Update,OWN THE NAME RELICS,,OTN-GH,Gunnar Henderson,Baltimore Orioles,OTN-GH	Gunnar Henderson	Baltimore Orioles,False
2026_topps_update,2026,Topps,Update,OWN THE NAME RELICS,,OTN-GS,George Springer,Toronto Blue Jays,OTN-GS	George Springer	Toronto Blue Jays,False
2026_topps_update,2026,Topps,Update,OWN THE NAME RELICS,,OTN-HB,Hunter Brown,Houston Astros,OTN-HB	Hunter Brown	Houston Astros,False
2026_topps_update,2026,Topps,Update,OWN THE NAME RELICS,,OTN-HG,Hunter Greene,Cincinnati Reds,OTN-HG	Hunter Greene	Cincinnati Reds,False
2026_topps_update,2026,Topps,Update,OWN THE NAME RELICS,,OTN-IH,Ian Happ,Chicago Cubs,OTN-IH	Ian Happ	Chicago Cubs,False
2026_topps_update,2026,Topps,Update,OWN THE NAME RELICS,,OTN-JA,Jose Altuve,Houston Astros,OTN-JA	Jose Altuve	Houston Astros,False
2026_topps_update,2026,Topps,Update,OWN THE NAME RELICS,,OTN-JCO,Jackson Chourio,Milwaukee Brewers,OTN-JCO	Jackson Chourio	Milwaukee Brewers,False
2026_topps_update,2026,Topps,Update,OWN THE NAME RELICS,,OTN-JH,Jackson Holliday,Baltimore Orioles,OTN-JH	Jackson Holliday	Baltimore Orioles,False
2026_topps_update,2026,Topps,Update,OWN THE NAME RELICS,,OTN-JM,Jake McCarthy,Arizona Diamondbacks,OTN-JM	Jake McCarthy	Arizona Diamondbacks,False
2026_topps_update,2026,Topps,Update,OWN THE NAME RELICS,,OTN-JME,Jackson Merrill,San Diego Padres,OTN-JME	Jackson Merrill	San Diego Padres,False
2026_topps_update,2026,Topps,Update,OWN THE NAME RELICS,,OTN-JP,Jeremy Peña,Houston Astros,OTN-JP	Jeremy Peña	Houston Astros,False
2026_topps_update,2026,Topps,Update,OWN THE NAME RELICS,,OTN-JR,José Ramírez,Cleveland Guardians,OTN-JR	José Ramírez	Cleveland Guardians,False
2026_topps_update,2026,Topps,Update,OWN THE NAME RELICS,,OTN-JRE,J.T. Realmuto,Philadelphia Phillies,OTN-JRE	J.T. Realmuto	Philadelphia Phillies,False
2026_topps_update,2026,Topps,Update,OWN THE NAME RELICS,,OTN-JRO,Julio Rodríguez,Seattle Mariners,OTN-JRO	Julio Rodríguez	Seattle Mariners,False
2026_topps_update,2026,Topps,Update,OWN THE NAME RELICS,,OTN-JS,Juan Soto,New York Mets,OTN-JS	Juan Soto	New York Mets,False
2026_topps_update,2026,Topps,Update,OWN THE NAME RELICS,,OTN-JW,Jacob Wilson,Athletics	Rookie,OTN-JW	Jacob Wilson	Athletics	Rookie,False
2026_topps_update,2026,Topps,Update,OWN THE NAME RELICS,,OTN-JWE,Jordan Westburg,Baltimore Orioles,OTN-JWE	Jordan Westburg	Baltimore Orioles,False
2026_topps_update,2026,Topps,Update,OWN THE NAME RELICS,,OTN-JWO,James Wood,Washington Nationals	Rookie,OTN-JWO	James Wood	Washington Nationals	Rookie,False
2026_topps_update,2026,Topps,Update,OWN THE NAME RELICS,,OTN-KB,Kris Bryant,Colorado Rockies,OTN-KB	Kris Bryant	Colorado Rockies,False
2026_topps_update,2026,Topps,Update,OWN THE NAME RELICS,,OTN-KH,Ke'Bryan Hayes,Pittsburgh Pirates,OTN-KH	Ke'Bryan Hayes	Pittsburgh Pirates,False
2026_topps_update,2026,Topps,Update,OWN THE NAME RELICS,,OTN-KM,Ketel Marte,Arizona Diamondbacks,OTN-KM	Ketel Marte	Arizona Diamondbacks,False
2026_topps_update,2026,Topps,Update,OWN THE NAME RELICS,,OTN-KS,Kodai Senga,New York Mets,OTN-KS	Kodai Senga	New York Mets,False
2026_topps_update,2026,Topps,Update,OWN THE NAME RELICS,,OTN-LA,Luis Arraez,San Diego Padres,OTN-LA	Luis Arraez	San Diego Padres,False
2026_topps_update,2026,Topps,Update,OWN THE NAME RELICS,,OTN-LB,Lawrence Butler,Athletics,OTN-LB	Lawrence Butler	Athletics,False
2026_topps_update,2026,Topps,Update,OWN THE NAME RELICS,,OTN-LC,Luis Castillo,Seattle Mariners,OTN-LC	Luis Castillo	Seattle Mariners,False
2026_topps_update,2026,Topps,Update,OWN THE NAME RELICS,,OTN-LG,Logan Gilbert,Seattle Mariners,OTN-LG	Logan Gilbert	Seattle Mariners,False
2026_topps_update,2026,Topps,Update,OWN THE NAME RELICS,,OTN-LR,Luis Robert Jr.,Chicago White Sox,OTN-LR	Luis Robert Jr.	Chicago White Sox,False
2026_topps_update,2026,Topps,Update,OWN THE NAME RELICS,,OTN-LW,Logan Webb,San Francisco Giants,OTN-LW	Logan Webb	San Francisco Giants,False
2026_topps_update,2026,Topps,Update,OWN THE NAME RELICS,,OTN-MB,Mookie Betts,Los Angeles Dodgers,OTN-MB	Mookie Betts	Los Angeles Dodgers,False
2026_topps_update,2026,Topps,Update,OWN THE NAME RELICS,,OTN-MC,Matt Chapman,San Francisco Giants,OTN-MC	Matt Chapman	San Francisco Giants,False
2026_topps_update,2026,Topps,Update,OWN THE NAME RELICS,,OTN-MH,Michael Harris Ii,Atlanta Braves,OTN-MH	Michael Harris Ii	Atlanta Braves,False
2026_topps_update,2026,Topps,Update,OWN THE NAME RELICS,,OTN-MM,Manny Machado,San Diego Padres,OTN-MM	Manny Machado	San Diego Padres,False
2026_topps_update,2026,Topps,Update,OWN THE NAME RELICS,,OTN-MMU,Max Muncy,Los Angeles Dodgers,OTN-MMU	Max Muncy	Los Angeles Dodgers,False
2026_topps_update,2026,Topps,Update,OWN THE NAME RELICS,,OTN-MO,Matt Olson,Atlanta Braves,OTN-MO	Matt Olson	Atlanta Braves,False
2026_topps_update,2026,Topps,Update,OWN THE NAME RELICS,,OTN-MT,Mike Trout,Angels,OTN-MT	Mike Trout	Angels,False
2026_topps_update,2026,Topps,Update,OWN THE NAME RELICS,,OTN-MY,Mike Yastrzemski,San Francisco Giants,OTN-MY	Mike Yastrzemski	San Francisco Giants,False
2026_topps_update,2026,Topps,Update,OWN THE NAME RELICS,,OTN-MYO,Masataka Yoshida,Boston Red Sox,OTN-MYO	Masataka Yoshida	Boston Red Sox,False
2026_topps_update,2026,Topps,Update,OWN THE NAME RELICS,,OTN-NA,Nolan Arenado,St. Louis Cardinals,OTN-NA	Nolan Arenado	St. Louis Cardinals,False
2026_topps_update,2026,Topps,Update,OWN THE NAME RELICS,,OTN-NC,Nick Castellanos,Philadelphia Phillies,OTN-NC	Nick Castellanos	Philadelphia Phillies,False
2026_topps_update,2026,Topps,Update,OWN THE NAME RELICS,,OTN-NH,Nico Hoerner,Chicago Cubs,OTN-NH	Nico Hoerner	Chicago Cubs,False
2026_topps_update,2026,Topps,Update,OWN THE NAME RELICS,,OTN-OC,Oneil Cruz,Pittsburgh Pirates,OTN-OC	Oneil Cruz	Pittsburgh Pirates,False
2026_topps_update,2026,Topps,Update,OWN THE NAME RELICS,,OTN-PA,Pete Alonso,New York Mets,OTN-PA	Pete Alonso	New York Mets,False
2026_topps_update,2026,Topps,Update,OWN THE NAME RELICS,,OTN-PC,Pete Crow-Armstrong,Chicago Cubs,OTN-PC	Pete Crow-Armstrong	Chicago Cubs,False
2026_topps_update,2026,Topps,Update,OWN THE NAME RELICS,,OTN-PL,Pablo López,Minnesota Twins,OTN-PL	Pablo López	Minnesota Twins,False
2026_topps_update,2026,Topps,Update,OWN THE NAME RELICS,,OTN-RAJ,Ronald Acuña Jr.,Atlanta Braves,OTN-RAJ	Ronald Acuña Jr.	Atlanta Braves,False
2026_topps_update,2026,Topps,Update,OWN THE NAME RELICS,,OTN-RD,Rafael Devers,Boston Red Sox,OTN-RD	Rafael Devers	Boston Red Sox,False
2026_topps_update,2026,Topps,Update,OWN THE NAME RELICS,,OTN-RG,Riley Greene,Detroit Tigers,OTN-RG	Riley Greene	Detroit Tigers,False
2026_topps_update,2026,Topps,Update,OWN THE NAME RELICS,,OTN-RL,Royce Lewis,Minnesota Twins,OTN-RL	Royce Lewis	Minnesota Twins,False
2026_topps_update,2026,Topps,Update,OWN THE NAME RELICS,,OTN-RM,Ryan Mountcastle,Baltimore Orioles,OTN-RM	Ryan Mountcastle	Baltimore Orioles,False
2026_topps_update,2026,Topps,Update,OWN THE NAME RELICS,,OTN-SA,Sandy Alcantara,Miami Marlins,OTN-SA	Sandy Alcantara	Miami Marlins,False
2026_topps_update,2026,Topps,Update,OWN THE NAME RELICS,,OTN-SB,Shane Bieber,Cleveland Guardians,OTN-SB	Shane Bieber	Cleveland Guardians,False
2026_topps_update,2026,Topps,Update,OWN THE NAME RELICS,,OTN-SF,Sal Frelick,Milwaukee Brewers,OTN-SF	Sal Frelick	Milwaukee Brewers,False
2026_topps_update,2026,Topps,Update,OWN THE NAME RELICS,,OTN-SL,Shea Langeliers,Athletics,OTN-SL	Shea Langeliers	Athletics,False
2026_topps_update,2026,Topps,Update,OWN THE NAME RELICS,,OTN-SP,Salvador Perez,Kansas City Royals,OTN-SP	Salvador Perez	Kansas City Royals,False
2026_topps_update,2026,Topps,Update,OWN THE NAME RELICS,,OTN-SS,Spencer Strider,Atlanta Braves,OTN-SS	Spencer Strider	Atlanta Braves,False
2026_topps_update,2026,Topps,Update,OWN THE NAME RELICS,,OTN-ST,Spencer Torkelson,Detroit Tigers,OTN-ST	Spencer Torkelson	Detroit Tigers,False
2026_topps_update,2026,Topps,Update,OWN THE NAME RELICS,,OTN-TC,Triston Casas,Boston Red Sox,OTN-TC	Triston Casas	Boston Red Sox,False
2026_topps_update,2026,Topps,Update,OWN THE NAME RELICS,,OTN-TS,Tyler Soderstrom,Athletics,OTN-TS	Tyler Soderstrom	Athletics,False
2026_topps_update,2026,Topps,Update,OWN THE NAME RELICS,,OTN-TST,Trevor Story,Boston Red Sox,OTN-TST	Trevor Story	Boston Red Sox,False
2026_topps_update,2026,Topps,Update,OWN THE NAME RELICS,,OTN-VG,Vladimir Guerrero Jr.,Toronto Blue Jays,OTN-VG	Vladimir Guerrero Jr.	Toronto Blue Jays,False
2026_topps_update,2026,Topps,Update,OWN THE NAME RELICS,,OTN-WC,William Contreras,Milwaukee Brewers,OTN-WC	William Contreras	Milwaukee Brewers,False
2026_topps_update,2026,Topps,Update,OWN THE NAME RELICS,,OTN-WS,Will Smith,Los Angeles Dodgers,OTN-WS	Will Smith	Los Angeles Dodgers,False
2026_topps_update,2026,Topps,Update,OWN THE NAME RELICS,,OTN-XB,Xander Bogaerts,San Diego Padres,OTN-XB	Xander Bogaerts	San Diego Padres,False
2026_topps_update,2026,Topps,Update,OWN THE NAME RELICS,,OTN-YA,Yordan Alvarez,Houston Astros,OTN-YA	Yordan Alvarez	Houston Astros,False
2026_topps_update,2026,Topps,Update,OWN THE NAME RELICS,,OTN-YDA,Yu Darvish,San Diego Padres,OTN-YDA	Yu Darvish	San Diego Padres,False
2026_topps_update,2026,Topps,Update,OWN THE NAME RELICS,,OTN-ZW,Zack Wheeler,Philadelphia Phillies,OTN-ZW	Zack Wheeler	Philadelphia Phillies,False
